Name,Team,player_type,fg_auction_dollars,PA,AB,H,HR,R,RBI,SB,AVG,IP,W,SV,SO,ERA,WHIP,sgp_R,sgp_HR,sgp_RBI,sgp_SB,sgp_AVG,sgp_hitting,sgp_W,sgp_SV,sgp_SO,sgp_ERA,sgp_WHIP,sgp_pitching,sgp_total,p_c,p_1b,p_2b,p_3b,p_ss,p_of,p_ci,p_mi,p_dh,p_sp,p_rp,replacement_position,replacement_level_sgp,repl_sgp_total,repl_sgp_R,repl_sgp_HR,repl_sgp_RBI,repl_sgp_SB,repl_sgp_AVG,repl_sgp_W,repl_sgp_SV,repl_sgp_SO,repl_sgp_ERA,repl_sgp_WHIP,sgpar_R,sgpar_HR,sgpar_RBI,sgpar_SB,sgpar_AVG,sgpar_W,sgpar_SV,sgpar_SO,sgpar_ERA,sgpar_WHIP,sgpar_hitting,sgpar_pitching,sgpar_total,sgpar,$_R,$_RBI,$_HR,$_SB,$_AVG,$_W,$_SV,$_SO,$_ERA,$_WHIP,$_cat,standings_value,billikenTeam,slot,contract,salary
Edwin Diaz,LAD,pitcher,19.54154251841065,NA,NA,NA,NA,NA,NA,NA,NA,66,5,36,93,2.98043,1.06953,0,0,0,0,0,0,0.1226495573299238,0.5023033693630067,0.25664163895499154,0.05865064424752094,0.05653073693236218,0.9967759468278052,0.9967759468278052,0,0,0,0,0,0,0,0,0,0,1,P,0.4439721908381099,0.4439721908381099,0,0,0,0,0,0.13982049535611313,0.03627746556510604,0.2329091863204439,0.02333348430688774,0.0116315592895591,0,0,0,0,0,-0.01717093802618932,0.46602590379790065,0.02373245263454762,0.0353171599406332,0.04489917764280308,0,0.5528037559896952,0.5528037559896952,0.5528037559896952,0,0,0,0,0,-0.886075949367089,51.12244897959188,0.5905992471258525,2.7625297850298987,3.3310184695741505,56.92052053195469,56.92052053195469,Louisville Sluggers,P,2027,33
Shohei Ohtani,LAD,two-way,47.53599069708005,679,575,162,48,129,118,26,0.282062,116,8,0,138,3.51178,1.13265,0.44350098579028424,0.5771352215283898,0.6643679948867245,0.21451400323634084,0.17021208811821645,2.0697302935599557,0.19623929172787807,0,0.3808230771590197,0.0755712894477788,0.0806159511196175,0.733249609454294,2.8029799030142497,0,0,0,0,0,0,0,0,1,1,0,P,0.4439721908381099,0.4439721908381099,0,0,0,0,0,0.13982049535611313,0.03627746556510604,0.2329091863204439,0.02333348430688774,0.0116315592895591,0.44350098579028424,0.5771352215283898,0.6643679948867245,0.21451400323634084,0.17021208811821645,0.05641879637176494,-0.03627746556510604,0.14791389083857578,0.05223780514089106,0.0689843918300584,2.0697302935599557,0.2892774186161841,2.35900771217614,2.35900771217614,7.142564186695104,6.5623069001029855,8.50170558908423,13.71629542790153,7.220207054889985,2.9113924050632938,-3.9795918367346976,3.680944144877403,4.086072969878568,5.117872873448888,54.95976971520729,54.95976971520729,Louisville Sluggers,Bench,Opt,34
Mason Miller,SDP,pitcher,22.439031154748065,NA,NA,NA,NA,NA,NA,NA,NA,66,4,32,106,2.433,0.962726,0,0,0,0,0,0,0.09811964586393904,0.44649188387822814,0.29251627665837743,0.07477753586857933,0.07457343954404469,0.9864787818131686,0.9864787818131686,0,0,0,0,0,0,0,0,0,0,1,P,0.4439721908381099,0.4439721908381099,0,0,0,0,0,0.13982049535611313,0.03627746556510604,0.2329091863204439,0.02333348430688774,0.0116315592895591,0,0,0,0,0,-0.04170084949217409,0.4102144183131221,0.05960709033793351,0.05144405156169159,0.06294188025448559,0,0.5425065909750587,0.5425065909750587,0.5425065909750587,0,0,0,0,0,-2.151898734177217,45.000000000000036,1.4833655509207446,4.0239850809260425,4.6695858731618145,53.025037770831425,53.025037770831425,Westside Marauders,P,2,21
Jhoan Duran,PHI,pitcher,19.672957477593098,NA,NA,NA,NA,NA,NA,NA,NA,70,7,29,84,2.67149,1.09864,0,0,0,0,0,0,0.1717093802618933,0.40463326976464425,0.2318053513141859,0.071857962342165,0.05474116887020112,0.9347471325530896,0.9347471325530896,0,0,0,0,0,0,0,0,0,0,1,P,0.4439721908381099,0.4439721908381099,0,0,0,0,0,0.13982049535611313,0.03627746556510604,0.2329091863204439,0.02333348430688774,0.0116315592895591,0,0,0,0,0,0.03188888490578018,0.36835580419953823,-0.00110383500625801,0.04852447803527726,0.04310960958064202,0,0.4907749417149797,0.4907749417149797,0.4907749417149797,0,0,0,0,0,1.6455696202531656,40.40816326530616,-0.02746973242445801,3.795614259493571,3.198252468489629,49.02012988111806,49.02012988111806,Blue Socks,P,2,17
Devin Williams,NYM,pitcher,15.787257997907677,NA,NA,NA,NA,NA,NA,NA,NA,64,5,32,85,3.12399,1.13531,0,0,0,0,0,0,0.1226495573299238,0.44649188387822814,0.23456493882983095,0.05277233507190568,0.04404202180172608,0.9005207369116147,0.9005207369116147,0,0,0,0,0,0,0,0,0,0,1,P,0.4439721908381099,0.4439721908381099,0,0,0,0,0,0.13982049535611313,0.03627746556510604,0.2329091863204439,0.02333348430688774,0.0116315592895591,0,0,0,0,0,-0.01717093802618932,0.4102144183131221,0.00165575250938704,0.02943885076501794,0.03241046251216698,0,0.4565485460735048,0.4565485460735048,0.4565485460735048,0,0,0,0,0,-0.886075949367089,45.000000000000036,0.04120459863668737,2.302724857041667,2.4044950242596212,48.86234853057093,48.86234853057093,NA,NA,NA,NA
Daniel Palencia,CHC,pitcher,10.709888661447645,NA,NA,NA,NA,NA,NA,NA,NA,67,5,30,75,3.679,1.23492,0,0,0,0,0,0,0.1226495573299238,0.41858614113583886,0.20696906367338025,0.03864811514705191,0.02902413118100726,0.8158770084672021,0.8158770084672021,0,0,0,0,0,0,0,0,0,0,1,P,0.4439721908381099,0.4439721908381099,0,0,0,0,0,0.13982049535611313,0.03627746556510604,0.2329091863204439,0.02333348430688774,0.0116315592895591,0,0,0,0,0,-0.01717093802618932,0.3823086755707328,-0.02594012264706366,0.01531463084016417,0.01739257189144816,0,0.3719048176290921,0.3719048176290921,0.3719048176290921,0,0,0,0,0,-0.886075949367089,41.93877551020412,-0.6455387119747685,1.1979197623423752,1.290334951448637,42.89541556265327,42.89541556265327,Hoosiers,IL,2,1
Ryan Walker,SFG,pitcher,11.540815656294054,NA,NA,NA,NA,NA,NA,NA,NA,63,5,27,68,3.27063,1.18207,0,0,0,0,0,0,0.1226495573299238,0.376727527022255,0.18765195106386476,0.04782421852787937,0.03581362486573137,0.7706668788096542,0.7706668788096542,0,0,0,0,0,0,0,0,0,0,1,P,0.4439721908381099,0.4439721908381099,0,0,0,0,0,0.13982049535611313,0.03627746556510604,0.2329091863204439,0.02333348430688774,0.0116315592895591,0,0,0,0,0,-0.01717093802618932,0.34045006145714896,-0.04525723525657915,0.02449073422099162,0.02418206557617227,0,0.3266946879715444,0.3266946879715444,0.3266946879715444,0,0,0,0,0,-0.886075949367089,37.34693877551023,-1.1262590294027877,1.9156801638769416,1.794039697285963,39.044323657903256,39.044323657903256,Big Red Machine,P,2,1
Paul Skenes,PIT,pitcher,38.47071410044911,NA,NA,NA,NA,NA,NA,NA,NA,189,13,0,223,2.84127,1.06719,0,0,0,0,0,0,0.31888884905780185,0,0.6153880159888506,0.17969374634528887,0.16301547751889903,1.2769860889108402,1.2769860889108402,0,0,0,0,0,0,0,0,0,1,0,P,0.4439721908381099,0.4439721908381099,0,0,0,0,0,0.13982049535611313,0.03627746556510604,0.2329091863204439,0.02333348430688774,0.0116315592895591,0,0,0,0,0,0.17906835370168872,-0.03627746556510604,0.38247882966840674,0.15636026203840114,0.15138391822933991,0,0.8330138980727305,0.8330138980727305,0.8330138980727305,0,0,0,0,0,9.24050632911393,-3.9795918367346976,9.518262285074778,12.230595036584315,11.230999187337291,38.24077100137562,38.24077100137562,Melonheads,P,Opt,7
Raisel Iglesias,ATL,pitcher,10.818417293138394,NA,NA,NA,NA,NA,NA,NA,NA,66,5,26,71,3.61421,1.1511,0,0,0,0,0,0,0.1226495573299238,0.3627746556510604,0.19593071361079997,0.03997994411856494,0.04275088550324962,0.7640857562135986,0.7640857562135986,0,0,0,0,0,0,0,0,0,0,1,P,0.4439721908381099,0.4439721908381099,0,0,0,0,0,0.13982049535611313,0.03627746556510604,0.2329091863204439,0.02333348430688774,0.0116315592895591,0,0,0,0,0,-0.01717093802618932,0.32649719008595435,-0.03697847270964394,0.0166464598116772,0.03111932621369052,0,0.32011356537548885,0.32011356537548885,0.32011356537548885,0,0,0,0,0,-0.886075949367089,35.81632653061228,-0.9202360362193508,1.3020962365706286,2.30870710379529,37.62081788539176,37.62081788539176,National Pastime,P,2,24
Pete Fairbanks,MIA,pitcher,9.7819236069699,NA,NA,NA,NA,NA,NA,NA,NA,62,4,27,65,3.37986,1.20402,0,0,0,0,0,0,0.09811964586393904,0.376727527022255,0.17937318851692954,0.04404228760765052,0.03176181074407719,0.7300244597548513,0.7300244597548513,0,0,0,0,0,0,0,0,0,0,1,P,0.4439721908381099,0.4439721908381099,0,0,0,0,0,0.13982049535611313,0.03627746556510604,0.2329091863204439,0.02333348430688774,0.0116315592895591,0,0,0,0,0,-0.04170084949217409,0.34045006145714896,-0.05353599780351437,0.02070880330076278,0.02013025145451809,0,0.28605226891674135,0.28605226891674135,0.28605226891674135,0,0,0,0,0,-2.151898734177217,37.34693877551023,-1.3322820225862244,1.6198552212819002,1.4934402568711598,36.97605349689985,36.97605349689985,NA,NA,NA,NA
Emilio Pagan,CIN,pitcher,6.677139941130053,NA,NA,NA,NA,NA,NA,NA,NA,66,3,27,71,4.04451,1.19264,0,0,0,0,0,0,0.07358973439795427,0.376727527022255,0.19593071361079997,0.02730361752970167,0.03573341549754488,0.7092850080582558,0.7092850080582558,0,0,0,0,0,0,0,0,0,0,1,P,0.4439721908381099,0.4439721908381099,0,0,0,0,0,0.13982049535611313,0.03627746556510604,0.2329091863204439,0.02333348430688774,0.0116315592895591,0,0,0,0,0,-0.06623076095815886,0.34045006145714896,-0.03697847270964394,0.00397013322281393,0.02410185620798578,0,0.2653128172201459,0.2653128172201459,0.2653128172201459,0,0,0,0,0,-3.417721518987345,37.34693877551023,-0.9202360362193508,0.3105462414587233,1.7880890562967753,35.10761651805904,35.10761651805904,Louisville Sluggers,P,2,1
Dennis Santana,PIT,pitcher,7.275863305705206,NA,NA,NA,NA,NA,NA,NA,NA,68,4,26,63,3.72238,1.24687,0,0,0,0,0,0,0.09811964586393904,0.3627746556510604,0.17385401348563942,0.03790828372322617,0.02737740561575842,0.7000340043396235,0.7000340043396235,0,0,0,0,0,0,0,0,0,0,1,P,0.4439721908381099,0.4439721908381099,0,0,0,0,0,0.13982049535611313,0.03627746556510604,0.2329091863204439,0.02333348430688774,0.0116315592895591,0,0,0,0,0,-0.04170084949217409,0.32649719008595435,-0.05905517283480449,0.01457479941633842,0.01574584632619932,0,0.25606181350151347,0.25606181350151347,0.25606181350151347,0,0,0,0,0,-2.151898734177217,35.81632653061228,-1.4696306847085152,1.1400496972619651,1.1681662713048244,34.50301308029334,34.50301308029334,National Pastime,P,2,3
Logan Webb,SFG,pitcher,28.253715246952083,NA,NA,NA,NA,NA,NA,NA,NA,202,14,0,191,3.18558,1.16831,0,0,0,0,0,0,0.3434187605237866,0,0.5270812154882084,0.16100952864599744,0.12194541487991706,1.1534549195379096,1.1534549195379096,0,0,0,0,0,0,0,0,0,1,0,P,0.4439721908381099,0.4439721908381099,0,0,0,0,0,0.13982049535611313,0.03627746556510604,0.2329091863204439,0.02333348430688774,0.0116315592895591,0,0,0,0,0,0.2035982651676735,-0.03627746556510604,0.2941720291677645,0.13767604433910968,0.11031385559035796,0,0.7094827286997997,0.7094827286997997,0.7094827286997997,0,0,0,0,0,10.50632911392406,-3.9795918367346976,7.32068369111812,10.769104135531132,8.184058366162928,32.80058347000154,32.80058347000154,Hoosiers,P,2026,16
Elly De La Cruz,CIN,hitter,30.888678623519848,672,598,157,24,96,89,41,0.262187,NA,NA,NA,NA,NA,NA,0.3300472452392813,0.2885676107641949,0.5010911147874447,0.33827208202653747,0.08906720112737918,1.5470452539448376,0,0,0,0,0,0,1.5470452539448376,0,0,0,0,1,0,0,1,1,0,0,SS,0.3492615922902857,0.3492615922902857,0.0955761814338752,0.0504993318837341,0.13625174132422654,0.05775377010209177,0.00918056754635808,0,0,0,0,0,0.2344710638054061,0.2380682788804608,0.36483937346321815,0.2805183119244457,0.07988663358102109,0,0,0,0,0,1.197783661654552,0,1.197783661654552,1.197783661654552,3.776146337462063,3.603707518022656,3.506953555497245,17.936694021102,3.388701952663311,0,0,0,0,0,32.212203384747276,32.212203384747276,Hoosiers,SS,2030,30
Cristopher Sanchez,PHI,pitcher,26.97489309843711,NA,NA,NA,NA,NA,NA,NA,NA,200,12,0,193,3.21334,1.16077,0,0,0,0,0,0,0.2943589375918171,0,0.5326003905194985,0.15693722486704917,0.1245978938773744,1.1084944468557392,1.1084944468557392,0,0,0,0,0,0,0,0,0,1,0,P,0.4439721908381099,0.4439721908381099,0,0,0,0,0,0.13982049535611313,0.03627746556510604,0.2329091863204439,0.02333348430688774,0.0116315592895591,0,0,0,0,0,0.15453844223570395,-0.03627746556510604,0.2996912041990546,0.13360374056016144,0.1129663345878153,0,0.6645222560176294,0.6645222560176294,0.6645222560176294,0,0,0,0,0,7.974683544303803,-3.9795918367346976,7.45803235324041,10.450566050873563,8.38084273938639,30.284532851069464,30.284532851069464,NA,NA,NA,NA
Chris Sale,ATL,pitcher,28.625351945321345,NA,NA,NA,NA,NA,NA,NA,NA,165,12,0,200,3.1503,1.10333,0,0,0,0,0,0,0.2943589375918171,0,0.551917503129014,0.13411599245908698,0.12705201769243535,1.107444450872353,1.107444450872353,0,0,0,0,0,0,0,0,0,1,0,P,0.4439721908381099,0.4439721908381099,0,0,0,0,0,0.13982049535611313,0.03627746556510604,0.2329091863204439,0.02333348430688774,0.0116315592895591,0,0,0,0,0,0.15453844223570395,-0.03627746556510604,0.3190083168085701,0.11078250815219924,0.11542045840287624,0,0.6634722600342435,0.6634722600342435,0.6634722600342435,0,0,0,0,0,7.974683544303803,-3.9795918367346976,7.938752670668429,8.665475336782727,8.562911369231331,29.16223108425159,29.16223108425159,Westside Marauders,P,Opt,13
Abner Uribe,MIL,pitcher,10.1054696281768,NA,NA,NA,NA,NA,NA,NA,NA,72,4,19,87,3.11764,1.20632,0,0,0,0,0,0,0.09811964586393904,0.26510455605269795,0.24008411386112108,0.05957294939712335,0.03646081560178507,0.6993420807766664,0.6993420807766664,0,0,0,0,0,0,0,0,0,0,1,P,0.4439721908381099,0.4439721908381099,0,0,0,0,0,0.13982049535611313,0.03627746556510604,0.2329091863204439,0.02333348430688774,0.0116315592895591,0,0,0,0,0,-0.04170084949217409,0.22882709048759192,0.00717492754067716,0.03623946509023561,0.02482925631222596,0,0.2553698899385566,0.2553698899385566,0.2553698899385566,0,0,0,0,0,-2.151898734177217,25.10204081632655,0.17855326075897812,2.834673056203062,1.842054035372124,27.805422434483496,27.805422434483496,NA,NA,NA,NA
Ronald Acuna Jr.,ATL,hitter,38.46320617646671,651,548,157,31,115,84,26,0.285737,NA,NA,NA,NA,NA,NA,0.3953690958595557,0.3727331639037517,0.472939928563431,0.21451400323634084,0.17712280759179966,1.632678999154879,0,0,0,0,0,0,1.632678999154879,0,0,0,0,0,1,0,0,1,0,0,OF,0.5185403056045699,0.5185403056045699,0.13133129966813067,0.10580812394687146,0.2071927306087412,0.07920517042572585,-0.00499701904489933,0,0,0,0,0,0.26403779619142503,0.2669250399568803,0.2657471979546898,0.135308832810615,0.18211982663669896,0,0,0,0,0,1.114138693550309,0,1.114138693550309,1.114138693550309,4.252317283241736,2.624922760041194,3.932038834951456,8.651817116060966,7.725320050150464,0,0,0,0,0,27.18641604444582,27.18641604444582,Westside Marauders,OF,2026,46
Trea Turner,PHI,hitter,26.353884175321635,644,591,167,19,92,73,28,0.282526,NA,NA,NA,NA,NA,NA,0.31629527668764457,0.22844935852165427,0.4110073188706007,0.23101508040836707,0.1769777402381734,1.36374477472644,0,0,0,0,0,0,1.36374477472644,0,0,0,0,1,0,0,1,1,0,0,SS,0.3492615922902857,0.3492615922902857,0.0955761814338752,0.0504993318837341,0.13625174132422654,0.05775377010209177,0.00918056754635808,0,0,0,0,0,0.22071909525376937,0.17795002663792017,0.27475557754637414,0.1732613103062753,0.16779717269181532,0,0,0,0,0,1.0144831824361544,0,1.0144831824361544,1.0144831824361544,3.554671478959889,2.7139031925849633,2.6213592233009706,11.078546307151235,7.117769034233343,0,0,0,0,0,27.086249236230405,27.086249236230405,Blue Socks,IL,2,30
Hunter Greene,CIN,pitcher,22.942269990548148,NA,NA,NA,NA,NA,NA,NA,NA,180,11,0,212,3.7334,1.11404,0,0,0,0,0,0,0.26982902612583237,0,0.5850325533167549,0.09946007175601725,0.133667826555986,1.0879894777545904,1.0879894777545904,0,0,0,0,0,0,0,0,0,1,0,P,0.4439721908381099,0.4439721908381099,0,0,0,0,0,0.13982049535611313,0.03627746556510604,0.2329091863204439,0.02333348430688774,0.0116315592895591,0,0,0,0,0,0.13000853076971924,-0.03627746556510604,0.35212336699631097,0.076126587449129507,0.1220362672664269,0,0.6440172869164806,0.6440172869164806,0.6440172869164806,0,0,0,0,0,6.708860759493677,-3.9795918367346976,8.762844643402177,5.954668088102585,9.05373063748116,26.5005122917449,26.5005122917449,Westside Marauders,P,Opt,14
Corbin Carroll,ARI,hitter,32.8478962944545,637,554,143,27,101,89,34,0.25848,NA,NA,NA,NA,NA,NA,0.3472372059288272,0.32463856210971925,0.5010911147874447,0.2805183119244457,0.06731610885422037,1.5208013036046573,0,0,0,0,0,0,1.5208013036046573,0,0,0,0,0,1,0,0,1,0,0,OF,0.5185403056045699,0.5185403056045699,0.13133129966813067,0.10580812394687146,0.2071927306087412,0.07920517042572585,-0.00499701904489933,0,0,0,0,0,0.2159059062606965,0.2188304381628478,0.2938983841787035,0.20131314149871987,0.0723131278991197,0,0,0,0,0,1.0022609980000876,0,1.0022609980000876,1.0022609980000876,3.4771552784841275,2.9029866117404732,3.223563369194437,12.872215709261436,3.067442283275226,0,0,0,0,0,25.5433632519557,25.5433632519557,Hoosiers,OF,2029,26
Juan Soto,NYM,hitter,39.77140531993857,686,548,149,38,114,102,23,0.27214699999999997,NA,NA,NA,NA,NA,NA,0.3919311037216465,0.45689871704330853,0.5742841989698805,0.18976238747830151,0.122011060232006,1.7348874674451429,0,0,0,0,0,0,1.7348874674451429,0,0,0,0,0,1,0,0,1,0,0,OF,0.5185403056045699,0.5185403056045699,0.13133129966813067,0.10580812394687146,0.2071927306087412,0.07920517042572585,-0.00499701904489933,0,0,0,0,0,0.26059980405351585,0.3510905930964371,0.36709146836113926,0.11055721705257568,0.12700807927690533,0,0,0,0,0,1.2163471618405732,0,1.2163471618405732,1.2163471618405732,4.196948568616192,3.6259526261585986,5.171870900026239,7.069167643610789,5.3875411562206,0,0,0,0,0,25.451480894632414,25.451480894632414,Erie Lakers,OF,2,37
Pete Crow-Armstrong,CHC,hitter,30.23325147067329,644,591,150,26,88,92,34,0.253513,NA,NA,NA,NA,NA,NA,0.3025433081360078,0.31261491166121114,0.517981826521853,0.2805183119244457,0.05008864972581915,1.4637470079693369,0,0,0,0,0,0,1.4637470079693369,0,0,0,0,0,1,0,0,1,0,0,OF,0.5185403056045699,0.5185403056045699,0.13133129966813067,0.10580812394687146,0.2071927306087412,0.07920517042572585,-0.00499701904489933,0,0,0,0,0,0.17121200846787715,0.2068067877143397,0.31078909591311177,0.20131314149871987,0.05508566877071848,0,0,0,0,0,0.9452067023647672,0,0.9452067023647672,0.9452067023647672,2.757361988352063,3.0698249227600405,3.0464445027551825,12.872215709261436,2.3366726692492095,0,0,0,0,0,24.082519792377933,24.082519792377933,Melonheads,OF,2027,11
Yoshinobu Yamamoto,LAD,pitcher,23.50796432359852,NA,NA,NA,NA,NA,NA,NA,NA,155,12,0,165,3.37687,1.11175,0,0,0,0,0,0,0.2943589375918171,0,0.45533194008143657,0.1103125811645502,0.11601137655639251,0.9760148353941964,0.9760148353941964,0,0,0,0,0,0,0,0,0,1,0,P,0.4439721908381099,0.4439721908381099,0,0,0,0,0,0.13982049535611313,0.03627746556510604,0.2329091863204439,0.02333348430688774,0.0116315592895591,0,0,0,0,0,0.15453844223570395,-0.03627746556510604,0.22242275376099263,0.08697909685766246,0.10437981726683342,0,0.5320426445560864,0.5320426445560864,0.5320426445560864,0,0,0,0,0,7.974683544303803,-3.9795918367346976,5.5351510835283335,6.803557991305032,7.743818871977237,24.077619654379703,24.077619654379703,Blue Socks,P,Opt,26
Jesus Luzardo,PHI,pitcher,18.452620350474422,NA,NA,NA,NA,NA,NA,NA,NA,179,12,0,197,3.77514,1.19247,0,0,0,0,0,0,0.2943589375918171,0,0.5436387405820788,0.09557260967375893,0.0969912424281628,1.0305615302758175,1.0305615302758175,0,0,0,0,0,0,0,0,0,1,0,P,0.4439721908381099,0.4439721908381099,0,0,0,0,0,0.13982049535611313,0.03627746556510604,0.2329091863204439,0.02333348430688774,0.0116315592895591,0,0,0,0,0,0.15453844223570395,-0.03627746556510604,0.31072955426163495,0.07223912536687119,0.0853596831386037,0,0.5865893394377077,0.5865893394377077,0.5865893394377077,0,0,0,0,0,7.974683544303803,-3.9795918367346976,7.732729677484993,5.650588433666464,6.3327369457347356,23.7111467644553,23.7111467644553,Louisville Sluggers,P,2027,19
Fernando Tatis Jr.,SDP,hitter,33.83731096170961,672,586,158,30,102,90,25,0.269872,NA,NA,NA,NA,NA,NA,0.35067519806673636,0.3607095134552436,0.5067213520322474,0.20626346465032777,0.12060608847468993,1.5449756166792452,0,0,0,0,0,0,1.5449756166792452,0,0,0,0,0,1,0,0,1,0,0,OF,0.5185403056045699,0.5185403056045699,0.13133129966813067,0.10580812394687146,0.2071927306087412,0.07920517042572585,-0.00499701904489933,0,0,0,0,0,0.21934389839860569,0.25490138950837216,0.2995286214235062,0.1270582942246019,0.12560310751958925,0,0,0,0,0,1.0264353110746751,0,1.0264353110746751,1.0264353110746751,3.5325239931096712,2.9585993820803287,3.7549199685122017,8.124267291910908,5.327943820295496,0,0,0,0,0,23.698254455908604,23.698254455908604,Big Red Machine,OF,2026,31
Victor Vodnik,COL,pitcher,-0.7496060905192587,NA,NA,NA,NA,NA,NA,NA,NA,64,3,22,62,4.25365,1.45756,0,0,0,0,0,0,0.07358973439795427,0.30696317016628183,0.17109442596999433,0.02050182253167588,-0.00874692984679622,0.56340222321911,0.56340222321911,0,0,0,0,0,0,0,0,0,0,1,P,0.4439721908381099,0.4439721908381099,0,0,0,0,0,0.13982049535611313,0.03627746556510604,0.2329091863204439,0.02333348430688774,0.0116315592895591,0,0,0,0,0,-0.06623076095815886,0.2706857046011758,-0.06181476035044958,-0.00283166177521185,-0.02037848913635533,0,0.11943003238100018,0.11943003238100018,0.11943003238100018,0,0,0,0,0,-3.417721518987345,29.69387755102043,-1.5383050157696614,-0.22149431064963335,-1.511856725645319,23.00449997996847,23.00449997996847,Louisville Sluggers,P,2,1
Kyle Tucker,LAD,hitter,34.8058300064371,651,555,149,33,101,99,22,0.268344,NA,NA,NA,NA,NA,NA,0.3472372059288272,0.3967804648007679,0.5573934872354722,0.1815118488922884,0.10795022706231731,1.5908732339196732,0,0,0,0,0,0,1.5908732339196732,0,0,0,0,0,1,0,0,1,0,0,OF,0.5185403056045699,0.5185403056045699,0.13133129966813067,0.10580812394687146,0.2071927306087412,0.07920517042572585,-0.00499701904489933,0,0,0,0,0,0.2159059062606965,0.29097234085389645,0.350200756626731,0.10230667846656256,0.11294724610721664,0,0,0,0,0,1.0723329283151033,0,1.0723329283151033,1.0723329283151033,3.4771552784841275,3.459114315139031,4.286276567829964,6.541617819460731,4.791096285754597,0,0,0,0,0,22.555260266668455,22.555260266668455,Melonheads,Bench,2,40
CJ Abrams,WSN,hitter,20.285527003585184,630,573,146,20,86,70,30,0.254305,NA,NA,NA,NA,NA,NA,0.2956673238601895,0.2404730089701624,0.3941166071361925,0.24751615758039328,0.05192144173573979,1.2296945392826777,0,0,0,0,0,0,1.2296945392826777,0,0,0,0,1,0,0,1,1,0,0,SS,0.3492615922902857,0.3492615922902857,0.0955761814338752,0.0504993318837341,0.13625174132422654,0.05775377010209177,0.00918056754635808,0,0,0,0,0,0.20009114242631432,0.18997367708642832,0.257864865811966,0.18976238747830151,0.04274087418938171,0,0,0,0,0,0.8804329469923918,0,0.8804329469923918,0.8804329469923918,3.2224591912066285,2.5470648815653965,2.7984780897402257,12.133645955451351,1.813020242957188,0,0,0,0,0,22.51466836092079,22.51466836092079,Melonheads,SS,2027,16
Jackson Chourio,MIL,hitter,30.48361029499641,651,601,163,25,92,88,24,0.2715,NA,NA,NA,NA,NA,NA,0.31629527668764457,0.300591261212703,0.495460877542642,0.19801292606431464,0.13093384973584027,1.4412941912431445,0,0,0,0,0,0,1.4412941912431445,0,0,0,0,0,1,0,0,1,0,0,OF,0.5185403056045699,0.5185403056045699,0.13133129966813067,0.10580812394687146,0.2071927306087412,0.07920517042572585,-0.00499701904489933,0,0,0,0,0,0.1849639770195139,0.19478313726583155,0.2882681469339008,0.1188077556385888,0.1359308687807396,0,0,0,0,0,0.9227538856385746,0,0.9227538856385746,0.9227538856385746,2.978836846854237,2.8473738414006178,2.869325636315928,7.596717467760849,5.76603594138614,0,0,0,0,0,22.05828973371777,22.05828973371777,Louisville Sluggers,OF,Opt,15
Nico Hoerner,CHC,hitter,21.20494365798371,665,607,171,9,79,65,27,0.281115,NA,NA,NA,NA,NA,NA,0.2716013788948252,0.10821285403657308,0.3659654209121787,0.22276454182235397,0.1754309043437752,1.1439751000097065,0,0,0,0,0,0,1.1439751000097065,0,0,1,0,0,0,0,1,1,0,0,2B,0.4277408742732015,0.4277408742732015,0.1107033468406756,0.07214190269104871,0.16327688009927974,0.07920517042572585,0.00241357421647157,0,0,0,0,0,0.1608980320541496,0.03607095134552436,0.20268854081289897,0.1435593713966281,0.17301733012730364,0,0,0,0,0,0.7162342257365046,0,0.7162342257365046,0.7162342257365046,2.591255844475433,2.002059732234809,0.5313565993177644,9.179366940211024,7.339202294115403,0,0,0,0,0,21.643241410354435,21.643241410354435,Free Birds,2B,2026,23
Francisco Lindor,NYM,hitter,23.634490627997064,630,558,146,26,94,78,22,0.261147,NA,NA,NA,NA,NA,NA,0.32317126096346294,0.31261491166121114,0.4391585050946145,0.1815118488922884,0.07881503774218668,1.3352715643537638,0,0,0,0,0,0,1.3352715643537638,0,0,0,0,1,0,0,1,1,0,0,SS,0.3492615922902857,0.3492615922902857,0.0955761814338752,0.0504993318837341,0.13625174132422654,0.05775377010209177,0.00918056754635808,0,0,0,0,0,0.22759507952958777,0.262115579777477,0.30290676377038794,0.12375807879019664,0.0696344701958286,0,0,0,0,0,0.986009972063478,0,0.986009972063478,0.986009972063478,3.665408908210976,2.9919670442842428,3.8611912883757538,7.913247362250884,2.953816609207322,0,0,0,0,0,21.38563121232918,21.38563121232918,National Pastime,SS,2,33
Zack Wheeler,PHI,pitcher,21.317563555067807,NA,NA,NA,NA,NA,NA,NA,NA,147,10,0,160,3.31329,1.10708,0,0,0,0,0,0,0.2452991146598476,0,0.4415340025032112,0.10879075670416226,0.11178082446201852,0.9074046983292396,0.9074046983292396,0,0,0,0,0,0,0,0,0,1,0,P,0.4439721908381099,0.4439721908381099,0,0,0,0,0,0.13982049535611313,0.03627746556510604,0.2329091863204439,0.02333348430688774,0.0116315592895591,0,0,0,0,0,0.10547861930373448,-0.03627746556510604,0.2086248161827673,0.08545727239727452,0.10014926517245942,0,0.4634325074911296,0.4634325074911296,0.4634325074911296,0,0,0,0,0,5.443037974683549,-3.9795918367346976,5.191779428222605,6.68451995408812,7.42995906645997,20.76970458671955,20.76970458671955,Melonheads,IL,Opt,28
Geraldo Perdomo,ARI,hitter,20.29598419584181,686,581,154,15,96,72,23,0.26595800000000003,NA,NA,NA,NA,NA,NA,0.3300472452392813,0.1803547567276218,0.405377081625798,0.18976238747830151,0.10274869242992124,1.2082901635009238,0,0,0,0,0,0,1.2082901635009238,0,0,0,0,1,0,0,1,1,0,0,SS,0.3492615922902857,0.3492615922902857,0.0955761814338752,0.0504993318837341,0.13625174132422654,0.05775377010209177,0.00918056754635808,0,0,0,0,0,0.2344710638054061,0.1298554248438877,0.2691253403015714,0.13200861737620975,0.09356812488356316,0,0,0,0,0,0.8590285712106381,0,0.8590285712106381,0.8590285712106381,3.776146337462063,2.658290422245108,1.9128837575439517,8.440797186400943,3.9690555639498544,0,0,0,0,0,20.757173267601917,20.757173267601917,Free At Last,SS,2,6
Xavier Edwards,MIA,hitter,15.626871291062669,602,539,151,5,72,50,27,0.280605,NA,NA,NA,NA,NA,NA,0.24753543392946095,0.06011825224254059,0.28151186224013747,0.22276454182235397,0.15374377455275318,0.965673864787246,0,0,0,0,0,0,0.965673864787246,0,0,1,0,1,0,0,1,1,0,0,SS,0.3492615922902857,0.3492615922902857,0.0955761814338752,0.0504993318837341,0.13625174132422654,0.05775377010209177,0.00918056754635808,0,0,0,0,0,0.15195925249558576,0.00961892035880648,0.14526012091591092,0.1650107717202622,0.1445632070063951,0,0,0,0,0,0.6164122724969605,0,0.6164122724969605,0.6164122724969605,2.44729718644902,1.4348094747682798,0.1416950931514037,10.550996483001178,6.132210107076339,0,0,0,0,0,20.70700834444622,20.70700834444622,Louisville Sluggers,SS,Opt,1
Spencer Strider,ATL,pitcher,16.2990097576152,NA,NA,NA,NA,NA,NA,NA,NA,159,12,0,187,3.84751,1.20707,0,0,0,0,0,0,0.2943589375918171,0,0.516042865425628,0.07975800149313847,0.08021240353442659,0.9703722080450102,0.9703722080450102,0,0,0,0,0,0,0,0,0,1,0,P,0.4439721908381099,0.4439721908381099,0,0,0,0,0,0.13982049535611313,0.03627746556510604,0.2329091863204439,0.02333348430688774,0.0116315592895591,0,0,0,0,0,0.15453844223570395,-0.03627746556510604,0.28313367910518417,0.05642451718625073,0.06858084424486749,0,0.5264000172069003,0.5264000172069003,0.5264000172069003,0,0,0,0,0,7.974683544303803,-3.9795918367346976,7.045986366873536,4.413560138894746,5.0879341411559045,20.54257235449329,20.54257235449329,Free Birds,P,2,17
Nick Pivetta,SDP,pitcher,15.825939996109724,NA,NA,NA,NA,NA,NA,NA,NA,173,10,0,190,3.91625,1.169,0,0,0,0,0,0,0.2452991146598476,0,0.5243216279725633,0.08147268371390132,0.1041328618022779,0.95522628814859,0.95522628814859,0,0,0,0,0,0,0,0,0,1,0,P,0.4439721908381099,0.4439721908381099,0,0,0,0,0,0.13982049535611313,0.03627746556510604,0.2329091863204439,0.02333348430688774,0.0116315592895591,0,0,0,0,0,0.10547861930373448,-0.03627746556510604,0.29141244165211944,0.05813919940701358,0.0925013025127188,0,0.5112540973104802,0.5112540973104802,0.5112540973104802,0,0,0,0,0,5.443037974683549,-3.9795918367346976,7.252009360056974,4.547683627722304,6.862565492419914,20.12570461814804,20.12570461814804,National Pastime,P,2,13
Bryce Harper,PHI,hitter,28.21944958277994,665,574,157,29,90,95,11,0.27347,NA,NA,NA,NA,NA,NA,0.3094192924118262,0.3486858630067355,0.5348725382562612,0.0907559244461442,0.13341964200248177,1.4171532601234489,0,0,0,0,0,0,1.4171532601234489,0,1,0,0,0,0,1,0,1,0,0,1B,0.4466098192993388,0.4466098192993388,0.11345374055100294,0.1106175841262747,0.19705830356809623,0.04125269293006554,-0.01577250187610062,0,0,0,0,0,0.1959655518608233,0.2380682788804608,0.337814234688165,0.04950323151607867,0.1491921438785824,0,0,0,0,0,0.97054344082411,0,0.97054344082411,0.97054344082411,3.1560167336559757,3.336766220391349,3.5069535554972444,3.165298944900354,6.328564449653904,0,0,0,0,0,19.493599904098826,19.493599904098826,NA,NA,NA,NA
Brice Turang,MIL,hitter,19.528194412480108,651,582,151,14,83,68,28,0.258773,NA,NA,NA,NA,NA,NA,0.28535334744646196,0.16833110627911368,0.38285613264658697,0.23101508040836707,0.07198029562705978,1.1395359624075896,0,0,0,0,0,0,1.1395359624075896,0,0,1,0,0,0,0,1,1,0,0,2B,0.4277408742732015,0.4277408742732015,0.1107033468406756,0.07214190269104871,0.16327688009927974,0.07920517042572585,0.00241357421647157,0,0,0,0,0,0.17465000060578634,0.09618920358806496,0.21957925254730723,0.1518099099826412,0.06956672141058821,0,0,0,0,0,0.711795088134388,0,0.711795088134388,0.711795088134388,2.8127307029776065,2.1688980432543765,1.4169509315140385,9.706916764361084,2.9509427812520883,0,0,0,0,0,19.05643922335919,19.05643922335919,National Pastime,2B,Opt,7
Zac Gallen,ARI,pitcher,10.31047995782914,NA,NA,NA,NA,NA,NA,NA,NA,182,13,0,170,4.02869,1.28016,0,0,0,0,0,0,0.31888884905780185,0,0.4691298776596619,0.07657695025877975,0.05776683776356841,0.922362514739812,0.922362514739812,0,0,0,0,0,0,0,0,0,1,0,P,0.4439721908381099,0.4439721908381099,0,0,0,0,0,0.13982049535611313,0.03627746556510604,0.2329091863204439,0.02333348430688774,0.0116315592895591,0,0,0,0,0,0.17906835370168872,-0.03627746556510604,0.236220691339218,0.05324346595189201,0.04613527847400931,0,0.478390323901702,0.478390323901702,0.478390323901702,0,0,0,0,0,9.24050632911393,-3.9795918367346976,5.878522738834062,4.164736371712052,3.422723371872376,18.72689697479772,18.72689697479772,Westside Marauders,P,Opt,26
Freddy Peralta,NYM,pitcher,13.82409861882277,NA,NA,NA,NA,NA,NA,NA,NA,162,11,0,177,3.82923,1.2182,0,0,0,0,0,0,0.26982902612583237,0,0.4884469902691774,0.08258468039194433,0.07711075360747456,0.9179714503944286,0.9179714503944286,0,0,0,0,0,0,0,0,0,1,0,P,0.4439721908381099,0.4439721908381099,0,0,0,0,0,0.13982049535611313,0.03627746556510604,0.2329091863204439,0.02333348430688774,0.0116315592895591,0,0,0,0,0,0.13000853076971924,-0.03627746556510604,0.2555378039487335,0.05925119608505659,0.06547919431791546,0,0.4739992595563187,0.4739992595563187,0.4739992595563187,0,0,0,0,0,6.708860759493677,-3.9795918367346976,6.3592430562620805,4.6346646859136165,4.857826292076255,18.58100295701093,18.58100295701093,National Pastime,P,Opt,24
Freddie Freeman,LAD,hitter,26.775744710370404,651,568,161,24,89,91,8,0.283671,NA,NA,NA,NA,NA,NA,0.305981300273917,0.2885676107641949,0.5123515892770503,0.06600430868810488,0.17490308357264936,1.3478078925759165,0,0,0,0,0,0,1.3478078925759165,0,1,0,0,0,0,1,0,1,0,0,1B,0.4466098192993388,0.4466098192993388,0.11345374055100294,0.1106175841262747,0.19705830356809623,0.04125269293006554,-0.01577250187610062,0,0,0,0,0,0.19252755972291408,0.1779500266379202,0.31529328570895404,0.02475161575803933,0.19067558544875,0,0,0,0,0,0.9011980732765776,0,0.9011980732765776,0.9011980732765776,3.1006480190304324,3.114315139031926,2.621359223300971,1.5826494724501772,8.088245802473084,0,0,0,0,0,18.507217656286592,18.507217656286592,NA,NA,NA,NA
Aaron Nola,PHI,pitcher,11.92278336653422,NA,NA,NA,NA,NA,NA,NA,NA,180,11,0,177,4.115,1.20929,0,0,0,0,0,0,0.26982902612583237,0,0.4884469902691774,0.06880099948311952,0.08978368303320108,0.9168606989113304,0.9168606989113304,0,0,0,0,0,0,0,0,0,1,0,P,0.4439721908381099,0.4439721908381099,0,0,0,0,0,0.13982049535611313,0.03627746556510604,0.2329091863204439,0.02333348430688774,0.0116315592895591,0,0,0,0,0,0.13000853076971924,-0.03627746556510604,0.2555378039487335,0.04546751517623178,0.07815212374364199,0,0.47288850807322047,0.47288850807322047,0.47288850807322047,0,0,0,0,0,6.708860759493677,-3.9795918367346976,6.3592430562620805,3.556496760690187,5.798016384566095,18.44302512427734,18.44302512427734,Blue Socks,P,2,20
Clayton Beeter,WSN,pitcher,1.006131790713544,NA,NA,NA,NA,NA,NA,NA,NA,63,3,17,72,3.97579,1.3574600000000001,0,0,0,0,0,0,0.07358973439795427,0.2371988133103087,0.19869030112644503,0.02799496540580183,0.00753127340786852,0.5450050876483783,0.5450050876483783,0,0,0,0,0,0,0,0,0,0,1,P,0.4439721908381099,0.4439721908381099,0,0,0,0,0,0.13982049535611313,0.03627746556510604,0.2329091863204439,0.02333348430688774,0.0116315592895591,0,0,0,0,0,-0.06623076095815886,0.20092134774520265,-0.03421888519399888,0.00466148109891409,-0.00410028588169058,0,0.10103289681026845,0.10103289681026845,0.10103289681026845,0,0,0,0,0,-3.417721518987345,22.040816326530628,-0.8515617051582054,0.36462389387342103,-0.3041955046727838,17.831961491585716,17.831961491585716,NA,NA,NA,NA
Luis Arraez,SFG,hitter,18.603410407809548,623,578,178,6,73,58,9,0.308087,NA,NA,NA,NA,NA,NA,0.25097342606737016,0.07214190269104873,0.3265537601985595,0.07425484727411799,0.2824174712524449,1.006341407483541,0,0,0,0,0,0,1.006341407483541,0,1,0,0,0,0,1,0,1,0,0,1B,0.4466098192993388,0.4466098192993388,0.11345374055100294,0.1106175841262747,0.19705830356809623,0.04125269293006554,-0.01577250187610062,0,0,0,0,0,0.13751968551636723,-0.03847568143522598,0.12949545663046325,0.03300215434405245,0.2981899731285455,0,0,0,0,0,0.5597315881842024,0,0.5597315881842024,0.5597315881842024,2.214748585021738,1.2790937178166837,-0.5667803726056152,2.1101992966002365,12.64888628935022,0,0,0,0,0,17.68614751618326,17.68614751618326,NA,NA,NA,NA
Bo Bichette,NYM,hitter,22.096505092923326,658,608,177,19,81,86,6,0.290702,NA,NA,NA,NA,NA,NA,0.2784773631706436,0.22844935852165427,0.48420040305303647,0.04950323151607866,0.218854983904931,1.259485340166344,0,0,0,0,0,0,1.259485340166344,0,0,0,0,1,0,0,1,1,0,0,SS,0.3492615922902857,0.3492615922902857,0.0955761814338752,0.0504993318837341,0.13625174132422654,0.05775377010209177,0.00918056754635808,0,0,0,0,0,0.1829011817367684,0.17795002663792017,0.3479486617288099,-0.0082505385860131,0.20967441635857292,0,0,0,0,0,0.9102237478760582,0,0.9102237478760582,0.9102237478760582,2.9456156180789113,3.4368692070030886,2.6213592233009706,-0.5275498241500588,8.8941550330472,0,0,0,0,0,17.37044925728011,17.37044925728011,NA,NA,NA,NA
Brandon Woodruff,MIL,pitcher,15.768630848301548,NA,NA,NA,NA,NA,NA,NA,NA,149,10,0,158,3.7426,1.15307,0,0,0,0,0,0,0.2452991146598476,0,0.43601482747192105,0.0817189769342628,0.09576204673705112,0.8587949658030826,0.8587949658030826,0,0,0,0,0,0,0,0,0,1,0,P,0.4439721908381099,0.4439721908381099,0,0,0,0,0,0.13982049535611313,0.03627746556510604,0.2329091863204439,0.02333348430688774,0.0116315592895591,0,0,0,0,0,0.10547861930373448,-0.03627746556510604,0.2031056411514771,0.05838549262737506,0.08413048744749202,0,0.41482277496497266,0.41482277496497266,0.41482277496497266,0,0,0,0,0,5.443037974683549,-3.9795918367346976,5.054430766100314,4.566948833595122,6.2415443278567935,17.32637006550108,17.32637006550108,Hoosiers,IL,2,12
Mookie Betts,LAD,hitter,23.34218570738865,651,567,155,24,95,90,9,0.273924,NA,NA,NA,NA,NA,NA,0.3266092531013721,0.2885676107641949,0.5067213520322474,0.07425484727411799,0.13369752098843832,1.329850584160371,0,0,0,0,0,0,1.329850584160371,0,0,0,0,1,0,0,1,1,0,0,SS,0.3492615922902857,0.3492615922902857,0.0955761814338752,0.0504993318837341,0.13625174132422654,0.05775377010209177,0.00918056754635808,0,0,0,0,0,0.23103307166749693,0.2380682788804608,0.37046961070802087,0.01650107717202622,0.12451695344208023,0,0,0,0,0,0.9805889918700852,0,0.9805889918700852,0.9805889918700852,3.7207776228365192,3.659320288362512,3.506953555497245,1.055099648300118,5.281870374984834,0,0,0,0,0,17.224021489981226,17.224021489981226,Erie Lakers,OF,Opt,35
JoJo Romero,STL,pitcher,4.825877608455943,NA,NA,NA,NA,NA,NA,NA,NA,64,5,14,62,3.49155,1.29365,0,0,0,0,0,0,0.1226495573299238,0.1953401991967248,0.17109442596999433,0.0422724062532462,0.01810376701808908,0.5494603557679784,0.5494603557679784,0,0,0,0,0,0,0,0,0,0,1,P,0.4439721908381099,0.4439721908381099,0,0,0,0,0,0.13982049535611313,0.03627746556510604,0.2329091863204439,0.02333348430688774,0.0116315592895591,0,0,0,0,0,-0.01717093802618932,0.15906273363161877,-0.06181476035044958,0.01893892194635846,0.00647220772852997,0,0.1054881649298683,0.1054881649298683,0.1054881649298683,0,0,0,0,0,-0.886075949367089,17.44897959183675,-1.5383050157696614,1.4814140225634924,0.480165664818354,16.986178314081844,16.986178314081844,Louisville Sluggers,P,2,1
Riley O'Brien,STL,pitcher,2.2246755719963076,NA,NA,NA,NA,NA,NA,NA,NA,63,3,16,65,3.70992,1.31622,0,0,0,0,0,0,0.07358973439795427,0.22324594193911407,0.17937318851692954,0.03547128783981221,0.01418139128301686,0.5258615439768269,0.5258615439768269,0,0,0,0,0,0,0,0,0,0,1,P,0.4439721908381099,0.4439721908381099,0,0,0,0,0,0.13982049535611313,0.03627746556510604,0.2329091863204439,0.02333348430688774,0.0116315592895591,0,0,0,0,0,-0.06623076095815886,0.18696847637400804,-0.05353599780351437,0.01213780353292447,0.00254983199345775,0,0.08188935313871705,0.08188935313871705,0.08188935313871705,0,0,0,0,0,-3.417721518987345,20.510204081632672,-1.3322820225862244,0.9494263933144508,0.18916910977945953,16.898796043153013,16.898796043153013,NA,NA,NA,NA
Michael King,SDP,pitcher,12.47717777546649,NA,NA,NA,NA,NA,NA,NA,NA,161,10,0,170,3.68187,1.24562,0,0,0,0,0,0,0.2452991146598476,0,0.4691298776596619,0.0926645976820885,0.06533515105462061,0.8724287410562186,0.8724287410562186,0,0,0,0,0,0,0,0,0,1,0,P,0.4439721908381099,0.4439721908381099,0,0,0,0,0,0.13982049535611313,0.03627746556510604,0.2329091863204439,0.02333348430688774,0.0116315592895591,0,0,0,0,0,0.10547861930373448,-0.03627746556510604,0.236220691339218,0.06933111337520076,0.05370359176506151,0,0.4284565502181087,0.4284565502181087,0.4284565502181087,0,0,0,0,0,5.443037974683549,-3.9795918367346976,5.878522738834062,5.423121962531253,3.984207850643433,16.749298689957598,16.749298689957598,Big Red Machine,P,Opt,2
Bryson Stott,PHI,hitter,17.051717323304917,623,556,144,14,73,68,25,0.258301,NA,NA,NA,NA,NA,NA,0.25097342606737016,0.16833110627911368,0.38285613264658697,0.20626346465032777,0.06682262859159405,1.0752467582349925,0,0,0,0,0,0,1.0752467582349925,0,0,1,0,0,0,0,1,1,0,0,2B,0.4277408742732015,0.4277408742732015,0.1107033468406756,0.07214190269104871,0.16327688009927974,0.07920517042572585,0.00241357421647157,0,0,0,0,0,0.14027007922669454,0.09618920358806496,0.21957925254730723,0.1270582942246019,0.06440905437512248,0,0,0,0,0,0.6475058839617911,0,0.6475058839617911,0.6475058839617911,2.259043556722172,2.1688980432543765,1.4169509315140385,8.124267291910908,2.732160294485464,0,0,0,0,0,16.701320117886958,16.701320117886958,NA,NA,NA,NA
Michael Harris II,ATL,hitter,23.2275830512518,574,539,148,22,71,77,18,0.275134,NA,NA,NA,NA,NA,NA,0.2440974417915518,0.2645203098671786,0.43352826784981174,0.14850969454823598,0.13192151858347473,1.222577232640253,0,0,0,0,0,0,1.222577232640253,0,0,0,0,0,1,0,0,1,0,0,OF,0.5185403056045699,0.5185403056045699,0.13133129966813067,0.10580812394687146,0.2071927306087412,0.07920517042572585,-0.00499701904489933,0,0,0,0,0,0.11276614212342112,0.15871218592030717,0.22633553724107056,0.06930452412251013,0.13691853762837403,0,0,0,0,0,0.704036927035683,0,0.704036927035683,0.704036927035683,1.816093839717825,2.235633367662204,2.337969036998163,4.431418522860495,5.807931753019875,0,0,0,0,0,16.629046520258562,16.629046520258562,National Pastime,OF,2028,21
Matthew Boyd,CHC,pitcher,11.317771582137928,NA,NA,NA,NA,NA,NA,NA,NA,167,11,0,149,3.88958,1.22579,0,0,0,0,0,0,0.26982902612583237,0,0.4111785398311154,0.0806350472024809,0.07624636002399172,0.8378889731834205,0.8378889731834205,0,0,0,0,0,0,0,0,0,1,0,P,0.4439721908381099,0.4439721908381099,0,0,0,0,0,0.13982049535611313,0.03627746556510604,0.2329091863204439,0.02333348430688774,0.0116315592895591,0,0,0,0,0,0.13000853076971924,-0.03627746556510604,0.1782693535106715,0.05730156289559315,0.06461480073443263,0,0.39391678234531047,0.39391678234531047,0.39391678234531047,0,0,0,0,0,6.708860759493677,-3.9795918367346976,4.436361786550004,4.482163189054042,4.793697923969623,16.441491822332647,16.441491822332647,National Pastime,P,2,7
Sandy Alcantara,MIA,pitcher,8.013548028279786,NA,NA,NA,NA,NA,NA,NA,NA,188,11,0,156,4.0763,1.25794,0,0,0,0,0,0,0.26982902612583237,0,0.4304956524406309,0.07510630517626482,0.07036356130577055,0.8457945450484987,0.8457945450484987,0,0,0,0,0,0,0,0,0,1,0,P,0.4439721908381099,0.4439721908381099,0,0,0,0,0,0.13982049535611313,0.03627746556510604,0.2329091863204439,0.02333348430688774,0.0116315592895591,0,0,0,0,0,0.13000853076971924,-0.03627746556510604,0.19758646612018704,0.05177282086937708,0.05873200201621145,0,0.4018223542103887,0.4018223542103887,0.4018223542103887,0,0,0,0,0,6.708860759493677,-3.9795918367346976,4.917082103978023,4.049701616638754,4.357259837306295,16.053312480682052,16.053312480682052,Big Red Machine,P,2,18
Trevor Megill,MIL,pitcher,8.442307203236265,NA,NA,NA,NA,NA,NA,NA,NA,66,5,11,82,3.27649,1.1696,0,0,0,0,0,0,0.1226495573299238,0.15348158508314091,0.22628617628289577,0.04992893090822542,0.03962562803802243,0.5919718776422082,0.5919718776422082,0,0,0,0,0,0,0,0,0,0,1,P,0.4439721908381099,0.4439721908381099,0,0,0,0,0,0.13982049535611313,0.03627746556510604,0.2329091863204439,0.02333348430688774,0.0116315592895591,0,0,0,0,0,-0.01717093802618932,0.11720411951803487,-0.00662301003754814,0.02659544660133768,0.02799406874846333,0,0.14799968680409842,0.14799968680409842,0.14799968680409842,0,0,0,0,0,-0.886075949367089,12.857142857142868,-0.1648183945467488,2.0803120496061687,2.0768478385395723,15.96340840137477,15.96340840137477,Erie Lakers,IL,Opt,1
Jakob Marsee,MIA,hitter,14.849209050559631,581,498,115,13,73,58,35,0.230961,NA,NA,NA,NA,NA,NA,0.25097342606737016,0.15630745583060557,0.3265537601985595,0.2887688505104588,-0.04090433268173388,0.98169915992526,0,0,0,0,0,0,0.98169915992526,0,0,0,0,0,1,0,0,1,0,0,OF,0.5185403056045699,0.5185403056045699,0.13133129966813067,0.10580812394687146,0.2071927306087412,0.07920517042572585,-0.00499701904489933,0,0,0,0,0,0.11964212639923948,0.05049933188373411,0.11936102958981828,0.20956368008473297,-0.03590731363683455,0,0,0,0,0,0.4631588543206903,0,0.4631588543206903,0.4631588543206903,1.926831268968912,1.178990731204943,0.7438992390448701,13.399765533411497,-1.523148221193074,0,0,0,0,0,15.726338551437149,15.726338551437149,Hoosiers,OF,2,1
James Wood,WSN,hitter,25.634677238147475,644,558,146,27,89,84,16,0.261183,NA,NA,NA,NA,NA,NA,0.305981300273917,0.32463856210971925,0.472939928563431,0.13200861737620975,0.07896369320226668,1.3145321015255438,0,0,0,0,0,0,1.3145321015255438,0,0,0,0,0,1,0,0,1,0,0,OF,0.5185403056045699,0.5185403056045699,0.13133129966813067,0.10580812394687146,0.2071927306087412,0.07920517042572585,-0.00499701904489933,0,0,0,0,0,0.17465000060578634,0.2188304381628478,0.2657471979546898,0.0528034469504839,0.083960712247166,0,0,0,0,0,0.7959917959209739,0,0.7959917959209739,0.7959917959209739,2.8127307029776065,2.624922760041194,3.223563369194437,3.376318874560377,3.5615198286008085,0,0,0,0,0,15.599055535374424,15.599055535374424,Erie Lakers,OF,Opt,2
Konnor Griffin,PIT,hitter,10.777001897736806,469,424,110,11,67,55,23,0.260215,NA,NA,NA,NA,NA,NA,0.23034547323991503,0.1322601549335893,0.30966304846415127,0.18976238747830151,0.05696380203344346,0.9189948661494006,0,0,0,0,0,0,0.9189948661494006,0,0,0,0,1,0,0,1,1,0,0,SS,0.3492615922902857,0.3492615922902857,0.0955761814338752,0.0504993318837341,0.13625174132422654,0.05775377010209177,0.00918056754635808,0,0,0,0,0,0.13476929180603983,0.08176082304985521,0.17341130713992473,0.13200861737620975,0.04778323448708538,0,0,0,0,0,0.569733273859115,0,0.569733273859115,0.569733273859115,2.1704536133213024,1.7128733264675593,1.2044082917869323,8.440797186400943,2.026911546432014,0,0,0,0,0,15.55544396440875,15.55544396440875,NA,NA,NA,NA
Oneil Cruz,PIT,hitter,18.21066117242828,539,473,112,22,72,65,29,0.237369,NA,NA,NA,NA,NA,NA,0.24753543392946095,0.2645203098671786,0.3659654209121787,0.23926561899438015,-0.01642097794274544,1.1008658057604532,0,0,0,0,0,0,1.1008658057604532,0,0,0,0,0,1,0,0,1,0,0,OF,0.5185403056045699,0.5185403056045699,0.13133129966813067,0.10580812394687146,0.2071927306087412,0.07920517042572585,-0.00499701904489933,0,0,0,0,0,0.11620413426133028,0.15871218592030717,0.15877269030343752,0.1600604485686543,-0.01142395889784611,0,0,0,0,0,0.5823255001558832,0,0.5823255001558832,0.5823255001558832,1.871462554343368,1.5682801235839336,2.337969036998163,10.23446658851114,-0.4845916029871804,0,0,0,0,0,15.527586700449426,15.527586700449426,Westside Marauders,OF,2026,22
Luis Robert Jr.,NYM,hitter,18.511724635971255,567,515,121,21,69,76,29,0.235239,NA,NA,NA,NA,NA,NA,0.23722145751573345,0.2524966594186705,0.42789803060500897,0.23926561899438015,-0.02599674009525325,1.13088502643854,0,0,0,0,0,0,1.13088502643854,0,0,0,0,0,1,0,0,1,0,0,OF,0.5185403056045699,0.5185403056045699,0.13133129966813067,0.10580812394687146,0.2071927306087412,0.07920517042572585,-0.00499701904489933,0,0,0,0,0,0.10589015784760278,0.14668853547179905,0.22070529999626776,0.1600604485686543,-0.02099972105035392,0,0,0,0,0,0.61234472083397,0,0.61234472083397,0.61234472083397,1.7053564104667385,2.180020597322348,2.160850170558908,10.23446658851114,-0.8907847600881419,0,0,0,0,0,15.389909006770996,15.389909006770996,Blue Socks,Bench,1,21
William Contreras,MIL,hitter,25.619869049428814,610,531,143,20,80,77,6,0.270014,NA,NA,NA,NA,NA,NA,0.2750393710327344,0.2404730089701624,0.43352826784981174,0.04950323151607866,0.10984439519340264,1.1083882745621898,0,0,0,0,0,0,1.1083882745621898,1,0,0,0,0,0,0,0,1,0,0,C,0.30256973257349196,0.30256973257349196,0.08319940973740216,0.06011825224254059,0.13850383622214762,0.01650107717202622,0.00424715719937533,0,0,0,0,0,0.19183996129533223,0.18035475672762183,0.2950244316276641,0.03300215434405244,0.10559723799402732,0,0,0,0,0,0.805818541988698,0,0.805818541988698,0.805818541988698,3.089574276105324,2.9141091658084446,2.656782996588822,2.110199296600236,4.479317134114728,0,0,0,0,0,15.249982869217554,15.249982869217554,Melonheads,C,2026,11
Victor Scott II,STL,hitter,11.199124496309876,581,515,117,9,65,50,38,0.226247,NA,NA,NA,NA,NA,NA,0.2234694889640967,0.10821285403657308,0.28151186224013747,0.31352046626849817,-0.06026623417010439,0.8664484373392011,0,0,0,0,0,0,0.8664484373392011,0,0,0,0,0,1,0,0,1,0,0,OF,0.5185403056045699,0.5185403056045699,0.13133129966813067,0.10580812394687146,0.2071927306087412,0.07920517042572585,-0.00499701904489933,0,0,0,0,0,0.09213818929596604,0.00240473008970161,0.07431913163139628,0.23431529584277233,-0.05526921512520506,0,0,0,0,0,0.3479081317346312,0,0.3479081317346312,0.3479081317346312,1.4838815519645645,0.7340885684860965,0.03542377328785082,14.982415005861672,-2.344458501020705,0,0,0,0,0,14.891350398579482,14.891350398579482,Free At Last,OF,2,5
Blake Snell,LAD,pitcher,13.148095347864668,NA,NA,NA,NA,NA,NA,NA,NA,132,10,0,164,3.54547,1.24382,0,0,0,0,0,0,0.2452991146598476,0,0.4525723525657915,0.08400994954188687,0.05417486590640565,0.8360562826739316,0.8360562826739316,0,0,0,0,0,0,0,0,0,1,0,P,0.4439721908381099,0.4439721908381099,0,0,0,0,0,0.13982049535611313,0.03627746556510604,0.2329091863204439,0.02333348430688774,0.0116315592895591,0,0,0,0,0,0.10547861930373448,-0.03627746556510604,0.21966316624534757,0.06067646523499913,0.04254330661684655,0,0.3920840918358217,0.3920840918358217,0.3920840918358217,0,0,0,0,0,5.443037974683549,-3.9795918367346976,5.466476752467188,4.74615010787334,3.1562391014122997,14.83231209970168,14.83231209970168,NA,NA,NA,NA
Xander Bogaerts,SDP,hitter,12.14057616388632,609,546,144,13,72,60,17,0.264422,NA,NA,NA,NA,NA,NA,0.24753543392946095,0.15630745583060557,0.337814234688165,0.14025915596222285,0.09035277990853256,0.9722690603189869,0,0,0,0,0,0,0.9722690603189869,0,0,0,0,1,0,0,1,1,0,0,SS,0.3492615922902857,0.3492615922902857,0.0955761814338752,0.0504993318837341,0.13625174132422654,0.05775377010209177,0.00918056754635808,0,0,0,0,0,0.15195925249558576,0.10580812394687147,0.20156249336393847,0.08250538586013109,0.08117221236217448,0,0,0,0,0,0.6230074680287012,0,0.6230074680287012,0.6230074680287012,2.44729718644902,1.9909371781668384,1.5586460246654423,5.275498241500588,3.443234771618296,0,0,0,0,0,14.715613402400187,14.715613402400187,NA,NA,NA,NA
Dylan Crews,WSN,hitter,17.301956020884173,595,539,131,18,72,69,26,0.243564,NA,NA,NA,NA,NA,NA,0.24753543392946095,0.21642570807314615,0.38848636989138974,0.21451400323634084,0.0059978079364046,1.0729593230667425,0,0,0,0,0,0,1.0729593230667425,0,0,0,0,0,1,0,0,1,0,0,OF,0.5185403056045699,0.5185403056045699,0.13133129966813067,0.10580812394687146,0.2071927306087412,0.07920517042572585,-0.00499701904489933,0,0,0,0,0,0.11620413426133028,0.11061758412627468,0.18129363928264855,0.135308832810615,0.01099482698130393,0,0,0,0,0,0.5544190174621725,0,0.5544190174621725,0.5544190174621725,1.871462554343368,1.7907312049433572,1.6294935712411436,8.651817116060966,0.46638830540972287,0,0,0,0,0,14.40989275199856,14.40989275199856,Blue Socks,Util,Opt,1
Otto Lopez,MIA,hitter,13.640805578846564,609,557,148,12,67,65,16,0.265814,NA,NA,NA,NA,NA,NA,0.23034547323991503,0.14428380538209745,0.3659654209121787,0.13200861737620975,0.09791078403714742,0.9705141009475484,0,0,0,0,0,0,0.9705141009475484,0,0,1,0,1,0,0,1,1,0,0,SS,0.3492615922902857,0.3492615922902857,0.0955761814338752,0.0504993318837341,0.13625174132422654,0.05775377010209177,0.00918056754635808,0,0,0,0,0,0.13476929180603983,0.09378447349836336,0.22971367958795216,0.07425484727411799,0.08873021649078934,0,0,0,0,0,0.6212525086572628,0,0.6212525086572628,0.6212525086572628,2.1704536133213024,2.269001029866117,1.3815271582261874,4.74794841735053,3.7638368823944246,0,0,0,0,0,14.332767101158565,14.332767101158565,Big Red Machine,Util,2,1
Manny Machado,SDP,hitter,20.512741681267045,644,583,153,26,80,90,9,0.262983,NA,NA,NA,NA,NA,NA,0.2750393710327344,0.31261491166121114,0.5067213520322474,0.07425484727411799,0.09026727562411407,1.258897757624425,0,0,0,0,0,0,1.258897757624425,0,0,0,1,0,0,1,0,1,0,0,3B,0.4518055273846128,0.4518055273846128,0.1182669295440758,0.08416555313955683,0.18917597142537235,0.04785312379887603,0.01234394947673169,0,0,0,0,0,0.1567724414886586,0.22844935852165432,0.3175453806068751,0.02640172347524196,0.07792332614738239,0,0,0,0,0,0.8070922302398124,0,0.8070922302398124,0.8070922302398124,2.5248133869247806,3.1365602471678677,3.365258462345841,1.688159437280189,3.305420639684935,0,0,0,0,0,14.020212173403614,14.020212173403614,Hoosiers,3B,Opt,25
Ezequiel Tovar,COL,hitter,16.72313081021123,651,605,161,21,82,74,9,0.266026,NA,NA,NA,NA,NA,NA,0.2819153553085528,0.2524966594186705,0.4166375561154035,0.07425484727411799,0.1072974893375091,1.132601907454254,0,0,0,0,0,0,1.132601907454254,0,0,0,0,1,0,0,1,1,0,0,SS,0.3492615922902857,0.3492615922902857,0.0955761814338752,0.0504993318837341,0.13625174132422654,0.05775377010209177,0.00918056754635808,0,0,0,0,0,0.1863391738746776,0.2019973275349364,0.28038581479117697,0.01650107717202622,0.09811692179115102,0,0,0,0,0,0.7833403151639682,0,0.7833403151639682,0.7833403151639682,3.0009843327044545,2.7695159629248196,2.97559695617948,1.055099648300118,4.162010458555326,0,0,0,0,0,13.963207358664198,13.963207358664198,Erie Lakers,SS,2027,11
Alec Burleson,STL,hitter,20.111557678406964,602,551,152,22,70,79,6,0.275762,NA,NA,NA,NA,NA,NA,0.2406594496536426,0.2645203098671786,0.4447887423394172,0.04950323151607866,0.13741922740898713,1.1368909607853042,0,0,0,0,0,0,1.1368909607853042,0,1,0,0,0,1,1,0,1,0,0,1B,0.4466098192993388,0.4466098192993388,0.11345374055100294,0.1106175841262747,0.19705830356809623,0.04125269293006554,-0.01577250187610062,0,0,0,0,0,0.12720570910263967,0.1539027257409039,0.24773043877132095,0.00825053858601312,0.15319172928508776,0,0,0,0,0,0.6902811414859654,0,0.6902811414859654,0.6902811414859654,2.048642441145107,2.446961894953655,2.267121490422461,0.5275498241500597,6.4982224045497325,0,0,0,0,0,13.788498055221016,13.788498055221016,National Pastime,OF,Opt,1
Ketel Marte,ARI,hitter,24.51637568914773,637,554,152,27,94,86,6,0.273494,NA,NA,NA,NA,NA,NA,0.32317126096346294,0.32463856210971925,0.48420040305303647,0.04950323151607866,0.1288692672081527,1.3103827248504498,0,0,0,0,0,0,1.3103827248504498,0,0,1,0,0,0,0,1,1,0,0,2B,0.4277408742732015,0.4277408742732015,0.1107033468406756,0.07214190269104871,0.16327688009927974,0.07920517042572585,0.00241357421647157,0,0,0,0,0,0.21246791412278732,0.25249665941867055,0.3209235229537567,-0.02970193890964718,0.1264556929916811,0,0,0,0,0,0.8826418505772485,0,0.8826418505772485,0.8826418505772485,3.4217865638585843,3.169927909371781,3.719496195224351,-1.8991793669402115,5.364109545706367,0,0,0,0,0,13.776140847220873,13.776140847220873,Big Red Machine,2B,2,29
Robbie Ray,SFG,pitcher,5.666815400525667,NA,NA,NA,NA,NA,NA,NA,NA,174,10,0,176,4.12049,1.29856,0,0,0,0,0,0,0.2452991146598476,0,0.48568740275353234,0.06608124998108193,0.04703285780660317,0.844100625201065,0.844100625201065,0,0,0,0,0,0,0,0,0,1,0,P,0.4439721908381099,0.4439721908381099,0,0,0,0,0,0.13982049535611313,0.03627746556510604,0.2329091863204439,0.02333348430688774,0.0116315592895591,0,0,0,0,0,0.10547861930373448,-0.03627746556510604,0.2527782164330884,0.04274776567419419,0.03540129851704407,0,0.4001284343629551,0.4001284343629551,0.4001284343629551,0,0,0,0,0,5.443037974683549,-3.9795918367346976,6.290568725200934,3.343756296286232,2.6263817156144205,13.72415287505044,13.72415287505044,Free Birds,P,Opt,5
Emmet Sheehan,LAD,pitcher,10.974747246470663,NA,NA,NA,NA,NA,NA,NA,NA,143,9,0,162,3.96427,1.19896,0,0,0,0,0,0,0.22076920319386284,0,0.44705317753450136,0.06427943136214008,0.07510914661095923,0.8072109587014635,0.8072109587014635,0,0,0,0,0,0,0,0,0,1,0,P,0.4439721908381099,0.4439721908381099,0,0,0,0,0,0.13982049535611313,0.03627746556510604,0.2329091863204439,0.02333348430688774,0.0116315592895591,0,0,0,0,0,0.08094870783774971,-0.03627746556510604,0.21414399121405744,0.04094594705525234,0.06347758732140013,0,0.3632387678633536,0.3632387678633536,0.3632387678633536,0,0,0,0,0,4.177215189873421,-3.9795918367346976,5.329128090344897,3.2028169452621,4.709329365756934,13.438897754502657,13.438897754502657,Blue Socks,P,2,1
Dansby Swanson,CHC,hitter,14.68158887264464,686,619,149,22,82,80,16,0.240941,NA,NA,NA,NA,NA,NA,0.2819153553085528,0.2645203098671786,0.45041897958422,0.13200861737620975,-0.00512723750901395,1.1237360246271473,0,0,0,0,0,0,1.1237360246271473,0,0,0,0,1,0,0,1,1,0,0,SS,0.3492615922902857,0.3492615922902857,0.0955761814338752,0.0504993318837341,0.13625174132422654,0.05775377010209177,0.00918056754635808,0,0,0,0,0,0.1863391738746776,0.21402097798344452,0.3141672382599935,0.07425484727411799,-0.01430780505537203,0,0,0,0,0,0.7744744323368616,0,0.7744744323368616,0.7744744323368616,3.0009843327044545,3.1031925849639546,3.1527158226187346,4.74794841735053,-0.606921142575019,0,0,0,0,0,13.397920015062656,13.397920015062656,Big Red Machine,SS,2,19
Joe Musgrove,SDP,pitcher,10.108498127862488,NA,NA,NA,NA,NA,NA,NA,NA,158,9,0,145,3.89021,1.21469,0,0,0,0,0,0,0.22076920319386284,0,0.4001401897685352,0.07624501591135754,0.07662628093056396,0.7737806898043196,0.7737806898043196,0,0,0,0,0,0,0,0,0,1,0,P,0.4439721908381099,0.4439721908381099,0,0,0,0,0,0.13982049535611313,0.03627746556510604,0.2329091863204439,0.02333348430688774,0.0116315592895591,0,0,0,0,0,0.08094870783774971,-0.03627746556510604,0.1672310034480913,0.0529115316044698,0.06499472164100487,0,0.3298084989662097,0.3298084989662097,0.3298084989662097,0,0,0,0,0,4.177215189873421,-3.9795918367346976,4.161664462305423,4.138772264661267,4.821883820086416,13.31994390019183,13.31994390019183,NA,NA,NA,NA
Christian Yelich,MIL,hitter,17.2154830803266,630,553,141,20,81,80,17,0.25589,NA,NA,NA,NA,NA,NA,0.2784773631706436,0.2404730089701624,0.45041897958422,0.14025915596222285,0.05659549788968582,1.1662240055769346,0,0,0,0,0,0,1.1662240055769346,0,0,0,0,0,0,0,0,1,0,0,Util,0.5185403056045699,0.5185403056045699,0.13133129966813067,0.10580812394687146,0.2071927306087412,0.07920517042572585,-0.00499701904489933,0,0,0,0,0,0.1471460635025129,0.13466488502329094,0.2432262489754788,0.061053985536497,0.06159251693458515,0,0,0,0,0,0.6476836999723647,0,0.6476836999723647,0.6476836999723647,2.369780985973259,2.4024716786817715,1.9837313041196536,3.9038686987104354,2.6126859156481306,0,0,0,0,0,13.27253858313325,13.27253858313325,NA,NA,NA,NA
Hunter Goodman,COL,hitter,26.441747548298444,583,538,139,29,74,89,2,0.258685,NA,NA,NA,NA,NA,NA,0.25441141820527935,0.3486858630067355,0.5010911147874447,0.01650107717202622,0.06618813069538274,1.1868776038668685,0,0,0,0,0,0,1.1868776038668685,1,0,0,0,0,0,0,0,1,0,0,C,0.30256973257349196,0.30256973257349196,0.08319940973740216,0.06011825224254059,0.13850383622214762,0.01650107717202622,0.00424715719937533,0,0,0,0,0,0.1712120084678772,0.2885676107641949,0.3625872785652971,0,0.0619409734960074,0,0,0,0,0,0.8843078712933766,0,0.8843078712933766,0.8843078712933766,2.7573619883520637,3.5814624098867145,4.250852794542115,0,2.627467054584375,0,0,0,0,0,13.217144247365267,13.217144247365267,Louisville Sluggers,C,2,7
Kevin Ginkel,ARI,pitcher,2.8176742364517926,NA,NA,NA,NA,NA,NA,NA,NA,62,4,12,64,3.60702,1.27891,0,0,0,0,0,0,0.09811964586393904,0.16743445645433555,0.17661360100128448,0.03775589229601371,0.01987718096734204,0.4998007765829148,0.4998007765829148,0,0,0,0,0,0,0,0,0,0,1,P,0.4439721908381099,0.4439721908381099,0,0,0,0,0,0.13982049535611313,0.03627746556510604,0.2329091863204439,0.02333348430688774,0.0116315592895591,0,0,0,0,0,-0.04170084949217409,0.1311569908892295,-0.05629558531915943,0.01442240798912597,0.00824562167778294,0,0.05582858574480489,0.05582858574480489,0.05582858574480489,0,0,0,0,0,-2.151898734177217,14.387755102040826,-1.40095635364737,1.1281295469054449,0.6117332108023267,12.574762771924007,12.574762771924007,Westside Marauders,IL,2,2
Brenton Doyle,COL,hitter,16.70886058022132,595,549,136,19,69,70,21,0.247602,NA,NA,NA,NA,NA,NA,0.23722145751573345,0.22844935852165427,0.3941166071361925,0.1732613103062753,0.02251433345339674,1.0555630669332523,0,0,0,0,0,0,1.0555630669332523,0,0,0,0,0,1,0,0,1,0,0,OF,0.5185403056045699,0.5185403056045699,0.13133129966813067,0.10580812394687146,0.2071927306087412,0.07920517042572585,-0.00499701904489933,0,0,0,0,0,0.10589015784760278,0.1226412345747828,0.18692387652745132,0.09405613988054946,0.02751135249829607,0,0,0,0,0,0.5370227613286824,0,0.5370227613286824,0.5370227613286824,1.7053564104667385,1.8463439752832131,1.8066124376803985,6.014067995310672,1.1670009080659642,0,0,0,0,0,12.539381726806983,12.539381726806983,Westside Marauders,OF,2,10
Nick Lodolo,CIN,pitcher,8.21023166206112,NA,NA,NA,NA,NA,NA,NA,NA,151,9,0,154,4.1343,1.20156,0,0,0,0,0,0,0.22076920319386284,0,0.4249764774093408,0.0564155884214363,0.07830616249576397,0.7804674315204039,0.7804674315204039,0,0,0,0,0,0,0,0,0,1,0,P,0.4439721908381099,0.4439721908381099,0,0,0,0,0,0.13982049535611313,0.03627746556510604,0.2329091863204439,0.02333348430688774,0.0116315592895591,0,0,0,0,0,0.08094870783774971,-0.03627746556510604,0.1920672910888969,0.03308210411454856,0.06667460320620487,0,0.336495240682294,0.336495240682294,0.336495240682294,0,0,0,0,0,4.177215189873421,-3.9795918367346976,4.779733441855733,2.587702355498691,4.946512305821618,12.511571456314766,12.511571456314766,NA,NA,NA,NA
Masyn Winn,STL,hitter,12.308319174286218,644,587,150,15,79,68,13,0.255355,NA,NA,NA,NA,NA,NA,0.2716013788948252,0.1803547567276218,0.38285613264658697,0.10725700161817042,0.05775114915470956,0.999820419041914,0,0,0,0,0,0,0.999820419041914,0,0,0,0,1,0,0,1,1,0,0,SS,0.3492615922902857,0.3492615922902857,0.0955761814338752,0.0504993318837341,0.13625174132422654,0.05775377010209177,0.00918056754635808,0,0,0,0,0,0.17602519746095002,0.1298554248438877,0.2466043913223604,0.04950323151607865,0.04857058160835148,0,0,0,0,0,0.6505588267516282,0,0.6505588267516282,0.6505588267516282,2.834878188827824,2.435839340885684,1.9128837575439517,3.165298944900353,2.0603099337173196,0,0,0,0,0,12.409210165875134,12.409210165875134,Westside Marauders,IL,Opt,11
Merrill Kelly,ARI,pitcher,7.579658064157258,NA,NA,NA,NA,NA,NA,NA,NA,159,10,0,141,3.9371,1.27338,0,0,0,0,0,0,0.2452991146598476,0,0.38910183970595486,0.0733997925002475,0.05322592050366884,0.7610266673697188,0.7610266673697188,0,0,0,0,0,0,0,0,0,1,0,P,0.4439721908381099,0.4439721908381099,0,0,0,0,0,0.13982049535611313,0.03627746556510604,0.2329091863204439,0.02333348430688774,0.0116315592895591,0,0,0,0,0,0.10547861930373448,-0.03627746556510604,0.15619265338551094,0.05006630819335976,0.04159436121410974,0,0.3170544765316089,0.3170544765316089,0.3170544765316089,0,0,0,0,0,5.443037974683549,-3.9795918367346976,3.886967138060839,3.916217154582533,3.085837930854548,12.352468361446771,12.352468361446771,NA,NA,NA,NA
Tyler Glasnow,LAD,pitcher,11.97625421206758,NA,NA,NA,NA,NA,NA,NA,NA,133,8,0,155,3.67864,1.19699,0,0,0,0,0,0,0.19623929172787807,0,0.42773606492498584,0.0767407641204881,0.07052739649893691,0.7712435172722889,0.7712435172722889,0,0,0,0,0,0,0,0,0,1,0,P,0.4439721908381099,0.4439721908381099,0,0,0,0,0,0.13982049535611313,0.03627746556510604,0.2329091863204439,0.02333348430688774,0.0116315592895591,0,0,0,0,0,0.05641879637176494,-0.03627746556510604,0.19482687860454193,0.05340727981360035,0.05889583720937781,0,0.32727132643417894,0.32727132643417894,0.32727132643417894,0,0,0,0,0,2.9113924050632938,-3.9795918367346976,4.848407772916877,4.177549991859617,4.369414582293944,12.327172915399034,12.327172915399034,Hoosiers,P,Opt,11
Shota Imanaga,CHC,pitcher,9.386026907607054,NA,NA,NA,NA,NA,NA,NA,NA,147,9,0,134,4.0413,1.17643,0,0,0,0,0,0,0.22076920319386284,0,0.3697847270964394,0.06102322311470468,0.08568722825695264,0.7372643816619595,0.7372643816619595,0,0,0,0,0,0,0,0,0,1,0,P,0.4439721908381099,0.4439721908381099,0,0,0,0,0,0.13982049535611313,0.03627746556510604,0.2329091863204439,0.02333348430688774,0.0116315592895591,0,0,0,0,0,0.08094870783774971,-0.03627746556510604,0.13687554077599548,0.03768973880781694,0.07405566896739355,0,0.2932921908238496,0.2932921908238496,0.2932921908238496,0,0,0,0,0,4.177215189873421,-3.9795918367346976,3.4062468206328207,2.94811435068991,5.494105105210045,12.0460896296715,12.0460896296715,Melonheads,P,Opt,13
Brandon Pfaadt,ARI,pitcher,5.40472887025018,NA,NA,NA,NA,NA,NA,NA,NA,163,10,0,145,4.2175,1.25103,0,0,0,0,0,0,0.2452991146598476,0,0.4001401897685352,0.05484569005721788,0.0638896459783162,0.7641746404639169,0.7641746404639169,0,0,0,0,0,0,0,0,0,1,0,P,0.4439721908381099,0.4439721908381099,0,0,0,0,0,0.13982049535611313,0.03627746556510604,0.2329091863204439,0.02333348430688774,0.0116315592895591,0,0,0,0,0,0.10547861930373448,-0.03627746556510604,0.1672310034480913,0.03151220575033014,0.0522580866887571,0,0.32020244962580696,0.32020244962580696,0.32020244962580696,0,0,0,0,0,5.443037974683549,-3.9795918367346976,4.161664462305423,2.46490394821132,3.8769674876831335,11.966982036148728,11.966982036148728,Westside Marauders,P,Opt,10
Austin Riley,ATL,hitter,21.410701128117527,672,608,159,30,88,92,3,0.261176,NA,NA,NA,NA,NA,NA,0.3025433081360078,0.3607095134552436,0.517981826521853,0.02475161575803933,0.0860077976490001,1.291994061520144,0,0,0,0,0,0,1.291994061520144,0,0,0,1,0,0,1,0,1,0,0,3B,0.4518055273846128,0.4518055273846128,0.1182669295440758,0.08416555313955683,0.18917597142537235,0.04785312379887603,0.01234394947673169,0,0,0,0,0,0.184276378591932,0.2765439603156868,0.32880585509648064,-0.0231015080408367,0.07366384817226841,0,0,0,0,0,0.8401885341355312,0,0.8401885341355312,0.8401885341355312,2.9677631039291277,3.24778578784758,4.07373392810286,-1.4771395076201643,3.12473833171215,0,0,0,0,0,11.936881643971551,11.936881643971551,Erie Lakers,IL,Opt,35
Luis Garcia Jr.,WSN,hitter,14.643872349732574,525,489,133,16,63,67,13,0.272014,NA,NA,NA,NA,NA,NA,0.21659350468827832,0.19237840717612992,0.37722589540178425,0.10725700161817042,0.10839354535179896,1.001848354236162,0,0,0,0,0,0,1.001848354236162,0,0,1,0,0,0,0,1,1,0,0,2B,0.4277408742732015,0.4277408742732015,0.1107033468406756,0.07214190269104871,0.16327688009927974,0.07920517042572585,0.00241357421647157,0,0,0,0,0,0.10589015784760272,0.1202365044850812,0.21394901530250451,0.02805183119244457,0.1059799711353274,0,0,0,0,0,0.5741074799629604,0,0.5741074799629604,0.5741074799629604,1.7053564104667374,2.113285272914521,1.771188664392548,1.7936694021102002,4.4955522473637695,0,0,0,0,0,11.879051997247776,11.879051997247776,Louisville Sluggers,2B,2,19
Willy Adames,SFG,hitter,15.948140887649082,679,596,141,27,85,87,12,0.236342,NA,NA,NA,NA,NA,NA,0.29222933172228033,0.32463856210971925,0.4898306402978392,0.09900646303215732,-0.02522073714786092,1.180484260014135,0,0,0,0,0,0,1.180484260014135,0,0,0,0,1,0,0,1,1,0,0,SS,0.3492615922902857,0.3492615922902857,0.0955761814338752,0.0504993318837341,0.13625174132422654,0.05775377010209177,0.00918056754635808,0,0,0,0,0,0.19665315028840513,0.27413923022598513,0.3535788989736126,0.04125269293006555,-0.034401304694219,0,0,0,0,0,0.8312226677238495,0,0.8312226677238495,0.8312226677238495,3.1670904765810852,3.492481977342944,4.038310154815009,2.6377491207502946,-1.4592650004863983,0,0,0,0,0,11.876366729002935,11.876366729002935,National Pastime,2B/SS,2026,27
Justin Crawford,PHI,hitter,10.777001897736806,427,388,107,6,56,43,22,0.276442,NA,NA,NA,NA,NA,NA,0.19252755972291408,0.07214190269104873,0.24210020152651823,0.1815118488922884,0.09871955041864076,0.7870010632514103,0,0,0,0,0,0,0.7870010632514103,0,0,0,0,0,1,0,0,1,0,0,OF,0.5185403056045699,0.5185403056045699,0.13133129966813067,0.10580812394687146,0.2071927306087412,0.07920517042572585,-0.00499701904489933,0,0,0,0,0,0.0611962600547834,-0.03366622125582273,0.03490747091777704,0.10230667846656256,0.10371656946354008,0,0,0,0,0,0.26846075764684035,0,0.26846075764684035,0.26846075764684035,0.9855631203346732,0.344799176107106,-0.49593282602991334,6.541617819460731,4.399541271296438,0,0,0,0,0,11.775588561169034,11.775588561169034,NA,NA,NA,NA
Mitch Keller,PIT,pitcher,3.3841897783883605,NA,NA,NA,NA,NA,NA,NA,NA,175,10,0,152,4.19295,1.29673,0,0,0,0,0,0,0.2452991146598476,0,0.4194573023780506,0.06080105223386994,0.04812286977976184,0.77368033905153,0.77368033905153,0,0,0,0,0,0,0,0,0,1,0,P,0.4439721908381099,0.4439721908381099,0,0,0,0,0,0.13982049535611313,0.03627746556510604,0.2329091863204439,0.02333348430688774,0.0116315592895591,0,0,0,0,0,0.10547861930373448,-0.03627746556510604,0.1865481160576067,0.0374675679269822,0.03649131049020274,0,0.3297081482134201,0.3297081482134201,0.3297081482134201,0,0,0,0,0,5.443037974683549,-3.9795918367346976,4.64238477973344,2.930736008923358,2.7072484531643557,11.743815379770004,11.743815379770004,Free Birds,P,2,6
Agustin Ramirez,MIA,hitter,17.314204693911286,478,434,106,18,60,62,12,0.243622,NA,NA,NA,NA,NA,NA,0.2062795282745508,0.21642570807314615,0.3490747091777705,0.09900646303215732,0.00501568193119765,0.8758020904888224,0,0,0,0,0,0,0.8758020904888224,1,0,0,0,0,0,0,0,1,0,0,C,0.30256973257349196,0.30256973257349196,0.08319940973740216,0.06011825224254059,0.13850383622214762,0.01650107717202622,0.00424715719937533,0,0,0,0,0,0.12308011853714863,0.15630745583060557,0.21057087295562288,0.0825053858601311,7.685247318223202e-4,0,0,0,0,0,0.5732323579153304,0,0.5732323579153304,0.5732323579153304,1.9821999835944548,2.079917610710608,2.302545263710312,5.275498241500589,0.03259996250505486,0,0,0,0,0,11.67276106202102,11.67276106202102,Hoosiers,C,2,2
Ivan Herrera,STL,hitter,16.545696557008952,601,520,142,19,77,74,10,0.273423,NA,NA,NA,NA,NA,NA,0.26472539461900685,0.22844935852165427,0.4166375561154035,0.08250538586013109,0.12068710718160516,1.113004802297801,0,0,0,0,0,0,1.113004802297801,0,0,0,0,0,0,0,0,1,0,0,Util,0.5185403056045699,0.5185403056045699,0.13133129966813067,0.10580812394687146,0.2071927306087412,0.07920517042572585,-0.00499701904489933,0,0,0,0,0,0.13339409495087615,0.1226412345747828,0.2094448255066623,0.00330021543440524,0.1256841262265045,0,0,0,0,0,0.5944644966932311,0,0.5944644966932311,0.5944644966932311,2.148306127471085,2.068795056642636,1.8066124376803985,0.2110199296600235,5.331380543537156,0,0,0,0,0,11.5661140949913,11.5661140949913,National Pastime,C,Opt,2
Jackson Merrill,SDP,hitter,22.422964132171387,630,576,155,24,82,84,7,0.269556,NA,NA,NA,NA,NA,NA,0.2819153553085528,0.2885676107641949,0.472939928563431,0.05775377010209177,0.11720100709769338,1.218377671835964,0,0,0,0,0,0,1.218377671835964,0,0,0,0,0,1,0,0,1,0,0,OF,0.5185403056045699,0.5185403056045699,0.13133129966813067,0.10580812394687146,0.2071927306087412,0.07920517042572585,-0.00499701904489933,0,0,0,0,0,0.1505840556404221,0.18275948681732343,0.2657471979546898,-0.02145140032363408,0.1221980261425927,0,0,0,0,0,0.6998373662313939,0,0.6998373662313939,0.6998373662313939,2.4251497005988027,2.624922760041194,2.692206769876673,-1.3716295427901528,5.1835040636808545,0,0,0,0,0,11.554153751407371,11.554153751407371,Louisville Sluggers,OF,Opt,7
Rafael Devers,SFG,hitter,22.38071281559601,686,589,149,31,94,93,2,0.252531,NA,NA,NA,NA,NA,NA,0.32317126096346294,0.3727331639037517,0.5236120637666557,0.01650107717202622,0.04563887712763478,1.281656442933531,0,0,0,0,0,0,1.281656442933531,0,1,0,0,0,0,1,0,1,0,0,1B,0.4466098192993388,0.4466098192993388,0.11345374055100294,0.1106175841262747,0.19705830356809623,0.04125269293006554,-0.01577250187610062,0,0,0,0,0,0.20971752041246,0.262115579777477,0.3265537601985595,-0.02475161575803932,0.0614113790037354,0,0,0,0,0,0.8350466236341926,0,0.8350466236341926,0.8350466236341926,3.37749159215815,3.225540679711637,3.8611912883757538,-1.582649472450176,2.6050022465228144,0,0,0,0,0,11.48657633431818,11.48657633431818,Hoosiers,1B/3B,2,30
Nolan McLean,NYM,pitcher,7.130720995885953,NA,NA,NA,NA,NA,NA,NA,NA,145,10,0,140,3.81903,1.29399,0,0,0,0,0,0,0.2452991146598476,0,0.3863422521903098,0.07457854237113255,0.04089015944107413,0.7471100686623642,0.7471100686623642,0,0,0,0,0,0,0,0,0,1,0,P,0.4439721908381099,0.4439721908381099,0,0,0,0,0,0.13982049535611313,0.03627746556510604,0.2329091863204439,0.02333348430688774,0.0116315592895591,0,0,0,0,0,0.10547861930373448,-0.03627746556510604,0.1534330658698659,0.05124505806424481,0.02925860015151503,0,0.30313787782425416,0.30313787782425416,0.30313787782425416,0,0,0,0,0,5.443037974683549,-3.9795918367346976,3.818292806999694,4.008419688220399,2.170661972340237,11.460820605509184,11.460820605509184,Hoosiers,P,2,1
Reynaldo Lopez,ATL,pitcher,8.516058373550898,NA,NA,NA,NA,NA,NA,NA,NA,144,9,0,145,3.82857,1.25643,0,0,0,0,0,0,0.22076920319386284,0,0.4001401897685352,0.07345102615070127,0.05445205067295182,0.7488124697860511,0.7488124697860511,0,0,0,0,0,0,0,0,0,1,0,P,0.4439721908381099,0.4439721908381099,0,0,0,0,0,0.13982049535611313,0.03627746556510604,0.2329091863204439,0.02333348430688774,0.0116315592895591,0,0,0,0,0,0.08094870783774971,-0.03627746556510604,0.1672310034480913,0.05011754184381353,0.04282049138339272,0,0.3048402789479412,0.3048402789479412,0.3048402789479412,0,0,0,0,0,4.177215189873421,-3.9795918367346976,4.161664462305423,3.920224681960507,3.176803121185564,11.456315618590216,11.456315618590216,Free Birds,IL,Opt,4
Matt Olson,ATL,hitter,22.757672941184147,686,595,151,32,91,97,1,0.253214,NA,NA,NA,NA,NA,NA,0.3128572845497354,0.38475681435225983,0.5461330127458668,0.00825053858601311,0.04911112447095678,1.301108774704832,0,0,0,0,0,0,1.301108774704832,0,1,0,0,0,0,1,0,1,0,0,1B,0.4466098192993388,0.4466098192993388,0.11345374055100294,0.1106175841262747,0.19705830356809623,0.04125269293006554,-0.01577250187610062,0,0,0,0,0,0.19940354399873245,0.27413923022598513,0.34907470917777056,-0.03300215434405243,0.0648836263470574,0,0,0,0,0,0.8544989554054931,0,0.8544989554054931,0.8544989554054931,3.2113854482815194,3.447991761071061,4.038310154815009,-2.110199296600235,2.752291108563943,0,0,0,0,0,11.339779176131296,11.339779176131296,Free Birds,1B,2027,38
Noelvi Marte,CIN,hitter,11.440416759451844,539,494,125,17,64,66,15,0.252891,NA,NA,NA,NA,NA,NA,0.22003149682618753,0.20440205762463803,0.3715956581569815,0.12375807879019664,0.03959382162818742,0.9593811130261912,0,0,0,0,0,0,0.9593811130261912,0,0,0,1,0,1,1,0,1,0,0,3B,0.4518055273846128,0.4518055273846128,0.1182669295440758,0.08416555313955683,0.18917597142537235,0.04785312379887603,0.01234394947673169,0,0,0,0,0,0.10176456728211172,0.1202365044850812,0.18241968673160913,0.0759049549913206,0.02724987215145573,0,0,0,0,0,0.5075755856415783,0,0.5075755856415783,0.5075755856415783,1.6389139529160857,1.8018537590113288,1.771188664392548,4.853458382180541,1.1559092032061984,0,0,0,0,0,11.2213239617067,11.2213239617067,Melonheads,3B,Opt,16
Joey Ortiz,MIL,hitter,9.095185550218492,630,570,141,12,73,66,15,0.248125,NA,NA,NA,NA,NA,NA,0.25097342606737016,0.14428380538209745,0.3715956581569815,0.12375807879019664,0.02558161468572894,0.9161925830823746,0,0,0,0,0,0,0.9161925830823746,0,0,0,0,1,0,0,1,1,0,0,SS,0.3492615922902857,0.3492615922902857,0.0955761814338752,0.0504993318837341,0.13625174132422654,0.05775377010209177,0.00918056754635808,0,0,0,0,0,0.15539724463349497,0.09378447349836336,0.2353439168327549,0.06600430868810486,0.01640104713937086,0,0,0,0,0,0.566930990792089,0,0.566930990792089,0.566930990792089,2.502665901074564,2.324613800205973,1.3815271582261874,4.22039859320047,0.6957141385929293,0,0,0,0,0,11.124919591300124,11.124919591300124,Big Red Machine,3B,Opt,6
Quinn Priester,MIL,pitcher,3.0941646398329588,NA,NA,NA,NA,NA,NA,NA,NA,174,10,0,145,4.1224,1.31507,0,0,0,0,0,0,0.2452991146598476,0,0.4001401897685352,0.06593290913436672,0.03967982575856321,0.7510520393213128,0.7510520393213128,0,0,0,0,0,0,0,0,0,1,0,P,0.4439721908381099,0.4439721908381099,0,0,0,0,0,0.13982049535611313,0.03627746556510604,0.2329091863204439,0.02333348430688774,0.0116315592895591,0,0,0,0,0,0.10547861930373448,-0.03627746556510604,0.1672310034480913,0.04259942482747898,0.02804826646900411,0,0.3070798484832028,0.3070798484832028,0.3070798484832028,0,0,0,0,0,5.443037974683549,-3.9795918367346976,4.161664462305423,3.332152984806029,2.0808687052370964,11.0381322902974,11.0381322902974,Westside Marauders,P,2,1
Brady Singer,CIN,pitcher,2.759366733179274,NA,NA,NA,NA,NA,NA,NA,NA,169,10,0,160,4.3777,1.29694,0,0,0,0,0,0,0.2452991146598476,0,0.4415340025032112,0.04478008686694799,0.04638210302273037,0.7779953070527372,0.7779953070527372,0,0,0,0,0,0,0,0,0,1,0,P,0.4439721908381099,0.4439721908381099,0,0,0,0,0,0.13982049535611313,0.03627746556510604,0.2329091863204439,0.02333348430688774,0.0116315592895591,0,0,0,0,0,0.10547861930373448,-0.03627746556510604,0.2086248161827673,0.02144660256006025,0.03475054373317127,0,0.3340231162146272,0.3340231162146272,0.3340231162146272,0,0,0,0,0,5.443037974683549,-3.9795918367346976,5.191779428222605,1.677566329213806,2.578102964910141,10.910894860295404,10.910894860295404,Erie Lakers,P,2,2
Cole Henry,WSN,pitcher,-6.512190377136471,NA,NA,NA,NA,NA,NA,NA,NA,64,2,16,60,4.94107,1.45722,0,0,0,0,0,0,0.04905982293196952,0.22324594193911407,0.1655752509387042,8.6459032870795e-4,-0.00869123320269849,0.4300543729357973,0.4300543729357973,0,0,0,0,0,0,0,0,0,0,1,P,0.4439721908381099,0.4439721908381099,0,0,0,0,0,0.13982049535611313,0.03627746556510604,0.2329091863204439,0.02333348430688774,0.0116315592895591,0,0,0,0,0,-0.0907606724241436,0.18696847637400804,-0.0673339353817397,-0.02246889397817978,-0.02032279249225758,0,-0.01391781790231265,-0.01391781790231265,-0.01391781790231265,0,0,0,0,0,-4.683544303797472,20.510204081632672,-1.675653677891952,-1.7575305872765403,-1.5077246555290502,10.885750857137658,10.885750857137658,NA,NA,NA,NA
Edward Cabrera,CHC,pitcher,7.68094812483696,NA,NA,NA,NA,NA,NA,NA,NA,137,9,0,146,3.92152,1.24929,0,0,0,0,0,0,0.22076920319386284,0,0.40289977728418025,0.06419656829050571,0.05430881419166741,0.7421743629602162,0.7421743629602162,0,0,0,0,0,0,0,0,0,1,0,P,0.4439721908381099,0.4439721908381099,0,0,0,0,0,0.13982049535611313,0.03627746556510604,0.2329091863204439,0.02333348430688774,0.0116315592895591,0,0,0,0,0,0.08094870783774971,-0.03627746556510604,0.16999059096373634,0.04086308398361797,0.04267725490210831,0,0.2982021721221063,0.2982021721221063,0.2982021721221063,0,0,0,0,0,4.177215189873421,-3.9795918367346976,4.230338793366569,3.1963353452734884,3.166176570996361,10.79047406277514,10.79047406277514,Hoosiers,P,2,2
Andrew Abbott,CIN,pitcher,4.287820584601448,NA,NA,NA,NA,NA,NA,NA,NA,164,9,0,149,4.17201,1.2703,0,0,0,0,0,0,0.22076920319386284,0,0.4111785398311154,0.05851211829674475,0.05619259089322349,0.7466524522149465,0.7466524522149465,0,0,0,0,0,0,0,0,0,1,0,P,0.4439721908381099,0.4439721908381099,0,0,0,0,0,0.13982049535611313,0.03627746556510604,0.2329091863204439,0.02333348430688774,0.0116315592895591,0,0,0,0,0,0.08094870783774971,-0.03627746556510604,0.1782693535106715,0.03517863398985701,0.04456103160366439,0,0.3026802613768365,0.3026802613768365,0.3026802613768365,0,0,0,0,0,4.177215189873421,-3.9795918367346976,4.436361786550004,2.751694200694632,3.3059318029375095,10.69161114332087,10.69161114332087,Free Birds,P,2,2
Andy Pages,LAD,hitter,20.679382870577975,602,549,141,26,75,85,10,0.256537,NA,NA,NA,NA,NA,NA,0.25784941034318853,0.31261491166121114,0.47857016580823375,0.08250538586013109,0.05881470472792317,1.1903545784006877,0,0,0,0,0,0,1.1903545784006877,0,0,0,0,0,1,0,0,1,0,0,OF,0.5185403056045699,0.5185403056045699,0.13133129966813067,0.10580812394687146,0.2071927306087412,0.07920517042572585,-0.00499701904489933,0,0,0,0,0,0.12651811067505786,0.2068067877143397,0.27137743519949253,0.00330021543440524,0.0638117237728225,0,0,0,0,0,0.6718142727961179,0,0.6718142727961179,0.6718142727961179,2.037568698219999,2.68053553038105,3.0464445027551825,0.2110199296600235,2.706822196137052,0,0,0,0,0,10.682390857153308,10.682390857153308,Westside Marauders,OF,2,3
Michael Busch,CHC,hitter,18.860909892375812,602,526,133,28,84,82,4,0.252728,NA,NA,NA,NA,NA,NA,0.28879133958437114,0.33666221255822737,0.4616794540738255,0.03300215434405244,0.04152412421347123,1.1616592847739475,0,0,0,0,0,0,1.1616592847739475,0,1,0,0,0,0,1,0,1,0,0,1B,0.4466098192993388,0.4466098192993388,0.11345374055100294,0.1106175841262747,0.19705830356809623,0.04125269293006554,-0.01577250187610062,0,0,0,0,0,0.1753375990333682,0.2260446284319527,0.26462115050572926,-0.0082505385860131,0.05729662608957185,0,0,0,0,0,0.7150494654746089,0,0.7150494654746089,0.7150494654746089,2.8238044459027156,2.6138002059732233,3.3298346890579897,-0.5275498241500584,2.4304590143210043,0,0,0,0,0,10.670348531104873,10.670348531104873,Big Red Machine,1B,2027,11
Drake Baldwin,ATL,hitter,20.73949599172767,528,471,125,21,66,72,1,0.266365,NA,NA,NA,NA,NA,NA,0.2269074811020059,0.2524966594186705,0.405377081625798,0.00825053858601311,0.08471401004456351,0.9777457707770508,0,0,0,0,0,0,0.9777457707770508,1,0,0,0,0,0,0,0,1,0,0,C,0.30256973257349196,0.30256973257349196,0.08319940973740216,0.06011825224254059,0.13850383622214762,0.01650107717202622,0.00424715719937533,0,0,0,0,0,0.14370807136460373,0.19237840717612992,0.26687324540365037,-0.00825053858601311,0.08046685284518817,0,0,0,0,0,0.6751760382035591,0,0.6751760382035591,0.6751760382035591,2.314412271347716,2.636045314109166,2.833901863028076,-0.5275498241500589,3.4133142071208953,0,0,0,0,0,10.670123831455792,10.670123831455792,Free Birds,C,2,1
Ryne Nelson,ARI,pitcher,4.7590994434048195,NA,NA,NA,NA,NA,NA,NA,NA,167,9,0,138,4.09191,1.26815,0,0,0,0,0,0,0.22076920319386284,0,0.3808230771590197,0.06555318769970178,0.05813952436476721,0.7252849924173514,0.7252849924173514,0,0,0,0,0,0,0,0,0,1,1,P,0.4439721908381099,0.4439721908381099,0,0,0,0,0,0.13982049535611313,0.03627746556510604,0.2329091863204439,0.02333348430688774,0.0116315592895591,0,0,0,0,0,0.08094870783774971,-0.03627746556510604,0.14791389083857578,0.04221970339281404,0.04650796507520811,0,0.2813128015792416,0.2813128015792416,0.2813128015792416,0,0,0,0,0,4.177215189873421,-3.9795918367346976,3.680944144877403,3.302450942653163,3.4503725631745463,10.631391003843836,10.631391003843836,Erie Lakers,P,2,2
Sal Stewart,CIN,hitter,12.085503764696492,504,454,120,18,65,69,8,0.263747,NA,NA,NA,NA,NA,NA,0.2234694889640967,0.21642570807314615,0.38848636989138974,0.06600430868810488,0.072860706986102,0.9672465826028396,0,0,0,0,0,0,0.9672465826028396,0,1,0,1,0,0,1,0,1,0,0,1B,0.4466098192993388,0.4466098192993388,0.11345374055100294,0.1106175841262747,0.19705830356809623,0.04125269293006554,-0.01577250187610062,0,0,0,0,0,0.11001574841309378,0.10580812394687145,0.1914280663232935,0.02475161575803933,0.08863320886220262,0,0,0,0,0,0.5206367633035007,0,0.5206367633035007,0.5206367633035007,1.7717988680173902,1.8908341915550977,1.558646024665442,1.5826494724501772,3.7597219269171527,0,0,0,0,0,10.563650483605258,10.563650483605258,Westside Marauders,1B/3B,2,1
Matt Chapman,SFG,hitter,17.089551808451567,672,583,141,27,89,84,9,0.241457,NA,NA,NA,NA,NA,NA,0.305981300273917,0.32463856210971925,0.472939928563431,0.07425484727411799,-0.00260285499304907,1.1752117832281364,0,0,0,0,0,0,1.1752117832281364,0,0,0,1,0,0,1,0,1,0,0,3B,0.4518055273846128,0.4518055273846128,0.1182669295440758,0.08416555313955683,0.18917597142537235,0.04785312379887603,0.01234394947673169,0,0,0,0,0,0.1877143707298412,0.24047300897016244,0.28376395713805863,0.02640172347524196,-0.01494680446978076,0,0,0,0,0,0.7234062558435235,0,0.7234062558435235,0.7234062558435235,3.0231318185546714,2.8028836251287332,3.542377328785096,1.688159437280189,-0.634026785487878,0,0,0,0,0,10.422525424260812,10.422525424260812,Free At Last,3B,Opt,18
Jordan Beck,COL,hitter,14.600147415212003,581,528,133,17,66,66,17,0.252134,NA,NA,NA,NA,NA,NA,0.2269074811020059,0.20440205762463803,0.3715956581569815,0.14025915596222285,0.03936106730510688,0.9825254201509552,0,0,0,0,0,0,0.9825254201509552,0,0,0,0,0,1,0,0,1,0,0,OF,0.5185403056045699,0.5185403056045699,0.13133129966813067,0.10580812394687146,0.2071927306087412,0.07920517042572585,-0.00499701904489933,0,0,0,0,0,0.09557618143387522,0.09859393367776656,0.1644029275482403,0.061053985536497,0.04435808635000621,0,0,0,0,0,0.4639851145463853,0,0.4639851145463853,0.4639851145463853,1.5392502665901078,1.6238928939237895,1.452374704801889,3.9038686987104354,1.881620580221632,0,0,0,0,0,10.401007144247853,10.401007144247853,Hoosiers,OF,2,4
Alec Bohm,PHI,hitter,15.105254473434396,609,556,155,16,70,78,3,0.278395,NA,NA,NA,NA,NA,NA,0.2406594496536426,0.19237840717612992,0.4391585050946145,0.02475161575803933,0.1494997515035833,1.0464477291860097,0,0,0,0,0,0,1.0464477291860097,0,0,0,1,0,0,1,0,1,0,0,3B,0.4518055273846128,0.4518055273846128,0.1182669295440758,0.08416555313955683,0.18917597142537235,0.04785312379887603,0.01234394947673169,0,0,0,0,0,0.1223925201095668,0.10821285403657308,0.24998253366924217,-0.0231015080408367,0.1371558020268516,0,0,0,0,0,0.5946422018013969,0,0.5946422018013969,0.5946422018013969,1.9711262406693464,2.4692070030895987,1.594069797953293,-1.4771395076201643,5.817996244341854,0,0,0,0,0,10.375259778433929,10.375259778433929,NA,NA,NA,NA
Teoscar Hernandez,LAD,hitter,22.178695457315857,595,546,142,29,75,92,6,0.260762,NA,NA,NA,NA,NA,NA,0.25784941034318853,0.3486858630067355,0.517981826521853,0.04950323151607866,0.07556449211454537,1.249584823502401,0,0,0,0,0,0,1.249584823502401,0,0,0,0,0,1,0,0,1,0,0,OF,0.5185403056045699,0.5185403056045699,0.13133129966813067,0.10580812394687146,0.2071927306087412,0.07920517042572585,-0.00499701904489933,0,0,0,0,0,0.12651811067505786,0.24287773905986404,0.31078909591311177,-0.02970193890964718,0.0805615111594447,0,0,0,0,0,0.7310445178978311,0,0.7310445178978311,0.7310445178978311,2.037568698219999,3.0698249227600405,3.5778011020729465,-1.8991793669402115,3.417329507302891,0,0,0,0,0,10.203344863415666,10.203344863415666,Free Birds,OF,Opt,20
Matt McLain,CIN,hitter,12.83723927747157,616,543,128,19,78,67,18,0.235338,NA,NA,NA,NA,NA,NA,0.26816338675691603,0.22844935852165427,0.37722589540178425,0.14850969454823598,-0.02701234189042845,0.995335993338162,0,0,0,0,0,0,0.995335993338162,0,0,1,0,0,0,0,1,1,0,0,2B,0.4277408742732015,0.4277408742732015,0.1107033468406756,0.07214190269104871,0.16327688009927974,0.07920517042572585,0.00241357421647157,0,0,0,0,0,0.1574600399162404,0.15630745583060557,0.21394901530250451,0.06930452412251013,-0.02942591610690002,0,0,0,0,0,0.5675951190649605,0,0.5675951190649605,0.5675951190649605,2.535887129849889,2.113285272914521,2.302545263710312,4.431418522860495,-1.2482145623175769,0,0,0,0,0,10.134921627017642,10.134921627017642,Hoosiers,2B/SS,2028,16
Adolis Garcia,PHI,hitter,19.674280061004993,609,556,134,28,75,88,13,0.241109,NA,NA,NA,NA,NA,NA,0.25784941034318853,0.33666221255822737,0.495460877542642,0.10725700161817042,-0.00391416334146656,1.1933153387207618,0,0,0,0,0,0,1.1933153387207618,0,0,0,0,0,1,0,0,1,0,0,OF,0.5185403056045699,0.5185403056045699,0.13133129966813067,0.10580812394687146,0.2071927306087412,0.07920517042572585,-0.00499701904489933,0,0,0,0,0,0.12651811067505786,0.23085408861135592,0.2882681469339008,0.02805183119244457,0.00108285570343277,0,0,0,0,0,0.674775033116192,0,0.674775033116192,0.674775033116192,2.037568698219999,2.8473738414006178,3.400682235633692,1.7936694021102002,0.04593353195880569,0,0,0,0,0,10.125227709323315,10.125227709323315,NA,NA,NA,NA
Gabriel Moreno,ARI,hitter,15.642833261098852,456,406,113,11,54,56,4,0.279035,NA,NA,NA,NA,NA,NA,0.1856515754470957,0.1322601549335893,0.315293285708954,0.03300215434405244,0.11108995583553428,0.7772971262692256,0,0,0,0,0,0,0.7772971262692256,1,0,0,0,0,0,0,0,1,0,0,C,0.30256973257349196,0.30256973257349196,0.08319940973740216,0.06011825224254059,0.13850383622214762,0.01650107717202622,0.00424715719937533,0,0,0,0,0,0.10245216570969357,0.07214190269104873,0.17678944948680636,0.01650107717202622,0.10684279863615896,0,0,0,0,0,0.4747273936957338,0,0.4747273936957338,0.4747273936957338,1.6499876958411943,1.7462409886714727,1.0627131986355287,1.0550996483001178,4.532152428217731,0,0,0,0,0,10.046193959666043,10.046193959666043,NA,NA,NA,NA
Jacob Misiorowski,MIL,pitcher,7.241125307299473,NA,NA,NA,NA,NA,NA,NA,NA,134,9,0,154,3.98301,1.28174,0,0,0,0,0,0,0.22076920319386284,0,0.4249764774093408,0.05911300977136904,0.04198971174289932,0.7468484021174719,0.7468484021174719,0,0,0,0,0,0,0,0,0,1,0,P,0.4439721908381099,0.4439721908381099,0,0,0,0,0,0.13982049535611313,0.03627746556510604,0.2329091863204439,0.02333348430688774,0.0116315592895591,0,0,0,0,0,0.08094870783774971,-0.03627746556510604,0.1920672910888969,0.0357795254644813,0.03035815245334022,0,0.3028762112793621,0.3028762112793621,0.3028762112793621,0,0,0,0,0,4.177215189873421,-3.9795918367346976,4.779733441855733,2.7986962982305186,2.2522364959268524,10.028289589151829,10.028289589151829,Melonheads,P,2,1
Ozzie Albies,ATL,hitter,14.93270043853439,630,571,145,19,75,75,11,0.253885,NA,NA,NA,NA,NA,NA,0.25784941034318853,0.22844935852165427,0.42226779336020626,0.0907559244461442,0.04996549620417354,1.0492879828753667,0,0,0,0,0,0,1.0492879828753667,0,0,1,0,0,0,0,1,1,0,0,2B,0.4277408742732015,0.4277408742732015,0.1107033468406756,0.07214190269104871,0.16327688009927974,0.07920517042572585,0.00241357421647157,0,0,0,0,0,0.1471460635025129,0.15630745583060557,0.2589909132609265,0.01155075402041835,0.04755192198770196,0,0,0,0,0,0.6215471086021653,0,0.6215471086021653,0.6215471086021653,2.369780985973259,2.5581874356333674,2.302545263710312,0.7385697538100827,2.0170995280354567,0,0,0,0,0,9.98618296716248,9.98618296716248,Free At Last,2B,2026,42
Chase Burns,CIN,pitcher,10.5045797435814,NA,NA,NA,NA,NA,NA,NA,NA,117,8,0,135,3.73669,1.16926,0,0,0,0,0,0,0.19623929172787807,0,0.3725443146120844,0.06447723210772256,0.07034725194944004,0.7036080903971251,0.7036080903971251,0,0,0,0,0,0,0,0,0,1,0,P,0.4439721908381099,0.4439721908381099,0,0,0,0,0,0.13982049535611313,0.03627746556510604,0.2329091863204439,0.02333348430688774,0.0116315592895591,0,0,0,0,0,0.05641879637176494,-0.03627746556510604,0.13963512829164051,0.04114374780083482,0.05871569265988094,0,0.25963589955901517,0.25963589955901517,0.25963589955901517,0,0,0,0,0,2.9113924050632938,-3.9795918367346976,3.4749211516939655,3.218289040189644,4.356049864874373,9.981060625086576,9.981060625086576,Westside Marauders,P,2,1
Daylen Lile,WSN,hitter,14.073423191731564,553,505,135,11,66,64,14,0.267165,NA,NA,NA,NA,NA,NA,0.2269074811020059,0.1322601549335893,0.360335183667376,0.11550754020418354,0.09381893211507872,0.9288292920222334,0,0,0,0,0,0,0.9288292920222334,0,0,0,0,0,1,0,0,1,0,0,OF,0.5185403056045699,0.5185403056045699,0.13133129966813067,0.10580812394687146,0.2071927306087412,0.07920517042572585,-0.00499701904489933,0,0,0,0,0,0.09557618143387522,0.02645203098671784,0.1531424530586348,0.03630236977845769,0.09881595115997804,0,0,0,0,0,0.4102889864176636,0,0.4102889864176636,0.4102889864176636,1.5392502665901078,1.5126673532440782,0.38966150616636025,2.3212192262602596,4.191662505223567,0,0,0,0,0,9.954460857484372,9.954460857484372,Erie Lakers,Util,2,1
Eury Perez,MIA,pitcher,7.649953592489864,NA,NA,NA,NA,NA,NA,NA,NA,135,8,0,145,4.04062,1.20568,0,0,0,0,0,0,0.19623929172787807,0,0.4001401897685352,0.05608271068871179,0.06858517769314687,0.7210473698782719,0.7210473698782719,0,0,0,0,0,0,0,0,0,1,0,P,0.4439721908381099,0.4439721908381099,0,0,0,0,0,0.13982049535611313,0.03627746556510604,0.2329091863204439,0.02333348430688774,0.0116315592895591,0,0,0,0,0,0.05641879637176494,-0.03627746556510604,0.1672310034480913,0.03274922638182405,0.05695361840358777,0,0.277075179040162,0.277075179040162,0.277075179040162,0,0,0,0,0,2.9113924050632938,-3.9795918367346976,4.161664462305423,2.5616644562743347,4.225323597699309,9.880453084607662,9.880453084607662,Blue Socks,P,Opt,1
David Peterson,NYM,pitcher,3.027658694724258,NA,NA,NA,NA,NA,NA,NA,NA,163,9,0,146,3.85161,1.35045,0,0,0,0,0,0,0.22076920319386284,0,0.40289977728418025,0.0814661946066396,0.02241033816304946,0.7275455132477322,0.7275455132477322,0,0,0,0,0,0,0,0,0,1,0,P,0.4439721908381099,0.4439721908381099,0,0,0,0,0,0.13982049535611313,0.03627746556510604,0.2329091863204439,0.02333348430688774,0.0116315592895591,0,0,0,0,0,0.08094870783774971,-0.03627746556510604,0.16999059096373634,0.05813271029975186,0.01077877887349036,0,0.28357332240962224,0.28357332240962224,0.28357332240962224,0,0,0,0,0,4.177215189873421,-3.9795918367346976,4.230338793366569,4.54717604579559,0.7996652364702536,9.774803428771136,9.774803428771136,NA,NA,NA,NA
Kyle Schwarber,PHI,hitter,23.81745458464415,686,573,130,44,103,105,7,0.22683,NA,NA,NA,NA,NA,NA,0.35411319020464554,0.5290406197343572,0.5911749107042887,0.05775377010209177,-0.06458139193342127,1.467501098811962,0,0,0,0,0,0,1.467501098811962,0,0,0,0,0,0,0,0,1,0,0,Util,0.5185403056045699,0.5185403056045699,0.13133129966813067,0.10580812394687146,0.2071927306087412,0.07920517042572585,-0.00499701904489933,0,0,0,0,0,0.22278189053651487,0.4232324957874858,0.3839821800955475,-0.02145140032363408,-0.05958437288852194,0,0,0,0,0,0.9489607932073922,0,0.9489607932073922,0.9489607932073922,3.587892707735215,3.7927909371781663,6.2345840986617675,-1.3716295427901528,-2.527502683546831,0,0,0,0,0,9.716135517238165,9.716135517238165,Free At Last,Bench,2,24
Robert Suarez,ATL,pitcher,5.449536888346806,NA,NA,NA,NA,NA,NA,NA,NA,67,5,8,70,3.5586700000000002,1.1931,0,0,0,0,0,0,0.1226495573299238,0.11162297096955703,0.1931711260951549,0.04224665948029863,0.03619594436865565,0.50588625824359,0.50588625824359,0,0,0,0,0,0,0,0,0,0,1,P,0.4439721908381099,0.4439721908381099,0,0,0,0,0,0.13982049535611313,0.03627746556510604,0.2329091863204439,0.02333348430688774,0.0116315592895591,0,0,0,0,0,-0.01717093802618932,0.075345505404451,-0.039738060225289,0.01891317517341089,0.02456438507909655,0,0.06191406740548011,0.06191406740548011,0.06191406740548011,0,0,0,0,0,-0.886075949367089,8.265306122448985,-0.9889103672804962,1.4794000942845589,1.8224035425138343,9.692123442599794,9.692123442599794,Big Red Machine,P,Opt,9
Dustin May,STL,pitcher,3.559417680650626,NA,NA,NA,NA,NA,NA,NA,NA,156,9,0,141,4.17503,1.28584,0,0,0,0,0,0,0.22076920319386284,0,0.38910183970595486,0.05544758295332161,0.04724643225838097,0.7125650581115204,0.7125650581115204,0,0,0,0,0,0,0,0,0,1,0,P,0.4439721908381099,0.4439721908381099,0,0,0,0,0,0.13982049535611313,0.03627746556510604,0.2329091863204439,0.02333348430688774,0.0116315592895591,0,0,0,0,0,0.08094870783774971,-0.03627746556510604,0.15619265338551094,0.03211409864643387,0.03561487296882187,0,0.26859286727341036,0.26859286727341036,0.26859286727341036,0,0,0,0,0,4.177215189873421,-3.9795918367346976,3.886967138060839,2.5119843775459403,2.642226559124935,9.238801427870438,9.238801427870438,NA,NA,NA,NA
JJ Wetherholt,STL,hitter,10.777001897736806,539,473,120,11,63,60,12,0.254265,NA,NA,NA,NA,NA,NA,0.21659350468827832,0.1322601549335893,0.337814234688165,0.09900646303215732,0.04272009608710381,0.8283944534292937,0,0,0,0,0,0,0.8283944534292937,0,0,1,0,1,0,0,1,1,0,0,SS,0.3492615922902857,0.3492615922902857,0.0955761814338752,0.0504993318837341,0.13625174132422654,0.05775377010209177,0.00918056754635808,0,0,0,0,0,0.12101732325440312,0.08176082304985521,0.20156249336393847,0.04125269293006555,0.03353952854074573,0,0,0,0,0,0.4791328611390081,0,0.4791328611390081,0.4791328611390081,1.9489787548191289,1.9909371781668384,1.2044082917869323,2.6377491207502946,1.422709416615515,0,0,0,0,0,9.20478276213871,9.20478276213871,Hoosiers,Bench,2,1
Seiya Suzuki,CHC,hitter,20.323673023229965,616,540,139,26,77,86,7,0.25638,NA,NA,NA,NA,NA,NA,0.26472539461900685,0.31261491166121114,0.48420040305303647,0.05775377010209177,0.05722313926120989,1.1765176186965562,0,0,0,0,0,0,1.1765176186965562,0,0,0,0,0,1,0,0,1,0,0,OF,0.5185403056045699,0.5185403056045699,0.13133129966813067,0.10580812394687146,0.2071927306087412,0.07920517042572585,-0.00499701904489933,0,0,0,0,0,0.13339409495087615,0.2068067877143397,0.27700767244429525,-0.02145140032363408,0.06222015830610922,0,0,0,0,0,0.6579773130919863,0,0.6579773130919863,0.6579773130919863,2.148306127471085,2.7361483007209055,3.0464445027551825,-1.3716295427901528,2.63930976304181,0,0,0,0,0,9.19857915119883,9.19857915119883,Melonheads,OF,2,21
J.T. Realmuto,PHI,hitter,14.606376651482888,500,454,114,15,56,58,7,0.251368,NA,NA,NA,NA,NA,NA,0.19252755972291408,0.1803547567276218,0.3265537601985595,0.05775377010209177,0.03127102673369364,0.7884608734848808,0,0,0,0,0,0,0.7884608734848808,1,0,0,0,0,0,0,0,1,0,0,C,0.30256973257349196,0.30256973257349196,0.08319940973740216,0.06011825224254059,0.13850383622214762,0.01650107717202622,0.00424715719937533,0,0,0,0,0,0.10932814998551192,0.12023650448508122,0.18804992397641185,0.04125269293006554,0.02702386953431831,0,0,0,0,0,0.48589114091138885,0,0.48589114091138885,0.48589114091138885,1.7607251250922813,1.857466529351184,1.771188664392548,2.637749120750294,1.146322424095975,0,0,0,0,0,9.173451863682285,9.173451863682285,Blue Socks,C,2,13
Sal Frelick,MIL,hitter,11.169165347499035,511,460,125,8,60,52,15,0.27097,NA,NA,NA,NA,NA,NA,0.2062795282745508,0.09618920358806496,0.292772336729743,0.12375807879019664,0.09841142044102086,0.8174105678235764,0,0,0,0,0,0,0.8174105678235764,0,0,0,0,0,1,0,0,1,0,0,OF,0.5185403056045699,0.5185403056045699,0.13133129966813067,0.10580812394687146,0.2071927306087412,0.07920517042572585,-0.00499701904489933,0,0,0,0,0,0.07494822860642011,-0.0096189203588065,0.08557960612100182,0.04455290836447079,0.10340843948592018,0,0,0,0,0,0.29887026221900637,0,0.29887026221900637,0.29887026221900637,1.2070379788368468,0.8453141091658086,-0.14169509315140388,2.8487690504103176,4.386470741095968,0,0,0,0,0,9.145896786357536,9.145896786357536,NA,NA,NA,NA
Willi Castro,COL,hitter,9.019147231082831,539,479,123,13,67,54,14,0.25647,NA,NA,NA,NA,NA,NA,0.23034547323991503,0.15630745583060557,0.3040328112193485,0.11550754020418354,0.05107806704259744,0.8572713475366501,0,0,0,0,0,0,0.8572713475366501,0,0,1,1,0,1,1,1,1,0,0,2B,0.4277408742732015,0.4277408742732015,0.1107033468406756,0.07214190269104871,0.16327688009927974,0.07920517042572585,0.00241357421647157,0,0,0,0,0,0.11964212639923942,0.08416555313955686,0.14075593112006876,0.03630236977845769,0.04866449282612586,0,0,0,0,0,0.4295304732634486,0,0.4295304732634486,0.4295304732634486,1.9268312689689109,1.3903192584963957,1.2398320650747836,2.3212192262602596,2.0642935428992777,0,0,0,0,0,8.942495361699628,8.942495361699628,Melonheads,OF,2,17
Braxton Ashcraft,PIT,pitcher,5.080115336770737,NA,NA,NA,NA,NA,NA,NA,NA,149,8,0,132,3.83737,1.28309,0,0,0,0,0,0,0.19623929172787807,0,0.36426555206514927,0.07541615138080258,0.04617519139823275,0.6820961865720627,0.6820961865720627,0,0,0,0,0,0,0,0,0,1,1,P,0.4439721908381099,0.4439721908381099,0,0,0,0,0,0.13982049535611313,0.03627746556510604,0.2329091863204439,0.02333348430688774,0.0116315592895591,0,0,0,0,0,0.05641879637176494,-0.03627746556510604,0.13135636574470536,0.05208266707391484,0.03454363210867365,0,0.2381239957339527,0.2381239957339527,0.2381239957339527,0,0,0,0,0,2.9113924050632938,-3.9795918367346976,3.26889815851053,4.073937975684975,2.5627524289102546,8.837389131434357,8.837389131434357,Big Red Machine,P,2,1
Will Smith,LAD,hitter,17.999246967985048,500,428,109,19,67,67,2,0.25537,NA,NA,NA,NA,NA,NA,0.23034547323991503,0.22844935852165427,0.37722589540178425,0.01650107717202622,0.04215567262932421,0.8946774769647039,0,0,0,0,0,0,0.8946774769647039,1,0,0,0,0,0,0,0,1,0,0,C,0.30256973257349196,0.30256973257349196,0.08319940973740216,0.06011825224254059,0.13850383622214762,0.01650107717202622,0.00424715719937533,0,0,0,0,0,0.14714606350251286,0.16833110627911368,0.23872205917963665,0,0.03790851542994888,0,0,0,0,0,0.592107744391212,0,0.592107744391212,0.592107744391212,2.369780985973258,2.357981462409887,2.4796641301495668,0,1.6080369706623088,0,0,0,0,0,8.81546354919502,8.81546354919502,Westside Marauders,IL,2,15
Mickey Moniak,COL,hitter,15.729380199058442,483,451,120,21,64,67,9,0.26628,NA,NA,NA,NA,NA,NA,0.22003149682618753,0.2524966594186705,0.37722589540178425,0.07425484727411799,0.08083312503607583,1.004842023956836,0,0,0,0,0,0,1.004842023956836,0,0,0,0,0,1,0,0,1,0,0,OF,0.5185403056045699,0.5185403056045699,0.13133129966813067,0.10580812394687146,0.2071927306087412,0.07920517042572585,-0.00499701904489933,0,0,0,0,0,0.08870019715805685,0.14668853547179905,0.17003316479304306,-0.00495032315160785,0.08583014408097515,0,0,0,0,0,0.48630171835226627,0,0.48630171835226627,0.48630171835226627,1.4285128373390208,1.6795056642636457,2.160850170558908,-0.3165298944900348,3.640819043270746,0,0,0,0,0,8.593157820942285,8.593157820942285,Blue Socks,OF,2,1
Jared Triolo,PIT,hitter,6.5493336812243985,553,485,119,9,62,51,15,0.244832,NA,NA,NA,NA,NA,NA,0.21315551255036916,0.10821285403657308,0.28714209948494024,0.12375807879019664,0.0099478967962702,0.7422164416583493,0,0,0,0,0,0,0.7422164416583493,0,1,0,1,1,0,1,1,1,0,0,SS,0.3492615922902857,0.3492615922902857,0.0955761814338752,0.0504993318837341,0.13625174132422654,0.05775377010209177,0.00918056754635808,0,0,0,0,0,0.11757933111649396,0.05771352215283897,0.1508903581607137,0.06600430868810486,7.673292499121211e-4,0,0,0,0,0,0.3929548493680636,0,0.3929548493680636,0.3929548493680636,1.8936100401935856,1.4904222451081357,0.8501705589084229,4.22039859320047,0.0325492514949413,0,0,0,0,0,8.487150688905556,8.487150688905556,Louisville Sluggers,1B,2,1
Clay Holmes,NYM,pitcher,2.4753239888120495,NA,NA,NA,NA,NA,NA,NA,NA,153,10,0,125,3.89107,1.36813,0,0,0,0,0,0,0.2452991146598476,0,0.34494843945563375,0.07377346786767333,0.01411168172168253,0.6781327037048372,0.6781327037048372,0,0,0,0,0,0,0,0,0,1,0,P,0.4439721908381099,0.4439721908381099,0,0,0,0,0,0.13982049535611313,0.03627746556510604,0.2329091863204439,0.02333348430688774,0.0116315592895591,0,0,0,0,0,0.10547861930373448,-0.03627746556510604,0.11203925313518984,0.05043998356078559,0.00248012243212343,0,0.2341605128667273,0.2341605128667273,0.2341605128667273,0,0,0,0,0,5.443037974683549,-3.9795918367346976,2.7881778410825104,3.9454462696693944,0.18399743741258753,8.381067686113344,8.381067686113344,NA,NA,NA,NA
Heliot Ramos,SFG,hitter,17.597503968494937,637,573,147,22,77,78,7,0.257289,NA,NA,NA,NA,NA,NA,0.26472539461900685,0.2645203098671786,0.4391585050946145,0.05775377010209177,0.06457456114133671,1.0907325408242283,0,0,0,0,0,0,1.0907325408242283,0,0,0,0,0,1,0,0,1,0,0,OF,0.5185403056045699,0.5185403056045699,0.13133129966813067,0.10580812394687146,0.2071927306087412,0.07920517042572585,-0.00499701904489933,0,0,0,0,0,0.13339409495087615,0.15871218592030717,0.23196577448587333,-0.02145140032363408,0.06957158018623603,0,0,0,0,0,0.5721922352196586,0,0.5721922352196586,0.5721922352196586,2.148306127471085,2.2912461380020597,2.337969036998163,-1.3716295427901528,2.951148885099344,0,0,0,0,0,8.357040644780499,8.357040644780499,Hoosiers,OF,2,16
Jung Hoo Lee,SFG,hitter,13.564512680939169,609,552,150,10,68,64,9,0.271337,NA,NA,NA,NA,NA,NA,0.23378346537782424,0.1202365044850812,0.360335183667376,0.07425484727411799,0.11959286909139458,0.908202869895794,0,0,0,0,0,0,0.908202869895794,0,0,0,0,0,1,0,0,1,0,0,OF,0.5185403056045699,0.5185403056045699,0.13133129966813067,0.10580812394687146,0.2071927306087412,0.07920517042572585,-0.00499701904489933,0,0,0,0,0,0.10245216570969357,0.01442838053820974,0.1531424530586348,-0.00495032315160785,0.1245898881362939,0,0,0,0,0,0.38966256429122414,0,0.38966256429122414,0.38966256429122414,1.6499876958411943,1.5126673532440782,0.21254263972710577,-0.3165298944900348,5.284964183418357,0,0,0,0,0,8.343631977740701,8.343631977740701,Blue Socks,OF,Opt,15
Sean Manaea,NYM,pitcher,5.668952205743751,NA,NA,NA,NA,NA,NA,NA,NA,136,8,0,140,4.19583,1.22862,0,0,0,0,0,0,0.19623929172787807,0,0.3863422521903098,0.04707627603610314,0.06110770969891559,0.6907655296532065,0.6907655296532065,0,0,0,0,0,0,0,0,0,1,0,P,0.4439721908381099,0.4439721908381099,0,0,0,0,0,0.13982049535611313,0.03627746556510604,0.2329091863204439,0.02333348430688774,0.0116315592895591,0,0,0,0,0,0.05641879637176494,-0.03627746556510604,0.1534330658698659,0.0237427917292154,0.04947615040935649,0,0.24679333881509669,0.24679333881509669,0.24679333881509669,0,0,0,0,0,2.9113924050632938,-3.9795918367346976,3.818292806999694,1.8571756461157591,3.670578827258588,8.277847848702638,8.277847848702638,NA,NA,NA,NA
Harrison Bader,SFG,hitter,11.751959795499086,532,484,122,15,62,59,15,0.251226,NA,NA,NA,NA,NA,NA,0.21315551255036916,0.1803547567276218,0.33218399744336224,0.12375807879019664,0.03282879236379564,0.8822811378753455,0,0,0,0,0,0,0.8822811378753455,0,0,0,0,0,1,0,0,1,0,0,OF,0.5185403056045699,0.5185403056045699,0.13133129966813067,0.10580812394687146,0.2071927306087412,0.07920517042572585,-0.00499701904489933,0,0,0,0,0,0.08182421288223848,0.07454663278075034,0.12499126683462106,0.04455290836447079,0.03782581140869497,0,0,0,0,0,0.3637408322707757,0,0.3637408322707757,0.3637408322707757,1.3177754080879338,1.2346035015447991,1.0981369719233796,2.8487690504103176,1.6045287582648995,0,0,0,0,0,8.103813690231329,8.103813690231329,Blue Socks,OF,2,2
Jurickson Profar,ATL,hitter,16.714006351155955,644,556,141,19,82,74,9,0.252949,NA,NA,NA,NA,NA,NA,0.2819153553085528,0.22844935852165427,0.4166375561154035,0.07425484727411799,0.04480172872969655,1.0460588459494249,0,0,0,0,0,0,1.0460588459494249,0,0,0,0,0,1,0,0,1,0,0,OF,0.5185403056045699,0.5185403056045699,0.13133129966813067,0.10580812394687146,0.2071927306087412,0.07920517042572585,-0.00499701904489933,0,0,0,0,0,0.1505840556404221,0.1226412345747828,0.2094448255066623,-0.00495032315160785,0.04979874777459588,0,0,0,0,0,0.5275185403448552,0,0.5275185403448552,0.5275185403448552,2.4251497005988027,2.068795056642636,1.8066124376803985,-0.3165298944900348,2.112407373541548,0,0,0,0,0,8.096434673973349,8.096434673973349,Blue Socks,OF,Opt,2
Alex Bregman,CHC,hitter,14.973935357624718,672,584,146,23,87,82,3,0.250012,NA,NA,NA,NA,NA,NA,0.2991053159980987,0.27654396031568673,0.4616794540738255,0.02475161575803933,0.03436502795025032,1.0964453740959006,0,0,0,0,0,0,1.0964453740959006,0,0,0,1,0,0,1,0,1,0,0,3B,0.4518055273846128,0.4518055273846128,0.1182669295440758,0.08416555313955683,0.18917597142537235,0.04785312379887603,0.01234394947673169,0,0,0,0,0,0.1808383864540229,0.19237840717612992,0.27250348264845314,-0.0231015080408367,0.02202107847351863,0,0,0,0,0,0.6446398467112879,0,0.6446398467112879,0.6446398467112879,2.9123943893035853,2.691658084449022,2.833901863028076,-1.4771395076201643,0.9341096035456548,0,0,0,0,0,7.894924432706173,7.894924432706173,NA,NA,NA,NA
Nasim Nunez,WSN,hitter,-3.389400717782256,322,283,64,4,37,27,24,0.227125,NA,NA,NA,NA,NA,NA,0.12720570910263967,0.04809460179403248,0.15201640560967425,0.19801292606431464,-0.03127841304597405,0.494051229524687,0,0,0,0,0,0,0.494051229524687,0,0,1,0,1,0,0,1,1,0,0,SS,0.3492615922902857,0.3492615922902857,0.0955761814338752,0.0504993318837341,0.13625174132422654,0.05775377010209177,0.00918056754635808,0,0,0,0,0,0.03162952766876448,-0.00240473008970162,0.0157646642854477,0.14025915596222288,-0.04045898059233212,0,0,0,0,0,0.1447896372344013,0,0.1447896372344013,0.1447896372344013,0.509392174555,0.1557157569515963,-0.03542377328785092,8.968347010551001,-1.716224860031841,0,0,0,0,0,7.881806308737906,7.881806308737906,NA,NA,NA,NA
Ryan O'Hearn,PIT,hitter,11.644166764656504,546,486,130,15,64,63,3,0.267153,NA,NA,NA,NA,NA,NA,0.22003149682618753,0.1803547567276218,0.3547049464225732,0.02475161575803933,0.09024595286999117,0.870088768604413,0,0,0,0,0,0,0.870088768604413,0,1,0,0,0,1,1,0,1,0,0,1B,0.4466098192993388,0.4466098192993388,0.11345374055100294,0.1106175841262747,0.19705830356809623,0.04125269293006554,-0.01577250187610062,0,0,0,0,0,0.10657775627518461,0.0697371726013471,0.157646642854477,-0.01650107717202621,0.10601845474609178,0,0,0,0,0,0.4234789493050743,0,0.4234789493050743,0.4234789493050743,1.716430153391847,1.5571575695159627,1.0272894253476776,-1.0550996483001172,4.497184679237502,0,0,0,0,0,7.742962179192872,7.742962179192872,Erie Lakers,1B/3B,2,11
Eugenio Suarez,CIN,hitter,17.313019694768954,616,546,128,35,79,97,3,0.234918,NA,NA,NA,NA,NA,NA,0.2716013788948252,0.4208277656977842,0.5461330127458668,0.02475161575803933,-0.02885859798048353,1.234455175116032,0,0,0,0,0,0,1.234455175116032,0,0,0,1,0,0,1,0,1,0,0,3B,0.4518055273846128,0.4518055273846128,0.1182669295440758,0.08416555313955683,0.18917597142537235,0.04785312379887603,0.01234394947673169,0,0,0,0,0,0.1533344493507494,0.33666221255822737,0.35695704132049444,-0.0231015080408367,-0.04120254745721522,0,0,0,0,0,0.7826496477314193,0,0.7826496477314193,0.7826496477314193,2.469444672299237,3.5258496395468595,4.9593282602991335,-1.4771395076201643,-1.7477661376400604,0,0,0,0,0,7.729716926885005,7.729716926885005,NA,NA,NA,NA
Marcus Semien,NYM,hitter,13.51443706551968,644,576,140,20,82,75,9,0.242363,NA,NA,NA,NA,NA,NA,0.2819153553085528,0.2404730089701624,0.42226779336020626,0.07425484727411799,0.00129024219568804,1.0202012471087274,0,0,0,0,0,0,1.0202012471087274,0,0,1,0,0,0,0,1,1,0,0,2B,0.4277408742732015,0.4277408742732015,0.1107033468406756,0.07214190269104871,0.16327688009927974,0.07920517042572585,0.00241357421647157,0,0,0,0,0,0.17121200846787715,0.16833110627911368,0.2589909132609265,-0.00495032315160785,-0.00112333202078353,0,0,0,0,0,0.592460372835526,0,0.592460372835526,0.592460372835526,2.757361988352063,2.5581874356333674,2.4796641301495668,-0.3165298944900348,-0.04765049222480601,0,0,0,0,0,7.431033167420157,7.431033167420157,Blue Socks,2B/SS,1,24
Michael McGreevy,STL,pitcher,3.8869164507773943,NA,NA,NA,NA,NA,NA,NA,NA,146,9,0,102,3.9828,1.27393,0,0,0,0,0,0,0.22076920319386284,0,0.2814779265957971,0.06442039731185042,0.0486685807321983,0.6153361078337087,0.6153361078337087,0,0,0,0,0,0,0,0,0,1,0,P,0.4439721908381099,0.4439721908381099,0,0,0,0,0,0.13982049535611313,0.03627746556510604,0.2329091863204439,0.02333348430688774,0.0116315592895591,0,0,0,0,0,0.08094870783774971,-0.03627746556510604,0.04856874027535321,0.04108691300496268,0.0370370214426392,0,0.17136391699559878,0.17136391699559878,0.17136391699559878,0,0,0,0,0,4.177215189873421,-3.9795918367346976,1.2086682266761617,3.213843387801774,2.7477341225473477,7.367869090164007,7.367869090164007,Louisville Sluggers,P,2,1
Jameson Taillon,CHC,pitcher,1.8346839359124656,NA,NA,NA,NA,NA,NA,NA,NA,153,9,0,119,4.39802,1.25324,0,0,0,0,0,0,0.22076920319386284,0,0.3283909143617633,0.03915285941527902,0.05910456216192241,0.6474175391328276,0.6474175391328276,0,0,0,0,0,0,0,0,0,1,0,P,0.4439721908381099,0.4439721908381099,0,0,0,0,0,0.13982049535611313,0.03627746556510604,0.2329091863204439,0.02333348430688774,0.0116315592895591,0,0,0,0,0,0.08094870783774971,-0.03627746556510604,0.0954817280413194,0.01581937510839128,0.04747300287236331,0,0.20344534829471764,0.20344534829471764,0.20344534829471764,0,0,0,0,0,4.177215189873421,-3.9795918367346976,2.3761318547156365,1.2374011667685632,3.5219676100089155,7.333123984631839,7.333123984631839,Westside Marauders,P,2,4
Ha-Seong Kim,ATL,hitter,1,413,360,88,9,48,42,15,0.244312,NA,NA,NA,NA,NA,NA,0.16502362261964065,0.10821285403657308,0.2364699642817155,0.12375807879019664,0.00599868616972552,0.6394632058978514,0,0,0,0,0,0,0.6394632058978514,0,0,0,0,1,0,0,1,1,0,0,SS,0.3492615922902857,0.3492615922902857,0.0955761814338752,0.0504993318837341,0.13625174132422654,0.05775377010209177,0.00918056754635808,0,0,0,0,0,0.06944744118576546,0.05771352215283897,0.10021822295748894,0.06600430868810486,-0.00318188137663255,0,0,0,0,0,0.2902016136075657,0,0.2902016136075657,0.2902016136075657,1.1184480354359778,0.9899073120494334,0.8501705589084229,4.22039859320047,-0.1349718613840726,0,0,0,0,0,7.043952638210231,7.043952638210231,Free Birds,SS,2,10
TJ Friedl,CIN,hitter,12.264968342240484,623,537,132,15,76,61,13,0.244738,NA,NA,NA,NA,NA,NA,0.26128740248109766,0.1803547567276218,0.34344447193296773,0.10725700161817042,0.01064092751693528,0.9029845602767927,0,0,0,0,0,0,0.9029845602767927,0,0,0,0,0,1,0,0,1,0,0,OF,0.5185403056045699,0.5185403056045699,0.13133129966813067,0.10580812394687146,0.2071927306087412,0.07920517042572585,-0.00499701904489933,0,0,0,0,0,0.129956102812967,0.07454663278075034,0.13625174132422654,0.02805183119244457,0.01563794656183461,0,0,0,0,0,0.3844442546722231,0,0.3844442546722231,0.3844442546722231,2.092937412845542,1.3458290422245107,1.0981369719233796,1.7936694021102002,0.6633442626667775,0,0,0,0,0,6.99391709177041,6.99391709177041,Free Birds,OF,2026,11
Ian Happ,CHC,hitter,16.64795937563341,658,565,137,23,84,79,8,0.242746,NA,NA,NA,NA,NA,NA,0.28879133958437114,0.27654396031568673,0.4447887423394172,0.06600430868810488,0.00286697104483709,1.0789953219724169,0,0,0,0,0,0,1.0789953219724169,0,0,0,0,0,1,0,0,1,0,0,OF,0.5185403056045699,0.5185403056045699,0.13133129966813067,0.10580812394687146,0.2071927306087412,0.07920517042572585,-0.00499701904489933,0,0,0,0,0,0.15746003991624047,0.17073583636881529,0.237596011730676,-0.01320086173762097,0.00786399008973642,0,0,0,0,0,0.5604550163678472,0,0.5604550163678472,0.5604550163678472,2.5358871298498897,2.3468589083419147,2.5150879034374176,-0.844079718640094,0.3335816941865198,0,0,0,0,0,6.887335917175648,6.887335917175648,Free At Last,OF,Opt,18
Matthew Liberatore,STL,pitcher,1.25062397092323,NA,NA,NA,NA,NA,NA,NA,NA,150,9,0,125,4.22159,1.31325,0,0,0,0,0,0,0.22076920319386284,0,0.34494843945563375,0.05019765655396194,0.03490551398323434,0.6508208131866928,0.6508208131866928,0,0,0,0,0,0,0,0,0,1,0,P,0.4439721908381099,0.4439721908381099,0,0,0,0,0,0.13982049535611313,0.03627746556510604,0.2329091863204439,0.02333348430688774,0.0116315592895591,0,0,0,0,0,0.08094870783774971,-0.03627746556510604,0.11203925313518984,0.0268641722470742,0.02327395469367524,0,0.20684862234858295,0.20684862234858295,0.20684862234858295,0,0,0,0,0,4.177215189873421,-3.9795918367346976,2.7881778410825104,2.101331933469888,1.7266679929290625,6.813801120620185,6.813801120620185,National Pastime,P,2,1
Tommy Edman,LAD,hitter,10.156421385210782,504,461,115,15,63,60,10,0.250319,NA,NA,NA,NA,NA,NA,0.21659350468827832,0.1803547567276218,0.337814234688165,0.08250538586013109,0.02817451797311566,0.8454423999373119,0,0,0,0,0,0,0.8454423999373119,0,0,1,0,0,1,0,1,1,0,0,2B,0.4277408742732015,0.4277408742732015,0.1107033468406756,0.07214190269104871,0.16327688009927974,0.07920517042572585,0.00241357421647157,0,0,0,0,0,0.10589015784760272,0.10821285403657308,0.17453735458888528,0.00330021543440524,0.02576094375664409,0,0,0,0,0,0.4177015256641105,0,0.4177015256641105,0.4177015256641105,1.7053564104667374,1.7239958805355304,1.594069797953293,0.2110199296600235,1.092750520298915,0,0,0,0,0,6.3271925389145,6.3271925389145,Blue Socks,SS,2026,29
Jorge Polanco,NYM,hitter,12.847725876217329,539,477,120,23,65,76,5,0.250623,NA,NA,NA,NA,NA,NA,0.2234694889640967,0.27654396031568673,0.42789803060500897,0.04125269293006554,0.030225465381859,0.9993896381967168,0,0,0,0,0,0,0.9993896381967168,0,0,1,0,0,0,0,1,1,0,0,2B,0.4277408742732015,0.4277408742732015,0.1107033468406756,0.07214190269104871,0.16327688009927974,0.07920517042572585,0.00241357421647157,0,0,0,0,0,0.1127661421234211,0.20440205762463803,0.2646211505057292,-0.03795247749566031,0.02781189116538742,0,0,0,0,0,0.5716487639235154,0,0.5716487639235154,0.5716487639235154,1.8160938397178248,2.613800205973223,3.011020729467331,-2.426729191090271,1.179749423335298,0,0,0,0,0,6.193935007403405,6.193935007403405,NA,NA,NA,NA
Bubba Chandler,PIT,pitcher,1.6117437001139183,NA,NA,NA,NA,NA,NA,NA,NA,147,8,0,135,4.11903,1.32943,0,0,0,0,0,0,0.19623929172787807,0,0.3725443146120844,0.05592305912532462,0.02811952502155145,0.6528261904868385,0.6528261904868385,0,0,0,0,0,0,0,0,0,1,0,P,0.4439721908381099,0.4439721908381099,0,0,0,0,0,0.13982049535611313,0.03627746556510604,0.2329091863204439,0.02333348430688774,0.0116315592895591,0,0,0,0,0,0.05641879637176494,-0.03627746556510604,0.13963512829164051,0.03258957481843688,0.01648796573199235,0,0.20885399964872864,0.20885399964872864,0.20885399964872864,0,0,0,0,0,2.9113924050632938,-3.9795918367346976,3.4749211516939655,2.5491764136393944,1.2232232584726557,6.179121392134611,6.179121392134611,Big Red Machine,P,2,4
Connor Norby,MIA,hitter,6.508237130035486,511,465,114,15,62,60,9,0.244842,NA,NA,NA,NA,NA,NA,0.21315551255036916,0.1803547567276218,0.337814234688165,0.07425484727411799,0.00957208523410008,0.8151514364743742,0,0,0,0,0,0,0.8151514364743742,0,0,0,1,0,0,1,0,1,0,0,3B,0.4518055273846128,0.4518055273846128,0.1182669295440758,0.08416555313955683,0.18917597142537235,0.04785312379887603,0.01234394947673169,0,0,0,0,0,0.09488858300629335,0.09618920358806496,0.14863826326279267,0.02640172347524196,-0.00277186424263161,0,0,0,0,0,0.3633459090897614,0,0.3633459090897614,0.3633459090897614,1.528176523664999,1.468177136972194,1.4169509315140385,1.688159437280189,-0.11757939157615067,0,0,0,0,0,5.98388463785527,5.98388463785527,Blue Socks,2B,Opt,1
Braxton Garrett,MIA,pitcher,4.553716956574563,NA,NA,NA,NA,NA,NA,NA,NA,129,7,0,112,3.88617,1.23547,0,0,0,0,0,0,0.1717093802618933,0,0.30907380175224786,0.06248329870595392,0.05570067962447827,0.5989671603445733,0.5989671603445733,0,0,0,0,0,0,0,0,0,1,0,P,0.4439721908381099,0.4439721908381099,0,0,0,0,0,0.13982049535611313,0.03627746556510604,0.2329091863204439,0.02333348430688774,0.0116315592895591,0,0,0,0,0,0.03188888490578018,-0.03627746556510604,0.07616461543180394,0.03914981439906618,0.04406912033491917,0,0.15499496950646344,0.15499496950646344,0.15499496950646344,0,0,0,0,0,1.6455696202531656,-3.9795918367346976,1.8954115372876184,3.062322353711708,3.2694374703549034,5.893149144872697,5.893149144872697,NA,NA,NA,NA
Ramon Laureano,SDP,hitter,12.982032748348097,560,505,122,21,69,71,9,0.242336,NA,NA,NA,NA,NA,NA,0.23722145751573345,0.2524966594186705,0.3997468443809952,0.07425484727411799,0.00103030003345239,0.9647501086229696,0,0,0,0,0,0,0.9647501086229696,0,0,0,0,0,1,0,0,1,0,0,OF,0.5185403056045699,0.5185403056045699,0.13133129966813067,0.10580812394687146,0.2071927306087412,0.07920517042572585,-0.00499701904489933,0,0,0,0,0,0.10589015784760278,0.14668853547179905,0.19255411377225404,-0.00495032315160785,0.00602731907835172,0,0,0,0,0,0.4462098030183998,0,0.4462098030183998,0.4462098030183998,1.7053564104667385,1.9019567456230688,2.160850170558908,-0.3165298944900348,0.25567215708771185,0,0,0,0,0,5.707305589246392,5.707305589246392,Melonheads,Util,2,1
Jordan Lawlar,ARI,hitter,1.7363692627601377,427,380,90,9,51,46,15,0.23697,NA,NA,NA,NA,NA,NA,0.17533759903336818,0.10821285403657308,0.2589909132609265,0.12375807879019664,-0.0143143491568171,0.6519850959642474,0,0,0,0,0,0,0.6519850959642474,0,0,0,1,0,0,1,0,1,0,0,3B,0.4518055273846128,0.4518055273846128,0.1182669295440758,0.08416555313955683,0.18917597142537235,0.04785312379887603,0.01234394947673169,0,0,0,0,0,0.05707066948929237,0.02404730089701624,0.06981494183555415,0.0759049549913206,-0.02665829863354879,0,0,0,0,0,0.2001795685796346,0,0.2001795685796346,0.2001795685796346,0.9191206627840208,0.6895983522142125,0.3542377328785096,4.853458382180541,-1.1308153139607338,0,0,0,0,0,5.68559981609655,5.68559981609655,NA,NA,NA,NA
Nolan Arenado,ARI,hitter,9.380735470239644,595,543,138,17,64,75,3,0.253513,NA,NA,NA,NA,NA,NA,0.22003149682618753,0.20440205762463803,0.42226779336020626,0.02475161575803933,0.04602053604250388,0.917473499611575,0,0,0,0,0,0,0.917473499611575,0,0,0,1,0,0,1,0,1,0,0,3B,0.4518055273846128,0.4518055273846128,0.1182669295440758,0.08416555313955683,0.18917597142537235,0.04785312379887603,0.01234394947673169,0,0,0,0,0,0.10176456728211172,0.1202365044850812,0.2330918219348339,-0.0231015080408367,0.03367658656577219,0,0,0,0,0,0.4656679722269623,0,0.4656679722269623,0.4656679722269623,1.6389139529160857,2.302368692070031,1.771188664392548,-1.4771395076201643,1.4285232652684852,0,0,0,0,0,5.663855067026985,5.663855067026985,Blue Socks,3B,2026,33
Brandon Marsh,PHI,hitter,10.246498110117702,497,440,113,14,59,59,10,0.256041,NA,NA,NA,NA,NA,NA,0.20284153613664163,0.16833110627911368,0.33218399744336224,0.08250538586013109,0.04552244598775095,0.8313844717069996,0,0,0,0,0,0,0.8313844717069996,0,0,0,0,0,1,0,0,1,0,0,OF,0.5185403056045699,0.5185403056045699,0.13133129966813067,0.10580812394687146,0.2071927306087412,0.07920517042572585,-0.00499701904489933,0,0,0,0,0,0.07151023646851096,0.06252298233224222,0.12499126683462106,0.00330021543440524,0.05051946503265028,0,0,0,0,0,0.3128441661024298,0,0.3128441661024298,0.3128441661024298,1.1516692642113038,1.2346035015447991,0.9210181054841248,0.2110199296600235,2.1429793962968957,0,0,0,0,0,5.661290197197147,5.661290197197147,Erie Lakers,OF,2,8
Tyler Mahle,SFG,pitcher,2.051283452296871,NA,NA,NA,NA,NA,NA,NA,NA,137,8,0,113,4.05164,1.28798,0,0,0,0,0,0,0.19623929172787807,0,0.3118333892678929,0.05623968918020299,0.04074163896467259,0.6050540091406466,0.6050540091406466,0,0,0,0,0,0,0,0,0,1,0,P,0.4439721908381099,0.4439721908381099,0,0,0,0,0,0.13982049535611313,0.03627746556510604,0.2329091863204439,0.02333348430688774,0.0116315592895591,0,0,0,0,0,0.05641879637176494,-0.03627746556510604,0.07892420294744898,0.03290620487331525,0.02911007967511349,0,0.1610818183025366,0.1610818183025366,0.1610818183025366,0,0,0,0,0,2.9113924050632938,-3.9795918367346976,1.964085868348763,2.5739434095956795,2.1596434086164358,5.629473254889474,5.629473254889474,NA,NA,NA,NA
Bryan Reynolds,PIT,hitter,14.478082298200944,644,576,146,19,73,76,5,0.252652,NA,NA,NA,NA,NA,NA,0.25097342606737016,0.22844935852165427,0.42789803060500897,0.04125269293006554,0.04514733262619336,0.9937208407502922,0,0,0,0,0,0,0.9937208407502922,0,0,0,0,0,1,0,0,1,0,0,OF,0.5185403056045699,0.5185403056045699,0.13133129966813067,0.10580812394687146,0.2071927306087412,0.07920517042572585,-0.00499701904489933,0,0,0,0,0,0.11964212639923948,0.1226412345747828,0.22070529999626776,-0.03795247749566031,0.05014435167109269,0,0,0,0,0,0.4751805351457225,0,0.4751805351457225,0.4751805351457225,1.926831268968912,2.180020597322348,1.8066124376803985,-2.426729191090271,2.1270675056113144,0,0,0,0,0,5.613802618492701,5.613802618492701,Free Birds,OF,Opt,22
Francisco Alvarez,NYM,hitter,13.95164384296382,446,395,94,22,54,63,1,0.237884,NA,NA,NA,NA,NA,NA,0.1856515754470957,0.2645203098671786,0.3547049464225732,0.00825053858601311,-0.01220769069115839,0.8009196796317023,0,0,0,0,0,0,0.8009196796317023,1,0,0,0,0,0,0,0,1,0,0,C,0.30256973257349196,0.30256973257349196,0.08319940973740216,0.06011825224254059,0.13850383622214762,0.01650107717202622,0.00424715719937533,0,0,0,0,0,0.10245216570969357,0.20440205762463803,0.2162011102004256,-0.00825053858601311,-0.01645484789053371,0,0,0,0,0,0.4983499470582104,0,0.4983499470582104,0.4983499470582104,1.6499876958411943,2.1355303810504633,3.011020729467331,-0.5275498241500589,-0.6979963064894574,0,0,0,0,0,5.570992675719472,5.570992675719472,Westside Marauders,Util,2027,11
Chad Patrick,MIL,pitcher,1,NA,NA,NA,NA,NA,NA,NA,NA,140,8,0,131,4.41864,1.27552,0,0,0,0,0,0,0.19623929172787807,0,0.3615059645495042,0.03453761497924246,0.0460987376888755,0.6383816089455002,0.6383816089455002,0,0,0,0,0,0,0,0,0,1,0,P,0.4439721908381099,0.4439721908381099,0,0,0,0,0,0.13982049535611313,0.03627746556510604,0.2329091863204439,0.02333348430688774,0.0116315592895591,0,0,0,0,0,0.05641879637176494,-0.03627746556510604,0.1285967782290603,0.01120413067235472,0.0344671783993164,0,0.19440941810739024,0.19440941810739024,0.19440941810739024,0,0,0,0,0,2.9113924050632938,-3.9795918367346976,3.200223827449384,0.8763939328580123,2.5570804159401623,5.565498744576155,5.565498744576155,NA,NA,NA,NA
Spencer Horwitz,PIT,hitter,7.086276719925564,497,431,116,11,59,54,2,0.269059,NA,NA,NA,NA,NA,NA,0.20284153613664163,0.1322601549335893,0.3040328112193485,0.01650107717202622,0.08611210412554474,0.7417476835871503,0,0,0,0,0,0,0.7417476835871503,0,1,0,0,0,0,1,0,1,0,0,1B,0.4466098192993388,0.4466098192993388,0.11345374055100294,0.1106175841262747,0.19705830356809623,0.04125269293006554,-0.01577250187610062,0,0,0,0,0,0.0893877955856387,0.0216425708073146,0.10697450765125228,-0.02475161575803932,0.10188460600164535,0,0,0,0,0,0.2951378642878116,0,0.2951378642878116,0.2951378642878116,1.4395865802641297,1.0566426364572608,0.3188139595906584,-1.582649472450176,4.32183142319983,0,0,0,0,0,5.554225127061703,5.554225127061703,NA,NA,NA,NA
Jake McCarthy,COL,hitter,4.853729976356364,350,316,87,6,43,36,14,0.274799,NA,NA,NA,NA,NA,NA,0.14783366193009476,0.07214190269104873,0.202688540812899,0.11550754020418354,0.07655835728371536,0.6147300029219415,0,0,0,0,0,0,0.6147300029219415,0,0,0,0,0,1,0,0,1,0,0,OF,0.5185403056045699,0.5185403056045699,0.13133129966813067,0.10580812394687146,0.2071927306087412,0.07920517042572585,-0.00499701904489933,0,0,0,0,0,0.01650236226196408,-0.03366622125582273,-0.00450418979584218,0.03630236977845769,0.08155537632861469,0,0,0,0,0,0.09618969731737154,0,0.09618969731737154,0.09618969731737154,0.2657698302026088,-0.04449021627188455,-0.49593282602991334,2.3212192262602596,3.4594881599895717,0,0,0,0,0,5.506054174150642,5.506054174150642,Erie Lakers,Bench,2,1
Cade Horton,CHC,pitcher,3.237461816974211,NA,NA,NA,NA,NA,NA,NA,NA,127,8,0,111,4.12418,1.2521,0,0,0,0,0,0,0.19623929172787807,0,0.30631421423660277,0.04802254268795478,0.04943122684964431,0.6000072755020799,0.6000072755020799,0,0,0,0,0,0,0,0,0,1,0,P,0.4439721908381099,0.4439721908381099,0,0,0,0,0,0.13982049535611313,0.03627746556510604,0.2329091863204439,0.02333348430688774,0.0116315592895591,0,0,0,0,0,0.05641879637176494,-0.03627746556510604,0.07340502791615885,0.02468905838106704,0.03779966756008521,0,0.15603508466397,0.15603508466397,0.15603508466397,0,0,0,0,0,2.9113924050632938,-3.9795918367346976,1.826737206226472,1.931193200605272,2.804313962899254,5.494044938059595,5.494044938059595,Big Red Machine,P,2,1
Lourdes Gurriel Jr.,ARI,hitter,10.28881968052356,469,433,115,15,52,61,7,0.265903,NA,NA,NA,NA,NA,NA,0.17877559117127736,0.1803547567276218,0.34344447193296773,0.05775377010209177,0.07639895125100477,0.8367275411849635,0,0,0,0,0,0,0.8367275411849635,0,0,0,0,0,1,0,0,1,0,0,OF,0.5185403056045699,0.5185403056045699,0.13133129966813067,0.10580812394687146,0.2071927306087412,0.07920517042572585,-0.00499701904489933,0,0,0,0,0,0.04744429150314669,0.07454663278075034,0.13625174132422654,-0.02145140032363408,0.08139597029590409,0,0,0,0,0,0.31818723558039363,0,0.31818723558039363,0.31818723558039363,0.7640882618324996,1.3458290422245107,1.0981369719233796,-1.3716295427901528,3.4527263337603458,0,0,0,0,0,5.289151066950582,5.289151066950582,Erie Lakers,IL,Opt,13
Ke'Bryan Hayes,CIN,hitter,3.0226274848379977,532,488,119,10,55,53,11,0.244138,NA,NA,NA,NA,NA,NA,0.18908956758500492,0.1202365044850812,0.2984025739745457,0.0907559244461442,0.00750318555604212,0.7059877560468182,0,0,0,0,0,0,0.7059877560468182,0,0,0,1,0,0,1,0,1,0,0,3B,0.4518055273846128,0.4518055273846128,0.1182669295440758,0.08416555313955683,0.18917597142537235,0.04785312379887603,0.01234394947673169,0,0,0,0,0,0.07082263804092911,0.03607095134552438,0.10922660254917338,0.04290280064726817,-0.00484076392068957,0,0,0,0,0,0.2541822286622055,0,0.2541822286622055,0.2541822286622055,1.140595521286195,1.078887744593203,0.5313565993177646,2.7432590855803065,-0.20533980986676573,0,0,0,0,0,5.288759140910702,5.288759140910702,Blue Socks,1B/3B,2,11
Kyle Stowers,MIA,hitter,16.028629081364194,609,537,130,27,73,84,4,0.242913,NA,NA,NA,NA,NA,NA,0.25097342606737016,0.32463856210971925,0.472939928563431,0.03300215434405244,0.00338853468215952,1.0849426057667324,0,0,0,0,0,0,1.0849426057667324,0,0,0,0,0,1,0,0,1,0,0,OF,0.5185403056045699,0.5185403056045699,0.13133129966813067,0.10580812394687146,0.2071927306087412,0.07920517042572585,-0.00499701904489933,0,0,0,0,0,0.11964212639923948,0.2188304381628478,0.2657471979546898,-0.04620301608167341,0.00838555372705885,0,0,0,0,0,0.5664023001621625,0,0.5664023001621625,0.5664023001621625,1.926831268968912,2.624922760041194,3.223563369194437,-2.9542790152403295,0.3557058423325319,0,0,0,0,0,5.176744225296747,5.176744225296747,Big Red Machine,OF,2,3
Zack Littell,NA,pitcher,NA,NA,NA,NA,NA,NA,NA,NA,NA,162,8,0,123,4.61598,1.26991,0,0,0,0,0,0,0.19623929172787807,0,0.3394292644243436,0.02569547022519365,0.05566903019112924,0.6170330565685446,0.6170330565685446,0,0,0,0,0,0,0,0,0,1,0,P,0.4439721908381099,0.4439721908381099,0,0,0,0,0,0.13982049535611313,0.03627746556510604,0.2329091863204439,0.02333348430688774,0.0116315592895591,0,0,0,0,0,0.05641879637176494,-0.03627746556510604,0.10652007810389973,0.00236198591830591,0.04403747090157014,0,0.1730608657304347,0.1730608657304347,0.1730608657304347,0,0,0,0,0,2.9113924050632938,-3.9795918367346976,2.6508291789602194,0.18475597873978672,3.2670894352110107,5.034475161239613,5.034475161239613,Melonheads,P,2,2
Landen Roupp,SFG,pitcher,1.826797320102567,NA,NA,NA,NA,NA,NA,NA,NA,128,8,0,120,3.94668,1.34031,0,0,0,0,0,0,0.19623929172787807,0,0.3311505018774084,0.05854180563285824,0.02092044336793893,0.6068520426060837,0.6068520426060837,0,0,0,0,0,0,0,0,0,1,0,P,0.4439721908381099,0.4439721908381099,0,0,0,0,0,0.13982049535611313,0.03627746556510604,0.2329091863204439,0.02333348430688774,0.0116315592895591,0,0,0,0,0,0.05641879637176494,-0.03627746556510604,0.0982413155569645,0.0352083213259705,0.00928888407837983,0,0.16287985176797373,0.16287985176797373,0.16287985176797373,0,0,0,0,0,2.9113924050632938,-3.9795918367346976,2.4448061857767827,2.7540163622271443,0.6891316512068923,4.819754767539416,4.819754767539416,Hoosiers,IL,2,1
Max Meyer,MIA,pitcher,0.733674707408397,NA,NA,NA,NA,NA,NA,NA,NA,137,8,0,123,4.23707,1.32109,0,0,0,0,0,0,0.19623929172787807,0,0.3394292644243436,0.04490058609517809,0.02913116670399018,0.6097003089513899,0.6097003089513899,0,0,0,0,0,0,0,0,0,1,0,P,0.4439721908381099,0.4439721908381099,0,0,0,0,0,0.13982049535611313,0.03627746556510604,0.2329091863204439,0.02333348430688774,0.0116315592895591,0,0,0,0,0,0.05641879637176494,-0.03627746556510604,0.10652007810389973,0.02156710178829034,0.01749960741443108,0,0.16572811811328003,0.16572811811328003,0.16572811811328003,0,0,0,0,0,2.9113924050632938,-3.9795918367346976,2.6508291789602194,1.6869918523198064,1.2982757940803902,4.567897393689012,4.567897393689012,Hoosiers,IL,2,1
Jake Mangum,PIT,hitter,2.3667720325272823,343,321,90,3,34,33,13,0.281689,NA,NA,NA,NA,NA,NA,0.11689173268891212,0.03607095134552436,0.1857978290784907,0.10725700161817042,0.09413669873150296,0.5401542134626006,0,0,0,0,0,0,0.5401542134626006,0,0,0,0,0,1,0,0,1,0,0,OF,0.5185403056045699,0.5185403056045699,0.13133129966813067,0.10580812394687146,0.2071927306087412,0.07920517042572585,-0.00499701904489933,0,0,0,0,0,-0.01443956697921855,-0.0697371726013471,-0.02139490153025047,0.02805183119244457,0.09913371777640229,0,0,0,0,0,0.02161390785803073,0,0.02161390785803073,0.02161390785803073,-0.2325486014272824,-0.21132852729145235,-1.0272894253476776,1.7936694021102002,4.205141810900854,0,0,0,0,0,4.5276446589446415,4.5276446589446415,NA,NA,NA,NA
Tyler Freeman,COL,hitter,3.1980703755607127,343,301,82,5,43,32,13,0.274311,NA,NA,NA,NA,NA,NA,0.14783366193009476,0.06011825224254059,0.180167591833688,0.10725700161817042,0.0718372556948952,0.567213763319389,0,0,0,0,0,0,0.567213763319389,0,0,0,0,0,1,0,0,1,0,0,OF,0.5185403056045699,0.5185403056045699,0.13133129966813067,0.10580812394687146,0.2071927306087412,0.07920517042572585,-0.00499701904489933,0,0,0,0,0,0.01650236226196408,-0.04568987170433087,-0.02702513877505319,0.02805183119244457,0.07683427473979453,0,0,0,0,0,0.04867345771481912,0,0.04867345771481912,0.04867345771481912,0.2657698302026088,-0.2669412976313078,-0.6730516924691683,1.7936694021102002,3.259224292861773,0,0,0,0,0,4.3786705350741055,4.3786705350741055,Louisville Sluggers,OF,2,1
Brandon Lowe,PIT,hitter,10.586212289897752,546,492,120,23,69,68,4,0.243194,NA,NA,NA,NA,NA,NA,0.23722145751573345,0.27654396031568673,0.38285613264658697,0.03300215434405244,0.00412767338109176,0.9337513782031512,0,0,0,0,0,0,0.9337513782031512,0,0,1,0,0,0,0,1,1,0,0,2B,0.4277408742732015,0.4277408742732015,0.1107033468406756,0.07214190269104871,0.16327688009927974,0.07920517042572585,0.00241357421647157,0,0,0,0,0,0.12651811067505786,0.20440205762463803,0.21957925254730723,-0.04620301608167341,0.00171409916462018,0,0,0,0,0,0.5060105039299498,0,0.5060105039299498,0.5060105039299498,2.037568698219999,2.1688980432543765,3.011020729467331,-2.9542790152403295,0.07271017598101602,0,0,0,0,0,4.335918631682394,4.335918631682394,Louisville Sluggers,Bench,1,15
Roki Sasaki,LAD,pitcher,1.8645149637552203,NA,NA,NA,NA,NA,NA,NA,NA,123,7,0,129,4.16164,1.28638,0,0,0,0,0,0,0.1717093802618933,0,0.35598678951821405,0.0444534160180804,0.03708198680216577,0.6092315726003535,0.6092315726003535,0,0,0,0,0,0,0,0,0,1,0,P,0.4439721908381099,0.4439721908381099,0,0,0,0,0,0.13982049535611313,0.03627746556510604,0.2329091863204439,0.02333348430688774,0.0116315592895591,0,0,0,0,0,0.03188888490578018,-0.03627746556510604,0.12307760319777014,0.02111993171119266,0.02545042751260667,0,0.1652593817622436,0.1652593817622436,0.1652593817622436,0,0,0,0,0,1.6455696202531656,-3.9795918367346976,3.062875165327094,1.6520139362293564,1.888138013962928,4.269004899037846,4.269004899037846,Free At Last,IL,2,14
Jacob Young,WSN,hitter,1,350,315,79,3,40,30,18,0.250916,NA,NA,NA,NA,NA,NA,0.1375196855163672,0.03607095134552436,0.1689071173440825,0.14850969454823598,0.02064321556110301,0.511650664315313,0,0,0,0,0,0,0.511650664315313,0,0,0,0,0,1,0,0,1,0,0,OF,0.5185403056045699,0.5185403056045699,0.13133129966813067,0.10580812394687146,0.2071927306087412,0.07920517042572585,-0.00499701904489933,0,0,0,0,0,0.00618838584823652,-0.0697371726013471,-0.03828561326465868,0.06930452412251013,0.02564023460600234,0,0,0,0,0,-0.00688964128925677,0,-0.00688964128925677,-0.00688964128925677,0.09966368632597825,-0.3781668383110193,-1.0272894253476776,4.431418522860495,1.0876301726744382,0,0,0,0,0,4.213256118202215,4.213256118202215,NA,NA,NA,NA
Andrew Vaughn,MIL,hitter,8.82890034643941,560,509,125,20,58,75,0,0.245922,NA,NA,NA,NA,NA,NA,0.19940354399873245,0.2404730089701624,0.42226779336020626,0,0.01454587551328144,0.8766902218423825,0,0,0,0,0,0,0.8766902218423825,0,1,0,0,0,0,1,0,1,0,0,1B,0.4466098192993388,0.4466098192993388,0.11345374055100294,0.1106175841262747,0.19705830356809623,0.04125269293006554,-0.01577250187610062,0,0,0,0,0,0.08594980344772951,0.1298554248438877,0.22520948979211003,-0.04125269293006554,0.03031837738938206,0,0,0,0,0,0.4300804025430438,0,0.4300804025430438,0.4300804025430438,1.3842178656385862,2.224510813594233,1.9128837575439517,-2.6377491207502937,1.2860717751585218,0,0,0,0,0,4.169935091184999,4.169935091184999,NA,NA,NA,NA
Freddy Fermin,SDP,hitter,7.905632180338138,467,424,103,11,47,47,3,0.241713,NA,NA,NA,NA,NA,NA,0.16158563048173147,0.1322601549335893,0.26462115050572926,0.02475161575803933,-0.00108973683046734,0.5821288148486221,0,0,0,0,0,0,0.5821288148486221,1,0,0,0,0,0,0,0,1,0,0,C,0.30256973257349196,0.30256973257349196,0.08319940973740216,0.06011825224254059,0.13850383622214762,0.01650107717202622,0.00424715719937533,0,0,0,0,0,0.07838622074432931,0.07214190269104873,0.12611731428358164,0.00825053858601311,-0.00533689402984267,0,0,0,0,0,0.2795590822751301,0,0.2795590822751301,0.2795590822751301,1.2624066934623903,1.2457260556127705,1.0627131986355287,0.527549824150059,-0.22638509609674637,0,0,0,0,0,3.8720106757640025,3.8720106757640025,Erie Lakers,C,2,7
Kodai Senga,NYM,pitcher,2.3090172010661965,NA,NA,NA,NA,NA,NA,NA,NA,119,7,0,119,3.85489,1.32436,0,0,0,0,0,0,0.1717093802618933,0,0.3283909143617633,0.05930109961431048,0.0243077015010627,0.5837090957390298,0.5837090957390298,0,0,0,0,0,0,0,0,0,1,0,P,0.4439721908381099,0.4439721908381099,0,0,0,0,0,0.13982049535611313,0.03627746556510604,0.2329091863204439,0.02333348430688774,0.0116315592895591,0,0,0,0,0,0.03188888490578018,-0.03627746556510604,0.0954817280413194,0.03596761530742274,0.01267614221150359,0,0.1397369049009199,0.1397369049009199,0.1397369049009199,0,0,0,0,0,1.6455696202531656,-3.9795918367346976,2.3761318547156365,2.8134088004323026,0.9404284453801168,3.795946884046524,3.795946884046524,NA,NA,NA,NA
Michael Soroka,ARI,pitcher,1.7981815659188152,NA,NA,NA,NA,NA,NA,NA,NA,101,6,2,101,4.07919,1.26573,0,0,0,0,0,0,0.14717946879590854,0.02790574274238926,0.2787183390801521,0.04021937806990944,0.03578784191292673,0.5298107706012861,0.5298107706012861,0,0,0,0,0,0,0,0,0,1,0,P,0.4439721908381099,0.4439721908381099,0,0,0,0,0,0.13982049535611313,0.03627746556510604,0.2329091863204439,0.02333348430688774,0.0116315592895591,0,0,0,0,0,0.00735897343979541,-0.00837172282271678,0.04580915275970818,0.0168858937630217,0.02415628262336763,0,0.08583857976317613,0.08583857976317613,0.08583857976317613,0,0,0,0,0,0.3797468354430376,-0.9183673469387768,1.1399938956150169,1.3208249062385309,1.7921268896021412,3.7143251799599497,3.7143251799599497,NA,NA,NA,NA
Adrian Morejon,SDP,pitcher,4.9027007561582865,NA,NA,NA,NA,NA,NA,NA,NA,68,6,3,69,3.3912,1.20138,0,0,0,0,0,0,0.14717946879590854,0.04185861411358389,0.19041153857950985,0.04796025300116412,0.03529503167827817,0.46270490616844456,0.46270490616844456,0,0,0,0,0,0,0,0,0,0,1,P,0.4439721908381099,0.4439721908381099,0,0,0,0,0,0.13982049535611313,0.03627746556510604,0.2329091863204439,0.02333348430688774,0.0116315592895591,0,0,0,0,0,0.00735897343979541,0.00558114854847784,-0.04249764774093406,0.02462676869427638,0.02366347238871907,0,0.01873271533033464,0.01873271533033464,0.01873271533033464,0,0,0,0,0,0.3797468354430376,0.6122448979591837,-1.0575846983416417,1.9263208633236608,1.755565863770688,3.6162937621549287,3.6162937621549287,Free Birds,P,2,1
Grant Holmes,ATL,pitcher,-0.45535135835982565,NA,NA,NA,NA,NA,NA,NA,NA,129,8,0,122,4.18916,1.35434,0,0,0,0,0,0,0.19623929172787807,0,0.33666967690869853,0.04503728764539717,0.01645136203151276,0.5943976183134866,0.5943976183134866,0,0,0,0,0,0,0,0,0,1,0,P,0.4439721908381099,0.4439721908381099,0,0,0,0,0,0.13982049535611313,0.03627746556510604,0.2329091863204439,0.02333348430688774,0.0116315592895591,0,0,0,0,0,0.05641879637176494,-0.03627746556510604,0.10376049058825462,0.02170380333850943,0.00481980274195365,0,0.1504254274753766,0.1504254274753766,0.1504254274753766,0,0,0,0,0,2.9113924050632938,-3.9795918367346976,2.5821548478990737,1.697684730931076,0.35757563492313116,3.569215782081877,3.569215782081877,Big Red Machine,IL,2,5
Hunter Harvey,CHC,pitcher,4.802482721690652,NA,NA,NA,NA,NA,NA,NA,NA,52,4,5,58,3.09088,1.10263,0,0,0,0,0,0,0.09811964586393904,0.06976435685597315,0.16005607590741405,0.04364601656681921,0.04013380489744748,0.4117199000915929,0.4117199000915929,0,0,0,0,0,0,0,0,0,0,1,P,0.4439721908381099,0.4439721908381099,0,0,0,0,0,0.13982049535611313,0.03627746556510604,0.2329091863204439,0.02333348430688774,0.0116315592895591,0,0,0,0,0,-0.04170084949217409,0.03348689129086711,-0.07285311041302986,0.02031253225993147,0.02850224560788838,0,-0.03225229074651698,-0.03225229074651698,-0.03225229074651698,0,0,0,0,0,-2.151898734177217,3.6734693877551057,-1.8130023400142432,1.5888586588436562,2.114548896630697,3.411975869037998,3.411975869037998,NA,NA,NA,NA
Garrett Mitchell,MIL,hitter,4.3094965807430246,406,359,86,10,49,45,14,0.238399,NA,NA,NA,NA,NA,NA,0.16846161475754984,0.1202365044850812,0.2533606760161237,0.11550754020418354,-0.00972690282450325,0.647839432638435,0,0,0,0,0,0,0.647839432638435,0,0,0,0,0,1,0,0,1,0,0,OF,0.5185403056045699,0.5185403056045699,0.13133129966813067,0.10580812394687146,0.2071927306087412,0.07920517042572585,-0.00499701904489933,0,0,0,0,0,0.03713031508941916,0.01442838053820974,0.04616794540738253,0.03630236977845769,-0.00472988377960391,0,0,0,0,0,0.1292991270338652,0,0.1292991270338652,0.1292991270338652,0.5979821179558694,0.4560247167868175,0.21254263972710577,2.3212192262602596,-0.20063639787197377,0,0,0,0,0,3.3871323028580784,3.3871323028580784,Hoosiers,IL,Opt,4
Luis Rengifo,MIL,hitter,1,434,399,100,9,45,45,10,0.251065,NA,NA,NA,NA,NA,NA,0.1547096462059131,0.10821285403657308,0.2533606760161237,0.08250538586013109,0.02658802305189044,0.6253765851706315,0,0,0,0,0,0,0.6253765851706315,0,0,1,1,0,0,1,1,1,0,0,2B,0.4277408742732015,0.4277408742732015,0.1107033468406756,0.07214190269104871,0.16327688009927974,0.07920517042572585,0.00241357421647157,0,0,0,0,0,0.04400629936523749,0.03607095134552436,0.09008379591684398,0.00330021543440524,0.02417444883541886,0,0,0,0,0,0.19763571089742993,0,0.19763571089742993,0.19763571089742993,0.7087195472069557,0.8898043254376928,0.5313565993177644,0.2110199296600235,1.0254531740915067,0,0,0,0,0,3.3663535757139433,3.3663535757139433,NA,NA,NA,NA
Brady House,WSN,hitter,3.796589315313725,525,492,120,14,55,61,5,0.244678,NA,NA,NA,NA,NA,NA,0.18908956758500492,0.16833110627911368,0.34344447193296773,0.04125269293006554,0.00953077541998785,0.7516486141471396,0,0,0,0,0,0,0.7516486141471396,0,0,0,1,0,0,1,0,1,0,0,3B,0.4518055273846128,0.4518055273846128,0.1182669295440758,0.08416555313955683,0.18917597142537235,0.04785312379887603,0.01234394947673169,0,0,0,0,0,0.07082263804092911,0.08416555313955686,0.1542685005075954,-0.00660043086881049,-0.00281317405674384,0,0,0,0,0,0.29984308676252697,0,0.29984308676252697,0.29984308676252697,1.140595521286195,1.5237899073120496,1.2398320650747836,-0.42203985932004745,-0.11933170784573412,0,0,0,0,0,3.362845926507246,3.362845926507246,Westside Marauders,3B,2,1
Eduardo Rodriguez,ARI,pitcher,-1.1904872681285097,NA,NA,NA,NA,NA,NA,NA,NA,132,8,0,118,4.21712,1.35493,0,0,0,0,0,0,0.19623929172787807,0,0.3256313268461183,0.04443730369754559,0.01663461109976843,0.5829425333713103,0.5829425333713103,0,0,0,0,0,0,0,0,0,1,0,P,0.4439721908381099,0.4439721908381099,0,0,0,0,0,0.13982049535611313,0.03627746556510604,0.2329091863204439,0.02333348430688774,0.0116315592895591,0,0,0,0,0,0.05641879637176494,-0.03627746556510604,0.09272214052567436,0.02110381939065785,0.00500305181020933,0,0.13897034253320045,0.13897034253320045,0.13897034253320045,0,0,0,0,0,2.9113924050632938,-3.9795918367346976,2.307457523654492,1.650753620692711,0.37117067302712503,3.261182385702924,3.261182385702924,NA,NA,NA,NA
Jordan Walker,STL,hitter,7.176306203516621,546,495,118,15,56,60,10,0.238513,NA,NA,NA,NA,NA,NA,0.19252755972291408,0.1803547567276218,0.337814234688165,0.08250538586013109,-0.01299415226718249,0.7802077847316495,0,0,0,0,0,0,0.7802077847316495,0,0,0,0,0,1,0,0,1,0,0,OF,0.5185403056045699,0.5185403056045699,0.13133129966813067,0.10580812394687146,0.2071927306087412,0.07920517042572585,-0.00499701904489933,0,0,0,0,0,0.0611962600547834,0.07454663278075034,0.13062150407942383,0.00330021543440524,-0.00799713322228316,0,0,0,0,0,0.26166747912707966,0,0.26166747912707966,0.26166747912707966,0.9855631203346732,1.290216271884655,1.0981369719233796,0.2110199296600235,-0.3392294774641473,0,0,0,0,0,3.2457068163385836,3.2457068163385836,NA,NA,NA,NA
Logan Henderson,MIL,pitcher,3.8308310807372,NA,NA,NA,NA,NA,NA,NA,NA,105,7,0,106,4.13465,1.21811,0,0,0,0,0,0,0.1717093802618933,0,0.29251627665837743,0.03921297921649456,0.05000338026359587,0.5534420164003612,0.5534420164003612,0,0,0,0,0,0,0,0,0,1,0,P,0.4439721908381099,0.4439721908381099,0,0,0,0,0,0.13982049535611313,0.03627746556510604,0.2329091863204439,0.02333348430688774,0.0116315592895591,0,0,0,0,0,0.03188888490578018,-0.03627746556510604,0.05960709033793351,0.01587949490960682,0.03837182097403677,0,0.10946982556225124,0.10946982556225124,0.10946982556225124,0,0,0,0,0,1.6455696202531656,-3.9795918367346976,1.4833655509207446,1.2421037742774117,2.8467613681605406,3.2382084768771646,3.2382084768771646,Free Birds,IL,2,1
Spencer Schwellenbach,ATL,pitcher,7.446244142139141,NA,NA,NA,NA,NA,NA,NA,NA,89,6,0,87,3.52051,1.12862,0,0,0,0,0,0,0.14717946879590854,0,0.24008411386112108,0.05763461771730624,0.06276994111132668,0.5076681414856626,0.5076681414856626,0,0,0,0,0,0,0,0,0,1,0,P,0.4439721908381099,0.4439721908381099,0,0,0,0,0,0.13982049535611313,0.03627746556510604,0.2329091863204439,0.02333348430688774,0.0116315592895591,0,0,0,0,0,0.00735897343979541,-0.03627746556510604,0.00717492754067716,0.0343011334104185,0.05113838182176758,0,0.06369595064755262,0.06369595064755262,0.06369595064755262,0,0,0,0,0,0.3797468354430376,-3.9795918367346976,0.17855326075897812,2.683055570319066,3.79389786841112,3.0556616981975036,3.0556616981975036,National Pastime,IL,Opt,1
Troy Johnston,COL,hitter,-0.9453325033116852,259,235,61,7,30,32,8,0.261607,NA,NA,NA,NA,NA,NA,0.1031397641372754,0.08416555313955684,0.180167591833688,0.06600430868810488,0.03399267595248675,0.4674698937511118,0,0,0,0,0,0,0.4674698937511118,0,1,0,0,0,1,1,0,1,0,0,1B,0.4466098192993388,0.4466098192993388,0.11345374055100294,0.1106175841262747,0.19705830356809623,0.04125269293006554,-0.01577250187610062,0,0,0,0,0,-0.01031397641372754,-0.02645203098671786,-0.01689071173440823,0.02475161575803933,0.04976517782858737,0,0,0,0,0,0.02086007445177307,0,0.02086007445177307,0.02086007445177307,-0.16610614387663034,-0.16683831101956725,-0.38966150616636047,1.5826494724501772,2.1109833738498542,0,0,0,0,0,2.9710268852374733,2.9710268852374733,Louisville Sluggers,1B/3B,2,1
Lars Nootbaar,STL,hitter,8.644132554383937,539,464,114,16,69,54,6,0.246788,NA,NA,NA,NA,NA,NA,0.23722145751573345,0.19237840717612992,0.3040328112193485,0.04950323151607866,0.01623347719270367,0.7993693846199942,0,0,0,0,0,0,0.7993693846199942,0,0,0,0,0,1,0,0,1,0,0,OF,0.5185403056045699,0.5185403056045699,0.13133129966813067,0.10580812394687146,0.2071927306087412,0.07920517042572585,-0.00499701904489933,0,0,0,0,0,0.10589015784760278,0.08657028322925846,0.09684008061060732,-0.02970193890964718,0.02123049623760299,0,0,0,0,0,0.28082907901542437,0,0.28082907901542437,0.28082907901542437,1.7053564104667385,0.95653964984552,1.2752558383626342,-1.8991793669402115,0.9005739863028634,0,0,0,0,0,2.9385465180375445,2.9385465180375445,NA,NA,NA,NA
Mark Vientos,NYM,hitter,5.627948946450192,441,401,100,20,52,63,1,0.250153,NA,NA,NA,NA,NA,NA,0.17877559117127736,0.2404730089701624,0.3547049464225732,0.00825053858601311,0.02401494999352629,0.8062190351435523,0,0,0,0,0,0,0.8062190351435523,0,0,0,1,0,0,1,0,1,0,0,3B,0.4518055273846128,0.4518055273846128,0.1182669295440758,0.08416555313955683,0.18917597142537235,0.04785312379887603,0.01234394947673169,0,0,0,0,0,0.06050866162720156,0.15630745583060557,0.16552897499720087,-0.03960258521286292,0.0116710005167946,0,0,0,0,0,0.3544135077589397,0,0.3544135077589397,0.3544135077589397,0.9744893774095644,1.6350154479917611,2.302545263710312,-2.5322391559202826,0.4950708331035779,0,0,0,0,0,2.874881766294933,2.874881766294933,National Pastime,3B,Opt,1
Tyler Stephenson,CIN,hitter,8.509710430680318,450,398,93,14,50,53,1,0.23382,NA,NA,NA,NA,NA,NA,0.171899606895459,0.16833110627911368,0.2984025739745457,0.00825053858601311,-0.02427004314804853,0.622613782587083,0,0,0,0,0,0,0.622613782587083,1,0,0,0,0,0,0,0,1,0,0,C,0.30256973257349196,0.30256973257349196,0.08319940973740216,0.06011825224254059,0.13850383622214762,0.01650107717202622,0.00424715719937533,0,0,0,0,0,0.08870019715805684,0.1082128540365731,0.1598987377523981,-0.00825053858601311,-0.02851720034742386,0,0,0,0,0,0.32004405001359104,0,0.32004405001359104,0.32004405001359104,1.4285128373390206,1.579402677651905,1.5940697979532932,-0.5275498241500589,-1.2096678526802296,0,0,0,0,0,2.8647676361139305,2.8647676361139305,National Pastime,C,2,12
Brett Baty,NYM,hitter,5.703649583773984,434,391,98,17,52,55,5,0.249295,NA,NA,NA,NA,NA,NA,0.17877559117127736,0.20440205762463803,0.30966304846415127,0.04125269293006554,0.02093346508996554,0.7550268552800977,0,0,0,0,0,0,0.7550268552800977,0,0,1,1,0,0,1,1,1,0,0,2B,0.4277408742732015,0.4277408742732015,0.1107033468406756,0.07214190269104871,0.16327688009927974,0.07920517042572585,0.00241357421647157,0,0,0,0,0,0.06807224433060176,0.13226015493358934,0.14638616836487153,-0.03795247749566031,0.01851989087349397,0,0,0,0,0,0.32728598100689626,0,0.32728598100689626,0.32728598100689626,1.0963005495857598,1.4459320288362514,1.9483075308318027,-2.426729191090271,0.7855931280728063,0,0,0,0,0,2.8494040462363497,2.8494040462363497,Louisville Sluggers,IL,2,2
Paul Sewald,ARI,pitcher,-2.4118847320900194,NA,NA,NA,NA,NA,NA,NA,NA,58,3,8,57,4.52796,1.26172,0,0,0,0,0,0,0.07358973439795427,0.11162297096955703,0.157296488391769,0.01147831459909546,0.02114674304536261,0.3751342514037384,0.3751342514037384,0,0,0,0,0,0,0,0,0,0,1,P,0.4439721908381099,0.4439721908381099,0,0,0,0,0,0.13982049535611313,0.03627746556510604,0.2329091863204439,0.02333348430688774,0.0116315592895591,0,0,0,0,0,-0.06623076095815886,0.075345505404451,-0.07561269792867492,-0.01185516970779227,0.0095151837558035,0,-0.06883793943437155,-0.06883793943437155,-0.06883793943437155,0,0,0,0,0,-3.417721518987345,8.265306122448985,-1.881676671075389,-0.9273186031779538,0.7059205646064627,2.7445098938147603,2.7445098938147603,NA,NA,NA,NA
Cade Cavalli,WSN,pitcher,-1.648454347355616,NA,NA,NA,NA,NA,NA,NA,NA,135,7,0,116,4.19687,1.33418,0,0,0,0,0,0,0.1717093802618933,0,0.3201121518148281,0.04666745903257918,0.02418271751458112,0.5626717086238817,0.5626717086238817,0,0,0,0,0,0,0,0,0,1,0,P,0.4439721908381099,0.4439721908381099,0,0,0,0,0,0.13982049535611313,0.03627746556510604,0.2329091863204439,0.02333348430688774,0.0116315592895591,0,0,0,0,0,0.03188888490578018,-0.03627746556510604,0.0872029654943842,0.02333397472569143,0.01255115822502202,0,0.1186995177857718,0.1186995177857718,0.1186995177857718,0,0,0,0,0,1.6455696202531656,-3.9795918367346976,2.1701088615321997,1.8251977308258531,0.9311560268364362,2.592440402712957,2.592440402712957,Hoosiers,P,2,1
A.J. Puk,ARI,pitcher,1.7480392065072168,NA,NA,NA,NA,NA,NA,NA,NA,42,3,7,50,3.32166,1.17198,0,0,0,0,0,0,0.07358973439795427,0.0976700995983624,0.1379793757822535,0.03092616252604591,0.02496045229264481,0.3651258245972609,0.3651258245972609,0,0,0,0,0,0,0,0,0,0,1,P,0.4439721908381099,0.4439721908381099,0,0,0,0,0,0.13982049535611313,0.03627746556510604,0.2329091863204439,0.02333348430688774,0.0116315592895591,0,0,0,0,0,-0.06623076095815886,0.06139263403325636,-0.0949298105381904,0.00759267821915816,0.0133288930030857,0,-0.07884636624084904,-0.07884636624084904,-0.07884636624084904,0,0,0,0,0,-3.417721518987345,6.734693877551025,-2.362396988503408,0.5939039199026871,0.9888552776060224,2.5373345675689816,2.5373345675689816,Blue Socks,IL,Opt,3
Foster Griffin,WSN,pitcher,0.7516163659849132,NA,NA,NA,NA,NA,NA,NA,NA,125,6,0,113,4.10949,1.27483,0,0,0,0,0,0,0.14717946879590854,0,0.3118333892678929,0.04808589726550139,0.04138035172374662,0.5484791070530495,0.5484791070530495,0,0,0,0,0,0,0,0,0,1,0,P,0.4439721908381099,0.4439721908381099,0,0,0,0,0,0.13982049535611313,0.03627746556510604,0.2329091863204439,0.02333348430688774,0.0116315592895591,0,0,0,0,0,0.00735897343979541,-0.03627746556510604,0.07892420294744898,0.02475241295861364,0.02974879243418752,0,0.10450691621493952,0.10450691621493952,0.10450691621493952,0,0,0,0,0,0.3797468354430376,-3.9795918367346976,1.964085868348763,1.9361488342911264,2.207028775318565,2.507418476666794,2.507418476666794,NA,NA,NA,NA
Patrick Bailey,SFG,hitter,7.088316402770422,525,473,108,11,53,53,3,0.227826,NA,NA,NA,NA,NA,NA,0.18221358330918655,0.1322601549335893,0.2984025739745457,0.02475161575803933,-0.04982434379660732,0.5878035841787536,0,0,0,0,0,0,0.5878035841787536,1,0,0,0,0,0,0,0,1,0,0,C,0.30256973257349196,0.30256973257349196,0.08319940973740216,0.06011825224254059,0.13850383622214762,0.01650107717202622,0.00424715719937533,0,0,0,0,0,0.0990141735717844,0.07214190269104873,0.1598987377523981,0.00825053858601311,-0.05407150099598265,0,0,0,0,0,0.2852338516052617,0,0.2852338516052617,0.2852338516052617,1.594618981215651,1.579402677651905,1.0627131986355287,0.527549824150059,-2.29365280266427,0,0,0,0,0,2.4706318789888737,2.4706318789888737,Free At Last,C,2,6
Spencer Steer,CIN,hitter,1,378,334,79,12,43,47,6,0.236522,NA,NA,NA,NA,NA,NA,0.14783366193009476,0.14428380538209745,0.26462115050572926,0.04950323151607866,-0.01368886805463612,0.592552981279364,0,0,0,0,0,0,0.592552981279364,0,1,0,0,0,0,1,0,1,0,0,1B,0.4466098192993388,0.4466098192993388,0.11345374055100294,0.1106175841262747,0.19705830356809623,0.04125269293006554,-0.01577250187610062,0,0,0,0,0,0.03437992137909182,0.03366622125582275,0.06756284693763304,0.00825053858601312,0.0020836338214645,0,0,0,0,0,0.14594316198002524,0,0.14594316198002524,0.14594316198002524,0.5536871462554347,0.6673532440782701,0.4959328260299135,0.5275498241500597,0.08838542423083814,0,0,0,0,0,2.3329084647445164,2.3329084647445164,Westside Marauders,OF,2,14
Carson Kelly,CHC,hitter,5.914998127975754,373,330,77,12,42,43,2,0.233264,NA,NA,NA,NA,NA,NA,0.14439566979218557,0.14428380538209745,0.24210020152651823,0.01650107717202622,-0.02148119352095821,0.5257995603518693,0,0,0,0,0,0,0.5257995603518693,1,0,0,0,0,0,0,0,1,0,0,C,0.30256973257349196,0.30256973257349196,0.08319940973740216,0.06011825224254059,0.13850383622214762,0.01650107717202622,0.00424715719937533,0,0,0,0,0,0.06119626005478341,0.08416555313955687,0.1035963653043706,0,-0.02572835072033354,0,0,0,0,0,0.22322982777837735,0,0.22322982777837735,0.22322982777837735,0.9855631203346734,1.0232749742533471,1.2398320650747838,0,-1.091367960027718,0,0,0,0,0,2.1573021996350867,2.1573021996350867,Westside Marauders,C,2,1
Adrian Houser,SFG,pitcher,-4.057224655848046,NA,NA,NA,NA,NA,NA,NA,NA,147,8,0,105,4.22695,1.38023,0,0,0,0,0,0,0.19623929172787807,0,0.28975668914273234,0.04884201322626518,0.00900554250940508,0.5438435366062807,0.5438435366062807,0,0,0,0,0,0,0,0,0,1,0,P,0.4439721908381099,0.4439721908381099,0,0,0,0,0,0.13982049535611313,0.03627746556510604,0.2329091863204439,0.02333348430688774,0.0116315592895591,0,0,0,0,0,0.05641879637176494,-0.03627746556510604,0.05684750282228842,0.02550852891937743,-0.00262601678015401,0,0.09987134576817076,0.09987134576817076,0.09987134576817076,0,0,0,0,0,2.9113924050632938,-3.9795918367346976,1.4146912198595984,1.9952926857802509,-0.19482117168590932,2.1469633022825363,2.1469633022825363,NA,NA,NA,NA
Jose Alvarado,PHI,pitcher,4.418565589341084,NA,NA,NA,NA,NA,NA,NA,NA,64,5,3,75,3.30388,1.24288,0,0,0,0,0,0,0.1226495573299238,0.04185861411358389,0.20696906367338025,0.04763349462357438,0.02642058649115496,0.4455313162316173,0.4455313162316173,0,0,0,0,0,0,0,0,0,0,1,P,0.4439721908381099,0.4439721908381099,0,0,0,0,0,0.13982049535611313,0.03627746556510604,0.2329091863204439,0.02333348430688774,0.0116315592895591,0,0,0,0,0,-0.01717093802618932,0.00558114854847784,-0.02594012264706366,0.02430001031668664,0.01478902720159586,0,0.00155912539350735,0.00155912539350735,0.00155912539350735,0,0,0,0,0,-0.886075949367089,0.6122448979591837,-0.6455387119747685,1.9007616237891944,1.09718095835652,2.078572818763041,2.078572818763041,NA,NA,NA,NA
Miguel Andujar,SDP,hitter,2.959465230535685,364,339,93,9,39,44,2,0.273884,NA,NA,NA,NA,NA,NA,0.13408169337845802,0.10821285403657308,0.247730438771321,0.01650107717202622,0.07983520800100408,0.5863612713593824,0,0,0,0,0,0,0.5863612713593824,0,0,0,1,0,1,1,0,1,0,0,3B,0.4518055273846128,0.4518055273846128,0.1182669295440758,0.08416555313955683,0.18917597142537235,0.04785312379887603,0.01234394947673169,0,0,0,0,0,0.01581476383438221,0.02404730089701624,0.05855446734594866,-0.03135204662684982,0.06749125852427239,0,0,0,0,0,0.1345557439747697,0,0.1345557439747697,0.1345557439747697,0.25469608727749954,0.578372811534501,0.3542377328785096,-2.0046893317702237,2.8629039589827077,0,0,0,0,0,2.045521258902994,2.045521258902994,Free Birds,1B/3B,2,1
Tanner Scott,LAD,pitcher,3.029038287975352,NA,NA,NA,NA,NA,NA,NA,NA,63,4,4,72,3.47075,1.21449,0,0,0,0,0,0,0.09811964586393904,0.05581148548477852,0.19869030112644503,0.04219680044575595,0.03058576789404589,0.4254040008149644,0.4254040008149644,0,0,0,0,0,0,0,0,0,0,1,P,0.4439721908381099,0.4439721908381099,0,0,0,0,0,0.13982049535611313,0.03627746556510604,0.2329091863204439,0.02333348430688774,0.0116315592895591,0,0,0,0,0,-0.04170084949217409,0.01953401991967247,-0.03421888519399888,0.01886331613886821,0.01895420860448678,0,-0.01856819002314549,-0.01856819002314549,-0.01856819002314549,0,0,0,0,0,-2.151898734177217,2.142857142857144,-0.8515617051582054,1.475500090201317,1.4061909872825258,2.0210877810055643,2.0210877810055643,Melonheads,P,2026,6
Keibert Ruiz,WSN,hitter,3.3836468655838443,320,298,74,8,30,35,2,0.249367,NA,NA,NA,NA,NA,NA,0.1031397641372754,0.09618920358806496,0.19705830356809623,0.01650107717202622,0.0161131845686323,0.4290015330340952,0,0,0,0,0,0,0.4290015330340952,1,0,0,0,0,0,0,0,1,0,0,C,0.30256973257349196,0.30256973257349196,0.08319940973740216,0.06011825224254059,0.13850383622214762,0.01650107717202622,0.00424715719937533,0,0,0,0,0,0.01994035439987324,0.03607095134552437,0.0585544673459486,0,0.01186602736925697,0,0,0,0,0,0.12643180046060318,0,0.12643180046060318,0.12643180046060318,0.32113854482815185,0.5783728115345005,0.5313565993177645,0,0.5033436548027266,0,0,0,0,0,1.9342116104831433,1.9342116104831433,NA,NA,NA,NA
Matt Shaw,CHC,hitter,-3.2001050392877826,266,236,58,8,33,32,10,0.244175,NA,NA,NA,NA,NA,NA,0.11345374055100296,0.09618920358806496,0.180167591833688,0.08250538586013109,0.00369320838792177,0.4760091302208088,0,0,0,0,0,0,0.4760091302208088,0,0,0,1,0,0,1,0,1,0,0,3B,0.4518055273846128,0.4518055273846128,0.1182669295440758,0.08416555313955683,0.18917597142537235,0.04785312379887603,0.01234394947673169,0,0,0,0,0,-0.00481318899307284,0.01202365044850813,-0.00900837959168435,0.03465226206125506,-0.00865074108880992,0,0,0,0,0,0.02420360283619607,0,0.02420360283619607,0.02420360283619607,-0.07751620047576065,-0.08898043254376882,0.17711886643925492,2.215709261430247,-0.36695479463286984,0,0,0,0,0,1.8593767002171029,1.8593767002171029,Free Birds,2B/SS,2,12
Brad Lord,WSN,pitcher,-4.746273245503561,NA,NA,NA,NA,NA,NA,NA,NA,145,8,0,109,4.46619,1.35892,0,0,0,0,0,0,0.19623929172787807,0,0.30079503920531264,0.03269361114939614,0.01679201837105425,0.5465199604536412,0.5465199604536412,0,0,0,0,0,0,0,0,0,1,1,P,0.4439721908381099,0.4439721908381099,0,0,0,0,0,0.13982049535611313,0.03627746556510604,0.2329091863204439,0.02333348430688774,0.0116315592895591,0,0,0,0,0,0.05641879637176494,-0.03627746556510604,0.06788585288486873,0.0093601268425084,0.00516045908149514,0,0.1025477696155312,0.1025477696155312,0.1025477696155312,0,0,0,0,0,2.9113924050632938,-3.9795918367346976,1.6893885441041814,0.7321548289146975,0.3828485378662013,1.7361924792136765,1.7361924792136765,NA,NA,NA,NA
Pavin Smith,ARI,hitter,2.1410702392743097,455,393,93,13,52,52,3,0.236741,NA,NA,NA,NA,NA,NA,0.17877559117127736,0.15630745583060557,0.292772336729743,0.02475161575803933,-0.01547004746108378,0.6371369520285814,0,0,0,0,0,0,0.6371369520285814,0,1,0,0,0,0,1,0,1,0,0,1B,0.4466098192993388,0.4466098192993388,0.11345374055100294,0.1106175841262747,0.19705830356809623,0.04125269293006554,-0.01577250187610062,0,0,0,0,0,0.06532185062027443,0.04568987170433086,0.09571403316164678,-0.01650107717202621,3.0245441501684095e-4,0,0,0,0,0,0.1905271327292427,0,0.1905271327292427,0.1905271327292427,1.0520055778853254,0.9454170957775492,0.6730516924691683,-1.0550996483001172,0.01282977916098724,0,0,0,0,0,1.628204496992913,1.628204496992913,Big Red Machine,OF,2,4
Jose Tena,WSN,hitter,-3.9235422259678874,315,288,73,5,33,32,9,0.252545,NA,NA,NA,NA,NA,NA,0.11345374055100296,0.06011825224254059,0.180167591833688,0.07425484727411799,0.02234562137792015,0.45034005327926974,0,0,0,0,0,0,0.45034005327926974,0,0,0,1,0,0,1,0,1,0,0,3B,0.4518055273846128,0.4518055273846128,0.1182669295440758,0.08416555313955683,0.18917597142537235,0.04785312379887603,0.01234394947673169,0,0,0,0,0,-0.00481318899307284,-0.02404730089701624,-0.00900837959168435,0.02640172347524196,0.01000167190118845,0,0,0,0,0,-0.00146547410534301,0,-0.00146547410534301,-0.00146547410534301,-0.07751620047576065,-0.08898043254376882,-0.3542377328785095,1.688159437280189,0.4242597739092499,0,0,0,0,0,1.5916848452914,1.5916848452914,NA,NA,NA,NA
Marcell Ozuna,PIT,hitter,7.544715310471446,525,452,111,23,63,70,0,0.246249,NA,NA,NA,NA,NA,NA,0.21659350468827832,0.27654396031568673,0.3941166071361925,0,0.01401074701958856,0.9012648191597462,0,0,0,0,0,0,0.9012648191597462,0,0,0,0,0,0,0,0,1,0,0,Util,0.5185403056045699,0.5185403056045699,0.13133129966813067,0.10580812394687146,0.2071927306087412,0.07920517042572585,-0.00499701904489933,0,0,0,0,0,0.08526220502014764,0.17073583636881529,0.18692387652745132,-0.07920517042572585,0.01900776606448789,0,0,0,0,0,0.3827245135551763,0,0.3827245135551763,0.3827245135551763,1.3731441227134769,1.8463439752832131,2.5150879034374176,-5.064478311840565,0.8062882498756339,0,0,0,0,0,1.4763859394691763,1.4763859394691763,NA,NA,NA,NA
Jake Cronenworth,SDP,hitter,5.783372004078546,630,541,127,15,71,65,4,0.234421,NA,NA,NA,NA,NA,NA,0.2440974417915518,0.1803547567276218,0.3659654209121787,0.03300215434405244,-0.03058407192618952,0.7928357018492153,0,0,0,0,0,0,0.7928357018492153,0,0,1,0,0,0,0,1,1,0,0,2B,0.4277408742732015,0.4277408742732015,0.1107033468406756,0.07214190269104871,0.16327688009927974,0.07920517042572585,0.00241357421647157,0,0,0,0,0,0.13339409495087615,0.10821285403657308,0.20268854081289897,-0.04620301608167341,-0.03299764614266109,0,0,0,0,0,0.36509482757601375,0,0.36509482757601375,0.36509482757601375,2.148306127471085,2.002059732234809,1.594069797953293,-2.9542790152403295,-1.3997233692858206,0,0,0,0,0,1.3904332731330369,1.3904332731330369,Hoosiers,2B,2,12
Matt Svanson,STL,pitcher,-0.997656762566999,NA,NA,NA,NA,NA,NA,NA,NA,65,3,6,59,3.80303,1.2976,0,0,0,0,0,0,0.07358973439795427,0.08371722822716778,0.16281566342305914,0.03389596715121608,0.01772946404998496,0.37174805724938226,0.37174805724938226,0,0,0,0,0,0,0,0,0,0,1,P,0.4439721908381099,0.4439721908381099,0,0,0,0,0,0.13982049535611313,0.03627746556510604,0.2329091863204439,0.02333348430688774,0.0116315592895591,0,0,0,0,0,-0.06623076095815886,0.04743976266206173,-0.07009352289738477,0.01056248284432834,0.00609790476042586,0,-0.07222413358872769,-0.07222413358872769,-0.07222413358872769,0,0,0,0,0,-3.417721518987345,5.204081632653065,-1.7443280089530977,0.8262038485080182,0.45239655711018434,1.3206325103308247,1.3206325103308247,NA,NA,NA,NA
David Hamilton,MIL,hitter,-5.874993593614299,189,170,38,5,24,19,16,0.222923,NA,NA,NA,NA,NA,NA,0.08251181130982033,0.06011825224254059,0.10697450765125224,0.13200861737620975,-0.02407542020385007,0.35753776837597284,0,0,0,0,0,0,0.35753776837597284,0,0,1,0,0,0,0,1,1,0,0,2B,0.4277408742732015,0.4277408742732015,0.1107033468406756,0.07214190269104871,0.16327688009927974,0.07920517042572585,0.00241357421647157,0,0,0,0,0,-0.02819153553085528,-0.01202365044850812,-0.05630237244802749,0.0528034469504839,-0.02648899442032164,0,0,0,0,0,-0.07020310589722864,0,-0.07020310589722864,-0.07020310589722864,-0.45402345992945625,-0.5561277033985581,-0.1771188664392548,3.376318874560377,-1.1236336179467803,0,0,0,0,0,1.0654152268463275,1.0654152268463275,NA,NA,NA,NA
Jake Bauers,MIL,hitter,-0.9337753120597818,315,272,59,13,37,38,8,0.215641,NA,NA,NA,NA,NA,NA,0.12720570910263967,0.15630745583060557,0.21394901530250449,0.06600430868810488,-0.0531783019758237,0.5102881869480309,0,0,0,0,0,0,0.5102881869480309,0,1,0,0,0,1,1,0,1,0,0,1B,0.4466098192993388,0.4466098192993388,0.11345374055100294,0.1106175841262747,0.19705830356809623,0.04125269293006554,-0.01577250187610062,0,0,0,0,0,0.01375196855163674,0.04568987170433086,0.01689071173440826,0.02475161575803933,-0.03740580009972308,0,0,0,0,0,0.06367836764869211,0,0.06367836764869211,0.06367836764869211,0.22147485850217405,0.16683831101956753,0.6730516924691683,1.5826494724501772,-1.5867123466944932,0,0,0,0,0,1.057301987746594,1.057301987746594,NA,NA,NA,NA
Phil Maton,CHC,pitcher,1.718947266551491,NA,NA,NA,NA,NA,NA,NA,NA,65,4,4,67,3.75652,1.22853,0,0,0,0,0,0,0.09811964586393904,0.05581148548477852,0.1848923635482197,0.03524535822886881,0.02922086425720103,0.4032897173830071,0.4032897173830071,0,0,0,0,0,0,0,0,0,0,1,P,0.4439721908381099,0.4439721908381099,0,0,0,0,0,0.13982049535611313,0.03627746556510604,0.2329091863204439,0.02333348430688774,0.0116315592895591,0,0,0,0,0,-0.04170084949217409,0.01953401991967247,-0.04801682277222421,0.01191187392198107,0.01758930496764193,0,-0.04068247345510283,-0.04068247345510283,-0.04068247345510283,0,0,0,0,0,-2.151898734177217,2.142857142857144,-1.194933360463933,0.9317540413869312,1.304930352629278,1.0327094422322038,1.0327094422322038,NA,NA,NA,NA
Jared Jones,PIT,pitcher,1.6668418188901772,NA,NA,NA,NA,NA,NA,NA,NA,102,6,0,100,3.93717,1.2739,0,0,0,0,0,0,0.14717946879590854,0,0.275958751564507,0.04708347238170972,0.0340091695644408,0.5042308623065661,0.5042308623065661,0,0,0,0,0,0,0,0,0,1,0,P,0.4439721908381099,0.4439721908381099,0,0,0,0,0,0.13982049535611313,0.03627746556510604,0.2329091863204439,0.02333348430688774,0.0116315592895591,0,0,0,0,0,0.00735897343979541,-0.03627746556510604,0.04304956524406309,0.02374998807482198,0.0223776102748817,0,0.06025867146845614,0.06025867146845614,0.06025867146845614,0,0,0,0,0,0.3797468354430376,-3.9795918367346976,1.071319564553871,1.857738548657044,1.6601692290128465,0.9893823409321012,0.9893823409321012,Hoosiers,IL,Opt,1
Luke Weaver,NYM,pitcher,0.504071374665009,NA,NA,NA,NA,NA,NA,NA,NA,67,4,4,73,3.99709,1.23887,0,0,0,0,0,0,0.09811964586393904,0.05581148548477852,0.20144988864209012,0.02913543362987039,0.02834673610469902,0.41286318972537706,0.41286318972537706,0,0,0,0,0,0,0,0,0,0,1,P,0.4439721908381099,0.4439721908381099,0,0,0,0,0,0.13982049535611313,0.03627746556510604,0.2329091863204439,0.02333348430688774,0.0116315592895591,0,0,0,0,0,-0.04170084949217409,0.01953401991967247,-0.03145929767835379,0.00580194932298265,0.01671517681513992,0,-0.03110900111273282,-0.03110900111273282,-0.03110900111273282,0,0,0,0,0,-2.151898734177217,2.142857142857144,-0.7828873740970593,0.4538320137552449,1.2400797880170853,0.901982836355198,0.901982836355198,NA,NA,NA,NA
Nolan Gorman,STL,hitter,6.5864806494469494,532,472,104,24,63,70,4,0.220308,NA,NA,NA,NA,NA,NA,0.21659350468827832,0.2885676107641949,0.3941166071361925,0.03300215434405244,-0.07597862985025577,0.8563012470824622,0,0,0,0,0,0,0.8563012470824622,0,0,1,1,0,0,1,1,1,0,0,2B,0.4277408742732015,0.4277408742732015,0.1107033468406756,0.07214190269104871,0.16327688009927974,0.07920517042572585,0.00241357421647157,0,0,0,0,0,0.10589015784760272,0.2164257080731462,0.23083972703691277,-0.04620301608167341,-0.07839220406672734,0,0,0,0,0,0.42856037280926096,0,0.42856037280926096,0.42856037280926096,1.7053564104667374,2.2801235839340888,3.1881395959065864,-2.9542790152403295,-3.325309918399296,0,0,0,0,0,0.8940306566677867,0.8940306566677867,National Pastime,Bench,2,6
Max Muncy,LAD,hitter,3.6387937828824986,455,375,82,21,60,62,3,0.219736,NA,NA,NA,NA,NA,NA,0.2062795282745508,0.2524966594186705,0.3490747091777705,0.02475161575803933,-0.0619517230185409,0.7706507896104903,0,0,0,0,0,0,0.7706507896104903,0,0,0,1,0,0,1,0,1,0,0,3B,0.4518055273846128,0.4518055273846128,0.1182669295440758,0.08416555313955683,0.18917597142537235,0.04785312379887603,0.01234394947673169,0,0,0,0,0,0.08801259873047498,0.16833110627911368,0.15989873775239816,-0.0231015080408367,-0.0742956724952726,0,0,0,0,0,0.31884526222587756,0,0.31884526222587756,0.31884526222587756,1.4174390944139117,1.5794026776519057,2.4796641301495668,-1.4771395076201643,-3.151539615245183,0,0,0,0,0,0.8478267793500369,0.8478267793500369,Free Birds,3B,Opt,19
Edouard Julien,COL,hitter,1.7551845431379878,420,357,89,11,48,42,5,0.249253,NA,NA,NA,NA,NA,NA,0.16502362261964065,0.1322601549335893,0.2364699642817155,0.04125269293006554,0.01900220499800371,0.5940086397630148,0,0,0,0,0,0,0.5940086397630148,0,1,1,0,0,0,1,1,1,0,0,2B,0.4277408742732015,0.4277408742732015,0.1107033468406756,0.07214190269104871,0.16327688009927974,0.07920517042572585,0.00241357421647157,0,0,0,0,0,0.05432027577896504,0.06011825224254059,0.07319308418243575,-0.03795247749566031,0.01658863078153213,0,0,0,0,0,0.16626776548981323,0,0.16626776548981323,0.16626776548981323,0.8748256910835863,0.7229660144181256,0.8855943321962738,-2.426729191090271,0.7036712276075128,0,0,0,0,0,0.7603280742152272,0.7603280742152272,NA,NA,NA,NA
Luis Garcia,NYM,pitcher,-4.2780858548819305,NA,NA,NA,NA,NA,NA,NA,NA,60,3,0,54,3.9097,1.35547,0,0,0,0,0,0,0.07358973439795427,0,0.14901772584483378,0.02843183869705129,0.00747825619860616,0.2585175551384455,0.2585175551384455,0,0,1,0,0,0,0,1,1,0,0,2B,0.4277408742732015,0.4277408742732015,0.1107033468406756,0.07214190269104871,0.16327688009927974,0.07920517042572585,0.00241357421647157,0,0,0,0,0,-0.1107033468406756,-0.07214190269104871,-0.16327688009927974,-0.07920517042572585,-0.00241357421647157,0.07358973439795427,0,0.14901772584483378,0.02843183869705129,0.00747825619860616,-0.4277408742732015,0.2585175551384455,-0.16922331913475602,-0.16922331913475602,-1.7828726109424988,-1.6127703398558184,-1.0627131986355285,-5.064478311840565,-0.10238112802638004,3.797468354430382,0,3.708413877301861,2.223955759064403,0.5548032464188656,0.6594256479147217,0.6594256479147217,NA,NA,NA,NA
Henry Davis,PIT,hitter,1.3752567973063363,282,250,56,8,31,30,4,0.223535,NA,NA,NA,NA,NA,NA,0.10657775627518458,0.09618920358806496,0.1689071173440825,0.03300215434405244,-0.03427279726469778,0.3704034342866867,0,0,0,0,0,0,0.3704034342866867,1,0,0,0,0,0,0,0,1,0,0,C,0.30256973257349196,0.30256973257349196,0.08319940973740216,0.06011825224254059,0.13850383622214762,0.01650107717202622,0.00424715719937533,0,0,0,0,0,0.02337834653778242,0.03607095134552437,0.03040328112193488,0.01650107717202622,-0.03851995446407311,0,0,0,0,0,0.06783370171319479,0,0.06783370171319479,0.06783370171319479,0.37650725945369534,0.3003089598352217,0.5313565993177645,1.0550996483001178,-1.633973532963059,0,0,0,0,0,0.6292989339437403,0.6292989339437403,NA,NA,NA,NA
Jeremiah Estrada,SDP,pitcher,6.4940550867502385,NA,NA,NA,NA,NA,NA,NA,NA,70,5,0,95,3.28614,1.15438,0,0,0,0,0,0,0.1226495573299238,0,0.26216081398628166,0.05265341549151334,0.04475416675896159,0.4822179535666804,0.4822179535666804,0,0,0,0,0,0,0,0,0,0,1,P,0.4439721908381099,0.4439721908381099,0,0,0,0,0,0.13982049535611313,0.03627746556510604,0.2329091863204439,0.02333348430688774,0.0116315592895591,0,0,0,0,0,-0.01717093802618932,-0.03627746556510604,0.02925162766583775,0.0293199311846256,0.03312260746940249,0,0.03824576272857048,0.03824576272857048,0.03824576272857048,0,0,0,0,0,-0.886075949367089,-3.9795918367346976,0.7279479092481432,2.2934228949527182,2.457328241483274,0.6130312595823484,0.6130312595823484,Blue Socks,P,2,4
Nick Gonzales,PIT,hitter,1,420,384,101,8,46,45,2,0.263823,NA,NA,NA,NA,NA,NA,0.15814763834382228,0.09618920358806496,0.2533606760161237,0.01650107717202622,0.06184264506366528,0.5860412401837025,0,0,0,0,0,0,0.5860412401837025,0,0,1,0,0,0,0,1,1,0,0,2B,0.4277408742732015,0.4277408742732015,0.1107033468406756,0.07214190269104871,0.16327688009927974,0.07920517042572585,0.00241357421647157,0,0,0,0,0,0.04744429150314668,0.02404730089701624,0.09008379591684398,-0.06270409325369963,0.05942907084719371,0,0,0,0,0,0.15830036591050098,0,0.15830036591050098,0.15830036591050098,0.7640882618324993,0.8898043254376928,0.3542377328785096,-4.009378663540447,2.520914944057623,0,0,0,0,0,0.5196666006658774,0.5196666006658774,Louisville Sluggers,2B/SS,2,9
Miguel Amaya,CHC,hitter,2.3167199593601095,284,254,61,8,30,34,1,0.239728,NA,NA,NA,NA,NA,NA,0.1031397641372754,0.09618920358806496,0.19142806632329348,0.00825053858601311,-0.00438392696868969,0.39462364566595726,0,0,0,0,0,0,0.39462364566595726,1,0,0,0,0,0,0,0,1,0,0,C,0.30256973257349196,0.30256973257349196,0.08319940973740216,0.06011825224254059,0.13850383622214762,0.01650107717202622,0.00424715719937533,0,0,0,0,0,0.01994035439987324,0.03607095134552437,0.05292423010114586,-0.00825053858601311,-0.00863108416806502,0,0,0,0,0,0.09205391309246534,0,0.09205391309246534,0.09205391309246534,0.32113854482815185,0.5227600411946447,0.5313565993177645,-0.5275498241500589,-0.3661209699650168,0,0,0,0,0,0.4815843912254853,0.4815843912254853,Free At Last,IL,2,5
Andre Pallante,STL,pitcher,-6.21574374291846,NA,NA,NA,NA,NA,NA,NA,NA,143,8,0,100,4.25136,1.42167,0,0,0,0,0,0,0.19623929172787807,0,0.275958751564507,0.04595492682842024,-0.00640742249759702,0.5117455476232082,0.5117455476232082,0,0,0,0,0,0,0,0,0,1,0,P,0.4439721908381099,0.4439721908381099,0,0,0,0,0,0.13982049535611313,0.03627746556510604,0.2329091863204439,0.02333348430688774,0.0116315592895591,0,0,0,0,0,0.05641879637176494,-0.03627746556510604,0.04304956524406309,0.0226214425215325,-0.01803898178715612,0,0.06777335678509838,0.06777335678509838,0.06777335678509838,0,0,0,0,0,2.9113924050632938,-3.9795918367346976,1.071319564553871,1.769463027353353,-1.3382913598855264,0.4342918003502936,0.4342918003502936,NA,NA,NA,NA
Sean Murphy,ATL,hitter,4.737917203631703,348,304,67,15,39,43,0,0.221314,NA,NA,NA,NA,NA,NA,0.13408169337845802,0.1803547567276218,0.24210020152651823,0,-0.04667222626074548,0.5098644253718525,0,0,0,0,0,0,0.5098644253718525,1,0,0,0,0,0,0,0,1,0,0,C,0.30256973257349196,0.30256973257349196,0.08319940973740216,0.06011825224254059,0.13850383622214762,0.01650107717202622,0.00424715719937533,0,0,0,0,0,0.05088228364105586,0.12023650448508122,0.1035963653043706,-0.01650107717202622,-0.05091938346012081,0,0,0,0,0,0.20729469279836063,0,0.20729469279836063,0.20729469279836063,0.8194569764580428,1.0232749742533471,1.771188664392548,-1.0550996483001178,-2.1599434902300936,0,0,0,0,0,0.3988774765737264,0.3988774765737264,Big Red Machine,C,2,12
Liam Hicks,MIA,hitter,0.9120705793868118,305,261,64,4,30,29,2,0.244232,NA,NA,NA,NA,NA,NA,0.1031397641372754,0.04809460179403248,0.16327688009927974,0.01650107717202622,0.00419453104501079,0.33520685424762464,0,0,0,0,0,0,0.33520685424762464,1,1,0,0,0,0,1,0,1,0,0,C,0.30256973257349196,0.30256973257349196,0.08319940973740216,0.06011825224254059,0.13850383622214762,0.01650107717202622,0.00424715719937533,0,0,0,0,0,0.01994035439987324,-0.01202365044850811,0.02477304387713211,0,-5.262615436454031e-5,0,0,0,0,0,0.0326371216741327,0,0.0326371216741327,0.0326371216741327,0.32113854482815185,0.2446961894953657,-0.17711886643925462,0,-0.00223234280958167,0,0,0,0,0,0.3864835250746812,0.3864835250746812,Free Birds,C,2,1
Harry Ford,WSN,hitter,-0.13618763184527016,238,205,47,5,28,24,4,0.231621,NA,NA,NA,NA,NA,NA,0.09626377986145704,0.06011825224254059,0.135125693875266,0.03300215434405244,-0.01583688022197994,0.3086730001013362,0,0,0,0,0,0,0.3086730001013362,1,0,0,0,0,0,0,0,1,0,0,C,0.30256973257349196,0.30256973257349196,0.08319940973740216,0.06011825224254059,0.13850383622214762,0.01650107717202622,0.00424715719937533,0,0,0,0,0,0.01306437012405488,0,-0.00337814234688163,0.01650107717202622,-0.02008403742135527,0,0,0,0,0,0.00610326752784419,0,0.00610326752784419,0.00610326752784419,0.21040111557706503,-0.03336766220391334,0,1.0550996483001178,-0.8519424811922298,0,0,0,0,0,0.3801906204810397,0.3801906204810397,NA,NA,NA,NA
Mauricio Dubon,ATL,hitter,-5.1985776251980775,336,313,81,5,37,33,3,0.258158,NA,NA,NA,NA,NA,NA,0.12720570910263967,0.06011825224254059,0.1857978290784907,0.02475161575803933,0.03728654863664006,0.43515995481835035,0,0,0,0,0,0,0.43515995481835035,0,0,1,1,1,1,1,1,1,0,0,SS,0.3492615922902857,0.3492615922902857,0.0955761814338752,0.0504993318837341,0.13625174132422654,0.05775377010209177,0.00918056754635808,0,0,0,0,0,0.03162952766876448,0.00961892035880648,0.04954608775426417,-0.03300215434405244,0.02810598109028198,0,0,0,0,0,0.08589836252806468,0,0.08589836252806468,0.08589836252806468,0.509392174555,0.4893923789907309,0.1416950931514037,-2.1101992966002356,1.1922243901485892,0,0,0,0,0,0.22250474024548805,0.22250474024548805,NA,NA,NA,NA
Kyle Leahy,STL,pitcher,-2.954479430164436,NA,NA,NA,NA,NA,NA,NA,NA,132,6,0,108,4.18866,1.35381,0,0,0,0,0,0,0.14717946879590854,0,0.29803545168966755,0.04611412570414126,0.01701302065231487,0.5083420668420322,0.5083420668420322,0,0,0,0,0,0,0,0,0,0,1,P,0.4439721908381099,0.4439721908381099,0,0,0,0,0,0.13982049535611313,0.03627746556510604,0.2329091863204439,0.02333348430688774,0.0116315592895591,0,0,0,0,0,0.00735897343979541,-0.03627746556510604,0.06512626536922364,0.02278064139725352,0.00538146136275576,0,0.0643698760039223,0.0643698760039223,0.0643698760039223,0,0,0,0,0,0.3797468354430376,-3.9795918367346976,1.6207142130430354,1.7819156604830229,0.3992444435229533,0.20202931575735128,0.20202931575735128,NA,NA,NA,NA
Braxton Fulford,COL,hitter,0.4289369541000617,205,183,45,6,24,25,2,0.24417,NA,NA,NA,NA,NA,NA,0.08251181130982033,0.07214190269104873,0.14075593112006873,0.01650107717202622,0.00285703022540294,0.31476775251836697,0,0,0,0,0,0,0.31476775251836697,1,0,0,0,0,0,0,0,1,0,0,C,0.30256973257349196,0.30256973257349196,0.08319940973740216,0.06011825224254059,0.13850383622214762,0.01650107717202622,0.00424715719937533,0,0,0,0,0,-6.875984275818287e-4,0.01202365044850813,0.0022520948979211,0,-0.00139012697397239,0,0,0,0,0,0.01219801994487502,0,0.01219801994487502,0.01219801994487502,-0.01107374292510856,0.02224510813594241,0.17711886643925503,0,-0.0589676367620693,0,0,0,0,0,0.12932259488801956,0.12932259488801956,NA,NA,NA,NA
Joey Bart,PIT,hitter,1.7068069682373883,301,263,63,7,32,31,1,0.238286,NA,NA,NA,NA,NA,NA,0.11001574841309376,0.08416555313955684,0.17453735458888525,0.00825053858601311,-0.00734576379068067,0.3696234309368683,0,0,0,0,0,0,0.3696234309368683,1,0,0,0,0,0,0,0,1,0,0,C,0.30256973257349196,0.30256973257349196,0.08319940973740216,0.06011825224254059,0.13850383622214762,0.01650107717202622,0.00424715719937533,0,0,0,0,0,0.02681633867569161,0.02404730089701625,0.03603351836673763,-0.00825053858601311,-0.011592920990056,0,0,0,0,0,0.06705369836337638,0,0.06705369836337638,0.06705369836337638,0.4318759740792389,0.35592173017507744,0.35423773287850974,-0.5275498241500589,-0.49175878660891903,0,0,0,0,0,0.12272682637384812,0.12272682637384812,Westside Marauders,C,2,1
Pedro Pages,STL,hitter,2.390834788374371,358,327,74,10,34,39,1,0.22779,NA,NA,NA,NA,NA,NA,0.11689173268891212,0.1202365044850812,0.21957925254730729,0.00825053858601311,-0.03453227474996705,0.43042575355734664,0,0,0,0,0,0,0.43042575355734664,1,0,0,0,0,0,0,0,1,0,0,C,0.30256973257349196,0.30256973257349196,0.08319940973740216,0.06011825224254059,0.13850383622214762,0.01650107717202622,0.00424715719937533,0,0,0,0,0,0.03369232295150996,0.06011825224254062,0.08107541632515966,-0.00825053858601311,-0.03877943194934238,0,0,0,0,0,0.12785602098385476,0,0.12785602098385476,0.12785602098385476,0.5426134033303257,0.8008238928939243,0.885594332196274,-0.5275498241500589,-1.6449802786674246,0,0,0,0,0,0.05650152560304056,0.05650152560304056,Big Red Machine,C,2,1
Jose Trevino,CIN,hitter,1,282,261,63,7,28,29,1,0.240253,NA,NA,NA,NA,NA,NA,0.09626377986145704,0.08416555313955684,0.16327688009927974,0.00825053858601311,-0.00349072979463964,0.34846602189166703,0,0,0,0,0,0,0.34846602189166703,1,0,0,0,0,0,0,0,1,0,0,C,0.30256973257349196,0.30256973257349196,0.08319940973740216,0.06011825224254059,0.13850383622214762,0.01650107717202622,0.00424715719937533,0,0,0,0,0,0.01306437012405488,0.02404730089701625,0.02477304387713211,-0.00825053858601311,-0.00773788699401497,0,0,0,0,0,0.04589628931817517,0,0.04589628931817517,0.04589628931817517,0.21040111557706503,0.2446961894953657,0.35423773287850974,-0.5275498241500589,-0.32823254142400193,0,0,0,0,0,-0.04644732762312031,-0.04644732762312031,NA,NA,NA,NA
Otto Kemp,PHI,hitter,-4.976176508112957,273,242,57,8,34,35,5,0.234251,NA,NA,NA,NA,NA,NA,0.11689173268891212,0.09618920358806496,0.19705830356809623,0.04125269293006554,-0.01398530499472193,0.43740662778041695,0,0,0,0,0,0,0.43740662778041695,0,1,0,1,0,0,1,0,1,0,0,1B,0.4466098192993388,0.4466098192993388,0.11345374055100294,0.1106175841262747,0.19705830356809623,0.04125269293006554,-0.01577250187610062,0,0,0,0,0,0.00343799213790918,-0.01442838053820974,0,0,0.00178719688137869,0,0,0,0,0,-0.00920319151892187,0,-0.00920319151892187,-0.00920319151892187,0.05536871462554351,0,-0.21254263972710577,0,0.0758108996491818,0,0,0,0,0,-0.08136302545238042,-0.08136302545238042,NA,NA,NA,NA
Carson Benge,NYM,hitter,10.777001897736806,364,322,78,9,46,41,8,0.240572,NA,NA,NA,NA,NA,NA,0.15814763834382228,0.10821285403657308,0.23083972703691277,0.06600430868810488,-0.00354643587425676,0.5596580922311563,0,0,0,0,0,0,0.5596580922311563,0,0,0,0,0,1,0,0,1,0,0,OF,0.5185403056045699,0.5185403056045699,0.13133129966813067,0.10580812394687146,0.2071927306087412,0.07920517042572585,-0.00499701904489933,0,0,0,0,0,0.02681633867569161,0.00240473008970161,0.02364699642817158,-0.01320086173762097,0.00145058317064257,0,0,0,0,0,0.0411177866265864,0,0.0411177866265864,0.0411177866265864,0.4318759740792389,0.23357363542739476,0.03542377328785082,-0.844079718640094,0.06153212123867524,0,0,0,0,0,-0.08167421460693425,-0.08167421460693425,NA,NA,NA,NA
Yohel Pozo,STL,hitter,-0.44535572792603406,173,165,44,5,18,21,1,0.264363,NA,NA,NA,NA,NA,NA,0.06188385848236524,0.06011825224254059,0.11823498214085774,0.00825053858601311,0.02723237044631018,0.2757200018980869,0,0,0,0,0,0,0.2757200018980869,1,0,0,0,0,0,0,0,1,0,0,C,0.30256973257349196,0.30256973257349196,0.08319940973740216,0.06011825224254059,0.13850383622214762,0.01650107717202622,0.00424715719937533,0,0,0,0,0,-0.02131555125503691,0,-0.02026885408128988,-0.00825053858601311,0.02298521324693485,0,0,0,0,0,-0.02684973067540505,0,-0.02684973067540505,-0.02684973067540505,-0.3432860306783693,-0.20020597322348072,0,-0.5275498241500589,0.9750071259827788,0,0,0,0,0,-0.09603470206913,-0.09603470206913,NA,NA,NA,NA
Drey Jameson,ARI,pitcher,-0.9514046413875978,NA,NA,NA,NA,NA,NA,NA,NA,59,4,5,55,3.88457,1.33079,0,0,0,0,0,0,0.09811964586393904,0.06976435685597315,0.15177731336047884,0.02861976843363516,0.01108068649068233,0.35936177100470856,0.35936177100470856,0,0,0,0,0,0,0,0,0,0,1,P,0.4439721908381099,0.4439721908381099,0,0,0,0,0,0.13982049535611313,0.03627746556510604,0.2329091863204439,0.02333348430688774,0.0116315592895591,0,0,0,0,0,-0.04170084949217409,0.03348689129086711,-0.08113187295996507,0.00528628412674742,-5.508727988767712e-4,0,-0.0846104198334014,-0.0846104198334014,-0.0846104198334014,0,0,0,0,0,-2.151898734177217,3.6734693877551057,-2.01902533319768,0.41349636768127646,-0.04086862084741677,-0.12482693278593215,-0.12482693278593215,NA,NA,NA,NA
Bryce Elder,ATL,pitcher,-4.308501754190653,NA,NA,NA,NA,NA,NA,NA,NA,124,7,0,103,4.43908,1.35736,0,0,0,0,0,0,0.1717093802618933,0,0.2842375141114422,0.02945915135553748,0.01485519766749562,0.5002612433963687,0.5002612433963687,0,0,0,0,0,0,0,0,0,1,0,P,0.4439721908381099,0.4439721908381099,0,0,0,0,0,0.13982049535611313,0.03627746556510604,0.2329091863204439,0.02333348430688774,0.0116315592895591,0,0,0,0,0,0.03188888490578018,-0.03627746556510604,0.0513283277909983,0.00612566704864974,0.00322363837793651,0,0.05628905255825869,0.05628905255825869,0.05628905255825869,0,0,0,0,0,1.6455696202531656,-3.9795918367346976,1.2773425577373076,0.4791534116422982,0.2391580322820412,-0.3383682148198852,-0.3383682148198852,Hoosiers,P,2,1
Alek Thomas,ARI,hitter,1.3486068053577225,392,361,88,9,45,42,7,0.243069,NA,NA,NA,NA,NA,NA,0.1547096462059131,0.10821285403657308,0.2364699642817155,0.05775377010209177,0.00269470382577691,0.5598409384520705,0,0,0,0,0,0,0.5598409384520705,0,0,0,0,0,1,0,0,1,0,0,OF,0.5185403056045699,0.5185403056045699,0.13133129966813067,0.10580812394687146,0.2071927306087412,0.07920517042572585,-0.00499701904489933,0,0,0,0,0,0.02337834653778242,0.00240473008970161,0.0292772336729743,-0.02145140032363408,0.00769172287067624,0,0,0,0,0,0.0413006328475005,0,0.0413006328475005,0.0413006328475005,0.37650725945369534,0.28918640576725024,0.03542377328785082,-1.3716295427901528,0.32627431076777724,0,0,0,0,0,-0.3442377935135792,-0.3442377935135792,Free Birds,OF,2,1
Starling Marte,NA,hitter,NA,273,249,65,6,31,29,8,0.26217,NA,NA,NA,NA,NA,NA,0.10657775627518458,0.07214190269104873,0.16327688009927974,0.06600430868810488,0.0370551850707277,0.4450560328243456,0,0,0,0,0,0,0.4450560328243456,0,0,0,0,0,0,0,0,1,0,0,Util,0.5185403056045699,0.5185403056045699,0.13133129966813067,0.10580812394687146,0.2071927306087412,0.07920517042572585,-0.00499701904489933,0,0,0,0,0,-0.02475354339294609,-0.03366622125582273,-0.04391585050946145,-0.01320086173762097,0.04205220411562703,0,0,0,0,0,-0.07348427278022422,0,-0.07348427278022422,-0.07348427278022422,-0.3986547453039127,-0.43377960865087534,-0.49593282602991334,-0.844079718640094,1.7838076260391598,0,0,0,0,0,-0.3886392725856356,-0.3886392725856356,NA,NA,NA,NA
Erik Miller,SFG,pitcher,-0.7540369291678188,NA,NA,NA,NA,NA,NA,NA,NA,62,4,4,68,3.60315,1.37752,0,0,0,0,0,0,0.09811964586393904,0.05581148548477852,0.18765195106386476,0.03786299015591878,0.0042283180713098,0.3836743906398109,0.3836743906398109,0,0,0,0,0,0,0,0,0,0,1,P,0.4439721908381099,0.4439721908381099,0,0,0,0,0,0.13982049535611313,0.03627746556510604,0.2329091863204439,0.02333348430688774,0.0116315592895591,0,0,0,0,0,-0.04170084949217409,0.01953401991967247,-0.04525723525657915,0.01452950584903103,-0.0074032412182493,0,-0.06029780019829903,-0.06029780019829903,-0.06029780019829903,0,0,0,0,0,-2.151898734177217,2.142857142857144,-1.1262590294027877,1.1365068068096398,-0.5492379711024368,-0.5480317850156574,-0.5480317850156574,NA,NA,NA,NA
Joe Mack,MIA,hitter,10.777001897736806,263,238,52,8,29,30,2,0.219269,NA,NA,NA,NA,NA,NA,0.09970177199936622,0.09618920358806496,0.1689071173440825,0.01650107717202622,-0.04014119751326527,0.3411579725902746,0,0,0,0,0,0,0.3411579725902746,1,0,0,0,0,0,0,0,1,0,0,C,0.30256973257349196,0.30256973257349196,0.08319940973740216,0.06011825224254059,0.13850383622214762,0.01650107717202622,0.00424715719937533,0,0,0,0,0,0.01650236226196406,0.03607095134552437,0.03040328112193488,0,-0.0443883547126406,0,0,0,0,0,0.03858824001678272,0,0.03858824001678272,0.03858824001678272,0.2657698302026086,0.3003089598352217,0.5313565993177645,0,-1.8829045304266312,0,0,0,0,0,-0.7854691410710366,-0.7854691410710366,NA,NA,NA,NA
Luis Torrens,NYM,hitter,-0.8275292928650524,218,199,49,5,21,24,1,0.243954,NA,NA,NA,NA,NA,NA,0.07219783489609279,0.06011825224254059,0.135125693875266,0.00825053858601311,0.0027887345021327,0.27848105410204516,0,0,0,0,0,0,0.27848105410204516,1,0,0,0,0,0,0,0,1,0,0,C,0.30256973257349196,0.30256973257349196,0.08319940973740216,0.06011825224254059,0.13850383622214762,0.01650107717202622,0.00424715719937533,0,0,0,0,0,-0.01100157484130937,0,-0.00337814234688163,-0.00825053858601311,-0.00145842269724263,0,0,0,0,0,-0.02408867847144674,0,-0.02408867847144674,-0.02408867847144674,-0.17717988680173888,-0.03336766220391334,0,-0.5275498241500589,-0.06186466521889736,0,0,0,0,0,-0.7999620383746084,-0.7999620383746084,Free At Last,C,2,1
Lucas Giolito,NA,pitcher,NA,NA,NA,NA,NA,NA,NA,NA,NA,133,7,0,119,4.67502,1.38573,0,0,0,0,0,0,0.1717093802618933,0,0.3283909143617633,0.01759075982048104,0.00627553286235335,0.523966587306491,0.523966587306491,0,0,0,0,0,0,0,0,0,0,0,P,0.4439721908381099,0.4439721908381099,0,0,0,0,0,0.13982049535611313,0.03627746556510604,0.2329091863204439,0.02333348430688774,0.0116315592895591,0,0,0,0,0,0.03188888490578018,-0.03627746556510604,0.0954817280413194,-0.00574272448640669,-0.00535602642720575,0,0.0799943964683811,0.0799943964683811,0.0799943964683811,0,0,0,0,0,1.6455696202531656,-3.9795918367346976,2.3761318547156365,-0.4491994109262058,-0.3973574548399185,-0.8044472275320201,-0.8044472275320201,NA,NA,NA,NA
Sung-Mun Song,SDP,hitter,10.777001897736806,294,267,65,6,32,29,6,0.243316,NA,NA,NA,NA,NA,NA,0.11001574841309376,0.07214190269104873,0.16327688009927974,0.04950323151607866,0.00248107237944339,0.3974188350989443,0,0,0,0,0,0,0.3974188350989443,0,0,0,1,0,0,1,0,1,0,0,3B,0.4518055273846128,0.4518055273846128,0.1182669295440758,0.08416555313955683,0.18917597142537235,0.04785312379887603,0.01234394947673169,0,0,0,0,0,-0.00825118113098204,-0.0120236504485081,-0.02589909132609261,0.00165010771720262,-0.0098628770972883,0,0,0,0,0,-0.05438669228566843,0,-0.05438669228566843,-0.05438669228566843,-0.1328849151013044,-0.25581874356333634,-0.1771188664392545,0.1055099648300122,-0.4183722530323191,0,0,0,0,0,-0.8786848133062022,-0.8786848133062022,NA,NA,NA,NA
Gavin Sheets,SDP,hitter,4.446185119745893,497,448,107,16,49,60,2,0.240137,NA,NA,NA,NA,NA,NA,0.16846161475754984,0.19237840717612992,0.337814234688165,0.01650107717202622,-0.00637632497951529,0.7087790088143556,0,0,0,0,0,0,0.7087790088143556,0,0,0,0,0,1,0,0,1,0,0,OF,0.5185403056045699,0.5185403056045699,0.13133129966813067,0.10580812394687146,0.2071927306087412,0.07920517042572585,-0.00499701904489933,0,0,0,0,0,0.03713031508941916,0.08657028322925846,0.13062150407942383,-0.06270409325369963,-0.00137930593461596,0,0,0,0,0,0.19023870320978584,0,0.19023870320978584,0.19023870320978584,0.5979821179558694,1.290216271884655,1.2752558383626342,-4.009378663540447,-0.05850862033399824,0,0,0,0,0,-0.9044330556712872,-0.9044330556712872,Free At Last,1B/3B,2,1
Justin Steele,CHC,pitcher,3.5175687748563274,NA,NA,NA,NA,NA,NA,NA,NA,81,5,0,76,3.57952,1.2005,0,0,0,0,0,0,0.1226495573299238,0,0.2097286511890253,0.05032049696161518,0.04222505872666624,0.42492376420723055,0.42492376420723055,0,0,0,0,0,0,0,0,0,1,0,P,0.4439721908381099,0.4439721908381099,0,0,0,0,0,0.13982049535611313,0.03627746556510604,0.2329091863204439,0.02333348430688774,0.0116315592895591,0,0,0,0,0,-0.01717093802618932,-0.03627746556510604,-0.0231805351314186,0.02698701265472744,0.03059349943710714,0,-0.01904842663087938,-0.01904842663087938,-0.01904842663087938,0,0,0,0,0,-0.886075949367089,-3.9795918367346976,-0.5768643809136231,2.110940585057891,2.269696618602659,-1.0618949633548596,-1.0618949633548596,Erie Lakers,IL,2027,16
Drew Millas,WSN,hitter,-3.1667073008445863,141,127,32,2,15,14,3,0.24742,NA,NA,NA,NA,NA,NA,0.0515698820686377,0.02404730089701624,0.0788233214272385,0.02475161575803933,0.00503718528431616,0.18422930543524793,0,0,0,0,0,0,0.18422930543524793,1,0,0,0,0,0,0,0,1,0,0,C,0.30256973257349196,0.30256973257349196,0.08319940973740216,0.06011825224254059,0.13850383622214762,0.01650107717202622,0.00424715719937533,0,0,0,0,0,-0.03162952766876446,-0.03607095134552435,-0.05968051479490913,0.00825053858601311,7.900280849408295e-4,0,0,0,0,0,-0.11834042713824398,0,-0.11834042713824398,-0.11834042713824398,-0.5093921745549996,-0.5894953656024714,-0.5313565993177641,0.527549824150059,0.03351211077611197,0,0,0,0,0,-1.0691822045490642,-1.0691822045490642,NA,NA,NA,NA
Owen Caissie,MIA,hitter,2.499549534730476,406,359,86,13,47,48,4,0.24031,NA,NA,NA,NA,NA,NA,0.16158563048173147,0.15630745583060557,0.270251387750532,0.03300215434405244,-0.00464999473348005,0.6164966336734413,0,0,0,0,0,0,0.6164966336734413,0,0,0,0,0,1,0,0,1,0,0,OF,0.5185403056045699,0.5185403056045699,0.13133129966813067,0.10580812394687146,0.2071927306087412,0.07920517042572585,-0.00499701904489933,0,0,0,0,0,0.03025433081360079,0.05049933188373411,0.06305865714179079,-0.04620301608167341,3.470243114192797e-4,0,0,0,0,0,0.09795632806887156,0,0.09795632806887156,0.09795632806887156,0.4872446887047824,0.622863027806385,0.7438992390448701,-2.9542790152403295,0.01472038448754374,0,0,0,0,0,-1.0855516751967484,-1.0855516751967484,Big Red Machine,OF,2,1
James McCann,ARI,hitter,-1.498972935982255,194,178,43,5,20,22,1,0.238825,NA,NA,NA,NA,NA,NA,0.0687598427581836,0.06011825224254059,0.1238652193856605,0.00825053858601311,-0.00426166647608444,0.25673218649631335,0,0,0,0,0,0,0.25673218649631335,1,0,0,0,0,0,0,0,1,0,0,C,0.30256973257349196,0.30256973257349196,0.08319940973740216,0.06011825224254059,0.13850383622214762,0.01650107717202622,0.00424715719937533,0,0,0,0,0,-0.01443956697921855,0,-0.01463861683648712,-0.00825053858601311,-0.00850882367545977,0,0,0,0,0,-0.04583754607717855,0,-0.04583754607717855,-0.04583754607717855,-0.2325486014272824,-0.14459320288362484,0,-0.5275498241500589,-0.3609348161436169,0,0,0,0,0,-1.265626444604583,-1.265626444604583,NA,NA,NA,NA
Gregory Soto,PIT,pitcher,-0.6388734083464174,NA,NA,NA,NA,NA,NA,NA,NA,61,3,4,66,3.6923,1.29796,0,0,0,0,0,0,0.07358973439795427,0.05581148548477852,0.18213277603257463,0.03482496398793456,0.01658221154666498,0.36294117144990695,0.36294117144990695,0,0,0,0,0,0,0,0,0,0,1,P,0.4439721908381099,0.4439721908381099,0,0,0,0,0,0.13982049535611313,0.03627746556510604,0.2329091863204439,0.02333348430688774,0.0116315592895591,0,0,0,0,0,-0.06623076095815886,0.01953401991967247,-0.05077641028786928,0.01149147968104682,0.00495065225710588,0,-0.08103101938820297,-0.08103101938820297,-0.08103101938820297,0,0,0,0,0,-3.417721518987345,2.142857142857144,-1.2636076915250785,0.8988705475276265,0.36728321030846206,-1.2723183098191908,-1.2723183098191908,NA,NA,NA,NA
Moises Ballesteros,CHC,hitter,7.556425182937979,354,319,84,9,38,42,2,0.264064,NA,NA,NA,NA,NA,NA,0.13064370124054883,0.10821285403657308,0.2364699642817155,0.01650107717202622,0.0519434099019993,0.5437710066328629,0,0,0,0,0,0,0.5437710066328629,0,0,0,0,0,0,0,0,1,0,0,Util,0.5185403056045699,0.5185403056045699,0.13133129966813067,0.10580812394687146,0.2071927306087412,0.07920517042572585,-0.00499701904489933,0,0,0,0,0,-6.875984275818425e-4,0.00240473008970161,0.0292772336729743,-0.06270409325369963,0.05694042894689863,0,0,0,0,0,0.02523070102829307,0,0.02523070102829307,0.02523070102829307,-0.01107374292510879,0.28918640576725024,0.03542377328785082,-4.009378663540447,2.415349528555959,0,0,0,0,0,-1.2804926988544962,-1.2804926988544962,Hoosiers,C,2,1
Calvin Faucher,MIA,pitcher,-2.989894116618665,NA,NA,NA,NA,NA,NA,NA,NA,64,3,5,64,4.00106,1.38214,0,0,0,0,0,0,0.07358973439795427,0.06976435685597315,0.17661360100128448,0.02771745268812707,0.00360789632335599,0.351293041266695,0.351293041266695,0,0,0,0,0,0,0,0,0,0,1,P,0.4439721908381099,0.4439721908381099,0,0,0,0,0,0.13982049535611313,0.03627746556510604,0.2329091863204439,0.02333348430688774,0.0116315592895591,0,0,0,0,0,-0.06623076095815886,0.03348689129086711,-0.05629558531915943,0.00438396838123933,-0.00802366296620311,0,-0.09267914957141496,-0.09267914957141496,-0.09267914957141496,0,0,0,0,0,-3.417721518987345,3.6734693877551057,-1.40095635364737,0.3429166798848159,-0.5952663486776524,-1.397558153672446,-1.397558153672446,Blue Socks,P,2,3
Mike Yastrzemski,ATL,hitter,3.424403536442924,455,394,90,16,56,50,4,0.228559,NA,NA,NA,NA,NA,NA,0.19252755972291408,0.19237840717612992,0.28151186224013747,0.03300215434405244,-0.03936553430416463,0.6600544491790692,0,0,0,0,0,0,0.6600544491790692,0,0,0,0,0,1,0,0,1,0,0,OF,0.5185403056045699,0.5185403056045699,0.13133129966813067,0.10580812394687146,0.2071927306087412,0.07920517042572585,-0.00499701904489933,0,0,0,0,0,0.0611962600547834,0.08657028322925846,0.07431913163139628,-0.04620301608167341,-0.0343685152592653,0,0,0,0,0,0.14151414357449946,0,0.14151414357449946,0.14151414357449946,0.9855631203346732,0.7340885684860965,1.2752558383626342,-2.9542790152403295,-1.4578741092036702,0,0,0,0,0,-1.4172455972605955,-1.4172455972605955,NA,NA,NA,NA
Carlos Santana,ARI,hitter,-3.5446319504078723,357,312,70,10,38,40,3,0.224153,NA,NA,NA,NA,NA,NA,0.13064370124054883,0.1202365044850812,0.22520948979211,0.02475161575803933,-0.04134557169568182,0.45949573958009754,0,0,0,0,0,0,0.45949573958009754,0,1,0,0,0,0,1,0,1,0,0,1B,0.4466098192993388,0.4466098192993388,0.11345374055100294,0.1106175841262747,0.19705830356809623,0.04125269293006554,-0.01577250187610062,0,0,0,0,0,0.01718996068954589,0.0096189203588065,0.02815118622401377,-0.01650107717202621,-0.0255730698195812,0,0,0,0,0,0.01288592028075876,0,0.01288592028075876,0.01288592028075876,0.2768435731277171,0.27806385169927933,0.14169509315140388,-1.0550996483001172,-1.0847811172981756,0,0,0,0,0,-1.4432782476198924,-1.4432782476198924,Melonheads,1B,2,9
Orion Kerkering,PHI,pitcher,3.312030211752564,NA,NA,NA,NA,NA,NA,NA,NA,63,5,1,70,3.48673,1.21237,0,0,0,0,0,0,0.1226495573299238,0.01395287137119463,0.1931711260951549,0.04174743935764714,0.03092762652390319,0.40244862067782367,0.40244862067782367,0,0,0,0,0,0,0,0,0,0,1,P,0.4439721908381099,0.4439721908381099,0,0,0,0,0,0.13982049535611313,0.03627746556510604,0.2329091863204439,0.02333348430688774,0.0116315592895591,0,0,0,0,0,-0.01717093802618932,-0.02232459419391141,-0.039738060225289,0.0184139550507594,0.01929606723434409,0,-0.04152357016028625,-0.04152357016028625,-0.04152357016028625,0,0,0,0,0,-0.886075949367089,-2.448979591836737,-0.9889103672804962,1.4403507918936174,1.4315530867645534,-1.452062029826151,-1.452062029826151,NA,NA,NA,NA
Dalton Rushing,LAD,hitter,-1.6488616731442436,168,146,33,6,21,22,1,0.228465,NA,NA,NA,NA,NA,NA,0.07219783489609279,0.07214190269104873,0.1238652193856605,0.00825053858601311,-0.01468878895819706,0.261766706600618,0,0,0,0,0,0,0.261766706600618,1,0,0,0,0,0,0,0,1,0,0,C,0.30256973257349196,0.30256973257349196,0.08319940973740216,0.06011825224254059,0.13850383622214762,0.01650107717202622,0.00424715719937533,0,0,0,0,0,-0.01100157484130937,0.01202365044850813,-0.01463861683648712,-0.00825053858601311,-0.01893594615757238,0,0,0,0,0,-0.04080302597287385,0,-0.04080302597287385,-0.04080302597287385,-0.17717988680173888,-0.14459320288362484,0.17711886643925503,-0.5275498241500589,-0.803241729476726,0,0,0,0,0,-1.4754457768728937,-1.4754457768728937,Blue Socks,C,2,3
Nick Castellanos,SDP,hitter,1.20955546974044,364,338,84,11,40,45,3,0.249403,NA,NA,NA,NA,NA,NA,0.1375196855163672,0.1322601549335893,0.2533606760161237,0.02475161575803933,0.0183660739153703,0.5662582061394899,0,0,0,0,0,0,0.5662582061394899,0,0,0,0,0,1,0,0,1,0,0,OF,0.5185403056045699,0.5185403056045699,0.13133129966813067,0.10580812394687146,0.2071927306087412,0.07920517042572585,-0.00499701904489933,0,0,0,0,0,0.00618838584823652,0.02645203098671784,0.04616794540738253,-0.05445355466768652,0.02336309296026963,0,0,0,0,0,0.04771790053492002,0,0.04771790053492002,0.04771790053492002,0.09966368632597825,0.4560247167868175,0.38966150616636025,-3.4818288393903885,0.9910363622272969,0,0,0,0,0,-1.5454425678839354,-1.5454425678839354,NA,NA,NA,NA
Miles Mikolas,WSN,pitcher,-7.959969317278008,NA,NA,NA,NA,NA,NA,NA,NA,141,7,0,93,4.76351,1.3349,0,0,0,0,0,0,0.1717093802618933,0,0.25664163895499154,0.01307966818762627,0.02499765554290876,0.4664283429474199,0.4664283429474199,0,0,0,0,0,0,0,0,0,1,0,P,0.4439721908381099,0.4439721908381099,0,0,0,0,0,0.13982049535611313,0.03627746556510604,0.2329091863204439,0.02333348430688774,0.0116315592895591,0,0,0,0,0,0.03188888490578018,-0.03627746556510604,0.02373245263454762,-0.01025381611926147,0.01336609625334966,0,0.02245615210930995,0.02245615210930995,0.02245615210930995,0,0,0,0,0,1.6455696202531656,-3.9795918367346976,0.5905992471258525,-0.8020597490651914,0.991615344054083,-1.553867374366788,-1.553867374366788,Free At Last,P,2,1
Caleb Thielbar,CHC,pitcher,2.2436824350994256,NA,NA,NA,NA,NA,NA,NA,NA,66,5,1,69,3.62918,1.21367,0,0,0,0,0,0,0.1226495573299238,0.01395287137119463,0.19041153857950985,0.03953893875245924,0.03218075795734335,0.39873366399043086,0.39873366399043086,0,0,0,0,0,0,0,0,0,0,1,P,0.4439721908381099,0.4439721908381099,0,0,0,0,0,0.13982049535611313,0.03627746556510604,0.2329091863204439,0.02333348430688774,0.0116315592895591,0,0,0,0,0,-0.01717093802618932,-0.02232459419391141,-0.04249764774093406,0.0162054544455715,0.02054919866778425,0,-0.04523852684767905,-0.04523852684767905,-0.04523852684767905,0,0,0,0,0,-0.886075949367089,-2.448979591836737,-1.0575846983416417,1.2676005279328757,1.524521469900679,-1.600518241711912,-1.600518241711912,NA,NA,NA,NA
Bryce Eldridge,SFG,hitter,2.6962470535705703,448,402,94,18,45,58,1,0.234484,NA,NA,NA,NA,NA,NA,0.1547096462059131,0.21642570807314615,0.3265537601985595,0.00825053858601311,-0.02253863937202822,0.6834010136916036,0,0,0,0,0,0,0.6834010136916036,0,0,0,0,0,0,0,0,1,0,0,Util,0.5185403056045699,0.5185403056045699,0.13133129966813067,0.10580812394687146,0.2071927306087412,0.07920517042572585,-0.00499701904489933,0,0,0,0,0,0.02337834653778242,0.11061758412627468,0.11936102958981828,-0.07095463183971273,-0.01754162032712889,0,0,0,0,0,0.16486070808703382,0,0.16486070808703382,0.16486070808703382,0.37650725945369534,1.178990731204943,1.6294935712411436,-4.536928487690505,-0.7440959819033135,0,0,0,0,0,-2.096032907694037,-2.096032907694037,Blue Socks,1B,2,1
Ryan Ritter,COL,hitter,-9.28726458036171,196,174,44,5,24,22,3,0.252803,NA,NA,NA,NA,NA,NA,0.08251181130982033,0.06011825224254059,0.1238652193856605,0.02475161575803933,0.01383268990277987,0.30507958859884055,0,0,0,0,0,0,0.30507958859884055,0,0,1,0,1,0,0,1,1,0,0,SS,0.3492615922902857,0.3492615922902857,0.0955761814338752,0.0504993318837341,0.13625174132422654,0.05775377010209177,0.00918056754635808,0,0,0,0,0,-0.01306437012405487,0.00961892035880648,-0.01238652193856604,-0.03300215434405244,0.00465212235642179,0,0,0,0,0,-0.04418200369144507,0,-0.04418200369144507,-0.04418200369144507,-0.2104011155770648,-0.12234809474768273,0.1416950931514037,-2.1101992966002356,0.19733784497561335,0,0,0,0,0,-2.103915568797966,-2.103915568797966,NA,NA,NA,NA
Tony Santillan,CIN,pitcher,-3.2884485090158897,NA,NA,NA,NA,NA,NA,NA,NA,70,3,4,73,4.2654,1.33876,0,0,0,0,0,0,0.07358973439795427,0.05581148548477852,0.20144988864209012,0.0220567433220362,0.01171858281080322,0.3646264346576624,0.3646264346576624,0,0,0,0,0,0,0,0,0,0,1,P,0.4439721908381099,0.4439721908381099,0,0,0,0,0,0.13982049535611313,0.03627746556510604,0.2329091863204439,0.02333348430688774,0.0116315592895591,0,0,0,0,0,-0.06623076095815886,0.01953401991967247,-0.03145929767835379,-0.00127674098485153,8.702352124411936e-5,0,-0.07934575618044759,-0.07934575618044759,-0.07934575618044759,0,0,0,0,0,-3.417721518987345,2.142857142857144,-0.7828873740970593,-0.09986745832194872,0.00645617518560508,-2.1511630333636034,-2.1511630333636034,Erie Lakers,P,2,1
Kyle Freeland,COL,pitcher,-13.263829187251606,NA,NA,NA,NA,NA,NA,NA,NA,160,8,0,118,5.01809,1.41976,0,0,0,0,0,0,0.19623929172787807,0,0.3256313268461183,-0.00333901741479799,-0.00638693383100031,0.512144667328198,0.512144667328198,0,0,0,0,0,0,0,0,0,1,0,P,0.4439721908381099,0.4439721908381099,0,0,0,0,0,0.13982049535611313,0.03627746556510604,0.2329091863204439,0.02333348430688774,0.0116315592895591,0,0,0,0,0,0.05641879637176494,-0.03627746556510604,0.09272214052567436,-0.02667250172168573,-0.01801849312055941,0,0.06817247649008815,0.06817247649008815,0.06817247649008815,0,0,0,0,0,2.9113924050632938,-3.9795918367346976,2.307457523654492,-2.086339348103793,-1.3367713292205208,-2.1838525853412256,-2.1838525853412256,NA,NA,NA,NA
Dane Myers,CIN,hitter,-4.025940207442145,231,210,51,6,25,27,8,0.244811,NA,NA,NA,NA,NA,NA,0.0859498034477295,0.07214190269104873,0.15201640560967425,0.06600430868810488,0.0042747018219153,0.3803871222584726,0,0,0,0,0,0,0.3803871222584726,0,0,0,0,0,1,0,0,1,0,0,OF,0.5185403056045699,0.5185403056045699,0.13133129966813067,0.10580812394687146,0.2071927306087412,0.07920517042572585,-0.00499701904489933,0,0,0,0,0,-0.04538149622040118,-0.03366622125582273,-0.05517632499906694,-0.01320086173762097,0.00927172086681463,0,0,0,0,0,-0.1381531833460972,0,-0.1381531833460972,-0.1381531833460972,-0.7308670330571734,-0.5450051493305869,-0.49593282602991334,-0.844079718640094,0.39329606465465383,0,0,0,0,0,-2.2225886624031137,-2.2225886624031137,NA,NA,NA,NA
Chris Paddack,MIA,pitcher,-7.616891418310496,NA,NA,NA,NA,NA,NA,NA,NA,133,6,0,103,4.82116,1.3215,0,0,0,0,0,0,0.14717946879590854,0,0.2842375141114422,0.00891517256621757,0.02814104733399563,0.468473202807564,0.468473202807564,0,0,0,0,0,0,0,0,0,1,0,P,0.4439721908381099,0.4439721908381099,0,0,0,0,0,0.13982049535611313,0.03627746556510604,0.2329091863204439,0.02333348430688774,0.0116315592895591,0,0,0,0,0,0.00735897343979541,-0.03627746556510604,0.0513283277909983,-0.01441831174067016,0.01650948804443652,0,0.02450101196945403,0.02450101196945403,0.02450101196945403,0,0,0,0,0,0.3797468354430376,-3.9795918367346976,1.2773425577373076,-1.1278091358535636,1.2248199741370236,-2.2254916052708924,-2.2254916052708924,NA,NA,NA,NA
Alex Vesia,LAD,pitcher,2.804195198971553,NA,NA,NA,NA,NA,NA,NA,NA,61,4,1,77,3.54682,1.18525,0,0,0,0,0,0,0.09811964586393904,0.01395287137119463,0.2124882387046704,0.03878602257007309,0.03418017543139163,0.39752695394126875,0.39752695394126875,0,0,0,0,0,0,0,0,0,0,1,P,0.4439721908381099,0.4439721908381099,0,0,0,0,0,0.13982049535611313,0.03627746556510604,0.2329091863204439,0.02333348430688774,0.0116315592895591,0,0,0,0,0,-0.04170084949217409,-0.02232459419391141,-0.02042094761577351,0.01545253826318535,0.02254861614183253,0,-0.04644523689684114,-0.04644523689684114,-0.04644523689684114,0,0,0,0,0,-2.151898734177217,-2.448979591836737,-0.5081900498524771,1.2087069650595,1.6728559580605458,-2.227505452746384,-2.227505452746384,Free Birds,P,2,1
Graham Ashcraft,CIN,pitcher,-0.423866365265847,NA,NA,NA,NA,NA,NA,NA,NA,65,5,2,59,3.88351,1.28523,0,0,0,0,0,0,0.1226495573299238,0.02790574274238926,0.16281566342305914,0.03156100705812876,0.01978750112198818,0.3647194716754891,0.3647194716754891,0,0,0,0,0,0,0,0,0,0,1,P,0.4439721908381099,0.4439721908381099,0,0,0,0,0,0.13982049535611313,0.03627746556510604,0.2329091863204439,0.02333348430688774,0.0116315592895591,0,0,0,0,0,-0.01717093802618932,-0.00837172282271678,-0.07009352289738477,0.00822752275124102,0.00815594183242907,0,-0.07925271916262076,-0.07925271916262076,-0.07925271916262076,0,0,0,0,0,-0.886075949367089,-0.9183673469387768,-1.7443280089530977,0.6435618462957006,0.6050799659790298,-2.300129492984233,-2.300129492984233,NA,NA,NA,NA
Joel Peguero,SFG,pitcher,-6.367900384821664,NA,NA,NA,NA,NA,NA,NA,NA,64,3,6,50,4.40599,1.43457,0,0,0,0,0,0,0.07358973439795427,0.08371722822716778,0.1379793757822535,0.01614999111303788,-0.00498085382383415,0.30645547569657927,0.30645547569657927,0,0,0,0,0,0,0,0,0,0,1,P,0.4439721908381099,0.4439721908381099,0,0,0,0,0,0.13982049535611313,0.03627746556510604,0.2329091863204439,0.02333348430688774,0.0116315592895591,0,0,0,0,0,-0.06623076095815886,0.04743976266206173,-0.0949298105381904,-0.00718349319384985,-0.01661241311339325,0,-0.13751671514153066,-0.13751671514153066,-0.13751671514153066,0,0,0,0,0,-3.417721518987345,5.204081632653065,-2.362396988503408,-0.5618972177244101,-1.2324558669011303,-2.370389959463229,-2.370389959463229,NA,NA,NA,NA
Gary Sanchez,MIL,hitter,-2.777308307659908,144,128,28,7,16,20,0,0.2218,NA,NA,NA,NA,NA,NA,0.05500787420654688,0.08416555313955684,0.112604744896055,0,-0.01919111129622891,0.2325870609459298,0,0,0,0,0,0,0.2325870609459298,1,0,0,0,0,0,0,0,1,0,0,C,0.30256973257349196,0.30256973257349196,0.08319940973740216,0.06011825224254059,0.13850383622214762,0.01650107717202622,0.00424715719937533,0,0,0,0,0,-0.02819153553085527,0.02404730089701625,-0.02589909132609262,-0.01650107717202622,-0.02343826849560424,0,0,0,0,0,-0.0699826716275621,0,-0.0699826716275621,-0.0699826716275621,-0.45402345992945614,-0.2558187435633365,0.35423773287850974,-1.0550996483001178,-0.9942252246434674,0,0,0,0,0,-2.404929343557868,-2.404929343557868,NA,NA,NA,NA
Christopher Morel,MIA,hitter,-0.5160383195431215,336,298,66,13,40,41,6,0.222849,NA,NA,NA,NA,NA,NA,0.1375196855163672,0.15630745583060557,0.23083972703691277,0.04950323151607866,-0.04236598489274806,0.5318041150072161,0,0,0,0,0,0,0.5318041150072161,0,0,0,0,0,1,0,0,1,0,0,OF,0.5185403056045699,0.5185403056045699,0.13133129966813067,0.10580812394687146,0.2071927306087412,0.07920517042572585,-0.00499701904489933,0,0,0,0,0,0.00618838584823652,0.05049933188373411,0.02364699642817158,-0.02970193890964718,-0.03736896584784872,0,0,0,0,0,0.0132638094026463,0,0.0132638094026463,0.0132638094026463,0.09966368632597825,0.23357363542739476,0.7438992390448701,-1.8991793669402115,-1.5851498787864555,0,0,0,0,0,-2.407192684928424,-2.407192684928424,NA,NA,NA,NA
Jorge Mateo,ATL,hitter,-13.19013024719015,105,97,22,2,12,10,8,0.223981,NA,NA,NA,NA,NA,NA,0.04125590565491016,0.02404730089701624,0.0563023724480275,0.06600430868810488,-0.01297769736409182,0.17463219032396693,0,0,0,0,0,0,0.17463219032396693,0,0,0,0,1,1,0,1,1,0,0,SS,0.3492615922902857,0.3492615922902857,0.0955761814338752,0.0504993318837341,0.13625174132422654,0.05775377010209177,0.00918056754635808,0,0,0,0,0,-0.05432027577896503,-0.02645203098671786,-0.07994936887619905,0.0082505385860131,-0.0221582649104499,0,0,0,0,0,-0.17462940196631874,0,-0.17462940196631874,-0.17462940196631874,-0.8748256910835861,-0.7897013388259525,-0.38966150616636047,0.5275498241500588,-0.9399288992884954,0,0,0,0,0,-2.4665676112143355,-2.4665676112143355,NA,NA,NA,NA
Graham Pauley,MIA,hitter,-6.580586100958336,301,269,61,8,34,33,4,0.228581,NA,NA,NA,NA,NA,NA,0.11689173268891212,0.09618920358806496,0.1857978290784907,0.03300215434405244,-0.02683267439730022,0.40504824530222006,0,0,0,0,0,0,0.40504824530222006,0,0,0,1,0,0,1,0,1,0,0,3B,0.4518055273846128,0.4518055273846128,0.1182669295440758,0.08416555313955683,0.18917597142537235,0.04785312379887603,0.01234394947673169,0,0,0,0,0,-0.00137519685516368,0.01202365044850813,-0.00337814234688163,-0.01485096945482359,-0.03917662387403191,0,0,0,0,0,-0.04675728208239269,0,-0.04675728208239269,-0.04675728208239269,-0.02214748585021758,-0.03336766220391334,0.17711886643925492,-0.9495896834701056,-1.661828717391688,0,0,0,0,0,-2.48981468247667,-2.48981468247667,NA,NA,NA,NA
Andres Chaparro,WSN,hitter,-6.006972070157294,238,214,51,8,26,30,1,0.239316,NA,NA,NA,NA,NA,NA,0.08938779558563868,0.09618920358806496,0.1689071173440825,0.00825053858601311,-0.00434600666676241,0.35838864843703677,0,0,0,0,0,0,0.35838864843703677,0,1,0,0,0,0,1,0,1,0,0,1B,0.4466098192993388,0.4466098192993388,0.11345374055100294,0.1106175841262747,0.19705830356809623,0.04125269293006554,-0.01577250187610062,0,0,0,0,0,-0.02406594496536425,-0.01442838053820974,-0.02815118622401372,-0.03300215434405243,0.01142649520933821,0,0,0,0,0,-0.08822117086230194,0,-0.08822117086230194,-0.08822117086230194,-0.38758100237880394,-0.2780638516992788,-0.21254263972710577,-2.110199296600235,0.4846991904936325,0,0,0,0,0,-2.503687599911791,-2.503687599911791,NA,NA,NA,NA
Ramon Urias,STL,hitter,-3.373339531657006,329,298,74,9,35,36,2,0.247674,NA,NA,NA,NA,NA,NA,0.1203297248268213,0.10821285403657308,0.202688540812899,0.01650107717202622,0.01237967397589842,0.460111870824218,0,0,0,0,0,0,0.460111870824218,0,0,1,1,0,0,1,1,1,0,0,2B,0.4277408742732015,0.4277408742732015,0.1107033468406756,0.07214190269104871,0.16327688009927974,0.07920517042572585,0.00241357421647157,0,0,0,0,0,0.00962637798614569,0.03607095134552436,0.03941166071361926,-0.06270409325369963,0.00996609975942685,0,0,0,0,0,0.03237099655101654,0,0.03237099655101654,0.03237099655101654,0.15503240095152154,0.3892893923789908,0.5313565993177644,-4.009378663540447,0.4227508433054122,0,0,0,0,0,-2.5109494275867585,-2.5109494275867585,NA,NA,NA,NA
A.J. Minter,NYM,pitcher,1.9807873737380977,NA,NA,NA,NA,NA,NA,NA,NA,52,4,2,58,3.41543,1.17831,0,0,0,0,0,0,0.09811964586393904,0.02790574274238926,0.16005607590741405,0.03611310107763935,0.0300609029987116,0.3522554685900933,0.3522554685900933,0,0,0,0,0,0,0,0,0,0,1,P,0.4439721908381099,0.4439721908381099,0,0,0,0,0,0.13982049535611313,0.03627746556510604,0.2329091863204439,0.02333348430688774,0.0116315592895591,0,0,0,0,0,-0.04170084949217409,-0.00837172282271678,-0.07285311041302986,0.0127796167707516,0.0184293437091525,0,-0.09171672224801662,-0.09171672224801662,-0.09171672224801662,0,0,0,0,0,-2.151898734177217,-0.9183673469387768,-1.8130023400142432,0.999629416119918,1.3672518629560504,-2.5163871420542687,-2.5163871420542687,NA,NA,NA,NA
Blaine Crim,COL,hitter,-7.056589833220665,175,157,41,6,21,22,1,0.258976,NA,NA,NA,NA,NA,NA,0.07219783489609279,0.07214190269104873,0.1238652193856605,0.00825053858601311,0.0196532171304722,0.2961087126892873,0,0,0,0,0,0,0.2961087126892873,0,1,0,0,0,0,1,0,1,0,0,1B,0.4466098192993388,0.4466098192993388,0.11345374055100294,0.1106175841262747,0.19705830356809623,0.04125269293006554,-0.01577250187610062,0,0,0,0,0,-0.04125590565491015,-0.03847568143522598,-0.07319308418243572,-0.03300215434405243,0.03542571900657282,0,0,0,0,0,-0.15050110661005148,0,-0.15050110661005148,-0.15050110661005148,-0.664424575506521,-0.7229660144181254,-0.5667803726056152,-2.110199296600235,1.50271951377602,0,0,0,0,0,-2.561650745354477,-2.561650745354477,NA,NA,NA,NA
Edmundo Sosa,PHI,hitter,-5.296686501781176,245,227,57,7,28,30,3,0.25263,NA,NA,NA,NA,NA,NA,0.09626377986145704,0.08416555313955684,0.1689071173440825,0.02475161575803933,0.01775548171964353,0.3918435478227793,0,0,0,0,0,0,0.3918435478227793,0,0,1,1,0,0,1,1,1,0,0,2B,0.4277408742732015,0.4277408742732015,0.1107033468406756,0.07214190269104871,0.16327688009927974,0.07920517042572585,0.00241357421647157,0,0,0,0,0,-0.01443956697921856,0.01202365044850813,0.00563023724480277,-0.05445355466768652,0.01534190750317195,0,0,0,0,0,-0.03589732645042223,0,-0.03589732645042223,-0.03589732645042223,-0.23254860142728265,0.05561277033985602,0.17711886643925492,-3.4818288393903885,0.6507866157716019,0,0,0,0,0,-2.8308591882669583,-2.8308591882669583,Big Red Machine,1B/3B,2,1
Miguel Rojas,LAD,hitter,-11.016061468182867,175,159,41,3,19,18,3,0.255852,NA,NA,NA,NA,NA,NA,0.06532185062027442,0.03607095134552436,0.1013442704064495,0.02475161575803933,0.01622777284535855,0.24371646097564617,0,0,0,0,0,0,0.24371646097564617,0,0,1,1,1,0,1,1,1,0,0,SS,0.3492615922902857,0.3492615922902857,0.0955761814338752,0.0504993318837341,0.13625174132422654,0.05775377010209177,0.00918056754635808,0,0,0,0,0,-0.03025433081360078,-0.01442838053820973,-0.03490747091777704,-0.03300215434405244,0.00704720529900046,0,0,0,0,0,-0.10554513131463952,0,-0.10554513131463952,-0.10554513131463952,-0.48724468870478216,-0.344799176107106,-0.21254263972710563,-2.1101992966002356,0.29893459377434045,0,0,0,0,0,-2.855851207364889,-2.855851207364889,NA,NA,NA,NA
Tyler Locklear,ARI,hitter,-9.033883204330836,154,137,33,4,18,19,3,0.244171,NA,NA,NA,NA,NA,NA,0.06188385848236524,0.04809460179403248,0.10697450765125224,0.02475161575803933,0.0021398834513499,0.2438444671370392,0,0,0,0,0,0,0.2438444671370392,0,1,0,0,0,0,1,0,1,0,0,1B,0.4466098192993388,0.4466098192993388,0.11345374055100294,0.1106175841262747,0.19705830356809623,0.04125269293006554,-0.01577250187610062,0,0,0,0,0,-0.0515698820686377,-0.06252298233224222,-0.09008379591684398,-0.01650107717202621,0.01791238532745052,0,0,0,0,0,-0.2027653521622996,0,-0.2027653521622996,-0.2027653521622996,-0.8305307193831515,-0.8898043254376928,-0.9210181054841248,-1.0550996483001172,0.7598234199520688,0,0,0,0,0,-2.9366293786530173,-2.9366293786530173,NA,NA,NA,NA
Hyeseong Kim,LAD,hitter,-9.457946839870765,140,130,32,2,16,16,8,0.249103,NA,NA,NA,NA,NA,NA,0.05500787420654688,0.02404730089701624,0.090083795916844,0.06600430868810488,0.00677526631206993,0.2419185460205819,0,0,0,0,0,0,0.2419185460205819,0,0,1,0,0,0,0,1,1,0,0,2B,0.4277408742732015,0.4277408742732015,0.1107033468406756,0.07214190269104871,0.16327688009927974,0.07920517042572585,0.00241357421647157,0,0,0,0,0,-0.05569547263412872,-0.04809460179403247,-0.07319308418243574,-0.01320086173762097,0.00436169209559835,0,0,0,0,0,-0.18582232825261957,0,-0.18582232825261957,-0.18582232825261957,-0.8969731769338039,-0.7229660144181255,-0.7084754657570189,-0.844079718640094,0.18501811703305687,0,0,0,0,0,-2.987476258715985,-2.987476258715985,Free At Last,Bench,2,7
Robert Gasser,MIL,pitcher,-0.44031742914740946,NA,NA,NA,NA,NA,NA,NA,NA,84,5,0,78,4.06804,1.25855,0,0,0,0,0,0,0.1226495573299238,0,0.21524782622031544,0.03386783369267224,0.03130788471941215,0.4030731019623236,0.4030731019623236,0,0,0,0,0,0,0,0,0,1,0,P,0.4439721908381099,0.4439721908381099,0,0,0,0,0,0.13982049535611313,0.03627746556510604,0.2329091863204439,0.02333348430688774,0.0116315592895591,0,0,0,0,0,-0.01717093802618932,-0.03627746556510604,-0.01766136010012847,0.0105343493857845,0.01967632542985305,0,-0.04089908887578629,-0.04089908887578629,-0.04089908887578629,0,0,0,0,0,-0.886075949367089,-3.9795918367346976,-0.4395157187913324,0.8240032322264738,1.459764005960538,-3.0214162667061073,-3.0214162667061073,NA,NA,NA,NA
Esteury Ruiz,MIA,hitter,-7.262590647851775,119,105,26,3,16,13,10,0.245683,NA,NA,NA,NA,NA,NA,0.05500787420654688,0.03607095134552436,0.07319308418243575,0.08250538586013109,0.0028149143281685,0.2495922099228066,0,0,0,0,0,0,0.2495922099228066,0,0,0,0,0,1,0,0,1,0,0,OF,0.5185403056045699,0.5185403056045699,0.13133129966813067,0.10580812394687146,0.2071927306087412,0.07920517042572585,-0.00499701904489933,0,0,0,0,0,-0.0763234254615838,-0.0697371726013471,-0.13399964642630544,0.00330021543440524,0.00781193337306783,0,0,0,0,0,-0.26894809568176326,0,-0.26894809568176326,-0.26894809568176326,-1.2291854646870644,-1.3235839340885682,-1.0272894253476776,0.2110199296600235,0.3313735062892893,0,0,0,0,0,-3.0376653881739974,-3.0376653881739974,NA,NA,NA,NA
Jason Adam,SDP,pitcher,1.6766713597103218,NA,NA,NA,NA,NA,NA,NA,NA,61,4,1,64,3.52257,1.18748,0,0,0,0,0,0,0.09811964586393904,0.01395287137119463,0.17661360100128448,0.03944628975880596,0.033831994618128,0.36196440261335217,0.36196440261335217,0,0,0,0,0,0,0,0,0,0,1,P,0.4439721908381099,0.4439721908381099,0,0,0,0,0,0.13982049535611313,0.03627746556510604,0.2329091863204439,0.02333348430688774,0.0116315592895591,0,0,0,0,0,-0.04170084949217409,-0.02232459419391141,-0.05629558531915943,0.01611280545191822,0.0222004353285689,0,-0.08200778822475782,-0.08200778822475782,-0.08200778822475782,0,0,0,0,0,-2.151898734177217,-2.448979591836737,-1.40095635364737,1.260353467157024,1.647024823046018,-3.094456389458281,-3.094456389458281,Free Birds,IL,2,5
Thomas Saggese,STL,hitter,-10.73816644339349,203,186,46,4,22,21,2,0.249205,NA,NA,NA,NA,NA,NA,0.07563582703400196,0.04809460179403248,0.11823498214085774,0.01650107717202622,0.00983423939298596,0.2683007275339043,0,0,0,0,0,0,0.2683007275339043,0,0,1,0,1,0,0,1,1,0,0,SS,0.3492615922902857,0.3492615922902857,0.0955761814338752,0.0504993318837341,0.13625174132422654,0.05775377010209177,0.00918056754635808,0,0,0,0,0,-0.01994035439987324,-0.00240473008970162,-0.0180167591833688,-0.04125269293006554,6.536718466278804e-4,0,0,0,0,0,-0.08096086475638134,0,-0.08096086475638134,-0.08096086475638134,-0.32113854482815185,-0.1779608650875386,-0.03542377328785092,-2.637749120750294,0.02772803113329811,0,0,0,0,0,-3.1445442728205375,-3.1445442728205375,Westside Marauders,SS,2,1
Johan Rojas,PHI,hitter,-6.815733043857016,175,161,40,2,20,17,9,0.246945,NA,NA,NA,NA,NA,NA,0.0687598427581836,0.02404730089701624,0.09571403316164674,0.07425484727411799,0.00581979185884628,0.26859581594981086,0,0,0,0,0,0,0.26859581594981086,0,0,0,0,0,1,0,0,1,0,0,OF,0.5185403056045699,0.5185403056045699,0.13133129966813067,0.10580812394687146,0.2071927306087412,0.07920517042572585,-0.00499701904489933,0,0,0,0,0,-0.06257145690994707,-0.08176082304985521,-0.11147869744709445,-0.00495032315160785,0.01081681090374561,0,0,0,0,0,-0.249944489654759,0,-0.249944489654759,-0.249944489654759,-1.0077106061848906,-1.101132852729145,-1.2044082917869323,-0.3165298944900348,0.4588370618213254,0,0,0,0,0,-3.170944583369678,-3.170944583369678,NA,NA,NA,NA
Javier Sanoja,MIA,hitter,-8.02692748954839,203,187,48,3,21,21,5,0.257617,NA,NA,NA,NA,NA,NA,0.07219783489609279,0.03607095134552436,0.11823498214085774,0.04125269293006554,0.02152797084463075,0.2892844321571712,0,0,0,0,0,0,0.2892844321571712,0,0,1,1,0,1,1,1,1,0,1,2B,0.4277408742732015,0.4277408742732015,0.1107033468406756,0.07214190269104871,0.16327688009927974,0.07920517042572585,0.00241357421647157,0,0,0,0,0,-0.03850551194458282,-0.03607095134552435,-0.04504189795842199,-0.03795247749566031,0.01911439662815918,0,0,0,0,0,-0.1384564421160303,0,-0.1384564421160303,-0.1384564421160303,-0.6201296038060866,-0.4449021627188464,-0.5313565993177641,-2.426729191090271,0.8108113995332048,0,0,0,0,0,-3.2123061573997633,-3.2123061573997633,NA,NA,NA,NA
Jared Koenig,MIL,pitcher,1.0085641019618825,NA,NA,NA,NA,NA,NA,NA,NA,65,4,1,66,3.55845,1.23149,0,0,0,0,0,0,0.09811964586393904,0.01395287137119463,0.18213277603257463,0.04099194801065071,0.02872839944449855,0.36392564072285755,0.36392564072285755,0,0,0,0,0,0,0,0,0,0,1,P,0.4439721908381099,0.4439721908381099,0,0,0,0,0,0.13982049535611313,0.03627746556510604,0.2329091863204439,0.02333348430688774,0.0116315592895591,0,0,0,0,0,-0.04170084949217409,-0.02232459419391141,-0.05077641028786928,0.01765846370376297,0.01709684015493945,0,-0.08004655011525236,-0.08004655011525236,-0.08004655011525236,0,0,0,0,0,-2.151898734177217,-2.448979591836737,-1.2636076915250785,1.3812557980742313,1.268394953255649,-3.2148352662091515,-3.2148352662091515,NA,NA,NA,NA
Daniel Susac,SFG,hitter,10.777001897736806,77,71,17,2,7,9,1,0.234686,NA,NA,NA,NA,NA,NA,0.02406594496536426,0.02404730089701624,0.05067213520322475,0.00825053858601311,-0.00387457112219569,0.10316134852942269,0,0,0,0,0,0,0.10316134852942269,1,0,0,0,0,0,0,0,1,0,0,C,0.30256973257349196,0.30256973257349196,0.08319940973740216,0.06011825224254059,0.13850383622214762,0.01650107717202622,0.00424715719937533,0,0,0,0,0,-0.05913346477203789,-0.03607095134552435,-0.08783170101892288,-0.00825053858601311,-0.00812172832157102,0,0,0,0,0,-0.19940838404406924,0,-0.19940838404406924,-0.19940838404406924,-0.9523418915593472,-0.8675592173017505,-0.5313565993177641,-0.5275498241500589,-0.34451466269880654,0,0,0,0,0,-3.2233221950277273,-3.2233221950277273,NA,NA,NA,NA
Griffin Canning,SDP,pitcher,-4.7643634467804015,NA,NA,NA,NA,NA,NA,NA,NA,106,6,0,94,4.53971,1.3653,0,0,0,0,0,0,0.14717946879590854,0,0.25940122647063657,0.02042167718786422,0.01054454600523825,0.4375469184596475,0.4375469184596475,0,0,0,0,0,0,0,0,0,1,0,P,0.4439721908381099,0.4439721908381099,0,0,0,0,0,0.13982049535611313,0.03627746556510604,0.2329091863204439,0.02333348430688774,0.0116315592895591,0,0,0,0,0,0.00735897343979541,-0.03627746556510604,0.02649204015019266,-0.00291180711902351,-0.00108701328432085,0,-0.00642527237846233,-0.00642527237846233,-0.00642527237846233,0,0,0,0,0,0.3797468354430376,-3.9795918367346976,0.6592735781869972,-0.22776332831083104,-0.08064426826591561,-3.2489790196814097,-3.2489790196814097,NA,NA,NA,NA
Kyle Karros,COL,hitter,-8.699106549602956,217,194,51,3,25,22,2,0.260929,NA,NA,NA,NA,NA,NA,0.0859498034477295,0.03607095134552436,0.1238652193856605,0.01650107717202622,0.02708867417730612,0.28947572552824674,0,0,0,0,0,0,0.28947572552824674,0,0,0,1,0,0,1,0,1,0,0,3B,0.4518055273846128,0.4518055273846128,0.1182669295440758,0.08416555313955683,0.18917597142537235,0.04785312379887603,0.01234394947673169,0,0,0,0,0,-0.03231712609634631,-0.04809460179403246,-0.06531075203971184,-0.03135204662684982,0.01474472470057443,0,0,0,0,0,-0.16232980185636603,0,-0.16232980185636603,-0.16232980185636603,-0.5204659174801085,-0.6451081359423269,-0.7084754657570189,-2.0046893317702237,0.625454786921826,0,0,0,0,0,-3.253284064027852,-3.253284064027852,NA,NA,NA,NA
Dylan Lee,ATL,pitcher,1.6830739497242546,NA,NA,NA,NA,NA,NA,NA,NA,65,3,1,73,3.54746,1.17335,0,0,0,0,0,0,0.07358973439795427,0.01395287137119463,0.20144988864209012,0.04131080004125496,0.03840134005616123,0.36870463450865526,0.36870463450865526,0,0,0,0,0,0,0,0,0,0,1,P,0.4439721908381099,0.4439721908381099,0,0,0,0,0,0.13982049535611313,0.03627746556510604,0.2329091863204439,0.02333348430688774,0.0116315592895591,0,0,0,0,0,-0.06623076095815886,-0.02232459419391141,-0.03145929767835379,0.01797731573436722,0.02676978076660213,0,-0.0752675563294547,-0.0752675563294547,-0.0752675563294547,0,0,0,0,0,-3.417721518987345,-2.448979591836737,-0.7828873740970593,1.4061965983266342,1.986019317979553,-3.2573725686149544,-3.2573725686149544,NA,NA,NA,NA
Tyrone Taylor,NYM,hitter,-4.195482718576409,280,257,60,6,32,28,7,0.231837,NA,NA,NA,NA,NA,NA,0.11001574841309376,0.07214190269104873,0.157646642854477,0.05775377010209177,-0.01944323951068576,0.3781148245500255,0,0,0,0,0,0,0.3781148245500255,0,0,0,0,0,1,0,0,1,0,0,OF,0.5185403056045699,0.5185403056045699,0.13133129966813067,0.10580812394687146,0.2071927306087412,0.07920517042572585,-0.00499701904489933,0,0,0,0,0,-0.02131555125503691,-0.03366622125582273,-0.04954608775426419,-0.02145140032363408,-0.01444622046578643,0,0,0,0,0,-0.14042548105454433,0,-0.14042548105454433,-0.14042548105454433,-0.3432860306783692,-0.4893923789907311,-0.49593282602991334,-1.3716295427901528,-0.6127925700031663,0,0,0,0,0,-3.3130333484923327,-3.3130333484923327,NA,NA,NA,NA
Charlie Condon,COL,hitter,10.777001897736806,203,182,44,5,22,23,1,0.243942,NA,NA,NA,NA,NA,NA,0.07563582703400196,0.06011825224254059,0.12949545663046325,0.00825053858601311,0.00253433883828515,0.276034413331304,0,0,0,0,0,0,0.276034413331304,0,1,0,0,0,0,1,0,1,0,0,1B,0.4466098192993388,0.4466098192993388,0.11345374055100294,0.1106175841262747,0.19705830356809623,0.04125269293006554,-0.01577250187610062,0,0,0,0,0,-0.03781791351700098,-0.05049933188373411,-0.06756284693763298,-0.03300215434405243,0.01830684071438577,0,0,0,0,0,-0.17057540596803475,0,-0.17057540596803475,-0.17057540596803475,-0.6090558608809777,-0.6673532440782696,-0.7438992390448702,-2.110199296600235,0.776555777795016,0,0,0,0,0,-3.353951862809337,-3.353951862809337,NA,NA,NA,NA
Jimmy Crooks,STL,hitter,-5.6500978856131185,103,94,22,2,11,11,0,0.23827,NA,NA,NA,NA,NA,NA,0.03781791351700098,0.02404730089701624,0.06193260969283025,0,-0.00263661203425492,0.12116121207259256,0,0,0,0,0,0,0.12116121207259256,1,0,0,0,0,0,0,0,1,0,0,C,0.30256973257349196,0.30256973257349196,0.08319940973740216,0.06011825224254059,0.13850383622214762,0.01650107717202622,0.00424715719937533,0,0,0,0,0,-0.04538149622040118,-0.03607095134552435,-0.07657122652931737,-0.01650107717202622,-0.00688376923363025,0,0,0,0,0,-0.18140852050089937,0,-0.18140852050089937,-0.18140852050089937,-0.7308670330571734,-0.7563336766220388,-0.5313565993177641,-1.0550996483001178,-0.2920018180516788,0,0,0,0,0,-3.365658775348773,-3.365658775348773,NA,NA,NA,NA
Abimelec Ortiz,WSN,hitter,10.777001897736806,224,202,46,8,26,26,1,0.228809,NA,NA,NA,NA,NA,NA,0.08938779558563868,0.09618920358806496,0.1463861683648715,0.00825053858601311,-0.01980861906057543,0.3204050870640128,0,0,0,0,0,0,0.3204050870640128,0,1,0,0,0,1,1,0,1,0,0,1B,0.4466098192993388,0.4466098192993388,0.11345374055100294,0.1106175841262747,0.19705830356809623,0.04125269293006554,-0.01577250187610062,0,0,0,0,0,-0.02406594496536425,-0.01442838053820974,-0.05067213520322472,-0.03300215434405243,-0.0040361171844748,0,0,0,0,0,-0.12620473223532597,0,-0.12620473223532597,-0.12620473223532597,-0.38758100237880394,-0.5005149330587021,-0.21254263972710577,-2.110199296600235,-0.17120759219796522,0,0,0,0,0,-3.382045463962812,-3.382045463962812,NA,NA,NA,NA
Rafael Marchan,PHI,hitter,-5.349852765225486,128,113,26,2,13,13,0,0.231247,NA,NA,NA,NA,NA,NA,0.04469389779281934,0.02404730089701624,0.07319308418243575,0,-0.00904234515319236,0.13289193771907898,0,0,0,0,0,0,0.13289193771907898,1,0,0,0,0,0,0,0,1,0,0,C,0.30256973257349196,0.30256973257349196,0.08319940973740216,0.06011825224254059,0.13850383622214762,0.01650107717202622,0.00424715719937533,0,0,0,0,0,-0.03850551194458281,-0.03607095134552435,-0.06531075203971187,-0.01650107717202622,-0.01328950235256769,0,0,0,0,0,-0.16967779485441295,0,-0.16967779485441295,-0.16967779485441295,-0.6201296038060865,-0.6451081359423272,-0.5313565993177641,-1.0550996483001178,-0.5637258769503175,0,0,0,0,0,-3.415419864316613,-3.415419864316613,NA,NA,NA,NA
JJ Bleday,CIN,hitter,0.17706932576346568,336,295,68,14,42,43,2,0.229604,NA,NA,NA,NA,NA,NA,0.14439566979218557,0.16833110627911368,0.24210020152651823,0.01650107717202622,-0.02719289409016202,0.5441351606796817,0,0,0,0,0,0,0.5441351606796817,0,0,0,0,0,1,0,0,1,0,0,OF,0.5185403056045699,0.5185403056045699,0.13133129966813067,0.10580812394687146,0.2071927306087412,0.07920517042572585,-0.00499701904489933,0,0,0,0,0,0.01306437012405489,0.06252298233224222,0.03490747091777704,-0.06270409325369963,-0.02219587504526269,0,0,0,0,0,0.02559485507511184,0,0.02559485507511184,0.02559485507511184,0.21040111557706528,0.344799176107106,0.9210181054841248,-4.009378663540447,-0.941524279285961,0,0,0,0,0,-3.4746845456581124,-3.4746845456581124,NA,NA,NA,NA
Jett Williams,MIL,hitter,10.777001897736806,147,129,29,3,18,16,5,0.221827,NA,NA,NA,NA,NA,NA,0.06188385848236524,0.03607095134552436,0.090083795916844,0.04125269293006554,-0.01931526691458779,0.20997603176021137,0,0,0,0,0,0,0.20997603176021137,0,0,1,0,1,1,0,1,1,0,0,SS,0.3492615922902857,0.3492615922902857,0.0955761814338752,0.0504993318837341,0.13625174132422654,0.05775377010209177,0.00918056754635808,0,0,0,0,0,-0.03369232295150996,-0.01442838053820973,-0.04616794540738254,-0.01650107717202623,-0.02849583446094587,0,0,0,0,0,-0.13928556053007435,0,-0.13928556053007435,-0.13928556053007435,-0.5426134033303256,-0.4560247167868176,-0.21254263972710563,-1.0550996483001185,-1.208761535590839,0,0,0,0,0,-3.4750419437352065,-3.4750419437352065,Hoosiers,Bench,2,1
Jose Fermin,STL,hitter,-8.794311139131837,189,162,39,3,22,19,6,0.242349,NA,NA,NA,NA,NA,NA,0.07563582703400196,0.03607095134552436,0.10697450765125224,0.04950323151607866,3.4609693656049723e-4,0.26853061448341775,0,0,0,0,0,0,0.26853061448341775,0,0,1,0,0,0,0,1,1,0,0,2B,0.4277408742732015,0.4277408742732015,0.1107033468406756,0.07214190269104871,0.16327688009927974,0.07920517042572585,0.00241357421647157,0,0,0,0,0,-0.03506751980667365,-0.03607095134552435,-0.05630237244802749,-0.02970193890964718,-0.00206747727991107,0,0,0,0,0,-0.15921025978978376,0,-0.15921025978978376,-0.15921025978978376,-0.5647608891805432,-0.5561277033985581,-0.5313565993177641,-1.8991793669402115,-0.08770008174666827,0,0,0,0,0,-3.6391246405837454,-3.6391246405837454,NA,NA,NA,NA
Jesse Winker,NA,hitter,NA,294,248,59,8,33,32,4,0.239141,NA,NA,NA,NA,NA,NA,0.11345374055100296,0.09618920358806496,0.180167591833688,0.03300215434405244,-0.00535766291115278,0.4174550274056556,0,0,0,0,0,0,0.4174550274056556,0,0,0,0,0,0,0,0,1,0,0,Util,0.5185403056045699,0.5185403056045699,0.13133129966813067,0.10580812394687146,0.2071927306087412,0.07920517042572585,-0.00499701904489933,0,0,0,0,0,-0.01787755911712771,-0.0096189203588065,-0.02702513877505319,-0.04620301608167341,-3.606438662534499e-4,0,0,0,0,0,-0.10108527819891427,0,-0.10108527819891427,-0.10108527819891427,-0.2879173160528255,-0.2669412976313078,-0.14169509315140388,-2.9542790152403295,-0.01529811082287805,0,0,0,0,0,-3.666130832898745,-3.666130832898745,Melonheads,IL,2,3
Kyle Harrison,MIL,pitcher,-2.501893269183847,NA,NA,NA,NA,NA,NA,NA,NA,89,5,0,89,4.25342,1.32507,0,0,0,0,0,0,0.1226495573299238,0,0.24560328889241123,0.0285194837972893,0.018017969133517,0.4147902991531413,0.4147902991531413,0,0,0,0,0,0,0,0,0,1,0,P,0.4439721908381099,0.4439721908381099,0,0,0,0,0,0.13982049535611313,0.03627746556510604,0.2329091863204439,0.02333348430688774,0.0116315592895591,0,0,0,0,0,-0.01717093802618932,-0.03627746556510604,0.01269410257196732,0.00518599949040156,0.0063864098439579,0,-0.02918189168496858,-0.02918189168496858,-0.02918189168496858,0,0,0,0,0,-0.886075949367089,-3.9795918367346976,0.3159019228812696,0.40565204227821394,0.4738004182110858,-3.6703134027312174,-3.6703134027312174,NA,NA,NA,NA
Randy Vasquez,SDP,pitcher,-9.696372551086574,NA,NA,NA,NA,NA,NA,NA,NA,131,7,0,89,4.78764,1.39934,0,0,0,0,0,0,0.1717093802618933,0,0.24560328889241123,0.01074109796200592,0.00161764815079233,0.4296714152671028,0.4296714152671028,0,0,0,0,0,0,0,0,0,1,0,P,0.4439721908381099,0.4439721908381099,0,0,0,0,0,0.13982049535611313,0.03627746556510604,0.2329091863204439,0.02333348430688774,0.0116315592895591,0,0,0,0,0,0.03188888490578018,-0.03627746556510604,0.01269410257196732,-0.01259238634488182,-0.01001391113876677,0,-0.01430077557100713,-0.01430077557100713,-0.01430077557100713,0,0,0,0,0,1.6455696202531656,-3.9795918367346976,0.3159019228812696,-0.984984138045504,-0.7429205768817275,-3.746025008527494,-3.746025008527494,Erie Lakers,P,2,1
Jesus Rodriguez,SFG,hitter,10.777001897736806,26,23,6,0,3,2,1,0.267332,NA,NA,NA,NA,NA,NA,0.01031397641372754,0,0.0112604744896055,0.00825053858601311,0.00430136567723125,0.0341263551665774,0,0,0,0,0,0,0.0341263551665774,1,0,0,1,0,0,1,0,1,0,0,C,0.30256973257349196,0.30256973257349196,0.08319940973740216,0.06011825224254059,0.13850383622214762,0.01650107717202622,0.00424715719937533,0,0,0,0,0,-0.07288543332367461,-0.06011825224254059,-0.12724336173254214,-0.00825053858601311,5.42084778559198e-5,0,0,0,0,0,-0.26844337740691454,0,-0.26844337740691454,-0.26844337740691454,-1.1738167500615209,-1.2568486096807412,-0.8855943321962737,-0.5275498241500589,0.00229946320838462,0,0,0,0,0,-3.84151005288021,-3.84151005288021,NA,NA,NA,NA
Blake Treinen,LAD,pitcher,-0.1834529123441748,NA,NA,NA,NA,NA,NA,NA,NA,58,5,1,65,3.93735,1.28154,0,0,0,0,0,0,0.1226495573299238,0.01395287137119463,0.17937318851692954,0.02676829496183095,0.01820434257711808,0.36094825475699704,0.36094825475699704,0,0,0,0,0,0,0,0,0,0,1,P,0.4439721908381099,0.4439721908381099,0,0,0,0,0,0.13982049535611313,0.03627746556510604,0.2329091863204439,0.02333348430688774,0.0116315592895591,0,0,0,0,0,-0.01717093802618932,-0.02232459419391141,-0.05353599780351437,0.00343481065494321,0.00657278328755898,0,-0.08302393608111293,-0.08302393608111293,-0.08302393608111293,0,0,0,0,0,-0.886075949367089,-2.448979591836737,-1.3322820225862244,0.26867298378943627,0.48762725013687824,-3.911037329863736,-3.911037329863736,NA,NA,NA,NA
Robert Hassell III,WSN,hitter,-5.6550842804154655,252,230,56,4,26,24,6,0.241733,NA,NA,NA,NA,NA,NA,0.08938779558563868,0.04809460179403248,0.135125693875266,0.04950323151607866,-5.570898523217636e-4,0.321554232918694,0,0,0,0,0,0,0.321554232918694,0,0,0,0,0,1,0,0,1,0,0,OF,0.5185403056045699,0.5185403056045699,0.13133129966813067,0.10580812394687146,0.2071927306087412,0.07920517042572585,-0.00499701904489933,0,0,0,0,0,-0.04194350408249199,-0.05771352215283898,-0.0720670367334752,-0.02970193890964718,0.00443992919257756,0,0,0,0,0,-0.19698607268587576,0,-0.19698607268587576,-0.19698607268587576,-0.6754983184316299,-0.7118434603501544,-0.850170558908423,-1.8991793669402115,0.1883368474816902,0,0,0,0,0,-3.9483548571487286,-3.9483548571487286,NA,NA,NA,NA
Endy Rodriguez,PIT,hitter,-6.874695069783033,54,48,12,1,6,6,0,0.242364,NA,NA,NA,NA,NA,NA,0.02062795282745508,0.01202365044850812,0.0337814234688165,0,1.0787539315340708e-4,0.0665409021379331,0,0,0,0,0,0,0.0665409021379331,1,1,0,0,0,0,1,0,1,0,0,C,0.30256973257349196,0.30256973257349196,0.08319940973740216,0.06011825224254059,0.13850383622214762,0.01650107717202622,0.00424715719937533,0,0,0,0,0,-0.06257145690994707,-0.04809460179403246,-0.10472241275333112,-0.01650107717202622,-0.00413928180622192,0,0,0,0,0,-0.2360288304355588,0,-0.2360288304355588,-0.2360288304355588,-1.0077106061848906,-1.034397528321318,-0.7084754657570189,-1.0550996483001178,-0.175583720462347,0,0,0,0,0,-3.981266969025692,-3.981266969025692,Hoosiers,Bench,2,5
Jon Berti,NA,hitter,NA,147,132,33,2,17,12,8,0.248434,NA,NA,NA,NA,NA,NA,0.05844586634445606,0.02404730089701624,0.067562846937633,0.06600430868810488,0.00622600325085315,0.22228632611806332,0,0,0,0,0,0,0.22228632611806332,0,0,0,0,0,0,0,0,0,0,0,Util,0.5185403056045699,0.5185403056045699,0.13133129966813067,0.10580812394687146,0.2071927306087412,0.07920517042572585,-0.00499701904489933,0,0,0,0,0,-0.07288543332367461,-0.08176082304985521,-0.13962988367110818,-0.01320086173762097,0.01122302229575248,0,0,0,0,0,-0.29625397948650645,0,-0.29625397948650645,-0.29625397948650645,-1.1738167500615209,-1.379196704428424,-1.2044082917869323,-0.844079718640094,0.47606809629584346,0,0,0,0,0,-4.1254333686211275,-4.1254333686211275,NA,NA,NA,NA
Heriberto Hernandez,MIA,hitter,-1.7964851246074671,350,308,68,12,40,42,3,0.222659,NA,NA,NA,NA,NA,NA,0.1375196855163672,0.14428380538209745,0.2364699642817155,0.02475161575803933,-0.04422072264853086,0.4988043482896886,0,0,0,0,0,0,0.4988043482896886,0,0,0,0,0,1,0,0,1,0,0,OF,0.5185403056045699,0.5185403056045699,0.13133129966813067,0.10580812394687146,0.2071927306087412,0.07920517042572585,-0.00499701904489933,0,0,0,0,0,0.00618838584823652,0.03847568143522599,0.0292772336729743,-0.05445355466768652,-0.03922370360363152,0,0,0,0,0,-0.01973595731488122,0,-0.01973595731488122,-0.01973595731488122,0.09966368632597825,0.28918640576725024,0.5667803726056154,-3.4818288393903885,-1.6638257870449396,0,0,0,0,0,-4.190024161736484,-4.190024161736484,Hoosiers,Bench,2,1
Richard Fitts,STL,pitcher,-5.018592937500121,NA,NA,NA,NA,NA,NA,NA,NA,104,5,0,79,4.38464,1.32521,0,0,0,0,0,0,0.1226495573299238,0,0.21800741373596053,0.02723481702960931,0.02101743789688671,0.3889092259923804,0.3889092259923804,0,0,0,0,0,0,0,0,0,1,0,P,0.4439721908381099,0.4439721908381099,0,0,0,0,0,0.13982049535611313,0.03627746556510604,0.2329091863204439,0.02333348430688774,0.0116315592895591,0,0,0,0,0,-0.01717093802618932,-0.03627746556510604,-0.01490177258448338,0.00390133272272157,0.00938587860732761,0,-0.05506296484572957,-0.05506296484572957,-0.05506296484572957,0,0,0,0,0,-0.886075949367089,-3.9795918367346976,-0.3708413877301863,0.30516462439071473,0.6963275640127584,-4.2350169854285,-4.2350169854285,NA,NA,NA,NA
Jose Quintana,COL,pitcher,-14.054581323449176,NA,NA,NA,NA,NA,NA,NA,NA,144,8,0,102,4.86441,1.48581,0,0,0,0,0,0,0.19623929172787807,0,0.2814779265957971,0.00687263323003381,-0.03009299786253502,0.4544968536911741,0.4544968536911741,0,0,0,0,0,0,0,0,0,1,0,P,0.4439721908381099,0.4439721908381099,0,0,0,0,0,0.13982049535611313,0.03627746556510604,0.2329091863204439,0.02333348430688774,0.0116315592895591,0,0,0,0,0,0.05641879637176494,-0.03627746556510604,0.04856874027535321,-0.01646085107685392,-0.04172455715209412,0,0.01052466285306407,0.01052466285306407,0.01052466285306407,0,0,0,0,0,2.9113924050632938,-3.9795918367346976,1.2086682266761617,-1.287577808158692,-3.095497018099746,-4.24260603125368,-4.24260603125368,Free Birds,IL,2,1
Enrique Hernandez,LAD,hitter,-10.742878138549766,196,179,40,6,22,23,1,0.224879,NA,NA,NA,NA,NA,NA,0.07563582703400196,0.07214190269104873,0.12949545663046325,0.00825053858601311,-0.02275900942235678,0.26276471551917024,0,0,0,0,0,0,0.26276471551917024,0,1,0,1,0,1,1,0,1,0,0,1B,0.4466098192993388,0.4466098192993388,0.11345374055100294,0.1106175841262747,0.19705830356809623,0.04125269293006554,-0.01577250187610062,0,0,0,0,0,-0.03781791351700098,-0.03847568143522598,-0.06756284693763298,-0.03300215434405243,-0.00698650754625616,0,0,0,0,0,-0.18384510378016852,0,-0.18384510378016852,-0.18384510378016852,-0.6090558608809777,-0.6673532440782696,-0.5667803726056152,-2.110199296600235,-0.29635986275831505,0,0,0,0,0,-4.249748636923413,-4.249748636923413,Melonheads,2B,2,1
Janson Junk,MIA,pitcher,-3.3442134673905315,NA,NA,NA,NA,NA,NA,NA,NA,93,5,0,68,4.34577,1.27034,0,0,0,0,0,0,0.1226495573299238,0,0.18765195106386476,0.02596773611655294,0.03185578902051407,0.36812503353085563,0.36812503353085563,0,0,0,0,0,0,0,0,0,1,0,P,0.4439721908381099,0.4439721908381099,0,0,0,0,0,0.13982049535611313,0.03627746556510604,0.2329091863204439,0.02333348430688774,0.0116315592895591,0,0,0,0,0,-0.01717093802618932,-0.03627746556510604,-0.04525723525657915,0.0026342518096652,0.02022422973095497,0,-0.07584715730725435,-0.07584715730725435,-0.07584715730725435,0,0,0,0,0,-0.886075949367089,-3.9795918367346976,-1.1262590294027877,0.20605278277476785,1.5004123973642536,-4.285461635365553,-4.285461635365553,NA,NA,NA,NA
Robby Snelling,MIA,pitcher,-2.751631181094091,NA,NA,NA,NA,NA,NA,NA,NA,86,5,0,74,4.0299,1.3349,0,0,0,0,0,0,0.1226495573299238,0,0.2042094761577352,0.03613826530068795,0.0152467969978025,0.3782440957861495,0.3782440957861495,0,0,0,0,0,0,0,0,0,1,0,P,0.4439721908381099,0.4439721908381099,0,0,0,0,0,0.13982049535611313,0.03627746556510604,0.2329091863204439,0.02333348430688774,0.0116315592895591,0,0,0,0,0,-0.01717093802618932,-0.03627746556510604,-0.02869971016270872,0.01280478099380021,0.0036152377082434,0,-0.06572809505196048,-0.06572809505196048,-0.06572809505196048,0,0,0,0,0,-0.886075949367089,-3.9795918367346976,-0.7142130430359139,1.0015977769905473,0.2682103372552521,-4.310072714891901,-4.310072714891901,NA,NA,NA,NA
Riley Adams,WSN,hitter,-7.151953039899558,61,55,12,2,6,6,0,0.212089,NA,NA,NA,NA,NA,NA,0.02062795282745508,0.02404730089701624,0.0337814234688165,0,-0.01219867090322199,0.06625800629006583,0,0,0,0,0,0,0.06625800629006583,1,0,0,0,0,0,0,0,1,0,0,C,0.30256973257349196,0.30256973257349196,0.08319940973740216,0.06011825224254059,0.13850383622214762,0.01650107717202622,0.00424715719937533,0,0,0,0,0,-0.06257145690994707,-0.03607095134552435,-0.10472241275333112,-0.01650107717202622,-0.01644582810259732,0,0,0,0,0,-0.2363117262834261,0,-0.2363117262834261,-0.2363117262834261,-1.0077106061848906,-1.034397528321318,-0.5313565993177641,-1.0550996483001178,-0.6976136971388998,0,0,0,0,0,-4.3261780792629905,-4.3261780792629905,NA,NA,NA,NA
Jonah Heim,ATL,hitter,-7.737139590505391,45,41,9,1,4,5,0,0.225398,NA,NA,NA,NA,NA,NA,0.01375196855163672,0.01202365044850812,0.02815118622401375,0,-0.00505548835279952,0.04887131687135906,0,0,0,0,0,0,0.04887131687135906,1,0,0,0,0,0,0,0,1,0,0,C,0.30256973257349196,0.30256973257349196,0.08319940973740216,0.06011825224254059,0.13850383622214762,0.01650107717202622,0.00424715719937533,0,0,0,0,0,-0.06944744118576543,-0.04809460179403246,-0.11035264999813388,-0.01650107717202622,-0.00930264555217485,0,0,0,0,0,-0.25369841570213286,0,-0.25369841570213286,-0.25369841570213286,-1.1184480354359774,-1.0900102986611735,-0.7084754657570189,-1.0550996483001178,-0.3946078553381277,0,0,0,0,0,-4.366641303492416,-4.366641303492416,NA,NA,NA,NA
Jhostynxon Garcia,PIT,hitter,-3.5092470912101588,308,282,65,9,36,33,3,0.23145,NA,NA,NA,NA,NA,NA,0.12376771696473048,0.10821285403657308,0.1857978290784907,0.02475161575803933,-0.02214221996598666,0.42038779587184694,0,0,0,0,0,0,0.42038779587184694,0,0,0,0,0,1,0,0,1,0,0,OF,0.5185403056045699,0.5185403056045699,0.13133129966813067,0.10580812394687146,0.2071927306087412,0.07920517042572585,-0.00499701904489933,0,0,0,0,0,-0.00756358270340019,0.00240473008970161,-0.02139490153025047,-0.05445355466768652,-0.01714520092108733,0,0,0,0,0,-0.09815250973272292,0,-0.09815250973272292,-0.09815250973272292,-0.1218111721761956,-0.21132852729145235,0.03542377328785082,-3.4818288393903885,-0.7272803125590265,0,0,0,0,0,-4.506825078129212,-4.506825078129212,NA,NA,NA,NA
Ronny Mauricio,NYM,hitter,-11.644916262433336,126,116,28,4,15,15,3,0.244,NA,NA,NA,NA,NA,NA,0.0515698820686377,0.04809460179403248,0.08445355867204125,0.02475161575803933,0.00166508151275295,0.2105347398055037,0,0,0,0,0,0,0.2105347398055037,0,0,0,1,0,0,1,0,1,0,0,3B,0.4518055273846128,0.4518055273846128,0.1182669295440758,0.08416555313955683,0.18917597142537235,0.04785312379887603,0.01234394947673169,0,0,0,0,0,-0.06669704747543811,-0.03607095134552435,-0.10472241275333108,-0.0231015080408367,-0.01067886796397874,0,0,0,0,0,-0.241270787579109,0,-0.241270787579109,-0.241270787579109,-1.074153063735543,-1.0343975283213176,-0.5313565993177641,-1.4771395076201643,-0.45298567607141743,0,0,0,0,0,-4.570032375066207,-4.570032375066207,NA,NA,NA,NA
Will Benson,CIN,hitter,-5.1091587498121465,217,190,43,8,27,26,5,0.224906,NA,NA,NA,NA,NA,NA,0.09282578772354788,0.09618920358806496,0.1463861683648715,0.04125269293006554,-0.02411964467882375,0.3525342079277261,0,0,0,0,0,0,0.3525342079277261,0,0,0,0,0,1,0,0,1,0,0,OF,0.5185403056045699,0.5185403056045699,0.13133129966813067,0.10580812394687146,0.2071927306087412,0.07920517042572585,-0.00499701904489933,0,0,0,0,0,-0.03850551194458279,-0.0096189203588065,-0.06080656224386968,-0.03795247749566031,-0.01912262563392442,0,0,0,0,0,-0.1660060976768437,0,-0.1660060976768437,-0.1660060976768437,-0.6201296038060862,-0.6006179196704426,-0.14169509315140388,-2.426729191090271,-0.8111604647854896,0,0,0,0,0,-4.600332272503693,-4.600332272503693,Louisville Sluggers,Util,2,1
Garrett Stubbs,PHI,hitter,-8.435267687082137,19,17,4,0,2,2,0,0.221877,NA,NA,NA,NA,NA,NA,0.00687598427581836,0,0.0112604744896055,0,-0.0025391325914296,0.01559732617399425,0,0,0,0,0,0,0.01559732617399425,1,0,0,0,0,0,0,0,1,0,0,C,0.30256973257349196,0.30256973257349196,0.08319940973740216,0.06011825224254059,0.13850383622214762,0.01650107717202622,0.00424715719937533,0,0,0,0,0,-0.0763234254615838,-0.06011825224254059,-0.12724336173254214,-0.01650107717202622,-0.00678628979080493,0,0,0,0,0,-0.28697240639949767,0,-0.28697240639949767,-0.28697240639949767,-1.2291854646870644,-1.2568486096807412,-0.8855943321962737,-1.0550996483001178,-0.2878668487403024,0,0,0,0,0,-4.7145949036045,-4.7145949036045,NA,NA,NA,NA
Brett Sullivan,COL,hitter,-8.636663535070037,13,12,3,0,1,1,0,0.23634,NA,NA,NA,NA,NA,NA,0.00343799213790918,0,0.00563023724480275,0,-5.079776818922705e-4,0.00856025170081966,0,0,0,0,0,0,0.00856025170081966,1,0,0,0,0,0,0,0,1,0,0,C,0.30256973257349196,0.30256973257349196,0.08319940973740216,0.06011825224254059,0.13850383622214762,0.01650107717202622,0.00424715719937533,0,0,0,0,0,-0.07976141759949297,-0.06011825224254059,-0.13287359897734488,-0.01650107717202622,-0.0047551348812676,0,0,0,0,0,-0.29400948087267226,0,-0.29400948087267226,-0.29400948087267226,-1.2845541793126076,-1.312461380020597,-0.8855943321962737,-1.0550996483001178,-0.2017075214589732,0,0,0,0,0,-4.739417061288569,-4.739417061288569,NA,NA,NA,NA
Jeferson Quero,MIL,hitter,10.777001897736806,6,6,1,0,1,1,0,0.226947,NA,NA,NA,NA,NA,NA,0.00343799213790918,0,0.00563023724480275,0,-6.710499928374512e-4,0.00839717938987448,0,0,0,0,0,0,0.00839717938987448,1,0,0,0,0,0,0,0,1,0,0,C,0.30256973257349196,0.30256973257349196,0.08319940973740216,0.06011825224254059,0.13850383622214762,0.01650107717202622,0.00424715719937533,0,0,0,0,0,-0.07976141759949297,-0.06011825224254059,-0.13287359897734488,-0.01650107717202622,-0.00491820719221278,0,0,0,0,0,-0.29417255318361746,0,-0.29417255318361746,-0.29417255318361746,-1.2845541793126076,-1.312461380020597,-0.8855943321962737,-1.0550996483001178,-0.20862486712437545,0,0,0,0,0,-4.746334406953971,-4.746334406953971,NA,NA,NA,NA
Michael Lorenzen,COL,pitcher,-14.319694495492335,NA,NA,NA,NA,NA,NA,NA,NA,143,7,0,114,5.07718,1.44948,0,0,0,0,0,0,0.1717093802618933,0,0.314592976783538,-0.00675586885947033,-0.01658647052826003,0.46296001765770095,0.46296001765770095,0,0,0,0,0,0,0,0,0,1,0,P,0.4439721908381099,0.4439721908381099,0,0,0,0,0,0.13982049535611313,0.03627746556510604,0.2329091863204439,0.02333348430688774,0.0116315592895591,0,0,0,0,0,0.03188888490578018,-0.03627746556510604,0.08168379046309407,-0.03008935316635807,-0.02821802981781913,0,0.01898782681959101,0.01898782681959101,0.01898782681959101,0,0,0,0,0,1.6455696202531656,-3.9795918367346976,2.032760199409909,-2.353607551515297,-2.0934632532900324,-4.748332821876953,-4.748332821876953,NA,NA,NA,NA
Rodolfo Duran,SDP,hitter,10.777001897736806,6,6,1,0,1,1,0,0.224105,NA,NA,NA,NA,NA,NA,0.00343799213790918,0,0.00563023724480275,0,-7.972384090702977e-4,0.00827099097364163,0,0,0,0,0,0,0.00827099097364163,1,0,0,0,0,0,0,0,1,0,0,C,0.30256973257349196,0.30256973257349196,0.08319940973740216,0.06011825224254059,0.13850383622214762,0.01650107717202622,0.00424715719937533,0,0,0,0,0,-0.07976141759949297,-0.06011825224254059,-0.13287359897734488,-0.01650107717202622,-0.00504439560844562,0,0,0,0,0,-0.29429874159985026,0,-0.29429874159985026,-0.29429874159985026,-1.2845541793126076,-1.312461380020597,-0.8855943321962737,-1.0550996483001178,-0.21397763908788608,0,0,0,0,0,-4.751687178917482,-4.751687178917482,NA,NA,NA,NA
Blake Perkins,MIL,hitter,-7.270747328464564,217,190,42,4,25,21,7,0.222968,NA,NA,NA,NA,NA,NA,0.0859498034477295,0.04809460179403248,0.11823498214085774,0.05775377010209177,-0.0268445507675675,0.283188606717144,0,0,0,0,0,0,0.283188606717144,0,0,0,0,0,1,0,0,1,0,0,OF,0.5185403056045699,0.5185403056045699,0.13133129966813067,0.10580812394687146,0.2071927306087412,0.07920517042572585,-0.00499701904489933,0,0,0,0,0,-0.04538149622040118,-0.05771352215283898,-0.08895774846788344,-0.02145140032363408,-0.021847531722668172,0,0,0,0,0,-0.23535169888742585,0,-0.23535169888742585,-0.23535169888742585,-0.7308670330571734,-0.8786817713697218,-0.850170558908423,-1.3716295427901528,-0.92674794381457,0,0,0,0,0,-4.758096849940041,-4.758096849940041,NA,NA,NA,NA
Will Banfield,CIN,hitter,-8.799261319476232,6,6,1,0,1,1,0,0.207038,NA,NA,NA,NA,NA,NA,0.00343799213790918,0,0.00563023724480275,0,-0.00155503492555375,0.00751319445715817,0,0,0,0,0,0,0.00751319445715817,1,0,0,0,0,0,0,0,1,0,0,C,0.30256973257349196,0.30256973257349196,0.08319940973740216,0.06011825224254059,0.13850383622214762,0.01650107717202622,0.00424715719937533,0,0,0,0,0,-0.07976141759949297,-0.06011825224254059,-0.13287359897734488,-0.01650107717202622,-0.00580219212492908,0,0,0,0,0,-0.29505653811633376,0,-0.29505653811633376,-0.29505653811633376,-1.2845541793126076,-1.312461380020597,-0.8855943321962737,-1.0550996483001178,-0.2461225226562307,0,0,0,0,0,-4.783832062485827,-4.783832062485827,NA,NA,NA,NA
Chadwick Tromp,ATL,hitter,-8.799261319476232,6,6,1,0,1,1,0,0.206177,NA,NA,NA,NA,NA,NA,0.00343799213790918,0,0.00563023724480275,0,-0.00159326442111198,0.00747496496159995,0,0,0,0,0,0,0.00747496496159995,1,0,0,0,0,0,0,0,1,0,0,C,0.30256973257349196,0.30256973257349196,0.08319940973740216,0.06011825224254059,0.13850383622214762,0.01650107717202622,0.00424715719937533,0,0,0,0,0,-0.07976141759949297,-0.06011825224254059,-0.13287359897734488,-0.01650107717202622,-0.00584042162048731,0,0,0,0,0,-0.29509476761189196,0,-0.29509476761189196,-0.29509476761189196,-1.2845541793126076,-1.312461380020597,-0.8855943321962737,-1.0550996483001178,-0.24774417524616135,0,0,0,0,0,-4.785453715075757,-4.785453715075757,NA,NA,NA,NA
Hayden Senger,NYM,hitter,-8.799261319476232,6,6,1,0,1,1,0,0.20498,NA,NA,NA,NA,NA,NA,0.00343799213790918,0,0.00563023724480275,0,-0.00164641274420512,0.0074218166385068,0,0,0,0,0,0,0.0074218166385068,1,0,0,0,0,0,0,0,1,0,0,C,0.30256973257349196,0.30256973257349196,0.08319940973740216,0.06011825224254059,0.13850383622214762,0.01650107717202622,0.00424715719937533,0,0,0,0,0,-0.07976141759949297,-0.06011825224254059,-0.13287359897734488,-0.01650107717202622,-0.00589356994358045,0,0,0,0,0,-0.29514791593498507,0,-0.29514791593498507,-0.29514791593498507,-1.2845541793126076,-1.312461380020597,-0.8855943321962737,-1.0550996483001178,-0.2499986678711866,0,0,0,0,0,-4.787708207700782,-4.787708207700782,NA,NA,NA,NA
Reese McGuire,MIL,hitter,-8.636663535070037,13,12,3,0,1,1,0,0.223437,NA,NA,NA,NA,NA,NA,0.00343799213790918,0,0.00563023724480275,0,-0.00165379691810086,0.00741443246461106,0,0,0,0,0,0,0.00741443246461106,1,0,0,0,0,0,0,0,1,0,0,C,0.30256973257349196,0.30256973257349196,0.08319940973740216,0.06011825224254059,0.13850383622214762,0.01650107717202622,0.00424715719937533,0,0,0,0,0,-0.07976141759949297,-0.06011825224254059,-0.13287359897734488,-0.01650107717202622,-0.00590095411747619,0,0,0,0,0,-0.29515530010888086,0,-0.29515530010888086,-0.29515530010888086,-1.2845541793126076,-1.312461380020597,-0.8855943321962737,-1.0550996483001178,-0.25031189629724016,0,0,0,0,0,-4.788021436126836,-4.788021436126836,NA,NA,NA,NA
Eric Haase,SFG,hitter,-8.636663535070037,13,12,3,0,1,1,0,0.217863,NA,NA,NA,NA,NA,NA,0.00343799213790918,0,0.00563023724480275,0,-0.00214878230309867,0.00691944707961326,0,0,0,0,0,0,0.00691944707961326,1,0,0,0,0,0,0,0,1,0,0,C,0.30256973257349196,0.30256973257349196,0.08319940973740216,0.06011825224254059,0.13850383622214762,0.01650107717202622,0.00424715719937533,0,0,0,0,0,-0.07976141759949297,-0.06011825224254059,-0.13287359897734488,-0.01650107717202622,-0.006395939502474,0,0,0,0,0,-0.2956502854938787,0,-0.2956502854938787,-0.2956502854938787,-1.2845541793126076,-1.312461380020597,-0.8855943321962737,-1.0550996483001178,-0.27130862460449445,0,0,0,0,0,-4.80901816443409,-4.80901816443409,NA,NA,NA,NA
Wilmer Flores,NA,hitter,NA,161,144,34,5,17,20,0,0.233389,NA,NA,NA,NA,NA,NA,0.05844586634445606,0.06011825224254059,0.112604744896055,0,-0.00924040790096024,0.2219284555820914,0,0,0,0,0,0,0.2219284555820914,0,1,0,0,0,0,1,0,1,0,0,1B,0.4466098192993388,0.4466098192993388,0.11345374055100294,0.1106175841262747,0.19705830356809623,0.04125269293006554,-0.01577250187610062,0,0,0,0,0,-0.05500787420654687,-0.05049933188373411,-0.08445355867204123,-0.04125269293006554,0.00653209397514038,0,0,0,0,0,-0.22468136371724737,0,-0.22468136371724737,-0.22468136371724737,-0.8858994340086949,-0.8341915550978369,-0.7438992390448702,-2.6377491207502937,0.27708414557347444,0,0,0,0,0,-4.824655203328221,-4.824655203328221,Free At Last,Util,2,1
Seby Zavala,LAD,hitter,-8.799261319476232,6,6,1,0,1,1,0,0.181364,NA,NA,NA,NA,NA,NA,0.00343799213790918,0,0.00563023724480275,0,-0.0026949931938022,0.00637323618890972,0,0,0,0,0,0,0.00637323618890972,1,0,0,0,0,0,0,0,1,0,0,C,0.30256973257349196,0.30256973257349196,0.08319940973740216,0.06011825224254059,0.13850383622214762,0.01650107717202622,0.00424715719937533,0,0,0,0,0,-0.07976141759949297,-0.06011825224254059,-0.13287359897734488,-0.01650107717202622,-0.00694215039317753,0,0,0,0,0,-0.2961964963845822,0,-0.2961964963845822,-0.2961964963845822,-1.2845541793126076,-1.312461380020597,-0.8855943321962737,-1.0550996483001178,-0.2944782817664249,0,0,0,0,0,-4.832187821596021,-4.832187821596021,NA,NA,NA,NA
Austin Barnes,NYM,hitter,-8.951196106921493,6,6,1,0,1,0,0,0.208077,NA,NA,NA,NA,NA,NA,0.00343799213790918,0,0,0,-0.00150890200350381,0.00192909013440536,0,0,0,0,0,0,0.00192909013440536,1,0,0,0,0,0,0,0,1,0,0,C,0.30256973257349196,0.30256973257349196,0.08319940973740216,0.06011825224254059,0.13850383622214762,0.01650107717202622,0.00424715719937533,0,0,0,0,0,-0.07976141759949297,-0.06011825224254059,-0.13850383622214762,-0.01650107717202622,-0.00575605920287914,0,0,0,0,0,-0.3006406424390865,0,-0.3006406424390865,-0.3006406424390865,-1.2845541793126076,-1.3680741503604528,-0.8855943321962737,-1.0550996483001178,-0.24416561552389865,0,0,0,0,0,-4.83748792569335,-4.83748792569335,NA,NA,NA,NA
Ben Rortvedt,NYM,hitter,-8.89472533393604,13,11,2,0,1,1,0,0.201884,NA,NA,NA,NA,NA,NA,0.00343799213790918,0,0.00563023724480275,0,-0.00327044498666235,0.00579778439604958,0,0,0,0,0,0,0.00579778439604958,1,0,0,0,0,0,0,0,1,0,0,C,0.30256973257349196,0.30256973257349196,0.08319940973740216,0.06011825224254059,0.13850383622214762,0.01650107717202622,0.00424715719937533,0,0,0,0,0,-0.07976141759949297,-0.06011825224254059,-0.13287359897734488,-0.01650107717202622,-0.00751760218603768,0,0,0,0,0,-0.29677194817744235,0,-0.29677194817744235,-0.29677194817744235,-1.2845541793126076,-1.312461380020597,-0.8855943321962737,-1.0550996483001178,-0.3188883054051237,0,0,0,0,0,-4.856597845234719,-4.856597845234719,Louisville Sluggers,C,2,1
Brad Keller,PHI,pitcher,-4.009607081028092,NA,NA,NA,NA,NA,NA,NA,NA,68,4,2,61,4.19937,1.35242,0,0,0,0,0,0,0.09811964586393904,0.02790574274238926,0.16833483845434927,0.02343069200306304,0.00900621566414359,0.3267971347278842,0.3267971347278842,0,0,0,0,0,0,0,0,0,0,1,P,0.4439721908381099,0.4439721908381099,0,0,0,0,0,0.13982049535611313,0.03627746556510604,0.2329091863204439,0.02333348430688774,0.0116315592895591,0,0,0,0,0,-0.04170084949217409,-0.00837172282271678,-0.06457434786609464,9.72076961752999e-5,-0.0026253436254155,0,-0.11717505611022572,-0.11717505611022572,-0.11717505611022572,0,0,0,0,0,-2.151898734177217,-0.9183673469387768,-1.606979346830807,0.00760364526677136,-0.19477123110827343,-4.864413013788303,-4.864413013788303,Big Red Machine,P,2,1
Casey Schmitt,SFG,hitter,-7.663713589652865,210,191,47,7,23,25,1,0.247506,NA,NA,NA,NA,NA,NA,0.07907381917191114,0.08416555313955684,0.14075593112006873,0.00825053858601311,0.00769716524807794,0.31994300726562774,0,0,0,0,0,0,0.31994300726562774,0,0,1,1,0,0,1,1,1,0,0,2B,0.4277408742732015,0.4277408742732015,0.1107033468406756,0.07214190269104871,0.16327688009927974,0.07920517042572585,0.00241357421647157,0,0,0,0,0,-0.03162952766876446,0.01202365044850813,-0.022520948979211,-0.07095463183971273,0.00528359103160636,0,0,0,0,0,-0.1077978670075737,0,-0.1077978670075737,-0.1077978670075737,-0.5093921745549997,-0.2224510813594233,0.17711886643925492,-4.536928487690505,0.22412404232455344,0,0,0,0,0,-4.86752883484112,-4.86752883484112,National Pastime,1B/3B,2,1
Nathaniel Lowe,CIN,hitter,-11.317611946146233,112,99,25,3,12,14,0,0.254704,NA,NA,NA,NA,NA,NA,0.04125590565491016,0.03607095134552436,0.0788233214272385,0,0.00926303607690449,0.16541321450457752,0,0,0,0,0,0,0.16541321450457752,0,1,0,0,0,0,1,0,1,0,0,1B,0.4466098192993388,0.4466098192993388,0.11345374055100294,0.1106175841262747,0.19705830356809623,0.04125269293006554,-0.01577250187610062,0,0,0,0,0,-0.07219783489609277,-0.07454663278075034,-0.11823498214085772,-0.04125269293006554,0.02503553795300511,0,0,0,0,0,-0.2811966047947613,0,-0.2811966047947613,-0.2811966047947613,-1.162743007136412,-1.167868177136972,-1.0981369719233796,-2.6377491207502937,1.0619796146658516,0,0,0,0,0,-5.004517662281206,-5.004517662281206,NA,NA,NA,NA
PJ Poulin,WSN,pitcher,-3.463958030484343,NA,NA,NA,NA,NA,NA,NA,NA,61,4,2,59,4.0827,1.35478,0,0,0,0,0,0,0.09811964586393904,0.02790574274238926,0.16281566342305914,0.02419534293715865,0.00771062687866596,0.32074702184521203,0.32074702184521203,0,0,0,0,0,0,0,0,0,0,1,P,0.4439721908381099,0.4439721908381099,0,0,0,0,0,0.13982049535611313,0.03627746556510604,0.2329091863204439,0.02333348430688774,0.0116315592895591,0,0,0,0,0,-0.04170084949217409,-0.00837172282271678,-0.07009352289738477,8.618586302709119e-4,-0.00392093241089314,0,-0.12322516899289788,-0.12322516899289788,-0.12322516899289788,0,0,0,0,0,-2.151898734177217,-0.9183673469387768,-1.7443280089530977,0.0674151075740712,-0.29088947647419683,-5.038068458969217,-5.038068458969217,NA,NA,NA,NA
Nathan Church,STL,hitter,-6.967093027591302,189,172,44,3,22,19,4,0.25339,NA,NA,NA,NA,NA,NA,0.07563582703400196,0.03607095134552436,0.10697450765125224,0.03300215434405244,0.01442084847864125,0.26610428885347226,0,0,0,0,0,0,0.26610428885347226,0,0,0,0,0,1,0,0,1,0,0,OF,0.5185403056045699,0.5185403056045699,0.13133129966813067,0.10580812394687146,0.2071927306087412,0.07920517042572585,-0.00499701904489933,0,0,0,0,0,-0.05569547263412872,-0.0697371726013471,-0.10021822295748894,-0.04620301608167341,0.01941786752354058,0,0,0,0,0,-0.2524360167510976,0,-0.2524360167510976,-0.2524360167510976,-0.8969731769338037,-0.9899073120494334,-1.0272894253476776,-2.9542790152403295,0.8236842966582596,0,0,0,0,0,-5.044764632912984,-5.044764632912984,NA,NA,NA,NA
Deyvison De Los Santos,MIA,hitter,10.777001897736806,112,104,24,4,12,13,1,0.232849,NA,NA,NA,NA,NA,NA,0.04125590565491016,0.04809460179403248,0.07319308418243575,0.00825053858601311,-0.00708922383837257,0.1637049063790189,0,0,0,0,0,0,0.1637049063790189,0,1,0,1,0,0,1,0,1,0,0,1B,0.4466098192993388,0.4466098192993388,0.11345374055100294,0.1106175841262747,0.19705830356809623,0.04125269293006554,-0.01577250187610062,0,0,0,0,0,-0.07219783489609277,-0.06252298233224222,-0.12386521938566047,-0.03300215434405243,0.00868327803772805,0,0,0,0,0,-0.28290491292031983,0,-0.28290491292031983,-0.28290491292031983,-1.162743007136412,-1.2234809474768276,-0.9210181054841248,-2.110199296600235,0.3683349757393969,0,0,0,0,0,-5.049106380958203,-5.049106380958203,NA,NA,NA,NA
Mason Montgomery,PIT,pitcher,-2.221879204304007,NA,NA,NA,NA,NA,NA,NA,NA,60,3,2,63,3.8678,1.30851,0,0,0,0,0,0,0.07358973439795427,0.02790574274238926,0.17385401348563942,0.02955396931221063,0.01469015254096827,0.31959361247916185,0.31959361247916185,0,0,0,0,0,0,0,0,0,0,1,P,0.4439721908381099,0.4439721908381099,0,0,0,0,0,0.13982049535611313,0.03627746556510604,0.2329091863204439,0.02333348430688774,0.0116315592895591,0,0,0,0,0,-0.06623076095815886,-0.00837172282271678,-0.05905517283480449,0.00622048500532289,0.00305859325140916,0,-0.12437857835894806,-0.12437857835894806,-0.12437857835894806,0,0,0,0,0,-3.417721518987345,-0.9183673469387768,-1.4696306847085152,0.4865701300280789,0.226913523726684,-5.092235896879875,-5.092235896879875,NA,NA,NA,NA
Ryne Stanek,STL,pitcher,-3.10255968608274,NA,NA,NA,NA,NA,NA,NA,NA,60,4,2,61,4.06744,1.37405,0,0,0,0,0,0,0.09811964586393904,0.02790574274238926,0.16833483845434927,0.02420737847663995,0.00462482702396628,0.32319243256128377,0.32319243256128377,0,0,0,0,0,0,0,0,0,0,1,P,0.4439721908381099,0.4439721908381099,0,0,0,0,0,0.13982049535611313,0.03627746556510604,0.2329091863204439,0.02333348430688774,0.0116315592895591,0,0,0,0,0,-0.04170084949217409,-0.00837172282271678,-0.06457434786609464,8.738941697522123e-4,-0.00700673226559282,0,-0.12077975827682612,-0.12077975827682612,-0.12077975827682612,0,0,0,0,0,-2.151898734177217,-0.9183673469387768,-1.606979346830807,0.06835653481091258,-0.5198214268806753,-5.128710320016563,-5.128710320016563,NA,NA,NA,NA
Julian Fernandez,WSN,pitcher,-2.161866623456152,NA,NA,NA,NA,NA,NA,NA,NA,59,3,2,59,3.95459,1.27528,0,0,0,0,0,0,0.07358973439795427,0.02790574274238926,0.16281566342305914,0.02677580520581735,0.01946356894096156,0.3105505147101816,0.3105505147101816,0,0,0,0,0,0,0,0,0,0,1,P,0.4439721908381099,0.4439721908381099,0,0,0,0,0,0.13982049535611313,0.03627746556510604,0.2329091863204439,0.02333348430688774,0.0116315592895591,0,0,0,0,0,-0.06623076095815886,-0.00837172282271678,-0.07009352289738477,0.00344232089892961,0.00783200965140245,0,-0.13342167612792832,-0.13342167612792832,-0.13342167612792832,0,0,0,0,0,-3.417721518987345,-0.9183673469387768,-1.7443280089530977,0.2692604396533887,0.58104780916597365,-5.230108626059858,-5.230108626059858,NA,NA,NA,NA
Aaron Ashby,MIL,pitcher,-1.6313784912058464,NA,NA,NA,NA,NA,NA,NA,NA,64,4,1,67,3.7227,1.37214,0,0,0,0,0,0,0.09811964586393904,0.01395287137119463,0.1848923635482197,0.03566924337797921,0.00524603291446607,0.33788015707579866,0.33788015707579866,0,0,0,0,0,0,0,0,0,0,1,P,0.4439721908381099,0.4439721908381099,0,0,0,0,0,0.13982049535611313,0.03627746556510604,0.2329091863204439,0.02333348430688774,0.0116315592895591,0,0,0,0,0,-0.04170084949217409,-0.02232459419391141,-0.04801682277222421,0.01233575907109146,-0.00638552637509303,0,-0.10609203376231129,-0.10609203376231129,-0.10609203376231129,0,0,0,0,0,-2.151898734177217,-2.448979591836737,-1.194933360463933,0.9649105962123394,-0.473734874669741,-5.304635964935288,-5.304635964935288,NA,NA,NA,NA
Tim Tawa,ARI,hitter,-9.757999472721682,189,170,38,5,21,20,4,0.223234,NA,NA,NA,NA,NA,NA,0.07219783489609279,0.06011825224254059,0.112604744896055,0.03300215434405244,-0.02368417099166205,0.2542388153870788,0,0,0,0,0,0,0.2542388153870788,0,1,1,0,0,1,1,1,1,0,0,2B,0.4277408742732015,0.4277408742732015,0.1107033468406756,0.07214190269104871,0.16327688009927974,0.07920517042572585,0.00241357421647157,0,0,0,0,0,-0.03850551194458282,-0.01202365044850812,-0.05067213520322473,-0.04620301608167341,-0.02609774520813362,0,0,0,0,0,-0.17350205888612272,0,-0.17350205888612272,-0.17350205888612272,-0.6201296038060866,-0.5005149330587022,-0.1771188664392548,-2.9542790152403295,-1.10703726246292,0,0,0,0,0,-5.359079681007294,-5.359079681007294,NA,NA,NA,NA
Griffin Conine,MIA,hitter,-2.184526701935055,364,323,72,12,40,43,1,0.221659,NA,NA,NA,NA,NA,NA,0.1375196855163672,0.14428380538209745,0.24210020152651823,0.00825053858601311,-0.04876459776992228,0.48338963324107376,0,0,0,0,0,0,0.48338963324107376,0,0,0,0,0,1,0,0,1,0,0,OF,0.5185403056045699,0.5185403056045699,0.13133129966813067,0.10580812394687146,0.2071927306087412,0.07920517042572585,-0.00499701904489933,0,0,0,0,0,0.00618838584823652,0.03847568143522599,0.03490747091777704,-0.07095463183971273,-0.04376757872502294,0,0,0,0,0,-0.03515067236349611,0,-0.03515067236349611,-0.03515067236349611,0.09966368632597825,0.344799176107106,0.5667803726056154,-4.536928487690505,-1.856571904965916,0,0,0,0,0,-5.3822571576177225,-5.3822571576177225,Melonheads,OF,2,1
Andrew McCutchen,NA,hitter,NA,308,267,62,8,34,30,2,0.232094,NA,NA,NA,NA,NA,NA,0.11689173268891212,0.09618920358806496,0.1689071173440825,0.01650107717202622,-0.0196919906430557,0.3787971401500301,0,0,0,0,0,0,0.3787971401500301,0,0,0,0,0,0,0,0,1,0,0,Util,0.5185403056045699,0.5185403056045699,0.13133129966813067,0.10580812394687146,0.2071927306087412,0.07920517042572585,-0.00499701904489933,0,0,0,0,0,-0.01443956697921855,-0.0096189203588065,-0.03828561326465868,-0.06270409325369963,-0.01469497159815637,0,0,0,0,0,-0.13974316545453974,0,-0.13974316545453974,-0.13974316545453974,-0.2325486014272824,-0.3781668383110193,-0.14169509315140388,-4.009378663540447,-0.623344315773431,0,0,0,0,0,-5.385133512203583,-5.385133512203583,Free Birds,Bench,2,1
German Marquez,SDP,pitcher,-12.330753522623766,NA,NA,NA,NA,NA,NA,NA,NA,127,7,0,93,5.0239,1.43706,0,0,0,0,0,0,0.1717093802618933,0,0.25664163895499154,-0.00297969531842457,-0.01069330045386896,0.4146780234445913,0.4146780234445913,0,0,0,0,0,0,0,0,0,1,0,P,0.4439721908381099,0.4439721908381099,0,0,0,0,0,0.13982049535611313,0.03627746556510604,0.2329091863204439,0.02333348430688774,0.0116315592895591,0,0,0,0,0,0.03188888490578018,-0.03627746556510604,0.02373245263454762,-0.0263131796253123,-0.02232485974342806,0,-0.0292941673935186,-0.0292941673935186,-0.0292941673935186,0,0,0,0,0,1.6455696202531656,-3.9795918367346976,0.5905992471258525,-2.0582329546304914,-1.6562557276131145,-5.457911651599286,-5.457911651599286,NA,NA,NA,NA
Isaac Mattson,PIT,pitcher,-4.1832466837013556,NA,NA,NA,NA,NA,NA,NA,NA,64,4,2,60,4.257,1.37772,0,0,0,0,0,0,0.09811964586393904,0.02790574274238926,0.1655752509387042,0.02040612451899087,0.00433195269662662,0.31633871676064995,0.31633871676064995,0,0,0,0,0,0,0,0,0,0,1,P,0.4439721908381099,0.4439721908381099,0,0,0,0,0,0.13982049535611313,0.03627746556510604,0.2329091863204439,0.02333348430688774,0.0116315592895591,0,0,0,0,0,-0.04170084949217409,-0.00837172282271678,-0.0673339353817397,-0.00292735978789687,-0.00729960659293248,0,-0.12763347407745992,-0.12763347407745992,-0.12763347407745992,0,0,0,0,0,-2.151898734177217,-0.9183673469387768,-1.675653677891952,-0.22897986755327188,-0.5415494371661574,-5.516449063727374,-5.516449063727374,NA,NA,NA,NA
Jose Butto,SFG,pitcher,-2.3771069146892465,NA,NA,NA,NA,NA,NA,NA,NA,61,3,2,56,3.88931,1.30631,0,0,0,0,0,0,0.07358973439795427,0.02790574274238926,0.15453690087612393,0.02946087166412984,0.01527848518309947,0.3007717348636968,0.3007717348636968,0,0,0,0,0,0,0,0,0,0,1,P,0.4439721908381099,0.4439721908381099,0,0,0,0,0,0.13982049535611313,0.03627746556510604,0.2329091863204439,0.02333348430688774,0.0116315592895591,0,0,0,0,0,-0.06623076095815886,-0.00837172282271678,-0.07837228544431998,0.0061273873572421,0.00364692589354036,0,-0.14320045597441314,-0.14320045597441314,-0.14320045597441314,0,0,0,0,0,-3.417721518987345,-0.9183673469387768,-1.9503510021365345,0.47928797522934274,0.2705612473616961,-5.536590645471617,-5.536590645471617,NA,NA,NA,NA
Josiah Gray,WSN,pitcher,-10.386722945437224,NA,NA,NA,NA,NA,NA,NA,NA,114,6,0,99,4.97172,1.41666,0,0,0,0,0,0,0.14717946879590854,0,0.2731991640488619,-1.9549345098876547e-5,-0.00364613180568416,0.41671295169398737,0.41671295169398737,0,0,0,0,0,0,0,0,0,1,0,P,0.4439721908381099,0.4439721908381099,0,0,0,0,0,0.13982049535611313,0.03627746556510604,0.2329091863204439,0.02333348430688774,0.0116315592895591,0,0,0,0,0,0.00735897343979541,-0.03627746556510604,0.040289977728418,-0.02335303365198661,-0.01527769109524326,0,-0.0272592391441225,-0.0272592391441225,-0.0272592391441225,0,0,0,0,0,0.3797468354430376,-3.9795918367346976,1.0026452334927247,-1.8266885316617536,-1.1334343719068332,-5.557322671367523,-5.557322671367523,NA,NA,NA,NA
Brooks Raley,NYM,pitcher,-0.8526907382994171,NA,NA,NA,NA,NA,NA,NA,NA,62,3,1,61,3.80236,1.23156,0,0,0,0,0,0,0.07358973439795427,0.01395287137119463,0.16833483845434927,0.03235007938804075,0.02739136470253245,0.31561888831407137,0.31561888831407137,0,0,0,0,0,0,0,0,0,0,1,P,0.4439721908381099,0.4439721908381099,0,0,0,0,0,0.13982049535611313,0.03627746556510604,0.2329091863204439,0.02333348430688774,0.0116315592895591,0,0,0,0,0,-0.06623076095815886,-0.02232459419391141,-0.06457434786609464,0.00901659508115301,0.01575980541297335,0,-0.12835330252403854,-0.12835330252403854,-0.12835330252403854,0,0,0,0,0,-3.417721518987345,-2.448979591836737,-1.606979346830807,0.7052835650745896,1.1692018799351789,-5.59919501264512,-5.59919501264512,NA,NA,NA,NA
Luis Campusano,SDP,hitter,-8.770033397801672,215,191,47,7,26,26,1,0.246913,NA,NA,NA,NA,NA,NA,0.08938779558563868,0.08416555313955684,0.1463861683648715,0.00825053858601311,0.00685899502829252,0.33504905070437263,0,0,0,0,0,0,0.33504905070437263,0,0,0,0,0,0,0,0,1,0,0,Util,0.5185403056045699,0.5185403056045699,0.13133129966813067,0.10580812394687146,0.2071927306087412,0.07920517042572585,-0.00499701904489933,0,0,0,0,0,-0.04194350408249199,-0.02164257080731461,-0.06080656224386968,-0.07095463183971273,0.01185601407319185,0,0,0,0,0,-0.1834912549001972,0,-0.1834912549001972,-0.1834912549001972,-0.6754983184316299,-0.6006179196704426,-0.3188139595906586,-4.536928487690505,0.50291890194474,0,0,0,0,0,-5.628939783438497,-5.628939783438497,NA,NA,NA,NA
Tommy Pham,NA,hitter,NA,210,187,45,5,23,21,3,0.242509,NA,NA,NA,NA,NA,NA,0.07907381917191114,0.06011825224254059,0.11823498214085774,0.02475161575803933,6.209213027957199e-4,0.2827995906161445,0,0,0,0,0,0,0.2827995906161445,0,0,0,0,0,1,0,0,1,0,0,OF,0.5185403056045699,0.5185403056045699,0.13133129966813067,0.10580812394687146,0.2071927306087412,0.07920517042572585,-0.00499701904489933,0,0,0,0,0,-0.05225748049621953,-0.04568987170433087,-0.08895774846788344,-0.05445355466768652,0.00561794034769505,0,0,0,0,0,-0.23574071498842533,0,-0.23574071498842533,-0.23574071498842533,-0.8416044623082601,-0.8786817713697218,-0.6730516924691683,-3.4818288393903885,0.23830676763807232,0,0,0,0,0,-5.636859997899467,-5.636859997899467,Free Birds,Util,2,6
Anthony Bender,MIA,pitcher,-1.864290550597281,NA,NA,NA,NA,NA,NA,NA,NA,61,4,1,58,3.90551,1.30405,0,0,0,0,0,0,0.09811964586393904,0.01395287137119463,0.16005607590741405,0.02901978595454334,0.0156313500431783,0.31677972914026936,0.31677972914026936,0,0,0,0,0,0,0,0,0,0,1,P,0.4439721908381099,0.4439721908381099,0,0,0,0,0,0.13982049535611313,0.03627746556510604,0.2329091863204439,0.02333348430688774,0.0116315592895591,0,0,0,0,0,-0.04170084949217409,-0.02232459419391141,-0.07285311041302986,0.0056863016476556,0.0039997907536192,0,-0.12719246169784057,-0.12719246169784057,-0.12719246169784057,0,0,0,0,0,-2.151898734177217,-2.448979591836737,-1.8130023400142432,0.4447859820755322,0.2967398864347146,-5.67235479751795,-5.67235479751795,Melonheads,IL,2,1
Tyler Phillips,MIA,pitcher,-5.697620644263673,NA,NA,NA,NA,NA,NA,NA,NA,68,3,3,50,4.23017,1.37243,0,0,0,0,0,0,0.07358973439795427,0.04185861411358389,0.1379793757822535,0.02249585096869958,0.0055234348879066,0.2814470101503979,0.2814470101503979,0,0,0,0,0,0,0,0,0,0,1,P,0.4439721908381099,0.4439721908381099,0,0,0,0,0,0.13982049535611313,0.03627746556510604,0.2329091863204439,0.02333348430688774,0.0116315592895591,0,0,0,0,0,-0.06623076095815886,0.00558114854847784,-0.0949298105381904,-8.376333381881589e-4,-0.0061081244016525,0,-0.16252518068771207,-0.16252518068771207,-0.16252518068771207,0,0,0,0,0,-3.417721518987345,0.6122448979591837,-2.362396988503408,-0.06552019045609937,-0.4531547405662196,-5.686548540553887,-5.686548540553887,NA,NA,NA,NA
Ryan Thompson,ARI,pitcher,-2.2026939770474496,NA,NA,NA,NA,NA,NA,NA,NA,64,4,1,52,3.8144,1.30362,0,0,0,0,0,0,0.09811964586393904,0.01395287137119463,0.14349855081354365,0.03304968882179499,0.01647054483675233,0.30509130170722465,0.30509130170722465,0,0,0,0,0,0,0,0,0,0,1,P,0.4439721908381099,0.4439721908381099,0,0,0,0,0,0.13982049535611313,0.03627746556510604,0.2329091863204439,0.02333348430688774,0.0116315592895591,0,0,0,0,0,-0.04170084949217409,-0.02232459419391141,-0.08941063550690026,0.00971620451490724,0.00483898554719323,0,-0.13888088913088528,-0.13888088913088528,-0.13888088913088528,0,0,0,0,0,-2.151898734177217,-2.448979591836737,-2.2250483263811165,0.7600074415664356,0.3589987852324666,-5.706920425596168,-5.706920425596168,NA,NA,NA,NA
T.J. Rumfield,COL,hitter,10.777001897736806,105,94,24,3,12,11,1,0.260725,NA,NA,NA,NA,NA,NA,0.04125590565491016,0.03607095134552436,0.06193260969283025,0.00825053858601311,0.01298353359862121,0.16049353887789908,0,0,0,0,0,0,0.16049353887789908,0,0,0,1,0,0,1,0,1,0,0,3B,0.4518055273846128,0.4518055273846128,0.1182669295440758,0.08416555313955683,0.18917597142537235,0.04785312379887603,0.01234394947673169,0,0,0,0,0,-0.07701102388916564,-0.04809460179403246,-0.12724336173254208,-0.03960258521286292,6.395841218895196e-4,0,0,0,0,0,-0.2913119885067136,0,-0.2913119885067136,-0.2913119885067136,-1.2402592076121732,-1.2568486096807407,-0.7084754657570189,-2.5322391559202826,0.02713044555246312,0,0,0,0,0,-5.710691993417752,-5.710691993417752,NA,NA,NA,NA
Juan Mejia,COL,pitcher,-6.562123950799359,NA,NA,NA,NA,NA,NA,NA,NA,66,3,3,68,4.56564,1.41282,0,0,0,0,0,0,0.07358973439795427,0.04185861411358389,0.18765195106386476,0.01195150487514829,-0.00146221632373754,0.31358958812681365,0.31358958812681365,0,0,0,0,0,0,0,0,0,0,1,P,0.4439721908381099,0.4439721908381099,0,0,0,0,0,0.13982049535611313,0.03627746556510604,0.2329091863204439,0.02333348430688774,0.0116315592895591,0,0,0,0,0,-0.06623076095815886,0.00558114854847784,-0.04525723525657915,-0.01138197943173944,-0.01309377561329664,0,-0.13038260271129626,-0.13038260271129626,-0.13038260271129626,0,0,0,0,0,-3.417721518987345,0.6122448979591837,-1.1262590294027877,-0.8903053712595373,-0.971412188243984,-5.79345320993447,-5.79345320993447,NA,NA,NA,NA
Nick Yorke,PIT,hitter,-11.71413810525693,126,115,29,2,13,12,3,0.25354,NA,NA,NA,NA,NA,NA,0.04469389779281934,0.02404730089701624,0.067562846937633,0.02475161575803933,0.00976950002475626,0.17082516141026416,0,0,0,0,0,0,0.17082516141026416,0,1,1,0,0,0,1,1,1,0,0,2B,0.4277408742732015,0.4277408742732015,0.1107033468406756,0.07214190269104871,0.16327688009927974,0.07920517042572585,0.00241357421647157,0,0,0,0,0,-0.06600944904785627,-0.04809460179403247,-0.09571403316164674,-0.05445355466768652,0.00735592580828469,0,0,0,0,0,-0.2569157128629373,0,-0.2569157128629373,-0.2569157128629373,-1.0630793208104343,-0.9454170957775488,-0.7084754657570189,-3.4818288393903885,0.3120301736697886,0,0,0,0,0,-5.886770548065601,-5.886770548065601,NA,NA,NA,NA
Jimmy Herget,COL,pitcher,-6.080257525537412,NA,NA,NA,NA,NA,NA,NA,NA,77,3,2,70,4.57511,1.33827,0,0,0,0,0,0,0.07358973439795427,0.02790574274238926,0.1931711260951549,0.01361794645009624,0.0129870143631063,0.32127156404870094,0.32127156404870094,0,0,0,0,0,0,0,0,0,0,1,P,0.4439721908381099,0.4439721908381099,0,0,0,0,0,0.13982049535611313,0.03627746556510604,0.2329091863204439,0.02333348430688774,0.0116315592895591,0,0,0,0,0,-0.06623076095815886,-0.00837172282271678,-0.039738060225289,-0.00971553785679149,0.00135545507354719,0,-0.12270062678940892,-0.12270062678940892,-0.12270062678940892,0,0,0,0,0,-3.417721518987345,-0.9183673469387768,-0.9889103672804962,-0.75995529516213,0.10055965658398712,-5.984394871784762,-5.984394871784762,NA,NA,NA,NA
Kade Strowd,ARI,pitcher,-5.600255534571851,NA,NA,NA,NA,NA,NA,NA,NA,60,3,3,55,4.2114,1.41,0,0,0,0,0,0,0.07358973439795427,0.04185861411358389,0.15177731336047884,0.0203519626446987,-8.962052057593954e-4,0.2866814193109563,0.2866814193109563,0,0,0,0,0,0,0,0,0,0,1,P,0.4439721908381099,0.4439721908381099,0,0,0,0,0,0.13982049535611313,0.03627746556510604,0.2329091863204439,0.02333348430688774,0.0116315592895591,0,0,0,0,0,-0.06623076095815886,0.00558114854847784,-0.08113187295996507,-0.00298152166218904,-0.01252776449531849,0,-0.15729077152715362,-0.15729077152715362,-0.15729077152715362,0,0,0,0,0,-3.417721518987345,0.6122448979591837,-2.01902533319768,-0.23321644238535572,-0.9294204728729628,-5.987138869484159,-5.987138869484159,NA,NA,NA,NA
Zac Veen,COL,hitter,-8.995612447363575,133,120,30,3,15,14,4,0.249877,NA,NA,NA,NA,NA,NA,0.0515698820686377,0.03607095134552436,0.0788233214272385,0.03300215434405244,0.00694142367751666,0.20640773286296965,0,0,0,0,0,0,0.20640773286296965,0,0,0,0,0,1,0,0,1,0,0,OF,0.5185403056045699,0.5185403056045699,0.13133129966813067,0.10580812394687146,0.2071927306087412,0.07920517042572585,-0.00499701904489933,0,0,0,0,0,-0.07976141759949298,-0.0697371726013471,-0.1283694091815027,-0.04620301608167341,0.01193844272241599,0,0,0,0,0,-0.31213257274160017,0,-0.31213257274160017,-0.31213257274160017,-1.2845541793126078,-1.2679711637487123,-1.0272894253476776,-2.9542790152403295,0.5064154333675838,0,0,0,0,0,-6.027678350281743,-6.027678350281743,Hoosiers,Bench,2,1
Andrew Painter,PHI,pitcher,-2.751631181094091,NA,NA,NA,NA,NA,NA,NA,NA,104,5,0,90,4.72917,1.39167,0,0,0,0,0,0,0.1226495573299238,0,0.2483628764080563,0.01124150090890598,0.00332597224704563,0.3855799068939317,0.3855799068939317,0,0,0,0,0,0,0,0,0,1,0,P,0.4439721908381099,0.4439721908381099,0,0,0,0,0,0.13982049535611313,0.03627746556510604,0.2329091863204439,0.02333348430688774,0.0116315592895591,0,0,0,0,0,-0.01717093802618932,-0.03627746556510604,0.01545369008761238,-0.01209198339798176,-0.00830558704251347,0,-0.05839228394417821,-0.05839228394417821,-0.05839228394417821,0,0,0,0,0,-0.886075949367089,-3.9795918367346976,0.38457625394241496,-0.9458423144206182,-0.616181972404181,-6.043115818984171,-6.043115818984171,Free At Last,Bench,Opt,1
Brock Burke,CIN,pitcher,-3.1461950945040025,NA,NA,NA,NA,NA,NA,NA,NA,62,4,1,58,4.17188,1.29213,0,0,0,0,0,0,0.09811964586393904,0.01395287137119463,0.16005607590741405,0.02212403256837165,0.01777923991181475,0.3120318656227341,0.3120318656227341,0,0,0,0,0,0,0,0,0,0,1,P,0.4439721908381099,0.4439721908381099,0,0,0,0,0,0.13982049535611313,0.03627746556510604,0.2329091863204439,0.02333348430688774,0.0116315592895591,0,0,0,0,0,-0.04170084949217409,-0.02232459419391141,-0.07285311041302986,-0.00120945173851608,0.00614768062225565,0,-0.1319403252153758,-0.1319403252153758,-0.1319403252153758,0,0,0,0,0,-2.151898734177217,-2.448979591836737,-1.8130023400142432,-0.09460405244428566,0.4560893711838198,-6.0523953472886625,-6.0523953472886625,NA,NA,NA,NA
Maximo Acosta,MIA,hitter,-16.24672083247873,63,57,13,1,7,6,2,0.224382,NA,NA,NA,NA,NA,NA,0.02406594496536426,0.01202365044850812,0.0337814234688165,0.01650107717202622,-0.00745692293778051,0.07891517311693456,0,0,0,0,0,0,0.07891517311693456,0,0,1,1,1,0,1,1,1,0,0,SS,0.3492615922902857,0.3492615922902857,0.0955761814338752,0.0504993318837341,0.13625174132422654,0.05775377010209177,0.00918056754635808,0,0,0,0,0,-0.07151023646851093,-0.03847568143522598,-0.10247031785541004,-0.04125269293006554,-0.01663749048413858,0,0,0,0,0,-0.2703464191733511,0,-0.2703464191733511,-0.2703464191733511,-1.1516692642113031,-1.0121524201853758,-0.5667803726056152,-2.637749120750294,-0.7057438017317073,0,0,0,0,0,-6.074094979484295,-6.074094979484295,NA,NA,NA,NA
Ryan Waldschmidt,ARI,hitter,10.777001897736806,154,133,32,3,19,16,4,0.23875,NA,NA,NA,NA,NA,NA,0.06532185062027442,0.03607095134552436,0.090083795916844,0.03300215434405244,-0.00325809599922307,0.2212206562274721,0,0,0,0,0,0,0.2212206562274721,0,0,0,0,0,1,0,0,1,0,0,OF,0.5185403056045699,0.5185403056045699,0.13133129966813067,0.10580812394687146,0.2071927306087412,0.07920517042572585,-0.00499701904489933,0,0,0,0,0,-0.06600944904785626,-0.0697371726013471,-0.1171089346918972,-0.04620301608167341,0.00173892304567626,0,0,0,0,0,-0.29731964937709776,0,-0.29731964937709776,-0.29731964937709776,-1.063079320810434,-1.1567456230690008,-1.0272894253476776,-2.9542790152403295,0.07376317734603251,0,0,0,0,0,-6.12763020712141,-6.12763020712141,NA,NA,NA,NA
Carmen Mlodzinski,PIT,pitcher,-1.3502631560570908,NA,NA,NA,NA,NA,NA,NA,NA,68,4,0,60,3.72819,1.29503,0,0,0,0,0,0,0.09811964586393904,0,0.1655752509387042,0.03773193870992578,0.01899506067904815,0.3204218961916172,0.3204218961916172,0,0,0,0,0,0,0,0,0,1,1,P,0.4439721908381099,0.4439721908381099,0,0,0,0,0,0.13982049535611313,0.03627746556510604,0.2329091863204439,0.02333348430688774,0.0116315592895591,0,0,0,0,0,-0.04170084949217409,-0.03627746556510604,-0.0673339353817397,0.01439845440303803,0.00736350138948904,0,-0.12355029464649275,-0.12355029464649275,-0.12355029464649275,0,0,0,0,0,-2.151898734177217,-3.9795918367346976,-1.675653677891952,1.1262558827960591,0.546289718806343,-6.134598647201464,-6.134598647201464,NA,NA,NA,NA
Aidan Miller,PHI,hitter,10.777001897736806,42,37,8,1,5,4,2,0.224338,NA,NA,NA,NA,NA,NA,0.0171899606895459,0.01202365044850812,0.022520948979211,0.01650107717202622,-0.004852506294337,0.06338313099495423,0,0,0,0,0,0,0.06338313099495423,0,0,0,0,1,0,0,1,1,0,0,SS,0.3492615922902857,0.3492615922902857,0.0955761814338752,0.0504993318837341,0.13625174132422654,0.05775377010209177,0.00918056754635808,0,0,0,0,0,-0.0783862207443293,-0.03847568143522598,-0.11373079234501554,-0.04125269293006554,-0.01403307384069508,0,0,0,0,0,-0.28587846129533145,0,-0.28587846129533145,-0.28587846129533145,-1.2624066934623903,-1.1233779608650871,-0.5667803726056152,-2.637749120750294,-0.5952673506714066,0,0,0,0,0,-6.185581498354793,-6.185581498354793,Melonheads,Bench,2,1
Rowdy Tellez,NA,hitter,NA,224,203,47,9,23,29,1,0.231595,NA,NA,NA,NA,NA,NA,0.07907381917191114,0.10821285403657308,0.16327688009927974,0.00825053858601311,-0.01572143239278298,0.3430926595009941,0,0,0,0,0,0,0.3430926595009941,0,0,0,0,0,0,0,0,0,0,0,Util,0.5185403056045699,0.5185403056045699,0.13133129966813067,0.10580812394687146,0.2071927306087412,0.07920517042572585,-0.00499701904489933,0,0,0,0,0,-0.05225748049621953,0.00240473008970161,-0.04391585050946145,-0.07095463183971273,-0.01072441334788365,0,0,0,0,0,-0.17544764610357577,0,-0.17544764610357577,-0.17544764610357577,-0.8416044623082601,-0.43377960865087534,0.03542377328785082,-4.536928487690505,-0.4549176604905235,0,0,0,0,0,-6.231806445852314,-6.231806445852314,NA,NA,NA,NA
Hunter Dobbins,STL,pitcher,-6.763087232558292,NA,NA,NA,NA,NA,NA,NA,NA,96,5,0,68,4.46421,1.36354,0,0,0,0,0,0,0.1226495573299238,0,0.18765195106386476,0.02173026802842742,0.0099822455742311,0.3420140219964471,0.3420140219964471,0,0,0,0,0,0,0,0,0,1,0,P,0.4439721908381099,0.4439721908381099,0,0,0,0,0,0.13982049535611313,0.03627746556510604,0.2329091863204439,0.02333348430688774,0.0116315592895591,0,0,0,0,0,-0.01717093802618932,-0.03627746556510604,-0.04525723525657915,-0.00160321627846031,-0.001649313715328,0,-0.10195816884166284,-0.10195816884166284,-0.10195816884166284,0,0,0,0,0,-0.886075949367089,-3.9795918367346976,-1.1262590294027877,-0.12540455485481516,-0.12236069202840189,-6.239692062387792,-6.239692062387792,NA,NA,NA,NA
Dylan Moore,PHI,hitter,-14.960063143685703,42,37,8,1,5,5,2,0.213543,NA,NA,NA,NA,NA,NA,0.0171899606895459,0.01202365044850812,0.02815118622401375,0.01650107717202622,-0.00780826199863223,0.06605761253546176,0,0,0,0,0,0,0.06605761253546176,0,0,1,0,1,1,0,1,1,0,0,SS,0.3492615922902857,0.3492615922902857,0.0955761814338752,0.0504993318837341,0.13625174132422654,0.05775377010209177,0.00918056754635808,0,0,0,0,0,-0.0783862207443293,-0.03847568143522598,-0.1081005551002128,-0.04125269293006554,-0.01698882954499031,0,0,0,0,0,-0.2832039797548239,0,-0.2832039797548239,-0.2832039797548239,-1.2624066934623903,-1.0677651905252317,-0.5667803726056152,-2.637749120750294,-0.7206472130808366,0,0,0,0,0,-6.255348590424367,-6.255348590424367,NA,NA,NA,NA
Hunter Barco,PIT,pitcher,-4.669390566617064,NA,NA,NA,NA,NA,NA,NA,NA,85,4,0,78,4.16378,1.37204,0,0,0,0,0,0,0.09811964586393904,0,0.21524782622031544,0.03063864878682374,0.00698914396612593,0.3509952648372042,0.3509952648372042,0,0,0,0,0,0,0,0,0,1,0,P,0.4439721908381099,0.4439721908381099,0,0,0,0,0,0.13982049535611313,0.03627746556510604,0.2329091863204439,0.02333348430688774,0.0116315592895591,0,0,0,0,0,-0.04170084949217409,-0.03627746556510604,-0.01766136010012847,0.007305164479936,-0.0046424153234331704,0,-0.09297692600090578,-0.09297692600090578,-0.09297692600090578,0,0,0,0,0,-2.151898734177217,-3.9795918367346976,-0.4395157187913324,0.5714144199105673,-0.3444154658870166,-6.344007335679696,-6.344007335679696,NA,NA,NA,NA
Tyler Kinley,ATL,pitcher,-1.8603841893635504,NA,NA,NA,NA,NA,NA,NA,NA,63,4,0,70,4.01785,1.29416,0,0,0,0,0,0,0.09811964586393904,0,0.1931711260951549,0.02681222902495977,0.01773865608238086,0.33584165706643454,0.33584165706643454,0,0,0,0,0,0,0,0,0,0,1,P,0.4439721908381099,0.4439721908381099,0,0,0,0,0,0.13982049535611313,0.03627746556510604,0.2329091863204439,0.02333348430688774,0.0116315592895591,0,0,0,0,0,-0.04170084949217409,-0.03627746556510604,-0.039738060225289,0.00347874471807203,0.00610709679282176,0,-0.10813053377167534,-0.10813053377167534,-0.10813053377167534,0,0,0,0,0,-2.151898734177217,-3.9795918367346976,-0.9889103672804962,0.27210953299596274,0.453078503446201,-6.395212901750248,-6.395212901750248,NA,NA,NA,NA
Aaron Bummer,ATL,pitcher,-1.141704070048834,NA,NA,NA,NA,NA,NA,NA,NA,60,4,0,62,3.57323,1.31564,0,0,0,0,0,0,0.09811964586393904,0,0.17109442596999433,0.03744289569186426,0.01359516061334815,0.3202521281391458,0.3202521281391458,0,0,0,0,0,0,0,0,0,0,1,P,0.4439721908381099,0.4439721908381099,0,0,0,0,0,0.13982049535611313,0.03627746556510604,0.2329091863204439,0.02333348430688774,0.0116315592895591,0,0,0,0,0,-0.04170084949217409,-0.03627746556510604,-0.06181476035044958,0.01410941138497651,0.00196360132378905,0,-0.12372006269896416,-0.12372006269896416,-0.12372006269896416,0,0,0,0,0,-2.151898734177217,-3.9795918367346976,-1.5383050157696614,1.103646761680655,0.1456773290695226,-6.420471495931398,-6.420471495931398,NA,NA,NA,NA
Bryce Johnson,SDP,hitter,-9.927835109529155,147,130,30,2,16,13,5,0.23044,NA,NA,NA,NA,NA,NA,0.05500787420654688,0.02404730089701624,0.07319308418243575,0.04125269293006554,-0.01117905421220688,0.18232189800385756,0,0,0,0,0,0,0.18232189800385756,0,0,0,0,0,1,0,0,1,0,0,OF,0.5185403056045699,0.5185403056045699,0.13133129966813067,0.10580812394687146,0.2071927306087412,0.07920517042572585,-0.00499701904489933,0,0,0,0,0,-0.0763234254615838,-0.08176082304985521,-0.13399964642630544,-0.03795247749566031,-0.00618203516730754,0,0,0,0,0,-0.3362184076007123,0,-0.3362184076007123,-0.3362184076007123,-1.2291854646870644,-1.3235839340885682,-1.2044082917869323,-2.426729191090271,-0.2622350411304012,0,0,0,0,0,-6.446141922783237,-6.446141922783237,NA,NA,NA,NA
Tobias Myers,NYM,pitcher,-3.4037127387266137,NA,NA,NA,NA,NA,NA,NA,NA,75,4,0,63,4.16536,1.28722,0,0,0,0,0,0,0.09811964586393904,0,0.17385401348563942,0.02698120907920083,0.02244971349160881,0.32140458192038807,0.32140458192038807,0,0,0,0,0,0,0,0,0,1,1,P,0.4439721908381099,0.4439721908381099,0,0,0,0,0,0.13982049535611313,0.03627746556510604,0.2329091863204439,0.02333348430688774,0.0116315592895591,0,0,0,0,0,-0.04170084949217409,-0.03627746556510604,-0.05905517283480449,0.00364772477231309,0.0108181542020497,0,-0.12256760891772184,-0.12256760891772184,-0.12256760891772184,0,0,0,0,0,-2.151898734177217,-3.9795918367346976,-1.4696306847085152,0.28532725587349833,0.8025864469146894,-6.513207552832243,-6.513207552832243,NA,NA,NA,NA
Ty France,SDP,hitter,-14.371550562112512,49,44,11,1,5,5,0,0.250209,NA,NA,NA,NA,NA,NA,0.0171899606895459,0.01202365044850812,0.02815118622401375,0,0.0026532909796877,0.06001808834175548,0,0,0,0,0,0,0.06001808834175548,0,1,0,0,0,0,1,0,1,0,0,1B,0.4466098192993388,0.4466098192993388,0.11345374055100294,0.1106175841262747,0.19705830356809623,0.04125269293006554,-0.01577250187610062,0,0,0,0,0,-0.09626377986145704,-0.0985939336777666,-0.16890711734408248,-0.04125269293006554,0.01842579285578832,0,0,0,0,0,-0.38659173095758337,0,-0.38659173095758337,-0.38659173095758337,-1.5503240095152162,-1.668383110195674,-1.4523747048018891,-2.6377491207502937,0.7816015950459767,0,0,0,0,0,-6.527229350217096,-6.527229350217096,NA,NA,NA,NA
Rafael Flores Jr.,PIT,hitter,-7.171554932230736,53,48,12,1,5,5,0,0.245477,NA,NA,NA,NA,NA,NA,0.0171899606895459,0.01202365044850812,0.02815118622401375,0,0.00121364468163433,0.05857844204370211,0,0,0,0,0,0,0.05857844204370211,0,1,0,0,0,0,1,0,1,0,0,1B,0.4466098192993388,0.4466098192993388,0.11345374055100294,0.1106175841262747,0.19705830356809623,0.04125269293006554,-0.01577250187610062,0,0,0,0,0,-0.09626377986145704,-0.0985939336777666,-0.16890711734408248,-0.04125269293006554,0.01698614655773495,0,0,0,0,0,-0.38803137725563674,0,-0.38803137725563674,-0.38803137725563674,-1.5503240095152162,-1.668383110195674,-1.4523747048018891,-2.6377491207502937,0.7205334037519957,0,0,0,0,0,-6.588297541511077,-6.588297541511077,NA,NA,NA,NA
Justin Turner,NA,hitter,NA,210,185,45,5,22,22,1,0.243835,NA,NA,NA,NA,NA,NA,0.07563582703400196,0.06011825224254059,0.1238652193856605,0.00825053858601311,0.00242962645635754,0.27029946370457364,0,0,0,0,0,0,0.27029946370457364,0,0,0,0,0,0,0,0,0,0,0,Util,0.5185403056045699,0.5185403056045699,0.13133129966813067,0.10580812394687146,0.2071927306087412,0.07920517042572585,-0.00499701904489933,0,0,0,0,0,-0.05569547263412872,-0.04568987170433087,-0.08332751122308069,-0.07095463183971273,0.00742664550125687,0,0,0,0,0,-0.24824084189999612,0,-0.24824084189999612,-0.24824084189999612,-0.8969731769338037,-0.8230690010298659,-0.6730516924691683,-4.536928487690505,0.3150300242195495,0,0,0,0,0,-6.614992333903794,-6.614992333903794,NA,NA,NA,NA
Yohandy Morales,WSN,hitter,10.777001897736806,56,51,12,1,6,6,0,0.236289,NA,NA,NA,NA,NA,NA,0.02062795282745508,0.01202365044850812,0.0337814234688165,0,-0.00217815309963853,0.06425487364514115,0,0,0,0,0,0,0.06425487364514115,0,1,0,1,0,0,1,0,1,0,0,1B,0.4466098192993388,0.4466098192993388,0.11345374055100294,0.1106175841262747,0.19705830356809623,0.04125269293006554,-0.01577250187610062,0,0,0,0,0,-0.09282578772354784,-0.0985939336777666,-0.16327688009927974,-0.04125269293006554,0.01359434877646209,0,0,0,0,0,-0.3823549456541976,0,-0.3823549456541976,-0.3823549456541976,-1.4949552948896727,-1.6127703398558184,-1.4523747048018891,-2.6377491207502937,0.5766571224616918,0,0,0,0,0,-6.621192337835983,-6.621192337835983,NA,NA,NA,NA
Colin Rea,CHC,pitcher,-4.473135505456973,NA,NA,NA,NA,NA,NA,NA,NA,82,4,0,65,4.37221,1.29284,0,0,0,0,0,0,0.09811964586393904,0,0.17937318851692954,0.02192855515843531,0.02336545935502278,0.32278684889432663,0.32278684889432663,0,0,0,0,0,0,0,0,0,1,0,P,0.4439721908381099,0.4439721908381099,0,0,0,0,0,0.13982049535611313,0.03627746556510604,0.2329091863204439,0.02333348430688774,0.0116315592895591,0,0,0,0,0,-0.04170084949217409,-0.03627746556510604,-0.05353599780351437,-0.00140492914845243,0.01173390006546368,0,-0.12118534194378323,-0.12118534194378323,-0.12118534194378323,0,0,0,0,0,-2.151898734177217,-3.9795918367346976,-1.3322820225862244,-0.10989441464094536,0.8705245817450277,-6.703142426394057,-6.703142426394057,Free At Last,P,2,1
Luis Matos,SFG,hitter,-8.572199488209474,133,123,31,4,16,17,2,0.249121,NA,NA,NA,NA,NA,NA,0.05500787420654688,0.04809460179403248,0.09571403316164674,0.01650107717202622,0.00642682834940652,0.22174441468365885,0,0,0,0,0,0,0.22174441468365885,0,0,0,0,0,1,0,0,1,0,0,OF,0.5185403056045699,0.5185403056045699,0.13133129966813067,0.10580812394687146,0.2071927306087412,0.07920517042572585,-0.00499701904489933,0,0,0,0,0,-0.0763234254615838,-0.05771352215283898,-0.11147869744709445,-0.06270409325369963,0.01142384739430585,0,0,0,0,0,-0.296795890920911,0,-0.296795890920911,-0.296795890920911,-1.2291854646870644,-1.101132852729145,-0.850170558908423,-4.009378663540447,0.4845868731312874,0,0,0,0,0,-6.705280666733793,-6.705280666733793,NA,NA,NA,NA
Tyler Austin,CHC,hitter,-7.630359464836857,168,150,37,7,21,23,0,0.245839,NA,NA,NA,NA,NA,NA,0.07219783489609279,0.08416555313955684,0.12949545663046325,0,0.00419447114555672,0.2900533158116696,0,0,0,0,0,0,0.2900533158116696,0,0,0,0,0,1,0,0,1,0,0,OF,0.5185403056045699,0.5185403056045699,0.13133129966813067,0.10580812394687146,0.2071927306087412,0.07920517042572585,-0.00499701904489933,0,0,0,0,0,-0.05913346477203789,-0.02164257080731461,-0.07769727397827794,-0.07920517042572585,0.00919149019045605,0,0,0,0,0,-0.22848698979290025,0,-0.22848698979290025,-0.22848698979290025,-0.952341891559347,-0.7674562306900101,-0.3188139595906586,-5.064478311840565,0.389892768790846,0,0,0,0,0,-6.713197624889736,-6.713197624889736,NA,NA,NA,NA
Jose Iglesias,NA,hitter,NA,168,155,39,2,16,16,2,0.252417,NA,NA,NA,NA,NA,NA,0.05500787420654688,0.02404730089701624,0.090083795916844,0.01650107717202622,0.01187946907576912,0.1975195172682025,0,0,0,0,0,0,0.1975195172682025,0,0,0,0,0,0,0,0,0,0,0,Util,0.5185403056045699,0.5185403056045699,0.13133129966813067,0.10580812394687146,0.2071927306087412,0.07920517042572585,-0.00499701904489933,0,0,0,0,0,-0.0763234254615838,-0.08176082304985521,-0.1171089346918972,-0.06270409325369963,0.01687648812066845,0,0,0,0,0,-0.3210207883363674,0,-0.3210207883363674,-0.3210207883363674,-1.2291854646870644,-1.1567456230690008,-1.2044082917869323,-4.009378663540447,0.7158818150799511,0,0,0,0,0,-6.883836228003494,-6.883836228003494,NA,NA,NA,NA
Taijuan Walker,PHI,pitcher,-12.38137701506347,NA,NA,NA,NA,NA,NA,NA,NA,120,6,0,84,4.96318,1.43165,0,0,0,0,0,0,0.14717946879590854,0,0.2318053513141859,4.368439593501452e-4,-0.00844222113605632,0.37097944293338825,0.37097944293338825,0,0,0,0,0,0,0,0,0,1,1,P,0.4439721908381099,0.4439721908381099,0,0,0,0,0,0.13982049535611313,0.03627746556510604,0.2329091863204439,0.02333348430688774,0.0116315592895591,0,0,0,0,0,0.00735897343979541,-0.03627746556510604,-0.00110383500625801,-0.02289664034753759,-0.02007378042561542,0,-0.07299274790472166,-0.07299274790472166,-0.07299274790472166,0,0,0,0,0,0.3797468354430376,-3.9795918367346976,-0.02746973242445801,-1.7909891691040625,-1.4892507360347842,-6.907554638854965,-6.907554638854965,NA,NA,NA,NA
Alex Call,LAD,hitter,-9.265013143918862,140,119,28,4,17,16,2,0.239891,NA,NA,NA,NA,NA,NA,0.05844586634445606,0.04809460179403248,0.090083795916844,0.01650107717202622,-0.00191034513084703,0.21121499609651173,0,0,0,0,0,0,0.21121499609651173,0,0,0,0,0,1,0,0,1,0,0,OF,0.5185403056045699,0.5185403056045699,0.13133129966813067,0.10580812394687146,0.2071927306087412,0.07920517042572585,-0.00499701904489933,0,0,0,0,0,-0.07288543332367461,-0.05771352215283898,-0.1171089346918972,-0.06270409325369963,0.0030866739140523,0,0,0,0,0,-0.3073253095080581,0,-0.3073253095080581,-0.3073253095080581,-1.1738167500615209,-1.1567456230690008,-0.850170558908423,-4.009378663540447,0.13093326694227989,0,0,0,0,0,-7.059178328637112,-7.059178328637112,Free At Last,OF,2,1
Matt Mervis,WSN,hitter,-15.36468218689507,28,25,5,1,3,3,0,0.215563,NA,NA,NA,NA,NA,NA,0.01031397641372754,0.01202365044850812,0.01689071173440825,0,-0.0049021419921985,0.03432619660444541,0,0,0,0,0,0,0.03432619660444541,0,1,0,0,0,0,1,0,1,0,0,1B,0.4466098192993388,0.4466098192993388,0.11345374055100294,0.1106175841262747,0.19705830356809623,0.04125269293006554,-0.01577250187610062,0,0,0,0,0,-0.1031397641372754,-0.0985939336777666,-0.18016759183368797,-0.04125269293006554,0.01087035988390212,0,0,0,0,0,-0.4122836226948934,0,-0.4122836226948934,-0.4122836226948934,-1.661061438766303,-1.7796086508753857,-1.4523747048018891,-2.6377491207502937,0.4611085498723954,0,0,0,0,0,-7.069685365321476,-7.069685365321476,NA,NA,NA,NA
Jake Irvin,WSN,pitcher,-8.723754731199406,NA,NA,NA,NA,NA,NA,NA,NA,98,5,0,74,4.82772,1.36757,0,0,0,0,0,0,0.1226495573299238,0,0.2042094761577352,0.00628212331727576,0.00917932517167392,0.3423204819766087,0.3423204819766087,0,0,0,0,0,0,0,0,0,1,0,P,0.4439721908381099,0.4439721908381099,0,0,0,0,0,0.13982049535611313,0.03627746556510604,0.2329091863204439,0.02333348430688774,0.0116315592895591,0,0,0,0,0,-0.01717093802618932,-0.03627746556510604,-0.02869971016270872,-0.01705136098961197,-0.00245223411788518,0,-0.10165170886150124,-0.10165170886150124,-0.10165170886150124,0,0,0,0,0,-0.886075949367089,-3.9795918367346976,-0.7142130430359139,-1.333767853595292,-0.1819284353798122,-7.0955771181128044,-7.0955771181128044,National Pastime,P,2,1
Enmanuel Valdez,PIT,hitter,-15.546881863632455,14,12,3,0,2,2,0,0.239134,NA,NA,NA,NA,NA,NA,0.00687598427581836,0,0.0112604744896055,0,-2.5986337157941057e-4,0.01787659539384445,0,0,0,0,0,0,0.01787659539384445,0,1,0,0,0,0,1,0,1,0,0,1B,0.4466098192993388,0.4466098192993388,0.11345374055100294,0.1106175841262747,0.19705830356809623,0.04125269293006554,-0.01577250187610062,0,0,0,0,0,-0.10657775627518458,-0.1106175841262747,-0.1857978290784907,-0.04125269293006554,0.01551263850452121,0,0,0,0,0,-0.42873322390549434,0,-0.42873322390549434,-0.42873322390549434,-1.7164301533918465,-1.8352214212152416,-1.6294935712411438,-2.6377491207502937,0.6580288345473574,0,0,0,0,0,-7.160865432051168,-7.160865432051168,NA,NA,NA,NA
Mason McCoy,SDP,hitter,-18.01892578324182,28,25,5,0,3,2,1,0.203148,NA,NA,NA,NA,NA,NA,0.01031397641372754,0,0.0112604744896055,0.00825053858601311,-0.00719898281370152,0.02262600667564462,0,0,0,0,0,0,0.02262600667564462,0,0,0,0,1,0,0,1,1,0,0,SS,0.3492615922902857,0.3492615922902857,0.0955761814338752,0.0504993318837341,0.13625174132422654,0.05775377010209177,0.00918056754635808,0,0,0,0,0,-0.085262205020147655,-0.0504993318837341,-0.12499126683462104,-0.04950323151607866,-0.0163795503600596,0,0,0,0,0,-0.32663558561464107,0,-0.32663558561464107,-0.32663558561464107,-1.373144122713477,-1.234603501544799,-0.74389923904487,-3.1652989449003535,-0.6948022691754482,0,0,0,0,0,-7.211748077378948,-7.211748077378948,NA,NA,NA,NA
Jonathon Long,CHC,hitter,10.777001897736806,7,6,2,0,1,1,0,0.245933,NA,NA,NA,NA,NA,NA,0.00343799213790918,0,0.00563023724480275,0,1.7195256543025235e-4,0.00924018194814218,0,0,0,0,0,0,0.00924018194814218,0,1,0,0,0,0,1,0,1,0,0,1B,0.4466098192993388,0.4466098192993388,0.11345374055100294,0.1106175841262747,0.19705830356809623,0.04125269293006554,-0.01577250187610062,0,0,0,0,0,-0.11001574841309376,-0.1106175841262747,-0.19142806632329348,-0.04125269293006554,0.01594445444153087,0,0,0,0,0,-0.4373696373511966,0,-0.4373696373511966,-0.4373696373511966,-1.7717988680173895,-1.8908341915550977,-1.6294935712411438,-2.6377491207502937,0.6763459852813622,0,0,0,0,0,-7.253529766282561,-7.253529766282561,NA,NA,NA,NA
Dominic Smith,ATL,hitter,-15.6598962582889,7,6,2,0,1,1,0,0.243629,NA,NA,NA,NA,NA,NA,0.00343799213790918,0,0.00563023724480275,0,6.96520337622449e-5,0.00913788141647417,0,0,0,0,0,0,0.00913788141647417,0,1,0,0,0,0,1,0,1,0,0,1B,0.4466098192993388,0.4466098192993388,0.11345374055100294,0.1106175841262747,0.19705830356809623,0.04125269293006554,-0.01577250187610062,0,0,0,0,0,-0.11001574841309376,-0.1106175841262747,-0.19142806632329348,-0.04125269293006554,0.01584215390986286,0,0,0,0,0,-0.4374719378828646,0,-0.4374719378828646,-0.4374719378828646,-1.7717988680173895,-1.8908341915550977,-1.6294935712411438,-2.6377491207502937,0.6720065107549977,0,0,0,0,0,-7.257869240808926,-7.257869240808926,NA,NA,NA,NA
Christian Encarnacion-Strand,CIN,hitter,-15.6598962582889,7,6,2,0,1,1,0,0.242425,NA,NA,NA,NA,NA,NA,0.00343799213790918,0,0.00563023724480275,0,1.6192901762122504e-5,0.00908442228447405,0,0,0,0,0,0,0.00908442228447405,0,1,0,1,0,0,1,0,1,0,0,1B,0.4466098192993388,0.4466098192993388,0.11345374055100294,0.1106175841262747,0.19705830356809623,0.04125269293006554,-0.01577250187610062,0,0,0,0,0,-0.11001574841309376,-0.1106175841262747,-0.19142806632329348,-0.04125269293006554,0.01578869477786274,0,0,0,0,0,-0.4375253970148647,0,-0.4375253970148647,-0.4375253970148647,-1.7717988680173895,-1.8908341915550977,-1.6294935712411438,-2.6377491207502937,0.6697388339625744,0,0,0,0,0,-7.26013691760135,-7.26013691760135,NA,NA,NA,NA
Jose Urquidy,PIT,pitcher,-7.956792718100008,NA,NA,NA,NA,NA,NA,NA,NA,95,5,0,69,4.87659,1.34828,0,0,0,0,0,0,0.1226495573299238,0,0.19041153857950985,0.00401755419129997,0.01358889918720623,0.33066754928793984,0.33066754928793984,0,0,0,0,0,0,0,0,0,1,0,P,0.4439721908381099,0.4439721908381099,0,0,0,0,0,0.13982049535611313,0.03627746556510604,0.2329091863204439,0.02333348430688774,0.0116315592895591,0,0,0,0,0,-0.01717093802618932,-0.03627746556510604,-0.04249764774093406,-0.01931593011558777,0.00195733989764712,0,-0.11330464155017007,-0.11330464155017007,-0.11330464155017007,0,0,0,0,0,-0.886075949367089,-3.9795918367346976,-1.0575846983416417,-1.510903831439582,0.1452128010487526,-7.288943514834258,-7.288943514834258,NA,NA,NA,NA
Billy Cook,PIT,hitter,-15.195376124919576,7,6,1,0,1,1,0,0.224994,NA,NA,NA,NA,NA,NA,0.00343799213790918,0,0.00563023724480275,0,-7.577656778841611e-4,0.00831046370482777,0,0,0,0,0,0,0.00831046370482777,0,1,0,0,0,1,1,0,1,0,0,1B,0.4466098192993388,0.4466098192993388,0.11345374055100294,0.1106175841262747,0.19705830356809623,0.04125269293006554,-0.01577250187610062,0,0,0,0,0,-0.11001574841309376,-0.1106175841262747,-0.19142806632329348,-0.04125269293006554,0.01501473619821646,0,0,0,0,0,-0.438299355594511,0,-0.438299355594511,-0.438299355594511,-1.7717988680173895,-1.8908341915550977,-1.6294935712411438,-2.6377491207502937,0.6369083736895436,0,0,0,0,0,-7.292967377874381,-7.292967377874381,NA,NA,NA,NA
Tyler Black,MIL,hitter,-15.195376124919576,7,6,1,0,1,1,0,0.221479,NA,NA,NA,NA,NA,NA,0.00343799213790918,0,0.00563023724480275,0,-9.138361504592676e-4,0.00815439323225266,0,0,0,0,0,0,0.00815439323225266,0,1,0,0,0,1,1,0,1,0,0,1B,0.4466098192993388,0.4466098192993388,0.11345374055100294,0.1106175841262747,0.19705830356809623,0.04125269293006554,-0.01577250187610062,0,0,0,0,0,-0.11001574841309376,-0.1106175841262747,-0.19142806632329348,-0.04125269293006554,0.01485866572564135,0,0,0,0,0,-0.4384554260670861,0,-0.4384554260670861,-0.4384554260670861,-1.7717988680173895,-1.8908341915550977,-1.6294935712411438,-2.6377491207502937,0.6302880382033578,0,0,0,0,0,-7.299587713360566,-7.299587713360566,NA,NA,NA,NA
Andrew Nardi,MIA,pitcher,-1.2281281575803882,NA,NA,NA,NA,NA,NA,NA,NA,56,3,0,67,3.70893,1.26325,0,0,0,0,0,0,0.07358973439795427,0,0.1848923635482197,0.03155477942747471,0.02019823947318076,0.3102351168468294,0.3102351168468294,0,0,0,0,0,0,0,0,0,0,1,P,0.4439721908381099,0.4439721908381099,0,0,0,0,0,0.13982049535611313,0.03627746556510604,0.2329091863204439,0.02333348430688774,0.0116315592895591,0,0,0,0,0,-0.06623076095815886,-0.03627746556510604,-0.04801682277222421,0.00822129512058697,0.00856668018362166,0,-0.13373707399128046,-0.13373707399128046,-0.13373707399128046,0,0,0,0,0,-3.417721518987345,-3.9795918367346976,-1.194933360463933,0.6430747172286723,0.635552172950603,-7.3136198260067005,-7.3136198260067005,NA,NA,NA,NA
Ryan Clifford,NYM,hitter,10.777001897736806,7,6,1,0,1,1,0,0.209632,NA,NA,NA,NA,NA,NA,0.00343799213790918,0,0.00563023724480275,0,-0.00143985802488239,0.00762837135782953,0,0,0,0,0,0,0.00762837135782953,0,1,0,0,0,1,1,0,1,0,0,1B,0.4466098192993388,0.4466098192993388,0.11345374055100294,0.1106175841262747,0.19705830356809623,0.04125269293006554,-0.01577250187610062,0,0,0,0,0,-0.11001574841309376,-0.1106175841262747,-0.19142806632329348,-0.04125269293006554,0.01433264385121823,0,0,0,0,0,-0.4389814479415092,0,-0.4389814479415092,-0.4389814479415092,-1.7717988680173895,-1.8908341915550977,-1.6294935712411438,-2.6377491207502937,0.6079747766088083,0,0,0,0,0,-7.321900974955116,-7.321900974955116,NA,NA,NA,NA
Tanner Banks,PHI,pitcher,-1.8566531166960352,NA,NA,NA,NA,NA,NA,NA,NA,62,3,0,58,3.85372,1.22623,0,0,0,0,0,0,0.07358973439795427,0,0.16005607590741405,0.03092874965038594,0.02823720629299846,0.29281176624875277,0.29281176624875277,0,0,0,0,0,0,0,0,0,0,1,P,0.4439721908381099,0.4439721908381099,0,0,0,0,0,0.13982049535611313,0.03627746556510604,0.2329091863204439,0.02333348430688774,0.0116315592895591,0,0,0,0,0,-0.06623076095815886,-0.03627746556510604,-0.07285311041302986,0.0075952653434982,0.01660564700343936,0,-0.1511604245893572,-0.1511604245893572,-0.1511604245893572,0,0,0,0,0,-3.417721518987345,-3.9795918367346976,-1.8130023400142432,0.5941062863460514,1.2319538969674522,-7.384255512422783,-7.384255512422783,NA,NA,NA,NA
Angel Zerpa,MIL,pitcher,-1.2294416194950588,NA,NA,NA,NA,NA,NA,NA,NA,60,3,0,57,3.60985,1.25306,0,0,0,0,0,0,0.07358973439795427,0,0.157296488391769,0.03646216960291117,0.02320590322631708,0.2905542956189515,0.2905542956189515,0,0,0,0,0,0,0,0,0,0,1,P,0.4439721908381099,0.4439721908381099,0,0,0,0,0,0.13982049535611313,0.03627746556510604,0.2329091863204439,0.02333348430688774,0.0116315592895591,0,0,0,0,0,-0.06623076095815886,-0.03627746556510604,-0.07561269792867492,0.01312868529602342,0.01157434393675798,0,-0.1534178952191584,-0.1534178952191584,-0.1534178952191584,0,0,0,0,0,-3.417721518987345,-3.9795918367346976,-1.881676671075389,1.0269337690095852,0.8586872956396856,-7.393368962148162,-7.393368962148162,NA,NA,NA,NA
Adael Amador,COL,hitter,-14.00585191169196,70,62,15,1,8,7,2,0.250422,NA,NA,NA,NA,NA,NA,0.02750393710327344,0.01202365044850812,0.03941166071361925,0.01650107717202622,0.00383645539925903,0.09927678083668606,0,0,0,0,0,0,0.09927678083668606,0,0,1,0,0,0,0,1,1,0,0,2B,0.4277408742732015,0.4277408742732015,0.1107033468406756,0.07214190269104871,0.16327688009927974,0.07920517042572585,0.00241357421647157,0,0,0,0,0,-0.08319940973740217,-0.06011825224254059,-0.12386521938566047,-0.06270409325369963,0.00142288118278745,0,0,0,0,0,-0.32846409343651545,0,-0.32846409343651545,-0.32846409343651545,-1.3399228939381511,-1.2234809474768278,-0.8855943321962738,-4.009378663540447,0.06035703379126063,0,0,0,0,0,-7.39801980336044,-7.39801980336044,NA,NA,NA,NA
Pierce Johnson,CIN,pitcher,-4.444595572238144,NA,NA,NA,NA,NA,NA,NA,NA,61,3,1,67,4.24741,1.33916,0,0,0,0,0,0,0.07358973439795427,0.01395287137119463,0.1848923635482197,0.01971069928123318,0.0101494539204496,0.3022951225190514,0.3022951225190514,0,0,0,0,0,0,0,0,0,0,1,P,0.4439721908381099,0.4439721908381099,0,0,0,0,0,0.13982049535611313,0.03627746556510604,0.2329091863204439,0.02333348430688774,0.0116315592895591,0,0,0,0,0,-0.06623076095815886,-0.02232459419391141,-0.04801682277222421,-0.00362278502565455,-0.0014821053691095,0,-0.14167706831905855,-0.14167706831905855,-0.14167706831905855,0,0,0,0,0,-3.417721518987345,-2.448979591836737,-1.194933360463933,-0.28337645368297376,-0.10995569668635352,-7.454966621657341,-7.454966621657341,NA,NA,NA,NA
Hurston Waldrep,ATL,pitcher,-5.0019019556327615,NA,NA,NA,NA,NA,NA,NA,NA,70,5,0,62,4.29368,1.41014,0,0,0,0,0,0,0.1226495573299238,0,0.17109442596999433,0.02117314357431565,-0.001070656706604,0.3138464701676298,0.3138464701676298,0,0,0,0,0,0,0,0,0,1,0,P,0.4439721908381099,0.4439721908381099,0,0,0,0,0,0.13982049535611313,0.03627746556510604,0.2329091863204439,0.02333348430688774,0.0116315592895591,0,0,0,0,0,-0.01717093802618932,-0.03627746556510604,-0.06181476035044958,-0.00216034073257209,-0.0127022159961631,0,-0.13012572067048014,-0.13012572067048014,-0.13012572067048014,0,0,0,0,0,-0.886075949367089,-3.9795918367346976,-1.5383050157696614,-0.16898316935947563,-0.9423628295455344,-7.515318800776458,-7.515318800776458,Free Birds,P,2,1
Alex Freeland,LAD,hitter,-13.696472718041424,84,73,16,2,10,9,2,0.226174,NA,NA,NA,NA,NA,NA,0.0343799213790918,0.02404730089701624,0.05067213520322475,0.01650107717202622,-0.00858202814647068,0.11701840650488832,0,0,0,0,0,0,0.11701840650488832,0,0,1,1,0,0,1,1,1,0,0,2B,0.4277408742732015,0.4277408742732015,0.1107033468406756,0.07214190269104871,0.16327688009927974,0.07920517042572585,0.00241357421647157,0,0,0,0,0,-0.0763234254615838,-0.04809460179403247,-0.112604744896055,-0.06270409325369963,-0.01099560236294225,0,0,0,0,0,-0.3107224677683131,0,-0.3107224677683131,-0.3107224677683131,-1.2291854646870644,-1.1122554067971162,-0.7084754657570189,-4.009378663540447,-0.46642119623455863,0,0,0,0,0,-7.525716197016205,-7.525716197016205,NA,NA,NA,NA
Seth Halvorsen,COL,pitcher,-8.076844159987429,NA,NA,NA,NA,NA,NA,NA,NA,60,3,3,55,4.63809,1.46744,0,0,0,0,0,0,0.07358973439795427,0.04185861411358389,0.15177731336047884,0.00892470937065719,-0.0097175707488872,0.26643280049378704,0.26643280049378704,0,0,0,0,0,0,0,0,0,0,1,P,0.4439721908381099,0.4439721908381099,0,0,0,0,0,0.13982049535611313,0.03627746556510604,0.2329091863204439,0.02333348430688774,0.0116315592895591,0,0,0,0,0,-0.06623076095815886,0.00558114854847784,-0.08113187295996507,-0.01440877493623054,-0.0213491300384463,0,-0.17753939034432292,-0.17753939034432292,-0.17753939034432292,0,0,0,0,0,-3.417721518987345,0.6122448979591837,-2.01902533319768,-1.1270631611952744,-1.583867460405567,-7.535432575826683,-7.535432575826683,NA,NA,NA,NA
Cesar Prieto,STL,hitter,-16.700003751303484,14,13,3,0,1,1,0,0.256336,NA,NA,NA,NA,NA,NA,0.00343799213790918,0,0.00563023724480275,0,0.00137336117202087,0.0104415905547328,0,0,0,0,0,0,0.0104415905547328,0,0,1,1,1,0,1,1,1,0,0,SS,0.3492615922902857,0.3492615922902857,0.0955761814338752,0.0504993318837341,0.13625174132422654,0.05775377010209177,0.00918056754635808,0,0,0,0,0,-0.092138189295966,-0.0504993318837341,-0.1306215040794238,-0.05775377010209177,-0.0078072063743372,0,0,0,0,0,-0.3388200017355529,0,-0.3388200017355529,-0.3388200017355529,-1.4838815519645638,-1.2902162718846548,-0.74389923904487,-3.692848769050413,-0.33117299227197944,0,0,0,0,0,-7.54201882421648,-7.54201882421648,NA,NA,NA,NA
Edwin Arroyo,CIN,hitter,10.777001897736806,14,13,3,0,1,1,0,0.2516,NA,NA,NA,NA,NA,NA,0.00343799213790918,0,0.00563023724480275,0,9.1774491524021e-4,0.00998597429795214,0,0,0,0,0,0,0.00998597429795214,0,0,0,0,1,0,0,1,1,0,0,SS,0.3492615922902857,0.3492615922902857,0.0955761814338752,0.0504993318837341,0.13625174132422654,0.05775377010209177,0.00918056754635808,0,0,0,0,0,-0.092138189295966,-0.0504993318837341,-0.1306215040794238,-0.05775377010209177,-0.00826282263111787,0,0,0,0,0,-0.3392756179923336,0,-0.3392756179923336,-0.3392756179923336,-1.4838815519645638,-1.2902162718846548,-0.74389923904487,-3.692848769050413,-0.35049972604217766,0,0,0,0,0,-7.561345557986678,-7.561345557986678,NA,NA,NA,NA
Patrick Corbin,NA,pitcher,NA,NA,NA,NA,NA,NA,NA,NA,NA,105,5,0,84,4.86441,1.42399,0,0,0,0,0,0,0.1226495573299238,0,0.2318053513141859,0.00501129506356632,-0.00532826652494016,0.35413793718273584,0.35413793718273584,0,0,0,0,0,0,0,0,0,0,0,P,0.4439721908381099,0.4439721908381099,0,0,0,0,0,0.13982049535611313,0.03627746556510604,0.2329091863204439,0.02333348430688774,0.0116315592895591,0,0,0,0,0,-0.01717093802618932,-0.03627746556510604,-0.00110383500625801,-0.01832218924332141,-0.01695982581449926,0,-0.08983425365537406,-0.08983425365537406,-0.08983425365537406,0,0,0,0,0,-0.886075949367089,-3.9795918367346976,-0.02746973242445801,-1.4331728144820457,-1.2582300165560578,-7.584540349564348,-7.584540349564348,NA,NA,NA,NA
Ildemaro Vargas,ARI,hitter,-15.101300757451597,98,90,23,1,9,10,1,0.251121,NA,NA,NA,NA,NA,NA,0.03094192924118262,0.01202365044850812,0.0563023724480275,0.00825053858601311,0.00603459550159453,0.1135530862253259,0,0,0,0,0,0,0.1135530862253259,0,1,1,0,0,0,1,1,1,0,0,2B,0.4277408742732015,0.4277408742732015,0.1107033468406756,0.07214190269104871,0.16327688009927974,0.07920517042572585,0.00241357421647157,0,0,0,0,0,-0.07976141759949298,-0.06011825224254059,-0.10697450765125224,-0.07095463183971273,0.00362102128512296,0,0,0,0,0,-0.3141877880478756,0,-0.3141877880478756,-0.3141877880478756,-1.2845541793126078,-1.0566426364572603,-0.8855943321962738,-4.536928487690505,0.15359968682478994,0,0,0,0,0,-7.610119948831858,-7.610119948831858,NA,NA,NA,NA
Alex Verdugo,NA,hitter,NA,126,114,29,3,15,12,1,0.252826,NA,NA,NA,NA,NA,NA,0.0515698820686377,0.03607095134552436,0.067562846937633,0.00825053858601311,0.00908220018890565,0.1725364191267138,0,0,0,0,0,0,0.1725364191267138,0,0,0,0,0,0,0,0,0,0,0,Util,0.5185403056045699,0.5185403056045699,0.13133129966813067,0.10580812394687146,0.2071927306087412,0.07920517042572585,-0.00499701904489933,0,0,0,0,0,-0.07976141759949298,-0.0697371726013471,-0.13962988367110818,-0.07095463183971273,0.01407921923380498,0,0,0,0,0,-0.34600388647785607,0,-0.34600388647785607,-0.34600388647785607,-1.2845541793126078,-1.379196704428424,-1.0272894253476776,-4.536928487690505,0.5972247868122016,0,0,0,0,0,-7.630744009967014,-7.630744009967014,NA,NA,NA,NA
Jared Serna,MIA,hitter,10.777001897736806,21,19,4,0,2,2,0,0.217501,NA,NA,NA,NA,NA,NA,0.00687598427581836,0,0.0112604744896055,0,-0.00345313730519648,0.01468332146022737,0,0,0,0,0,0,0.01468332146022737,0,0,1,0,1,0,0,1,1,0,0,SS,0.3492615922902857,0.3492615922902857,0.0955761814338752,0.0504993318837341,0.13625174132422654,0.05775377010209177,0.00918056754635808,0,0,0,0,0,-0.08870019715805684,-0.0504993318837341,-0.12499126683462104,-0.05775377010209177,-0.01263370485155455,0,0,0,0,0,-0.3345782708300583,0,-0.3345782708300583,-0.3345782708300583,-1.4285128373390206,-1.234603501544799,-0.74389923904487,-3.692848769050413,-0.5359076779273101,0,0,0,0,0,-7.635772024906411,-7.635772024906411,NA,NA,NA,NA
Sergio Alcantara,WSN,hitter,-18.467249902979624,7,6,1,0,1,1,0,0.218795,NA,NA,NA,NA,NA,NA,0.00343799213790918,0,0.00563023724480275,0,-0.0010330091656489,0.00803522021706302,0,0,0,0,0,0,0.00803522021706302,0,0,0,0,1,0,0,1,1,0,0,SS,0.3492615922902857,0.3492615922902857,0.0955761814338752,0.0504993318837341,0.13625174132422654,0.05775377010209177,0.00918056754635808,0,0,0,0,0,-0.092138189295966,-0.0504993318837341,-0.1306215040794238,-0.05775377010209177,-0.01021357671200698,0,0,0,0,0,-0.34122637207322265,0,-0.34122637207322265,-0.34122637207322265,-1.4838815519645638,-1.2902162718846548,-0.74389923904487,-3.692848769050413,-0.433248539789229,0,0,0,0,0,-7.64409437173373,-7.64409437173373,NA,NA,NA,NA
Davis Wendzel,PIT,hitter,-17.698652452773707,7,6,1,0,1,1,0,0.208053,NA,NA,NA,NA,NA,NA,0.00343799213790918,0,0.00563023724480275,0,-0.00150996763404202,0.0075582617486699,0,0,0,0,0,0,0.0075582617486699,0,0,0,0,1,0,0,1,1,0,0,SS,0.3492615922902857,0.3492615922902857,0.0955761814338752,0.0504993318837341,0.13625174132422654,0.05775377010209177,0.00918056754635808,0,0,0,0,0,-0.092138189295966,-0.0504993318837341,-0.1306215040794238,-0.05775377010209177,-0.01069053518040009,0,0,0,0,0,-0.3417033305416158,0,-0.3417033305416158,-0.3417033305416158,-1.4838815519645638,-1.2902162718846548,-0.74389923904487,-3.692848769050413,-0.45348058638741046,0,0,0,0,0,-7.664326418331911,-7.664326418331911,NA,NA,NA,NA
Rhett Lowder,CIN,pitcher,-6.622540341793562,NA,NA,NA,NA,NA,NA,NA,NA,89,4,0,69,4.59265,1.345,0,0,0,0,0,0,0.09811964586393904,0,0.19041153857950985,0.01504344051818637,0.01347784797537117,0.31705247293700634,0.31705247293700634,0,0,0,0,0,0,0,0,0,1,0,P,0.4439721908381099,0.4439721908381099,0,0,0,0,0,0.13982049535611313,0.03627746556510604,0.2329091863204439,0.02333348430688774,0.0116315592895591,0,0,0,0,0,-0.04170084949217409,-0.03627746556510604,-0.04249764774093406,-0.00829004378870136,0.00184628868581207,0,-0.12691971790110348,-0.12691971790110348,-0.12691971790110348,0,0,0,0,0,-2.151898734177217,-3.9795918367346976,-1.0575846983416417,-0.6484522799677599,0.13697403906887773,-7.700553510152439,-7.700553510152439,NA,NA,NA,NA
Brandon Sproat,MIL,pitcher,-3.822973683821635,NA,NA,NA,NA,NA,NA,NA,NA,69,4,0,59,4.19641,1.32834,0,0,0,0,0,0,0.09811964586393904,0,0.16281566342305914,0.02386642407265467,0.01339146736974134,0.29819320072939415,0.29819320072939415,0,0,0,0,0,0,0,0,0,1,0,P,0.4439721908381099,0.4439721908381099,0,0,0,0,0,0.13982049535611313,0.03627746556510604,0.2329091863204439,0.02333348430688774,0.0116315592895591,0,0,0,0,0,-0.04170084949217409,-0.03627746556510604,-0.07009352289738477,5.329397657669321e-4,0.00175990808018224,0,-0.1457789901087157,-0.1457789901087157,-0.1457789901087157,0,0,0,0,0,-2.151898734177217,-3.9795918367346976,-1.7443280089530977,0.0416868734358262,0.13056556105498063,-7.703566145374205,-7.703566145374205,Free Birds,P,2,1
Max Kepler,NA,hitter,NA,126,112,27,4,15,15,1,0.237045,NA,NA,NA,NA,NA,NA,0.0515698820686377,0.04809460179403248,0.08445355867204125,0.00825053858601311,-0.0041568042858769,0.18821177683484763,0,0,0,0,0,0,0.18821177683484763,0,0,0,0,0,1,0,0,1,0,0,OF,0.5185403056045699,0.5185403056045699,0.13133129966813067,0.10580812394687146,0.2071927306087412,0.07920517042572585,-0.00499701904489933,0,0,0,0,0,-0.07976141759949298,-0.05771352215283898,-0.12273917193669992,-0.07095463183971273,8.402147590224297e-4,0,0,0,0,0,-0.33032852876972224,0,-0.33032852876972224,-0.33032852876972224,-1.2845541793126078,-1.2123583934088566,-0.850170558908423,-4.536928487690505,0.03564097355120329,0,0,0,0,0,-7.84837064576919,-7.84837064576919,National Pastime,OF,2,5
Chas McCormick,CHC,hitter,-11.55955317492133,84,74,17,2,10,9,3,0.228126,NA,NA,NA,NA,NA,NA,0.0343799213790918,0.02404730089701624,0.05067213520322475,0.02475161575803933,-0.00763064434265822,0.12622032889471388,0,0,0,0,0,0,0.12622032889471388,0,0,0,0,0,1,0,0,1,0,0,OF,0.5185403056045699,0.5185403056045699,0.13133129966813067,0.10580812394687146,0.2071927306087412,0.07920517042572585,-0.00499701904489933,0,0,0,0,0,-0.09695137828903888,-0.08176082304985521,-0.15652059540551644,-0.05445355466768652,-0.00263362529775889,0,0,0,0,0,-0.392319976709856,0,-0.392319976709856,-0.392319976709856,-1.561397752440325,-1.5460350154479916,-1.2044082917869323,-3.4818288393903885,-0.11171544961958796,0,0,0,0,0,-7.9053853486852255,-7.9053853486852255,NA,NA,NA,NA
Justin Lawrence,PIT,pitcher,-4.027671278542015,NA,NA,NA,NA,NA,NA,NA,NA,58,3,1,59,3.95241,1.37522,0,0,0,0,0,0,0.07358973439795427,0.01395287137119463,0.16281566342305914,0.02637841483067367,0.00429697245274125,0.28103365647562295,0.28103365647562295,0,0,0,0,0,0,0,0,0,0,1,P,0.4439721908381099,0.4439721908381099,0,0,0,0,0,0.13982049535611313,0.03627746556510604,0.2329091863204439,0.02333348430688774,0.0116315592895591,0,0,0,0,0,-0.06623076095815886,-0.02232459419391141,-0.07009352289738477,0.00304493052378593,-0.00733458683681785,0,-0.16293853436248695,-0.16293853436248695,-0.16293853436248695,0,0,0,0,0,-3.417721518987345,-2.448979591836737,-1.7443280089530977,0.23817632220272225,-0.5441445813217888,-7.916997378896245,-7.916997378896245,Free At Last,P,Opt,4
Will Wagner,SDP,hitter,-16.403029017576312,35,31,8,1,4,3,0,0.252991,NA,NA,NA,NA,NA,NA,0.01375196855163672,0.01202365044850812,0.01689071173440825,0,0.00250757318874327,0.04517390392329636,0,0,0,0,0,0,0.04517390392329636,0,0,0,1,0,0,1,0,1,0,0,3B,0.4518055273846128,0.4518055273846128,0.1182669295440758,0.08416555313955683,0.18917597142537235,0.04785312379887603,0.01234394947673169,0,0,0,0,0,-0.10451496099243908,-0.07214190269104871,-0.1722852596909641,-0.04785312379887603,-0.00983637628798842,0,0,0,0,0,-0.4066316234613163,0,-0.4066316234613163,-0.4066316234613163,-1.6832089246165205,-1.7017507723995873,-1.0627131986355285,-3.059788980070341,-0.41724811824035063,0,0,0,0,0,-7.924709993962328,-7.924709993962328,NA,NA,NA,NA
Vidal Brujan,NYM,hitter,-17.980005390452995,21,19,4,0,2,2,1,0.226596,NA,NA,NA,NA,NA,NA,0.00687598427581836,0,0.0112604744896055,0.00825053858601311,-0.00217434365828604,0.02421265369315093,0,0,0,0,0,0,0.02421265369315093,0,0,0,1,0,0,1,0,1,0,0,3B,0.4518055273846128,0.4518055273846128,0.1182669295440758,0.08416555313955683,0.18917597142537235,0.04785312379887603,0.01234394947673169,0,0,0,0,0,-0.11139094526825744,-0.08416555313955683,-0.17791549693576686,-0.03960258521286292,-0.01451829313501773,0,0,0,0,0,-0.42759287369146176,0,-0.42759287369146176,-0.42759287369146176,-1.7939463538676077,-1.7573635427394434,-1.2398320650747832,-2.5322391559202826,-0.6158498122977746,0,0,0,0,0,-7.9392309298998915,-7.9392309298998915,NA,NA,NA,NA
Ben Brown,CHC,pitcher,-1.4599652268946053,NA,NA,NA,NA,NA,NA,NA,NA,49,3,0,55,3.74862,1.1971,0,0,0,0,0,0,0.07358973439795427,0,0.15177731336047884,0.0267423608607476,0.02596998147589981,0.27807939009508054,0.27807939009508054,0,0,0,0,0,0,0,0,0,1,1,P,0.4439721908381099,0.4439721908381099,0,0,0,0,0,0.13982049535611313,0.03627746556510604,0.2329091863204439,0.02333348430688774,0.0116315592895591,0,0,0,0,0,-0.06623076095815886,-0.03627746556510604,-0.08113187295996507,0.00340887655385986,0.0143384221863407,0,-0.1658928007430294,-0.1658928007430294,-0.1658928007430294,0,0,0,0,0,-3.417721518987345,-3.9795918367346976,-2.01902533319768,0.26664440258949956,1.063751089323312,-8.085943197006912,-8.085943197006912,Free At Last,P,2,1
Jerar Encarnacion,SFG,hitter,-10.664040908503363,98,89,21,4,11,13,1,0.237224,NA,NA,NA,NA,NA,NA,0.03781791351700098,0.04809460179403248,0.07319308418243575,0.00825053858601311,-0.00318528205581153,0.16417085602367076,0,0,0,0,0,0,0.16417085602367076,0,0,0,0,0,1,0,0,1,0,0,OF,0.5185403056045699,0.5185403056045699,0.13133129966813067,0.10580812394687146,0.2071927306087412,0.07920517042572585,-0.00499701904489933,0,0,0,0,0,-0.0935133861511297,-0.05771352215283898,-0.13399964642630544,-0.07095463183971273,0.0018117369890878,0,0,0,0,0,-0.35436944958089905,0,-0.35436944958089905,-0.35436944958089905,-1.5060290378147814,-1.3235839340885682,-0.850170558908423,-4.536928487690505,0.07685186366512183,0,0,0,0,0,-8.139860154837157,-8.139860154837157,Hoosiers,Util,2,1
Bryan Torres,STL,hitter,10.777001897736806,63,54,15,1,7,6,2,0.269561,NA,NA,NA,NA,NA,NA,0.02406594496536426,0.01202365044850812,0.0337814234688165,0.01650107717202622,0.01098959247266788,0.09736168852738296,0,0,0,0,0,0,0.09736168852738296,0,0,0,0,0,0,0,0,0,0,0,Util,0.5185403056045699,0.5185403056045699,0.13133129966813067,0.10580812394687146,0.2071927306087412,0.07920517042572585,-0.00499701904489933,0,0,0,0,0,-0.1072653547027664,-0.09378447349836334,-0.1734113071399247,-0.06270409325369963,0.01598661151756721,0,0,0,0,0,-0.4211786170771869,0,-0.4211786170771869,-0.4211786170771869,-1.7275038963169551,-1.712873326467559,-1.3815271582261872,-4.009378663540447,0.6781342414573849,0,0,0,0,0,-8.153148803093764,-8.153148803093764,NA,NA,NA,NA
Christian Koss,SFG,hitter,-14.782873725537945,49,45,11,1,6,5,1,0.248571,NA,NA,NA,NA,NA,NA,0.02062795282745508,0.01202365044850812,0.02815118622401375,0.00825053858601311,0.00216812341566244,0.0712214515016525,0,0,0,0,0,0,0.0712214515016525,0,0,1,0,0,0,0,1,1,0,0,2B,0.4277408742732015,0.4277408742732015,0.1107033468406756,0.07214190269104871,0.16327688009927974,0.07920517042572585,0.00241357421647157,0,0,0,0,0,-0.09007539401322052,-0.06011825224254059,-0.135125693875266,-0.07095463183971273,-2.454508008091303e-4,0,0,0,0,0,-0.35651942277154897,0,-0.35651942277154897,-0.35651942277154897,-1.450660323189238,-1.3347064881565394,-0.8855943321962738,-4.536928487690505,-0.01041174938409567,0,0,0,0,0,-8.218301380616653,-8.218301380616653,NA,NA,NA,NA
Jorge Barrosa,ARI,hitter,-11.336795177312023,133,119,27,2,14,12,2,0.227291,NA,NA,NA,NA,NA,NA,0.04813188993072852,0.02404730089701624,0.067562846937633,0.01650107717202622,-0.0130062231099421,0.14323689182746188,0,0,0,0,0,0,0.14323689182746188,0,0,0,0,0,1,0,0,1,0,0,OF,0.5185403056045699,0.5185403056045699,0.13133129966813067,0.10580812394687146,0.2071927306087412,0.07920517042572585,-0.00499701904489933,0,0,0,0,0,-0.08319940973740216,-0.08176082304985521,-0.13962988367110818,-0.06270409325369963,-0.00800920406504276,0,0,0,0,0,-0.375303413777108,0,-0.375303413777108,-0.375303413777108,-1.3399228939381511,-1.379196704428424,-1.2044082917869323,-4.009378663540447,-0.33974150915951584,0,0,0,0,0,-8.27264806285347,-8.27264806285347,NA,NA,NA,NA
Joey Wiemer,WSN,hitter,-11.56847670499622,119,106,22,3,12,12,3,0.207561,NA,NA,NA,NA,NA,NA,0.04125590565491016,0.03607095134552436,0.067562846937633,0.02475161575803933,-0.02706203072799689,0.14257928896810995,0,0,0,0,0,0,0.14257928896810995,0,0,0,0,0,1,0,0,1,0,0,OF,0.5185403056045699,0.5185403056045699,0.13133129966813067,0.10580812394687146,0.2071927306087412,0.07920517042572585,-0.00499701904489933,0,0,0,0,0,-0.09007539401322052,-0.0697371726013471,-0.13962988367110818,-0.05445355466768652,-0.02206501168309756,0,0,0,0,0,-0.37596101663645987,0,-0.37596101663645987,-0.37596101663645987,-1.450660323189238,-1.379196704428424,-1.0272894253476776,-3.4818288393903885,-0.9359732013268266,0,0,0,0,0,-8.274948493682555,-8.274948493682555,NA,NA,NA,NA
Tomoyuki Sugano,COL,pitcher,-13.792755837347274,NA,NA,NA,NA,NA,NA,NA,NA,116,6,0,74,5.17109,1.42573,0,0,0,0,0,0,0.14717946879590854,0,0.2042094761577352,-0.01034265483250978,-0.00640309320259328,0.3346431969185406,0.3346431969185406,0,0,0,0,0,0,0,0,0,1,0,P,0.4439721908381099,0.4439721908381099,0,0,0,0,0,0.13982049535611313,0.03627746556510604,0.2329091863204439,0.02333348430688774,0.0116315592895591,0,0,0,0,0,0.00735897343979541,-0.03627746556510604,-0.02869971016270872,-0.03367613913939751,-0.01803465249215238,0,-0.10932899391956924,-0.10932899391956924,-0.10932899391956924,0,0,0,0,0,0.3797468354430376,-3.9795918367346976,-0.7142130430359139,-2.6341681373524626,-1.337970174456866,-8.286196356136902,-8.286196356136902,NA,NA,NA,NA
Santiago Espinal,LAD,hitter,-17.164978474845057,21,19,5,0,2,2,0,0.250067,NA,NA,NA,NA,NA,NA,0.00687598427581836,0,0.0112604744896055,0,0.00112577351451605,0.01926223227993992,0,0,0,0,0,0,0.01926223227993992,0,0,0,1,0,0,1,0,1,0,0,3B,0.4518055273846128,0.4518055273846128,0.1182669295440758,0.08416555313955683,0.18917597142537235,0.04785312379887603,0.01234394947673169,0,0,0,0,0,-0.11139094526825744,-0.08416555313955683,-0.17791549693576686,-0.04785312379887603,-0.011218175962215641,0,0,0,0,0,-0.4325432951046728,0,-0.4325432951046728,-0.4325432951046728,-1.7939463538676077,-1.7573635427394434,-1.2398320650747832,-3.059788980070341,-0.47586252022906766,0,0,0,0,0,-8.326793461981243,-8.326793461981243,NA,NA,NA,NA
Drew Gilbert,SFG,hitter,-10.719300264890569,126,112,26,3,14,14,1,0.230073,NA,NA,NA,NA,NA,NA,0.04813188993072852,0.03607095134552436,0.0788233214272385,0.00825053858601311,-0.00993536348440171,0.16134133780510276,0,0,0,0,0,0,0.16134133780510276,0,0,0,0,0,1,0,0,1,0,0,OF,0.5185403056045699,0.5185403056045699,0.13133129966813067,0.10580812394687146,0.2071927306087412,0.07920517042572585,-0.00499701904489933,0,0,0,0,0,-0.08319940973740216,-0.0697371726013471,-0.1283694091815027,-0.07095463183971273,-0.00493834443950238,0,0,0,0,0,-0.357198967799467,0,-0.357198967799467,-0.357198967799467,-1.3399228939381511,-1.2679711637487123,-1.0272894253476776,-4.536928487690505,-0.2094790667088694,0,0,0,0,0,-8.381591037433916,-8.381591037433916,Hoosiers,OF,2,1
Spencer Bivens,SFG,pitcher,-6.396529369710268,NA,NA,NA,NA,NA,NA,NA,NA,70,3,1,52,4.22736,1.36097,0,0,0,0,0,0,0.07358973439795427,0.01395287137119463,0.14349855081354365,0.02324529121465603,0.00773919068861752,0.2620256384859661,0.2620256384859661,0,0,0,0,0,0,0,0,0,0,1,P,0.4439721908381099,0.4439721908381099,0,0,0,0,0,0.13982049535611313,0.03627746556510604,0.2329091863204439,0.02333348430688774,0.0116315592895591,0,0,0,0,0,-0.06623076095815886,-0.02232459419391141,-0.08941063550690026,-8.819309223170868e-5,-0.00389236860094158,0,-0.18194655235214385,-0.18194655235214385,-0.18194655235214385,0,0,0,0,0,-3.417721518987345,-2.448979591836737,-2.2250483263811165,-0.00689851744969094,-0.28877036018955143,-8.38741831484444,-8.38741831484444,NA,NA,NA,NA
Eli White,ATL,hitter,-12.078513189901296,63,58,14,2,8,7,2,0.236517,NA,NA,NA,NA,NA,NA,0.02750393710327344,0.02404730089701624,0.03941166071361925,0.01650107717202622,-0.00237925488535952,0.1050847210005756,0,0,0,0,0,0,0.1050847210005756,0,0,0,0,0,1,0,0,1,0,0,OF,0.5185403056045699,0.5185403056045699,0.13133129966813067,0.10580812394687146,0.2071927306087412,0.07920517042572585,-0.00499701904489933,0,0,0,0,0,-0.10382736256485724,-0.08176082304985521,-0.16778106989512193,-0.06270409325369963,0.00261776415953981,0,0,0,0,0,-0.41345558460399423,0,-0.41345558460399423,-0.41345558460399423,-1.6721351816914118,-1.657260556127703,-1.2044082917869323,-4.009378663540447,0.1110426378155964,0,0,0,0,0,-8.432140055330898,-8.432140055330898,Free At Last,OF,2,1
Nicky Lopez,COL,hitter,-18.120806650782168,7,6,2,0,1,1,0,0.255005,NA,NA,NA,NA,NA,NA,0.00343799213790918,0,0.00563023724480275,0,5.747609088730301e-4,0.00964299029158496,0,0,0,0,0,0,0.00964299029158496,0,0,0,1,0,0,1,0,1,0,0,3B,0.4518055273846128,0.4518055273846128,0.1182669295440758,0.08416555313955683,0.18917597142537235,0.04785312379887603,0.01234394947673169,0,0,0,0,0,-0.11482893740616662,-0.08416555313955683,-0.1835457341805696,-0.04785312379887603,-0.01176918856785866,0,0,0,0,0,-0.44216253709302766,0,-0.44216253709302766,-0.44216253709302766,-1.849315068493151,-1.812976313079299,-1.2398320650747832,-3.059788980070341,-0.4992358607866074,0,0,0,0,0,-8.46114828750418,-8.46114828750418,NA,NA,NA,NA
Brett Wisely,ATL,hitter,-15.153949919060398,42,38,9,1,5,4,1,0.236389,NA,NA,NA,NA,NA,NA,0.0171899606895459,0.01202365044850812,0.022520948979211,0.00825053858601311,-0.00159481679778285,0.05839028190549526,0,0,0,0,0,0,0.05839028190549526,0,0,1,0,0,0,0,1,1,0,0,2B,0.4277408742732015,0.4277408742732015,0.1107033468406756,0.07214190269104871,0.16327688009927974,0.07920517042572585,0.00241357421647157,0,0,0,0,0,-0.09351338615112972,-0.06011825224254059,-0.14075593112006873,-0.07095463183971273,-0.00400839101425442,0,0,0,0,0,-0.3693505923677062,0,-0.3693505923677062,-0.3693505923677062,-1.5060290378147816,-1.3903192584963953,-0.8855943321962738,-4.536928487690505,-0.17003147896156984,0,0,0,0,0,-8.488902595159526,-8.488902595159526,NA,NA,NA,NA
Nacho Alvarez Jr.,ATL,hitter,-17.698652452773707,7,6,1,0,1,1,0,0.238289,NA,NA,NA,NA,NA,NA,0.00343799213790918,0,0.00563023724480275,0,-1.6745076098912694e-4,0.0089007786217228,0,0,0,0,0,0,0.0089007786217228,0,0,0,1,0,0,1,0,1,0,0,3B,0.4518055273846128,0.4518055273846128,0.1182669295440758,0.08416555313955683,0.18917597142537235,0.04785312379887603,0.01234394947673169,0,0,0,0,0,-0.11482893740616662,-0.08416555313955683,-0.1835457341805696,-0.04785312379887603,-0.01251140023772081,0,0,0,0,0,-0.4429047487628898,0,-0.4429047487628898,-0.4429047487628898,-1.849315068493151,-1.812976313079299,-1.2398320650747832,-3.059788980070341,-0.5307196525325762,0,0,0,0,0,-8.49263207925015,-8.49263207925015,NA,NA,NA,NA
Brock Wilken,MIL,hitter,10.777001897736806,42,36,7,1,4,5,0,0.190964,NA,NA,NA,NA,NA,NA,0.01375196855163672,0.01202365044850812,0.02815118622401375,0,-0.01361244587111302,0.04031435935304556,0,0,0,0,0,0,0.04031435935304556,0,0,0,1,0,0,1,0,1,0,0,3B,0.4518055273846128,0.4518055273846128,0.1182669295440758,0.08416555313955683,0.18917597142537235,0.04785312379887603,0.01234394947673169,0,0,0,0,0,-0.10451496099243908,-0.07214190269104871,-0.1610247852013586,-0.04785312379887603,-0.02595639534784471,0,0,0,0,0,-0.4114911680315672,0,-0.4114911680315672,-0.4114911680315672,-1.6832089246165205,-1.5905252317198757,-1.0627131986355285,-3.059788980070341,-1.1010413589419148,0,0,0,0,0,-8.49727769398418,-8.49727769398418,NA,NA,NA,NA
Jose Miranda,SDP,hitter,-17.624436121698967,14,13,3,0,1,1,0,0.229262,NA,NA,NA,NA,NA,NA,0.00343799213790918,0,0.00563023724480275,0,-0.00123123226887432,0.0078369971138376009,0,0,0,0,0,0,0.0078369971138376009,0,0,0,1,0,0,1,0,1,0,0,3B,0.4518055273846128,0.4518055273846128,0.1182669295440758,0.08416555313955683,0.18917597142537235,0.04785312379887603,0.01234394947673169,0,0,0,0,0,-0.11482893740616662,-0.08416555313955683,-0.1835457341805696,-0.04785312379887603,-0.01357518174560601,0,0,0,0,0,-0.44396853027077504,0,-0.44396853027077504,-0.44396853027077504,-1.849315068493151,-1.812976313079299,-1.2398320650747832,-3.059788980070341,-0.5758440783768778,0,0,0,0,0,-8.537756505094451,-8.537756505094451,NA,NA,NA,NA
Grae Kessinger,NYM,hitter,-16.77422008237822,7,6,1,0,1,1,0,0.205092,NA,NA,NA,NA,NA,NA,0.00343799213790918,0,0.00563023724480275,0,-0.00164143980169348,0.00742678958101844,0,0,0,0,0,0,0.00742678958101844,0,0,0,1,0,0,1,0,1,0,0,3B,0.4518055273846128,0.4518055273846128,0.1182669295440758,0.08416555313955683,0.18917597142537235,0.04785312379887603,0.01234394947673169,0,0,0,0,0,-0.11482893740616662,-0.08416555313955683,-0.1835457341805696,-0.04785312379887603,-0.01398538927842517,0,0,0,0,0,-0.4443787378035942,0,-0.4443787378035942,-0.4443787378035942,-1.849315068493151,-1.812976313079299,-1.2398320650747832,-3.059788980070341,-0.5932446246904445,0,0,0,0,0,-8.555157051408017,-8.555157051408017,NA,NA,NA,NA
Andrew Alvarez,WSN,pitcher,-8.477479091638713,NA,NA,NA,NA,NA,NA,NA,NA,90,4,0,65,4.36889,1.42159,0,0,0,0,0,0,0.09811964586393904,0,0.17937318851692954,0.02420129657153092,-0.00401421449330616,0.29767991645909336,0.29767991645909336,0,0,0,0,0,0,0,0,0,1,0,P,0.4439721908381099,0.4439721908381099,0,0,0,0,0,0.13982049535611313,0.03627746556510604,0.2329091863204439,0.02333348430688774,0.0116315592895591,0,0,0,0,0,-0.04170084949217409,-0.03627746556510604,-0.05353599780351437,8.678122646431814e-4,-0.01564577378286526,0,-0.1462922743790166,-0.1462922743790166,-0.1462922743790166,0,0,0,0,0,-2.151898734177217,-3.9795918367346976,-1.3322820225862244,0.06788080448487091,-1.1607420041435208,-8.556633793156788,-8.556633793156788,Erie Lakers,P,2,1
Adrian Del Castillo,ARI,hitter,-13.46575788704904,144,129,30,4,15,17,0,0.230315,NA,NA,NA,NA,NA,NA,0.0515698820686377,0.04809460179403248,0.09571403316164674,0,-0.01121238990714074,0.18416612711717617,0,0,0,0,0,0,0.18416612711717617,0,0,0,0,0,0,0,0,1,0,0,Util,0.5185403056045699,0.5185403056045699,0.13133129966813067,0.10580812394687146,0.2071927306087412,0.07920517042572585,-0.00499701904489933,0,0,0,0,0,-0.07976141759949298,-0.05771352215283898,-0.11147869744709445,-0.07920517042572585,-0.00621537086224141,0,0,0,0,0,-0.33437417848739365,0,-0.33437417848739365,-0.33437417848739365,-1.2845541793126078,-1.101132852729145,-0.850170558908423,-5.064478311840565,-0.2636491041526112,0,0,0,0,0,-8.563985006943353,-8.563985006943353,NA,NA,NA,NA
Will Brennan,SFG,hitter,-12.44420467163064,70,65,17,1,7,7,1,0.265953,NA,NA,NA,NA,NA,NA,0.02406594496536426,0.01202365044850812,0.03941166071361925,0.00825053858601311,0.01149271542667914,0.0952445101401839,0,0,0,0,0,0,0.0952445101401839,0,0,0,0,0,1,0,0,1,0,0,OF,0.5185403056045699,0.5185403056045699,0.13133129966813067,0.10580812394687146,0.2071927306087412,0.07920517042572585,-0.00499701904489933,0,0,0,0,0,-0.1072653547027664,-0.09378447349836334,-0.16778106989512193,-0.07095463183971273,0.01648973447157847,0,0,0,0,0,-0.4232957954643859,0,-0.4232957954643859,-0.4232957954643859,-1.7275038963169551,-1.657260556127703,-1.3815271582261872,-4.536928487690505,0.699476156371831,0,0,0,0,0,-8.603743941989519,-8.603743941989519,NA,NA,NA,NA
Tyler Callihan,CIN,hitter,-15.46147277846904,35,32,7,1,4,4,1,0.226488,NA,NA,NA,NA,NA,NA,0.01375196855163672,0.01202365044850812,0.022520948979211,0.00825053858601311,-0.00368762761003033,0.05285947895533861,0,0,0,0,0,0,0.05285947895533861,0,0,1,0,0,1,0,1,1,0,0,2B,0.4277408742732015,0.4277408742732015,0.1107033468406756,0.07214190269104871,0.16327688009927974,0.07920517042572585,0.00241357421647157,0,0,0,0,0,-0.09695137828903888,-0.06011825224254059,-0.14075593112006873,-0.07095463183971273,-0.0061012018265019,0,0,0,0,0,-0.37488139531786285,0,-0.37488139531786285,-0.37488139531786285,-1.561397752440325,-1.3903192584963953,-0.8855943321962738,-4.536928487690505,-0.25880618091249513,0,0,0,0,0,-8.633046011735996,-8.633046011735996,NA,NA,NA,NA
Mike Tauchman,NYM,hitter,-11.68958243390449,105,91,21,2,13,10,1,0.233384,NA,NA,NA,NA,NA,NA,0.04469389779281934,0.02404730089701624,0.0563023724480275,0.00825053858601311,-0.00584279153390463,0.12745131818997155,0,0,0,0,0,0,0.12745131818997155,0,0,0,0,0,1,0,0,1,0,0,OF,0.5185403056045699,0.5185403056045699,0.13133129966813067,0.10580812394687146,0.2071927306087412,0.07920517042572585,-0.00499701904489933,0,0,0,0,0,-0.08663740187531133,-0.08176082304985521,-0.1508903581607137,-0.07095463183971273,-8.457724890052996e-4,0,0,0,0,0,-0.3910889874145983,0,-0.3910889874145983,-0.3910889874145983,-1.3952916085636944,-1.4904222451081357,-1.2044082917869323,-4.536928487690505,-0.03587672626227761,0,0,0,0,0,-8.662927359411544,-8.662927359411544,NA,NA,NA,NA
Luis Urias,NA,hitter,NA,98,85,20,3,10,11,1,0.228701,NA,NA,NA,NA,NA,NA,0.0343799213790918,0.03607095134552436,0.06193260969283025,0.00825053858601311,-0.00840324394754799,0.13223077705591152,0,0,0,0,0,0,0.13223077705591152,0,0,0,0,0,0,0,0,0,0,0,Util,0.5185403056045699,0.5185403056045699,0.13133129966813067,0.10580812394687146,0.2071927306087412,0.07920517042572585,-0.00499701904489933,0,0,0,0,0,-0.09695137828903888,-0.0697371726013471,-0.14526012091591095,-0.07095463183971273,-0.00340622490264865,0,0,0,0,0,-0.3863095285486583,0,-0.3863095285486583,-0.3863095285486583,-1.561397752440325,-1.43480947476828,-1.0272894253476776,-4.536928487690505,-0.14448826369819817,0,0,0,0,0,-8.704913403944987,-8.704913403944987,NA,NA,NA,NA
Tyler Fitzgerald,SFG,hitter,-15.945563366647937,21,19,4,1,2,2,1,0.232741,NA,NA,NA,NA,NA,NA,0.00687598427581836,0.01202365044850812,0.0112604744896055,0.00825053858601311,-0.00131033189794907,0.03710031590199601,0,0,0,0,0,0,0.03710031590199601,0,0,1,0,0,0,0,1,1,0,0,2B,0.4277408742732015,0.4277408742732015,0.1107033468406756,0.07214190269104871,0.16327688009927974,0.07920517042572585,0.00241357421647157,0,0,0,0,0,-0.10382736256485724,-0.06011825224254059,-0.15201640560967425,-0.07095463183971273,-0.00372390611442064,0,0,0,0,0,-0.3906405583712055,0,-0.3906405583712055,-0.3906405583712055,-1.672135181691412,-1.5015447991761068,-0.8855943321962738,-4.536928487690505,-0.15796394660533114,0,0,0,0,0,-8.75416674735963,-8.75416674735963,National Pastime,Util,Opt,1
Tommy Troy,ARI,hitter,10.777001897736806,28,25,6,0,3,3,1,0.238464,NA,NA,NA,NA,NA,NA,0.01031397641372754,0,0.01689071173440825,0.00825053858601311,-6.653355763112093e-4,0.03478989115783769,0,0,0,0,0,0,0.03478989115783769,0,0,1,0,0,1,0,1,1,0,0,2B,0.4277408742732015,0.4277408742732015,0.1107033468406756,0.07214190269104871,0.16327688009927974,0.07920517042572585,0.00241357421647157,0,0,0,0,0,-0.10038937042694808,-0.07214190269104871,-0.14638616836487148,-0.07095463183971273,-0.00307890979278277,0,0,0,0,0,-0.3929509831153638,0,-0.3929509831153638,-0.3929509831153638,-1.6167664670658686,-1.445932028836251,-1.0627131986355285,-4.536928487690505,-0.13060392157213038,0,0,0,0,0,-8.792944103800282,-8.792944103800282,NA,NA,NA,NA
Brennan Bernardino,COL,pitcher,-7.723042157077813,NA,NA,NA,NA,NA,NA,NA,NA,58,3,2,53,4.46499,1.46319,0,0,0,0,0,0,0.07358973439795427,0.02790574274238926,0.14625813832918871,0.0131085106056674,-0.00876271317750453,0.2520994128976951,0.2520994128976951,0,0,0,0,0,0,0,0,0,0,1,P,0.4439721908381099,0.4439721908381099,0,0,0,0,0,0.13982049535611313,0.03627746556510604,0.2329091863204439,0.02333348430688774,0.0116315592895591,0,0,0,0,0,-0.06623076095815886,-0.00837172282271678,-0.0866510479912552,-0.01022497370122033,-0.02039427246706363,0,-0.1918727779404148,-0.1918727779404148,-0.1918727779404148,0,0,0,0,0,-3.417721518987345,-0.9183673469387768,-2.156373995319971,-0.7998036775394842,-1.5130276728399203,-8.805294211625498,-8.805294211625498,NA,NA,NA,NA
David Morgan,SDP,pitcher,-3.6340485051621494,NA,NA,NA,NA,NA,NA,NA,NA,58,3,0,59,4.04543,1.30367,0,0,0,0,0,0,0.07358973439795427,0,0.16281566342305914,0.02397027075363189,0.01491900845187831,0.2752946770265236,0.2752946770265236,0,0,0,0,0,0,0,0,0,0,1,P,0.4439721908381099,0.4439721908381099,0,0,0,0,0,0.13982049535611313,0.03627746556510604,0.2329091863204439,0.02333348430688774,0.0116315592895591,0,0,0,0,0,-0.06623076095815886,-0.03627746556510604,-0.07009352289738477,6.367864467441524e-4,0.0032874491623192,0,-0.1686775138115863,-0.1686775138115863,-0.1686775138115863,0,0,0,0,0,-3.417721518987345,-3.9795918367346976,-1.7443280089530977,0.0498098241418938,0.24389208115544692,-8.847939459377798,-8.847939459377798,NA,NA,NA,NA
Hoby Milner,CHC,pitcher,-3.3251450181437923,NA,NA,NA,NA,NA,NA,NA,NA,60,3,0,50,3.90763,1.28496,0,0,0,0,0,0,0.07358973439795427,0,0.1379793757822535,0.02848727569880259,0.01830685098352849,0.2583632368625388,0.2583632368625388,0,0,0,0,0,0,0,0,0,0,1,P,0.4439721908381099,0.4439721908381099,0,0,0,0,0,0.13982049535611313,0.03627746556510604,0.2329091863204439,0.02333348430688774,0.0116315592895591,0,0,0,0,0,-0.06623076095815886,-0.03627746556510604,-0.0949298105381904,0.00515379139191485,0.00667529169396939,0,-0.18560895397557103,-0.18560895397557103,-0.18560895397557103,0,0,0,0,0,-3.417721518987345,-3.9795918367346976,-2.362396988503408,0.4031327051758459,0.4952322311847755,-8.861345407864828,-8.861345407864828,NA,NA,NA,NA
Christian Vazquez,NA,hitter,NA,141,129,29,2,13,13,1,0.226406,NA,NA,NA,NA,NA,NA,0.04469389779281934,0.02404730089701624,0.07319308418243575,0.00825053858601311,-0.01494402824622067,0.13524079321206375,0,0,0,0,0,0,0.13524079321206375,0,0,0,0,0,0,0,0,0,0,0,Util,0.5185403056045699,0.5185403056045699,0.13133129966813067,0.10580812394687146,0.2071927306087412,0.07920517042572585,-0.00499701904489933,0,0,0,0,0,-0.08663740187531133,-0.08176082304985521,-0.13399964642630544,-0.07095463183971273,-0.00994700920132134,0,0,0,0,0,-0.3832995123925061,0,-0.3832995123925061,-0.3832995123925061,-1.3952916085636944,-1.3235839340885682,-1.2044082917869323,-4.536928487690505,-0.4219410431094387,0,0,0,0,0,-8.882153365239137,-8.882153365239137,NA,NA,NA,NA
Brandon Lockridge,MIL,hitter,-13.616504378009967,42,38,9,0,5,4,2,0.241573,NA,NA,NA,NA,NA,NA,0.0171899606895459,0,0.022520948979211,0.01650107717202622,-1.370342215137461e-4,0.05607495261926937,0,0,0,0,0,0,0.05607495261926937,0,0,0,0,0,1,0,0,1,0,0,OF,0.5185403056045699,0.5185403056045699,0.13133129966813067,0.10580812394687146,0.2071927306087412,0.07920517042572585,-0.00499701904489933,0,0,0,0,0,-0.11414133897858478,-0.10580812394687146,-0.1846717816295302,-0.06270409325369963,0.00485998482338558,0,0,0,0,0,-0.4624653529853005,0,-0.4624653529853005,-0.4624653529853005,-1.838241325568042,-1.8240988671472704,-1.558646024665442,-4.009378663540447,0.2061551391349827,0,0,0,0,0,-9.02420974178622,-9.02420974178622,NA,NA,NA,NA
Brusdar Graterol,LAD,pitcher,-1.773223755238896,NA,NA,NA,NA,NA,NA,NA,NA,46,3,0,39,3.5382,1.20554,0,0,0,0,0,0,0.07358973439795427,0,0.10762391311015772,0.02942546379759532,0.02338624800044624,0.2340253593061536,0.2340253593061536,0,0,0,0,0,0,0,0,0,0,1,P,0.4439721908381099,0.4439721908381099,0,0,0,0,0,0.13982049535611313,0.03627746556510604,0.2329091863204439,0.02333348430688774,0.0116315592895591,0,0,0,0,0,-0.06623076095815886,-0.03627746556510604,-0.1252852732102862,0.00609197949070758,0.01175468871088713,0,-0.2099468315319564,-0.2099468315319564,-0.2099468315319564,0,0,0,0,0,-3.417721518987345,-3.9795918367346976,-3.11781463017601,0.4765183503192309,0.8720668674949776,-9.166542768083843,-9.166542768083843,NA,NA,NA,NA
Kyle Farmer,ATL,hitter,-15.87450095992093,28,26,6,1,3,3,0,0.233055,NA,NA,NA,NA,NA,NA,0.01031397641372754,0.01202365044850812,0.01689071173440825,0,-0.00173267042374144,0.03749566817290246,0,0,0,0,0,0,0.03749566817290246,0,0,1,0,0,0,0,1,1,0,0,2B,0.4277408742732015,0.4277408742732015,0.1107033468406756,0.07214190269104871,0.16327688009927974,0.07920517042572585,0.00241357421647157,0,0,0,0,0,-0.10038937042694808,-0.06011825224254059,-0.14638616836487148,-0.07920517042572585,-0.00414624464021301,0,0,0,0,0,-0.39024520610029895,0,-0.39024520610029895,-0.39024520610029895,-1.6167664670658686,-1.445932028836251,-0.8855943321962738,-5.064478311840565,-0.17587907611928222,0,0,0,0,0,-9.18865021605824,-9.18865021605824,Free At Last,2B/SS,2,1
Grant Anderson,MIL,pitcher,-4.0381671217178825,NA,NA,NA,NA,NA,NA,NA,NA,56,3,0,57,4.12618,1.30221,0,0,0,0,0,0,0.07358973439795427,0,0.157296488391769,0.02112530291442254,0.01461383183408648,0.2666253575382323,0.2666253575382323,0,0,0,0,0,0,0,0,0,0,1,P,0.4439721908381099,0.4439721908381099,0,0,0,0,0,0.13982049535611313,0.03627746556510604,0.2329091863204439,0.02333348430688774,0.0116315592895591,0,0,0,0,0,-0.06623076095815886,-0.03627746556510604,-0.07561269792867492,-0.00220818139246519,0.00298227254452737,0,-0.17734683329987766,-0.17734683329987766,-0.17734683329987766,0,0,0,0,0,-3.417721518987345,-3.9795918367346976,-1.881676671075389,-0.1727252949469339,0.2212513780576319,-9.230463943686734,-9.230463943686734,NA,NA,NA,NA
Michael Conforto,CHC,hitter,-12.037078617793547,98,86,19,3,11,11,0,0.226629,NA,NA,NA,NA,NA,NA,0.03781791351700098,0.03607095134552436,0.06193260969283025,0,-0.00982076423038489,0.1260007103249707,0,0,0,0,0,0,0.1260007103249707,0,0,0,0,0,1,0,0,1,0,0,OF,0.5185403056045699,0.5185403056045699,0.13133129966813067,0.10580812394687146,0.2071927306087412,0.07920517042572585,-0.00499701904489933,0,0,0,0,0,-0.0935133861511297,-0.0697371726013471,-0.14526012091591095,-0.07920517042572585,-0.00482374518548555,0,0,0,0,0,-0.39253959527959914,0,-0.39253959527959914,-0.39253959527959914,-1.5060290378147814,-1.43480947476828,-1.0272894253476776,-5.064478311840565,-0.20461789408896291,0,0,0,0,0,-9.237224143860267,-9.237224143860267,Big Red Machine,OF,Opt,8
Orelvis Martinez,WSN,hitter,-15.385168779560214,70,63,12,2,7,8,0,0.196698,NA,NA,NA,NA,NA,NA,0.02406594496536426,0.02404730089701624,0.045041897958422,0,-0.0211485128655347,0.0720066309552678,0,0,0,0,0,0,0.0720066309552678,0,0,1,0,0,0,0,1,1,0,0,2B,0.4277408742732015,0.4277408742732015,0.1107033468406756,0.07214190269104871,0.16327688009927974,0.07920517042572585,0.00241357421647157,0,0,0,0,0,-0.08663740187531135,-0.04809460179403247,-0.11823498214085772,-0.07920517042572585,-0.02356208708200627,0,0,0,0,0,-0.3557342433179337,0,-0.3557342433179337,-0.3557342433179337,-1.3952916085636948,-1.167868177136972,-0.7084754657570189,-5.064478311840565,-0.9994774710670326,0,0,0,0,0,-9.335591034365285,-9.335591034365285,NA,NA,NA,NA
Jack Dreyer,LAD,pitcher,-3.982032638521053,NA,NA,NA,NA,NA,NA,NA,NA,54,3,0,54,4.13152,1.28438,0,0,0,0,0,0,0.07358973439795427,0,0.14901772584483378,0.02024211755409602,0.01655633219460309,0.25940590999148716,0.25940590999148716,0,0,0,0,0,0,0,0,0,1,1,P,0.4439721908381099,0.4439721908381099,0,0,0,0,0,0.13982049535611313,0.03627746556510604,0.2329091863204439,0.02333348430688774,0.0116315592895591,0,0,0,0,0,-0.06623076095815886,-0.03627746556510604,-0.08389146047561014,-0.00309136675279171,0.00492477290504399,0,-0.1845662808466228,-0.1845662808466228,-0.1845662808466228,0,0,0,0,0,-3.417721518987345,-3.9795918367346976,-2.087699664258826,-0.24180859234982896,0.36536325087435906,-9.361458361456338,-9.361458361456338,NA,NA,NA,NA
Kris Bryant,COL,hitter,-15.770266376949404,84,75,18,2,9,8,0,0.238084,NA,NA,NA,NA,NA,NA,0.03094192924118262,0.02404730089701624,0.045041897958422,0,-0.00220691277295405,0.0978242153236668,0,0,0,0,0,0,0.0978242153236668,0,0,0,0,0,0,0,0,1,0,0,Util,0.5185403056045699,0.5185403056045699,0.13133129966813067,0.10580812394687146,0.2071927306087412,0.07920517042572585,-0.00499701904489933,0,0,0,0,0,-0.10038937042694804,-0.08176082304985521,-0.16215083265031918,-0.07920517042572585,0.00279010627194528,0,0,0,0,0,-0.420716090280903,0,-0.420716090280903,-0.420716090280903,-1.6167664670658684,-1.6016477857878473,-1.2044082917869323,-5.064478311840565,0.11835319812656792,0,0,0,0,0,-9.368947658354644,-9.368947658354644,National Pastime,IL,2,3
Vimael Machin,COL,hitter,-17.352209200576247,7,6,2,0,1,1,0,0.258519,NA,NA,NA,NA,NA,NA,0.00343799213790918,0,0.00563023724480275,0,7.307869801757124e-4,0.00979901636288764,0,0,0,0,0,0,0.00979901636288764,0,1,1,1,0,0,1,1,1,0,0,2B,0.4277408742732015,0.4277408742732015,0.1107033468406756,0.07214190269104871,0.16327688009927974,0.07920517042572585,0.00241357421647157,0,0,0,0,0,-0.10726535470276642,-0.07214190269104871,-0.157646642854477,-0.07920517042572585,-0.00168278723629585,0,0,0,0,0,-0.4179418579103138,0,-0.4179418579103138,-0.4179418579103138,-1.7275038963169551,-1.5571575695159627,-1.0627131986355285,-5.064478311840565,-0.07138195888263618,0,0,0,0,0,-9.483234935191648,-9.483234935191648,NA,NA,NA,NA
James Triantos,CHC,hitter,10.777001897736806,7,6,2,0,1,1,0,0.239381,NA,NA,NA,NA,NA,NA,0.00343799213790918,0,0.00563023724480275,0,-1.1896457150064384e-4,0.00894926481121128,0,0,0,0,0,0,0.00894926481121128,0,0,1,0,0,1,0,1,1,0,0,2B,0.4277408742732015,0.4277408742732015,0.1107033468406756,0.07214190269104871,0.16327688009927974,0.07920517042572585,0.00241357421647157,0,0,0,0,0,-0.10726535470276642,-0.07214190269104871,-0.157646642854477,-0.07920517042572585,-0.00253253878797221,0,0,0,0,0,-0.4187916094619902,0,-0.4187916094619902,-0.4187916094619902,-1.7275038963169551,-1.5571575695159627,-1.0627131986355285,-5.064478311840565,-0.10742747254824708,0,0,0,0,0,-9.51928044885726,-9.51928044885726,NA,NA,NA,NA
Jonathan Bowlan,PHI,pitcher,-4.29224958745408,NA,NA,NA,NA,NA,NA,NA,NA,56,3,0,53,4.15933,1.29778,0,0,0,0,0,0,0.07358973439795427,0,0.14625813832918871,0.02029669381578221,0.01524881453021555,0.25539338107314075,0.25539338107314075,0,0,0,0,0,0,0,0,0,0,1,P,0.4439721908381099,0.4439721908381099,0,0,0,0,0,0.13982049535611313,0.03627746556510604,0.2329091863204439,0.02333348430688774,0.0116315592895591,0,0,0,0,0,-0.06623076095815886,-0.03627746556510604,-0.0866510479912552,-0.00303679049110552,0.00361725524065644,0,-0.18857880976496916,-0.18857880976496916,-0.18857880976496916,0,0,0,0,0,-3.417721518987345,-3.9795918367346976,-2.156373995319971,-0.2375396038831141,0.2683600156699504,-9.522866939255175,-9.522866939255175,NA,NA,NA,NA
Samad Taylor,SDP,hitter,-15.195376124919576,7,6,1,0,1,1,0,0.237407,NA,NA,NA,NA,NA,NA,0.00343799213790918,0,0.00563023724480275,0,-2.0661268326828576e-4,0.00886161669944364,0,0,0,0,0,0,0.00886161669944364,0,0,1,0,0,1,0,1,1,0,0,2B,0.4277408742732015,0.4277408742732015,0.1107033468406756,0.07214190269104871,0.16327688009927974,0.07920517042572585,0.00241357421647157,0,0,0,0,0,-0.10726535470276642,-0.07214190269104871,-0.157646642854477,-0.07920517042572585,-0.00262018689973985,0,0,0,0,0,-0.4188792575737578,0,-0.4188792575737578,-0.4188792575737578,-1.7275038963169551,-1.5571575695159627,-1.0627131986355285,-5.064478311840565,-0.11114540775442935,0,0,0,0,0,-9.522998384063442,-9.522998384063442,NA,NA,NA,NA
Trey Lipscomb,WSN,hitter,-18.39303357190489,14,13,3,0,1,1,0,0.236116,NA,NA,NA,NA,NA,NA,0.00343799213790918,0,0.00563023724480275,0,-5.718585729337299e-4,0.0084963708097782,0,0,0,0,0,0,0.0084963708097782,0,0,1,1,0,1,1,1,1,0,0,2B,0.4277408742732015,0.4277408742732015,0.1107033468406756,0.07214190269104871,0.16327688009927974,0.07920517042572585,0.00241357421647157,0,0,0,0,0,-0.10726535470276642,-0.07214190269104871,-0.157646642854477,-0.07920517042572585,-0.0029854327894053,0,0,0,0,0,-0.4192445034634232,0,-0.4192445034634232,-0.4192445034634232,-1.7275038963169551,-1.5571575695159627,-1.0627131986355285,-5.064478311840565,-0.12663873128090208,0,0,0,0,0,-9.538491707589914,-9.538491707589914,NA,NA,NA,NA
Wandy Peralta,SDP,pitcher,-4.051114876585655,NA,NA,NA,NA,NA,NA,NA,NA,57,3,0,50,3.84542,1.34337,0,0,0,0,0,0,0.07358973439795427,0,0.1379793757822535,0.0286456650950226,0.00886969152443932,0.24908446679966972,0.24908446679966972,0,0,0,0,0,0,0,0,0,0,1,P,0.4439721908381099,0.4439721908381099,0,0,0,0,0,0.13982049535611313,0.03627746556510604,0.2329091863204439,0.02333348430688774,0.0116315592895591,0,0,0,0,0,-0.06623076095815886,-0.03627746556510604,-0.0949298105381904,0.00531218078813486,-0.00276186776511977,0,-0.1948877240384402,-0.1948877240384402,-0.1948877240384402,0,0,0,0,0,-3.417721518987345,-3.9795918367346976,-2.362396988503408,0.4155220203253707,-0.20489980037774955,-9.549088124277828,-9.549088124277828,NA,NA,NA,NA
Scott Kingery,CHC,hitter,-18.467249902979624,7,6,1,0,1,1,0,0.207875,NA,NA,NA,NA,NA,NA,0.00343799213790918,0,0.00563023724480275,0,-0.00151787106053373,0.00755035832217819,0,0,0,0,0,0,0.00755035832217819,0,0,1,0,0,1,0,1,1,0,0,2B,0.4277408742732015,0.4277408742732015,0.1107033468406756,0.07214190269104871,0.16327688009927974,0.07920517042572585,0.00241357421647157,0,0,0,0,0,-0.10726535470276642,-0.07214190269104871,-0.157646642854477,-0.07920517042572585,-0.0039314452770053,0,0,0,0,0,-0.4201905159510233,0,-0.4201905159510233,-0.4201905159510233,-1.7275038963169551,-1.5571575695159627,-1.0627131986355285,-5.064478311840565,-0.16676752655330165,0,0,0,0,0,-9.578620502862314,-9.578620502862314,NA,NA,NA,NA
Chase Dollander,COL,pitcher,-15.634786975698113,NA,NA,NA,NA,NA,NA,NA,NA,114,5,0,98,5.273,1.48642,0,0,0,0,0,0,0.1226495573299238,0,0.2704395765332169,-0.01534994247867622,-0.02400161708681802,0.35373757429764646,0.35373757429764646,0,0,0,0,0,0,0,0,0,1,0,P,0.4439721908381099,0.4439721908381099,0,0,0,0,0,0.13982049535611313,0.03627746556510604,0.2329091863204439,0.02333348430688774,0.0116315592895591,0,0,0,0,0,-0.01717093802618932,-0.03627746556510604,0.03753039021277296,-0.03868342678556396,-0.03563317637637712,0,-0.09023461654046348,-0.09023461654046348,-0.09023461654046348,0,0,0,0,0,-0.886075949367089,-3.9795918367346976,0.93397090243158,-3.0258412302058924,-2.643584467929139,-9.60112258180524,-9.60112258180524,NA,NA,NA,NA
Tom Murphy,NA,hitter,NA,64,58,13,2,7,7,0,0.23328,NA,NA,NA,NA,NA,NA,0.02406594496536426,0.02404730089701624,0.03941166071361925,0,-0.00376861510082117,0.08375629147517857,0,0,0,0,0,0,0.08375629147517857,0,0,0,0,0,0,0,0,0,0,0,Util,0.5185403056045699,0.5185403056045699,0.13133129966813067,0.10580812394687146,0.2071927306087412,0.07920517042572585,-0.00499701904489933,0,0,0,0,0,-0.1072653547027664,-0.08176082304985521,-0.16778106989512193,-0.07920517042572585,0.00122840394407816,0,0,0,0,0,-0.4347840141293912,0,-0.4347840141293912,-0.4347840141293912,-1.7275038963169551,-1.657260556127703,-1.2044082917869323,-5.064478311840565,0.05210752609490254,0,0,0,0,0,-9.601543529977254,-9.601543529977254,NA,NA,NA,NA
Javier Assad,CHC,pitcher,-4.401248990098996,NA,NA,NA,NA,NA,NA,NA,NA,61,3,0,51,4.05658,1.33316,0,0,0,0,0,0,0.07358973439795427,0,0.14073896329789856,0.02490652557508453,0.01108626328349067,0.25032148655442804,0.25032148655442804,0,0,0,0,0,0,0,0,0,1,0,P,0.4439721908381099,0.4439721908381099,0,0,0,0,0,0.13982049535611313,0.03627746556510604,0.2329091863204439,0.02333348430688774,0.0116315592895591,0,0,0,0,0,-0.06623076095815886,-0.03627746556510604,-0.09217022302254536,0.00157304126819679,-5.452960060684311e-4,0,-0.1936507042836819,-0.1936507042836819,-0.1936507042836819,0,0,0,0,0,-3.417721518987345,-3.9795918367346976,-2.2937226574422627,0.12304424715293032,-0.04045488498807979,-9.608446650999454,-9.608446650999454,NA,NA,NA,NA
Blake Dunn,CIN,hitter,-13.818880309003925,28,24,6,1,3,3,1,0.231757,NA,NA,NA,NA,NA,NA,0.01031397641372754,0.01202365044850812,0.01689071173440825,0.00825053858601311,-0.00182991948988606,0.04564895769277095,0,0,0,0,0,0,0.04564895769277095,0,0,0,0,0,1,0,0,1,0,0,OF,0.5185403056045699,0.5185403056045699,0.13133129966813067,0.10580812394687146,0.2071927306087412,0.07920517042572585,-0.00499701904489933,0,0,0,0,0,-0.12101732325440312,-0.09378447349836334,-0.19030201887433293,-0.07095463183971273,0.00316709955501327,0,0,0,0,0,-0.4728913479117989,0,-0.4728913479117989,-0.4728913479117989,-1.9489787548191289,-1.8797116374871263,-1.3815271582261872,-4.536928487690505,0.13434483298720817,0,0,0,0,0,-9.61280120523574,-9.61280120523574,NA,NA,NA,NA
Gabriel Rincones Jr.,PHI,hitter,10.777001897736806,35,31,7,1,4,4,1,0.216334,NA,NA,NA,NA,NA,NA,0.01375196855163672,0.01202365044850812,0.022520948979211,0.00825053858601311,-0.00590178360161976,0.05064532296374919,0,0,0,0,0,0,0.05064532296374919,0,0,0,0,0,1,0,0,1,0,0,OF,0.5185403056045699,0.5185403056045699,0.13133129966813067,0.10580812394687146,0.2071927306087412,0.07920517042572585,-0.00499701904489933,0,0,0,0,0,-0.11757933111649396,-0.09378447349836334,-0.1846717816295302,-0.07095463183971273,-9.0476455672043e-4,0,0,0,0,0,-0.4678949826408207,0,-0.4678949826408207,-0.4678949826408207,-1.8936100401935856,-1.8240988671472704,-1.3815271582261872,-4.536928487690505,-0.03837910402056883,0,0,0,0,0,-9.674543657278116,-9.674543657278116,NA,NA,NA,NA
Justin Wrobleski,LAD,pitcher,-4.355770203888129,NA,NA,NA,NA,NA,NA,NA,NA,56,3,0,52,4.22823,1.29315,0,0,0,0,0,0,0.07358973439795427,0,0.14349855081354365,0.01857448666958857,0.015912464616689,0.2515752364977755,0.2515752364977755,0,0,0,0,0,0,0,0,0,0,1,P,0.4439721908381099,0.4439721908381099,0,0,0,0,0,0.13982049535611313,0.03627746556510604,0.2329091863204439,0.02333348430688774,0.0116315592895591,0,0,0,0,0,-0.06623076095815886,-0.03627746556510604,-0.08941063550690026,-0.00475899763729916,0.00428090532712989,0,-0.19239695434033444,-0.19239695434033444,-0.19239695434033444,0,0,0,0,0,-3.417721518987345,-3.9795918367346976,-2.2250483263811165,-0.3722516969661564,0.31759545407740386,-9.677017924991912,-9.677017924991912,NA,NA,NA,NA
Caleb Ferguson,CIN,pitcher,-4.713660512703543,NA,NA,NA,NA,NA,NA,NA,NA,58,3,0,55,4.21335,1.32343,0,0,0,0,0,0,0.07358973439795427,0,0.15177731336047884,0.01962308140277337,0.01198551535134794,0.25697564451255445,0.25697564451255445,0,0,0,0,0,0,0,0,0,0,1,P,0.4439721908381099,0.4439721908381099,0,0,0,0,0,0.13982049535611313,0.03627746556510604,0.2329091863204439,0.02333348430688774,0.0116315592895591,0,0,0,0,0,-0.06623076095815886,-0.03627746556510604,-0.08113187295996507,-0.00371040290411436,3.539560617888404e-4,0,-0.18699654632555548,-0.18699654632555548,-0.18699654632555548,0,0,0,0,0,-3.417721518987345,-3.9795918367346976,-2.01902533319768,-0.2902299775606929,0.02625959407578024,-9.680309072404636,-9.680309072404636,NA,NA,NA,NA
Yohan Ramirez,PIT,pitcher,-4.641678772955049,NA,NA,NA,NA,NA,NA,NA,NA,56,3,0,57,4.18124,1.33505,0,0,0,0,0,0,0.07358973439795427,0,0.157296488391769,0.01974903694244255,0.00990664633953167,0.26054190607169747,0.26054190607169747,0,0,0,0,0,0,0,0,0,0,1,P,0.4439721908381099,0.4439721908381099,0,0,0,0,0,0.13982049535611313,0.03627746556510604,0.2329091863204439,0.02333348430688774,0.0116315592895591,0,0,0,0,0,-0.06623076095815886,-0.03627746556510604,-0.07561269792867492,-0.00358444736444519,-0.00172491295002743,0,-0.1834302847664125,-0.1834302847664125,-0.1834302847664125,0,0,0,0,0,-3.417721518987345,-3.9795918367346976,-1.881676671075389,-0.2803776584469669,-0.12796931250410082,-9.6873369977485,-9.6873369977485,NA,NA,NA,NA
MJ Melendez,NYM,hitter,-13.882628821010393,35,32,7,1,4,4,1,0.215485,NA,NA,NA,NA,NA,NA,0.01375196855163672,0.01202365044850812,0.022520948979211,0.00825053858601311,-0.00629321267934302,0.05025389388602593,0,0,0,0,0,0,0.05025389388602593,0,0,0,0,0,1,0,0,1,0,0,OF,0.5185403056045699,0.5185403056045699,0.13133129966813067,0.10580812394687146,0.2071927306087412,0.07920517042572585,-0.00499701904489933,0,0,0,0,0,-0.11757933111649396,-0.09378447349836334,-0.1846717816295302,-0.07095463183971273,-0.00129619363444368,0,0,0,0,0,-0.4682864117185439,0,-0.4682864117185439,-0.4682864117185439,-1.8936100401935856,-1.8240988671472704,-1.3815271582261872,-4.536928487690505,-0.05498308919995102,0,0,0,0,0,-9.691147642457498,-9.691147642457498,NA,NA,NA,NA
Gregory Santos,SFG,pitcher,-3.637460146638256,NA,NA,NA,NA,NA,NA,NA,NA,53,3,0,50,3.6377100000000002,1.3779,0,0,0,0,0,0,0.07358973439795427,0,0.1379793757822535,0.03154917438880382,0.00356297985333271,0.24668126442234428,0.24668126442234428,0,0,0,0,0,0,0,0,0,0,1,P,0.4439721908381099,0.4439721908381099,0,0,0,0,0,0.13982049535611313,0.03627746556510604,0.2329091863204439,0.02333348430688774,0.0116315592895591,0,0,0,0,0,-0.06623076095815886,-0.03627746556510604,-0.0949298105381904,0.00821569008191608,-0.00806857943622639,0,-0.1972909264157656,-0.1972909264157656,-0.1972909264157656,0,0,0,0,0,-3.417721518987345,-3.9795918367346976,-2.362396988503408,0.6426362876861889,-0.598598650049092,-9.715672706588354,-9.715672706588354,NA,NA,NA,NA
JP Sears,SDP,pitcher,-4.323335566655114,NA,NA,NA,NA,NA,NA,NA,NA,56,3,0,50,4.47779,1.23862,0,0,0,0,0,0,0.07358973439795427,0,0.1379793757822535,0.01233654740392697,0.02372862859409686,0.2476342861782316,0.2476342861782316,0,0,0,0,0,0,0,0,0,1,0,P,0.4439721908381099,0.4439721908381099,0,0,0,0,0,0.13982049535611313,0.03627746556510604,0.2329091863204439,0.02333348430688774,0.0116315592895591,0,0,0,0,0,-0.06623076095815886,-0.03627746556510604,-0.0949298105381904,-0.01099693690296077,0.01209706930453776,0,-0.1963379046598783,-0.1963379046598783,-0.1963379046598783,0,0,0,0,0,-3.417721518987345,-3.9795918367346976,-2.362396988503408,-0.8601871098805828,0.8974676908719018,-9.72242976323413,-9.72242976323413,NA,NA,NA,NA
Pedro Leon,PHI,hitter,-14.214784621744029,21,19,4,1,2,3,1,0.216895,NA,NA,NA,NA,NA,NA,0.00687598427581836,0.01202365044850812,0.01689071173440825,0.00825053858601311,-0.00353834334698073,0.0405025416977671,0,0,0,0,0,0,0.0405025416977671,0,0,0,0,0,1,0,0,1,0,0,OF,0.5185403056045699,0.5185403056045699,0.13133129966813067,0.10580812394687146,0.2071927306087412,0.07920517042572585,-0.00499701904489933,0,0,0,0,0,-0.12445531539231232,-0.09378447349836334,-0.19030201887433293,-0.07095463183971273,0.0014586756979186,0,0,0,0,0,-0.4780377639068027,0,-0.4780377639068027,-0.4780377639068027,-2.004347469444673,-1.8797116374871263,-1.3815271582261872,-4.536928487690505,0.06187539722557048,0,0,0,0,0,-9.74063935562292,-9.74063935562292,NA,NA,NA,NA
Joel Payamps,ATL,pitcher,-4.12879922559185,NA,NA,NA,NA,NA,NA,NA,NA,53,3,0,48,4.06521,1.29281,0,0,0,0,0,0,0.07358973439795427,0,0.13246020075096335,0.02143593874322992,0.01510613493847411,0.2425920088306217,0.2425920088306217,0,0,0,0,0,0,0,0,0,0,1,P,0.4439721908381099,0.4439721908381099,0,0,0,0,0,0.13982049535611313,0.03627746556510604,0.2329091863204439,0.02333348430688774,0.0116315592895591,0,0,0,0,0,-0.06623076095815886,-0.03627746556510604,-0.10044898556948056,-0.00189754556365781,0.003474575648915,0,-0.20138018200748828,-0.20138018200748828,-0.20138018200748828,0,0,0,0,0,-3.417721518987345,-3.9795918367346976,-2.499745650625699,-0.14842717100887268,0.25777478047693525,-9.78771139687968,-9.78771139687968,NA,NA,NA,NA
Ryan Feltner,COL,pitcher,-14.063748892492807,NA,NA,NA,NA,NA,NA,NA,NA,101,5,0,84,5.14889,1.48721,0,0,0,0,0,0,0.1226495573299238,0,0.2318053513141859,-0.00800443061053236,-0.02146882013723749,0.3249816578963398,0.3249816578963398,0,0,0,0,0,0,0,0,0,1,0,P,0.4439721908381099,0.4439721908381099,0,0,0,0,0,0.13982049535611313,0.03627746556510604,0.2329091863204439,0.02333348430688774,0.0116315592895591,0,0,0,0,0,-0.01717093802618932,-0.03627746556510604,-0.00110383500625801,-0.0313379149174201,-0.03310037942679659,0,-0.11899053294177006,-0.11899053294177006,-0.11899053294177006,0,0,0,0,0,-0.886075949367089,-3.9795918367346976,-0.02746973242445801,-2.4512708129880743,-2.4556791685080004,-9.800087500022318,-9.800087500022318,NA,NA,NA,NA
Jacob Webb,CHC,pitcher,-4.394612378391227,NA,NA,NA,NA,NA,NA,NA,NA,54,3,0,51,4.26439,1.28518,0,0,0,0,0,0,0.07358973439795427,0,0.14073896329789856,0.01703954606596717,0.01644575797470317,0.2478140017365232,0.2478140017365232,0,0,0,0,0,0,0,0,0,0,1,P,0.4439721908381099,0.4439721908381099,0,0,0,0,0,0.13982049535611313,0.03627746556510604,0.2329091863204439,0.02333348430688774,0.0116315592895591,0,0,0,0,0,-0.06623076095815886,-0.03627746556510604,-0.09217022302254536,-0.00629393824092057,0.00481419868514407,0,-0.19615818910158675,-0.19615818910158675,-0.19615818910158675,0,0,0,0,0,-3.417721518987345,-3.9795918367346976,-2.2937226574422627,-0.4923156869042971,0.35715987637882585,-9.826191823689776,-9.826191823689776,NA,NA,NA,NA
Porter Hodge,CHC,pitcher,-4.044848326942728,NA,NA,NA,NA,NA,NA,NA,NA,50,3,0,56,4.01525,1.34991,0,0,0,0,0,0,0.07358973439795427,0,0.15453690087612393,0.02133757269244989,0.00694344574726857,0.2564076537137967,0.2564076537137967,0,0,0,0,0,0,0,0,0,0,1,P,0.4439721908381099,0.4439721908381099,0,0,0,0,0,0.13982049535611313,0.03627746556510604,0.2329091863204439,0.02333348430688774,0.0116315592895591,0,0,0,0,0,-0.06623076095815886,-0.03627746556510604,-0.07837228544431998,-0.00199591161443784,-0.00468811354229053,0,-0.18756453712431329,-0.18756453712431329,-0.18756453712431329,0,0,0,0,0,-3.417721518987345,-3.9795918367346976,-1.9503510021365345,-0.15612142347912722,-0.3478057643074356,-9.85159154564514,-9.85159154564514,NA,NA,NA,NA
Corbin Burnes,ARI,pitcher,-1.751348420881758,NA,NA,NA,NA,NA,NA,NA,NA,39,3,0,37,3.50657,1.21394,0,0,0,0,0,0,0.07358973439795427,0,0.1021047380788676,0.0254982830928917,0.01898894996323865,0.22018170553295224,0.22018170553295224,0,0,0,0,0,0,0,0,0,1,0,P,0.4439721908381099,0.4439721908381099,0,0,0,0,0,0.13982049535611313,0.03627746556510604,0.2329091863204439,0.02333348430688774,0.0116315592895591,0,0,0,0,0,-0.06623076095815886,-0.03627746556510604,-0.13080444824157633,0.00216479878600396,0.00735739067367955,0,-0.22379048530515777,-0.22379048530515777,-0.22379048530515777,0,0,0,0,0,-3.417721518987345,-3.9795918367346976,-3.2551632922983007,0.169331881017194,0.5458363718122022,-9.937308395190948,-9.937308395190948,Hoosiers,IL,2,27
Garrett Hampson,CIN,hitter,-14.860066399838209,21,19,4,0,2,1,1,0.215564,NA,NA,NA,NA,NA,NA,0.00687598427581836,0,0.00563023724480275,0.00825053858601311,-0.00372548731004151,0.0170312727965927,0,0,0,0,0,0,0.0170312727965927,0,0,0,0,0,1,0,0,1,0,0,OF,0.5185403056045699,0.5185403056045699,0.13133129966813067,0.10580812394687146,0.2071927306087412,0.07920517042572585,-0.00499701904489933,0,0,0,0,0,-0.12445531539231232,-0.10580812394687146,-0.20156249336393844,-0.07095463183971273,0.00127153173485782,0,0,0,0,0,-0.5015090328079771,0,-0.5015090328079771,-0.5015090328079771,-2.004347469444673,-1.990937178166838,-1.558646024665442,-4.536928487690505,0.05393695890835144,0,0,0,0,0,-10.036922201059106,-10.036922201059106,NA,NA,NA,NA
Jackson Rutledge,WSN,pitcher,-7.047388912282056,NA,NA,NA,NA,NA,NA,NA,NA,57,3,1,49,4.59953,1.38567,0,0,0,0,0,0,0.07358973439795427,0.01395287137119463,0.13521978826660844,0.00945952136500064,0.00269826787627446,0.23492018327703248,0.23492018327703248,0,0,0,0,0,0,0,0,0,0,1,P,0.4439721908381099,0.4439721908381099,0,0,0,0,0,0.13982049535611313,0.03627746556510604,0.2329091863204439,0.02333348430688774,0.0116315592895591,0,0,0,0,0,-0.06623076095815886,-0.02232459419391141,-0.09768939805383547,-0.0138739629418871,-0.00893329141328464,0,-0.2090520075610775,-0.2090520075610775,-0.2090520075610775,0,0,0,0,0,-3.417721518987345,-2.448979591836737,-2.4310713195645532,-1.0852298408986103,-0.6627506394097413,-10.045752910696988,-10.045752910696988,NA,NA,NA,NA
DL Hall,MIL,pitcher,-4.243871299559317,NA,NA,NA,NA,NA,NA,NA,NA,52,3,0,52,4.02891,1.35061,0,0,0,0,0,0,0.07358973439795427,0,0.14349855081354365,0.0218740223708082,0.00712801455853991,0.24609032214084609,0.24609032214084609,0,0,0,0,0,0,0,0,0,0,1,P,0.4439721908381099,0.4439721908381099,0,0,0,0,0,0.13982049535611313,0.03627746556510604,0.2329091863204439,0.02333348430688774,0.0116315592895591,0,0,0,0,0,-0.06623076095815886,-0.03627746556510604,-0.08941063550690026,-0.00145946193607953,-0.00450354473101919,0,-0.1978818686972639,-0.1978818686972639,-0.1978818686972639,0,0,0,0,0,-3.417721518987345,-3.9795918367346976,-2.2250483263811165,-0.11416000254025074,-0.3341128159834539,-10.070634500626864,-10.070634500626864,NA,NA,NA,NA
Sterlin Thompson,COL,hitter,10.777001897736806,21,19,5,1,2,2,0,0.258361,NA,NA,NA,NA,NA,NA,0.00687598427581836,0.01202365044850812,0.0112604744896055,0,0.0022919433339196,0.03245205254785158,0,0,0,0,0,0,0.03245205254785158,0,0,0,0,0,1,0,0,1,0,0,OF,0.5185403056045699,0.5185403056045699,0.13133129966813067,0.10580812394687146,0.2071927306087412,0.07920517042572585,-0.00499701904489933,0,0,0,0,0,-0.12445531539231232,-0.09378447349836334,-0.1959322561191357,-0.07920517042572585,0.00728896237881893,0,0,0,0,0,-0.48608825305671827,0,-0.48608825305671827,-0.48608825305671827,-2.004347469444673,-1.9353244078269825,-1.3815271582261872,-5.064478311840565,0.3091896596311352,0,0,0,0,0,-10.076487687707273,-10.076487687707273,NA,NA,NA,NA
Josh White,MIA,pitcher,-2.751631181094091,NA,NA,NA,NA,NA,NA,NA,NA,47,3,0,47,3.96128,1.30158,0,0,0,0,0,0,0.07358973439795427,0,0.12970061323531829,0.02118953205290251,0.01234096970254567,0.23682084938872075,0.23682084938872075,0,0,0,0,0,0,0,0,0,0,0,P,0.4439721908381099,0.4439721908381099,0,0,0,0,0,0.13982049535611313,0.03627746556510604,0.2329091863204439,0.02333348430688774,0.0116315592895591,0,0,0,0,0,-0.06623076095815886,-0.03627746556510604,-0.10320857308512564,-0.00214395225398522,7.0941041298656e-4,0,-0.2071513414493892,-0.2071513414493892,-0.2071513414493892,0,0,0,0,0,-3.417721518987345,-3.9795918367346976,-2.5684199816868447,-0.16770125257161303,0.05263034452358759,-10.080804245456912,-10.080804245456912,NA,NA,NA,NA
Sam Hentges,SFG,pitcher,-1.7258290105674212,NA,NA,NA,NA,NA,NA,NA,NA,44,2,0,43,3.27971,1.22473,0,0,0,0,0,0,0.04905982293196952,0,0.118662263172738,0.03322271469237471,0.02020824052776356,0.22115304132484576,0.22115304132484576,0,0,0,0,0,0,0,0,0,0,1,P,0.4439721908381099,0.4439721908381099,0,0,0,0,0,0.13982049535611313,0.03627746556510604,0.2329091863204439,0.02333348430688774,0.0116315592895591,0,0,0,0,0,-0.0907606724241436,-0.03627746556510604,-0.11424692314770592,0.00988923038548696,0.00857668123820446,0,-0.22281914951326415,-0.22281914951326415,-0.22281914951326415,0,0,0,0,0,-4.683544303797472,-3.9795918367346976,-2.843117305931427,0.7735416306648989,0.6362941397143498,-10.096417676084348,-10.096417676084348,NA,NA,NA,NA
A.J. Vukovich,ARI,hitter,10.777001897736806,28,26,6,1,3,3,0,0.235895,NA,NA,NA,NA,NA,NA,0.01031397641372754,0.01202365044850812,0.01689071173440825,0,-0.0011862387644268,0.0380420998322171,0,0,0,0,0,0,0.0380420998322171,0,0,0,0,0,0,0,0,0,0,0,Util,0.5185403056045699,0.5185403056045699,0.13133129966813067,0.10580812394687146,0.2071927306087412,0.07920517042572585,-0.00499701904489933,0,0,0,0,0,-0.12101732325440312,-0.09378447349836334,-0.19030201887433293,-0.07920517042572585,0.00381078028047253,0,0,0,0,0,-0.4804982057723527,0,-0.4804982057723527,-0.4804982057723527,-1.9489787548191289,-1.8797116374871263,-1.3815271582261872,-5.064478311840565,0.16164905189691242,0,0,0,0,0,-10.113046810476096,-10.113046810476096,NA,NA,NA,NA
Kevin Alcantara,CHC,hitter,-14.207275549130824,28,25,6,1,3,3,0,0.231263,NA,NA,NA,NA,NA,NA,0.01031397641372754,0.01202365044850812,0.01689071173440825,0,-0.00199755875437349,0.03723077984227041,0,0,0,0,0,0,0.03723077984227041,0,0,0,0,0,1,0,0,1,0,0,OF,0.5185403056045699,0.5185403056045699,0.13133129966813067,0.10580812394687146,0.2071927306087412,0.07920517042572585,-0.00499701904489933,0,0,0,0,0,-0.12101732325440312,-0.09378447349836334,-0.19030201887433293,-0.07920517042572585,0.00299946029052584,0,0,0,0,0,-0.4813095257622994,0,-0.4813095257622994,-0.4813095257622994,-1.9489787548191289,-1.8797116374871263,-1.3815271582261872,-5.064478311840565,0.127233762242996,0,0,0,0,0,-10.147462100130012,-10.147462100130012,NA,NA,NA,NA
Rece Hinds,CIN,hitter,-14.48288772819347,14,13,3,1,2,2,0,0.232552,NA,NA,NA,NA,NA,NA,0.00687598427581836,0.01202365044850812,0.0112604744896055,0,-9.147251986022844e-4,0.02924538401532969,0,0,0,0,0,0,0.02924538401532969,0,0,0,0,0,1,0,0,1,0,0,OF,0.5185403056045699,0.5185403056045699,0.13133129966813067,0.10580812394687146,0.2071927306087412,0.07920517042572585,-0.00499701904489933,0,0,0,0,0,-0.12445531539231232,-0.09378447349836334,-0.1959322561191357,-0.07920517042572585,0.00408229384629704,0,0,0,0,0,-0.48929492158924015,0,-0.48929492158924015,-0.48929492158924015,-2.004347469444673,-1.9353244078269825,-1.3815271582261872,-5.064478311840565,0.1731663547226845,0,0,0,0,0,-10.212510992615725,-10.212510992615725,NA,NA,NA,NA
Gordon Graceffo,STL,pitcher,-5.2853460606099905,NA,NA,NA,NA,NA,NA,NA,NA,58,3,0,46,4.21908,1.31579,0,0,0,0,0,0,0.07358973439795427,0,0.12694102571967322,0.01947474055605816,0.01311972017361779,0.23312522084730344,0.23312522084730344,0,0,0,0,0,0,0,0,0,0,1,P,0.4439721908381099,0.4439721908381099,0,0,0,0,0,0.13982049535611313,0.03627746556510604,0.2329091863204439,0.02333348430688774,0.0116315592895591,0,0,0,0,0,-0.06623076095815886,-0.03627746556510604,-0.10596816060077068,-0.00385874375082958,0.00148816088405868,0,-0.2108469699908065,-0.2108469699908065,-0.2108469699908065,0,0,0,0,0,-3.417721518987345,-3.9795918367346976,-2.63709431274799,-0.3018332890408963,0.1104049483920084,-10.225836009118922,-10.225836009118922,NA,NA,NA,NA
Nelson Velazquez,STL,hitter,-14.514798408539468,21,19,4,1,2,3,0,0.220472,NA,NA,NA,NA,NA,NA,0.00687598427581836,0.01202365044850812,0.01689071173440825,0,-0.00303540273400672,0.03275494372472801,0,0,0,0,0,0,0.03275494372472801,0,0,0,0,0,1,0,0,1,0,0,OF,0.5185403056045699,0.5185403056045699,0.13133129966813067,0.10580812394687146,0.2071927306087412,0.07920517042572585,-0.00499701904489933,0,0,0,0,0,-0.12445531539231232,-0.09378447349836334,-0.19030201887433293,-0.07920517042572585,0.00196161631089261,0,0,0,0,0,-0.48578536187984184,0,-0.48578536187984184,-0.48578536187984184,-2.004347469444673,-1.8797116374871263,-1.3815271582261872,-5.064478311840565,0.08320957743645886,0,0,0,0,0,-10.246854999562093,-10.246854999562093,NA,NA,NA,NA
Rob Zastryzny,MIL,pitcher,-4.600316556232667,NA,NA,NA,NA,NA,NA,NA,NA,50,3,0,46,4.10326,1.30541,0,0,0,0,0,0,0.07358973439795427,0,0.12694102571967322,0.01937339776324994,0.01263852998979971,0.23254268787067717,0.23254268787067717,0,0,0,0,0,0,0,0,0,0,1,P,0.4439721908381099,0.4439721908381099,0,0,0,0,0,0.13982049535611313,0.03627746556510604,0.2329091863204439,0.02333348430688774,0.0116315592895591,0,0,0,0,0,-0.06623076095815886,-0.03627746556510604,-0.10596816060077068,-0.00396008654363779,0.0010069707002406,0,-0.2114295029674328,-0.2114295029674328,-0.2114295029674328,0,0,0,0,0,-3.417721518987345,-3.9795918367346976,-2.63709431274799,-0.3097603840876505,0.07470600079819367,-10.26946205175949,-10.26946205175949,NA,NA,NA,NA
Jordan Wicks,CHC,pitcher,-3.1140658899162563,NA,NA,NA,NA,NA,NA,NA,NA,44,3,0,40,3.8614,1.26773,0,0,0,0,0,0,0.07358973439795427,0,0.1103835006258028,0.02179860374113778,0.0153654992302944,0.22113733799518925,0.22113733799518925,0,0,0,0,0,0,0,0,0,0,1,P,0.4439721908381099,0.4439721908381099,0,0,0,0,0,0.13982049535611313,0.03627746556510604,0.2329091863204439,0.02333348430688774,0.0116315592895591,0,0,0,0,0,-0.06623076095815886,-0.03627746556510604,-0.12252568569464112,-0.00153488056574995,0.00373393994073529,0,-0.2228348528429207,-0.2228348528429207,-0.2228348528429207,0,0,0,0,0,-3.417721518987345,-3.9795918367346976,-3.049140299114864,-0.12005929373922876,0.2770167196784629,-10.289496228897672,-10.289496228897672,NA,NA,NA,NA
Trevor McDonald,SFG,pitcher,-5.953453318358425,NA,NA,NA,NA,NA,NA,NA,NA,62,3,0,48,4.21853,1.34873,0,0,0,0,0,0,0.07358973439795427,0,0.13246020075096335,0.02083304673773306,0.0087971322156843,0.235680114102335,0.235680114102335,0,0,0,0,0,0,0,0,0,1,0,P,0.4439721908381099,0.4439721908381099,0,0,0,0,0,0.13982049535611313,0.03627746556510604,0.2329091863204439,0.02333348430688774,0.0116315592895591,0,0,0,0,0,-0.06623076095815886,-0.03627746556510604,-0.10044898556948056,-0.00250043756915467,-0.0028344270738748,0,-0.20829207673577496,-0.20829207673577496,-0.20829207673577496,0,0,0,0,0,-3.417721518987345,-3.9795918367346976,-2.499745650625699,-0.19558575128942585,-0.21028289223580837,-10.302927649872975,-10.302927649872975,NA,NA,NA,NA
Manuel Margot,NA,hitter,NA,21,19,5,0,2,2,0,0.243826,NA,NA,NA,NA,NA,NA,0.00687598427581836,0,0.0112604744896055,0,2.4826376736178645e-4,0.01838472253278564,0,0,0,0,0,0,0.01838472253278564,0,0,0,0,0,0,0,0,0,0,0,Util,0.5185403056045699,0.5185403056045699,0.13133129966813067,0.10580812394687146,0.2071927306087412,0.07920517042572585,-0.00499701904489933,0,0,0,0,0,-0.12445531539231232,-0.10580812394687146,-0.1959322561191357,-0.07920517042572585,0.00524528281226111,0,0,0,0,0,-0.5001555830717842,0,-0.5001555830717842,-0.5001555830717842,-2.004347469444673,-1.9353244078269825,-1.558646024665442,-5.064478311840565,0.2224990503593249,0,0,0,0,0,-10.340297163418338,-10.340297163418338,NA,NA,NA,NA
Akil Baddoo,MIL,hitter,-14.735918478065676,14,12,3,0,2,2,0,0.22402,NA,NA,NA,NA,NA,NA,0.00687598427581836,0,0.0112604744896055,0,-0.0016020250344529,0.01653443373097095,0,0,0,0,0,0,0.01653443373097095,0,0,0,0,0,1,0,0,1,0,0,OF,0.5185403056045699,0.5185403056045699,0.13133129966813067,0.10580812394687146,0.2071927306087412,0.07920517042572585,-0.00499701904489933,0,0,0,0,0,-0.12445531539231232,-0.10580812394687146,-0.1959322561191357,-0.07920517042572585,0.00339499401044643,0,0,0,0,0,-0.5020058718735989,0,-0.5020058718735989,-0.5020058718735989,-2.004347469444673,-1.9353244078269825,-1.558646024665442,-5.064478311840565,0.1440118617692416,0,0,0,0,0,-10.41878435200842,-10.41878435200842,NA,NA,NA,NA
Christian Franklin,WSN,hitter,10.777001897736806,14,12,3,0,2,1,0,0.23306,NA,NA,NA,NA,NA,NA,0.00687598427581836,0,0.00563023724480275,0,-7.992500290025698e-4,0.01170697149161854,0,0,0,0,0,0,0.01170697149161854,0,0,0,0,0,1,0,0,1,0,0,OF,0.5185403056045699,0.5185403056045699,0.13133129966813067,0.10580812394687146,0.2071927306087412,0.07920517042572585,-0.00499701904489933,0,0,0,0,0,-0.12445531539231232,-0.10580812394687146,-0.20156249336393844,-0.07920517042572585,0.00419776901589676,0,0,0,0,0,-0.5068333341129513,0,-0.5068333341129513,-0.5068333341129513,-2.004347469444673,-1.990937178166838,-1.558646024665442,-5.064478311840565,0.17806468270529766,0,0,0,0,0,-10.44034430141222,-10.44034430141222,NA,NA,NA,NA
Dylan Dodd,ATL,pitcher,-3.726038664467869,NA,NA,NA,NA,NA,NA,NA,NA,46,3,0,39,4.00166,1.267,0,0,0,0,0,0,0.07358973439795427,0,0.10762391311015772,0.01990959978586881,0.01614988199275442,0.21727312928673528,0.21727312928673528,0,0,0,0,0,0,0,0,0,0,1,P,0.4439721908381099,0.4439721908381099,0,0,0,0,0,0.13982049535611313,0.03627746556510604,0.2329091863204439,0.02333348430688774,0.0116315592895591,0,0,0,0,0,-0.06623076095815886,-0.03627746556510604,-0.1252852732102862,-0.00342388452101892,0.00451832270319532,0,-0.22669906155137473,-0.22669906155137473,-0.22669906155137473,0,0,0,0,0,-3.417721518987345,-3.9795918367346976,-3.11781463017601,-0.2678183349317197,0.3352091767821563,-10.447737144047617,-10.447737144047617,NA,NA,NA,NA
Hector Rodriguez,CIN,hitter,10.777001897736806,7,7,2,0,1,1,0,0.247758,NA,NA,NA,NA,NA,NA,0.00343799213790918,0,0.00563023724480275,0,2.9514903554093606e-4,0.00936337841825286,0,0,0,0,0,0,0.00936337841825286,0,0,0,0,0,1,0,0,1,0,0,OF,0.5185403056045699,0.5185403056045699,0.13133129966813067,0.10580812394687146,0.2071927306087412,0.07920517042572585,-0.00499701904489933,0,0,0,0,0,-0.1278933075302215,-0.10580812394687146,-0.20156249336393844,-0.07920517042572585,0.00529216808044026,0,0,0,0,0,-0.5091769271863169,0,-0.5091769271863169,-0.5091769271863169,-2.059716184070216,-1.990937178166838,-1.558646024665442,-5.064478311840565,0.22448787117587232,0,0,0,0,0,-10.449289827567188,-10.449289827567188,NA,NA,NA,NA
Dylan Carlson,CHC,hitter,-14.88785326551093,14,12,3,0,2,1,0,0.229629,NA,NA,NA,NA,NA,NA,0.00687598427581836,0,0.00563023724480275,0,-0.00110393156038532,0.01140228996023578,0,0,0,0,0,0,0.01140228996023578,0,0,0,0,0,1,0,0,1,0,0,OF,0.5185403056045699,0.5185403056045699,0.13133129966813067,0.10580812394687146,0.2071927306087412,0.07920517042572585,-0.00499701904489933,0,0,0,0,0,-0.12445531539231232,-0.10580812394687146,-0.20156249336393844,-0.07920517042572585,0.00389308748451401,0,0,0,0,0,-0.507138015644334,0,-0.507138015644334,-0.507138015644334,-2.004347469444673,-1.990937178166838,-1.558646024665442,-5.064478311840565,0.16514043175047383,0,0,0,0,0,-10.453268552367044,-10.453268552367044,NA,NA,NA,NA
Justin Bruihl,STL,pitcher,-5.109926539847125,NA,NA,NA,NA,NA,NA,NA,NA,54,3,0,47,4.07615,1.35476,0,0,0,0,0,0,0.07358973439795427,0,0.12970061323531829,0.02157670311364818,0.00682856519890673,0.2316956159458275,0.2316956159458275,0,0,0,0,0,0,0,0,0,0,1,P,0.4439721908381099,0.4439721908381099,0,0,0,0,0,0.13982049535611313,0.03627746556510604,0.2329091863204439,0.02333348430688774,0.0116315592895591,0,0,0,0,0,-0.06623076095815886,-0.03627746556510604,-0.10320857308512564,-0.00175678119323955,-0.00480299409065237,0,-0.21227657489228244,-0.21227657489228244,-0.21227657489228244,0,0,0,0,0,-3.417721518987345,-3.9795918367346976,-2.5684199816868447,-0.13741649612433796,-0.3563286203702445,-10.459478453903468,-10.459478453903468,NA,NA,NA,NA
Kemp Alderman,MIA,hitter,10.777001897736806,7,6,2,0,1,1,0,0.241769,NA,NA,NA,NA,NA,NA,0.00343799213790918,0,0.00563023724480275,0,-1.2934332948906938e-5,0.00905529504976302,0,0,0,0,0,0,0.00905529504976302,0,0,0,0,0,1,0,0,1,0,0,OF,0.5185403056045699,0.5185403056045699,0.13133129966813067,0.10580812394687146,0.2071927306087412,0.07920517042572585,-0.00499701904489933,0,0,0,0,0,-0.1278933075302215,-0.10580812394687146,-0.20156249336393844,-0.07920517042572585,0.00498408471195042,0,0,0,0,0,-0.5094850105548068,0,-0.5094850105548068,-0.5094850105548068,-2.059716184070216,-1.990937178166838,-1.558646024665442,-5.064478311840565,0.211419318082747,0,0,0,0,0,-10.462358380660314,-10.462358380660314,NA,NA,NA,NA
Dominic Fletcher,PIT,hitter,-14.848932872722116,7,6,2,0,1,1,0,0.241509,NA,NA,NA,NA,NA,NA,0.00343799213790918,0,0.00563023724480275,0,-2.4478663779498508e-5,0.00904375071893243,0,0,0,0,0,0,0.00904375071893243,0,0,0,0,0,1,0,0,1,0,0,OF,0.5185403056045699,0.5185403056045699,0.13133129966813067,0.10580812394687146,0.2071927306087412,0.07920517042572585,-0.00499701904489933,0,0,0,0,0,-0.1278933075302215,-0.10580812394687146,-0.20156249336393844,-0.07920517042572585,0.00497254038111983,0,0,0,0,0,-0.5094965548856374,0,-0.5094965548856374,-0.5094965548856374,-2.059716184070216,-1.990937178166838,-1.558646024665442,-5.064478311840565,0.21092962043654265,0,0,0,0,0,-10.462848078306518,-10.462848078306518,NA,NA,NA,NA
Tirso Ornelas,SDP,hitter,-14.848932872722116,7,6,2,0,1,1,0,0.239682,NA,NA,NA,NA,NA,NA,0.00343799213790918,0,0.00563023724480275,0,-1.0559978850061356e-4,0.00896262959421131,0,0,0,0,0,0,0.00896262959421131,0,0,0,0,0,1,0,0,1,0,0,OF,0.5185403056045699,0.5185403056045699,0.13133129966813067,0.10580812394687146,0.2071927306087412,0.07920517042572585,-0.00499701904489933,0,0,0,0,0,-0.1278933075302215,-0.10580812394687146,-0.20156249336393844,-0.07920517042572585,0.00489141925639871,0,0,0,0,0,-0.5095776760103585,0,-0.5095776760103585,-0.5095776760103585,-2.059716184070216,-1.990937178166838,-1.558646024665442,-5.064478311840565,0.2074885527457144,0,0,0,0,0,-10.466289145997347,-10.466289145997347,NA,NA,NA,NA
Jared Young,NYM,hitter,-15.195376124919576,7,6,1,0,1,1,0,0.237339,NA,NA,NA,NA,NA,NA,0.00343799213790918,0,0.00563023724480275,0,-2.0963196979321017e-4,0.00885859741291872,0,0,0,0,0,0,0.00885859741291872,0,0,0,0,0,0,0,0,1,0,0,Util,0.5185403056045699,0.5185403056045699,0.13133129966813067,0.10580812394687146,0.2071927306087412,0.07920517042572585,-0.00499701904489933,0,0,0,0,0,-0.1278933075302215,-0.10580812394687146,-0.20156249336393844,-0.07920517042572585,0.00478738707510612,0,0,0,0,0,-0.5096817081916512,0,-0.5096817081916512,-0.5096817081916512,-2.059716184070216,-1.990937178166838,-1.558646024665442,-5.064478311840565,0.203075623572419,0,0,0,0,0,-10.470702075170642,-10.470702075170642,NA,NA,NA,NA
Matt Koperniak,STL,hitter,10.777001897736806,14,13,3,0,1,1,0,0.238867,NA,NA,NA,NA,NA,NA,0.00343799213790918,0,0.00563023724480275,0,-3.072047886424283e-4,0.0087610245940695,0,0,0,0,0,0,0.0087610245940695,0,0,0,0,0,1,0,0,1,0,0,OF,0.5185403056045699,0.5185403056045699,0.13133129966813067,0.10580812394687146,0.2071927306087412,0.07920517042572585,-0.00499701904489933,0,0,0,0,0,-0.1278933075302215,-0.10580812394687146,-0.20156249336393844,-0.07920517042572585,0.0046898142562569,0,0,0,0,0,-0.5097792810105003,0,-0.5097792810105003,-0.5097792810105003,-2.059716184070216,-1.990937178166838,-1.558646024665442,-5.064478311840565,0.19893669335418832,0,0,0,0,0,-10.474841005388871,-10.474841005388871,NA,NA,NA,NA
Ryan Ward,LAD,hitter,10.777001897736806,7,6,1,0,1,1,0,0.226996,NA,NA,NA,NA,NA,NA,0.00343799213790918,0,0.00563023724480275,0,-6.688743304886093e-4,0.00839935505222332,0,0,0,0,0,0,0.00839935505222332,0,0,0,0,0,0,0,0,0,0,0,Util,0.5185403056045699,0.5185403056045699,0.13133129966813067,0.10580812394687146,0.2071927306087412,0.07920517042572585,-0.00499701904489933,0,0,0,0,0,-0.1278933075302215,-0.10580812394687146,-0.20156249336393844,-0.07920517042572585,0.00432814471441072,0,0,0,0,0,-0.5101409505523465,0,-0.5101409505523465,-0.5101409505523465,-2.059716184070216,-1.990937178166838,-1.558646024665442,-5.064478311840565,0.18359507451591292,0,0,0,0,0,-10.490182624227147,-10.490182624227147,NA,NA,NA,NA
Grant McCray,SFG,hitter,-15.195376124919576,7,6,1,0,1,1,0,0.222961,NA,NA,NA,NA,NA,NA,0.00343799213790918,0,0.00563023724480275,0,-8.480334647248989e-4,0.00822019591798703,0,0,0,0,0,0,0.00822019591798703,0,0,0,0,0,1,0,0,1,0,0,OF,0.5185403056045699,0.5185403056045699,0.13133129966813067,0.10580812394687146,0.2071927306087412,0.07920517042572585,-0.00499701904489933,0,0,0,0,0,-0.1278933075302215,-0.10580812394687146,-0.20156249336393844,-0.07920517042572585,0.00414898558017443,0,0,0,0,0,-0.5103201096865828,0,-0.5103201096865828,-0.5103201096865828,-2.059716184070216,-1.990937178166838,-1.558646024665442,-5.064478311840565,0.17599534373731848,0,0,0,0,0,-10.497782355005745,-10.497782355005745,NA,NA,NA,NA
Jack Suwinski,LAD,hitter,-15.195376124919576,7,6,1,0,1,1,0,0.218378,NA,NA,NA,NA,NA,NA,0.00343799213790918,0,0.00563023724480275,0,-0.00105152449625028,0.00801670488646165,0,0,0,0,0,0,0.00801670488646165,0,0,0,0,0,1,0,0,1,0,0,OF,0.5185403056045699,0.5185403056045699,0.13133129966813067,0.10580812394687146,0.2071927306087412,0.07920517042572585,-0.00499701904489933,0,0,0,0,0,-0.1278933075302215,-0.10580812394687146,-0.20156249336393844,-0.07920517042572585,0.00394549454864905,0,0,0,0,0,-0.5105236007181082,0,-0.5105236007181082,-0.5105236007181082,-2.059716184070216,-1.990937178166838,-1.558646024665442,-5.064478311840565,0.1673634809967241,0,0,0,0,0,-10.506414217746338,-10.506414217746338,NA,NA,NA,NA
Brock Stewart,LAD,pitcher,-3.392496878892021,NA,NA,NA,NA,NA,NA,NA,NA,44,2,0,51,3.80935,1.2438,0,0,0,0,0,0,0.04905982293196952,0,0.14073896329789856,0.02282084062850371,0.01806054107328131,0.23068016793165308,0.23068016793165308,0,0,0,0,0,0,0,0,0,0,1,P,0.4439721908381099,0.4439721908381099,0,0,0,0,0,0.13982049535611313,0.03627746556510604,0.2329091863204439,0.02333348430688774,0.0116315592895591,0,0,0,0,0,-0.0907606724241436,-0.03627746556510604,-0.09217022302254536,-5.126436783840296e-4,0.00642898178372221,0,-0.2132920229064568,-0.2132920229064568,-0.2132920229064568,0,0,0,0,0,-4.683544303797472,-3.9795918367346976,-2.2937226574422627,-0.04009930110529094,0.47695878157285326,-10.519999317506873,-10.519999317506873,NA,NA,NA,NA
Kristian Robinson,ARI,hitter,10.777001897736806,7,6,1,0,1,1,0,0.21104,NA,NA,NA,NA,NA,NA,0.00343799213790918,0,0.00563023724480275,0,-0.0013773410333075,0.00769088834940443,0,0,0,0,0,0,0.00769088834940443,0,0,0,0,0,1,0,0,1,0,0,OF,0.5185403056045699,0.5185403056045699,0.13133129966813067,0.10580812394687146,0.2071927306087412,0.07920517042572585,-0.00499701904489933,0,0,0,0,0,-0.1278933075302215,-0.10580812394687146,-0.20156249336393844,-0.07920517042572585,0.00361967801159183,0,0,0,0,0,-0.5108494172551654,0,-0.5108494172551654,-0.5108494172551654,-2.059716184070216,-1.990937178166838,-1.558646024665442,-5.064478311840565,0.15354270665884912,0,0,0,0,0,-10.520234992084212,-10.520234992084212,NA,NA,NA,NA
Huascar Brazoban,NYM,pitcher,-5.2599626906666606,NA,NA,NA,NA,NA,NA,NA,NA,52,3,0,49,4.08262,1.36593,0,0,0,0,0,0,0.07358973439795427,0,0.13521978826660844,0.02062739506862408,0.00508894403675564,0.23452586176994245,0.23452586176994245,0,0,0,0,0,0,0,0,0,0,1,P,0.4439721908381099,0.4439721908381099,0,0,0,0,0,0.13982049535611313,0.03627746556510604,0.2329091863204439,0.02333348430688774,0.0116315592895591,0,0,0,0,0,-0.06623076095815886,-0.03627746556510604,-0.09768939805383547,-0.00270608923826366,-0.00654261525280346,0,-0.20944632906816751,-0.20944632906816751,-0.20944632906816751,0,0,0,0,0,-3.417721518987345,-3.9795918367346976,-2.4310713195645532,-0.2116719502422765,-0.4853891182548013,-10.525445743783674,-10.525445743783674,NA,NA,NA,NA
Steward Berroa,MIL,hitter,-15.195376124919576,7,6,1,0,1,1,0,0.208066,NA,NA,NA,NA,NA,NA,0.00343799213790918,0,0.00563023724480275,0,-0.00150939041750049,0.00755883896521143,0,0,0,0,0,0,0.00755883896521143,0,0,0,0,0,1,0,0,1,0,0,OF,0.5185403056045699,0.5185403056045699,0.13133129966813067,0.10580812394687146,0.2071927306087412,0.07920517042572585,-0.00499701904489933,0,0,0,0,0,-0.1278933075302215,-0.10580812394687146,-0.20156249336393844,-0.07920517042572585,0.00348762862739884,0,0,0,0,0,-0.5109814666393584,0,-0.5109814666393584,-0.5109814666393584,-2.059716184070216,-1.990937178166838,-1.558646024665442,-5.064478311840565,0.14794131896726562,0,0,0,0,0,-10.525836379775797,-10.525836379775797,NA,NA,NA,NA
Justin Dean,CHC,hitter,-15.195376124919576,7,6,1,0,1,1,0,0.2077,NA,NA,NA,NA,NA,NA,0.00343799213790918,0,0.00563023724480275,0,-0.00152564128320817,0.00754258809950375,0,0,0,0,0,0,0.00754258809950375,0,0,0,0,0,1,0,0,1,0,0,OF,0.5185403056045699,0.5185403056045699,0.13133129966813067,0.10580812394687146,0.2071927306087412,0.07920517042572585,-0.00499701904489933,0,0,0,0,0,-0.1278933075302215,-0.10580812394687146,-0.20156249336393844,-0.07920517042572585,0.00347137776169116,0,0,0,0,0,-0.5109977175050661,0,-0.5109977175050661,-0.5109977175050661,-2.059716184070216,-1.990937178166838,-1.558646024665442,-5.064478311840565,0.14725197535760864,0,0,0,0,0,-10.526525723385452,-10.526525723385452,NA,NA,NA,NA
Michael Siani,LAD,hitter,-15.195376124919576,7,6,1,0,1,1,0,0.196679,NA,NA,NA,NA,NA,NA,0.00343799213790918,0,0.00563023724480275,0,-0.00201498770660795,0.00705324167610397,0,0,0,0,0,0,0.00705324167610397,0,0,0,0,0,1,0,0,1,0,0,OF,0.5185403056045699,0.5185403056045699,0.13133129966813067,0.10580812394687146,0.2071927306087412,0.07920517042572585,-0.00499701904489933,0,0,0,0,0,-0.1278933075302215,-0.10580812394687146,-0.20156249336393844,-0.07920517042572585,0.00298203133829138,0,0,0,0,0,-0.5114870639284659,0,-0.5114870639284659,-0.5114870639284659,-2.059716184070216,-1.990937178166838,-1.558646024665442,-5.064478311840565,0.12649444551600073,0,0,0,0,0,-10.54728325322706,-10.54728325322706,NA,NA,NA,NA
Hayden Birdsong,SFG,pitcher,-6.777669398248948,NA,NA,NA,NA,NA,NA,NA,NA,58,3,0,58,4.40775,1.38885,0,0,0,0,0,0,0.07358973439795427,0,0.16005607590741405,0.01459036576552412,0.00227351542034102,0.2505096914912335,0.2505096914912335,0,0,0,0,0,0,0,0,0,1,1,P,0.4439721908381099,0.4439721908381099,0,0,0,0,0,0.13982049535611313,0.03627746556510604,0.2329091863204439,0.02333348430688774,0.0116315592895591,0,0,0,0,0,-0.06623076095815886,-0.03627746556510604,-0.07285311041302986,-0.00874311854136361,-0.00935804386921808,0,-0.19346249934687643,-0.19346249934687643,-0.19346249934687643,0,0,0,0,0,-3.417721518987345,-3.9795918367346976,-1.8130023400142432,-0.6838920633812186,-0.6942625367314966,-10.588470295849,-10.588470295849,Westside Marauders,Bench,2,1
Ethan Murray,MIL,hitter,10.777001897736806,14,12,2,0,1,1,0,0.194695,NA,NA,NA,NA,NA,NA,0.00343799213790918,0,0.00563023724480275,0,-0.0042061596621997,0.00486206972051222,0,0,0,0,0,0,0.00486206972051222,0,0,0,0,0,0,0,0,0,0,0,Util,0.5185403056045699,0.5185403056045699,0.13133129966813067,0.10580812394687146,0.2071927306087412,0.07920517042572585,-0.00499701904489933,0,0,0,0,0,-0.1278933075302215,-0.10580812394687146,-0.20156249336393844,-0.07920517042572585,7.908593826996303e-4,0,0,0,0,0,-0.5136782358840576,0,-0.5136782358840576,-0.5136782358840576,-2.059716184070216,-1.990937178166838,-1.558646024665442,-5.064478311840565,0.03354737350045291,0,0,0,0,0,-10.640230325242609,-10.640230325242609,NA,NA,NA,NA
Danny Coulombe,NA,pitcher,NA,NA,NA,NA,NA,NA,NA,NA,NA,46,2,0,45,3.66215,1.25892,0,0,0,0,0,0,0.04905982293196952,0,0.12418143820402816,0.02688049477275283,0.01710122981804159,0.2172229857267921,0.2172229857267921,0,0,0,0,0,0,0,0,0,0,0,P,0.4439721908381099,0.4439721908381099,0,0,0,0,0,0.13982049535611313,0.03627746556510604,0.2329091863204439,0.02333348430688774,0.0116315592895591,0,0,0,0,0,-0.0907606724241436,-0.03627746556510604,-0.10872774811641576,0.00354701046586508,0.00546967052848248,0,-0.22674920511131785,-0.22674920511131785,-0.22674920511131785,0,0,0,0,0,-4.683544303797472,-3.9795918367346976,-2.7057686438091357,0.27744932141305706,0.4057885803122499,-10.685666882616,-10.685666882616,NA,NA,NA,NA
Lake Bachar,MIA,pitcher,-5.052108532670784,NA,NA,NA,NA,NA,NA,NA,NA,48,3,0,48,4.23197,1.33588,0,0,0,0,0,0,0.07358973439795427,0,0.13246020075096335,0.0158408593424162,0.00838943714537341,0.23028023163670724,0.23028023163670724,0,0,0,0,0,0,0,0,0,0,1,P,0.4439721908381099,0.4439721908381099,0,0,0,0,0,0.13982049535611313,0.03627746556510604,0.2329091863204439,0.02333348430688774,0.0116315592895591,0,0,0,0,0,-0.06623076095815886,-0.03627746556510604,-0.10044898556948056,-0.00749262496447154,-0.00324212214418568,0,-0.2136919592014027,-0.2136919592014027,-0.2136919592014027,0,0,0,0,0,-3.417721518987345,-3.9795918367346976,-2.499745650625699,-0.5860776933140935,-0.2405293216907938,-10.72366602135263,-10.72366602135263,NA,NA,NA,NA
Craig Yoho,MIL,pitcher,-4.0423282847234425,NA,NA,NA,NA,NA,NA,NA,NA,42,3,0,44,4.00674,1.31658,0,0,0,0,0,0,0.07358973439795427,0,0.12142185068838308,0.01808309643336446,0.00941555987837958,0.2225102413980814,0.2225102413980814,0,0,0,0,0,0,0,0,0,0,1,P,0.4439721908381099,0.4439721908381099,0,0,0,0,0,0.13982049535611313,0.03627746556510604,0.2329091863204439,0.02333348430688774,0.0116315592895591,0,0,0,0,0,-0.06623076095815886,-0.03627746556510604,-0.11148733563206084,-0.00525038787352328,-0.00221599941117952,0,-0.22146194944002853,-0.22146194944002853,-0.22146194944002853,0,0,0,0,0,-3.417721518987345,-3.9795918367346976,-2.7744429748702815,-0.4106885408665112,-0.16440245355780178,-10.746847325016637,-10.746847325016637,NA,NA,NA,NA
Ryan Fernandez,STL,pitcher,-4.5272598264069535,NA,NA,NA,NA,NA,NA,NA,NA,44,3,0,45,4.00972,1.34154,0,0,0,0,0,0,0.07358973439795427,0,0.12418143820402816,0.01888567050128931,0.00705287748224325,0.22370972058551497,0.22370972058551497,0,0,0,0,0,0,0,0,0,0,1,P,0.4439721908381099,0.4439721908381099,0,0,0,0,0,0.13982049535611313,0.03627746556510604,0.2329091863204439,0.02333348430688774,0.0116315592895591,0,0,0,0,0,-0.06623076095815886,-0.03627746556510604,-0.10872774811641576,-0.00444781380559843,-0.00457868180731585,0,-0.22026247025259493,-0.22026247025259493,-0.22026247025259493,0,0,0,0,0,-3.417721518987345,-3.9795918367346976,-2.7057686438091357,-0.3479107079076344,-0.33968714945755696,-10.790679856896368,-10.790679856896368,NA,NA,NA,NA
Ian Hamilton,ATL,pitcher,-4.450559020624045,NA,NA,NA,NA,NA,NA,NA,NA,50,2,0,52,3.73434,1.34,0,0,0,0,0,0,0.04905982293196952,0,0.14349855081354365,0.02760681913446283,0.00821172181116706,0.22837691469114305,0.22837691469114305,0,0,0,0,0,0,0,0,0,0,1,P,0.4439721908381099,0.4439721908381099,0,0,0,0,0,0.13982049535611313,0.03627746556510604,0.2329091863204439,0.02333348430688774,0.0116315592895591,0,0,0,0,0,-0.0907606724241436,-0.03627746556510604,-0.08941063550690026,0.00427333482757509,-0.00341983747839203,0,-0.21559527614696689,-0.21559527614696689,-0.21559527614696689,0,0,0,0,0,-4.683544303797472,-3.9795918367346976,-2.2250483263811165,0.33426285585890575,-0.25371381841537427,-10.807635429469755,-10.807635429469755,NA,NA,NA,NA
Ryan Gusto,MIA,pitcher,-6.5114861833847275,NA,NA,NA,NA,NA,NA,NA,NA,57,3,0,49,4.41705,1.35236,0,0,0,0,0,0,0.07358973439795427,0,0.13521978826660844,0.01410219618413101,0.0075580816285291,0.23046980047722285,0.23046980047722285,0,0,0,0,0,0,0,0,0,1,1,P,0.4439721908381099,0.4439721908381099,0,0,0,0,0,0.13982049535611313,0.03627746556510604,0.2329091863204439,0.02333348430688774,0.0116315592895591,0,0,0,0,0,-0.06623076095815886,-0.03627746556510604,-0.09768939805383547,-0.00923128812275672,-0.00407347766103,0,-0.2135023903608871,-0.2135023903608871,-0.2135023903608871,0,0,0,0,0,-3.417721518987345,-3.9795918367346976,-2.4310713195645532,-0.7220769856969134,-0.302206633543178,-10.852668294526689,-10.852668294526689,NA,NA,NA,NA
Matt Pushard,STL,pitcher,-2.751631181094091,NA,NA,NA,NA,NA,NA,NA,NA,52,3,0,45,4.22012,1.34702,0,0,0,0,0,0,0.07358973439795427,0,0.12418143820402816,0.01743597347021945,0.00760583852545933,0.2228129845976612,0.2228129845976612,0,0,0,0,0,0,0,0,0,0,0,P,0.4439721908381099,0.4439721908381099,0,0,0,0,0,0.13982049535611313,0.03627746556510604,0.2329091863204439,0.02333348430688774,0.0116315592895591,0,0,0,0,0,-0.06623076095815886,-0.03627746556510604,-0.10872774811641576,-0.00589751083666828,-0.00402572076409977,0,-0.22115920624044869,-0.22115920624044869,-0.22115920624044869,0,0,0,0,0,-3.417721518987345,-3.9795918367346976,-2.7057686438091357,-0.46130689362392263,-0.29866360415877136,-10.86305249731387,-10.86305249731387,NA,NA,NA,NA
Jon Gray,NA,pitcher,NA,NA,NA,NA,NA,NA,NA,NA,NA,52,3,0,45,4.46072,1.3092,0,0,0,0,0,0,0.07358973439795427,0,0.12418143820402816,0.01185156593148373,0.01263962750286674,0.22226236603633287,0.22226236603633287,0,0,0,0,0,0,0,0,0,0,0,P,0.4439721908381099,0.4439721908381099,0,0,0,0,0,0.13982049535611313,0.03627746556510604,0.2329091863204439,0.02333348430688774,0.0116315592895591,0,0,0,0,0,-0.06623076095815886,-0.03627746556510604,-0.10872774811641576,-0.011481918375404,0.00100806821330763,0,-0.221709824801777,-0.221709824801777,-0.221709824801777,0,0,0,0,0,-3.417721518987345,-3.9795918367346976,-2.7057686438091357,-0.8981226563702841,0.07478742403329076,-10.92641723186817,-10.92641723186817,NA,NA,NA,NA
Connor Phillips,CIN,pitcher,-6.92770554906848,NA,NA,NA,NA,NA,NA,NA,NA,56,3,0,60,4.62975,1.39482,0,0,0,0,0,0,0.07358973439795427,0,0.1655752509387042,0.00853819329745985,0.00133939673509985,0.2490425753692182,0.2490425753692182,0,0,0,0,0,0,0,0,0,0,1,P,0.4439721908381099,0.4439721908381099,0,0,0,0,0,0.13982049535611313,0.03627746556510604,0.2329091863204439,0.02333348430688774,0.0116315592895591,0,0,0,0,0,-0.06623076095815886,-0.03627746556510604,-0.0673339353817397,-0.01479529100942789,-0.01029216255445925,0,-0.19492961546889176,-0.19492961546889176,-0.19492961546889176,0,0,0,0,0,-3.417721518987345,-3.9795918367346976,-1.675653677891952,-1.1572966841171437,-0.7635637301312251,-10.993827447862364,-10.993827447862364,NA,NA,NA,NA
Ben Casparius,LAD,pitcher,-6.296245892151624,NA,NA,NA,NA,NA,NA,NA,NA,55,3,0,52,4.61567,1.34468,0,0,0,0,0,0,0.07358973439795427,0,0.14349855081354365,0.00873138106850934,0.00837405593204668,0.23419372221205395,0.23419372221205395,0,0,0,0,0,0,0,0,0,0,1,P,0.4439721908381099,0.4439721908381099,0,0,0,0,0,0.13982049535611313,0.03627746556510604,0.2329091863204439,0.02333348430688774,0.0116315592895591,0,0,0,0,0,-0.06623076095815886,-0.03627746556510604,-0.08941063550690026,-0.01460210323837839,-0.00325750335751242,0,-0.209778468626056,-0.209778468626056,-0.209778468626056,0,0,0,0,0,-3.417721518987345,-3.9795918367346976,-2.2250483263811165,-1.1421854188703098,-0.2416704362582677,-11.006217537231738,-11.006217537231738,NA,NA,NA,NA
Justin Wilson,NA,pitcher,NA,NA,NA,NA,NA,NA,NA,NA,NA,43,2,0,47,3.61898,1.30368,0,0,0,0,0,0,0.04905982293196952,0,0.12970061323531829,0.02595598795360366,0.01105954357406006,0.21577596769495153,0.21577596769495153,0,0,0,0,0,0,0,0,0,0,0,P,0.4439721908381099,0.4439721908381099,0,0,0,0,0,0.13982049535611313,0.03627746556510604,0.2329091863204439,0.02333348430688774,0.0116315592895591,0,0,0,0,0,-0.0907606724241436,-0.03627746556510604,-0.10320857308512564,0.00262250364671592,-5.720157154990406e-4,0,-0.2281962231431584,-0.2281962231431584,-0.2281962231431584,0,0,0,0,0,-4.683544303797472,-3.9795918367346976,-2.5684199816868447,0.20513383430548776,-0.04243718957109661,-11.068859477484624,-11.068859477484624,NA,NA,NA,NA
Griff McGarry,WSN,pitcher,-2.751631181094091,NA,NA,NA,NA,NA,NA,NA,NA,55,3,0,61,4.3693,1.45541,0,0,0,0,0,0,0.07358973439795427,0,0.16833483845434927,0.01477961598542436,-0.00721422150599871,0.2494899673317292,0.2494899673317292,0,0,0,0,0,0,0,0,0,1,0,P,0.4439721908381099,0.4439721908381099,0,0,0,0,0,0.13982049535611313,0.03627746556510604,0.2329091863204439,0.02333348430688774,0.0116315592895591,0,0,0,0,0,-0.06623076095815886,-0.03627746556510604,-0.06457434786609464,-0.00855386832146338,-0.01884578079555781,0,-0.19448222350638072,-0.19448222350638072,-0.19448222350638072,0,0,0,0,0,-3.417721518987345,-3.9795918367346976,-1.606979346830807,-0.6690887957861829,-1.3981468525540186,-11.07152835089305,-11.07152835089305,NA,NA,NA,NA
Cade Gibson,MIA,pitcher,-6.675545079149248,NA,NA,NA,NA,NA,NA,NA,NA,60,3,0,47,4.25343,1.40157,0,0,0,0,0,0,0.07358973439795427,0,0.12970061323531829,0.01922635047870474,3.984346189022802e-4,0.2229151327308796,0.2229151327308796,0,0,0,0,0,0,0,0,0,0,1,P,0.4439721908381099,0.4439721908381099,0,0,0,0,0,0.13982049535611313,0.03627746556510604,0.2329091863204439,0.02333348430688774,0.0116315592895591,0,0,0,0,0,-0.06623076095815886,-0.03627746556510604,-0.10320857308512564,-0.004107133828183,-0.01123312467065682,0,-0.2210570581072303,-0.2210570581072303,-0.2210570581072303,0,0,0,0,0,-3.417721518987345,-3.9795918367346976,-2.5684199816868447,-0.32126251234617204,-0.8333726298210861,-11.120368479576143,-11.120368479576143,NA,NA,NA,NA
Austin Warren,NYM,pitcher,-5.186535898776105,NA,NA,NA,NA,NA,NA,NA,NA,46,3,0,42,4.28162,1.32172,0,0,0,0,0,0,0.07358973439795427,0,0.11590267565709296,0.01416139867094422,0.00970709077991846,0.2133608995059099,0.2133608995059099,0,0,0,0,0,0,0,0,0,0,1,P,0.4439721908381099,0.4439721908381099,0,0,0,0,0,0.13982049535611313,0.03627746556510604,0.2329091863204439,0.02333348430688774,0.0116315592895591,0,0,0,0,0,-0.06623076095815886,-0.03627746556510604,-0.11700651066335097,-0.00917208563594351,-0.00192446850964064,0,-0.2306112913322,-0.2306112913322,-0.2306112913322,0,0,0,0,0,-3.417721518987345,-3.9795918367346976,-2.911791636992572,-0.7174461310799437,-0.14277411049096012,-11.169325234285518,-11.169325234285518,NA,NA,NA,NA
Bradgley Rodriguez,SDP,pitcher,-5.385928933457542,NA,NA,NA,NA,NA,NA,NA,NA,48,3,0,44,4.14676,1.37361,0,0,0,0,0,0,0.07358973439795427,0,0.12142185068838308,0.01766647747545157,0.00375392012667966,0.2164319826884686,0.2164319826884686,0,0,0,0,0,0,0,0,0,0,1,P,0.4439721908381099,0.4439721908381099,0,0,0,0,0,0.13982049535611313,0.03627746556510604,0.2329091863204439,0.02333348430688774,0.0116315592895591,0,0,0,0,0,-0.06623076095815886,-0.03627746556510604,-0.11148733563206084,-0.00566700683143616,-0.00787763916287944,0,-0.22754020814964135,-0.22754020814964135,-0.22754020814964135,0,0,0,0,0,-3.417721518987345,-3.9795918367346976,-2.7744429748702815,-0.443276729785924,-0.584433010264681,-11.199466070642927,-11.199466070642927,NA,NA,NA,NA
Matt Gage,SFG,pitcher,-5.508251100291222,NA,NA,NA,NA,NA,NA,NA,NA,56,2,0,47,3.8832,1.34856,0,0,0,0,0,0,0.04905982293196952,0,0.12970061323531829,0.02719877014783516,0.00797016412176568,0.21392937043688867,0.21392937043688867,0,0,0,0,0,0,0,0,0,0,1,P,0.4439721908381099,0.4439721908381099,0,0,0,0,0,0.13982049535611313,0.03627746556510604,0.2329091863204439,0.02333348430688774,0.0116315592895591,0,0,0,0,0,-0.0907606724241436,-0.03627746556510604,-0.10320857308512564,0.00386528584094742,-0.00366139516779342,0,-0.2300428204012213,-0.2300428204012213,-0.2300428204012213,0,0,0,0,0,-4.683544303797472,-3.9795918367346976,-2.5684199816868447,0.3023450153189228,-0.271634706215702,-11.200845813115794,-11.200845813115794,NA,NA,NA,NA
Jaden Hill,COL,pitcher,-6.180468890171781,NA,NA,NA,NA,NA,NA,NA,NA,52,3,0,51,4.51571,1.3694,0,0,0,0,0,0,0.07358973439795427,0,0.14073896329789856,0.01057522939551085,0.00462709190159956,0.22953101899296324,0.22953101899296324,0,0,0,0,0,0,0,0,0,0,1,P,0.4439721908381099,0.4439721908381099,0,0,0,0,0,0.13982049535611313,0.03627746556510604,0.2329091863204439,0.02333348430688774,0.0116315592895591,0,0,0,0,0,-0.06623076095815886,-0.03627746556510604,-0.09217022302254536,-0.01275825491137688,-0.00700446738795954,0,-0.2144411718451467,-0.2144411718451467,-0.2144411718451467,0,0,0,0,0,-3.417721518987345,-3.9795918367346976,-2.2937226574422627,-0.9979584784543332,-0.5196533982079055,-11.208647889826544,-11.208647889826544,NA,NA,NA,NA
Jalen Beeks,NA,pitcher,NA,NA,NA,NA,NA,NA,NA,NA,NA,40,3,0,36,3.79249,1.33963,0,0,0,0,0,0,0.07358973439795427,0,0.09934515056322252,0.02104723899457877,0.00660725935760307,0.20058938331335863,0.20058938331335863,0,0,0,0,0,0,0,0,0,0,0,P,0.4439721908381099,0.4439721908381099,0,0,0,0,0,0.13982049535611313,0.03627746556510604,0.2329091863204439,0.02333348430688774,0.0116315592895591,0,0,0,0,0,-0.06623076095815886,-0.03627746556510604,-0.1335640357572214,-0.00228624531230896,-0.00502429993195603,0,-0.24338280752475128,-0.24338280752475128,-0.24338280752475128,0,0,0,0,0,-3.417721518987345,-3.9795918367346976,-3.323837623359446,-0.1788315023562247,-0.3727470467982683,-11.272729528235985,-11.272729528235985,NA,NA,NA,NA
Joey Wentz,ATL,pitcher,-6.311388220690913,NA,NA,NA,NA,NA,NA,NA,NA,51,3,0,50,4.41258,1.38688,0,0,0,0,0,0,0.07358973439795427,0,0.1379793757822535,0.01271950949897019,0.00225628747715095,0.2265449071563289,0.2265449071563289,0,0,0,0,0,0,0,0,0,1,1,P,0.4439721908381099,0.4439721908381099,0,0,0,0,0,0.13982049535611313,0.03627746556510604,0.2329091863204439,0.02333348430688774,0.0116315592895591,0,0,0,0,0,-0.06623076095815886,-0.03627746556510604,-0.0949298105381904,-0.01061397480791754,-0.00937527181240815,0,-0.217427283681781,-0.217427283681781,-0.217427283681781,0,0,0,0,0,-3.417721518987345,-3.9795918367346976,-2.362396988503408,-0.8302315812969506,-0.695540658068494,-11.285482583590897,-11.285482583590897,NA,NA,NA,NA
Mitchell Parker,WSN,pitcher,-7.537113687883728,NA,NA,NA,NA,NA,NA,NA,NA,63,3,0,48,4.55462,1.37594,0,0,0,0,0,0,0.07358973439795427,0,0.13246020075096335,0.01171813945899238,0.00455129818156542,0.22231937278947544,0.22231937278947544,0,0,0,0,0,0,0,0,0,1,0,P,0.4439721908381099,0.4439721908381099,0,0,0,0,0,0.13982049535611313,0.03627746556510604,0.2329091863204439,0.02333348430688774,0.0116315592895591,0,0,0,0,0,-0.06623076095815886,-0.03627746556510604,-0.10044898556948056,-0.01161534484789536,-0.00708026110799368,0,-0.22165281804863451,-0.22165281804863451,-0.22165281804863451,0,0,0,0,0,-3.417721518987345,-3.9795918367346976,-2.499745650625699,-0.908559356404727,-0.5252764473274236,-11.330894810079892,-11.330894810079892,Free At Last,P,2,2
Richard Lovelady,WSN,pitcher,-5.45889421642932,NA,NA,NA,NA,NA,NA,NA,NA,52,2,0,47,4.10956,1.3067,0,0,0,0,0,0,0.04905982293196952,0,0.12970061323531829,0.02000210853872575,0.01297237399793597,0.21173491870394953,0.21173491870394953,0,0,0,0,0,0,0,0,0,0,1,P,0.4439721908381099,0.4439721908381099,0,0,0,0,0,0.13982049535611313,0.03627746556510604,0.2329091863204439,0.02333348430688774,0.0116315592895591,0,0,0,0,0,-0.0907606724241436,-0.03627746556510604,-0.10320857308512564,-0.00333137576816199,0.00134081470837687,0,-0.2322372721341604,-0.2322372721341604,-0.2322372721341604,0,0,0,0,0,-4.683544303797472,-3.9795918367346976,-2.5684199816868447,-0.26058224387646933,0.0994735046911474,-11.392664861404336,-11.392664861404336,NA,NA,NA,NA
Yuki Matsui,SDP,pitcher,-5.6812821690621895,NA,NA,NA,NA,NA,NA,NA,NA,52,2,0,53,4.10661,1.34912,0,0,0,0,0,0,0.04905982293196952,0,0.14625813832918871,0.02007057903847335,0.00732633146960117,0.2227148717692328,0.2227148717692328,0,0,0,0,0,0,0,0,0,0,1,P,0.4439721908381099,0.4439721908381099,0,0,0,0,0,0.13982049535611313,0.03627746556510604,0.2329091863204439,0.02333348430688774,0.0116315592895591,0,0,0,0,0,-0.0907606724241436,-0.03627746556510604,-0.0866510479912552,-0.00326290526841438,-0.00430522781995793,0,-0.22125731906887716,-0.22125731906887716,-0.22125731906887716,0,0,0,0,0,-4.683544303797472,-3.9795918367346976,-2.156373995319971,-0.255226439636644,-0.31939991191137146,-11.394136487400155,-11.394136487400155,NA,NA,NA,NA
Brandyn Garcia,ARI,pitcher,-6.4193126332586115,NA,NA,NA,NA,NA,NA,NA,NA,52,3,0,45,4.16877,1.41455,0,0,0,0,0,0,0.07358973439795427,0,0.12418143820402816,0.01862782437260546,-0.00138230979935082,0.21501668717523703,0.21501668717523703,0,0,0,0,0,0,0,0,0,0,1,P,0.4439721908381099,0.4439721908381099,0,0,0,0,0,0.13982049535611313,0.03627746556510604,0.2329091863204439,0.02333348430688774,0.0116315592895591,0,0,0,0,0,-0.06623076095815886,-0.03627746556510604,-0.10872774811641576,-0.00470565993428227,-0.01301386908890992,0,-0.22895550366287284,-0.22895550366287284,-0.22895550366287284,0,0,0,0,0,-3.417721518987345,-3.9795918367346976,-2.7057686438091357,-0.36807958931375945,-0.9654840148888022,-11.43664560373374,-11.43664560373374,NA,NA,NA,NA
Taylor Clarke,ARI,pitcher,-5.77757228867679,NA,NA,NA,NA,NA,NA,NA,NA,56,2,0,45,4.19863,1.30672,0,0,0,0,0,0,0.04905982293196952,0,0.12418143820402816,0.01931436085721313,0.01396738218181966,0.20652300417503047,0.20652300417503047,0,0,0,0,0,0,0,0,0,0,1,P,0.4439721908381099,0.4439721908381099,0,0,0,0,0,0.13982049535611313,0.03627746556510604,0.2329091863204439,0.02333348430688774,0.0116315592895591,0,0,0,0,0,-0.0907606724241436,-0.03627746556510604,-0.10872774811641576,-0.0040191234496746,0.00233582289226056,0,-0.23744918666307943,-0.23744918666307943,-0.23744918666307943,0,0,0,0,0,-4.683544303797472,-3.9795918367346976,-2.7057686438091357,-0.3143782868753279,0.1732920201272596,-11.509991051089376,-11.509991051089376,NA,NA,NA,NA
John King,MIA,pitcher,-6.054274663043429,NA,NA,NA,NA,NA,NA,NA,NA,52,3,0,33,3.91139,1.38619,0,0,0,0,0,0,0.07358973439795427,0,0.09106638801628732,0.02460170139804102,0.00239236644071457,0.1916501902529972,0.1916501902529972,0,0,0,0,0,0,0,0,0,0,1,P,0.4439721908381099,0.4439721908381099,0,0,0,0,0,0.13982049535611313,0.03627746556510604,0.2329091863204439,0.02333348430688774,0.0116315592895591,0,0,0,0,0,-0.06623076095815886,-0.03627746556510604,-0.14184279830415658,0.00126821709115328,-0.00923919284884453,0,-0.2523220005851128,-0.2523220005851128,-0.2523220005851128,0,0,0,0,0,-3.417721518987345,-3.9795918367346976,-3.5298606165428823,0.09920071415946656,-0.6854451159060735,-11.51341837401153,-11.51341837401153,NA,NA,NA,NA
Jonathan Loaisiga,ARI,pitcher,-4.361523444019274,NA,NA,NA,NA,NA,NA,NA,NA,44,2,0,37,3.60606,1.2882,0,0,0,0,0,0,0.04905982293196952,0,0.1021047380788676,0.02681335814690174,0.0130601291289178,0.19103804828665663,0.19103804828665663,0,0,0,0,0,0,0,0,0,0,1,P,0.4439721908381099,0.4439721908381099,0,0,0,0,0,0.13982049535611313,0.03627746556510604,0.2329091863204439,0.02333348430688774,0.0116315592895591,0,0,0,0,0,-0.0907606724241436,-0.03627746556510604,-0.13080444824157633,0.003479873840014,0.0014285698393587,0,-0.2529341425514533,-0.2529341425514533,-0.2529341425514533,0,0,0,0,0,-4.683544303797472,-3.9795918367346976,-3.2551632922983007,0.2721978536027404,0.10598395716370464,-11.540117622064026,-11.540117622064026,NA,NA,NA,NA
Kyle Hurt,LAD,pitcher,-5.59102457739668,NA,NA,NA,NA,NA,NA,NA,NA,44,3,0,46,4.36719,1.37504,0,0,0,0,0,0,0.07358973439795427,0,0.12694102571967322,0.01186513217032493,0.00328004414584284,0.2156759364337953,0.2156759364337953,0,0,0,0,0,0,0,0,0,0,1,P,0.4439721908381099,0.4439721908381099,0,0,0,0,0,0.13982049535611313,0.03627746556510604,0.2329091863204439,0.02333348430688774,0.0116315592895591,0,0,0,0,0,-0.06623076095815886,-0.03627746556510604,-0.10596816060077068,-0.0114683521365628,-0.00835151514371626,0,-0.22829625440431467,-0.22829625440431467,-0.22829625440431467,0,0,0,0,0,-3.417721518987345,-3.9795918367346976,-2.63709431274799,-0.8970614968961745,-0.6195893255320281,-11.551058490898235,-11.551058490898235,NA,NA,NA,NA
Evan Sisk,PIT,pitcher,-6.015102569848946,NA,NA,NA,NA,NA,NA,NA,NA,52,2,0,49,3.91975,1.37429,0,0,0,0,0,0,0.04905982293196952,0,0.13521978826660844,0.02440766296485802,0.00397623975724413,0.2126635139206801,0.2126635139206801,0,0,0,0,0,0,0,0,0,0,1,P,0.4439721908381099,0.4439721908381099,0,0,0,0,0,0.13982049535611313,0.03627746556510604,0.2329091863204439,0.02333348430688774,0.0116315592895591,0,0,0,0,0,-0.0907606724241436,-0.03627746556510604,-0.09768939805383547,0.0010741786579702801,-0.00765531953231497,0,-0.23130867691742985,-0.23130867691742985,-0.23130867691742985,0,0,0,0,0,-4.683544303797472,-3.9795918367346976,-2.4310713195645532,0.08402290960186255,-0.5679393719746743,-11.578123922469535,-11.578123922469535,NA,NA,NA,NA
Michael Kopech,NA,pitcher,NA,NA,NA,NA,NA,NA,NA,NA,NA,42,3,0,46,4.36656,1.37942,0,0,0,0,0,0,0.07358973439795427,0,0.12694102571967322,0.01133761847244216,0.0026600893437155,0.21452846793378516,0.21452846793378516,0,0,0,0,0,0,0,0,0,0,1,P,0.4439721908381099,0.4439721908381099,0,0,0,0,0,0.13982049535611313,0.03627746556510604,0.2329091863204439,0.02333348430688774,0.0116315592895591,0,0,0,0,0,-0.06623076095815886,-0.03627746556510604,-0.10596816060077068,-0.01199586583444557,-0.0089714699458436,0,-0.2294437229043248,-0.2294437229043248,-0.2294437229043248,0,0,0,0,0,-3.417721518987345,-3.9795918367346976,-2.63709431274799,-0.938323939993582,-0.6655830609321769,-11.638314669395792,-11.638314669395792,Melonheads,IL,Opt,2
Bryan Hudson,NYM,pitcher,-5.108760102915976,NA,NA,NA,NA,NA,NA,NA,NA,48,2,0,46,4.00006,1.32887,0,0,0,0,0,0,0.04905982293196952,0,0.12694102571967322,0.02080951444430836,0.00925068745814953,0.20606105055410065,0.20606105055410065,0,0,0,0,0,0,0,0,0,0,1,P,0.4439721908381099,0.4439721908381099,0,0,0,0,0,0.13982049535611313,0.03627746556510604,0.2329091863204439,0.02333348430688774,0.0116315592895591,0,0,0,0,0,-0.0907606724241436,-0.03627746556510604,-0.10596816060077068,-0.00252396986257938,-0.00238087183140957,0,-0.23791114028400928,-0.23791114028400928,-0.23791114028400928,0,0,0,0,0,-4.683544303797472,-3.9795918367346976,-2.63709431274799,-0.1974264616298121,-0.17663414923113488,-11.674291064141109,-11.674291064141109,NA,NA,NA,NA
Will Klein,LAD,pitcher,-7.435165552528501,NA,NA,NA,NA,NA,NA,NA,NA,52,3,0,55,4.43343,1.46136,0,0,0,0,0,0,0.07358973439795427,0,0.15177731336047884,0.01248497607999619,-0.00761265517302718,0.23023936866540212,0.23023936866540212,0,0,0,0,0,0,0,0,0,0,1,P,0.4439721908381099,0.4439721908381099,0,0,0,0,0,0.13982049535611313,0.03627746556510604,0.2329091863204439,0.02333348430688774,0.0116315592895591,0,0,0,0,0,-0.06623076095815886,-0.03627746556510604,-0.08113187295996507,-0.01084850822689154,-0.01924421446258628,0,-0.21373282217270775,-0.21373282217270775,-0.21373282217270775,0,0,0,0,0,-3.417721518987345,-3.9795918367346976,-2.01902533319768,-0.8485769283347554,-1.4277061891265166,-11.692621806380997,-11.692621806380997,NA,NA,NA,NA
Hayden Harris,ATL,pitcher,-4.892444821605655,NA,NA,NA,NA,NA,NA,NA,NA,42,2,0,46,4.05389,1.31078,0,0,0,0,0,0,0.04905982293196952,0,0.12694102571967322,0.01719918423877414,0.01003907561837086,0.20323910850878776,0.20323910850878776,0,0,0,0,0,0,0,0,0,0,1,P,0.4439721908381099,0.4439721908381099,0,0,0,0,0,0.13982049535611313,0.03627746556510604,0.2329091863204439,0.02333348430688774,0.0116315592895591,0,0,0,0,0,-0.0907606724241436,-0.03627746556510604,-0.10596816060077068,-0.0061343000681136,-0.00159248367118824,0,-0.2407330823293222,-0.2407330823293222,-0.2407330823293222,0,0,0,0,0,-4.683544303797472,-3.9795918367346976,-2.63709431274799,-0.47982869168870457,-0.11814453626354011,-11.898203681232404,-11.898203681232404,NA,NA,NA,NA
Charlie Morton,NA,pitcher,NA,NA,NA,NA,NA,NA,NA,NA,NA,52,3,0,51,4.6238,1.42431,0,0,0,0,0,0,0.07358973439795427,0,0.14073896329789856,0.00806642386408133,-0.00268135211610111,0.21971376944383303,0.21971376944383303,0,0,0,0,0,0,0,0,0,0,0,P,0.4439721908381099,0.4439721908381099,0,0,0,0,0,0.13982049535611313,0.03627746556510604,0.2329091863204439,0.02333348430688774,0.0116315592895591,0,0,0,0,0,-0.06623076095815886,-0.03627746556510604,-0.09217022302254536,-0.0152670604428064,-0.01431291140566021,0,-0.22425842139427687,-0.22425842139427687,-0.22425842139427687,0,0,0,0,0,-3.417721518987345,-3.9795918367346976,-2.2937226574422627,-1.1941987768552231,-1.0618584737770758,-11.947093263796605,-11.947093263796605,NA,NA,NA,NA
Adbert Alzolay,NYM,pitcher,-4.431821659788251,NA,NA,NA,NA,NA,NA,NA,NA,42,2,0,39,4.07741,1.25296,0,0,0,0,0,0,0.04905982293196952,0,0.10762391311015772,0.01675825921614923,0.01625488252980111,0.1896968777880776,0.1896968777880776,0,0,0,0,0,0,0,0,0,0,1,P,0.4439721908381099,0.4439721908381099,0,0,0,0,0,0.13982049535611313,0.03627746556510604,0.2329091863204439,0.02333348430688774,0.0116315592895591,0,0,0,0,0,-0.0907606724241436,-0.03627746556510604,-0.1252852732102862,-0.0065752250907385,0.00462332324024201,0,-0.2542753130500323,-0.2542753130500323,-0.2542753130500323,0,0,0,0,0,-4.683544303797472,-3.9795918367346976,-3.11781463017601,-0.514318115810401,0.3429990461423536,-11.952269840376228,-11.952269840376228,NA,NA,NA,NA
Christian Scott,NYM,pitcher,-4.128990844092449,NA,NA,NA,NA,NA,NA,NA,NA,38,2,0,36,4.06314,1.21061,0,0,0,0,0,0,0.04905982293196952,0,0.09934515056322252,0.01540427372833062,0.01882594412945864,0.18263519135298137,0.18263519135298137,0,0,0,0,0,0,0,0,0,1,0,P,0.4439721908381099,0.4439721908381099,0,0,0,0,0,0.13982049535611313,0.03627746556510604,0.2329091863204439,0.02333348430688774,0.0116315592895591,0,0,0,0,0,-0.0907606724241436,-0.03627746556510604,-0.1335640357572214,-0.00792921057855712,0.00719438483989953,0,-0.2613369994851286,-0.2613369994851286,-0.2613369994851286,0,0,0,0,0,-4.683544303797472,-3.9795918367346976,-3.323837623359446,-0.6202276862539097,0.5337431560457753,-12.073458294099751,-12.073458294099751,NA,NA,NA,NA
JT Brubaker,SFG,pitcher,-6.674378642218097,NA,NA,NA,NA,NA,NA,NA,NA,54,2,0,46,4.2111,1.36718,0,0,0,0,0,0,0.04905982293196952,0,0.12694102571967322,0.01832399729350074,0.00511190043496029,0.19943674638010375,0.19943674638010375,0,0,0,0,0,0,0,0,0,0,1,P,0.4439721908381099,0.4439721908381099,0,0,0,0,0,0.13982049535611313,0.03627746556510604,0.2329091863204439,0.02333348430688774,0.0116315592895591,0,0,0,0,0,-0.0907606724241436,-0.03627746556510604,-0.10596816060077068,-0.005009487013387,-0.00651965885459881,0,-0.24453544445800615,-0.24453544445800615,-0.24453544445800615,0,0,0,0,0,-4.683544303797472,-3.9795918367346976,-2.63709431274799,-0.3918451286984754,-0.4836860094134115,-12.175761591392048,-12.175761591392048,NA,NA,NA,NA
Evan Phillips,LAD,pitcher,NA,NA,NA,NA,NA,NA,NA,NA,NA,28,2,0,30,3.45334,1.15702,0,0,0,0,0,0,0.04905982293196952,0,0.0827876254693521,0.01897172153155761,0.01771246192731142,0.16853163186019068,0.16853163186019068,0,0,0,0,0,0,0,0,0,0,1,P,0.4439721908381099,0.4439721908381099,0,0,0,0,0,0.13982049535611313,0.03627746556510604,0.2329091863204439,0.02333348430688774,0.0116315592895591,0,0,0,0,0,-0.0907606724241436,-0.03627746556510604,-0.1501215608510918,-0.00436176277533012,0.00608090263775232,0,-0.27544055897791925,-0.27544055897791925,-0.27544055897791925,0,0,0,0,0,-4.683544303797472,-3.9795918367346976,-3.735883609726319,-0.34117974385083344,0.4511351891381898,-12.289064304971133,-12.289064304971133,Free Birds,IL,2,1
Nick Raquet,STL,pitcher,-5.565509617225963,NA,NA,NA,NA,NA,NA,NA,NA,38,3,0,30,4.16841,1.35203,0,0,0,0,0,0,0.07358973439795427,0,0.0827876254693521,0.01361874699221395,0.00507081832451812,0.1750669251840385,0.1750669251840385,0,0,0,0,0,0,0,0,0,0,1,P,0.4439721908381099,0.4439721908381099,0,0,0,0,0,0.13982049535611313,0.03627746556510604,0.2329091863204439,0.02333348430688774,0.0116315592895591,0,0,0,0,0,-0.06623076095815886,-0.03627746556510604,-0.1501215608510918,-0.00971473731467379,-0.00656074096504098,0,-0.2689052656540715,-0.2689052656540715,-0.2689052656540715,0,0,0,0,0,-3.417721518987345,-3.9795918367346976,-3.735883609726319,-0.759892676269556,-0.4867338440472801,-12.379823485765195,-12.379823485765195,NA,NA,NA,NA
George Soriano,STL,pitcher,-6.339483251354121,NA,NA,NA,NA,NA,NA,NA,NA,50,2,0,47,4.39268,1.35126,0,0,0,0,0,0,0.04905982293196952,0,0.12970061323531829,0.01291422825968158,0.00677067352867494,0.1984453379556443,0.1984453379556443,0,0,0,0,0,0,0,0,0,0,1,P,0.4439721908381099,0.4439721908381099,0,0,0,0,0,0.13982049535611313,0.03627746556510604,0.2329091863204439,0.02333348430688774,0.0116315592895591,0,0,0,0,0,-0.0907606724241436,-0.03627746556510604,-0.10320857308512564,-0.01041925604720615,-0.00486088576088416,0,-0.2455268528824656,-0.2455268528824656,-0.2455268528824656,0,0,0,0,0,-4.683544303797472,-3.9795918367346976,-2.5684199816868447,-0.8150005611052495,-0.3606235369567067,-12.40718022028097,-12.40718022028097,NA,NA,NA,NA
Brandon Williamson,CIN,pitcher,-8.9330153156807,NA,NA,NA,NA,NA,NA,NA,NA,59,3,0,49,4.84771,1.41778,0,0,0,0,0,0,0.07358973439795427,0,0.13521978826660844,0.00325566184636804,-0.00205617073053532,0.21000901378039544,0.21000901378039544,0,0,0,0,0,0,0,0,0,1,0,P,0.4439721908381099,0.4439721908381099,0,0,0,0,0,0.13982049535611313,0.03627746556510604,0.2329091863204439,0.02333348430688774,0.0116315592895591,0,0,0,0,0,-0.06623076095815886,-0.03627746556510604,-0.09768939805383547,-0.0200778224605197,-0.01368773002009442,0,-0.23396317705771452,-0.23396317705771452,-0.23396317705771452,0,0,0,0,0,-3.417721518987345,-3.9795918367346976,-2.4310713195645532,-1.5704995152204615,-1.015476984148893,-12.414361174655951,-12.414361174655951,NA,NA,NA,NA
Dauri Moreta,NA,pitcher,NA,NA,NA,NA,NA,NA,NA,NA,NA,34,2,0,38,3.86575,1.28035,0,0,0,0,0,0,0.04905982293196952,0,0.10486432559451266,0.01677836005809541,0.01077507211351603,0.1814775806980936,0.1814775806980936,0,0,0,0,0,0,0,0,0,0,0,P,0.4439721908381099,0.4439721908381099,0,0,0,0,0,0.13982049535611313,0.03627746556510604,0.2329091863204439,0.02333348430688774,0.0116315592895591,0,0,0,0,0,-0.0907606724241436,-0.03627746556510604,-0.12804486072593124,-0.00655512424879232,-8.564871760430703e-4,0,-0.26249461014001635,-0.26249461014001635,-0.26249461014001635,0,0,0,0,0,-4.683544303797472,-3.9795918367346976,-3.1864889612371545,-0.5127458156969763,-0.06354180081091483,-12.425912718277216,-12.425912718277216,NA,NA,NA,NA
Carlos Rodriguez,MIL,pitcher,-6.454185263256743,NA,NA,NA,NA,NA,NA,NA,NA,49,2,0,45,4.42711,1.3306,0,0,0,0,0,0,0.04905982293196952,0,0.12418143820402816,0.01190291549364592,0.00922643380285827,0.19437061043250184,0.19437061043250184,0,0,0,0,0,1,0,0,1,1,0,P,0.4439721908381099,0.4439721908381099,0,0,0,0,0,0.13982049535611313,0.03627746556510604,0.2329091863204439,0.02333348430688774,0.0116315592895591,0,0,0,0,0,-0.0907606724241436,-0.03627746556510604,-0.10872774811641576,-0.01143056881324182,-0.00240512548670083,0,-0.24960158040560804,-0.24960158040560804,-0.24960158040560804,0,0,0,0,0,-4.683544303797472,-3.9795918367346976,-2.7057686438091357,-0.8941060623078017,-0.1784335000872372,-12.441444346736349,-12.441444346736349,NA,NA,NA,NA
Sam Moll,CIN,pitcher,-7.3397273859098,NA,NA,NA,NA,NA,NA,NA,NA,50,2,0,49,4.44307,1.37095,0,0,0,0,0,0,0.04905982293196952,0,0.13521978826660844,0.01178964270483117,0.00425075872563139,0.2003200126290405,0.2003200126290405,0,0,0,0,0,0,0,0,0,0,1,P,0.4439721908381099,0.4439721908381099,0,0,0,0,0,0.13982049535611313,0.03627746556510604,0.2329091863204439,0.02333348430688774,0.0116315592895591,0,0,0,0,0,-0.0907606724241436,-0.03627746556510604,-0.09768939805383547,-0.01154384160205656,-0.00738080056392771,0,-0.2436521782090694,-0.2436521782090694,-0.2436521782090694,0,0,0,0,0,-4.683544303797472,-3.9795918367346976,-2.4310713195645532,-0.902966328916446,-0.5475731247079387,-12.544746913721108,-12.544746913721108,NA,NA,NA,NA
RJ Petit,COL,pitcher,-2.751631181094091,NA,NA,NA,NA,NA,NA,NA,NA,55,3,0,47,4.78892,1.4294,0,0,0,0,0,0,0.07358973439795427,0,0.12970061323531829,0.00447819805371237,-0.00355260228660412,0.2042159434003808,0.2042159434003808,0,0,0,0,0,0,0,0,0,0,1,P,0.4439721908381099,0.4439721908381099,0,0,0,0,0,0.13982049535611313,0.03627746556510604,0.2329091863204439,0.02333348430688774,0.0116315592895591,0,0,0,0,0,-0.06623076095815886,-0.03627746556510604,-0.10320857308512564,-0.01885528625317537,-0.01518416157616322,0,-0.2397562474377291,-0.2397562474377291,-0.2397562474377291,0,0,0,0,0,-3.417721518987345,-3.9795918367346976,-2.5684199816868447,-1.474871987646237,-1.1264955242071149,-12.56710084926224,-12.56710084926224,NA,NA,NA,NA
Ron Marinaccio,SDP,pitcher,-6.155232545211973,NA,NA,NA,NA,NA,NA,NA,NA,44,2,0,43,4.26317,1.33992,0,0,0,0,0,0,0.04905982293196952,0,0.118662263172738,0.01390803478365449,0.00723532494507813,0.18886544583344017,0.18886544583344017,0,0,0,0,0,0,0,0,0,0,1,P,0.4439721908381099,0.4439721908381099,0,0,0,0,0,0.13982049535611313,0.03627746556510604,0.2329091863204439,0.02333348430688774,0.0116315592895591,0,0,0,0,0,-0.0907606724241436,-0.03627746556510604,-0.11424692314770592,-0.00942544952323324,-0.00439623434448097,0,-0.2551067450046698,-0.2551067450046698,-0.2551067450046698,0,0,0,0,0,-4.683544303797472,-3.9795918367346976,-2.843117305931427,-0.7372644088311952,-0.3261515815399262,-12.56966943683472,-12.56966943683472,NA,NA,NA,NA
Zach Pop,PHI,pitcher,-8.006481038370104,NA,NA,NA,NA,NA,NA,NA,NA,52,3,0,40,4.65144,1.40723,0,0,0,0,0,0,0.07358973439795427,0,0.1103835006258028,0.00742489009695476,-4.08028061788105e-4,0.19099009705892372,0.19099009705892372,0,0,0,0,0,0,0,0,0,0,1,P,0.4439721908381099,0.4439721908381099,0,0,0,0,0,0.13982049535611313,0.03627746556510604,0.2329091863204439,0.02333348430688774,0.0116315592895591,0,0,0,0,0,-0.06623076095815886,-0.03627746556510604,-0.12252568569464112,-0.01590859420993298,-0.0120395873513472,0,-0.25298209377918623,-0.25298209377918623,-0.25298209377918623,0,0,0,0,0,-3.417721518987345,-3.9795918367346976,-3.049140299114864,-1.244379939292086,-0.8932031707225974,-12.58403676485159,-12.58403676485159,NA,NA,NA,NA
Ethan Roberts,CHC,pitcher,-5.972056829147047,NA,NA,NA,NA,NA,NA,NA,NA,42,2,0,42,4.28469,1.33595,0,0,0,0,0,0,0.04905982293196952,0,0.11590267565709296,0.01287241998614541,0.00733323231223632,0.1851681508874442,0.1851681508874442,0,0,0,0,0,0,0,0,0,0,1,P,0.4439721908381099,0.4439721908381099,0,0,0,0,0,0.13982049535611313,0.03627746556510604,0.2329091863204439,0.02333348430688774,0.0116315592895591,0,0,0,0,0,-0.0907606724241436,-0.03627746556510604,-0.11700651066335097,-0.01046106432074233,-0.00429832697732278,0,-0.25880403995066575,-0.25880403995066575,-0.25880403995066575,0,0,0,0,0,-4.683544303797472,-3.9795918367346976,-2.911791636992572,-0.8182708297536485,-0.31888794631466977,-12.71208655359306,-12.71208655359306,NA,NA,NA,NA
Jose Leclerc,NA,pitcher,NA,NA,NA,NA,NA,NA,NA,NA,NA,37,2,0,40,4.14543,1.34848,0,0,0,0,0,0,0.04905982293196952,0,0.1103835006258028,0.01363987473560567,0.00527357767647193,0.17835677596984992,0.17835677596984992,0,0,0,0,0,0,0,0,0,0,0,P,0.4439721908381099,0.4439721908381099,0,0,0,0,0,0.13982049535611313,0.03627746556510604,0.2329091863204439,0.02333348430688774,0.0116315592895591,0,0,0,0,0,-0.0907606724241436,-0.03627746556510604,-0.12252568569464112,-0.00969360957128206,-0.00635798161308717,0,-0.26561541486825996,-0.26561541486825996,-0.26561541486825996,0,0,0,0,0,-4.683544303797472,-3.9795918367346976,-3.049140299114864,-0.7582400512989126,-0.47169136038287635,-12.942207851328824,-12.942207851328824,NA,NA,NA,NA
Marcus Stroman,NA,pitcher,NA,NA,NA,NA,NA,NA,NA,NA,NA,59,3,0,41,4.71214,1.44162,0,0,0,0,0,0,0.07358973439795427,0,0.11314308814144788,0.006825871712053,-0.00565638542364748,0.18790230882780767,0.18790230882780767,0,0,0,0,0,0,0,0,0,0,0,P,0.4439721908381099,0.4439721908381099,0,0,0,0,0,0.13982049535611313,0.03627746556510604,0.2329091863204439,0.02333348430688774,0.0116315592895591,0,0,0,0,0,-0.06623076095815886,-0.03627746556510604,-0.11976609817899604,-0.01650761259483474,-0.01728794471320658,0,-0.2560698820103023,-0.2560698820103023,-0.2560698820103023,0,0,0,0,0,-3.417721518987345,-3.9795918367346976,-2.9804659680537178,-1.2912355226077683,-1.282572781149779,-12.951587627533309,-12.951587627533309,NA,NA,NA,NA
Zach McCambley,PHI,pitcher,-2.751631181094091,NA,NA,NA,NA,NA,NA,NA,NA,48,2,0,46,4.47298,1.38985,0,0,0,0,0,0,0.04905982293196952,0,0.12694102571967322,0.01067723739378511,0.0017586697587075701,0.18843675580413544,0.18843675580413544,0,0,0,0,0,0,0,0,0,0,0,P,0.4439721908381099,0.4439721908381099,0,0,0,0,0,0.13982049535611313,0.03627746556510604,0.2329091863204439,0.02333348430688774,0.0116315592895591,0,0,0,0,0,-0.0907606724241436,-0.03627746556510604,-0.10596816060077068,-0.01265624691310263,-0.00987288953085153,0,-0.2555354350339745,-0.2555354350339745,-0.2555354350339745,0,0,0,0,0,-4.683544303797472,-3.9795918367346976,-2.63709431274799,-0.9899793506304196,-0.7324583456063178,-13.022668149516898,-13.022668149516898,NA,NA,NA,NA
Paxton Schultz,WSN,pitcher,-6.528970110579049,NA,NA,NA,NA,NA,NA,NA,NA,46,2,0,41,4.36816,1.3656,0,0,0,0,0,0,0.04905982293196952,0,0.11314308814144788,0.01238454010370043,0.00454061273863117,0.179128063915749,0.179128063915749,0,0,0,0,0,0,0,0,0,0,1,P,0.4439721908381099,0.4439721908381099,0,0,0,0,0,0.13982049535611313,0.03627746556510604,0.2329091863204439,0.02333348430688774,0.0116315592895591,0,0,0,0,0,-0.0907606724241436,-0.03627746556510604,-0.11976609817899604,-0.01094894420318731,-0.00709094655092793,0,-0.2648441269223609,-0.2648441269223609,-0.2648441269223609,0,0,0,0,0,-4.683544303797472,-3.9795918367346976,-2.9804659680537178,-0.8564330916409779,-0.5260691880776602,-13.026104388304526,-13.026104388304526,NA,NA,NA,NA
Kyle Nicolas,PIT,pitcher,-6.417071206250239,NA,NA,NA,NA,NA,NA,NA,NA,42,2,0,41,4.10653,1.40332,0,0,0,0,0,0,0.04905982293196952,0,0.11314308814144788,0.0162123520452803,9.077448409630668e-5,0.17850603760279402,0.17850603760279402,0,0,0,0,0,0,0,0,0,0,1,P,0.4439721908381099,0.4439721908381099,0,0,0,0,0,0.13982049535611313,0.03627746556510604,0.2329091863204439,0.02333348430688774,0.0116315592895591,0,0,0,0,0,-0.0907606724241436,-0.03627746556510604,-0.11976609817899604,-0.00712113226160743,-0.01154078480546279,0,-0.2654661532353159,-0.2654661532353159,-0.2654661532353159,0,0,0,0,0,-4.683544303797472,-3.9795918367346976,-2.9804659680537178,-0.5570193075801204,-0.8561975821964586,-13.056818998362466,-13.056818998362466,NA,NA,NA,NA
Craig Kimbrel,NYM,pitcher,NA,NA,NA,NA,NA,NA,NA,NA,NA,34,2,0,40,4.15672,1.35264,0,0,0,0,0,0,0.04905982293196952,0,0.1103835006258028,0.01236260200990167,0.00448396211066318,0.17628988767833714,0.17628988767833714,0,0,0,0,0,0,0,0,0,0,1,P,0.4439721908381099,0.4439721908381099,0,0,0,0,0,0.13982049535611313,0.03627746556510604,0.2329091863204439,0.02333348430688774,0.0116315592895591,0,0,0,0,0,-0.0907606724241436,-0.03627746556510604,-0.12252568569464112,-0.01097088229698606,-0.00714759717889592,0,-0.26768230315977276,-0.26768230315977276,-0.26768230315977276,0,0,0,0,0,-4.683544303797472,-3.9795918367346976,-3.049140299114864,-0.8581491027145672,-0.5302720331626102,-13.100697575524212,-13.100697575524212,NA,NA,NA,NA
Gus Varland,WSN,pitcher,-7.426851454197582,NA,NA,NA,NA,NA,NA,NA,NA,48,2,0,45,4.36149,1.4122,0,0,0,0,0,0,0.04905982293196952,0,0.12418143820402816,0.01306590264025986,-9.87256702140677e-4,0.18531990707411689,0.18531990707411689,0,0,0,0,0,0,0,0,0,0,1,P,0.4439721908381099,0.4439721908381099,0,0,0,0,0,0.13982049535611313,0.03627746556510604,0.2329091863204439,0.02333348430688774,0.0116315592895591,0,0,0,0,0,-0.0907606724241436,-0.03627746556510604,-0.10872774811641576,-0.01026758166662788,-0.01261881599169977,0,-0.2586522837639931,-0.2586522837639931,-0.2586522837639931,0,0,0,0,0,-4.683544303797472,-3.9795918367346976,-2.7057686438091357,-0.8031364985736702,-0.9361754789120772,-13.108216761827054,-13.108216761827054,NA,NA,NA,NA
Jonah Tong,NYM,pitcher,NA,NA,NA,NA,NA,NA,NA,NA,NA,26,2,0,30,3.70644,1.26154,0,0,0,0,0,0,0.04905982293196952,0,0.0827876254693521,0.01467933017754063,0.0094915533424333,0.15601833192129558,0.15601833192129558,0,0,0,0,0,0,0,0,0,1,0,P,0.4439721908381099,0.4439721908381099,0,0,0,0,0,0.13982049535611313,0.03627746556510604,0.2329091863204439,0.02333348430688774,0.0116315592895591,0,0,0,0,0,-0.0907606724241436,-0.03627746556510604,-0.1501215608510918,-0.0086541541293471,-0.0021400059471258,0,-0.28795385891681435,-0.28795385891681435,-0.28795385891681435,0,0,0,0,0,-4.683544303797472,-3.9795918367346976,-3.735883609726319,-0.6769332128276518,-0.15876458565866805,-13.23471754874481,-13.23471754874481,Free At Last,P,2,1
Edgardo Henriquez,LAD,pitcher,-6.852645864071848,NA,NA,NA,NA,NA,NA,NA,NA,40,2,0,42,4.41425,1.37408,0,0,0,0,0,0,0.04905982293196952,0,0.11590267565709296,0.0099462695231154,0.00308014650986919,0.1779889146220471,0.1779889146220471,0,0,0,0,0,0,0,0,0,0,1,P,0.4439721908381099,0.4439721908381099,0,0,0,0,0,0.13982049535611313,0.03627746556510604,0.2329091863204439,0.02333348430688774,0.0116315592895591,0,0,0,0,0,-0.0907606724241436,-0.03627746556510604,-0.11700651066335097,-0.01338721478377233,-0.00855141277968991,0,-0.2659832762160629,-0.2659832762160629,-0.2659832762160629,0,0,0,0,0,-4.683544303797472,-3.9795918367346976,-2.911791636992572,-1.0471561031784544,-0.6344195017715516,-13.25650338247475,-13.25650338247475,NA,NA,NA,NA
Blade Tidwell,SFG,pitcher,-6.591415736935879,NA,NA,NA,NA,NA,NA,NA,NA,42,2,0,37,4.28665,1.36341,0,0,0,0,0,0,0.04905982293196952,0,0.1021047380788676,0.01283567623426001,0.00438120779151901,0.16838144503661617,0.16838144503661617,0,0,0,0,0,0,0,0,0,1,0,P,0.4439721908381099,0.4439721908381099,0,0,0,0,0,0.13982049535611313,0.03627746556510604,0.2329091863204439,0.02333348430688774,0.0116315592895591,0,0,0,0,0,-0.0907606724241436,-0.03627746556510604,-0.13080444824157633,-0.01049780807262773,-0.00725035149804009,0,-0.27559074580149384,-0.27559074580149384,-0.27559074580149384,0,0,0,0,0,-4.683544303797472,-3.9795918367346976,-3.2551632922983007,-0.8211449484304559,-0.5378952581940516,-13.27733963945498,-13.27733963945498,NA,NA,NA,NA
Gavin Stone,LAD,pitcher,-6.693778527873027,NA,NA,NA,NA,NA,NA,NA,NA,40,2,0,35,4.43273,1.31771,0,0,0,0,0,0,0.04905982293196952,0,0.09658556304757746,0.00961632562863418,0.00885150648742389,0.16411321809560503,0.16411321809560503,0,0,0,0,0,0,0,0,0,1,0,P,0.4439721908381099,0.4439721908381099,0,0,0,0,0,0.13982049535611313,0.03627746556510604,0.2329091863204439,0.02333348430688774,0.0116315592895591,0,0,0,0,0,-0.0907606724241436,-0.03627746556510604,-0.13632362327286646,-0.01371715867825356,-0.00278005280213521,0,-0.2798589727425049,-0.2798589727425049,-0.2798589727425049,0,0,0,0,0,-4.683544303797472,-3.9795918367346976,-3.3925119544205913,-1.0729645157865264,-0.20624892740742912,-13.334861538146718,-13.334861538146718,NA,NA,NA,NA
Tanner Gordon,COL,pitcher,-10.17851073059329,NA,NA,NA,NA,NA,NA,NA,NA,57,3,0,42,5.24819,1.38883,0,0,0,0,0,0,0.07358973439795427,0,0.11590267565709296,-0.00704375268244079,0.0022372348094139,0.18468589218202033,0.18468589218202033,0,0,0,0,0,0,0,0,0,1,0,P,0.4439721908381099,0.4439721908381099,0,0,0,0,0,0.13982049535611313,0.03627746556510604,0.2329091863204439,0.02333348430688774,0.0116315592895591,0,0,0,0,0,-0.06623076095815886,-0.03627746556510604,-0.11700651066335097,-0.03037723698932853,-0.0093943244801452,0,-0.2592862986560896,-0.2592862986560896,-0.2592862986560896,0,0,0,0,0,-3.417721518987345,-3.9795918367346976,-2.911791636992572,-2.376125999683865,-0.6969541536258441,-13.382185146024325,-13.382185146024325,NA,NA,NA,NA
Justin Martinez,ARI,pitcher,NA,NA,NA,NA,NA,NA,NA,NA,NA,22,2,0,28,3.20487,1.30114,0,0,0,0,0,0,0.04905982293196952,0,0.07726845043806196,0.01734626809210921,0.00580140093202575,0.14947594239416645,0.14947594239416645,0,0,0,0,0,0,0,0,0,0,1,P,0.4439721908381099,0.4439721908381099,0,0,0,0,0,0.13982049535611313,0.03627746556510604,0.2329091863204439,0.02333348430688774,0.0116315592895591,0,0,0,0,0,-0.0907606724241436,-0.03627746556510604,-0.15564073588238195,-0.00598721621477852,-0.00583015835753335,0,-0.2944962484439435,-0.2944962484439435,-0.2944962484439435,0,0,0,0,0,-4.683544303797472,-3.9795918367346976,-3.8732322718486105,-0.4683237029971416,-0.4325327587062964,-13.43722487408422,-13.43722487408422,Erie Lakers,IL,2,10
Andre Granillo,WSN,pitcher,-7.226383429438922,NA,NA,NA,NA,NA,NA,NA,NA,42,2,0,40,4.43539,1.38529,0,0,0,0,0,0,0.04905982293196952,0,0.1103835006258028,0.01004727538964998,0.00202904841375883,0.1715196473611811,0.1715196473611811,0,0,0,0,0,0,0,0,0,0,1,P,0.4439721908381099,0.4439721908381099,0,0,0,0,0,0.13982049535611313,0.03627746556510604,0.2329091863204439,0.02333348430688774,0.0116315592895591,0,0,0,0,0,-0.0907606724241436,-0.03627746556510604,-0.12252568569464112,-0.01328620891723775,-0.00960251087580027,0,-0.2724525434769288,-0.2724525434769288,-0.2724525434769288,0,0,0,0,0,-4.683544303797472,-3.9795918367346976,-3.049140299114864,-1.0392553627102634,-0.7123992634351608,-13.46393106579246,-13.46393106579246,NA,NA,NA,NA
Jonathan Pintaro,NYM,pitcher,NA,NA,NA,NA,NA,NA,NA,NA,NA,32,2,0,31,3.96275,1.33411,0,0,0,0,0,0,0.04905982293196952,0,0.08554721298499716,0.01440591901062524,0.00573793318522885,0.15475088811282078,0.15475088811282078,0,0,0,0,0,0,0,0,0,1,1,P,0.4439721908381099,0.4439721908381099,0,0,0,0,0,0.13982049535611313,0.03627746556510604,0.2329091863204439,0.02333348430688774,0.0116315592895591,0,0,0,0,0,-0.0907606724241436,-0.03627746556510604,-0.14736197333544676,-0.00892756529626249,-0.00589362610433025,0,-0.2892213027252892,-0.2892213027252892,-0.2892213027252892,0,0,0,0,0,-4.683544303797472,-3.9795918367346976,-3.667209278665174,-0.6983196010149576,-0.4372413580148322,-13.465906378227135,-13.465906378227135,NA,NA,NA,NA
Daysbel Hernandez,ATL,pitcher,-6.868863182688357,NA,NA,NA,NA,NA,NA,NA,NA,40,2,0,43,4.30349,1.43419,0,0,0,0,0,0,0.04905982293196952,0,0.118662263172738,0.01192379039718141,-0.00307412789585749,0.17657174860603142,0.17657174860603142,0,0,0,0,0,0,0,0,0,0,1,P,0.4439721908381099,0.4439721908381099,0,0,0,0,0,0.13982049535611313,0.03627746556510604,0.2329091863204439,0.02333348430688774,0.0116315592895591,0,0,0,0,0,-0.0907606724241436,-0.03627746556510604,-0.11424692314770592,-0.01140969390970633,-0.01470568718541659,0,-0.2674004422320785,-0.2674004422320785,-0.2674004422320785,0,0,0,0,0,-4.683544303797472,-3.9795918367346976,-2.843117305931427,-0.8924732146248805,-1.0909980581850232,-13.489724719273502,-13.489724719273502,NA,NA,NA,NA
Tommy Kahnle,NA,pitcher,NA,NA,NA,NA,NA,NA,NA,NA,NA,48,2,0,43,4.42645,1.4301,0,0,0,0,0,0,0.04905982293196952,0,0.118662263172738,0.01167413930353908,-0.00318645507570596,0.17620977033254062,0.17620977033254062,0,0,0,0,0,0,0,0,0,0,0,P,0.4439721908381099,0.4439721908381099,0,0,0,0,0,0.13982049535611313,0.03627746556510604,0.2329091863204439,0.02333348430688774,0.0116315592895591,0,0,0,0,0,-0.0907606724241436,-0.03627746556510604,-0.11424692314770592,-0.01165934500334866,-0.01481801436526506,0,-0.2677624205055693,-0.2677624205055693,-0.2677624205055693,0,0,0,0,0,-4.683544303797472,-3.9795918367346976,-2.843117305931427,-0.9120010753931737,-1.0993314827676983,-13.517586004624471,-13.517586004624471,NA,NA,NA,NA
Luke Jackson,NA,pitcher,NA,NA,NA,NA,NA,NA,NA,NA,NA,41,2,0,37,4.23182,1.40295,0,0,0,0,0,0,0.04905982293196952,0,0.1021047380788676,0.01353347909057446,1.274421432420726e-4,0.16482548224465365,0.16482548224465365,0,0,0,0,0,0,0,0,0,0,0,P,0.4439721908381099,0.4439721908381099,0,0,0,0,0,0.13982049535611313,0.03627746556510604,0.2329091863204439,0.02333348430688774,0.0116315592895591,0,0,0,0,0,-0.0907606724241436,-0.03627746556510604,-0.13080444824157633,-0.00980000521631327,-0.01150411714631702,0,-0.27914670859345636,-0.27914670859345636,-0.27914670859345636,0,0,0,0,0,-4.683544303797472,-3.9795918367346976,-3.2551632922983007,-0.7665623835275022,-0.8534772506388899,-13.538339066996862,-13.538339066996862,NA,NA,NA,NA
Keaton Winn,SFG,pitcher,NA,NA,NA,NA,NA,NA,NA,NA,NA,29,2,0,26,3.94699,1.28219,0,0,0,0,0,0,0.04905982293196952,0,0.07174927540677183,0.0132593651281812,0.009053923046774,0.14312238651369655,0.14312238651369655,0,0,0,0,0,0,0,0,0,0,1,P,0.4439721908381099,0.4439721908381099,0,0,0,0,0,0.13982049535611313,0.03627746556510604,0.2329091863204439,0.02333348430688774,0.0116315592895591,0,0,0,0,0,-0.0907606724241436,-0.03627746556510604,-0.1611599109136721,-0.01007411917870653,-0.0025776362427851,0,-0.30084980432441344,-0.30084980432441344,-0.30084980432441344,0,0,0,0,0,-4.683544303797472,-3.9795918367346976,-4.010580933970902,-0.7880037448056132,-0.19123187513295511,-13.65295269444164,-13.65295269444164,NA,NA,NA,NA
Shane Drohan,MIL,pitcher,-2.751631181094091,NA,NA,NA,NA,NA,NA,NA,NA,34,2,0,32,4.20199,1.34767,0,0,0,0,0,0,0.04905982293196952,0,0.08830680050064224,0.01167558490558943,0.00491648136248473,0.1539586897006859,0.1539586897006859,0,0,0,0,0,0,0,0,0,0,0,P,0.4439721908381099,0.4439721908381099,0,0,0,0,0,0.13982049535611313,0.03627746556510604,0.2329091863204439,0.02333348430688774,0.0116315592895591,0,0,0,0,0,-0.0907606724241436,-0.03627746556510604,-0.14460238581980167,-0.0116578994012983,-0.00671507792707437,0,-0.290013501137424,-0.290013501137424,-0.290013501137424,0,0,0,0,0,-4.683544303797472,-3.9795918367346976,-3.5985349476040285,-0.911887999519346,-0.4981839261659577,-13.6717430138215,-13.6717430138215,NA,NA,NA,NA
Reiver Sanmartin,SFG,pitcher,-6.630866445341274,NA,NA,NA,NA,NA,NA,NA,NA,40,2,0,29,4.04435,1.38034,0,0,0,0,0,0,0.04905982293196952,0,0.08002803795370703,0.01655050364479306,0.00243922556859738,0.148077590099067,0.148077590099067,0,0,0,0,0,0,0,0,0,0,1,P,0.4439721908381099,0.4439721908381099,0,0,0,0,0,0.13982049535611313,0.03627746556510604,0.2329091863204439,0.02333348430688774,0.0116315592895591,0,0,0,0,0,-0.0907606724241436,-0.03627746556510604,-0.15288114836673689,-0.00678298066209467,-0.00919233372096172,0,-0.29589460073904295,-0.29589460073904295,-0.29589460073904295,0,0,0,0,0,-4.683544303797472,-3.9795918367346976,-3.8045579407874657,-0.5305688832798715,-0.6819686909771463,-13.680231655576652,-13.680231655576652,NA,NA,NA,NA
Alex Cobb,NA,pitcher,NA,NA,NA,NA,NA,NA,NA,NA,NA,34,2,0,28,3.99108,1.35087,0,0,0,0,0,0,0.04905982293196952,0,0.07726845043806196,0.01487635312892704,0.00463799814199601,0.14584262464095454,0.14584262464095454,0,0,0,0,0,0,0,0,0,0,0,P,0.4439721908381099,0.4439721908381099,0,0,0,0,0,0.13982049535611313,0.03627746556510604,0.2329091863204439,0.02333348430688774,0.0116315592895591,0,0,0,0,0,-0.0907606724241436,-0.03627746556510604,-0.15564073588238195,-0.0084571311779607,-0.00699356114756309,0,-0.2981295661971554,-0.2981295661971554,-0.2981295661971554,0,0,0,0,0,-4.683544303797472,-3.9795918367346976,-3.8732322718486105,-0.6615219574363812,-0.518844276747303,-13.716734646564468,-13.716734646564468,NA,NA,NA,NA
Ty Adcock,SDP,pitcher,NA,NA,NA,NA,NA,NA,NA,NA,NA,35,2,0,32,4.28943,1.34984,0,0,0,0,0,0,0.04905982293196952,0,0.08830680050064224,0.01065296674698477,0.00486668301472584,0.15288627319432235,0.15288627319432235,0,0,0,0,0,0,0,0,0,0,1,P,0.4439721908381099,0.4439721908381099,0,0,0,0,0,0.13982049535611313,0.03627746556510604,0.2329091863204439,0.02333348430688774,0.0116315592895591,0,0,0,0,0,-0.0907606724241436,-0.03627746556510604,-0.14460238581980167,-0.01268051755990296,-0.00676487627483326,0,-0.29108591764378755,-0.29108591764378755,-0.29108591764378755,0,0,0,0,0,-4.683544303797472,-3.9795918367346976,-3.5985349476040285,-0.9918778154220556,-0.5018784084448715,-13.755427312003128,-13.755427312003128,NA,NA,NA,NA
Andrew Hoffmann,ARI,pitcher,NA,NA,NA,NA,NA,NA,NA,NA,NA,34,2,0,30,4.11819,1.36779,0,0,0,0,0,0,0.04905982293196952,0,0.0827876254693521,0.01294733293610335,0.00316551811366193,0.14796029945108694,0.14796029945108694,0,0,0,0,0,0,0,0,0,0,1,P,0.4439721908381099,0.4439721908381099,0,0,0,0,0,0.13982049535611313,0.03627746556510604,0.2329091863204439,0.02333348430688774,0.0116315592895591,0,0,0,0,0,-0.0907606724241436,-0.03627746556510604,-0.1501215608510918,-0.01038615137078438,-0.00846604117589717,0,-0.296011891387023,-0.296011891387023,-0.296011891387023,0,0,0,0,0,-4.683544303797472,-3.9795918367346976,-3.735883609726319,-0.8124110931301166,-0.6280858804461649,-13.83951672383477,-13.83951672383477,NA,NA,NA,NA
Chad Green,NA,pitcher,NA,NA,NA,NA,NA,NA,NA,NA,NA,41,2,0,35,4.61671,1.35931,0,0,0,0,0,0,0.04905982293196952,0,0.09658556304757746,0.0064898152277201,0.00470716013430112,0.15684236134156818,0.15684236134156818,0,0,0,0,0,0,0,0,0,0,0,P,0.4439721908381099,0.4439721908381099,0,0,0,0,0,0.13982049535611313,0.03627746556510604,0.2329091863204439,0.02333348430688774,0.0116315592895591,0,0,0,0,0,-0.0907606724241436,-0.03627746556510604,-0.13632362327286646,-0.01684366907916764,-0.00692439915525798,0,-0.2871298294965417,-0.2871298294965417,-0.2871298294965417,0,0,0,0,0,-4.683544303797472,-3.9795918367346976,-3.3925119544205913,-1.317522065721162,-0.5137132278983985,-13.886883388572322,-13.886883388572322,NA,NA,NA,NA
Joey Lucchesi,NA,pitcher,NA,NA,NA,NA,NA,NA,NA,NA,NA,40,2,0,29,4.14453,1.39105,0,0,0,0,0,0,0.04905982293196952,0,0.08002803795370703,0.01476187922113892,0.00134269788792307,0.14519243799473852,0.14519243799473852,0,0,0,0,0,0,0,0,0,0,0,P,0.4439721908381099,0.4439721908381099,0,0,0,0,0,0.13982049535611313,0.03627746556510604,0.2329091863204439,0.02333348430688774,0.0116315592895591,0,0,0,0,0,-0.0907606724241436,-0.03627746556510604,-0.15288114836673689,-0.00857160508574881,-0.01028886140163603,0,-0.2987797528433714,-0.2987797528433714,-0.2987797528433714,0,0,0,0,0,-4.683544303797472,-3.9795918367346976,-3.8045579407874657,-0.6704761763034993,-0.7633188213911918,-13.901489079014326,-13.901489079014326,NA,NA,NA,NA
Luis Perales,WSN,pitcher,-2.751631181094091,NA,NA,NA,NA,NA,NA,NA,NA,36,2,0,35,4.3549,1.3947,0,0,0,0,0,0,0.04905982293196952,0,0.09658556304757746,0.00990531968788797,8.720981802684634e-4,0.1564228038477034,0.1564228038477034,0,0,0,0,0,0,0,0,0,1,0,P,0.4439721908381099,0.4439721908381099,0,0,0,0,0,0.13982049535611313,0.03627746556510604,0.2329091863204439,0.02333348430688774,0.0116315592895591,0,0,0,0,0,-0.0907606724241436,-0.03627746556510604,-0.13632362327286646,-0.01342816461899977,-0.01075946110929063,0,-0.2875493869904065,-0.2875493869904065,-0.2875493869904065,0,0,0,0,0,-4.683544303797472,-3.9795918367346976,-3.3925119544205913,-1.050359224258915,-0.7982320737105237,-13.904239392922202,-13.904239392922202,NA,NA,NA,NA
Adam Mazur,MIA,pitcher,NA,NA,NA,NA,NA,NA,NA,NA,NA,35,2,0,27,4.33594,1.32197,0,0,0,0,0,0,0.04905982293196952,0,0.07450886292241689,0.00992637155132561,0.00736343354253572,0.14085849094824773,0.14085849094824773,0,0,0,0,0,0,0,0,0,1,0,P,0.4439721908381099,0.4439721908381099,0,0,0,0,0,0.13982049535611313,0.03627746556510604,0.2329091863204439,0.02333348430688774,0.0116315592895591,0,0,0,0,0,-0.0907606724241436,-0.03627746556510604,-0.158400323398027,-0.01340711275556212,-0.00426812574702338,0,-0.3031136998898622,-0.3031136998898622,-0.3031136998898622,0,0,0,0,0,-4.683544303797472,-3.9795918367346976,-3.941906602909756,-1.0487125346645472,-0.3166473516932828,-13.970402629799755,-13.970402629799755,NA,NA,NA,NA
Hunter Stratton,ATL,pitcher,NA,NA,NA,NA,NA,NA,NA,NA,NA,30,2,0,28,4.24671,1.32773,0,0,0,0,0,0,0.04905982293196952,0,0.07726845043806196,0.00970315993784724,0.00586921758543089,0.14190065089330964,0.14190065089330964,0,0,0,0,0,0,0,0,0,0,1,P,0.4439721908381099,0.4439721908381099,0,0,0,0,0,0.13982049535611313,0.03627746556510604,0.2329091863204439,0.02333348430688774,0.0116315592895591,0,0,0,0,0,-0.0907606724241436,-0.03627746556510604,-0.15564073588238195,-0.01363032436904049,-0.00576234170412821,0,-0.3020715399448003,-0.3020715399448003,-0.3020715399448003,0,0,0,0,0,-4.683544303797472,-3.9795918367346976,-3.8732322718486105,-1.0661722831730658,-0.427501519006666,-14.030042214560511,-14.030042214560511,NA,NA,NA,NA
Tim Mayza,PHI,pitcher,NA,NA,NA,NA,NA,NA,NA,NA,NA,31,2,0,26,4.04922,1.35707,0,0,0,0,0,0,0.04905982293196952,0,0.07174927540677183,0.01275925446195781,0.00373681011680214,0.1373051629175013,0.1373051629175013,0,0,0,0,0,0,0,0,0,0,1,P,0.4439721908381099,0.4439721908381099,0,0,0,0,0,0.13982049535611313,0.03627746556510604,0.2329091863204439,0.02333348430688774,0.0116315592895591,0,0,0,0,0,-0.0907606724241436,-0.03627746556510604,-0.1611599109136721,-0.01057422984492992,-0.00789474917275696,0,-0.3066670279206087,-0.3066670279206087,-0.3066670279206087,0,0,0,0,0,-4.683544303797472,-3.9795918367346976,-4.010580933970902,-0.8271227060577532,-0.5857023822645432,-14.08654216282537,-14.08654216282537,NA,NA,NA,NA
Max Lazar,PHI,pitcher,-7.066441103162887,NA,NA,NA,NA,NA,NA,NA,NA,38,2,0,30,4.53931,1.34507,0,0,0,0,0,0,0.04905982293196952,0,0.0827876254693521,0.00732776317511816,0.00574777827079437,0.14492298984723417,0.14492298984723417,0,0,0,0,0,0,0,0,0,0,1,P,0.4439721908381099,0.4439721908381099,0,0,0,0,0,0.13982049535611313,0.03627746556510604,0.2329091863204439,0.02333348430688774,0.0116315592895591,0,0,0,0,0,-0.0907606724241436,-0.03627746556510604,-0.1501215608510918,-0.01600572113176958,-0.00588378101876473,0,-0.29904920099087573,-0.29904920099087573,-0.29904920099087573,0,0,0,0,0,-4.683544303797472,-3.9795918367346976,-3.735883609726319,-1.2519772663408326,-0.4365109624135101,-14.087507979012832,-14.087507979012832,NA,NA,NA,NA
Dylan Ross,NYM,pitcher,-2.751631181094091,NA,NA,NA,NA,NA,NA,NA,NA,36,1,0,38,3.96132,1.34733,0,0,0,0,0,0,0.02452991146598476,0,0.10486432559451266,0.01622963712246191,0.00523701551081822,0.15086088969377756,0.15086088969377756,0,0,0,0,0,0,0,0,0,0,1,P,0.4439721908381099,0.4439721908381099,0,0,0,0,0,0.13982049535611313,0.03627746556510604,0.2329091863204439,0.02333348430688774,0.0116315592895591,0,0,0,0,0,-0.11529058389012836,-0.03627746556510604,-0.12804486072593124,-0.00710384718442582,-0.00639454377874088,0,-0.2931113011443323,-0.2931113011443323,-0.2931113011443323,0,0,0,0,0,-5.9493670886076,-3.9795918367346976,-3.1864889612371545,-0.5556672583034796,-0.47440386549931834,-14.14551901038225,-14.14551901038225,NA,NA,NA,NA
Quinn Mathews,STL,pitcher,-2.751631181094091,NA,NA,NA,NA,NA,NA,NA,NA,40,2,0,36,4.31045,1.45714,0,0,0,0,0,0,0.04905982293196952,0,0.09934515056322252,0.01179952581354562,-0.00542383006873102,0.15478066924000666,0.15478066924000666,0,0,0,0,0,0,0,0,0,1,0,P,0.4439721908381099,0.4439721908381099,0,0,0,0,0,0.13982049535611313,0.03627746556510604,0.2329091863204439,0.02333348430688774,0.0116315592895591,0,0,0,0,0,-0.0907606724241436,-0.03627746556510604,-0.1335640357572214,-0.01153395849334212,-0.01705538935829012,0,-0.28919152159810324,-0.28919152159810324,-0.28919152159810324,0,0,0,0,0,-4.683544303797472,-3.9795918367346976,-3.323837623359446,-0.9021932661266224,-1.2653197662151217,-14.15448679623336,-14.15448679623336,Hoosiers,Bench,2,4
Chase Shugart,PHI,pitcher,-8.13128084422983,NA,NA,NA,NA,NA,NA,NA,NA,42,2,0,34,4.65345,1.38249,0,0,0,0,0,0,0.04905982293196952,0,0.09382597553193238,0.00595934552427641,0.0023300560123753,0.1511752000005536,0.1511752000005536,0,0,0,0,0,0,0,0,0,0,1,P,0.4439721908381099,0.4439721908381099,0,0,0,0,0,0.13982049535611313,0.03627746556510604,0.2329091863204439,0.02333348430688774,0.0116315592895591,0,0,0,0,0,-0.0907606724241436,-0.03627746556510604,-0.13908321078851155,-0.01737413878261132,-0.0093015032771838,0,-0.29279699083755634,-0.29279699083755634,-0.29279699083755634,0,0,0,0,0,-4.683544303797472,-3.9795918367346976,-3.4611862854817375,-1.359015729375955,-0.6900678550862075,-14.17340601047607,-14.17340601047607,NA,NA,NA,NA
Garrett Hawkins,SDP,pitcher,-2.751631181094091,NA,NA,NA,NA,NA,NA,NA,NA,26,2,0,27,4.20128,1.32921,0,0,0,0,0,0,0.04905982293196952,0,0.07450886292241689,0.00893662812752406,0.00498816227816628,0.13749347626007677,0.13749347626007677,0,0,0,0,0,0,0,0,0,0,0,P,0.4439721908381099,0.4439721908381099,0,0,0,0,0,0.13982049535611313,0.03627746556510604,0.2329091863204439,0.02333348430688774,0.0116315592895591,0,0,0,0,0,-0.0907606724241436,-0.03627746556510604,-0.158400323398027,-0.01439685617936368,-0.00664339701139282,0,-0.3064787145780332,-0.3064787145780332,-0.3064787145780332,0,0,0,0,0,-4.683544303797472,-3.9795918367346976,-3.941906602909756,-1.1261308687657414,-0.492866001282104,-14.224039613489772,-14.224039613489772,NA,NA,NA,NA
Alek Jacob,SDP,pitcher,-7.821063895296806,NA,NA,NA,NA,NA,NA,NA,NA,40,2,0,35,4.70193,1.38582,0,0,0,0,0,0,0.04905982293196952,0,0.09658556304757746,0.00481000006616967,0.00187816378614216,0.1523335498318588,0.1523335498318588,0,0,0,0,0,0,0,0,0,0,1,P,0.4439721908381099,0.4439721908381099,0,0,0,0,0,0.13982049535611313,0.03627746556510604,0.2329091863204439,0.02333348430688774,0.0116315592895591,0,0,0,0,0,-0.0907606724241436,-0.03627746556510604,-0.13632362327286646,-0.01852348424071807,-0.00975339550341694,0,-0.2916386410062511,-0.2916386410062511,-0.2916386410062511,0,0,0,0,0,-4.683544303797472,-3.9795918367346976,-3.3925119544205913,-1.4489182319170977,-0.7235932208248571,-14.228159547694716,-14.228159547694716,NA,NA,NA,NA
Brandan Bidois,PIT,pitcher,-2.751631181094091,NA,NA,NA,NA,NA,NA,NA,NA,40,2,0,37,4.48559,1.44756,0,0,0,0,0,0,0.04905982293196952,0,0.1021047380788676,0.00867255754084861,-0.00444299578480384,0.1553941227668819,0.1553941227668819,0,0,0,0,0,0,0,0,0,0,0,P,0.4439721908381099,0.4439721908381099,0,0,0,0,0,0.13982049535611313,0.03627746556510604,0.2329091863204439,0.02333348430688774,0.0116315592895591,0,0,0,0,0,-0.0907606724241436,-0.03627746556510604,-0.13080444824157633,-0.01466092676603913,-0.01607455507436294,0,-0.2885780680712281,-0.2885780680712281,-0.2885780680712281,0,0,0,0,0,-4.683544303797472,-3.9795918367346976,-3.2551632922983007,-1.1467866310713035,-1.1925527961528832,-14.25763886005466,-14.25763886005466,NA,NA,NA,NA
Zach Maxwell,CIN,pitcher,-8.646963499166842,NA,NA,NA,NA,NA,NA,NA,NA,40,2,0,41,4.65957,1.4566,0,0,0,0,0,0,0.04905982293196952,0,0.11314308814144788,0.0055663000320909,-0.00536854295878103,0.16240066814672727,0.16240066814672727,0,0,0,0,0,0,0,0,0,0,0,P,0.4439721908381099,0.4439721908381099,0,0,0,0,0,0.13982049535611313,0.03627746556510604,0.2329091863204439,0.02333348430688774,0.0116315592895591,0,0,0,0,0,-0.0907606724241436,-0.03627746556510604,-0.11976609817899604,-0.01776718427479684,-0.01700010224834013,0,-0.28157152269138264,-0.28157152269138264,-0.28157152269138264,0,0,0,0,0,-4.683544303797472,-3.9795918367346976,-2.9804659680537178,-1.3897599874323616,-1.2612180789673526,-14.294580174985605,-14.294580174985605,NA,NA,NA,NA
Jason Foley,SFG,pitcher,NA,NA,NA,NA,NA,NA,NA,NA,NA,28,1,0,24,3.42861,1.22835,0,0,0,0,0,0,0.02452991146598476,0,0.06623010037548169,0.01928079397513794,0.01260034954414158,0.12264115536074598,0.12264115536074598,0,0,0,0,0,0,0,0,0,0,1,P,0.4439721908381099,0.4439721908381099,0,0,0,0,0,0.13982049535611313,0.03627746556510604,0.2329091863204439,0.02333348430688774,0.0116315592895591,0,0,0,0,0,-0.11529058389012836,-0.03627746556510604,-0.16667908594496222,-0.00405269033174979,9.68790254582479e-4,0,-0.32133103547736397,-0.32133103547736397,-0.32133103547736397,0,0,0,0,0,-5.9493670886076,-3.9795918367346976,-4.147929596093193,-0.317003908858499,0.07187343734512582,-14.322018992948864,-14.322018992948864,NA,NA,NA,NA
Chris Roycroft,STL,pitcher,-7.869345789081487,NA,NA,NA,NA,NA,NA,NA,NA,40,2,0,32,4.29114,1.45054,0,0,0,0,0,0,0.04905982293196952,0,0.08830680050064224,0.01214428861670754,-0.00474809872489809,0.1447628133244212,0.1447628133244212,0,0,0,0,0,0,0,0,0,0,1,P,0.4439721908381099,0.4439721908381099,0,0,0,0,0,0.13982049535611313,0.03627746556510604,0.2329091863204439,0.02333348430688774,0.0116315592895591,0,0,0,0,0,-0.0907606724241436,-0.03627746556510604,-0.14460238581980167,-0.01118919569018019,-0.01637965801445719,0,-0.2992093775136887,-0.2992093775136887,-0.2992093775136887,0,0,0,0,0,-4.683544303797472,-3.9795918367346976,-3.5985349476040285,-0.8752257094457855,-1.2151880331868563,-14.352084830768842,-14.352084830768842,NA,NA,NA,NA
Paul Gervase,LAD,pitcher,NA,NA,NA,NA,NA,NA,NA,NA,NA,33,2,0,35,4.6611,1.39894,0,0,0,0,0,0,0.04905982293196952,0,0.09658556304757746,0.00456966118011087,4.4128571968131506e-4,0.15065633287933916,0.15065633287933916,0,0,0,0,0,0,0,0,0,0,1,P,0.4439721908381099,0.4439721908381099,0,0,0,0,0,0.13982049535611313,0.03627746556510604,0.2329091863204439,0.02333348430688774,0.0116315592895591,0,0,0,0,0,-0.0907606724241436,-0.03627746556510604,-0.13632362327286646,-0.01876382312677687,-0.01119027356987778,0,-0.29331585795877074,-0.29331585795877074,-0.29331585795877074,0,0,0,0,0,-4.683544303797472,-3.9795918367346976,-3.3925119544205913,-1.4677176861301315,-0.8301935558239606,-14.353559336906851,-14.353559336906851,NA,NA,NA,NA
Martin Perez,ATL,pitcher,-8.168298507126257,NA,NA,NA,NA,NA,NA,NA,NA,45,2,0,34,4.52822,1.43527,0,0,0,0,0,0,0.04905982293196952,0,0.09382597553193238,0.00890036658683937,-0.0035827898802271,0.14820337517051416,0.14820337517051416,0,0,0,0,0,0,0,0,0,1,0,P,0.4439721908381099,0.4439721908381099,0,0,0,0,0,0.13982049535611313,0.03627746556510604,0.2329091863204439,0.02333348430688774,0.0116315592895591,0,0,0,0,0,-0.0907606724241436,-0.03627746556510604,-0.13908321078851155,-0.01443311772004836,-0.0152143491697862,0,-0.2957688156675957,-0.2957688156675957,-0.2957688156675957,0,0,0,0,0,-4.683544303797472,-3.9795918367346976,-3.4611862854817375,-1.1289672685884031,-1.1287351071391258,-14.382024801741435,-14.382024801741435,NA,NA,NA,NA
Keegan Thompson,COL,pitcher,-8.234013697231822,NA,NA,NA,NA,NA,NA,NA,NA,40,2,0,38,4.79469,1.42809,0,0,0,0,0,0,0.04905982293196952,0,0.10486432559451266,0.00315385311529965,-0.00244958832049678,0.15462841332128505,0.15462841332128505,0,0,0,0,0,0,0,0,0,1,1,P,0.4439721908381099,0.4439721908381099,0,0,0,0,0,0.13982049535611313,0.03627746556510604,0.2329091863204439,0.02333348430688774,0.0116315592895591,0,0,0,0,0,-0.0907606724241436,-0.03627746556510604,-0.12804486072593124,-0.02017963119158809,-0.01408114761005588,0,-0.2893437775168249,-0.2893437775168249,-0.2893437775168249,0,0,0,0,0,-4.683544303797472,-3.9795918367346976,-3.1864889612371545,-1.57846305624203,-1.0446641837195074,-14.472752341730864,-14.472752341730864,NA,NA,NA,NA
Jorge Lopez,NA,pitcher,NA,NA,NA,NA,NA,NA,NA,NA,NA,30,2,0,25,4.36565,1.36068,0,0,0,0,0,0,0.04905982293196952,0,0.06898968789112675,0.00811048433680844,0.00333906442869292,0.12949905958859764,0.12949905958859764,0,0,0,0,0,0,0,0,0,0,0,P,0.4439721908381099,0.4439721908381099,0,0,0,0,0,0.13982049535611313,0.03627746556510604,0.2329091863204439,0.02333348430688774,0.0116315592895591,0,0,0,0,0,-0.0907606724241436,-0.03627746556510604,-0.16391949842931716,-0.01522299997007929,-0.00829249486086618,0,-0.3144731312495123,-0.3144731312495123,-0.3144731312495123,0,0,0,0,0,-4.683544303797472,-3.9795918367346976,-4.079255265032048,-1.1907523398128408,-0.6152106784704463,-14.548354423847506,-14.548354423847506,NA,NA,NA,NA
Carson Whisenhunt,SFG,pitcher,NA,NA,NA,NA,NA,NA,NA,NA,NA,29,2,0,23,4.26676,1.35672,0,0,0,0,0,0,0.04905982293196952,0,0.06347051285983661,0.00912018951263802,0.00352170541563713,0.12517223072008127,0.12517223072008127,0,0,0,0,0,0,0,0,0,1,0,P,0.4439721908381099,0.4439721908381099,0,0,0,0,0,0.13982049535611313,0.03627746556510604,0.2329091863204439,0.02333348430688774,0.0116315592895591,0,0,0,0,0,-0.0907606724241436,-0.03627746556510604,-0.16943867346060731,-0.01421329479424972,-0.00810985387392197,0,-0.31879996011802864,-0.31879996011802864,-0.31879996011802864,0,0,0,0,0,-4.683544303797472,-3.9795918367346976,-4.216603927154339,-1.111772585296429,-0.6016607532212043,-14.59317340620414,-14.59317340620414,NA,NA,NA,NA
Welinton Herrera,COL,pitcher,-2.751631181094091,NA,NA,NA,NA,NA,NA,NA,NA,30,2,0,29,4.40782,1.40911,0,0,0,0,0,0,0.04905982293196952,0,0.08002803795370703,0.00754580357259281,-3.7976159196933667e-4,0.1362539028663,0.1362539028663,0,0,0,0,0,0,0,0,0,0,0,P,0.4439721908381099,0.4439721908381099,0,0,0,0,0,0.13982049535611313,0.03627746556510604,0.2329091863204439,0.02333348430688774,0.0116315592895591,0,0,0,0,0,-0.0907606724241436,-0.03627746556510604,-0.15288114836673689,-0.01578768073429493,-0.01201132088152843,0,-0.3077182879718099,-0.3077182879718099,-0.3077182879718099,0,0,0,0,0,-4.683544303797472,-3.9795918367346976,-3.8045579407874657,-1.23492201350125,-0.8911061137612196,-14.593722208582106,-14.593722208582106,NA,NA,NA,NA
Tristan Beck,SFG,pitcher,NA,NA,NA,NA,NA,NA,NA,NA,NA,34,1,0,29,4.07146,1.29138,0,0,0,0,0,0,0.02452991146598476,0,0.08002803795370703,0.01365650698700927,0.009815175262894,0.12802963166959508,0.12802963166959508,0,0,0,0,0,0,0,0,0,0,1,P,0.4439721908381099,0.4439721908381099,0,0,0,0,0,0.13982049535611313,0.03627746556510604,0.2329091863204439,0.02333348430688774,0.0116315592895591,0,0,0,0,0,-0.11529058389012836,-0.03627746556510604,-0.15288114836673689,-0.00967697731987846,-0.00181638402666509,0,-0.3159425591685149,-0.3159425591685149,-0.3159425591685149,0,0,0,0,0,-5.9493670886076,-3.9795918367346976,-3.8045579407874657,-0.7569390664526853,-0.13475544672098771,-14.625211379303437,-14.625211379303437,NA,NA,NA,NA
Kendall Graveman,NA,pitcher,NA,NA,NA,NA,NA,NA,NA,NA,NA,36,2,0,32,4.34984,1.47569,0,0,0,0,0,0,0.04905982293196952,0,0.08830680050064224,0.00998662729045655,-0.00659074021114433,0.14076251051192396,0.14076251051192396,0,0,0,0,0,0,0,0,0,0,0,P,0.4439721908381099,0.4439721908381099,0,0,0,0,0,0.13982049535611313,0.03627746556510604,0.2329091863204439,0.02333348430688774,0.0116315592895591,0,0,0,0,0,-0.0907606724241436,-0.03627746556510604,-0.14460238581980167,-0.01334685701643118,-0.01822229950070343,0,-0.30320968032618595,-0.30320968032618595,-0.30320968032618595,0,0,0,0,0,-4.683544303797472,-3.9795918367346976,-3.5985349476040285,-1.0439992940090692,-1.3518914907049395,-14.657561872850208,-14.657561872850208,NA,NA,NA,NA
Scott Alexander,SFG,pitcher,NA,NA,NA,NA,NA,NA,NA,NA,NA,32,2,0,23,4.1207,1.41859,0,0,0,0,0,0,0.04905982293196952,0,0.06347051285983661,0.01214987406978937,-0.00118155577562013,0.12349865408597537,0.12349865408597537,0,0,0,0,0,0,0,0,0,0,0,P,0.4439721908381099,0.4439721908381099,0,0,0,0,0,0.13982049535611313,0.03627746556510604,0.2329091863204439,0.02333348430688774,0.0116315592895591,0,0,0,0,0,-0.0907606724241436,-0.03627746556510604,-0.16943867346060731,-0.01118361023709836,-0.01281311506517923,0,-0.3204735367521345,-0.3204735367521345,-0.3204735367521345,0,0,0,0,0,-4.683544303797472,-3.9795918367346976,-4.216603927154339,-0.8747888119000208,-0.9505903042242496,-14.70511918381078,-14.70511918381078,NA,NA,NA,NA
River Ryan,LAD,pitcher,-8.904554000489231,NA,NA,NA,NA,NA,NA,NA,NA,39,2,0,32,4.78157,1.42398,0,0,0,0,0,0,0.04905982293196952,0,0.08830680050064224,0.00330339652216844,-0.00197807218406398,0.1386919477707162,0.1386919477707162,0,0,0,0,0,0,0,0,0,1,0,P,0.4439721908381099,0.4439721908381099,0,0,0,0,0,0.13982049535611313,0.03627746556510604,0.2329091863204439,0.02333348430688774,0.0116315592895591,0,0,0,0,0,-0.0907606724241436,-0.03627746556510604,-0.14460238581980167,-0.0200300877847193,-0.01360963147362308,0,-0.30528024306739376,-0.30528024306739376,-0.30528024306739376,0,0,0,0,0,-4.683544303797472,-3.9795918367346976,-3.5985349476040285,-1.5667656797733582,-1.0096829426006817,-14.838119710510238,-14.838119710510238,NA,NA,NA,NA
Coleman Crow,MIL,pitcher,-2.751631181094091,NA,NA,NA,NA,NA,NA,NA,NA,27,1,0,25,3.90996,1.23704,0,0,0,0,0,0,0.02452991146598476,0,0.06898968789112675,0.01279119401792192,0.01154978082859074,0.11786057420362418,0.11786057420362418,0,0,0,0,0,0,0,0,0,1,0,P,0.4439721908381099,0.4439721908381099,0,0,0,0,0,0.13982049535611313,0.03627746556510604,0.2329091863204439,0.02333348430688774,0.0116315592895591,0,0,0,0,0,-0.11529058389012836,-0.03627746556510604,-0.16391949842931716,-0.01054229028896582,-8.177846096836007e-5,0,-0.32611161663448573,-0.32611161663448573,-0.32611161663448573,0,0,0,0,0,-5.9493670886076,-3.9795918367346976,-4.079255265032048,-0.8246243745152453,-0.00606705018221241,-14.838905615071802,-14.838905615071802,NA,NA,NA,NA
Walker Buehler,SDP,pitcher,-8.539277558436599,NA,NA,NA,NA,NA,NA,NA,NA,39,2,0,33,4.89247,1.41588,0,0,0,0,0,0,0.04905982293196952,0,0.09106638801628732,0.00137287658436985,-0.00116949820104574,0.1403295893315809,0.1403295893315809,0,0,0,0,0,0,0,0,0,1,0,P,0.4439721908381099,0.4439721908381099,0,0,0,0,0,0.13982049535611313,0.03627746556510604,0.2329091863204439,0.02333348430688774,0.0116315592895591,0,0,0,0,0,-0.0907606724241436,-0.03627746556510604,-0.14184279830415658,-0.02196060772251789,-0.01280105749060484,0,-0.303642601506529,-0.303642601506529,-0.303642601506529,0,0,0,0,0,-4.683544303797472,-3.9795918367346976,-3.5298606165428823,-1.717772126433493,-0.9496957666020892,-14.860464650110634,-14.860464650110634,NA,NA,NA,NA
Austin Love,STL,pitcher,-2.751631181094091,NA,NA,NA,NA,NA,NA,NA,NA,32,2,0,27,4.51607,1.42805,0,0,0,0,0,0,0.04905982293196952,0,0.07450886292241689,0.00650269149138939,-0.0019563943832152,0.12811498296256058,0.12811498296256058,0,0,0,0,0,0,0,0,0,0,1,P,0.4439721908381099,0.4439721908381099,0,0,0,0,0,0.13982049535611313,0.03627746556510604,0.2329091863204439,0.02333348430688774,0.0116315592895591,0,0,0,0,0,-0.0907606724241436,-0.03627746556510604,-0.158400323398027,-0.01683079281549835,-0.0135879536727743,0,-0.3158572078755494,-0.3158572078755494,-0.3158572078755494,0,0,0,0,0,-4.683544303797472,-3.9795918367346976,-3.941906602909756,-1.3165148765257084,-1.008074691429992,-14.929632311397626,-14.929632311397626,NA,NA,NA,NA
Justin Hagenman,NYM,pitcher,NA,NA,NA,NA,NA,NA,NA,NA,NA,27,1,0,24,4.11222,1.20446,0,0,0,0,0,0,0.02452991146598476,0,0.06623010037548169,0.01035365315396111,0.01380134838130307,0.11491501337673064,0.11491501337673064,0,0,0,0,0,0,0,0,0,0,1,P,0.4439721908381099,0.4439721908381099,0,0,0,0,0,0.13982049535611313,0.03627746556510604,0.2329091863204439,0.02333348430688774,0.0116315592895591,0,0,0,0,0,-0.11529058389012836,-0.03627746556510604,-0.16667908594496222,-0.01297983115292662,0.00216978909174397,0,-0.32905717746137925,-0.32905717746137925,-0.32905717746137925,0,0,0,0,0,-5.9493670886076,-3.9795918367346976,-4.147929596093193,-1.0152903071734338,0.16097416298309872,-14.931204665625824,-14.931204665625824,NA,NA,NA,NA
Mike Clevinger,PIT,pitcher,NA,NA,NA,NA,NA,NA,NA,NA,NA,34,2,0,27,4.73764,1.39211,0,0,0,0,0,0,0.04905982293196952,0,0.07450886292241689,0.00354656542414813,0.00104904563794772,0.12816429691648226,0.12816429691648226,0,0,0,0,0,0,0,0,0,0,1,P,0.4439721908381099,0.4439721908381099,0,0,0,0,0,0.13982049535611313,0.03627746556510604,0.2329091863204439,0.02333348430688774,0.0116315592895591,0,0,0,0,0,-0.0907606724241436,-0.03627746556510604,-0.158400323398027,-0.0197869188827396,-0.01058251365161138,0,-0.31580789392162767,-0.31580789392162767,-0.31580789392162767,0,0,0,0,0,-4.683544303797472,-3.9795918367346976,-3.941906602909756,-1.547744859989403,-0.7851045448643853,-14.937892148295711,-14.937892148295711,NA,NA,NA,NA
Easton McGee,MIL,pitcher,NA,NA,NA,NA,NA,NA,NA,NA,NA,30,1,0,24,4.1258,1.27614,0,0,0,0,0,0,0.02452991146598476,0,0.06623010037548169,0.01132221498174839,0.00983069258865132,0.11191291941186618,0.11191291941186618,0,0,0,0,0,0,0,0,0,0,1,P,0.4439721908381099,0.4439721908381099,0,0,0,0,0,0.13982049535611313,0.03627746556510604,0.2329091863204439,0.02333348430688774,0.0116315592895591,0,0,0,0,0,-0.11529058389012836,-0.03627746556510604,-0.16667908594496222,-0.01201126932513935,-0.00180086670090777,0,-0.33205927142624375,-0.33205927142624375,-0.33205927142624375,0,0,0,0,0,-5.9493670886076,-3.9795918367346976,-4.147929596093193,-0.9395288104278554,-0.13360423412847117,-15.150021565991816,-15.150021565991816,NA,NA,NA,NA
Juan Morillo,ARI,pitcher,NA,NA,NA,NA,NA,NA,NA,NA,NA,30,2,0,27,4.23828,1.51412,0,0,0,0,0,0,0.04905982293196952,0,0.07450886292241689,0.00981604252836984,-0.00844323300286633,0.12494149537988992,0.12494149537988992,0,0,0,0,0,0,0,0,0,0,1,P,0.4439721908381099,0.4439721908381099,0,0,0,0,0,0.13982049535611313,0.03627746556510604,0.2329091863204439,0.02333348430688774,0.0116315592895591,0,0,0,0,0,-0.0907606724241436,-0.03627746556510604,-0.158400323398027,-0.0135174417785179,-0.02007479229242543,0,-0.31903069545822,-0.31903069545822,-0.31903069545822,0,0,0,0,0,-4.683544303797472,-3.9795918367346976,-3.941906602909756,-1.0573425381127548,-1.4893258052723484,-15.151711086827028,-15.151711086827028,NA,NA,NA,NA
Cristian Mena,ARI,pitcher,NA,NA,NA,NA,NA,NA,NA,NA,NA,26,1,0,25,3.87037,1.29989,0,0,0,0,0,0,0.02452991146598476,0,0.06898968789112675,0.012776894749808,0.00693938772525228,0.1132358818321718,0.1132358818321718,0,0,0,0,0,0,0,0,0,1,0,P,0.4439721908381099,0.4439721908381099,0,0,0,0,0,0.13982049535611313,0.03627746556510604,0.2329091863204439,0.02333348430688774,0.0116315592895591,0,0,0,0,0,-0.11529058389012836,-0.03627746556510604,-0.16391949842931716,-0.01055658955707973,-0.00469217156430682,0,-0.33073630900593814,-0.33073630900593814,-0.33073630900593814,0,0,0,0,0,-5.9493670886076,-3.9795918367346976,-4.079255265032048,-0.825742871986028,-0.3481068243044302,-15.182063886664803,-15.182063886664803,NA,NA,NA,NA
Trent Thornton,CHC,pitcher,NA,NA,NA,NA,NA,NA,NA,NA,NA,30,1,0,25,4.23915,1.27777,0,0,0,0,0,0,0.02452991146598476,0,0.06898968789112675,0.00980439272365398,0.00970552871473681,0.11302952079550233,0.11302952079550233,0,0,0,0,0,0,0,0,0,0,1,P,0.4439721908381099,0.4439721908381099,0,0,0,0,0,0.13982049535611313,0.03627746556510604,0.2329091863204439,0.02333348430688774,0.0116315592895591,0,0,0,0,0,-0.11529058389012836,-0.03627746556510604,-0.16391949842931716,-0.01352909158323375,-0.00192603057482229,0,-0.3309426700426076,-0.3309426700426076,-0.3309426700426076,0,0,0,0,0,-5.9493670886076,-3.9795918367346976,-4.079255265032048,-1.0582537929410434,-0.14288999831438864,-15.209357981629775,-15.209357981629775,NA,NA,NA,NA
Zach Agnos,COL,pitcher,-10.689757384850408,NA,NA,NA,NA,NA,NA,NA,NA,50,2,0,40,5.12923,1.46137,0,0,0,0,0,0,0.04905982293196952,0,0.1103835006258028,-0.00352382473545788,-0.00732114053750718,0.14859835828480725,0.14859835828480725,0,0,0,0,0,0,0,0,0,0,1,P,0.4439721908381099,0.4439721908381099,0,0,0,0,0,0.13982049535611313,0.03627746556510604,0.2329091863204439,0.02333348430688774,0.0116315592895591,0,0,0,0,0,-0.0907606724241436,-0.03627746556510604,-0.12252568569464112,-0.02685730904234562,-0.01895269982706628,0,-0.29537383255330263,-0.29537383255330263,-0.29537383255330263,0,0,0,0,0,-4.683544303797472,-3.9795918367346976,-3.049140299114864,-2.1007950894112115,-1.4060790528169511,-15.219150581875196,-15.219150581875196,Big Red Machine,IL,2,1
Chase Petty,CIN,pitcher,-10.752203011207245,NA,NA,NA,NA,NA,NA,NA,NA,46,2,0,36,5.08712,1.4592,0,0,0,0,0,0,0.04905982293196952,0,0.09934515056322252,-0.00237730685152954,-0.0064799511780619,0.1395477154656006,0.1395477154656006,0,0,0,0,0,0,0,0,0,1,0,P,0.4439721908381099,0.4439721908381099,0,0,0,0,0,0.13982049535611313,0.03627746556510604,0.2329091863204439,0.02333348430688774,0.0116315592895591,0,0,0,0,0,-0.0907606724241436,-0.03627746556510604,-0.1335640357572214,-0.02571079115841728,-0.018111510467621,0,-0.30442447537250933,-0.30442447537250933,-0.30442447537250933,0,0,0,0,0,-4.683544303797472,-3.9795918367346976,-3.323837623359446,-2.011113761446404,-1.343672179465884,-15.341759704803904,-15.341759704803904,NA,NA,NA,NA
Antonio Senzatela,COL,pitcher,-18.021598730659676,NA,NA,NA,NA,NA,NA,NA,NA,85,4,0,51,5.47348,1.57407,0,0,0,0,0,0,0.09811964586393904,0,0.14073896329789856,-0.01905133914766557,-0.03696551621772942,0.1828417537964426,0.1828417537964426,0,0,0,0,0,0,0,0,0,1,0,P,0.4439721908381099,0.4439721908381099,0,0,0,0,0,0.13982049535611313,0.03627746556510604,0.2329091863204439,0.02333348430688774,0.0116315592895591,0,0,0,0,0,-0.04170084949217409,-0.03627746556510604,-0.09217022302254536,-0.04238482345455331,-0.04859707550728852,0,-0.26113043704166733,-0.26113043704166733,-0.26113043704166733,0,0,0,0,0,-2.151898734177217,-3.9795918367346976,-2.2937226574422627,-3.3153667345635967,-3.605361268972264,-15.345941231890038,-15.345941231890038,NA,NA,NA,NA
Juan Burgos,ARI,pitcher,NA,NA,NA,NA,NA,NA,NA,NA,NA,27,2,0,22,4.58745,1.46316,0,0,0,0,0,0,0.04905982293196952,0,0.06071092534419154,0.00462640829694493,-0.00407712079876692,0.11032003577433908,0.11032003577433908,0,0,0,0,0,0,0,0,0,0,1,P,0.4439721908381099,0.4439721908381099,0,0,0,0,0,0.13982049535611313,0.03627746556510604,0.2329091863204439,0.02333348430688774,0.0116315592895591,0,0,0,0,0,-0.0907606724241436,-0.03627746556510604,-0.17219826097625238,-0.01870707600994281,-0.01570868008832602,0,-0.3336521550637709,-0.3336521550637709,-0.3336521550637709,0,0,0,0,0,-4.683544303797472,-3.9795918367346976,-4.2852782582154845,-1.4632788920500817,-1.1654089507635563,-15.577102241561292,-15.577102241561292,NA,NA,NA,NA
DJ Herz,WSN,pitcher,NA,NA,NA,NA,NA,NA,NA,NA,NA,25,1,0,26,4.07585,1.34755,0,0,0,0,0,0,0.02452991146598476,0,0.07174927540677183,0.00999256204950004,0.00362273859062724,0.10989448751288386,0.10989448751288386,0,0,0,0,0,0,0,0,0,1,0,P,0.4439721908381099,0.4439721908381099,0,0,0,0,0,0.13982049535611313,0.03627746556510604,0.2329091863204439,0.02333348430688774,0.0116315592895591,0,0,0,0,0,-0.11529058389012836,-0.03627746556510604,-0.1611599109136721,-0.0133409222573877,-0.00800882069893186,0,-0.33407770332522607,-0.33407770332522607,-0.33407770332522607,0,0,0,0,0,-5.9493670886076,-3.9795918367346976,-4.010580933970902,-1.0435350735379958,-0.5941652178996187,-15.577240150750814,-15.577240150750814,NA,NA,NA,NA
Luke Little,CHC,pitcher,NA,NA,NA,NA,NA,NA,NA,NA,NA,20,1,0,23,3.65191,1.33403,0,0,0,0,0,0,0.02452991146598476,0,0.06347051285983661,0.01177858466736973,0.0035903035822458,0.1033693125754369,0.1033693125754369,0,0,0,0,0,0,0,0,0,0,1,P,0.4439721908381099,0.4439721908381099,0,0,0,0,0,0.13982049535611313,0.03627746556510604,0.2329091863204439,0.02333348430688774,0.0116315592895591,0,0,0,0,0,-0.11529058389012836,-0.03627746556510604,-0.16943867346060731,-0.011554899639518,-0.0080412557073133,0,-0.340602878262673,-0.340602878262673,-0.340602878262673,0,0,0,0,0,-5.9493670886076,-3.9795918367346976,-4.216603927154339,-0.9038312953492664,-0.5965715339537545,-15.645965681799655,-15.645965681799655,NA,NA,NA,NA
Jose Suarez,ATL,pitcher,NA,NA,NA,NA,NA,NA,NA,NA,NA,22,1,0,21,3.93584,1.28779,0,0,0,0,0,0,0.02452991146598476,0,0.05795133782854647,0.01016831902815276,0.00655315205203985,0.09920272037472389,0.09920272037472389,0,0,0,0,0,0,0,0,0,1,1,P,0.4439721908381099,0.4439721908381099,0,0,0,0,0,0.13982049535611313,0.03627746556510604,0.2329091863204439,0.02333348430688774,0.0116315592895591,0,0,0,0,0,-0.11529058389012836,-0.03627746556510604,-0.17495784849189744,-0.01316516527873497,-0.00507840723751925,0,-0.344769470463386,-0.344769470463386,-0.344769470463386,0,0,0,0,0,-5.9493670886076,-3.9795918367346976,-4.35395258927663,-1.029787255500782,-0.3767612057123541,-15.689459975832063,-15.689459975832063,NA,NA,NA,NA
Spencer Turnbull,NA,pitcher,NA,NA,NA,NA,NA,NA,NA,NA,NA,33,2,0,24,4.90231,1.46646,0,0,0,0,0,0,0.04905982293196952,0,0.06623010037548169,0.00101672516279771,-0.00526188682226843,0.1110447616479805,0.1110447616479805,0,0,0,0,0,0,0,0,0,0,0,P,0.4439721908381099,0.4439721908381099,0,0,0,0,0,0.13982049535611313,0.03627746556510604,0.2329091863204439,0.02333348430688774,0.0116315592895591,0,0,0,0,0,-0.0907606724241436,-0.03627746556510604,-0.16667908594496222,-0.02231675914409003,-0.01689344611182753,0,-0.3329274291901294,-0.3329274291901294,-0.3329274291901294,0,0,0,0,0,-4.683544303797472,-3.9795918367346976,-4.147929596093193,-1.7456305077905343,-1.2533053825825038,-15.8100016269984,-15.8100016269984,NA,NA,NA,NA
Michael Petersen,MIA,pitcher,NA,NA,NA,NA,NA,NA,NA,NA,NA,28,1,0,26,4.38763,1.35885,0,0,0,0,0,0,0.02452991146598476,0,0.07174927540677183,0.00729508209311601,0.00324761344427247,0.10682188241014508,0.10682188241014508,0,0,0,0,0,0,0,0,0,0,1,P,0.4439721908381099,0.4439721908381099,0,0,0,0,0,0.13982049535611313,0.03627746556510604,0.2329091863204439,0.02333348430688774,0.0116315592895591,0,0,0,0,0,-0.11529058389012836,-0.03627746556510604,-0.1611599109136721,-0.01603840221377173,-0.00838394584528663,0,-0.33715030842796484,-0.33715030842796484,-0.33715030842796484,0,0,0,0,0,-5.9493670886076,-3.9795918367346976,-4.010580933970902,-1.254533600502178,-0.6219953220687925,-15.816068781884171,-15.816068781884171,NA,NA,NA,NA
Joe Jimenez,ATL,pitcher,NA,NA,NA,NA,NA,NA,NA,NA,NA,18,1,0,20,4.00302,1.24814,0,0,0,0,0,0,0.02452991146598476,0,0.0551917503129014,0.00777978624629913,0.00718844811868998,0.09468989614387528,0.09468989614387528,0,0,0,0,0,0,0,0,0,0,1,P,0.4439721908381099,0.4439721908381099,0,0,0,0,0,0.13982049535611313,0.03627746556510604,0.2329091863204439,0.02333348430688774,0.0116315592895591,0,0,0,0,0,-0.11529058389012836,-0.03627746556510604,-0.17771743600754253,-0.0155536980605886,-0.00444311117086912,0,-0.3492822946942346,-0.3492822946942346,-0.3492822946942346,0,0,0,0,0,-5.9493670886076,-3.9795918367346976,-4.422626920337776,-1.2166197460940975,-0.3296293195006565,-15.897834911274828,-15.897834911274828,NA,NA,NA,NA
Kyle Hart,SDP,pitcher,NA,NA,NA,NA,NA,NA,NA,NA,NA,24,1,0,22,4.26946,1.31364,0,0,0,0,0,0,0.02452991146598476,0,0.06071092534419154,0.00751881939185417,0.00556092448967251,0.098320580691703,0.098320580691703,0,0,0,0,0,0,0,0,0,1,1,P,0.4439721908381099,0.4439721908381099,0,0,0,0,0,0.13982049535611313,0.03627746556510604,0.2329091863204439,0.02333348430688774,0.0116315592895591,0,0,0,0,0,-0.11529058389012836,-0.03627746556510604,-0.17219826097625238,-0.01581466491503357,-0.00607063479988659,0,-0.3456516101464069,-0.3456516101464069,-0.3456516101464069,0,0,0,0,0,-5.9493670886076,-3.9795918367346976,-4.2852782582154845,-1.2370327325721049,-0.45037343002880387,-15.901643346158693,-15.901643346158693,NA,NA,NA,NA
Danny Young,ATL,pitcher,NA,NA,NA,NA,NA,NA,NA,NA,NA,20,1,0,21,3.95516,1.31907,0,0,0,0,0,0,0.02452991146598476,0,0.05795133782854647,0.0090714557171146,0.00435613243858977,0.0959088374502356,0.0959088374502356,0,0,0,0,0,0,0,0,0,0,1,P,0.4439721908381099,0.4439721908381099,0,0,0,0,0,0.13982049535611313,0.03627746556510604,0.2329091863204439,0.02333348430688774,0.0116315592895591,0,0,0,0,0,-0.11529058389012836,-0.03627746556510604,-0.17495784849189744,-0.01426202858977314,-0.00727542685096933,0,-0.3480633533878743,-0.3480633533878743,-0.3480633533878743,0,0,0,0,0,-5.9493670886076,-3.9795918367346976,-4.35395258927663,-1.1155845724974756,-0.5397555698550554,-15.938251656971458,-15.938251656971458,NA,NA,NA,NA
Luis Mey,CIN,pitcher,NA,NA,NA,NA,NA,NA,NA,NA,NA,34,2,0,32,4.96153,1.5637,0,0,0,0,0,0,0.04905982293196952,0,0.08830680050064224,1.4881283999823794e-4,-0.01388374680069553,0.12363168947191444,0.12363168947191444,0,0,0,0,0,0,0,0,0,0,1,P,0.4439721908381099,0.4439721908381099,0,0,0,0,0,0.13982049535611313,0.03627746556510604,0.2329091863204439,0.02333348430688774,0.0116315592895591,0,0,0,0,0,-0.0907606724241436,-0.03627746556510604,-0.14460238581980167,-0.0231846714668895,-0.02551530609025463,0,-0.3203405013661955,-0.3203405013661955,-0.3203405013661955,0,0,0,0,0,-4.683544303797472,-3.9795918367346976,-3.5985349476040285,-1.8135191388854,-1.8929512811934408,-15.96814150821504,-15.96814150821504,NA,NA,NA,NA
Bobby Miller,LAD,pitcher,NA,NA,NA,NA,NA,NA,NA,NA,NA,26,1,0,25,4.5629,1.36522,0,0,0,0,0,0,0.02452991146598476,0,0.06898968789112675,0.00473996675146919,0.00259172202067765,0.10085128812925837,0.10085128812925837,0,0,0,0,0,0,0,0,0,1,1,P,0.4439721908381099,0.4439721908381099,0,0,0,0,0,0.13982049535611313,0.03627746556510604,0.2329091863204439,0.02333348430688774,0.0116315592895591,0,0,0,0,0,-0.11529058389012836,-0.03627746556510604,-0.16391949842931716,-0.01859351755541855,-0.00903983726888145,0,-0.3431209027088516,-0.3431209027088516,-0.3431209027088516,0,0,0,0,0,-5.9493670886076,-3.9795918367346976,-4.079255265032048,-1.4543962804954558,-0.6706551541799899,-16.13326562504979,-16.13326562504979,NA,NA,NA,NA
Derek Law,ARI,pitcher,NA,NA,NA,NA,NA,NA,NA,NA,NA,24,1,0,20,4.12827,1.36388,0,0,0,0,0,0,0.02452991146598476,0,0.0551917503129014,0.00903131219905558,0.00247467515202112,0.09122764912996284,0.09122764912996284,0,0,0,0,0,0,0,0,0,0,1,P,0.4439721908381099,0.4439721908381099,0,0,0,0,0,0.13982049535611313,0.03627746556510604,0.2329091863204439,0.02333348430688774,0.0116315592895591,0,0,0,0,0,-0.11529058389012836,-0.03627746556510604,-0.17771743600754253,-0.01430217210783215,-0.00915688413753798,0,-0.352744541708147,-0.352744541708147,-0.352744541708147,0,0,0,0,0,-5.9493670886076,-3.9795918367346976,-4.422626920337776,-1.1187246229573748,-0.6793387270597087,-16.149649195697158,-16.149649195697158,NA,NA,NA,NA
Cionel Perez,WSN,pitcher,NA,NA,NA,NA,NA,NA,NA,NA,NA,32,1,0,28,4.2657,1.4797,0,0,0,0,0,0,0.02452991146598476,0,0.07726845043806196,0.01007879767585964,-0.00618688212975698,0.1056902774501494,0.1056902774501494,0,0,0,0,0,0,0,0,0,0,0,P,0.4439721908381099,0.4439721908381099,0,0,0,0,0,0.13982049535611313,0.03627746556510604,0.2329091863204439,0.02333348430688774,0.0116315592895591,0,0,0,0,0,-0.11529058389012836,-0.03627746556510604,-0.15564073588238195,-0.0132546866310281,-0.01781844141931608,0,-0.3382819133879605,-0.3382819133879605,-0.3382819133879605,0,0,0,0,0,-5.9493670886076,-3.9795918367346976,-3.8732322718486105,-1.036789670262377,-1.3219297230554226,-16.160910590508706,-16.160910590508706,NA,NA,NA,NA
Trevor Williams,WSN,pitcher,NA,NA,NA,NA,NA,NA,NA,NA,NA,29,1,0,24,4.60164,1.36371,0,0,0,0,0,0,0.02452991146598476,0,0.06623010037548169,0.00478542662014309,0.00300285124628725,0.0985482897078968,0.0985482897078968,0,0,0,0,0,0,0,0,0,1,0,P,0.4439721908381099,0.4439721908381099,0,0,0,0,0,0.13982049535611313,0.03627746556510604,0.2329091863204439,0.02333348430688774,0.0116315592895591,0,0,0,0,0,-0.11529058389012836,-0.03627746556510604,-0.16667908594496222,-0.01854805768674464,-0.00862870804327185,0,-0.34542390113021315,-0.34542390113021315,-0.34542390113021315,0,0,0,0,0,-5.9493670886076,-3.9795918367346976,-4.147929596093193,-1.4508403818488405,-0.6401539486839287,-16.16788285196826,-16.16788285196826,NA,NA,NA,NA
Thomas White,MIA,pitcher,-2.751631181094091,NA,NA,NA,NA,NA,NA,NA,NA,24,1,0,23,4.2156,1.40211,0,0,0,0,0,0,0.02452991146598476,0,0.06347051285983661,0.00809579270863204,1.2620158159093388e-4,0.09622241861604432,0.09622241861604432,0,0,0,0,0,0,0,0,0,1,0,P,0.4439721908381099,0.4439721908381099,0,0,0,0,0,0.13982049535611313,0.03627746556510604,0.2329091863204439,0.02333348430688774,0.0116315592895591,0,0,0,0,0,-0.11529058389012836,-0.03627746556510604,-0.16943867346060731,-0.0152376915982557,-0.01150535770796816,0,-0.3477497722220656,-0.3477497722220656,-0.3477497722220656,0,0,0,0,0,-5.9493670886076,-3.9795918367346976,-4.216603927154339,-1.1919015279269507,-0.8535692864843003,-16.191033666907888,-16.191033666907888,NA,NA,NA,NA
Carson Seymour,SFG,pitcher,NA,NA,NA,NA,NA,NA,NA,NA,NA,20,1,0,17,3.98224,1.33873,0,0,0,0,0,0,0.02452991146598476,0,0.04691298776596619,0.00882971111044383,0.00334970227042651,0.0836223126128213,0.0836223126128213,0,0,0,0,0,0,0,0,0,0,1,P,0.4439721908381099,0.4439721908381099,0,0,0,0,0,0.13982049535611313,0.03627746556510604,0.2329091863204439,0.02333348430688774,0.0116315592895591,0,0,0,0,0,-0.11529058389012836,-0.03627746556510604,-0.18599619855447772,-0.0145037731964439,-0.00828185701913259,0,-0.3603498782252886,-0.3603498782252886,-0.3603498782252886,0,0,0,0,0,-5.9493670886076,-3.9795918367346976,-4.628649913521212,-1.1344939830339096,-0.6144214691986661,-16.306524291096085,-16.306524291096085,NA,NA,NA,NA
Alex Carrillo,NYM,pitcher,NA,NA,NA,NA,NA,NA,NA,NA,NA,20,1,0,21,4.30131,1.35528,0,0,0,0,0,0,0.02452991146598476,0,0.05795133782854647,0.00598135617505091,0.00250247850221176,0.09096508397179393,0.09096508397179393,0,0,0,0,0,0,0,0,0,0,0,P,0.4439721908381099,0.4439721908381099,0,0,0,0,0,0.13982049535611313,0.03627746556510604,0.2329091863204439,0.02333348430688774,0.0116315592895591,0,0,0,0,0,-0.11529058389012836,-0.03627746556510604,-0.17495784849189744,-0.01735212813183682,-0.00912908078734734,0,-0.35300710686631603,-0.35300710686631603,-0.35300710686631603,0,0,0,0,0,-5.9493670886076,-3.9795918367346976,-4.35395258927663,-1.357294042851482,-0.6772760284121333,-16.317481585882543,-16.317481585882543,NA,NA,NA,NA
Drew Smith,WSN,pitcher,NA,NA,NA,NA,NA,NA,NA,NA,NA,24,1,0,24,4.56279,1.38619,0,0,0,0,0,0,0.02452991146598476,0,0.06623010037548169,0.00437653229548482,0.00110416912648364,0.09624071326343492,0.09624071326343492,0,0,0,0,0,0,0,0,0,0,0,P,0.4439721908381099,0.4439721908381099,0,0,0,0,0,0.13982049535611313,0.03627746556510604,0.2329091863204439,0.02333348430688774,0.0116315592895591,0,0,0,0,0,-0.11529058389012836,-0.03627746556510604,-0.16667908594496222,-0.01895695201140292,-0.01052739016307546,0,-0.347731477574675,-0.347731477574675,-0.347731477574675,0,0,0,0,0,-5.9493670886076,-3.9795918367346976,-4.147929596093193,-1.482824345245018,-0.7810149965015782,-16.340727863182085,-16.340727863182085,NA,NA,NA,NA
Riley Martin,CHC,pitcher,-2.751631181094091,NA,NA,NA,NA,NA,NA,NA,NA,22,1,0,22,4.15908,1.43556,0,0,0,0,0,0,0.02452991146598476,0,0.06071092534419154,0.00797615608160551,-0.0017679163378092,0.0914490765539726,0.0914490765539726,0,0,0,0,0,0,0,0,0,0,0,P,0.4439721908381099,0.4439721908381099,0,0,0,0,0,0.13982049535611313,0.03627746556510604,0.2329091863204439,0.02333348430688774,0.0116315592895591,0,0,0,0,0,-0.11529058389012836,-0.03627746556510604,-0.17219826097625238,-0.01535732822528222,-0.0133994756273683,0,-0.3525231142841373,-0.3525231142841373,-0.3525231142841373,0,0,0,0,0,-5.9493670886076,-3.9795918367346976,-4.2852782582154845,-1.201259577840841,-0.9940917215112264,-16.409588482909847,-16.409588482909847,NA,NA,NA,NA
Orlando Ribalta,WSN,pitcher,-10.060304460641062,NA,NA,NA,NA,NA,NA,NA,NA,38,1,0,35,4.80264,1.49582,0,0,0,0,0,0,0.02452991146598476,0,0.09658556304757746,0.00286131731759368,-0.00891482401385264,0.11506196781730328,0.11506196781730328,0,0,0,0,0,0,0,0,0,0,1,P,0.4439721908381099,0.4439721908381099,0,0,0,0,0,0.13982049535611313,0.03627746556510604,0.2329091863204439,0.02333348430688774,0.0116315592895591,0,0,0,0,0,-0.11529058389012836,-0.03627746556510604,-0.13632362327286646,-0.02047216698929406,-0.02054638330341174,0,-0.32891022302080664,-0.32891022302080664,-0.32891022302080664,0,0,0,0,0,-5.9493670886076,-3.9795918367346976,-3.3925119544205913,-1.6013453847109294,-1.524312601248384,-16.447128865722203,-16.447128865722203,NA,NA,NA,NA
Alan Rangel,PHI,pitcher,NA,NA,NA,NA,NA,NA,NA,NA,NA,28,1,0,22,4.85014,1.35118,0,0,0,0,0,0,0.02452991146598476,0,0.06071092534419154,0.00151469002355129,0.00379731065412684,0.09055283748785443,0.09055283748785443,0,0,0,0,0,0,0,0,0,1,0,P,0.4439721908381099,0.4439721908381099,0,0,0,0,0,0.13982049535611313,0.03627746556510604,0.2329091863204439,0.02333348430688774,0.0116315592895591,0,0,0,0,0,-0.11529058389012836,-0.03627746556510604,-0.17219826097625238,-0.02181879428333645,-0.00783424863543226,0,-0.3534193533502554,-0.3534193533502554,-0.3534193533502554,0,0,0,0,0,-5.9493670886076,-3.9795918367346976,-4.2852782582154845,-1.7066793927506376,-0.5812139168220133,-16.50213049313043,-16.50213049313043,NA,NA,NA,NA
Julian Aguiar,CIN,pitcher,NA,NA,NA,NA,NA,NA,NA,NA,NA,35,1,0,25,5.01882,1.36766,0,0,0,0,0,0,0.02452991146598476,0,0.06898968789112675,-7.418143702338053e-4,0.00327026771492058,0.0960480527017983,0.0960480527017983,0,0,0,0,0,0,0,0,0,1,0,P,0.4439721908381099,0.4439721908381099,0,0,0,0,0,0.13982049535611313,0.03627746556510604,0.2329091863204439,0.02333348430688774,0.0116315592895591,0,0,0,0,0,-0.11529058389012836,-0.03627746556510604,-0.16391949842931716,-0.02407529867712154,-0.00836129157463852,0,-0.3479241381363116,-0.3479241381363116,-0.3479241381363116,0,0,0,0,0,-5.9493670886076,-3.9795918367346976,-4.079255265032048,-1.8831845423255384,-0.6203146277241449,-16.51171336042403,-16.51171336042403,NA,NA,NA,NA
Yilber Diaz,ARI,pitcher,NA,NA,NA,NA,NA,NA,NA,NA,NA,23,1,0,22,4.30399,1.45424,0,0,0,0,0,0,0.02452991146598476,0,0.06071092534419154,0.0068510464226616,-0.00294797774166557,0.08914390549117232,0.08914390549117232,0,0,0,0,0,0,0,0,0,1,1,P,0.4439721908381099,0.4439721908381099,0,0,0,0,0,0.13982049535611313,0.03627746556510604,0.2329091863204439,0.02333348430688774,0.0116315592895591,0,0,0,0,0,-0.11529058389012836,-0.03627746556510604,-0.17219826097625238,-0.01648243788422614,-0.01457953703122467,0,-0.35482828534693756,-0.35482828534693756,-0.35482828534693756,0,0,0,0,0,-5.9493670886076,-3.9795918367346976,-4.2852782582154845,-1.2892663413938013,-1.081639122997036,-16.58514264794862,-16.58514264794862,NA,NA,NA,NA
Scott Blewett,STL,pitcher,NA,NA,NA,NA,NA,NA,NA,NA,NA,24,1,0,18,4.37198,1.39101,0,0,0,0,0,0,0.02452991146598476,0,0.04967257528161126,0.0064205775716524,8.080759376404978e-4,0.08143114025688893,0.08143114025688893,0,0,0,0,0,0,0,0,0,0,1,P,0.4439721908381099,0.4439721908381099,0,0,0,0,0,0.13982049535611313,0.03627746556510604,0.2329091863204439,0.02333348430688774,0.0116315592895591,0,0,0,0,0,-0.11529058389012836,-0.03627746556510604,-0.18323661103883265,-0.01691290673523534,-0.0108234833519186,0,-0.362541050581221,-0.362541050581221,-0.362541050581221,0,0,0,0,0,-5.9493670886076,-3.9795918367346976,-4.5599755824600665,-1.3229378773961151,-0.8029818104285078,-16.614854195626986,-16.614854195626986,NA,NA,NA,NA
Bryan Hoeing,SDP,pitcher,NA,NA,NA,NA,NA,NA,NA,NA,NA,18,1,0,14,4.17929,1.31825,0,0,0,0,0,0,0.02452991146598476,0,0.03863422521903098,0.00636357171025519,0.00395829871986327,0.07348600711513421,0.07348600711513421,0,0,0,0,0,0,0,0,0,0,1,P,0.4439721908381099,0.4439721908381099,0,0,0,0,0,0.13982049535611313,0.03627746556510604,0.2329091863204439,0.02333348430688774,0.0116315592895591,0,0,0,0,0,-0.11529058389012836,-0.03627746556510604,-0.19427496110141293,-0.01696991259663255,-0.00767326056969583,0,-0.3704861837229757,-0.3704861837229757,-0.3704861837229757,0,0,0,0,0,-5.9493670886076,-3.9795918367346976,-4.8346729067046486,-1.3273969106336632,-0.5692703969514433,-16.660299139632052,-16.660299139632052,NA,NA,NA,NA
Lou Trivino,PHI,pitcher,NA,NA,NA,NA,NA,NA,NA,NA,NA,24,1,0,21,4.59215,1.42085,0,0,0,0,0,0,0.02452991146598476,0,0.05795133782854647,0.004062014349317,-0.00102499890781167,0.08551826473603658,0.08551826473603658,0,0,0,0,0,0,0,0,0,0,1,P,0.4439721908381099,0.4439721908381099,0,0,0,0,0,0.13982049535611313,0.03627746556510604,0.2329091863204439,0.02333348430688774,0.0116315592895591,0,0,0,0,0,-0.11529058389012836,-0.03627746556510604,-0.17495784849189744,-0.01927146995757073,-0.01265655819737077,0,-0.35845392610207333,-0.35845392610207333,-0.35845392610207333,0,0,0,0,0,-5.9493670886076,-3.9795918367346976,-4.35395258927663,-1.5074261307701156,-0.9389755298433596,-16.729313175232402,-16.729313175232402,NA,NA,NA,NA
Grant Holman,ARI,pitcher,NA,NA,NA,NA,NA,NA,NA,NA,NA,20,1,0,17,4.3958,1.37911,0,0,0,0,0,0,0.02452991146598476,0,0.04691298776596619,0.00513783889719564,0.00128257865951947,0.07786331678866606,0.07786331678866606,0,0,0,0,0,0,0,0,0,0,1,P,0.4439721908381099,0.4439721908381099,0,0,0,0,0,0.13982049535611313,0.03627746556510604,0.2329091863204439,0.02333348430688774,0.0116315592895591,0,0,0,0,0,-0.11529058389012836,-0.03627746556510604,-0.18599619855447772,-0.0181956454096921,-0.01034898063003963,0,-0.3661088740494438,-0.3661088740494438,-0.3661088740494438,0,0,0,0,0,-5.9493670886076,-3.9795918367346976,-4.628649913521212,-1.4232744786560476,-0.7677789979623999,-16.748662315481955,-16.748662315481955,NA,NA,NA,NA
Brycen Mautz,STL,pitcher,-2.751631181094091,NA,NA,NA,NA,NA,NA,NA,NA,16,1,0,14,4.22135,1.3238,0,0,0,0,0,0,0.02452991146598476,0,0.03863422521903098,0.00535613069334631,0.00329119629897304,0.0718114636773351,0.0718114636773351,0,0,0,0,0,0,0,0,0,1,0,P,0.4439721908381099,0.4439721908381099,0,0,0,0,0,0.13982049535611313,0.03627746556510604,0.2329091863204439,0.02333348430688774,0.0116315592895591,0,0,0,0,0,-0.11529058389012836,-0.03627746556510604,-0.19427496110141293,-0.01797735361354142,-0.00834036299058606,0,-0.3721607271607748,-0.3721607271607748,-0.3721607271607748,0,0,0,0,0,-5.9493670886076,-3.9795918367346976,-4.8346729067046486,-1.4061995612587377,-0.6187619600878824,-16.788593353393566,-16.788593353393566,NA,NA,NA,NA
Kyle Backhus,PHI,pitcher,NA,NA,NA,NA,NA,NA,NA,NA,NA,16,1,0,15,4.30853,1.34078,0,0,0,0,0,0,0.02452991146598476,0,0.04139381273467605,0.00473352227947461,0.00259580731604681,0.07325305379618224,0.07325305379618224,0,0,0,0,0,0,0,0,0,0,1,P,0.4439721908381099,0.4439721908381099,0,0,0,0,0,0.13982049535611313,0.03627746556510604,0.2329091863204439,0.02333348430688774,0.0116315592895591,0,0,0,0,0,-0.11529058389012836,-0.03627746556510604,-0.19151537358576787,-0.01859996202741313,-0.00903575197351229,0,-0.3707191370419277,-0.3707191370419277,-0.3707191370419277,0,0,0,0,0,-5.9493670886076,-3.9795918367346976,-4.765998575643503,-1.4549003710243589,-0.6703520708042409,-16.8202099428144,-16.8202099428144,NA,NA,NA,NA
Jack Neely,CHC,pitcher,NA,NA,NA,NA,NA,NA,NA,NA,NA,18,1,0,18,4.46619,1.3946,0,0,0,0,0,0,0.02452991146598476,0,0.04967257528161126,0.00405851724613193,4.406563492967283e-4,0.07870166034302468,0.07870166034302468,0,0,0,0,0,0,0,0,0,0,1,P,0.4439721908381099,0.4439721908381099,0,0,0,0,0,0.13982049535611313,0.03627746556510604,0.2329091863204439,0.02333348430688774,0.0116315592895591,0,0,0,0,0,-0.11529058389012836,-0.03627746556510604,-0.18323661103883265,-0.0192749670607558,-0.01119090294026237,0,-0.3652705304950852,-0.3652705304950852,-0.3652705304950852,0,0,0,0,0,-5.9493670886076,-3.9795918367346976,-4.5599755824600665,-1.507699676313594,-0.8302402480906196,-16.826874432206576,-16.826874432206576,NA,NA,NA,NA
Jhony Brito,SDP,pitcher,NA,NA,NA,NA,NA,NA,NA,NA,NA,16,1,0,13,4.17736,1.32718,0,0,0,0,0,0,0.02452991146598476,0,0.03587463770338591,0.00567029155737724,0.00315277375702424,0.06922761448377217,0.06922761448377217,0,0,0,0,0,0,0,0,0,0,1,P,0.4439721908381099,0.4439721908381099,0,0,0,0,0,0.13982049535611313,0.03627746556510604,0.2329091863204439,0.02333348430688774,0.0116315592895591,0,0,0,0,0,-0.11529058389012836,-0.03627746556510604,-0.197034548617058,-0.0176631927495105,-0.00847878553253486,0,-0.3747445763543377,-0.3747445763543377,-0.3747445763543377,0,0,0,0,0,-5.9493670886076,-3.9795918367346976,-4.903347237765794,-1.3816257069161166,-0.6290313696415508,-16.84296323966576,-16.84296323966576,NA,NA,NA,NA
Kyle Wright,CHC,pitcher,NA,NA,NA,NA,NA,NA,NA,NA,NA,14,1,0,12,4.08528,1.2949600000000001,0,0,0,0,0,0,0.02452991146598476,0,0.03311505018774084,0.00553690726808067,0.00391325618351798,0.06709512510532425,0.06709512510532425,0,0,0,0,0,0,0,0,0,0,0,P,0.4439721908381099,0.4439721908381099,0,0,0,0,0,0.13982049535611313,0.03627746556510604,0.2329091863204439,0.02333348430688774,0.0116315592895591,0,0,0,0,0,-0.11529058389012836,-0.03627746556510604,-0.19979413613270308,-0.01779657703880707,-0.00771830310604112,0,-0.3768770657327856,-0.3768770657327856,-0.3768770657327856,0,0,0,0,0,-5.9493670886076,-3.9795918367346976,-4.97202156882694,-1.3920591073553426,-0.5726120510386574,-16.865651652563237,-16.865651652563237,NA,NA,NA,NA
Cam Sanders,PIT,pitcher,NA,NA,NA,NA,NA,NA,NA,NA,NA,34,1,0,32,4.75045,1.54734,0,0,0,0,0,0,0.02452991146598476,0,0.08830680050064224,0.00335216098177482,-0.01246000133594696,0.10372887161245486,0.10372887161245486,0,0,0,0,0,0,0,0,0,0,1,P,0.4439721908381099,0.4439721908381099,0,0,0,0,0,0.13982049535611313,0.03627746556510604,0.2329091863204439,0.02333348430688774,0.0116315592895591,0,0,0,0,0,-0.11529058389012836,-0.03627746556510604,-0.14460238581980167,-0.01998132332511291,-0.02409156062550606,0,-0.34024331922565504,-0.34024331922565504,-0.34024331922565504,0,0,0,0,0,-5.9493670886076,-3.9795918367346976,-3.5985349476040285,-1.562951294009045,-1.7873252388463132,-16.877770405801684,-16.877770405801684,NA,NA,NA,NA
Kohl Drake,ARI,pitcher,-2.751631181094091,NA,NA,NA,NA,NA,NA,NA,NA,17,1,0,15,4.32069,1.3733,0,0,0,0,0,0,0.02452991146598476,0,0.04139381273467605,0.00493709739777084,0.00134300240919146,0.07220382400762312,0.07220382400762312,0,0,0,0,0,0,0,0,0,1,0,P,0.4439721908381099,0.4439721908381099,0,0,0,0,0,0.13982049535611313,0.03627746556510604,0.2329091863204439,0.02333348430688774,0.0116315592895591,0,0,0,0,0,-0.11529058389012836,-0.03627746556510604,-0.19151537358576787,-0.0183963869091169,-0.01028855688036764,0,-0.3717683668304867,-0.3717683668304867,-0.3717683668304867,0,0,0,0,0,-5.9493670886076,-3.9795918367346976,-4.765998575643503,-1.438976601142249,-0.7632962293077142,-16.89723033143576,-16.89723033143576,Westside Marauders,Bench,2,1
T.J. McFarland,NA,pitcher,NA,NA,NA,NA,NA,NA,NA,NA,NA,24,1,0,16,4.34591,1.42783,0,0,0,0,0,0,0.02452991146598476,0,0.04415340025032112,0.00669985151090971,-0.00145378116053473,0.07392938206668084,0.07392938206668084,0,0,0,0,0,0,0,0,0,0,0,P,0.4439721908381099,0.4439721908381099,0,0,0,0,0,0.13982049535611313,0.03627746556510604,0.2329091863204439,0.02333348430688774,0.0116315592895591,0,0,0,0,0,-0.11529058389012836,-0.03627746556510604,-0.1887557860701228,-0.01663363279597803,-0.01308534045009383,0,-0.37004280877142903,-0.37004280877142903,-0.37004280877142903,0,0,0,0,0,-5.9493670886076,-3.9795918367346976,-4.697324244582357,-1.3010928995814264,-0.9707863931649304,-16.89816246267101,-16.89816246267101,NA,NA,NA,NA
Rolddy Munoz,ATL,pitcher,NA,NA,NA,NA,NA,NA,NA,NA,NA,24,1,0,21,4.49647,1.47715,0,0,0,0,0,0,0.02452991146598476,0,0.05795133782854647,0.00508698291503008,-0.00448351478579283,0.0830847174237685,0.0830847174237685,0,0,0,0,0,0,0,0,0,0,1,P,0.4439721908381099,0.4439721908381099,0,0,0,0,0,0.13982049535611313,0.03627746556510604,0.2329091863204439,0.02333348430688774,0.0116315592895591,0,0,0,0,0,-0.11529058389012836,-0.03627746556510604,-0.17495784849189744,-0.01824650139185766,-0.01611507407535193,0,-0.36088747341434146,-0.36088747341434146,-0.36088747341434146,0,0,0,0,0,-5.9493670886076,-3.9795918367346976,-4.35395258927663,-1.4272524645902358,-1.1955588543425626,-16.905722833551724,-16.905722833551724,NA,NA,NA,NA
Josh Ekness,MIA,pitcher,-2.751631181094091,NA,NA,NA,NA,NA,NA,NA,NA,22,1,0,19,4.58985,1.4297,0,0,0,0,0,0,0.02452991146598476,0,0.05243216279725633,0.00374609859869852,-0.00143793419823747,0.07927023866370214,0.07927023866370214,0,0,0,0,0,0,0,0,0,0,0,P,0.4439721908381099,0.4439721908381099,0,0,0,0,0,0.13982049535611313,0.03627746556510604,0.2329091863204439,0.02333348430688774,0.0116315592895591,0,0,0,0,0,-0.11529058389012836,-0.03627746556510604,-0.1804770235231876,-0.01958738570818921,-0.01306949348779657,0,-0.3647019521744078,-0.3647019521744078,-0.3647019521744078,0,0,0,0,0,-5.9493670886076,-3.9795918367346976,-4.491301251398921,-1.5321372534116489,-0.9696107252157584,-16.922008155368626,-16.922008155368626,NA,NA,NA,NA
Joey Gerber,NYM,pitcher,NA,NA,NA,NA,NA,NA,NA,NA,NA,14,1,0,13,4.33362,1.30407,0,0,0,0,0,0,0.02452991146598476,0,0.03587463770338591,0.00398504615528775,0.00358680627597083,0.06797640160062926,0.06797640160062926,0,0,0,0,0,0,0,0,0,1,1,P,0.4439721908381099,0.4439721908381099,0,0,0,0,0,0.13982049535611313,0.03627746556510604,0.2329091863204439,0.02333348430688774,0.0116315592895591,0,0,0,0,0,-0.11529058389012836,-0.03627746556510604,-0.197034548617058,-0.01934843815159999,-0.00804475301358827,0,-0.3759957892374806,-0.3759957892374806,-0.3759957892374806,0,0,0,0,0,-5.9493670886076,-3.9795918367346976,-4.903347237765794,-1.513446629838081,-0.5968309950932962,-16.942583788039467,-16.942583788039467,NA,NA,NA,NA
Bryse Wilson,PHI,pitcher,NA,NA,NA,NA,NA,NA,NA,NA,NA,30,1,0,21,4.9974,1.39449,0,0,0,0,0,0,0.02452991146598476,0,0.05795133782854647,-3.490146623194097e-4,7.42873890625796e-4,0.08287510852283762,0.08287510852283762,0,0,0,0,0,0,0,0,0,1,1,P,0.4439721908381099,0.4439721908381099,0,0,0,0,0,0.13982049535611313,0.03627746556510604,0.2329091863204439,0.02333348430688774,0.0116315592895591,0,0,0,0,0,-0.11529058389012836,-0.03627746556510604,-0.17495784849189744,-0.02368249896920715,-0.0108886853989333,0,-0.36109708231527227,-0.36109708231527227,-0.36109708231527227,0,0,0,0,0,-5.9493670886076,-3.9795918367346976,-4.35395258927663,-1.8524595096646843,-0.8078190754801725,-16.943190099763783,-16.943190099763783,NA,NA,NA,NA
Scott McGough,NA,pitcher,NA,NA,NA,NA,NA,NA,NA,NA,NA,24,1,0,21,4.80619,1.43443,0,0,0,0,0,0,0.02452991146598476,0,0.05795133782854647,0.00176911853195466,-0.00185921996683449,0.0823911478596514,0.0823911478596514,0,0,0,0,0,0,0,0,0,0,0,P,0.4439721908381099,0.4439721908381099,0,0,0,0,0,0.13982049535611313,0.03627746556510604,0.2329091863204439,0.02333348430688774,0.0116315592895591,0,0,0,0,0,-0.11529058389012836,-0.03627746556510604,-0.17495784849189744,-0.02156436577493307,-0.01349077925639359,0,-0.3615810429784585,-0.3615810429784585,-0.3615810429784585,0,0,0,0,0,-5.9493670886076,-3.9795918367346976,-4.35395258927663,-1.6867778396867297,-1.0008654329818891,-16.970554787287547,-16.970554787287547,NA,NA,NA,NA
Philip Abner,ARI,pitcher,NA,NA,NA,NA,NA,NA,NA,NA,NA,14,1,0,13,4.06963,1.36663,0,0,0,0,0,0,0.02452991146598476,0,0.03587463770338591,0.00563470313831989,0.00134501635103668,0.06738426865872725,0.06738426865872725,0,0,0,0,0,0,0,0,0,0,1,P,0.4439721908381099,0.4439721908381099,0,0,0,0,0,0.13982049535611313,0.03627746556510604,0.2329091863204439,0.02333348430688774,0.0116315592895591,0,0,0,0,0,-0.11529058389012836,-0.03627746556510604,-0.197034548617058,-0.01769878116856785,-0.01028654293852242,0,-0.3765879221793827,-0.3765879221793827,-0.3765879221793827,0,0,0,0,0,-5.9493670886076,-3.9795918367346976,-4.903347237765794,-1.384409454754655,-0.7631468172731232,-16.97986243513587,-16.97986243513587,NA,NA,NA,NA
Chris Devenski,PIT,pitcher,NA,NA,NA,NA,NA,NA,NA,NA,NA,16,1,0,13,4.42654,1.34393,0,0,0,0,0,0,0.02452991146598476,0,0.03587463770338591,0.00389073701999996,0.00246680405949689,0.06676209024886753,0.06676209024886753,0,0,0,0,0,0,0,0,0,0,1,P,0.4439721908381099,0.4439721908381099,0,0,0,0,0,0.13982049535611313,0.03627746556510604,0.2329091863204439,0.02333348430688774,0.0116315592895591,0,0,0,0,0,-0.11529058389012836,-0.03627746556510604,-0.197034548617058,-0.01944274728688778,-0.00916475523006221,0,-0.3772101005892424,-0.3772101005892424,-0.3772101005892424,0,0,0,0,0,-5.9493670886076,-3.9795918367346976,-4.903347237765794,-1.5208235479048475,-0.679922674382364,-17.0330523853953,-17.0330523853953,NA,NA,NA,NA
James Karinchak,ATL,pitcher,NA,NA,NA,NA,NA,NA,NA,NA,NA,14,1,0,16,4.3948,1.40829,0,0,0,0,0,0,0.02452991146598476,0,0.04415340025032112,0.00360273616543243,-1.478380011493185e-4,0.07213820988058899,0.07213820988058899,0,0,0,0,0,0,0,0,0,0,1,P,0.4439721908381099,0.4439721908381099,0,0,0,0,0,0.13982049535611313,0.03627746556510604,0.2329091863204439,0.02333348430688774,0.0116315592895591,0,0,0,0,0,-0.11529058389012836,-0.03627746556510604,-0.1887557860701228,-0.01973074814145531,-0.01177939729070842,0,-0.3718339809575209,-0.3718339809575209,-0.3718339809575209,0,0,0,0,0,-5.9493670886076,-3.9795918367346976,-4.697324244582357,-1.5433511503562976,-0.8738999686799573,-17.04353428896091,-17.04353428896091,NA,NA,NA,NA
Landon Knack,LAD,pitcher,NA,NA,NA,NA,NA,NA,NA,NA,NA,21,1,0,18,4.95329,1.37697,0,0,0,0,0,0,0.02452991146598476,0,0.04967257528161126,1.6915067914818988e-4,0.00146173549625246,0.07583337292299668,0.07583337292299668,0,0,0,0,0,0,0,0,0,1,0,P,0.4439721908381099,0.4439721908381099,0,0,0,0,0,0.13982049535611313,0.03627746556510604,0.2329091863204439,0.02333348430688774,0.0116315592895591,0,0,0,0,0,-0.11529058389012836,-0.03627746556510604,-0.18323661103883265,-0.02316433362773955,-0.01016982379330664,0,-0.36813881791511327,-0.36813881791511327,-0.36813881791511327,0,0,0,0,0,-5.9493670886076,-3.9795918367346976,-4.5599755824600665,-1.8119283007061884,-0.754487557819426,-17.05535036632798,-17.05535036632798,NA,NA,NA,NA
JR Ritchie,ATL,pitcher,-2.751631181094091,NA,NA,NA,NA,NA,NA,NA,NA,17,1,0,14,4.49814,1.37402,0,0,0,0,0,0,0.02452991146598476,0,0.03863422521903098,0.00359060761248029,0.00131167304688648,0.06806641734438254,0.06806641734438254,0,0,0,0,0,0,0,0,0,1,0,P,0.4439721908381099,0.4439721908381099,0,0,0,0,0,0.13982049535611313,0.03627746556510604,0.2329091863204439,0.02333348430688774,0.0116315592895591,0,0,0,0,0,-0.11529058389012836,-0.03627746556510604,-0.19427496110141293,-0.01974287669440744,-0.01031988624267262,0,-0.3759057734937274,-0.3759057734937274,-0.3759057734937274,0,0,0,0,0,-5.9493670886076,-3.9795918367346976,-4.8346729067046486,-1.5442998531635423,-0.7656205187481154,-17.073552203958602,-17.073552203958602,NA,NA,NA,NA
Gavin Hollowell,CHC,pitcher,NA,NA,NA,NA,NA,NA,NA,NA,NA,16,1,0,15,4.49359,1.39972,0,0,0,0,0,0,0.02452991146598476,0,0.04139381273467605,0.00341188987443793,1.8201304904611216e-4,0.06951762712414486,0.06951762712414486,0,0,0,0,0,0,0,0,0,0,1,P,0.4439721908381099,0.4439721908381099,0,0,0,0,0,0.13982049535611313,0.03627746556510604,0.2329091863204439,0.02333348430688774,0.0116315592895591,0,0,0,0,0,-0.11529058389012836,-0.03627746556510604,-0.19151537358576787,-0.01992159443244981,-0.01144954624051298,0,-0.374454563713965,-0.374454563713965,-0.374454563713965,0,0,0,0,0,-5.9493670886076,-3.9795918367346976,-4.765998575643503,-1.5582792636055234,-0.8494286977548977,-17.102665462346224,-17.102665462346224,NA,NA,NA,NA
Thomas Harrington,PIT,pitcher,NA,NA,NA,NA,NA,NA,NA,NA,NA,16,1,0,13,4.58968,1.3441,0,0,0,0,0,0,0.02452991146598476,0,0.03587463770338591,0.00272564942377342,0.00245984197898467,0.06559004057212878,0.06559004057212878,0,0,0,0,0,0,0,0,0,1,0,P,0.4439721908381099,0.4439721908381099,0,0,0,0,0,0.13982049535611313,0.03627746556510604,0.2329091863204439,0.02333348430688774,0.0116315592895591,0,0,0,0,0,-0.11529058389012836,-0.03627746556510604,-0.197034548617058,-0.02060783488311432,-0.00917171731057443,0,-0.3783821502659811,-0.3783821502659811,-0.3783821502659811,0,0,0,0,0,-5.9493670886076,-3.9795918367346976,-4.903347237765794,-1.6119574100884158,-0.6804391831468978,-17.124702756343403,-17.124702756343403,NA,NA,NA,NA
Genesis Cabrera,PHI,pitcher,NA,NA,NA,NA,NA,NA,NA,NA,NA,18,1,0,16,4.67631,1.40324,0,0,0,0,0,0,0.02452991146598476,0,0.04415340025032112,0.00237034002758338,4.258915765697971e-5,0.07109624090154625,0.07109624090154625,0,0,0,0,0,0,0,0,0,0,1,P,0.4439721908381099,0.4439721908381099,0,0,0,0,0,0.13982049535611313,0.03627746556510604,0.2329091863204439,0.02333348430688774,0.0116315592895591,0,0,0,0,0,-0.11529058389012836,-0.03627746556510604,-0.1887557860701228,-0.02096314427930436,-0.01158897013190212,0,-0.3728759499365637,-0.3728759499365637,-0.3728759499365637,0,0,0,0,0,-5.9493670886076,-3.9795918367346976,-4.697324244582357,-1.639749927706648,-0.8597723962745418,-17.125805493905847,-17.125805493905847,NA,NA,NA,NA
William Kempner,MIA,pitcher,-2.751631181094091,NA,NA,NA,NA,NA,NA,NA,NA,24,1,0,22,4.78869,1.48769,0,0,0,0,0,0,0.02452991146598476,0,0.06071092534419154,0.00195658665381899,-0.00513098827342909,0.08206643519056621,0.08206643519056621,0,0,0,0,0,0,0,0,0,0,0,P,0.4439721908381099,0.4439721908381099,0,0,0,0,0,0.13982049535611313,0.03627746556510604,0.2329091863204439,0.02333348430688774,0.0116315592895591,0,0,0,0,0,-0.11529058389012836,-0.03627746556510604,-0.17219826097625238,-0.02137689765306875,-0.01676254756298819,0,-0.3619057556475437,-0.3619057556475437,-0.3619057556475437,0,0,0,0,0,-5.9493670886076,-3.9795918367346976,-4.2852782582154845,-1.6721139688866886,-1.2435941694441897,-17.12994532188866,-17.12994532188866,NA,NA,NA,NA
Lyon Richardson,CIN,pitcher,NA,NA,NA,NA,NA,NA,NA,NA,NA,18,1,0,16,4.58335,1.43878,0,0,0,0,0,0,0.02452991146598476,0,0.04415340025032112,0.00311721302509087,-0.00159483074869448,0.07020569399270225,0.07020569399270225,0,0,0,0,0,0,0,0,0,0,1,P,0.4439721908381099,0.4439721908381099,0,0,0,0,0,0.13982049535611313,0.03627746556510604,0.2329091863204439,0.02333348430688774,0.0116315592895591,0,0,0,0,0,-0.11529058389012836,-0.03627746556510604,-0.1887557860701228,-0.02021627128179686,-0.01322639003825358,0,-0.3737664968454077,-0.3737664968454077,-0.3737664968454077,0,0,0,0,0,-5.9493670886076,-3.9795918367346976,-4.697324244582357,-1.581329066439285,-0.981250700262574,-17.188862936626514,-17.188862936626514,NA,NA,NA,NA
Tate Kuehner,MIL,pitcher,-2.751631181094091,NA,NA,NA,NA,NA,NA,NA,NA,14,1,0,13,4.24521,1.41684,0,0,0,0,0,0,0.02452991146598476,0,0.03587463770338591,0.00453751471042193,-4.542207354553777e-4,0.06448784314433723,0.06448784314433723,0,0,0,0,0,0,0,0,0,0,0,P,0.4439721908381099,0.4439721908381099,0,0,0,0,0,0.13982049535611313,0.03627746556510604,0.2329091863204439,0.02333348430688774,0.0116315592895591,0,0,0,0,0,-0.11529058389012836,-0.03627746556510604,-0.197034548617058,-0.01879596959646581,-0.01208578002501447,0,-0.37948434769377265,-0.37948434769377265,-0.37948434769377265,0,0,0,0,0,-5.9493670886076,-3.9795918367346976,-4.903347237765794,-1.4702322025903605,-0.8966301521779996,-17.199168517876448,-17.199168517876448,NA,NA,NA,NA
Zack Thompson,STL,pitcher,NA,NA,NA,NA,NA,NA,NA,NA,NA,12,1,0,12,4.1479,1.38769,0,0,0,0,0,0,0.02452991146598476,0,0.03311505018774084,0.00441051326432216,5.060119716168511e-4,0.06256148688966462,0.06256148688966462,0,0,0,0,0,0,0,0,0,1,0,P,0.4439721908381099,0.4439721908381099,0,0,0,0,0,0.13982049535611313,0.03627746556510604,0.2329091863204439,0.02333348430688774,0.0116315592895591,0,0,0,0,0,-0.11529058389012836,-0.03627746556510604,-0.19979413613270308,-0.01892297104256558,-0.01112554731794224,0,-0.3814107039484453,-0.3814107039484453,-0.3814107039484453,0,0,0,0,0,-5.9493670886076,-3.9795918367346976,-4.97202156882694,-1.480166333142824,-0.8253915894632663,-17.206538416775324,-17.206538416775324,NA,NA,NA,NA
Ryan Harbin,PIT,pitcher,-2.751631181094091,NA,NA,NA,NA,NA,NA,NA,NA,24,1,0,23,4.59599,1.55578,0,0,0,0,0,0,0.02452991146598476,0,0.06347051285983661,0.00402087848714792,-0.00931376529175479,0.0827075375212145,0.0827075375212145,0,0,0,0,0,0,0,0,0,0,0,P,0.4439721908381099,0.4439721908381099,0,0,0,0,0,0.13982049535611313,0.03627746556510604,0.2329091863204439,0.02333348430688774,0.0116315592895591,0,0,0,0,0,-0.11529058389012836,-0.03627746556510604,-0.16943867346060731,-0.01931260581973981,-0.02094532458131389,0,-0.3612646533168954,-0.3612646533168954,-0.3612646533168954,0,0,0,0,0,-5.9493670886076,-3.9795918367346976,-4.216603927154339,-1.5106438029913811,-1.55390959688914,-17.21011625237716,-17.21011625237716,NA,NA,NA,NA
Carson Palmquist,COL,pitcher,NA,NA,NA,NA,NA,NA,NA,NA,NA,26,1,0,25,5.1229,1.48374,0,0,0,0,0,0,0.02452991146598476,0,0.06898968789112675,-0.00175892813982754,-0.00529570089844349,0.08646497031884048,0.08646497031884048,0,0,0,0,0,0,0,0,0,1,0,P,0.4439721908381099,0.4439721908381099,0,0,0,0,0,0.13982049535611313,0.03627746556510604,0.2329091863204439,0.02333348430688774,0.0116315592895591,0,0,0,0,0,-0.11529058389012836,-0.03627746556510604,-0.16391949842931716,-0.02509241244671527,-0.01692726018800259,0,-0.3575072205192695,-0.3575072205192695,-0.3575072205192695,0,0,0,0,0,-5.9493670886076,-3.9795918367346976,-4.079255265032048,-1.962743801563538,-1.2558140100938315,-17.226772002031716,-17.226772002031716,NA,NA,NA,NA
Sammy Peralta,MIL,pitcher,NA,NA,NA,NA,NA,NA,NA,NA,NA,10,1,0,9,4.0738,1.27219,0,0,0,0,0,0,0.02452991146598476,0,0.02483628764080563,0.00400617504955768,0.00337800127228301,0.05675037542863109,0.05675037542863109,0,0,0,0,0,0,0,0,0,1,1,P,0.4439721908381099,0.4439721908381099,0,0,0,0,0,0.13982049535611313,0.03627746556510604,0.2329091863204439,0.02333348430688774,0.0116315592895591,0,0,0,0,0,-0.11529058389012836,-0.03627746556510604,-0.2080728986796383,-0.01932730925733006,-0.00825355801727609,0,-0.3872218154094788,-0.3872218154094788,-0.3872218154094788,0,0,0,0,0,-5.9493670886076,-3.9795918367346976,-5.178044562010377,-1.5117939148450426,-0.6123219987227381,-17.231119400920456,-17.231119400920456,NA,NA,NA,NA
Garrett Acton,MIA,pitcher,NA,NA,NA,NA,NA,NA,NA,NA,NA,16,1,0,15,4.65583,1.41535,0,0,0,0,0,0,0.02452991146598476,0,0.04139381273467605,0.00225322975667532,-4.58088823930153e-4,0.06771886513340597,0.06771886513340597,0,0,0,0,0,0,0,0,0,0,1,P,0.4439721908381099,0.4439721908381099,0,0,0,0,0,0.13982049535611313,0.03627746556510604,0.2329091863204439,0.02333348430688774,0.0116315592895591,0,0,0,0,0,-0.11529058389012836,-0.03627746556510604,-0.19151537358576787,-0.02108025455021242,-0.01208964811348925,0,-0.37625332570470393,-0.37625332570470393,-0.37625332570470393,0,0,0,0,0,-5.9493670886076,-3.9795918367346976,-4.765998575643503,-1.648910364504518,-0.8969171212234893,-17.240784986713805,-17.240784986713805,NA,NA,NA,NA
Seth Johnson,PHI,pitcher,NA,NA,NA,NA,NA,NA,NA,NA,NA,20,1,0,18,4.80647,1.46185,0,0,0,0,0,0,0.02452991146598476,0,0.04967257528161126,0.00147176586833736,-0.00295302826386952,0.07272122435206387,0.07272122435206387,0,0,0,0,0,0,0,0,0,0,1,P,0.4439721908381099,0.4439721908381099,0,0,0,0,0,0.13982049535611313,0.03627746556510604,0.2329091863204439,0.02333348430688774,0.0116315592895591,0,0,0,0,0,-0.11529058389012836,-0.03627746556510604,-0.18323661103883265,-0.02186171843855038,-0.01458458755342862,0,-0.37125096648604605,-0.37125096648604605,-0.37125096648604605,0,0,0,0,0,-5.9493670886076,-3.9795918367346976,-4.5599755824600665,-1.7100369463442746,-1.0820138154441048,-17.28098526959074,-17.28098526959074,NA,NA,NA,NA
Gabriel Hughes,COL,pitcher,-2.751631181094091,NA,NA,NA,NA,NA,NA,NA,NA,30,1,0,22,4.98615,1.4715,0,0,0,0,0,0,0.02452991146598476,0,0.06071092534419154,-1.9837063582129423e-4,-0.00517054324443923,0.07987192292991578,0.07987192292991578,0,0,0,0,0,0,0,0,0,1,0,P,0.4439721908381099,0.4439721908381099,0,0,0,0,0,0.13982049535611313,0.03627746556510604,0.2329091863204439,0.02333348430688774,0.0116315592895591,0,0,0,0,0,-0.11529058389012836,-0.03627746556510604,-0.17219826097625238,-0.02353185494270903,-0.01680210253399833,0,-0.3641002679081941,-0.3641002679081941,-0.3641002679081941,0,0,0,0,0,-5.9493670886076,-3.9795918367346976,-4.2852782582154845,-1.8406760420575092,-1.2465287073559184,-17.30144193297121,-17.30144193297121,NA,NA,NA,NA
Ronan Kopp,LAD,pitcher,-2.751631181094091,NA,NA,NA,NA,NA,NA,NA,NA,16,1,0,17,4.53088,1.50746,0,0,0,0,0,0,0.02452991146598476,0,0.04691298776596619,0.00314557801674952,-0.00423030785910888,0.0703581693895916,0.0703581693895916,0,0,0,0,0,0,0,0,0,0,0,P,0.4439721908381099,0.4439721908381099,0,0,0,0,0,0.13982049535611313,0.03627746556510604,0.2329091863204439,0.02333348430688774,0.0116315592895591,0,0,0,0,0,-0.11529058389012836,-0.03627746556510604,-0.18599619855447772,-0.02018790629013821,-0.01586186714866798,0,-0.3736140214485183,-0.3736140214485183,-0.3736140214485183,0,0,0,0,0,-5.9493670886076,-3.9795918367346976,-4.628649913521212,-1.5791103394963235,-1.1767737229952064,-17.31349290135504,-17.31349290135504,NA,NA,NA,NA
Juan Sanchez,SFG,pitcher,-2.751631181094091,NA,NA,NA,NA,NA,NA,NA,NA,14,1,0,12,4.29036,1.44941,0,0,0,0,0,0,0.02452991146598476,0,0.03311505018774084,0.00425537518701611,-0.00162134186485283,0.06027899497588888,0.06027899497588888,0,0,0,0,0,0,0,0,0,0,0,P,0.4439721908381099,0.4439721908381099,0,0,0,0,0,0.13982049535611313,0.03627746556510604,0.2329091863204439,0.02333348430688774,0.0116315592895591,0,0,0,0,0,-0.11529058389012836,-0.03627746556510604,-0.19979413613270308,-0.01907810911987163,-0.01325290115441193,0,-0.383693195862221,-0.383693195862221,-0.383693195862221,0,0,0,0,0,-5.9493670886076,-3.9795918367346976,-4.97202156882694,-1.4923013281444224,-0.9832175295500732,-17.376499351863732,-17.376499351863732,NA,NA,NA,NA
Joe Ross,ARI,pitcher,NA,NA,NA,NA,NA,NA,NA,NA,NA,12,1,0,10,4.31137,1.37713,0,0,0,0,0,0,0.02452991146598476,0,0.0275958751564507,0.00353493001057468,8.303630166566508e-4,0.05649107964966679,0.05649107964966679,0,0,0,0,0,0,0,0,0,0,1,P,0.4439721908381099,0.4439721908381099,0,0,0,0,0,0.13982049535611313,0.03627746556510604,0.2329091863204439,0.02333348430688774,0.0116315592895591,0,0,0,0,0,-0.11529058389012836,-0.03627746556510604,-0.2053133111639932,-0.01979855429631306,-0.01080119627290245,0,-0.3874811111884431,-0.3874811111884431,-0.3874811111884431,0,0,0,0,0,-5.9493670886076,-3.9795918367346976,-5.109370230949231,-1.5486549891337575,-0.8013283576096996,-17.388312503034985,-17.388312503034985,NA,NA,NA,NA
Ryan Rolison,CHC,pitcher,NA,NA,NA,NA,NA,NA,NA,NA,NA,15,1,0,11,4.4811,1.40592,0,0,0,0,0,0,0.02452991146598476,0,0.03035546267209577,0.00328227093021719,-6.740448991495274e-5,0.05810024057838277,0.05810024057838277,0,0,0,0,0,0,0,0,0,0,1,P,0.4439721908381099,0.4439721908381099,0,0,0,0,0,0.13982049535611313,0.03627746556510604,0.2329091863204439,0.02333348430688774,0.0116315592895591,0,0,0,0,0,-0.11529058389012836,-0.03627746556510604,-0.20255372364834817,-0.02005121337667054,-0.01169896377947405,0,-0.3858719502597271,-0.3858719502597271,-0.3858719502597271,0,0,0,0,0,-5.9493670886076,-3.9795918367346976,-5.040695899888085,-1.5684181364570162,-0.8679326987752418,-17.40600566046264,-17.40600566046264,NA,NA,NA,NA
Dax Fulton,MIA,pitcher,-2.751631181094091,NA,NA,NA,NA,NA,NA,NA,NA,14,1,0,12,4.35956,1.44789,0,0,0,0,0,0,0.02452991146598476,0,0.03311505018774084,0.00382294871924906,-0.00156687382319842,0.05990103654977624,0.05990103654977624,0,0,0,0,0,0,0,0,0,0,0,P,0.4439721908381099,0.4439721908381099,0,0,0,0,0,0.13982049535611313,0.03627746556510604,0.2329091863204439,0.02333348430688774,0.0116315592895591,0,0,0,0,0,-0.11529058389012836,-0.03627746556510604,-0.19979413613270308,-0.01951053558763868,-0.01319843311275752,0,-0.38407115428833366,-0.38407115428833366,-0.38407115428833366,0,0,0,0,0,-5.9493670886076,-3.9795918367346976,-4.97202156882694,-1.5261259901231832,-0.9791766080393102,-17.40628309233173,-17.40628309233173,NA,NA,NA,NA
Ken Waldichuk,WSN,pitcher,NA,NA,NA,NA,NA,NA,NA,NA,NA,11,1,0,11,4.46811,1.38614,0,0,0,0,0,0,0.02452991146598476,0,0.03035546267209577,0.00247077801533354,5.074852899379933e-4,0.05786363744335207,0.05786363744335207,0,0,0,0,0,0,0,0,0,1,0,P,0.4439721908381099,0.4439721908381099,0,0,0,0,0,0.13982049535611313,0.03627746556510604,0.2329091863204439,0.02333348430688774,0.0116315592895591,0,0,0,0,0,-0.11529058389012836,-0.03627746556510604,-0.20255372364834817,-0.0208627062915542,-0.0111240739996211,0,-0.3861085533947578,-0.3861085533947578,-0.3861085533947578,0,0,0,0,0,-5.9493670886076,-3.9795918367346976,-5.040695899888085,-1.6318936070632355,-0.8252822856675859,-17.426830717961206,-17.426830717961206,NA,NA,NA,NA
Jhancarlos Lara,ATL,pitcher,-2.751631181094091,NA,NA,NA,NA,NA,NA,NA,NA,10,1,0,11,4.11471,1.44502,0,0,0,0,0,0,0.02452991146598476,0,0.03035546267209577,0.0038235721718084,-0.00104573540024128,0.05766321090964765,0.05766321090964765,0,0,0,0,0,0,0,0,0,1,1,P,0.4439721908381099,0.4439721908381099,0,0,0,0,0,0.13982049535611313,0.03627746556510604,0.2329091863204439,0.02333348430688774,0.0116315592895591,0,0,0,0,0,-0.11529058389012836,-0.03627746556510604,-0.20255372364834817,-0.01950991213507934,-0.01267729468980038,0,-0.38630897992846225,-0.38630897992846225,-0.38630897992846225,0,0,0,0,0,-5.9493670886076,-3.9795918367346976,-5.040695899888085,-1.5260772232838444,-0.9405139464225392,-17.436245994936765,-17.436245994936765,NA,NA,NA,NA
McCade Brown,COL,pitcher,NA,NA,NA,NA,NA,NA,NA,NA,NA,23,1,0,21,5.25703,1.4659,0,0,0,0,0,0,0.02452991146598476,0,0.05795133782854647,-0.00293296841975827,-0.00363440816510917,0.0759138727096638,0.0759138727096638,0,0,0,0,0,0,0,0,0,1,0,P,0.4439721908381099,0.4439721908381099,0,0,0,0,0,0.13982049535611313,0.03627746556510604,0.2329091863204439,0.02333348430688774,0.0116315592895591,0,0,0,0,0,-0.11529058389012836,-0.03627746556510604,-0.17495784849189744,-0.02626645272664601,-0.01526596745466827,0,-0.36805831812844614,-0.36805831812844614,-0.36805831812844614,0,0,0,0,0,-5.9493670886076,-3.9795918367346976,-4.35395258927663,-2.054577948125305,-1.132564608464914,-17.470054071209148,-17.470054071209148,NA,NA,NA,NA
Wilber Dotel,PIT,pitcher,-2.751631181094091,NA,NA,NA,NA,NA,NA,NA,NA,12,1,0,10,4.53747,1.39528,0,0,0,0,0,0,0.02452991146598476,0,0.0275958751564507,0.00232388594333111,2.7288465799449823e-4,0.05472255722376108,0.05472255722376108,0,0,0,0,0,0,0,0,0,1,0,P,0.4439721908381099,0.4439721908381099,0,0,0,0,0,0.13982049535611313,0.03627746556510604,0.2329091863204439,0.02333348430688774,0.0116315592895591,0,0,0,0,0,-0.11529058389012836,-0.03627746556510604,-0.2053133111639932,-0.02100959836355663,-0.0113586746315646,0,-0.3892496336143488,-0.3892496336143488,-0.3892496336143488,0,0,0,0,0,-5.9493670886076,-3.9795918367346976,-5.109370230949231,-1.643383594502022,-0.8426870373580171,-17.52439978815157,-17.52439978815157,NA,NA,NA,NA
Nolan Hoffman,PHI,pitcher,NA,NA,NA,NA,NA,NA,NA,NA,NA,12,1,0,11,4.58625,1.41788,0,0,0,0,0,0,0.02452991146598476,0,0.03035546267209577,0.00206260894377277,-4.212757224883968e-4,0.05652670735936491,0.05652670735936491,0,0,0,0,0,0,0,0,0,0,1,P,0.4439721908381099,0.4439721908381099,0,0,0,0,0,0.13982049535611313,0.03627746556510604,0.2329091863204439,0.02333348430688774,0.0116315592895591,0,0,0,0,0,-0.11529058389012836,-0.03627746556510604,-0.20255372364834817,-0.02127087536311497,-0.01205283501204749,0,-0.38744548347874497,-0.38744548347874497,-0.38744548347874497,0,0,0,0,0,-5.9493670886076,-3.9795918367346976,-5.040695899888085,-1.663820840719907,-0.8941859994688693,-17.52766166541916,-17.52766166541916,NA,NA,NA,NA
Jeff Criswell,COL,pitcher,NA,NA,NA,NA,NA,NA,NA,NA,NA,14,1,0,13,4.7599,1.44975,0,0,0,0,0,0,0.02452991146598476,0,0.03587463770338591,0.00132124912234354,-0.00163352550574921,0.060092272785965,0.060092272785965,0,0,0,0,0,0,0,0,0,0,1,P,0.4439721908381099,0.4439721908381099,0,0,0,0,0,0.13982049535611313,0.03627746556510604,0.2329091863204439,0.02333348430688774,0.0116315592895591,0,0,0,0,0,-0.11529058389012836,-0.03627746556510604,-0.197034548617058,-0.02201223518454419,-0.01326508479530831,0,-0.3838799180521449,-0.3838799180521449,-0.3838799180521449,0,0,0,0,0,-5.9493670886076,-3.9795918367346976,-4.903347237765794,-1.721810457992795,-0.9841214198880068,-17.53823804098889,-17.53823804098889,NA,NA,NA,NA
Jake Eder,WSN,pitcher,NA,NA,NA,NA,NA,NA,NA,NA,NA,12,1,0,10,4.61138,1.39206,0,0,0,0,0,0,0.02452991146598476,0,0.0275958751564507,0.00192800683227418,3.7178715468276936e-4,0.05442558060939242,0.05442558060939242,0,0,0,0,0,0,0,0,0,0,1,P,0.4439721908381099,0.4439721908381099,0,0,0,0,0,0.13982049535611313,0.03627746556510604,0.2329091863204439,0.02333348430688774,0.0116315592895591,0,0,0,0,0,-0.11529058389012836,-0.03627746556510604,-0.2053133111639932,-0.02140547747461356,-0.01125977213487633,0,-0.3895466102287175,-0.3895466102287175,-0.3895466102287175,0,0,0,0,0,-5.9493670886076,-3.9795918367346976,-5.109370230949231,-1.6743494999543365,-0.8353495746147894,-17.548028230860652,-17.548028230860652,NA,NA,NA,NA
Jose Franco,CIN,pitcher,-2.751631181094091,NA,NA,NA,NA,NA,NA,NA,NA,14,1,0,13,4.92404,1.42546,0,0,0,0,0,0,0.02452991146598476,0,0.03587463770338591,2.955485382498489e-4,-7.631118664165669e-4,0.05993698584120395,0.05993698584120395,0,0,0,0,0,0,0,0,0,1,0,P,0.4439721908381099,0.4439721908381099,0,0,0,0,0,0.13982049535611313,0.03627746556510604,0.2329091863204439,0.02333348430688774,0.0116315592895591,0,0,0,0,0,-0.11529058389012836,-0.03627746556510604,-0.197034548617058,-0.02303793576863789,-0.01239467115597566,0,-0.3840352049969059,-0.3840352049969059,-0.3840352049969059,0,0,0,0,0,-5.9493670886076,-3.9795918367346976,-4.903347237765794,-1.8020413830967512,-0.919546430745616,-17.553893976950455,-17.553893976950455,NA,NA,NA,NA
Daison Acosta,SDP,pitcher,-2.751631181094091,NA,NA,NA,NA,NA,NA,NA,NA,10,1,0,10,4.43942,1.44267,0,0,0,0,0,0,0.02452991146598476,0,0.0275958751564507,0.00237422041346158,-9.855850722864557e-4,0.05351442196361059,0.05351442196361059,0,0,0,0,0,0,0,0,0,0,1,P,0.4439721908381099,0.4439721908381099,0,0,0,0,0,0.13982049535611313,0.03627746556510604,0.2329091863204439,0.02333348430688774,0.0116315592895591,0,0,0,0,0,-0.11529058389012836,-0.03627746556510604,-0.2053133111639932,-0.02095926389342615,-0.01261714436184555,0,-0.39045776887449934,-0.39045776887449934,-0.39045776887449934,0,0,0,0,0,-5.9493670886076,-3.9795918367346976,-5.109370230949231,-1.6394464015572081,-0.9360514626113112,-17.613827020460047,-17.613827020460047,NA,NA,NA,NA
Wade Miley,NA,pitcher,NA,NA,NA,NA,NA,NA,NA,NA,NA,24,1,0,15,5.05727,1.44366,0,0,0,0,0,0,0.02452991146598476,0,0.04139381273467605,-9.20566955913665e-4,-0.00242621999443245,0.06257693725031468,0.06257693725031468,0,0,0,0,0,0,0,0,0,0,0,P,0.4439721908381099,0.4439721908381099,0,0,0,0,0,0.13982049535611313,0.03627746556510604,0.2329091863204439,0.02333348430688774,0.0116315592895591,0,0,0,0,0,-0.11529058389012836,-0.03627746556510604,-0.19151537358576787,-0.0242540512628014,-0.01405777928399155,0,-0.3813952535877952,-0.3813952535877952,-0.3813952535877952,0,0,0,0,0,-5.9493670886076,-3.9795918367346976,-4.765998575643503,-1.8971666785709729,-1.0429305144228764,-17.63505469397965,-17.63505469397965,NA,NA,NA,NA
Dale Stanavich,MIA,pitcher,-2.751631181094091,NA,NA,NA,NA,NA,NA,NA,NA,12,1,0,11,4.41273,1.50537,0,0,0,0,0,0,0.02452991146598476,0,0.03035546267209577,0.00299202232965558,-0.00310853641666754,0.05476886005106858,0.05476886005106858,0,0,0,0,0,0,0,0,0,0,0,P,0.4439721908381099,0.4439721908381099,0,0,0,0,0,0.13982049535611313,0.03627746556510604,0.2329091863204439,0.02333348430688774,0.0116315592895591,0,0,0,0,0,-0.11529058389012836,-0.03627746556510604,-0.20255372364834817,-0.02034146197723215,-0.01474009570622664,0,-0.3892033307870413,-0.3892033307870413,-0.3892033307870413,0,0,0,0,0,-5.9493670886076,-3.9795918367346976,-5.040695899888085,-1.591121558970676,-1.0935507868617227,-17.654327171062782,-17.654327171062782,NA,NA,NA,NA
Yunior Marte,CIN,pitcher,NA,NA,NA,NA,NA,NA,NA,NA,NA,16,1,0,14,4.96532,1.47561,0,0,0,0,0,0,0.02452991146598476,0,0.03863422521903098,4.2962745788033515e-5,-0.00292594159843748,0.06028115783236629,0.06028115783236629,0,0,0,0,0,0,0,0,0,0,1,P,0.4439721908381099,0.4439721908381099,0,0,0,0,0,0.13982049535611313,0.03627746556510604,0.2329091863204439,0.02333348430688774,0.0116315592895591,0,0,0,0,0,-0.11529058389012836,-0.03627746556510604,-0.19427496110141293,-0.0232905215610997,-0.01455750088799658,0,-0.3836910330057437,-0.3836910330057437,-0.3836910330057437,0,0,0,0,0,-5.9493670886076,-3.9795918367346976,-4.8346729067046486,-1.8217987977961236,-1.080004286816407,-17.665434916659475,-17.665434916659475,NA,NA,NA,NA
Jaden Woods,PIT,pitcher,-2.751631181094091,NA,NA,NA,NA,NA,NA,NA,NA,14,1,0,12,4.70916,1.49297,0,0,0,0,0,0,0.02452991146598476,0,0.03311505018774084,0.00163832020579008,-0.00318228126910684,0.05610100059040884,0.05610100059040884,0,0,0,0,0,0,0,0,0,0,0,P,0.4439721908381099,0.4439721908381099,0,0,0,0,0,0.13982049535611313,0.03627746556510604,0.2329091863204439,0.02333348430688774,0.0116315592895591,0,0,0,0,0,-0.11529058389012836,-0.03627746556510604,-0.19979413613270308,-0.02169516410109765,-0.01481384055866594,0,-0.38787119024770106,-0.38787119024770106,-0.38787119024770106,0,0,0,0,0,-5.9493670886076,-3.9795918367346976,-4.97202156882694,-1.6970089645129922,-1.099021832845361,-17.697011291527588,-17.697011291527588,NA,NA,NA,NA
Josh Staumont,CIN,pitcher,NA,NA,NA,NA,NA,NA,NA,NA,NA,12,1,0,12,4.78827,1.49019,0,0,0,0,0,0,0.02452991146598476,0,0.03311505018774084,9.805429443718692e-4,-0.00264228178942282,0.05598322280867464,0.05598322280867464,0,0,0,0,0,0,0,0,0,0,1,P,0.4439721908381099,0.4439721908381099,0,0,0,0,0,0.13982049535611313,0.03627746556510604,0.2329091863204439,0.02333348430688774,0.0116315592895591,0,0,0,0,0,-0.11529058389012836,-0.03627746556510604,-0.19979413613270308,-0.02235294136251587,-0.01427384107898192,0,-0.3879889680294353,-0.3879889680294353,-0.3879889680294353,0,0,0,0,0,-5.9493670886076,-3.9795918367346976,-4.97202156882694,-1.7484607029777424,-1.0589598910722198,-17.708401088219198,-17.708401088219198,NA,NA,NA,NA
John Brebbia,COL,pitcher,NA,NA,NA,NA,NA,NA,NA,NA,NA,12,1,0,11,4.95144,1.43037,0,0,0,0,0,0,0.02452991146598476,0,0.03035546267209577,1.065665602403666e-4,-8.049068354189853e-4,0.05418703386290191,0.05418703386290191,0,0,0,0,0,0,0,0,0,0,1,P,0.4439721908381099,0.4439721908381099,0,0,0,0,0,0.13982049535611313,0.03627746556510604,0.2329091863204439,0.02333348430688774,0.0116315592895591,0,0,0,0,0,-0.11529058389012836,-0.03627746556510604,-0.20255372364834817,-0.02322691774664737,-0.01243646612497808,0,-0.38978515697520794,-0.38978515697520794,-0.38978515697520794,0,0,0,0,0,-5.9493670886076,-3.9795918367346976,-5.040695899888085,-1.8168236686475328,-0.922647151538097,-17.709125645416012,-17.709125645416012,NA,NA,NA,NA
Tejay Antone,CIN,pitcher,NA,NA,NA,NA,NA,NA,NA,NA,NA,24,1,0,19,5.1388,1.50521,0,0,0,0,0,0,0.02452991146598476,0,0.05243216279725633,-0.0017939541545193,-0.00620724401378841,0.06896087609493337,0.06896087609493337,0,0,0,0,0,0,0,0,0,0,1,P,0.4439721908381099,0.4439721908381099,0,0,0,0,0,0.13982049535611313,0.03627746556510604,0.2329091863204439,0.02333348430688774,0.0116315592895591,0,0,0,0,0,-0.11529058389012836,-0.03627746556510604,-0.1804770235231876,-0.02512743846140704,-0.01783880330334751,0,-0.37501131474317656,-0.37501131474317656,-0.37501131474317656,0,0,0,0,0,-5.9493670886076,-3.9795918367346976,-4.491301251398921,-1.9654835577896763,-1.3234403478673873,-17.70918408239828,-17.70918408239828,NA,NA,NA,NA
Bradley Blalock,MIA,pitcher,NA,NA,NA,NA,NA,NA,NA,NA,NA,18,1,0,12,5.0044,1.46895,0,0,0,0,0,0,0.02452991146598476,0,0.03311505018774084,-2.6564923395094907e-4,-0.00298484083801986,0.05439447158175479,0.05439447158175479,0,0,0,0,0,0,0,0,0,1,0,P,0.4439721908381099,0.4439721908381099,0,0,0,0,0,0.13982049535611313,0.03627746556510604,0.2329091863204439,0.02333348430688774,0.0116315592895591,0,0,0,0,0,-0.11529058389012836,-0.03627746556510604,-0.19979413613270308,-0.02359913354083868,-0.01461640012757896,0,-0.3895777192563551,-0.3895777192563551,-0.3895777192563551,0,0,0,0,0,-5.9493670886076,-3.9795918367346976,-4.97202156882694,-1.8459386150260224,-1.0843739538168498,-17.831293063012108,-17.831293063012108,NA,NA,NA,NA
Francis Pena,SDP,pitcher,-2.751631181094091,NA,NA,NA,NA,NA,NA,NA,NA,8,1,0,6,4.35193,1.44846,0,0,0,0,0,0,0.02452991146598476,0,0.01655752509387042,0.00221178749232946,-9.070281936107604e-4,0.04239219585857388,0.04239219585857388,0,0,0,0,0,0,0,0,0,0,1,P,0.4439721908381099,0.4439721908381099,0,0,0,0,0,0.13982049535611313,0.03627746556510604,0.2329091863204439,0.02333348430688774,0.0116315592895591,0,0,0,0,0,-0.11529058389012836,-0.03627746556510604,-0.21635166122657348,-0.02112169681455827,-0.01253858748316986,0,-0.401579994979536,-0.401579994979536,-0.401579994979536,0,0,0,0,0,-5.9493670886076,-3.9795918367346976,-5.3840675551938135,-1.6521520036908783,-0.9302234179227736,-17.895401902149764,-17.895401902149764,NA,NA,NA,NA
Luis Peralta,COL,pitcher,NA,NA,NA,NA,NA,NA,NA,NA,NA,34,1,0,32,5.39676,1.62123,0,0,0,0,0,0,0.02452991146598476,0,0.08830680050064224,-0.00645623364354082,-0.01889035294904417,0.08749012537404201,0.08749012537404201,0,0,0,0,0,0,0,0,0,0,1,P,0.4439721908381099,0.4439721908381099,0,0,0,0,0,0.13982049535611313,0.03627746556510604,0.2329091863204439,0.02333348430688774,0.0116315592895591,0,0,0,0,0,-0.11529058389012836,-0.03627746556510604,-0.14460238581980167,-0.02978971795042856,-0.03052191223860326,0,-0.3564820654640679,-0.3564820654640679,-0.3564820654640679,0,0,0,0,0,-5.9493670886076,-3.9795918367346976,-3.5985349476040285,-2.3301699022241156,-2.264385646488681,-18.12204942165912,-18.12204942165912,NA,NA,NA,NA
Riley Cornelio,WSN,pitcher,-2.751631181094091,NA,NA,NA,NA,NA,NA,NA,NA,17,1,0,12,5.19971,1.5294,0,0,0,0,0,0,0.02452991146598476,0,0.03311505018774084,-0.0017329023264675,-0.00544937739054106,0.05046268193671703,0.05046268193671703,0,0,0,0,0,0,0,0,0,0,0,P,0.4439721908381099,0.4439721908381099,0,0,0,0,0,0.13982049535611313,0.03627746556510604,0.2329091863204439,0.02333348430688774,0.0116315592895591,0,0,0,0,0,-0.11529058389012836,-0.03627746556510604,-0.19979413613270308,-0.02506638663335524,-0.01708093668010016,0,-0.3935095089013929,-0.3935095089013929,-0.3935095089013929,0,0,0,0,0,-5.9493670886076,-3.9795918367346976,-4.97202156882694,-1.9607080465733973,-1.2672150927058294,-18.128903633448463,-18.128903633448463,NA,NA,NA,NA
Ryan Lambert,NYM,pitcher,-2.751631181094091,NA,NA,NA,NA,NA,NA,NA,NA,12,0,0,13,4.2372,1.36396,0,0,0,0,0,0,0,0,0.03587463770338591,0.00393220174196546,0.00123488037112389,0.04104171981647527,0.04104171981647527,0,0,0,0,0,0,0,0,0,0,0,P,0.4439721908381099,0.4439721908381099,0,0,0,0,0,0.13982049535611313,0.03627746556510604,0.2329091863204439,0.02333348430688774,0.0116315592895591,0,0,0,0,0,-0.13982049535611313,-0.03627746556510604,-0.197034548617058,-0.01940128256492227,-0.01039667891843521,0,-0.40293047102163465,-0.40293047102163465,-0.40293047102163465,0,0,0,0,0,-7.215189873417728,-3.9795918367346976,-4.903347237765794,-1.5175801520697851,-0.7713176792468714,-18.387026779234876,-18.387026779234876,NA,NA,NA,NA
AJ Smith-Shawver,ATL,pitcher,NA,NA,NA,NA,NA,NA,NA,NA,NA,8,0,0,9,3.85124,1.27677,0,0,0,0,0,0,0,0,0.02483628764080563,0.00399966204349614,0.00260861769798536,0.03144456738228714,0.03144456738228714,0,0,0,0,0,0,0,0,0,1,0,P,0.4439721908381099,0.4439721908381099,0,0,0,0,0,0.13982049535611313,0.03627746556510604,0.2329091863204439,0.02333348430688774,0.0116315592895591,0,0,0,0,0,-0.13982049535611313,-0.03627746556510604,-0.2080728986796383,-0.0193338222633916,-0.00902294159157374,0,-0.4125276234558228,-0.4125276234558228,-0.4125276234558228,0,0,0,0,0,-7.215189873417728,-3.9795918367346976,-5.178044562010377,-1.5123033661504512,-0.6694016832675451,-18.5545313215808,-18.5545313215808,NA,NA,NA,NA
Bryce Montes de Oca,WSN,pitcher,NA,NA,NA,NA,NA,NA,NA,NA,NA,10,0,0,11,4.03998,1.41044,0,0,0,0,0,0,0,0,0.03035546267209577,0.00415713152292557,-1.6062972335711425e-4,0.03435196447166423,0.03435196447166423,0,0,0,0,0,0,0,0,0,0,0,P,0.4439721908381099,0.4439721908381099,0,0,0,0,0,0.13982049535611313,0.03627746556510604,0.2329091863204439,0.02333348430688774,0.0116315592895591,0,0,0,0,0,-0.13982049535611313,-0.03627746556510604,-0.20255372364834817,-0.01917635278396217,-0.01179218901291621,0,-0.40962022636644574,-0.40962022636644574,-0.40962022636644574,0,0,0,0,0,-7.215189873417728,-3.9795918367346976,-5.040695899888085,-1.4999860074532003,-0.8748489718726397,-18.610312589366355,-18.610312589366355,NA,NA,NA,NA
Mitch Bratt,ARI,pitcher,-2.751631181094091,NA,NA,NA,NA,NA,NA,NA,NA,9,0,0,7,4.13769,1.275,0,0,0,0,0,0,0,0,0.01931711260951549,0.00334890029518951,0.00297546915382163,0.02564148205852664,0.02564148205852664,0,0,0,0,0,0,0,0,0,1,0,P,0.4439721908381099,0.4439721908381099,0,0,0,0,0,0.13982049535611313,0.03627746556510604,0.2329091863204439,0.02333348430688774,0.0116315592895591,0,0,0,0,0,-0.13982049535611313,-0.03627746556510604,-0.2135920737109284,-0.01998458401169823,-0.00865609013573747,0,-0.4183307087795833,-0.4183307087795833,-0.4183307087795833,0,0,0,0,0,-7.215189873417728,-3.9795918367346976,-5.315393224132667,-1.5632063469019368,-0.6421853947042587,-18.71556667589129,-18.71556667589129,NA,NA,NA,NA
Nick Burdi,NYM,pitcher,NA,NA,NA,NA,NA,NA,NA,NA,NA,8,0,0,9,4.11884,1.35406,0,0,0,0,0,0,0,0,0.02483628764080563,0.00304411024519339,0.00102597298389913,0.02890637086989816,0.02890637086989816,0,0,0,0,0,0,0,0,0,0,1,P,0.4439721908381099,0.4439721908381099,0,0,0,0,0,0.13982049535611313,0.03627746556510604,0.2329091863204439,0.02333348430688774,0.0116315592895591,0,0,0,0,0,-0.13982049535611313,-0.03627746556510604,-0.2080728986796383,-0.02028937406169435,-0.01060558630565997,0,-0.4150658199682118,-0.4150658199682118,-0.4150658199682118,0,0,0,0,0,-7.215189873417728,-3.9795918367346976,-5.178044562010377,-1.587047210456945,-0.7868162785934386,-18.746689761213187,-18.746689761213187,NA,NA,NA,NA
Zak Kent,STL,pitcher,NA,NA,NA,NA,NA,NA,NA,NA,NA,8,0,0,8,4.18724,1.35906,0,0,0,0,0,0,0,0,0.02207670012516056,0.00279986606356444,9.235894469547572e-4,0.02580015563567975,0.02580015563567975,0,0,0,0,0,0,0,0,0,0,1,P,0.4439721908381099,0.4439721908381099,0,0,0,0,0,0.13982049535611313,0.03627746556510604,0.2329091863204439,0.02333348430688774,0.0116315592895591,0,0,0,0,0,-0.13982049535611313,-0.03627746556510604,-0.21083248619528336,-0.0205336182433233,-0.01070796984260434,0,-0.4181720352024301,-0.4181720352024301,-0.4181720352024301,0,0,0,0,0,-7.215189873417728,-3.9795918367346976,-5.246718893071522,-1.606152139270712,-0.7944119957189326,-18.84206473821359,-18.84206473821359,NA,NA,NA,NA
Collin Snider,CHC,pitcher,NA,NA,NA,NA,NA,NA,NA,NA,NA,10,0,0,8,4.43306,1.35245,0,0,0,0,0,0,0,0,0.02207670012516056,0.00240260844334389,0.00132367560349403,0.02580298417199849,0.02580298417199849,0,0,0,0,0,0,0,0,0,0,1,P,0.4439721908381099,0.4439721908381099,0,0,0,0,0,0.13982049535611313,0.03627746556510604,0.2329091863204439,0.02333348430688774,0.0116315592895591,0,0,0,0,0,-0.13982049535611313,-0.03627746556510604,-0.21083248619528336,-0.02093087586354385,-0.01030788368606507,0,-0.4181692066661114,-0.4181692066661114,-0.4181692066661114,0,0,0,0,0,-7.215189873417728,-3.9795918367346976,-5.246718893071522,-1.6372258725503448,-0.764730062845784,-18.84345653862008,-18.84345653862008,NA,NA,NA,NA
Tink Hence,STL,pitcher,-2.751631181094091,NA,NA,NA,NA,NA,NA,NA,NA,8,0,0,7,4.4035,1.38354,0,0,0,0,0,0,0,0,0.01931711260951549,0.00202764023433815,4.2231965007507146e-4,0.02176707249392872,0.02176707249392872,0,0,0,0,0,0,0,0,0,1,0,P,0.4439721908381099,0.4439721908381099,0,0,0,0,0,0.13982049535611313,0.03627746556510604,0.2329091863204439,0.02333348430688774,0.0116315592895591,0,0,0,0,0,-0.13982049535611313,-0.03627746556510604,-0.2135920737109284,-0.02130584407254959,-0.01120923963948403,0,-0.4222051183441812,-0.4222051183441812,-0.4222051183441812,0,0,0,0,0,-7.215189873417728,-3.9795918367346976,-5.315393224132667,-1.6665561144938903,-0.8316006267653536,-19.008331675544337,-19.008331675544337,NA,NA,NA,NA
Reggie Crawford,SFG,pitcher,-2.751631181094091,NA,NA,NA,NA,NA,NA,NA,NA,8,0,0,8,4.54308,1.41417,0,0,0,0,0,0,0,0,0.02207670012516056,0.00152922498767486,-2.0488189724619912e-4,0.02340104321558922,0.02340104321558922,0,0,0,0,0,0,0,0,0,0,1,P,0.4439721908381099,0.4439721908381099,0,0,0,0,0,0.13982049535611313,0.03627746556510604,0.2329091863204439,0.02333348430688774,0.0116315592895591,0,0,0,0,0,-0.13982049535611313,-0.03627746556510604,-0.21083248619528336,-0.02180425931921287,-0.0118364411868053,0,-0.4205711476225207,-0.4205711476225207,-0.4205711476225207,0,0,0,0,0,-7.215189873417728,-3.9795918367346976,-5.246718893071522,-1.7055424589942652,-0.8781319898761325,-19.025175052094347,-19.025175052094347,NA,NA,NA,NA
K.C. Hunt,MIL,pitcher,-2.751631181094091,NA,NA,NA,NA,NA,NA,NA,NA,6,0,0,5,4.19951,1.27793,0,0,0,0,0,0,0,0,0.01379793757822535,0.00206703906402654,0.00193864853806069,0.01780362518031258,0.01780362518031258,0,0,0,0,0,0,0,0,0,0,0,P,0.4439721908381099,0.4439721908381099,0,0,0,0,0,0.13982049535611313,0.03627746556510604,0.2329091863204439,0.02333348430688774,0.0116315592895591,0,0,0,0,0,-0.13982049535611313,-0.03627746556510604,-0.21911124874221857,-0.0212664452428612,-0.00969291075149841,0,-0.42616856565779737,-0.42616856565779737,-0.42616856565779737,0,0,0,0,0,-7.215189873417728,-3.9795918367346976,-5.452741886254959,-1.663474314012412,-0.7191059264834979,-19.030103836903297,-19.030103836903297,NA,NA,NA,NA
Matt Waldron,SDP,pitcher,NA,NA,NA,NA,NA,NA,NA,NA,NA,9,0,0,7,4.82892,1.34363,0,0,0,0,0,0,0,0,0.01931711260951549,5.721090835549368e-4,0.00139448817221074,0.02128370986528117,0.02128370986528117,0,0,0,0,0,0,0,0,0,1,0,P,0.4439721908381099,0.4439721908381099,0,0,0,0,0,0.13982049535611313,0.03627746556510604,0.2329091863204439,0.02333348430688774,0.0116315592895591,0,0,0,0,0,-0.13982049535611313,-0.03627746556510604,-0.2135920737109284,-0.0227613752233328,-0.01023707111734836,0,-0.42268848097282874,-0.42268848097282874,-0.42268848097282874,0,0,0,0,0,-7.215189873417728,-3.9795918367346976,-5.315393224132667,-1.7804086486114843,-0.7594765596268636,-19.05006014252344,-19.05006014252344,NA,NA,NA,NA
Tucker Davidson,PHI,pitcher,NA,NA,NA,NA,NA,NA,NA,NA,NA,8,0,0,6,4.51051,1.39295,0,0,0,0,0,0,0,0,0.01655752509387042,0.00164552663965812,2.2963383354575e-4,0.01843268556707429,0.01843268556707429,0,0,0,0,0,0,0,0,0,1,0,P,0.4439721908381099,0.4439721908381099,0,0,0,0,0,0.13982049535611313,0.03627746556510604,0.2329091863204439,0.02333348430688774,0.0116315592895591,0,0,0,0,0,-0.13982049535611313,-0.03627746556510604,-0.21635166122657348,-0.02168795766722962,-0.01140192545601335,0,-0.4255395052710357,-0.4255395052710357,-0.4255395052710357,0,0,0,0,0,-7.215189873417728,-3.9795918367346976,-5.3840675551938135,-1.696445272861745,-0.845895766395534,-19.121190304603516,-19.121190304603516,NA,NA,NA,NA
Pete Hansen,STL,pitcher,-2.751631181094091,NA,NA,NA,NA,NA,NA,NA,NA,9,0,0,6,4.59688,1.40026,0,0,0,0,0,0,0,0,0.01655752509387042,0.00150425414778491,8.994274034969625e-5,0.01815172198200503,0.01815172198200503,0,0,0,0,0,0,0,0,0,1,0,P,0.4439721908381099,0.4439721908381099,0,0,0,0,0,0.13982049535611313,0.03627746556510604,0.2329091863204439,0.02333348430688774,0.0116315592895591,0,0,0,0,0,-0.13982049535611313,-0.03627746556510604,-0.21635166122657348,-0.02182923015910283,-0.0115416165492094,0,-0.4258204688561049,-0.4258204688561049,-0.4258204688561049,0,0,0,0,0,-7.215189873417728,-3.9795918367346976,-5.3840675551938135,-1.7074956933163103,-0.8562592883106318,-19.142604246973185,-19.142604246973185,NA,NA,NA,NA
Ryder Ryan,LAD,pitcher,NA,NA,NA,NA,NA,NA,NA,NA,NA,10,0,0,8,4.6777,1.47462,0,0,0,0,0,0,0,0,0.02207670012516056,0.00131065126875129,-0.00180337357362969,0.02158397782028216,0.02158397782028216,0,0,0,0,0,0,0,0,0,0,1,P,0.4439721908381099,0.4439721908381099,0,0,0,0,0,0.13982049535611313,0.03627746556510604,0.2329091863204439,0.02333348430688774,0.0116315592895591,0,0,0,0,0,-0.13982049535611313,-0.03627746556510604,-0.21083248619528336,-0.02202283303813644,-0.01343493286318879,0,-0.42238821301782775,-0.42238821301782775,-0.42238821301782775,0,0,0,0,0,-7.215189873417728,-3.9795918367346976,-5.246718893071522,-1.7226394285627726,-0.996722253151198,-19.16086228493792,-19.16086228493792,NA,NA,NA,NA
Corbin Martin,CHC,pitcher,NA,NA,NA,NA,NA,NA,NA,NA,NA,8,0,0,7,4.61998,1.4627,0,0,0,0,0,0,0,0,0.01931711260951549,0.00125462882441073,-0.00119861650682835,0.01937312492709787,0.01937312492709787,0,0,0,0,0,0,0,0,0,0,1,P,0.4439721908381099,0.4439721908381099,0,0,0,0,0,0.13982049535611313,0.03627746556510604,0.2329091863204439,0.02333348430688774,0.0116315592895591,0,0,0,0,0,-0.13982049535611313,-0.03627746556510604,-0.2135920737109284,-0.022078855482477,-0.01283017579638745,0,-0.424599065911012,-0.424599065911012,-0.424599065911012,0,0,0,0,0,-7.215189873417728,-3.9795918367346976,-5.315393224132667,-1.7270215383185157,-0.9518560202961815,-19.189052492899787,-19.189052492899787,NA,NA,NA,NA
Valente Bellozo,COL,pitcher,NA,NA,NA,NA,NA,NA,NA,NA,NA,10,0,0,7,5.02368,1.41451,0,0,0,0,0,0,0,0,0.01931711260951549,-2.336397027396733e-4,-2.6480497219802135e-4,0.01881866793457779,0.01881866793457779,0,0,0,0,0,0,0,0,0,1,1,P,0.4439721908381099,0.4439721908381099,0,0,0,0,0,0.13982049535611313,0.03627746556510604,0.2329091863204439,0.02333348430688774,0.0116315592895591,0,0,0,0,0,-0.13982049535611313,-0.03627746556510604,-0.2135920737109284,-0.02356712400962741,-0.01189636426175712,0,-0.4251535229035321,-0.4251535229035321,-0.4251535229035321,0,0,0,0,0,-7.215189873417728,-3.9795918367346976,-5.315393224132667,-1.8434348099770137,-0.8825776140478303,-19.236187358309937,-19.236187358309937,NA,NA,NA,NA
Marco Gonzales,SDP,pitcher,NA,NA,NA,NA,NA,NA,NA,NA,NA,9,0,0,6,4.87048,1.41529,0,0,0,0,0,0,0,0,0.01655752509387042,4.0515533045462024e-4,-2.56292785711958e-4,0.01670638763861308,0.01670638763861308,0,0,0,0,0,0,0,0,0,1,0,P,0.4439721908381099,0.4439721908381099,0,0,0,0,0,0.13982049535611313,0.03627746556510604,0.2329091863204439,0.02333348430688774,0.0116315592895591,0,0,0,0,0,-0.13982049535611313,-0.03627746556510604,-0.21635166122657348,-0.02292832897643312,-0.01188785207527105,0,-0.4272658031994968,-0.4272658031994968,-0.4272658031994968,0,0,0,0,0,-7.215189873417728,-3.9795918367346976,-5.3840675551938135,-1.7934678729782638,-0.8819461046997724,-19.254263243024276,-19.254263243024276,NA,NA,NA,NA
Shinnosuke Ogasawara,WSN,pitcher,NA,NA,NA,NA,NA,NA,NA,NA,NA,6,0,0,4,4.62071,1.36319,0,0,0,0,0,0,0,0,0.01103835006258028,9.390165936086056e-4,6.29265484079025e-4,0.01260663214026791,0.01260663214026791,0,0,0,0,0,0,0,0,0,0,1,P,0.4439721908381099,0.4439721908381099,0,0,0,0,0,0.13982049535611313,0.03627746556510604,0.2329091863204439,0.02333348430688774,0.0116315592895591,0,0,0,0,0,-0.13982049535611313,-0.03627746556510604,-0.22187083625786364,-0.02239446771327913,-0.01100229380548007,0,-0.431365558697842,-0.431365558697842,-0.431365558697842,0,0,0,0,0,-7.215189873417728,-3.9795918367346976,-5.521416217316105,-1.7517089194549436,-0.8162475528014457,-19.284154399724923,-19.284154399724923,NA,NA,NA,NA
Sean Sullivan,COL,pitcher,-2.751631181094091,NA,NA,NA,NA,NA,NA,NA,NA,9,0,0,6,5.28697,1.40118,0,0,0,0,0,0,0,0,0.01655752509387042,-0.00126795748544411,6.874934820220885e-5,0.01535831695662851,0.01535831695662851,0,0,0,0,0,0,0,0,0,0,0,P,0.4439721908381099,0.4439721908381099,0,0,0,0,0,0.13982049535611313,0.03627746556510604,0.2329091863204439,0.02333348430688774,0.0116315592895591,0,0,0,0,0,-0.13982049535611313,-0.03627746556510604,-0.21635166122657348,-0.02460144179233184,-0.01156280994135689,0,-0.4286138738814814,-0.4286138738814814,-0.4286138738814814,0,0,0,0,0,-7.215189873417728,-3.9795918367346976,-5.3840675551938135,-1.924339777610599,-0.8578316017556092,-19.361020644712447,-19.361020644712447,NA,NA,NA,NA
Jean Cabrera,PHI,pitcher,-2.751631181094091,NA,NA,NA,NA,NA,NA,NA,NA,9,0,0,6,5.0269,1.46196,0,0,0,0,0,0,0,0,0.01655752509387042,-2.2321103287434736e-4,-0.00133139671128065,0.01500291734971541,0.01500291734971541,0,0,0,0,0,0,0,0,0,1,0,P,0.4439721908381099,0.4439721908381099,0,0,0,0,0,0.13982049535611313,0.03627746556510604,0.2329091863204439,0.02333348430688774,0.0116315592895591,0,0,0,0,0,-0.13982049535611313,-0.03627746556510604,-0.21635166122657348,-0.02355669533976208,-0.01296295600083975,0,-0.4289692734883945,-0.4289692734883945,-0.4289692734883945,0,0,0,0,0,-7.215189873417728,-3.9795918367346976,-5.3840675551938135,-1.8426190730613152,-0.961706831305308,-19.38317516971286,-19.38317516971286,NA,NA,NA,NA
Yoniel Curet,PHI,pitcher,-2.751631181094091,NA,NA,NA,NA,NA,NA,NA,NA,8,0,0,7,5.27812,1.49961,0,0,0,0,0,0,0,0,0.01931711260951549,-0.0010954715512805,-0.00195441177655176,0.01626722928168322,0.01626722928168322,0,0,0,0,0,0,0,0,0,1,0,P,0.4439721908381099,0.4439721908381099,0,0,0,0,0,0.13982049535611313,0.03627746556510604,0.2329091863204439,0.02333348430688774,0.0116315592895591,0,0,0,0,0,-0.13982049535611313,-0.03627746556510604,-0.2135920737109284,-0.02442895585816824,-0.01358597106611086,0,-0.4277049615564267,-0.4277049615564267,-0.4277049615564267,0,0,0,0,0,-7.215189873417728,-3.9795918367346976,-5.315393224132667,-1.910847822667828,-1.0079276041165814,-19.428950361069504,-19.428950361069504,NA,NA,NA,NA
Jared Lyons,CIN,pitcher,-2.751631181094091,NA,NA,NA,NA,NA,NA,NA,NA,9,0,0,6,5.30674,1.48646,0,0,0,0,0,0,0,0,0.01655752509387042,-0.00134737701621392,-0.00189578595868655,0.01331436211896994,0.01331436211896994,0,0,0,0,0,0,0,0,0,0,0,P,0.4439721908381099,0.4439721908381099,0,0,0,0,0,0.13982049535611313,0.03627746556510604,0.2329091863204439,0.02333348430688774,0.0116315592895591,0,0,0,0,0,-0.13982049535611313,-0.03627746556510604,-0.21635166122657348,-0.02468086132310166,-0.01352734524824565,0,-0.43065782871914,-0.43065782871914,-0.43065782871914,0,0,0,0,0,-7.215189873417728,-3.9795918367346976,-5.3840675551938135,-1.9305520217331025,-1.0035782219595963,-19.51297950903894,-19.51297950903894,NA,NA,NA,NA
Kevin Abel,CIN,pitcher,-2.751631181094091,NA,NA,NA,NA,NA,NA,NA,NA,8,0,0,6,5.29822,1.51917,0,0,0,0,0,0,0,0,0.01655752509387042,-0.00116724506079427,-0.00235493617307817,0.01303534385999797,0.01303534385999797,0,0,0,0,0,0,0,0,0,0,0,P,0.4439721908381099,0.4439721908381099,0,0,0,0,0,0.13982049535611313,0.03627746556510604,0.2329091863204439,0.02333348430688774,0.0116315592895591,0,0,0,0,0,-0.13982049535611313,-0.03627746556510604,-0.21635166122657348,-0.02450072936768201,-0.01398649546263727,0,-0.4309368469781119,-0.4309368469781119,-0.4309368469781119,0,0,0,0,0,-7.215189873417728,-3.9795918367346976,-5.3840675551938135,-1.9164619903455575,-1.0376420495115155,-19.53295330520331,-19.53295330520331,NA,NA,NA,NA
