team,n,total_salary,sgpar,PA,AB,H,HR,R,RBI,SB,AVG,IP,W,SV,SO,ER,WH,ERA,WHIP,hr_pts,r_pts,rbi_pts,sb_pts,avg_pts,w_pts,sv_pts,so_pts,era_pts,whip_pts,hit_pts,pit_pts,total_pts,rank,sim_num
WESTSIDE MARAUDERS,22,270,11.128192349624657,7253,6458,1667,254,934,905,171,0.25812945184267577,1321,83,32,1346,569.3737455555556,1626.8681760000002,3.879154965934898,1.2315429038607117,9,6,6,8,8,9,7,9,7,7,37,39,76,1,1
NATIONAL PASTIME,23,270,10.575616666867857,7556,6742,1722,248,934,899,137,0.2554138237911599,1201,76,84,1207,504.34898111111113,1448.26964,3.779467801831807,1.2058864612822648,7,6,5,5,6,7,9,7,10,9,29,42,71,2,1
LOUISVILLE SLUGGERS,23,181,10.622157246874423,7662,6856,1762,267,970,940,154,0.25700116686114355,1138,68,63,1137,491.2913977777778,1430.98419,3.885432847100176,1.2574553514938487,10,9,9,6,7,4,8,5,6,3,41,26,67,3,1
MELONHEADS,23,234,10.035854743597715,7318,6507,1631,250,917,909,161,0.2506531427693253,1289,80,27,1242,543.6627644444445,1582.1520200000002,3.795938619084562,1.2274259270752523,8,4,7,7,2,8,5,8,9,8,28,38,66,4,1
HOOSIERS,23,230,10.239137148696713,7806,6907,1732,254,993,950,217,0.25076009845084696,1180,71,24,1097,517.1610977777779,1469.85321,3.9444490508474583,1.245638313559322,9,10,10,10,3,5,4,4,4,6,42,23,65,5,1
BIG RED MACHINE,23,216,9.850329496062852,7685,6861,1746,254,950,939,135,0.2544818539571491,1247,75,27,1165,541.43915,1562.27851,3.907740457097033,1.2528295990376905,9,8,8,4,5,6,5,6,5,5,34,27,61,6,1
BLUE SOCKS,19,260,9.995642169525647,7312,6590,1711,225,919,890,187,0.25963581183611534,840,56,29,869,359.9943188888889,1006.03289,3.8570819880952385,1.1976582023809523,3,5,2,9,9,2,6,2,8,10,28,28,56,7,1
FREE BIRDS,23,244,9.2355193612979,7344,6544,1641,246,867,905,113,0.2507640586797066,1336,84,0,1356,590.260837777778,1679.92489,3.976308038922157,1.2574288098802395,6,2,6,1,4,10,3,10,3,4,19,30,49,8,1
ERIE LAKERS,23,202,8.17139679854641,7343,6557,1709,239,913,896,127,0.2606374866554827,1096,64,24,973,501.76581555555555,1429.91473,4.120339726277373,1.3046667244525547,4,3,4,2,10,3,4,3,1,1,23,12,35,9,1
FREE AT LAST,22,236,8.270720949758589,7585,6676,1663,240,935,894,128,0.24910125823846616,866,51,91,842,394.1168555555555,1126.84613,4.095902655889145,1.3012080023094688,5,7,3,3,1,1,10,1,2,2,19,16,35,9,1
WESTSIDE MARAUDERS,22,270,11.155547384585589,7393,6575,1670,264,934,926,143,0.2539923954372624,1287,82,43,1326,537.7332377777778,1580.7224060000003,3.7603722921522924,1.228222537684538,9,5,6,6,4,10,5,10,9,8,30,42,72,1,2
NATIONAL PASTIME,23,253,10.535235092053584,7755,6974,1792,261,955,944,142,0.2569544020648122,1213,77,52,1152,524.7354555555555,1518.3418599999998,3.8933380873866446,1.2517245342126957,8,7,10,5,7,8,7,6,7,6,37,34,71,2,2
LOUISVILLE SLUGGERS,23,190,10.632845149871509,7725,6963,1820,248,979,943,181,0.2613815883958064,1094,66,63,1061,488.06684333333334,1371.94495,4.01517512797075,1.25406302559415,5,9,9,9,10,4,10,5,3,4,42,26,68,3,2
MELONHEADS,23,243,10.165644766175262,7664,6817,1742,252,957,931,164,0.25553762652193046,1278,77,2,1271,552.9278822222223,1550.09733,3.8938583255086074,1.2129087089201878,6,8,7,8,6,8,1,8,6,9,35,32,67,4,2
HOOSIERS,23,242,10.3347061906245,7734,6849,1718,253,985,933,236,0.25083953861877645,1088,69,57,1055,461.39160000000004,1373.5634,3.816658455882353,1.2624663602941177,7,10,8,10,3,5,8,3,8,3,38,27,65,5,2
BIG RED MACHINE,23,210,9.826365984435759,7587,6710,1674,271,951,943,118,0.24947839046199702,1240,76,27,1207,540.5249588888889,1546.48135,3.923165024193549,1.2471623790322581,10,6,9,2,2,7,3,7,5,7,29,29,58,6,2
BLUE SOCKS,17,260,9.506416431764746,6366,5742,1483,202,795,776,159,0.25827237896203414,812,56,61,866,317.84592333333336,943.16337,3.522922795566503,1.1615312438423646,1,1,2,7,8,3,9,1,10,10,19,33,52,7,2
FREE BIRDS,23,256,9.343428526579387,7403,6569,1671,232,902,889,135,0.2543766174455777,1293,78,19,1295,569.9096088888889,1619.78792,3.9668882289249807,1.2527362103634958,2,3,4,4,5,9,2,9,4,5,18,29,47,8,2
ERIE LAKERS,23,194,8.162941895003584,7279,6460,1682,240,909,900,114,0.26037151702786376,981,56,47,945,452.7650866666667,1278.86035,4.153808134556575,1.3036293068297655,4,4,5,1,9,3,6,2,2,1,23,14,37,9,2
FREE AT LAST,22,221,8.304385620481249,7305,6439,1590,238,898,874,120,0.24693275353315733,1228,71,30,1056,567.5143677777778,1580.16145,4.159307255700326,1.2867764250814333,3,2,3,3,1,6,4,4,1,2,12,17,29,10,2
WESTSIDE MARAUDERS,23,264,11.117481594909943,7589,6752,1719,267,962,946,140,0.25459123222748814,1379,85,32,1347,594.2054233333333,1674.732546,3.878062951414068,1.2144543480783176,10,9,9,4,6,10,6,10,6,10,38,42,80,1,3
LOUISVILLE SLUGGERS,23,196,10.429008189574729,7403,6620,1711,253,954,903,169,0.25845921450151055,1089,67,63,1170,462.77336666666673,1338.0104000000001,3.8245732782369153,1.2286596877869607,6,7,5,7,9,3,9,7,10,8,34,37,71,2,3
BLUE SOCKS,22,260,10.316576885191077,7855,7095,1826,243,955,946,178,0.25736434108527134,1070,70,31,1092,465.81666555555563,1308.5814799999998,3.9180841028037388,1.2229733457943923,4,8,9,9,7,6,5,5,4,9,37,29,66,3,3
HOOSIERS,23,230,10.29862476001408,7830,6901,1727,258,1001,947,204,0.2502535864367483,1110,69,62,1050,473.15002666666675,1401.4829100000002,3.836351567567568,1.2625972162162165,8,10,10,10,1,5,8,3,8,3,39,27,66,3,3
NATIONAL PASTIME,23,260,10.541675807934071,7696,6930,1788,255,954,941,158,0.258008658008658,1218,75,52,1129,531.9378399999999,1504.88615,3.9305751724137923,1.235538711001642,7,7,8,6,8,7,7,6,3,6,36,29,65,4,3
MELONHEADS,23,237,10.082649216000016,7254,6457,1627,252,920,905,175,0.2519746012079913,1302,80,27,1239,553.3562533333334,1616.06069,3.8250432258064517,1.2412140476190476,5,5,6,8,4,8,2,8,9,5,28,32,60,5,3
BIG RED MACHINE,23,215,9.857365892943186,7531,6667,1675,264,949,930,128,0.25123743812809357,1111,68,76,1080,474.9117366666667,1397.8337000000001,3.8471697839783983,1.2581761476147617,9,6,7,2,2,4,10,4,7,4,26,29,55,6,3
FREE BIRDS,23,263,9.339128831205322,7442,6599,1674,225,887,879,130,0.2536747992120018,1338,83,11,1344,579.4777733333334,1652.73399,3.897832556053812,1.235227197309417,1,2,2,3,5,9,1,9,5,7,13,31,44,7,3
ERIE LAKERS,23,193,8.057770180477704,7260,6458,1682,240,905,898,114,0.26045215236915453,996,58,29,969,456.1454622222222,1287.3658500000001,4.121796345381526,1.2925359939759038,3,3,4,1,10,1,3,1,2,2,21,9,30,8,3
FREE AT LAST,22,231,8.130924032295523,7536,6677,1681,230,919,888,141,0.2517597723528531,1087,64,30,981,507.6493655555555,1429.0423499999997,4.203168620055197,1.3146663753449859,2,4,3,5,3,2,4,2,1,1,17,10,27,9,3
WESTSIDE MARAUDERS,22,270,11.092308911065691,7092,6307,1623,263,915,905,143,0.2573331219280165,1273,82,59,1288,533.3779644444444,1567.3767260000002,3.7709361194029842,1.2312464461901023,9,5,7,6,8,10,9,9,8,7,35,43,78,1,4
NATIONAL PASTIME,23,258,10.59436067786117,7818,7030,1797,264,959,952,141,0.25561877667140825,1217,75,52,1173,534.7357377777778,1497.48979,3.954496006573542,1.230476409202958,10,8,9,5,6,7,8,7,4,8,38,34,72,2,4
LOUISVILLE SLUGGERS,23,195,10.658297896628843,7492,6675,1710,258,969,917,179,0.25617977528089886,985,65,99,1046,415.2312166666667,1213.76824,3.793990812182741,1.2322520203045686,6,9,8,8,7,4,10,3,7,6,38,30,68,3,4
MELONHEADS,23,252,10.030747760670222,7304,6470,1628,240,917,884,180,0.2516228748068006,1238,76,19,1300,513.0529811111111,1481.2563,3.7297874232633275,1.1964913570274636,5,6,4,9,3,8,4,10,9,9,27,40,67,4,4
HOOSIERS,23,238,10.340626300302397,8126,7220,1822,261,1020,981,221,0.25235457063711914,1191,69,16,1051,515.3831577777778,1509.4218800000003,3.8945830562552484,1.2673567422334175,8,10,10,10,4,5,3,4,5,3,42,20,62,5,4
BIG RED MACHINE,23,209,9.797008157030612,7458,6646,1662,259,923,917,126,0.2500752332229913,1183,72,59,1130,509.61201000000005,1478.3421700000001,3.877014446322908,1.249655257819104,7,7,8,3,2,6,9,6,6,5,27,32,59,6,4
FREE BIRDS,23,250,9.342362635110694,7494,6654,1694,232,907,902,127,0.2545837090471897,1262,79,30,1259,566.233518888889,1596.7716400000002,4.038115427892235,1.2652707131537244,3,4,6,4,5,9,6,8,3,4,22,30,52,7,4
BLUE SOCKS,17,260,9.524628614399791,6822,6148,1596,213,849,832,163,0.25959661678594664,748,51,29,781,295.63081222222223,870.50353,3.5570552272727274,1.1637747727272727,2,2,2,7,9,2,5,1,10,10,22,28,50,8,4
ERIE LAKERS,23,191,8.176343066523867,7260,6458,1682,240,905,898,114,0.26045215236915453,1047,61,38,981,498.85242777777785,1380.5886799999998,4.288129751671443,1.3186138299904488,5,3,5,1,10,3,7,2,1,1,24,14,38,9,4
FREE AT LAST,22,215,8.193971249681436,7403,6541,1634,235,907,877,120,0.24980889772206086,1268,72,0,1125,586.6864844444444,1637.6727299999998,4.164178517350158,1.2915400078864352,4,4,3,2,1,6,2,5,2,2,14,17,31,10,4
LOUISVILLE SLUGGERS,23,188,10.501855231594211,7529,6738,1741,253,971,924,190,0.25838527753042445,1076,65,90,1042,467.7874122222222,1367.7841,3.9127199907063193,1.271174814126394,8,9,7,8,8,4,10,4,6,4,40,28,68,1,5
HOOSIERS,23,231,10.20035152637926,7633,6780,1710,248,959,933,199,0.252212389380531,1102,70,52,1086,460.4910866666667,1371.3961199999999,3.760816497277677,1.2444610889292196,5,8,8,10,4,5,8,5,8,6,35,32,67,2,5
WESTSIDE MARAUDERS,22,270,10.866052133032108,7113,6363,1629,247,900,890,151,0.256011315417256,1258,83,43,1335,521.9511855555556,1513.471346,3.734149976152624,1.2030773815580287,4,4,2,6,6,10,6,9,10,10,22,45,67,2,5
NATIONAL PASTIME,23,270,10.632582459524057,7283,6538,1655,251,898,903,148,0.2531355154481493,1208,76,84,1198,503.2794122222222,1458.75668,3.74959826986755,1.2075800331125828,7,3,5,5,5,7,9,7,9,9,25,41,66,3,5
MELONHEADS,23,238,9.874734678041593,7146,6342,1591,250,897,891,162,0.25086723431094293,1345,82,0,1337,578.2412533333334,1628.03447,3.869272327137547,1.2104345501858735,6,2,3,7,3,9,1,10,7,8,21,35,56,4,5
BIG RED MACHINE,23,199,9.796112204098558,7727,6846,1706,276,958,958,114,0.24919661115980135,1276,77,27,1164,560.0797688888889,1624.3119399999998,3.950405893416928,1.272971739811912,10,7,10,1,2,8,4,6,4,3,30,25,55,5,5
BLUE SOCKS,20,260,10.187748034933822,7479,6762,1776,220,938,892,192,0.2626441881100266,986,65,29,970,431.39854555555553,1205.38697,3.9377149188640974,1.2225019979716025,2,6,4,9,10,4,5,2,5,7,31,23,54,6,5
FREE BIRDS,23,257,9.336559935868767,7494,6652,1706,220,894,871,136,0.25646422128683105,1197,75,49,1223,526.6980244444445,1502.68667,3.960135522138681,1.2553773350041773,2,1,1,4,7,6,7,8,3,5,15,29,44,7,5
FREE AT LAST,22,226,8.214136027146749,8124,7140,1777,256,1004,948,134,0.2488795518207283,1019,55,17,899,485.1157488888889,1333.1982400000002,4.284633699705594,1.308339784102061,9,10,9,3,1,2,3,1,1,1,32,8,40,8,5
ERIE LAKERS,23,200,8.13143479334426,7432,6621,1724,245,935,913,127,0.26038362785077784,1047,60,10,980,478.3725266666667,1358.09785,4.112084756446992,1.2971326170009552,3,5,6,2,9,3,2,3,2,2,25,12,37,9,5
WESTSIDE MARAUDERS,23,266,11.156054729199088,7722,6857,1747,270,984,953,142,0.2547761411696077,1348,85,32,1313,579.3174655555556,1649.630676,3.867846580118695,1.2237616290801188,10,9,9,4,6,10,5,10,7,8,38,40,78,1,6
MELONHEADS,23,251,10.026898374132104,7377,6543,1658,250,925,903,176,0.25340058077334554,1173,74,41,1179,495.54006777777784,1418.22408,3.8020977067348682,1.2090571867007671,5,5,5,9,4,8,7,8,9,10,28,42,70,2,6
NATIONAL PASTIME,23,261,10.501337619368526,7598,6828,1759,253,938,928,152,0.2576157000585823,1114,72,84,1119,476.07614888888895,1379.90747,3.8462166427289057,1.2386961131059246,6,6,7,5,8,6,10,5,8,7,32,36,68,3,6
HOOSIERS,23,240,10.270733732784556,7943,7068,1788,259,993,975,204,0.2529711375212224,1185,73,13,1132,522.3767555555555,1475.3422100000003,3.967418396624472,1.2450145232067513,7,10,10,10,3,7,1,6,4,6,40,24,64,4,6
LOUISVILLE SLUGGERS,23,179,10.536126137487951,7442,6653,1695,260,955,916,164,0.2547722831805201,1084,65,80,1097,466.46738111111114,1363.36319,3.8728841605166053,1.2577151199261993,8,8,6,8,5,4,9,4,6,4,35,27,62,5,6
BIG RED MACHINE,23,212,9.813950928288662,7622,6768,1703,263,949,940,134,0.2516252955082742,1257,74,27,1174,547.4878733333334,1571.1510400000002,3.9199609069212413,1.2499212728719173,9,7,8,3,2,8,3,7,5,5,29,28,57,6,6
BLUE SOCKS,20,260,10.116684834249396,7332,6653,1720,221,893,889,163,0.25852998647226816,1068,70,29,1044,437.70649555555553,1291.6084700000001,3.688537883895131,1.2093712265917604,1,1,3,7,9,5,4,3,10,9,21,31,52,7,6
FREE BIRDS,23,254,9.313833068624676,7561,6718,1727,231,911,899,126,0.25707055671330753,1259,78,19,1270,559.3558,1594.66024,3.9985720413026216,1.2666086100079428,2,3,4,1,7,9,2,9,2,3,17,25,42,8,6
ERIE LAKERS,23,199,8.145251046541507,7177,6385,1662,236,901,881,128,0.2602975724353955,1014,60,36,984,447.65923666666674,1303.30478,3.9733068343195272,1.2853104339250492,3,2,2,2,10,2,6,1,3,2,19,14,33,9,6
FREE AT LAST,22,227,8.258149518174653,7347,6439,1589,237,922,868,156,0.246777449914583,1074,61,52,986,506.27630666666664,1395.2252700000001,4.242538882681564,1.299092430167598,4,4,1,6,1,3,8,2,1,1,16,15,31,10,6
NATIONAL PASTIME,23,261,10.505139391377414,7902,7119,1839,256,962,953,157,0.258322798145807,1133,73,63,1102,487.66826999999995,1420.09741,3.8737991438658423,1.2533957722859665,7,8,9,7,9,6,9,6,7,5,40,33,73,1,7
WESTSIDE MARAUDERS,22,270,11.206227261331433,7246,6459,1660,256,922,900,151,0.2570057284409351,1338,83,32,1380,573.8908622222223,1629.775726,3.860252436472347,1.2180685545590435,7,5,6,6,6,10,6,10,8,9,30,43,73,1,7
LOUISVILLE SLUGGERS,23,200,10.623964055824082,7836,7026,1810,266,989,953,169,0.25761457443780245,988,61,94,1010,435.1048044444444,1237.22739,3.9635053036437244,1.2522544433198382,8,9,9,9,7,3,10,3,4,6,42,26,68,2,7
HOOSIERS,23,238,10.357832518448744,7895,6991,1743,268,1011,972,224,0.2493205549992848,1174,72,16,1100,503.5194655555556,1477.1997999999999,3.8600299744463373,1.2582621805792162,9,10,10,10,1,5,3,5,9,4,40,26,66,3,7
MELONHEADS,23,234,10.065106503241783,7437,6604,1668,249,933,916,157,0.2525741974560872,1348,82,0,1317,586.0278777777778,1649.3632599999999,3.912649035608309,1.22356324925816,6,6,7,7,4,9,2,9,5,8,30,33,63,4,7
BIG RED MACHINE,23,204,9.792267764087203,7587,6710,1674,271,951,943,118,0.24947839046199702,1274,77,27,1194,550.78161,1616.49046,3.890921891679749,1.2688308163265305,10,7,8,2,2,8,5,7,6,3,29,29,58,5,7
FREE BIRDS,23,256,9.347152758198542,7260,6452,1651,225,893,876,130,0.2558896466212027,1208,75,57,1200,533.64169,1511.2570999999998,3.9758072930463584,1.251040645695364,3,3,4,5,5,7,7,8,3,7,20,32,52,6,7
BLUE SOCKS,17,260,9.506416431764746,6366,5742,1483,202,795,776,159,0.25827237896203414,812,56,61,866,317.84592333333336,943.16337,3.522922795566503,1.1615312438423646,2,1,2,8,8,1,8,1,10,10,21,30,51,7,7
ERIE LAKERS,23,187,8.167940739647802,7174,6351,1648,235,901,882,129,0.25948669500866006,1069,60,32,974,494.9977222222223,1380.58998,4.167427034611787,1.2914779981290925,5,4,5,4,10,2,6,2,1,1,28,12,40,8,7
FREE AT LAST,22,229,8.192976369739727,7284,6434,1609,230,886,865,119,0.2500777121541809,1170,69,19,1091,529.9367388888888,1497.9598899999999,4.0764364529914525,1.2803075982905983,4,2,3,3,3,4,4,4,2,2,15,16,31,9,7
WESTSIDE MARAUDERS,22,270,11.168976521343927,7666,6829,1745,280,974,967,139,0.25552789573876117,1197,76,32,1241,510.2733333333333,1453.4579360000002,3.8366416040100253,1.2142505730994153,10,9,9,3,6,7,7,9,7,9,37,39,76,1,8
LOUISVILLE SLUGGERS,23,194,10.632312872784224,7554,6750,1739,255,972,920,168,0.25762962962962965,1006,61,104,1007,427.32193777777786,1256.09462,3.822959681908549,1.2486030019880716,7,8,6,9,8,4,10,3,8,6,38,31,69,2,8
NATIONAL PASTIME,23,261,10.498996176801658,7664,6903,1767,258,926,937,140,0.2559756627553238,1218,77,52,1232,523.6523322222222,1497.1865300000002,3.8693522085385874,1.2292171839080461,8,5,8,4,7,8,8,8,6,7,32,37,69,2,8
MELONHEADS,23,243,10.086692400763598,7608,6771,1722,244,943,920,158,0.25431989366415597,1225,78,25,1209,506.9366344444444,1504.27446,3.7244324163265303,1.2279791510204083,4,6,6,7,4,9,4,7,9,8,27,37,64,3,8
HOOSIERS,23,230,10.367002783849697,8075,7160,1805,263,1019,989,220,0.2520949720670391,1201,71,18,1093,528.8439588888889,1524.66968,3.963027169025812,1.269500149875104,9,10,10,10,2,6,3,5,4,2,41,20,61,4,8
BIG RED MACHINE,23,211,9.856382337331247,7503,6661,1692,254,949,923,146,0.25401591352649755,1251,76,27,1192,548.0785488888889,1581.2376100000001,3.9430111430855317,1.2639789048760992,6,7,7,5,3,7,5,6,5,5,28,28,56,5,8
BLUE SOCKS,17,260,9.506416431764746,6366,5742,1483,202,795,776,159,0.25827237896203414,812,56,61,866,317.84592333333336,943.16337,3.522922795566503,1.1615312438423646,1,1,2,8,9,3,9,1,10,10,21,33,54,6,8
FREE BIRDS,23,247,9.326186209281708,7515,6660,1698,228,901,881,122,0.25495495495495496,1289,81,30,1271,575.9613900000002,1632.90671,4.021452684251359,1.266801171450737,2,2,4,2,5,10,6,10,3,4,15,33,48,7,8
ERIE LAKERS,23,197,8.156918234584662,7228,6439,1675,245,909,905,122,0.2601335611119739,1064,63,25,979,498.8704788888889,1382.56369,4.219769088345865,1.2994019642857142,5,4,5,2,10,5,4,2,1,1,26,13,39,8,8
FREE AT LAST,22,227,8.212993137405059,7214,6335,1559,236,904,859,157,0.24609313338595107,1149,63,27,1044,531.0117733333334,1457.63708,4.159361148825066,1.2686136466492601,3,3,3,6,1,5,5,4,2,3,16,19,35,9,8
WESTSIDE MARAUDERS,23,266,11.194090027153429,7617,6793,1739,258,961,941,159,0.25599882231709115,1350,86,32,1366,576.4213533333333,1662.7818260000001,3.8428090222222218,1.2316902414814817,7,8,8,7,6,10,5,10,7,7,36,39,75,1,9
HOOSIERS,23,234,10.359868048493556,7879,6972,1739,268,996,975,213,0.24942627653471028,1235,75,2,1160,528.6876255555557,1536.37685,3.8527843157894743,1.2440298380566803,10,10,10,10,2,6,1,6,6,6,42,25,67,2,9
NATIONAL PASTIME,23,260,10.390167185231956,7506,6736,1720,248,918,903,130,0.25534441805225655,1207,76,79,1174,505.60610444444444,1471.2874499999998,3.7700538028169013,1.2189622618061307,5,4,5,3,5,7,10,7,10,9,22,43,65,3,9
LOUISVILLE SLUGGERS,23,192,10.587822837923307,7676,6914,1790,264,981,961,174,0.25889499566097773,1116,65,63,1099,509.9207122222223,1414.12461,4.112263808243728,1.267136747311828,9,9,9,8,8,4,8,5,2,2,43,21,64,4,9
MELONHEADS,23,238,9.95513162822864,7199,6370,1608,260,912,908,155,0.2524332810047096,1310,80,14,1253,554.3638744444445,1605.99265,3.8086067709923666,1.2259485877862595,8,3,7,6,4,9,2,8,9,8,28,36,64,4,9
BIG RED MACHINE,23,212,9.722770114771738,7423,6604,1656,253,923,904,126,0.25075711689884916,1129,68,78,1089,478.3432944444445,1408.53534,3.8131883525243584,1.2475955181576615,6,6,6,2,3,5,9,4,8,5,23,31,54,5,9
BLUE SOCKS,19,260,9.998527423404566,7431,6694,1740,226,921,892,180,0.2599342694950702,840,56,29,869,359.9943188888889,1006.03289,3.8570819880952385,1.1976582023809523,2,5,3,9,10,1,3,1,5,10,29,20,49,6,9
FREE BIRDS,23,251,9.33142000578047,7449,6628,1697,224,895,885,136,0.2560350030175015,1253,79,30,1256,557.8874644444445,1587.3913100000002,4.007172529928172,1.2668725538707104,1,1,2,5,7,8,4,9,3,3,16,27,43,7,9
ERIE LAKERS,23,204,8.160439350585175,7197,6403,1663,233,896,876,122,0.25972200531001094,969,59,41,957,419.9344766666667,1222.2026400000004,3.9003202167182667,1.261303034055728,3,2,1,1,9,2,7,2,4,4,16,19,35,8,9
FREE AT LAST,22,227,8.283954369732452,7627,6709,1661,245,945,894,132,0.2475778804590848,1105,64,33,1011,522.2557400000001,1448.3988200000001,4.253666660633485,1.3107681628959278,4,7,4,4,1,3,6,3,1,1,20,14,34,9,9
WESTSIDE MARAUDERS,21,270,10.90566163708063,7533,6779,1762,249,948,933,163,0.25992034223336774,1063,68,32,1133,442.18031222222226,1271.0467760000001,3.7437655785512702,1.1957166284101601,7,6,8,8,8,4,5,8,8,10,37,35,72,1,10
NATIONAL PASTIME,23,257,10.526723239225646,7724,6936,1771,265,954,948,140,0.25533448673587084,1143,70,74,1127,500.50835,1409.9868000000004,3.9410106299212595,1.2335842519685043,10,8,10,5,5,6,9,7,5,6,38,33,71,2,10
HOOSIERS,23,230,10.258937793490842,7594,6726,1693,249,973,927,228,0.25170978293190605,1197,73,48,1084,506.7799377777779,1510.22897,3.8103754720133676,1.2616783375104428,7,10,7,10,3,8,7,4,7,4,37,30,67,3,10
MELONHEADS,23,232,10.056333500108892,7559,6691,1668,252,949,914,183,0.24929009116723957,1278,77,17,1257,554.72101,1565.4388299999998,3.906485985915493,1.2249130125195618,8,7,6,9,2,9,3,9,6,7,32,34,66,4,10
BIG RED MACHINE,23,210,9.874015832379149,7643,6776,1709,263,955,945,129,0.2522136953955136,1175,71,57,1110,518.1595277777778,1487.8664800000001,3.968881489361703,1.2662693446808513,9,9,9,4,4,7,8,6,4,3,35,28,63,5,10
LOUISVILLE SLUGGERS,23,197,10.317381365446092,7074,6362,1658,243,901,876,142,0.26060987110971395,1024,66,90,1099,424.2078966666667,1239.9426899999999,3.7283897167968756,1.2108815332031249,5,2,3,6,9,3,10,5,9,9,25,36,61,6,10
FREE BIRDS,23,256,9.266013573633387,7599,6730,1722,228,914,885,124,0.25586924219910845,1255,79,11,1286,556.64741,1557.38341,3.99189377689243,1.2409429561752987,3,3,5,3,6,10,2,10,3,5,20,30,50,7,10
BLUE SOCKS,19,260,9.982721470499438,6926,6251,1608,222,853,851,159,0.25723884178531436,1057,70,29,1047,434.1460188888889,1280.4184599999999,3.6966075402081358,1.2113703500473036,2,1,2,7,7,6,4,2,10,8,19,30,49,8,10
ERIE LAKERS,23,201,8.14971403787182,7387,6547,1710,246,929,914,109,0.26118833053306856,1031,59,41,920,485.0017377777778,1356.50292,4.2337688069835115,1.315715732298739,6,5,6,2,10,2,6,1,1,1,29,11,40,9,10
FREE AT LAST,22,221,8.206777340691723,7445,6558,1618,238,923,881,159,0.2467215614516621,1189,69,2,1071,546.44411,1554.37635,4.136246417157276,1.3072971825063078,4,4,4,7,1,5,1,3,2,2,20,13,33,10,10
WESTSIDE MARAUDERS,23,270,11.121813644833095,7400,6599,1709,256,948,922,148,0.25897863312623126,1354,86,32,1381,580.8217199999999,1656.1137860000001,3.8607056720827173,1.2231268729689808,7,7,7,6,9,10,6,10,7,8,36,41,77,1,11
NATIONAL PASTIME,23,256,10.57919140854841,7818,7030,1797,264,959,952,141,0.25561877667140825,1209,76,52,1168,523.5475788888889,1506.99976,3.897376517783292,1.246484499586435,8,9,8,5,6,8,7,6,6,6,36,33,69,2,11
HOOSIERS,23,243,10.406985133844403,8147,7227,1819,268,1029,1001,221,0.2516950325169503,1117,68,21,1048,473.45519555555563,1405.3174199999999,3.814768809310654,1.258117654431513,9,10,10,10,4,6,4,4,8,3,43,25,68,3,11
MELONHEADS,23,244,10.135144634945723,7497,6636,1668,250,936,911,166,0.2513562386980108,1307,80,0,1306,547.1760866666667,1588.73481,3.7678536954858455,1.2155583856159142,6,6,5,8,3,9,2,9,9,9,28,38,66,4,11
LOUISVILLE SLUGGERS,23,189,10.495351283456419,7224,6481,1677,243,921,878,194,0.2587563647585249,1094,68,93,1087,474.44581555555555,1348.1813300000001,3.9031191407678247,1.232341252285192,4,3,3,9,8,6,10,5,5,7,27,33,60,5,11
BIG RED MACHINE,23,205,9.831704970419421,7678,6811,1702,270,951,953,124,0.24988988401115841,1258,75,27,1194,557.3374466666667,1582.23483,3.987310826709062,1.2577383386327505,10,8,9,2,1,7,5,7,3,4,30,26,56,6,11
BLUE SOCKS,17,260,9.506416431764746,6366,5742,1483,202,795,776,159,0.25827237896203414,812,56,61,866,317.84592333333336,943.16337,3.522922795566503,1.1615312438423646,1,1,1,7,7,4,8,1,10,10,17,33,50,7,11
FREE BIRDS,23,256,9.357511092425499,7340,6504,1661,226,902,875,128,0.25538130381303814,1252,80,27,1290,549.6514811111113,1571.9269600000002,3.951168793929713,1.2555327156549523,2,2,2,3,5,9,5,8,4,5,14,31,45,8,11
ERIE LAKERS,23,189,8.2348885683265909,7359,6539,1699,248,923,919,118,0.2598256614161187,1154,65,17,1002,552.7369266666667,1518.7625000000003,4.310773258232236,1.3160853552859622,5,4,6,1,10,5,3,3,1,1,26,13,39,9,11
FREE AT LAST,22,230,8.204152134149307,7564,6681,1670,238,928,890,132,0.24996258045202813,957,54,71,892,436.39679000000007,1241.68962,4.104045047021945,1.2974813166144201,3,5,4,4,2,3,9,2,2,2,18,18,36,10,11
HOOSIERS,23,251,10.446081067111725,7800,6941,1740,274,988,981,215,0.25068433943235846,972,62,52,1011,395.6979822222222,1171.6152900000002,3.6638702057613166,1.2053655246913582,10,10,10,10,2,2,9,4,10,10,42,35,77,1,12
WESTSIDE MARAUDERS,23,268,11.181585110468694,7666,6852,1755,263,972,946,161,0.2561295971978984,1369,85,32,1344,592.3440411111111,1691.5938060000003,3.8941536669101535,1.2356419327976627,8,9,9,7,6,10,7,10,5,6,39,38,77,1,12
NATIONAL PASTIME,23,268,10.54807187148424,7583,6831,1776,233,931,901,159,0.25999121651295565,1250,78,52,1235,533.4184733333333,1531.6455,3.8406130079999996,1.2253164,4,6,4,6,9,8,9,8,7,7,29,39,68,2,12
LOUISVILLE SLUGGERS,23,188,10.338405523325077,7347,6573,1708,254,943,905,144,0.2598509052183174,1071,68,85,1111,457.04651333333334,1342.7229500000003,3.840727002801121,1.2537095704948649,7,7,5,4,8,5,10,5,6,5,31,31,62,3,12
MELONHEADS,23,242,10.01141368093047,7500,6669,1684,235,927,895,177,0.25251162093267354,1241,77,27,1217,527.3204033333334,1510.3824599999998,3.8242414423851736,1.2170688638195002,5,5,3,9,5,7,5,7,8,8,27,35,62,3,12
BLUE SOCKS,20,260,10.087309313171152,7535,6797,1752,235,925,911,176,0.2577607768133,947,64,29,960,394.6450788888889,1143.84602,3.750586810982049,1.2078627455121436,5,4,7,8,7,4,6,1,9,9,31,29,60,4,12
BIG RED MACHINE,23,203,9.79390685710751,7622,6768,1703,266,947,942,124,0.2516252955082742,1290,76,27,1177,569.8594122222223,1626.7691,3.9757633410852717,1.2610613178294574,9,8,8,2,4,6,5,6,3,4,31,24,55,5,12
FREE BIRDS,23,240,9.039712378468625,7194,6366,1600,231,872,860,126,0.2513352183474709,1285,80,32,1292,566.342138888889,1625.8785300000002,3.966598638132297,1.2652751206225683,3,1,1,3,3,9,7,9,4,3,11,32,43,6,12
ERIE LAKERS,23,189,8.056141649694508,7240,6432,1678,243,915,907,109,0.26088308457711445,1126,62,19,1004,522.9956211111112,1480.01262,4.1802491918294855,1.3143984191829485,6,3,6,1,10,2,4,3,2,1,26,12,38,7,12
FREE AT LAST,22,229,8.149034039421908,7270,6369,1580,229,913,861,150,0.24807662113361595,1087,63,46,986,514.9056822222223,1406.97075,4.263248518859245,1.294361315547378,2,2,2,5,1,3,8,2,1,2,12,16,28,8,12
WESTSIDE MARAUDERS,23,266,11.113102029123661,7470,6662,1697,278,946,951,139,0.25472830981687183,1347,85,32,1364,583.2301199999999,1641.0535760000002,3.896860489977728,1.2183025805493692,10,8,9,3,6,10,6,10,6,8,36,40,76,1,13
LOUISVILLE SLUGGERS,23,203,10.6664092428488,7590,6833,1807,247,976,925,178,0.2644519244841212,986,62,96,1011,421.18323444444445,1236.08128,3.8444717139959437,1.2536321298174444,5,9,6,9,10,5,10,4,8,6,39,33,72,2,13
NATIONAL PASTIME,23,263,10.596357229963253,7769,7004,1806,253,939,942,151,0.2578526556253569,1197,77,52,1213,518.8573233333334,1479.19972,3.9011828822055143,1.2357558228905599,7,6,8,6,7,8,8,7,5,7,34,35,69,3,13
HOOSIERS,23,228,10.388482332626435,8021,7099,1782,268,1018,983,205,0.25102127060149315,1306,76,0,1169,580.1716766666666,1668.00781,3.9981202833078098,1.2771882159264931,8,10,10,10,3,7,3,6,3,2,41,21,62,4,13
MELONHEADS,23,247,10.059381061233799,7507,6666,1681,241,935,908,169,0.25217521752175215,1233,76,27,1231,521.5055033333334,1490.63319,3.806609513381996,1.2089482481751825,4,5,4,8,4,7,4,8,9,9,25,37,62,4,13
BIG RED MACHINE,23,205,9.725460504358766,7518,6668,1647,271,944,933,123,0.24700059988002399,1207,71,46,1152,518.1233211111112,1514.93495,3.8633884755592383,1.255124233637117,9,7,7,2,2,6,7,5,7,5,27,30,57,5,13
BLUE SOCKS,18,260,9.689448423952667,6808,6142,1600,208,848,828,160,0.2605014653207424,901,61,29,906,361.77883222222226,1079.82742,3.613773018867925,1.198476603773585,1,1,1,7,9,4,5,2,10,10,19,31,50,6,13
FREE BIRDS,23,249,9.314463817560263,7396,6572,1674,226,894,876,143,0.25471698113207547,1338,83,0,1342,592.7039977777778,1690.02211,3.986798191330344,1.2630957473841555,2,2,3,4,5,9,3,9,4,4,16,29,45,7,13
ERIE LAKERS,23,191,8.174322060316152,7340,6537,1699,248,919,917,118,0.2599051552700015,1042,60,27,965,486.2957,1350.77826,4.200250767754318,1.296332303262956,6,4,5,1,8,3,4,3,1,1,24,12,36,8,13
FREE AT LAST,22,231,8.19164627314615,7256,6328,1555,232,901,843,146,0.24573324905183314,957,57,92,881,429.56525555555555,1212.58607,4.0397986415882965,1.2670700835945665,3,3,2,5,1,2,9,1,2,3,14,17,31,9,13
WESTSIDE MARAUDERS,23,259,10.837026364187876,7568,6728,1682,278,954,947,132,0.25,1258,79,51,1307,528.2059866666667,1537.239666,3.778898155802862,1.2219711176470587,10,8,9,5,2,8,8,9,8,7,34,40,74,1,14
NATIONAL PASTIME,23,270,10.397015821939137,7461,6688,1721,240,913,885,136,0.25732655502392343,1183,75,84,1208,489.3468866666667,1426.03508,3.7228419103972947,1.2054396280642434,4,3,2,6,7,7,10,7,10,10,22,44,66,2,14
HOOSIERS,23,231,10.348141062025816,7839,6954,1745,262,1004,965,224,0.25093471383376476,1212,72,19,1110,527.6065422222222,1537.6933,3.917870363036303,1.2687238448844884,9,10,10,10,3,6,5,5,4,3,42,23,65,3,14
MELONHEADS,23,237,10.101277151537719,7318,6480,1636,255,925,912,176,0.25246913580246916,1354,81,0,1301,586.15776,1650.3241699999999,3.896174180206795,1.2188509379615953,8,5,5,9,5,9,3,8,5,8,32,33,65,3,14
BIG RED MACHINE,23,215,9.841595240218545,7566,6757,1701,255,931,931,123,0.25173893739825365,1081,67,84,1047,462.1375744444445,1351.28495,3.8475838760407037,1.250032331174838,8,7,8,4,4,5,10,4,7,5,31,31,62,4,14
BLUE SOCKS,18,260,9.935185017737268,7466,6750,1777,227,929,914,166,0.26325925925925925,701,49,29,713,290.37149888888894,847.67342,3.72802209700428,1.20923455064194,2,6,6,7,10,3,6,1,9,9,31,28,59,5,14
LOUISVILLE SLUGGERS,23,194,10.371290227274915,7190,6448,1665,242,919,878,175,0.2582196029776675,1106,72,63,1170,474.4932655555556,1367.47758,3.861156772151899,1.2364173417721518,5,4,1,8,8,6,9,6,6,6,26,33,59,5,14
FREE BIRDS,23,248,9.282985670147298,7421,6582,1672,233,898,888,117,0.2540261318748101,1359,84,0,1345,605.1062066666667,1704.26338,4.00732587196468,1.2540569389256808,3,1,3,3,6,10,3,10,3,4,16,30,46,6,14
FREE AT LAST,22,226,8.336180178451137,7921,6967,1729,249,973,926,166,0.24816994402181713,1058,59,16,914,497.6111255555556,1367.39415,4.232986890359169,1.2924330340264651,7,9,7,7,1,4,4,2,1,2,31,13,44,7,14
ERIE LAKERS,23,196,8.163148497929589,7254,6458,1684,243,911,906,114,0.260761845772685,1033,59,47,949,481.2672177777778,1363.86829,4.1930348112294284,1.3202984414327201,6,2,4,2,9,4,7,3,2,1,23,17,40,8,14
WESTSIDE MARAUDERS,23,264,11.182343956135043,7407,6594,1683,266,944,931,157,0.2552320291173794,1368,85,32,1350,590.6449466666667,1663.5425360000002,3.8858220175438594,1.216039865497076,10,8,8,6,5,10,7,10,6,9,37,42,79,1,15
LOUISVILLE SLUGGERS,23,194,10.352235600876387,7263,6514,1682,252,938,904,162,0.2582130795210316,980,63,104,1083,409.3148266666667,1204.66594,3.7590137142857145,1.2292509591836736,6,6,5,8,9,4,10,6,9,7,34,36,70,2,15
NATIONAL PASTIME,23,260,10.555342245830758,7660,6875,1774,256,943,943,146,0.2580363636363636,1232,77,52,1190,536.4091877777778,1526.0281300000001,3.918573612012987,1.2386591964285716,7,7,9,5,8,7,8,7,5,6,36,33,69,3,15
HOOSIERS,23,233,10.409407029527303,7993,7079,1776,260,1014,963,229,0.2508828930639921,1173,69,30,1075,512.51827,1498.83083,3.9323652429667524,1.277775643648764,9,10,10,10,3,6,6,4,4,3,42,23,65,4,15
MELONHEADS,23,243,10.064377113006161,7402,6549,1638,250,948,900,186,0.25011452130096196,1323,82,0,1305,564.6614633333334,1613.83493,3.841234444444445,1.2198298790627362,5,9,3,9,1,9,4,9,7,8,27,37,64,5,15
BIG RED MACHINE,23,216,9.79398269958348,7454,6617,1657,259,936,911,133,0.2504155961916276,1094,67,86,1077,462.75099333333344,1363.60608,3.8069094515539312,1.2464406581352834,8,5,6,3,2,5,9,5,8,5,24,32,56,6,15
BLUE SOCKS,18,260,9.726760746254811,6926,6251,1608,222,853,851,159,0.25723884178531436,884,59,29,921,359.0344655555556,1037.59585,3.6553282692307696,1.1737509615384614,1,1,1,7,7,2,5,1,10,10,17,28,45,7,15
FREE BIRDS,23,249,9.335914323390735,7617,6760,1728,234,911,902,107,0.2556213017751479,1262,79,30,1249,563.4320211111112,1592.28626,4.01813644215531,1.2617165293185422,3,2,4,1,6,8,6,8,3,4,16,29,45,7,15
ERIE LAKERS,23,191,8.187994068733191,7464,6634,1729,243,925,917,113,0.2606270726560145,1173,67,0,1021,555.9390177777777,1557.0633400000004,4.265516760443307,1.3274197271952262,4,4,7,2,10,5,4,3,1,1,27,14,41,8,15
FREE AT LAST,22,229,8.24110140338752,7536,6677,1681,230,919,888,141,0.2517597723528531,1082,62,30,996,493.3779077777778,1394.04543,4.103882781885398,1.2883968853974122,2,3,2,4,4,3,6,2,2,2,15,15,30,9,15
WESTSIDE MARAUDERS,23,266,11.238041917832,7421,6597,1689,267,952,932,168,0.25602546612096405,1387,87,32,1354,591.56884,1709.4053460000002,3.838586560922855,1.2324479783705842,9,8,7,8,6,10,5,10,7,7,38,39,77,1,16
HOOSIERS,23,233,10.338584403902725,7839,6924,1736,260,1003,955,211,0.2507221259387637,1123,71,33,1121,468.74842777777775,1415.97795,3.7566659394479074,1.2608886464826357,8,10,10,10,2,6,6,5,9,4,40,30,70,2,16
MELONHEADS,23,246,10.12054529896789,7722,6825,1731,248,973,919,170,0.25362637362637364,1232,74,19,1236,519.6579844444445,1499.62016,3.7962028084415587,1.2172241558441559,5,9,6,9,4,7,2,9,8,9,33,35,68,3,16
NATIONAL PASTIME,23,255,10.53226920891306,7681,6927,1785,253,946,937,157,0.2576873105240364,1196,76,52,1177,526.339248888889,1491.4509699999999,3.960746856187292,1.24703258361204,6,6,8,6,8,8,7,6,3,6,34,30,64,4,16
LOUISVILLE SLUGGERS,23,189,10.497154520441489,7354,6615,1700,258,931,916,155,0.25699168556311414,1067,65,85,1078,462.72960111111115,1303.7582599999998,3.903061302717901,1.2218915276476099,7,5,5,5,7,4,10,4,6,8,29,32,61,5,16
BIG RED MACHINE,23,201,9.81396993064015,7587,6710,1674,271,951,943,118,0.24947839046199702,1312,77,27,1204,573.3113677777778,1669.7348500000003,3.932776150914635,1.2726637576219515,10,7,9,2,1,9,3,7,5,3,29,27,56,6,16
BLUE SOCKS,17,260,9.506416431764746,6366,5742,1483,202,795,776,159,0.25827237896203414,812,56,61,866,317.84592333333336,943.16337,3.522922795566503,1.1615312438423646,2,1,2,7,9,2,9,1,10,10,21,32,53,7,16
FREE BIRDS,23,259,9.361230815712123,7379,6551,1667,230,892,886,131,0.2544649671805831,1183,74,57,1210,519.7091644444446,1478.5355,3.9538313440405757,1.2498186813186813,3,2,3,3,5,7,8,8,4,5,16,32,48,8,16
ERIE LAKERS,23,196,8.158429072478382,7445,6621,1722,244,924,916,116,0.260081558676937,1044,60,28,934,487.94031333333334,1374.42072,4.206382011494252,1.3164949425287358,4,4,5,1,10,3,4,2,2,1,24,12,36,9,16
FREE AT LAST,22,235,8.24100754719497,7536,6677,1681,230,919,888,141,0.2517597723528531,1153,67,11,1048,543.9204133333333,1476.4125999999999,4.2456927320034685,1.2804966175195143,3,3,4,4,3,5,1,3,1,2,17,12,29,10,16
WESTSIDE MARAUDERS,23,269,11.23357499157835,7610,6798,1729,280,955,964,145,0.254339511621065,1353,84,32,1348,576.3910322222223,1657.680296,3.8340866888396157,1.2251886888396157,10,8,9,5,6,10,5,10,8,8,38,41,79,1,17
LOUISVILLE SLUGGERS,23,203,10.765123995531951,7560,6798,1786,245,973,926,178,0.2627243306854957,1068,68,77,1037,457.74672444444445,1317.18708,3.8574162172284643,1.233321235955056,6,9,7,9,10,5,9,3,5,6,41,28,69,2,17
MELONHEADS,23,240,10.177011383798128,7528,6680,1689,246,949,920,169,0.2528443113772455,1356,84,0,1309,581.1393788888888,1671.73638,3.8571197713864303,1.2328439380530973,7,7,6,7,5,10,2,9,6,7,32,34,66,3,17
NATIONAL PASTIME,22,270,10.385871028654273,7239,6478,1680,228,896,858,146,0.25933930225378204,1253,80,52,1277,525.37393,1521.1198800000002,3.7736355706304865,1.2139823463687152,2,4,2,6,8,8,7,8,9,9,22,41,63,4,17
HOOSIERS,23,226,10.290249936889982,8136,7214,1803,271,1026,996,201,0.2499306903243693,1156,68,30,1061,509.8513411111112,1465.55044,3.9694308564013845,1.267777197231834,9,10,10,10,2,5,4,4,4,4,41,21,62,5,17
BIG RED MACHINE,23,216,9.767828468237754,7531,6667,1675,267,947,932,118,0.25123743812809357,1147,70,54,1127,489.11285222222233,1427.7496600000002,3.837851499564081,1.2447686660854405,8,6,8,1,3,7,8,6,7,5,26,33,59,6,17
BLUE SOCKS,18,260,9.720298924619566,6975,6288,1627,215,867,836,176,0.2587468193384224,684,48,80,760,271.37971000000005,797.86441,3.5707856578947377,1.1664684356725146,1,2,1,8,7,3,10,1,10,10,19,34,53,7,17
FREE BIRDS,23,245,9.349869252411926,7285,6472,1630,234,877,883,144,0.25185414091470953,1296,81,30,1276,573.3513211111112,1652.43902,3.9816063966049393,1.2750301080246913,3,3,4,4,4,9,4,7,3,3,18,26,44,8,17
ERIE LAKERS,23,196,8.152160879861727,7259,6475,1692,244,908,907,121,0.2613127413127413,1000,56,44,933,462.4799266666667,1301.66274,4.16231934,1.30166274,5,5,5,2,9,4,6,2,2,1,26,15,41,9,17
FREE AT LAST,22,216,8.00521895934697,7333,6439,1589,237,908,865,140,0.246777449914583,1201,69,2,1106,566.5887477777777,1550.13448,4.245877377185678,1.2907031473771857,4,5,3,3,1,6,3,5,1,2,16,17,33,10,17
WESTSIDE MARAUDERS,23,263,11.133063320572735,7582,6770,1734,262,958,942,151,0.25612998522895125,1363,85,32,1346,589.5253822222222,1665.498296,3.892684108584006,1.2219356537050623,10,8,10,6,6,10,6,10,5,8,40,39,79,1,18
HOOSIERS,23,242,10.293366375182563,7734,6856,1719,255,975,942,197,0.2507292882147025,1140,73,43,1092,487.0970711111112,1408.1836199999998,3.8455031929824566,1.235248789473684,8,10,10,10,2,6,7,4,7,6,40,30,70,2,18
LOUISVILLE SLUGGERS,23,192,10.399012155763993,7417,6625,1718,250,959,905,154,0.25932075471698113,1121,71,63,1151,484.83948333333336,1404.17775,3.892556066012489,1.2526117305976807,7,9,6,7,9,5,9,6,6,5,38,31,69,3,18
NATIONAL PASTIME,23,267,10.59399920111055,7702,6938,1787,242,931,918,147,0.25756702219659844,1273,79,52,1235,541.1090711111111,1560.8067,3.825594375490966,1.2260853888452474,5,5,8,4,8,8,8,8,8,7,30,39,69,3,18
MELONHEADS,23,251,10.007365339573019,7377,6543,1658,250,925,903,176,0.25340058077334554,1105,69,63,1123,463.93615666666676,1332.65588,3.7786655294117653,1.2060234208144796,7,4,5,8,5,4,9,5,9,10,29,37,66,4,18
BIG RED MACHINE,23,213,9.826185802372228,7559,6704,1691,261,951,936,136,0.25223747016706444,1231,74,27,1192,533.9892977777779,1550.6199400000003,3.9040647278635268,1.259642518277823,9,7,9,3,3,7,3,7,4,4,31,25,56,5,18
BLUE SOCKS,20,260,10.084424059292234,7416,6693,1723,234,923,909,183,0.2574331391005528,947,64,29,960,394.6450788888889,1143.84602,3.750586810982049,1.2078627455121436,2,3,7,9,7,2,4,2,10,9,28,27,55,6,18
FREE BIRDS,23,245,9.232685877971653,7208,6410,1621,237,868,885,124,0.2528861154446178,1314,81,30,1269,587.5484677777779,1658.9340000000002,4.024304573820396,1.2625068493150686,3,1,4,2,4,9,5,9,3,3,14,29,43,7,18
ERIE LAKERS,23,195,8.060966419318534,7240,6440,1681,243,910,903,120,0.2610248447204969,877,50,72,855,397.09019333333333,1148.41394,4.07504189281642,1.3094799771949828,6,2,5,1,10,1,10,1,2,1,24,15,39,8,18
FREE AT LAST,22,219,8.17278994734782,7557,6631,1643,240,938,877,148,0.24777559945709546,1205,66,2,1075,558.4833288888889,1569.2812800000002,4.171244780082987,1.3023081161825727,4,6,3,5,1,3,2,3,1,2,19,11,30,9,18
WESTSIDE MARAUDERS,21,270,10.958422972256747,7288,6495,1666,268,931,920,133,0.2565050038491147,1149,74,43,1179,486.60866999999996,1380.775916,3.8115561618798948,1.201719683202785,10,6,8,4,8,6,5,6,8,10,36,35,71,1,19
NATIONAL PASTIME,23,266,10.491862016782637,7657,6867,1752,249,924,911,132,0.25513324595893405,1277,82,52,1273,534.3249866666666,1560.82431,3.765798653093187,1.2222586609240407,6,4,4,3,7,10,6,10,10,7,24,43,67,2,19
LOUISVILLE SLUGGERS,23,180,10.471641522731547,7470,6676,1702,260,954,915,169,0.2549430796884362,1132,68,63,1137,487.6966411111112,1422.37706,3.8774467932862198,1.2565168374558304,9,8,7,7,6,4,9,4,6,5,37,28,65,3,19
MELONHEADS,23,240,10.015690335732332,7436,6609,1683,243,928,913,153,0.2546527462551067,1259,77,22,1272,545.235148888889,1531.36032,3.8976301350278004,1.2163306751389993,5,5,6,6,5,9,3,9,5,9,27,35,62,4,19
BIG RED MACHINE,23,218,9.8389922315941,7587,6733,1710,256,953,932,139,0.25397296895885935,1213,74,27,1182,521.9620677777779,1524.6619600000001,3.8727606018136855,1.25693483924155,8,7,9,5,4,6,4,7,7,4,33,28,61,5,19
HOOSIERS,23,224,10.262348714706373,7919,7039,1777,255,992,960,227,0.25245063219207275,1315,76,2,1173,597.5041466666667,1686.58192,4.089381992395436,1.2825718022813688,7,10,10,10,2,8,1,5,2,2,39,18,57,6,19
BLUE SOCKS,20,260,10.122715305210576,6975,6288,1627,215,867,836,176,0.2587468193384224,1050,70,61,1051,440.6504066666667,1280.29348,3.777003485714286,1.2193271238095238,2,1,1,9,9,5,8,3,9,8,22,33,55,7,19
FREE AT LAST,22,233,8.217307787243955,7676,6762,1679,241,967,912,172,0.24829931972789115,821,46,66,766,365.0782311111111,1052.97323,4.002075615103532,1.282549610231425,4,9,5,8,1,2,10,1,3,3,27,19,46,8,19
FREE BIRDS,23,255,9.307886167339127,7341,6515,1652,240,890,897,113,0.25356868764389867,1187,75,57,1201,525.0382488888889,1490.47901,3.9809134288121317,1.2556689216512216,3,2,2,1,3,7,7,8,4,6,11,32,43,9,19
ERIE LAKERS,23,196,8.138127221592875,7240,6440,1681,243,910,903,120,0.2610248447204969,1133,67,8,1003,525.8581455555556,1471.1771200000003,4.177160909090909,1.2984793645189765,5,3,3,2,10,3,2,2,1,1,23,9,32,10,19
WESTSIDE MARAUDERS,23,263,11.184299092893854,7582,6729,1704,263,964,938,172,0.25323227819884087,1385,85,32,1351,601.4849633333333,1695.519516,3.908566548736462,1.2242018166064983,10,7,6,7,4,10,6,9,5,7,34,37,71,1,20
BLUE SOCKS,19,260,9.917111474982699,7908,7127,1829,247,967,954,178,0.25662971797390205,620,43,48,675,249.16459888888892,725.20457,3.616905467741936,1.1696847903225807,5,9,10,9,7,2,7,1,10,10,40,30,70,2,20
HOOSIERS,23,238,10.295039890921572,7725,6826,1717,252,987,941,224,0.2515382361558746,959,63,88,976,393.7739811111111,1185.18785,3.695480531803962,1.2358580291970802,7,10,7,10,2,4,9,2,9,6,36,30,66,3,20
LOUISVILLE SLUGGERS,23,189,10.466275457503876,7567,6808,1780,260,964,944,137,0.26145710928319627,947,57,112,980,408.81433777777784,1181.24971,3.885247138331574,1.2473597782470962,8,7,8,4,10,3,10,3,6,5,37,27,64,4,20
BIG RED MACHINE,23,211,9.873070084317185,7713,6858,1746,261,966,946,140,0.2545931758530184,1218,73,27,1151,533.3966911111112,1553.3487,3.9413548604269297,1.2753273399014777,9,8,9,5,6,7,5,6,4,3,37,25,62,5,20
MELONHEADS,23,236,10.068623542890249,7185,6392,1610,251,917,899,177,0.2518773466833542,1360,84,0,1318,582.9697,1663.9709799999998,3.857887720588235,1.2235080735294117,6,5,4,8,3,9,3,8,7,8,26,35,61,6,20
NATIONAL PASTIME,21,270,10.321557202979132,6756,6078,1580,215,830,810,143,0.25995393221454427,1183,75,84,1208,489.3468866666667,1426.03508,3.7228419103972947,1.2054396280642434,1,2,1,6,9,8,8,7,8,9,19,40,59,7,20
FREE BIRDS,23,253,9.366057558248714,7428,6612,1681,233,887,888,122,0.2542347247428917,1367,84,0,1360,612.0290744444445,1706.4535,4.029452574981712,1.2483200438917337,2,3,3,3,5,9,3,10,3,4,16,29,45,8,20
ERIE LAKERS,23,193,8.174497653729174,7336,6524,1693,243,911,908,114,0.25950337216431635,1190,68,0,1044,561.9331344444445,1566.9542800000002,4.249914462184874,1.3167683025210086,3,4,5,1,8,5,3,4,1,1,21,14,35,9,20
FREE AT LAST,22,225,8.243611278477617,7550,6619,1629,246,939,885,121,0.24610968424233268,1218,71,2,1101,554.00935,1579.2624999999998,4.093665147783252,1.2966030377668307,4,6,2,2,1,6,4,5,2,2,15,19,34,10,20
WESTSIDE MARAUDERS,23,267,11.15403280087644,7421,6597,1689,267,952,932,168,0.25602546612096405,1310,83,46,1305,557.1670677777778,1606.4992660000003,3.827865351145038,1.226335317557252,9,6,8,8,6,10,7,9,7,8,37,41,78,1,21
NATIONAL PASTIME,23,270,10.54301812652698,7577,6805,1758,239,932,907,152,0.2583394562821455,1251,78,52,1241,528.9828688888889,1532.226,3.8056321502797767,1.224800959232614,6,5,5,5,7,9,8,8,9,10,28,44,72,2,21
LOUISVILLE SLUGGERS,23,188,10.483304189967093,7564,6796,1762,267,967,952,150,0.25927015891701,1037,61,80,1060,449.3375144444445,1279.96433,3.899746991321119,1.234295400192864,9,7,10,4,9,5,10,3,6,7,39,31,70,3,21
MELONHEADS,23,243,10.041239940848113,7503,6686,1692,246,932,916,161,0.2530661082859707,1189,74,41,1205,498.9369044444445,1457.31603,3.7766460386879737,1.2256652901597982,7,5,6,7,4,7,5,7,10,9,29,38,67,4,21
HOOSIERS,23,234,10.199811416907643,7713,6842,1716,249,973,936,215,0.2508038585209003,1141,70,43,1119,499.2701188888888,1418.5867199999998,3.938151682734443,1.2432837160385626,8,9,9,10,3,6,6,4,4,5,39,25,64,5,21
BLUE SOCKS,21,260,10.258897232225541,6856,6184,1598,214,865,834,183,0.25840879689521346,1195,78,61,1172,507.62098333333336,1483.83014,3.8230869037656903,1.2416988619246863,4,2,2,9,8,9,9,5,8,6,25,37,62,6,21
BIG RED MACHINE,23,209,9.883517228211998,7720,6815,1702,277,971,952,110,0.24974321349963316,1240,76,27,1189,539.9712622222223,1564.82905,3.919146258064517,1.2619589112903227,10,8,10,1,2,8,2,6,5,3,31,24,55,7,21
FREE BIRDS,23,249,9.258645714882771,7487,6664,1689,228,885,884,132,0.2534513805522209,1351,83,0,1351,603.2689077777778,1687.7793400000003,4.018815817912658,1.2492815247964473,5,3,3,3,5,10,1,10,2,4,19,27,46,8,21
ERIE LAKERS,23,197,8.018425540668495,7205,6406,1668,246,904,903,117,0.2603808929128942,992,59,28,938,442.2018422222222,1277.3863500000002,4.011911875,1.2876878528225808,7,4,4,2,10,4,3,2,3,2,27,14,41,9,21
FREE AT LAST,22,231,8.14155649741127,7935,6990,1743,246,980,925,153,0.24935622317596567,994,57,35,821,472.6664433333333,1302.31284,4.2796760462776655,1.310173883299799,7,10,7,6,1,3,4,1,1,1,31,10,41,9,21
WESTSIDE MARAUDERS,23,268,11.059672301812116,7383,6599,1695,261,928,927,132,0.2568570995605395,1337,85,32,1345,572.8332366666666,1616.8403660000001,3.8560202916978303,1.2093046866118176,8,6,7,4,6,10,5,10,7,9,31,41,72,1,22
LOUISVILLE SLUGGERS,23,193,10.549876382642061,7850,7013,1801,264,1014,951,175,0.2568087836874376,992,60,73,1022,428.6806911111112,1222.40159,3.889240141129033,1.2322596673387096,9,10,10,7,5,3,10,4,5,7,41,29,70,2,22
NATIONAL PASTIME,23,259,10.472503653280892,7521,6756,1739,250,929,917,154,0.257400828892836,1236,78,52,1231,538.6544266666667,1519.42109,3.922240970873787,1.2293050889967638,7,7,5,6,8,7,7,7,4,8,33,33,66,3,22
HOOSIERS,23,249,10.518202099515666,7804,6913,1761,248,991,945,209,0.25473745117893826,1220,76,25,1160,511.55430666666666,1523.3147900000001,3.7737612786885246,1.248618680327869,5,9,9,10,4,6,3,6,9,4,37,28,65,4,22
BIG RED MACHINE,23,212,9.731582732865743,7552,6695,1674,273,943,944,107,0.25003734129947724,1175,70,46,1159,502.79985777777785,1465.9153000000001,3.8512329531914897,1.2475874893617023,10,8,8,2,2,5,6,5,8,5,30,29,59,5,22
BLUE SOCKS,19,260,9.971338957820626,7535,6797,1752,235,925,911,176,0.2577607768133,746,51,56,793,310.9084766666667,880.0892299999999,3.7509065549597853,1.1797442761394101,3,5,4,8,9,1,8,1,10,10,29,30,59,5,22
MELONHEADS,23,237,9.926110700424838,7377,6547,1644,244,922,894,183,0.2511073774247747,1349,83,0,1290,578.2380866666666,1662.97489,3.857778191252779,1.2327463973313566,4,3,3,9,3,9,1,9,6,6,22,31,53,6,22
FREE BIRDS,23,254,9.374863296328567,7260,6444,1656,221,892,869,143,0.2569832402234637,1292,82,30,1271,573.1494600000001,1634.7815,3.9925271981424157,1.2653107585139318,1,2,2,5,7,8,4,8,3,3,17,26,43,7,22
ERIE LAKERS,23,188,8.222223080625154,7366,6551,1700,249,923,922,117,0.2595023660509846,1182,65,16,992,557.1454166666667,1568.4610200000002,4.242223984771574,1.3269551776649748,6,4,6,3,10,4,2,3,1,1,29,11,40,8,22
FREE AT LAST,22,223,7.989430414314946,7214,6351,1564,233,883,854,143,0.24626043142812157,1007,59,71,974,455.99273444444447,1307.30455,4.075406762661371,1.2982170307845085,2,1,1,5,1,2,9,2,2,2,10,17,27,9,22
WESTSIDE MARAUDERS,23,267,11.183777877309558,7575,6747,1727,276,957,955,136,0.25596561434711723,1353,84,32,1358,586.1614999999999,1646.4998660000003,3.8990787139689576,1.2169252520325207,10,7,9,4,6,9,5,10,6,8,36,38,74,1,23
LOUISVILLE SLUGGERS,23,199,10.371846292327596,7459,6701,1746,246,959,909,175,0.2605581256528876,889,57,113,992,367.65228777777776,1090.79288,3.7220141619797524,1.226988616422947,6,8,6,8,10,3,10,4,9,6,38,32,70,2,23
HOOSIERS,23,230,10.355297753607244,7951,7046,1759,266,1007,981,222,0.24964518875957992,1226,72,16,1158,545.0847377777777,1563.3413099999998,4.001437716150081,1.2751560440456768,8,10,10,10,2,6,4,6,3,4,40,23,63,3,23
NATIONAL PASTIME,23,266,10.556035283454294,7573,6808,1759,241,927,904,142,0.25837250293772035,1281,80,52,1249,545.7284133333333,1563.73239,3.834157470725995,1.2207122482435597,4,6,5,5,8,7,6,7,7,7,28,34,62,4,23
BIG RED MACHINE,23,208,9.877334933695268,7755,6873,1731,269,969,949,126,0.25185508511567,1162,71,57,1085,508.26091333333335,1490.2445900000002,3.9366163683304647,1.2824824354561104,9,9,8,3,4,5,7,5,5,2,33,24,57,5,23
MELONHEADS,23,245,10.0151841867074,7377,6572,1666,236,911,898,153,0.2534996956786366,1329,82,0,1325,562.0677766666666,1593.9381799999999,3.806328058690745,1.1993515274642588,3,3,4,6,5,8,2,8,8,10,21,36,57,5,23
BLUE SOCKS,19,260,9.978665001192043,7442,6712,1730,226,914,883,179,0.2577473182359952,765,54,61,798,312.58661000000006,920.33326,3.6774895294117655,1.2030500130718955,1,4,2,9,7,2,9,1,10,9,23,31,54,6,23
FREE BIRDS,23,242,9.22890196893046,7271,6438,1612,244,885,889,124,0.2503883193538366,1387,85,0,1346,614.2591244444445,1761.62533,3.9858198413842834,1.270097570295602,5,1,3,2,3,10,2,9,4,5,14,30,44,7,23
ERIE LAKERS,23,194,8.177447600789435,7359,6550,1706,247,920,918,115,0.26045801526717555,1128,66,10,978,525.1263255555556,1462.4695,4.18983770390071,1.2965155141843971,7,5,7,1,9,4,3,3,1,1,29,12,41,8,23
FREE AT LAST,22,233,8.156506168077305,7242,6364,1583,228,910,853,162,0.2487429289754871,994,57,60,945,446.4872755555556,1270.1470800000002,4.042641327967807,1.2778139637826964,2,2,1,7,1,3,8,2,2,3,13,18,31,9,23
WESTSIDE MARAUDERS,23,265,11.185072159834771,7694,6872,1779,254,968,939,148,0.2588766006984866,1301,80,54,1309,562.7272855555556,1595.4821860000002,3.892809815526518,1.226350642582629,7,8,8,5,8,10,8,10,7,8,36,43,79,1,24
LOUISVILLE SLUGGERS,23,197,10.720044511982762,7721,6899,1787,263,983,937,157,0.25902304681837945,1033,62,80,1076,447.7735788888889,1268.8524000000002,3.9012218877057117,1.2283179090029044,9,9,7,6,9,3,10,5,6,7,40,31,71,2,24
MELONHEADS,23,251,10.156168122326362,7416,6594,1676,248,933,912,173,0.254170457992114,1205,76,27,1233,501.1342633333334,1455.4493400000001,3.742911510373445,1.20784177593361,6,5,5,9,5,7,3,8,9,9,30,36,66,3,24
NATIONAL PASTIME,23,251,10.550982840292415,7671,6904,1768,261,942,940,140,0.25608342989571264,1244,77,52,1202,544.0781977777777,1551.70174,3.9362570578778135,1.2473486655948554,8,6,9,4,6,8,7,7,4,6,33,32,65,4,24
HOOSIERS,23,236,10.32823640803686,7993,7070,1758,276,1012,989,200,0.24865629420084864,1126,72,24,1038,474.9085655555556,1405.0659300000002,3.7958943960923626,1.247838303730018,10,10,10,10,1,6,2,2,8,5,41,23,64,5,24
BIG RED MACHINE,23,208,9.822725706888777,7570,6722,1681,261,944,927,135,0.250074382624219,1187,72,59,1134,518.9483577777778,1492.13327,3.9347390227464194,1.2570625695029487,8,7,6,3,3,6,9,6,5,3,27,29,56,6,24
BLUE SOCKS,18,260,9.676113458979087,6366,5742,1483,202,795,776,159,0.25827237896203414,1033,71,29,1070,413.7790588888889,1244.0116600000001,3.6050450435624395,1.2042707260406584,2,1,1,7,7,5,4,4,10,10,18,33,51,7,24
FREE BIRDS,23,249,9.183356848818162,7312,6484,1647,226,878,881,135,0.2540098704503393,1260,79,30,1281,562.3611044444445,1578.5930300000002,4.016865031746033,1.2528516111111112,3,2,3,3,4,9,5,9,3,4,15,30,45,8,24
ERIE LAKERS,23,185,8.145572388886972,7240,6440,1681,243,910,903,120,0.2610248447204969,1195,66,2,1046,555.2734844444444,1566.97871,4.181976033472803,1.3112792552301256,5,3,4,2,10,4,1,3,2,1,24,11,35,9,24
FREE AT LAST,22,241,8.16117701618033,7410,6523,1625,231,927,873,164,0.24911850375594052,1054,60,44,948,493.59145,1373.16876,4.21472775142315,1.302816660341556,4,4,2,8,2,2,6,1,1,2,20,12,32,10,24
WESTSIDE MARAUDERS,23,270,11.22892321751276,7491,6691,1718,271,955,947,157,0.25676281572261245,1358,85,32,1356,585.6415666666667,1677.1874460000001,3.8812769513991165,1.2350423019145804,10,6,8,6,7,10,7,10,6,7,37,40,77,1,25
NATIONAL PASTIME,23,269,10.5792320960165,7793,7003,1792,263,959,948,141,0.2558903327145509,1102,71,63,1147,468.32893222222225,1335.21826,3.824827940108893,1.2116318148820329,9,8,9,5,6,6,10,6,7,9,37,38,75,2,25
HOOSIERS,23,228,10.320394466388226,7919,7039,1777,255,992,960,227,0.25245063219207275,1314,77,0,1179,589.1362422222222,1679.9160900000002,4.035179741248097,1.2784749543378997,7,10,10,10,3,8,3,7,3,3,40,24,64,3,25
MELONHEADS,23,237,10.100155071960604,7575,6689,1685,246,956,914,175,0.2519061145163702,1249,77,17,1255,527.7366088888889,1530.0592500000002,3.802745780624499,1.2250274219375503,4,7,5,9,2,8,4,8,9,8,27,37,64,3,25
LOUISVILLE SLUGGERS,23,189,10.417159348518647,7253,6516,1695,247,920,899,130,0.26012891344383055,1153,72,63,1179,487.82711,1437.52695,3.807843876843018,1.246770988725065,5,4,3,3,9,7,10,7,8,6,24,38,62,4,25
BIG RED MACHINE,23,213,9.870800220412315,7587,6733,1710,256,953,932,139,0.25397296895885935,1166,71,57,1107,509.8134733333334,1478.4861500000002,3.935095420240138,1.2679984133790738,8,5,7,4,4,6,8,5,5,4,28,28,56,5,25
BLUE SOCKS,17,260,9.506416431764746,6366,5742,1483,202,795,776,159,0.25827237896203414,812,56,61,866,317.84592333333336,943.16337,3.522922795566503,1.1615312438423646,1,1,1,7,8,4,9,3,10,10,18,36,54,6,25
FREE AT LAST,22,230,8.221367394943607,7823,6892,1697,250,966,928,165,0.2462275101567034,878,51,57,787,400.0562777777778,1123.71749,4.100804669703872,1.2798604669703872,6,9,6,8,1,3,8,2,2,2,30,17,47,7,25
FREE BIRDS,23,254,9.300144174340668,7554,6680,1697,235,911,890,119,0.2540419161676647,1296,80,19,1287,569.4431266666667,1628.35702,3.9544661574074076,1.2564483179012345,2,3,2,1,5,9,5,9,4,5,13,32,45,8,25
ERIE LAKERS,23,188,8.222479524160626,7228,6439,1675,245,909,905,122,0.2601335611119739,1119,63,24,1001,531.0934566666667,1449.5546600000002,4.271529142091153,1.2954018409294015,3,2,4,2,10,5,6,4,1,1,21,17,38,9,25
WESTSIDE MARAUDERS,23,266,11.230564322003783,7785,6966,1780,265,968,961,147,0.2555268446741315,1341,84,32,1365,568.59014,1664.277826,3.8160412080536914,1.2410722043251305,9,8,9,6,6,10,5,10,8,5,38,38,76,1,26
HOOSIERS,23,243,10.363126045910668,8084,7164,1787,270,1017,986,218,0.24944165270798438,1042,66,29,1037,427.28981000000005,1273.1549200000002,3.690602965451056,1.2218377351247602,10,10,10,10,2,5,4,4,9,9,42,31,73,2,26
LOUISVILLE SLUGGERS,23,194,10.54268101406576,7351,6552,1691,244,949,885,174,0.2580891330891331,1136,71,63,1194,488.3321877777778,1390.0117200000002,3.868828952464789,1.2236018661971833,6,7,4,9,8,6,9,7,6,8,34,36,70,3,26
NATIONAL PASTIME,23,258,10.604107449940884,7681,6927,1785,253,946,937,157,0.2576873105240364,1248,76,52,1171,547.2597477777778,1542.1785200000002,3.946584719551282,1.235719967948718,7,6,7,7,7,7,7,6,4,6,34,30,64,4,26
MELONHEADS,23,239,10.079358589938476,7391,6580,1661,260,925,928,157,0.25243161094224925,1343,83,0,1286,575.7057577777778,1651.8036499999998,3.8580430528667162,1.2299357036485479,8,5,6,7,3,9,1,9,7,7,29,33,62,5,26
BIG RED MACHINE,23,217,9.891863179971216,7769,6901,1745,265,970,957,140,0.25286190407187364,1153,71,41,1092,500.77465000000007,1457.63489,3.9089088031222903,1.2642106591500435,9,9,8,5,4,6,6,5,5,3,35,25,60,6,26
BLUE SOCKS,17,260,9.506416431764746,6366,5742,1483,202,795,776,159,0.25827237896203414,812,56,61,866,317.84592333333336,943.16337,3.522922795566503,1.1615312438423646,2,1,1,8,9,2,8,1,10,10,21,31,52,7,26
FREE BIRDS,23,251,9.264518218513468,7372,6520,1663,231,905,880,127,0.25506134969325156,1270,78,27,1274,570.7279177777779,1585.12609,4.044528551181103,1.2481307795275591,3,2,3,3,5,8,3,8,3,4,16,26,42,8,26
ERIE LAKERS,23,190,8.207240995157884,7240,6440,1681,243,910,903,120,0.2610248447204969,1136,63,25,1019,546.2066466666666,1490.63903,4.32734139084507,1.3121822447183098,5,4,5,2,10,4,2,3,1,2,26,12,38,9,26
FREE AT LAST,22,224,8.183283055446731,7354,6458,1609,232,907,864,132,0.2491483431402911,1033,60,71,930,470.68218333333334,1365.1343700000002,4.100812826718296,1.3215240755082287,4,3,2,4,1,3,10,2,2,1,14,18,32,10,26
WESTSIDE MARAUDERS,23,270,11.1155004845479,7474,6674,1721,262,947,937,151,0.2578663470182799,1344,84,32,1327,580.1288533333333,1641.802256,3.8847914285714285,1.2215790595238094,7,8,7,7,7,9,5,8,6,9,36,37,73,1,27
LOUISVILLE SLUGGERS,23,190,10.45881765231092,7520,6734,1741,266,964,939,138,0.2585387585387585,1059,65,82,1088,453.85715333333343,1319.26964,3.8571429461756384,1.24576925401322,9,9,8,4,8,4,9,6,8,5,38,32,70,2,27
HOOSIERS,23,244,10.238890642431645,7692,6801,1709,253,988,941,224,0.2512865755036024,1003,64,71,1021,406.5869344444445,1252.7808799999998,3.648337397806581,1.2490337786640078,6,10,9,10,3,3,8,3,10,4,38,28,66,3,27
NATIONAL PASTIME,23,253,10.432829333294197,7583,6776,1712,271,943,945,143,0.2526564344746163,1217,75,52,1173,534.7357377777778,1497.48979,3.954496006573542,1.230476409202958,10,7,10,5,4,7,6,7,3,7,36,30,66,3,27
MELONHEADS,23,238,10.000127225285327,7338,6552,1665,239,912,901,159,0.2541208791208791,1354,83,0,1333,572.5674877777778,1655.10752,3.805840022156574,1.222383692762186,3,2,4,8,5,8,3,9,9,8,22,37,59,4,27
BLUE SOCKS,19,260,9.96742601547059,7465,6756,1780,215,937,888,189,0.26346950858496154,823,55,29,864,353.5620788888889,979.68373,3.8664139854191983,1.1903812029161605,1,4,3,9,10,2,4,2,7,10,27,25,52,5,27
BIG RED MACHINE,23,209,9.8397484019308,7525,6667,1657,264,941,925,128,0.24853757312134395,1122,69,89,1073,484.8615577777778,1413.0850300000002,3.889263832442068,1.2594340730837792,8,6,5,2,2,5,10,4,5,3,23,27,50,6,27
FREE BIRDS,23,257,9.329778133004137,7288,6476,1648,216,862,854,137,0.2544780728844966,1409,87,0,1408,615.1416100000001,1746.6849,3.9292224911284612,1.2396628105039034,2,1,1,3,6,10,3,10,4,6,13,33,46,7,27
ERIE LAKERS,23,200,8.204774985594163,7525,6700,1739,252,938,935,120,0.25955223880597017,908,53,58,832,419.8524988888889,1188.63407,4.161533579295154,1.3090683590308372,5,5,6,1,9,1,7,1,2,2,26,13,39,8,27
FREE AT LAST,22,224,8.227446754832048,7452,6530,1614,240,918,869,150,0.24716692189892803,1235,71,0,1079,572.3509655555556,1617.9469100000001,4.170978696356276,1.3100784696356276,4,3,2,6,1,6,3,5,1,1,16,16,32,9,27
LOUISVILLE SLUGGERS,23,202,10.604860781734235,7730,6927,1814,251,986,931,174,0.26187382705355855,968,63,88,1007,402.25845000000004,1202.2511499999998,3.7400062500000004,1.2419949896694213,7,9,6,9,10,4,10,3,10,6,41,33,74,1,28
WESTSIDE MARAUDERS,23,267,11.006854993270277,7344,6524,1666,275,941,940,136,0.2553648068669528,1355,85,32,1355,584.8604666666666,1642.7983460000003,3.8846820664206643,1.2123973033210333,10,8,7,6,6,10,5,9,5,8,37,37,74,1,28
NATIONAL PASTIME,23,260,10.69994837905514,7636,6858,1722,275,926,956,136,0.2510936132983377,1306,81,52,1231,554.8451866666667,1615.27918,3.8235885758039814,1.2368140735068913,10,6,9,6,4,8,7,8,7,7,35,37,72,2,28
BLUE SOCKS,19,260,9.986412324133498,7984,7197,1878,237,986,959,163,0.26094205919132973,684,47,29,728,287.62713222222226,805.4418499999999,3.7845675292397667,1.1775465643274854,5,9,10,8,9,2,4,1,9,10,41,26,67,3,28
MELONHEADS,23,246,9.943822601870881,7433,6621,1677,244,923,913,158,0.2532850022655188,1151,72,49,1178,484.3254433333334,1394.28324,3.7870799218071247,1.2113668462206777,6,5,5,7,5,6,6,7,8,9,28,36,64,4,28
HOOSIERS,23,224,10.333758512331352,7797,6925,1732,257,989,945,231,0.2501083032490975,1199,73,18,1138,518.5723588888889,1509.40196,3.8925364720600495,1.2588840366972476,9,10,8,10,2,7,3,5,4,4,39,23,62,5,28
BIG RED MACHINE,23,203,9.69465962365139,7329,6510,1630,254,918,900,125,0.25038402457757297,1220,73,59,1148,523.1592922222222,1541.80365,3.859371827868853,1.2637734836065575,8,4,4,4,3,7,8,6,6,3,23,30,53,6,28
FREE BIRDS,23,246,9.206327561763302,7459,6649,1707,219,888,875,135,0.25673033538878026,1365,84,0,1356,616.1014633333334,1715.12194,4.062207450549451,1.2564995897435898,3,2,2,5,7,9,2,10,3,5,19,29,48,7,28
ERIE LAKERS,23,202,8.15119262840503,7204,6404,1657,235,899,880,124,0.25874453466583386,926,55,74,865,418.10865666666666,1186.27235,4.0636910475161985,1.2810716522678185,4,3,3,3,8,3,9,2,2,2,21,18,39,8,28
FREE AT LAST,22,236,8.340692114936784,7431,6509,1613,237,935,872,158,0.2478107236134583,1208,69,0,1120,562.1232744444445,1571.76912,4.1880045281456955,1.3011333774834437,5,7,1,7,1,5,2,4,1,1,21,13,34,9,28
WESTSIDE MARAUDERS,23,268,11.168115985657723,7603,6767,1725,281,968,958,141,0.2549135510565982,1344,84,32,1327,580.1288533333333,1641.802256,3.8847914285714285,1.2215790595238094,10,7,9,5,6,10,4,9,8,8,37,39,76,1,29
LOUISVILLE SLUGGERS,23,204,10.740982889509503,7606,6823,1784,244,978,914,194,0.261468562216034,1032,66,77,1047,438.5310655555556,1275.22522,3.82439882751938,1.2356833527131783,6,9,6,9,10,5,10,4,9,7,40,35,75,2,29
NATIONAL PASTIME,23,248,10.546995834149106,7660,6898,1764,257,939,939,149,0.25572629747752973,1253,78,52,1200,546.6316744444445,1572.9030400000001,3.9263248762968876,1.2553096887470072,8,5,7,6,7,8,7,7,5,5,33,32,65,3,29
HOOSIERS,23,230,10.237034105002088,7727,6854,1718,256,986,947,221,0.2506565509191713,1155,70,54,1079,508.8588911111111,1472.23219,3.9651342164502164,1.2746599047619047,7,10,8,10,2,6,8,5,3,4,37,26,63,4,29
MELONHEADS,23,235,10.087397307421506,7388,6586,1666,243,922,911,159,0.25296082599453384,1374,83,0,1341,595.550841111111,1670.91352,3.900988042212518,1.2160942649199418,5,4,5,8,4,9,1,10,7,9,26,36,62,5,29
BIG RED MACHINE,23,213,9.891642831776245,7818,6936,1749,271,977,962,130,0.2521626297577855,1189,70,46,1081,521.5030966666667,1517.53358,3.947458259041211,1.2763108326324644,9,8,10,4,3,6,6,6,4,3,34,25,59,6,29
FREE BIRDS,23,250,9.103817326025842,7337,6504,1650,225,876,869,115,0.253690036900369,1180,74,59,1220,514.5372811111113,1468.45905,3.9244368898305093,1.2444568220338983,3,2,2,2,5,7,9,8,6,6,14,36,50,7,29
BLUE SOCKS,18,260,9.726760746254811,6926,6251,1608,222,853,851,159,0.25723884178531436,884,59,29,921,359.0344655555556,1037.59585,3.6553282692307696,1.1737509615384614,2,1,1,8,8,3,3,1,10,10,20,27,47,8,29
ERIE LAKERS,23,197,8.113745345699806,7254,6447,1677,244,914,907,117,0.2601209865053513,964,56,41,935,430.3494144444445,1238.3957300000002,4.0177849896265565,1.2846428734439836,6,3,4,3,9,2,5,2,2,2,25,13,38,9,29
FREE AT LAST,22,237,8.228540126803209,7739,6787,1689,239,958,896,158,0.24885811109473993,1037,62,11,983,473.67072777777776,1338.13125,4.11093206364513,1.2903869334619094,4,6,3,7,1,4,2,3,1,1,21,11,32,10,29
WESTSIDE MARAUDERS,23,263,11.171128100853615,7582,6729,1704,266,962,940,162,0.25323227819884087,1368,85,32,1350,590.6449466666667,1663.5425360000002,3.8858220175438594,1.216039865497076,10,8,8,7,4,10,7,10,6,8,37,41,78,1,30
MELONHEADS,23,249,10.115830635475046,7241,6449,1636,239,913,888,170,0.25368274151031167,1234,75,46,1237,508.44955666666675,1488.3883899999998,3.7083030875202603,1.2061494246353321,5,5,5,9,5,7,8,8,9,9,29,41,70,2,30
LOUISVILLE SLUGGERS,23,197,10.616877495403825,7617,6831,1766,258,973,942,167,0.2585273020055629,966,60,99,995,416.62821444444455,1210.5839799999999,3.881629327122154,1.253192525879917,6,9,9,8,9,2,10,3,7,6,41,28,69,3,30
NATIONAL PASTIME,23,262,10.584693003011333,7706,6907,1767,262,948,934,136,0.2558274214564934,1136,73,84,1140,484.08757333333335,1403.2049700000002,3.8352008450704225,1.235215642605634,7,6,7,4,6,6,9,6,8,7,30,36,66,4,30
HOOSIERS,23,228,10.237744712987519,7975,7079,1776,264,1015,971,211,0.2508828930639921,1145,68,30,1079,512.32929,1461.65544,4.0270424541484715,1.2765549694323144,9,10,10,10,1,5,6,5,3,3,40,22,62,5,30
BIG RED MACHINE,23,204,9.835751564308934,7622,6768,1703,263,949,940,134,0.2516252955082742,1290,76,27,1187,572.6609100000001,1631.25448,3.9953086744186055,1.2645383565891473,8,7,8,3,3,8,4,7,5,4,29,28,57,6,30
FREE BIRDS,23,253,9.32371963561268,7592,6750,1730,227,907,890,133,0.2562962962962963,1312,82,0,1309,584.6219966666667,1646.35339,4.0103643064024395,1.2548425228658537,3,4,6,2,7,9,2,9,4,5,22,29,51,7,30
BLUE SOCKS,18,260,9.726760746254811,6926,6251,1608,222,853,851,159,0.25723884178531436,884,59,29,921,359.0344655555556,1037.59585,3.6553282692307696,1.1737509615384614,1,1,2,6,8,1,5,1,10,10,18,27,45,8,30
ERIE LAKERS,23,194,8.017428211693598,7191,6392,1658,237,905,885,125,0.259386733416771,1093,65,8,1051,496.7985266666667,1413.5079500000002,4.090747246111619,1.2932369167429096,4,3,4,1,10,3,3,4,2,2,22,14,36,9,30
FREE AT LAST,22,225,8.211112134735433,7298,6455,1620,225,896,867,139,0.2509682416731216,1108,66,46,968,504.7012133333333,1445.41734,4.099558592057762,1.304528285198556,2,2,3,5,2,4,8,2,1,1,14,16,30,10,30
WESTSIDE MARAUDERS,23,269,11.0314888755746,7344,6524,1666,275,941,940,136,0.2553648068669528,1347,85,32,1360,570.2668699999999,1643.300246,3.810246347438752,1.2199704870081662,10,6,8,5,6,10,5,10,9,8,35,42,77,1,31
LOUISVILLE SLUGGERS,23,192,10.602472635131202,7417,6641,1712,253,964,905,188,0.257792501129348,1101,70,63,1165,473.0724788888889,1362.7653500000001,3.867077484105359,1.2377523614895551,6,8,5,9,8,5,10,5,7,7,36,34,70,2,31
NATIONAL PASTIME,23,251,10.537428835477357,7709,6933,1768,263,946,944,139,0.25501226020481754,1237,77,52,1197,546.6882666666667,1532.16943,3.9775217461600647,1.238617162489895,9,7,9,6,5,8,7,7,3,6,36,31,67,3,31
HOOSIERS,23,238,10.388161857274063,7972,7071,1780,259,1004,968,227,0.2517324282279734,1167,69,28,1103,507.10538555555553,1480.18593,3.910838449014567,1.2683684061696658,7,10,10,10,4,4,3,4,6,4,41,21,62,4,31
MELONHEADS,23,248,10.018744216968162,7454,6618,1663,248,934,915,172,0.25128437594439407,1305,81,0,1304,555.09477,1579.39873,3.828239793103448,1.2102672260536398,4,5,6,8,3,9,1,9,8,9,26,36,62,4,31
BLUE SOCKS,17,260,9.506416431764746,6366,5742,1483,202,795,776,159,0.25827237896203414,812,56,61,866,317.84592333333336,943.16337,3.522922795566503,1.1615312438423646,1,2,2,7,9,2,9,2,10,10,21,33,54,5,31
BIG RED MACHINE,23,202,9.826439511926564,7608,6765,1697,262,941,939,123,0.250849963045085,1281,76,27,1184,564.3148555555556,1621.87415,3.96474137392662,1.2661000390320063,8,6,7,3,1,7,2,6,4,5,25,24,49,6,31
FREE BIRDS,23,252,9.29937223522412,7323,6509,1677,216,887,858,136,0.25764326317406666,1223,75,49,1223,536.7637855555556,1551.66551,3.9500196811120203,1.2687371300081767,2,3,3,5,7,6,6,8,5,3,20,28,48,7,31
ERIE LAKERS,23,198,8.23353537538964,7279,6460,1682,240,909,900,114,0.26037151702786376,1012,59,59,887,475.8263666666667,1317.12356,4.231657411067193,1.3015054940711464,3,4,4,2,10,3,8,3,1,1,23,16,39,8,31
FREE AT LAST,22,231,8.228441191632612,8061,7112,1786,249,987,944,134,0.25112485939257595,927,54,30,845,421.81760888888897,1201.54541,4.095316591154262,1.2961654908306364,5,9,9,4,2,1,4,1,2,2,29,10,39,8,31
WESTSIDE MARAUDERS,23,270,11.058700333033753,7533,6692,1706,258,957,926,160,0.25493126120741183,1269,80,59,1287,541.5089011111111,1541.5205859999999,3.84048866036249,1.2147522348305753,9,7,6,7,6,9,8,9,9,8,35,43,78,1,32
NATIONAL PASTIME,23,270,10.562661505208672,7587,6821,1747,241,914,897,131,0.2561208034012608,1208,76,84,1198,503.2794122222222,1458.75668,3.74959826986755,1.2075800331125828,5,6,4,4,8,6,10,7,10,10,27,43,70,2,32
LOUISVILLE SLUGGERS,23,202,10.694505563593875,7772,6973,1827,250,996,935,190,0.2620106123619676,1107,66,63,1075,483.5912277777779,1387.6981,3.9316359981933156,1.2535664859981934,7,9,7,9,10,3,9,3,5,6,42,26,68,3,32
HOOSIERS,23,237,10.284038837603395,7867,6973,1748,258,997,956,204,0.2506811989100817,1235,75,0,1150,538.7951933333334,1529.92079,3.9264427044534416,1.2388022591093117,9,10,9,10,2,5,2,5,6,7,40,25,65,4,32
MELONHEADS,23,243,9.865992717312718,7199,6388,1617,256,910,909,152,0.2531308703819662,1283,78,11,1270,548.5101633333334,1551.06314,3.8476940530007795,1.2089346375681995,8,5,5,6,5,8,3,8,8,9,29,36,65,4,32
BLUE SOCKS,23,256,10.382247494666569,7774,7020,1797,244,957,948,184,0.25598290598290596,1217,77,45,1160,542.392028888889,1539.2831299999998,4.011116072308957,1.2648176910435496,6,7,8,8,7,7,4,6,3,5,36,25,61,5,32
BIG RED MACHINE,23,211,9.865378734050902,7797,6905,1734,273,979,959,131,0.2511223750905141,1160,68,46,1092,501.0588066666667,1474.89883,3.8875252241379314,1.2714645086206897,10,8,10,4,3,4,5,4,7,4,35,24,59,6,32
FREE BIRDS,23,242,9.301468644176783,7292,6469,1627,240,885,896,136,0.25150718812799505,1388,86,0,1342,615.5195833333335,1772.1685599999998,3.9911212175792516,1.276778501440922,4,2,3,5,4,10,2,10,4,2,18,28,46,7,32
ERIE LAKERS,23,192,7.964411667812984,7158,6383,1662,236,897,879,128,0.26037913206955976,947,60,51,907,424.5215611111111,1248.5937199999998,4.034523812038015,1.3184727771911298,3,4,2,3,9,1,6,1,2,1,21,11,32,8,32
FREE AT LAST,22,227,8.180879410957603,7284,6434,1609,230,886,865,119,0.2500777121541809,1020,61,54,1014,463.5446155555556,1297.3303099999998,4.090099549019609,1.2718924607843136,2,3,1,2,1,2,7,2,1,3,9,15,24,9,32
WESTSIDE MARAUDERS,23,270,11.084614702411823,7652,6797,1745,263,976,944,140,0.25673091069589526,1317,83,32,1355,564.042998888889,1615.3876960000002,3.854507965072134,1.2265662080485955,9,9,8,5,7,10,5,10,7,7,38,39,77,1,33
LOUISVILLE SLUGGERS,23,200,10.589346143534375,7422,6622,1704,251,961,909,185,0.25732407127755963,980,65,96,1083,403.89644444444446,1194.17698,3.70925306122449,1.2185479387755103,6,8,4,9,8,5,10,5,9,8,35,37,72,2,33
MELONHEADS,23,245,10.058333906041415,7325,6503,1651,256,925,918,154,0.2538828233123174,1188,76,38,1186,491.7626211111112,1447.5645700000002,3.725474402356903,1.2184886952861955,7,5,7,7,4,9,6,7,8,9,30,39,69,3,33
NATIONAL PASTIME,23,254,10.601923524434593,7800,7034,1796,262,946,954,145,0.25533124822291725,1219,75,52,1199,529.9581744444445,1522.2846000000002,3.912734675963905,1.248797867104184,8,7,9,6,5,8,8,8,4,5,35,33,68,4,33
HOOSIERS,23,234,10.395996984106251,8000,7114,1783,266,1002,982,217,0.25063255552431823,1197,71,24,1083,519.1286055555556,1510.1716800000002,3.9032225981620723,1.2616304761904764,10,10,10,10,3,6,3,5,6,3,43,23,66,5,33
BIG RED MACHINE,23,209,9.782405648297694,7441,6595,1639,262,937,916,135,0.2485216072782411,1185,72,59,1156,515.0759433333334,1473.95466,3.911969189873418,1.243843594936709,8,6,6,3,2,7,9,6,5,6,25,33,58,6,33
BLUE SOCKS,17,260,9.524628614399791,6822,6148,1596,213,849,832,163,0.25959661678594664,748,51,29,781,295.63081222222223,870.50353,3.5570552272727274,1.1637747727272727,2,1,1,8,9,2,4,2,10,10,21,28,49,7,33
FREE BIRDS,23,251,9.292563813163218,7344,6533,1674,223,889,865,136,0.25623756314097657,1342,83,0,1334,598.8745433333333,1681.67981,4.016297235469449,1.253114612518629,3,2,2,4,6,10,1,9,3,4,17,27,44,8,33
ERIE LAKERS,23,193,8.225076684578047,7445,6632,1729,243,921,915,113,0.26070566948130275,1161,63,16,985,555.1781433333333,1518.32386,4.303706537467701,1.3077724892334195,5,4,5,1,10,3,2,3,1,1,25,10,35,9,33
FREE AT LAST,22,220,8.235250865275415,7382,6493,1609,235,911,871,134,0.24780532881564762,1110,64,47,1002,513.3744311111111,1449.1393,4.162495387387388,1.3055309009009008,4,3,3,2,1,4,7,4,2,2,13,19,32,10,33
WESTSIDE MARAUDERS,23,263,11.140660059127779,7729,6888,1751,269,971,959,146,0.2542102206736353,1331,84,32,1338,573.5961322222222,1635.891016,3.878561374906085,1.2290691329827197,10,9,10,5,5,10,5,10,6,8,39,39,78,1,34
NATIONAL PASTIME,23,262,10.590071226434732,7730,6939,1799,255,959,944,154,0.25925925925925924,1234,77,52,1141,536.4107433333334,1537.7554100000002,3.9122339465153977,1.2461551134521882,7,8,9,6,8,8,7,7,5,7,38,34,72,2,34
LOUISVILLE SLUGGERS,23,193,10.503904822212402,7494,6699,1737,245,959,898,173,0.2592924317062248,1055,67,85,1095,451.79106222222225,1322.7611100000001,3.8541417630331756,1.253802,5,8,6,8,9,4,10,4,7,5,36,30,66,3,34
BIG RED MACHINE,23,215,9.8208827056823,7609,6737,1681,264,954,929,130,0.2495175894314977,1161,70,59,1124,495.166258888889,1448.32788,3.83849813092162,1.2474831007751939,9,7,8,4,2,6,9,6,8,6,30,35,65,4,34
MELONHEADS,23,242,10.004888978226957,7230,6417,1629,247,908,891,175,0.2538569424964937,1276,77,17,1297,543.7791477777778,1550.35219,3.835432860501567,1.2150095532915361,6,4,5,9,4,8,2,9,9,9,28,37,65,4,34
HOOSIERS,23,236,10.285359784677484,7818,6942,1737,259,1006,959,229,0.25021607605877266,1201,72,14,1105,535.4967888888889,1532.5079799999999,4.0128818484596165,1.2760266278101582,8,10,10,10,3,7,1,5,2,2,41,17,58,5,34
BLUE SOCKS,19,260,9.955689627126347,6926,6251,1608,222,853,851,159,0.25723884178531436,1055,68,29,1050,440.29287555555555,1260.85738,3.7560529668246443,1.1951254786729857,2,2,3,7,7,5,4,3,10,10,21,32,53,6,34
FREE BIRDS,23,252,9.33567637869753,7599,6747,1727,233,915,903,125,0.25596561434711723,1275,79,19,1265,565.6249433333335,1617.3744299999998,3.99264665882353,1.2685289647058822,3,6,7,3,6,9,3,8,4,3,25,27,52,7,34
ERIE LAKERS,23,200,8.094989253805107,7240,6440,1681,243,910,903,120,0.2610248447204969,934,56,37,929,415.92131555555557,1181.50976,4.007807109207708,1.2649997430406852,4,5,7,1,10,2,6,1,3,4,27,16,43,8,34
FREE AT LAST,22,221,8.15315363600272,7214,6364,1579,233,881,862,123,0.24811439346323066,1116,65,57,993,516.4960788888889,1444.09987,4.1652909587813625,1.2939962992831542,3,3,4,2,1,3,8,2,1,1,13,15,28,9,34
LOUISVILLE SLUGGERS,23,210,10.582828665195963,7442,6705,1746,258,951,936,159,0.26040268456375837,984,64,88,1004,415.77978444444443,1191.49968,3.802863882113821,1.2108736585365854,8,7,8,6,9,3,10,4,8,9,38,34,72,1,35
WESTSIDE MARAUDERS,23,267,11.040369279902194,7582,6718,1710,270,971,942,142,0.2545400416790711,1333,83,32,1352,576.0489366666667,1637.9450060000001,3.8893026481620407,1.2287659459864968,10,8,9,4,5,9,5,9,5,7,36,35,71,2,35
MELONHEADS,23,250,9.940897296210819,7132,6344,1601,248,895,886,177,0.25236443883984866,1217,74,46,1197,508.00042111111117,1464.57812,3.7567820788824986,1.203433130649137,6,3,2,9,4,6,6,7,10,10,24,39,63,3,35
NATIONAL PASTIME,23,266,10.422445301839613,7458,6695,1723,237,910,889,151,0.2573562359970127,1204,76,82,1197,509.52086444444444,1458.34609,3.8087107807308973,1.2112509053156146,4,4,3,5,7,8,9,7,7,8,23,39,62,4,35
HOOSIERS,23,226,10.303218229762885,7748,6877,1730,253,990,946,228,0.2515631816198924,1221,72,24,1121,533.1169477777778,1552.5778300000002,3.9296089516789516,1.2715625143325144,7,10,10,10,3,5,3,6,4,3,40,21,61,5,35
BLUE SOCKS,21,260,10.23014752453951,7498,6784,1752,226,920,896,160,0.25825471698113206,1013,69,61,1039,423.6015922222223,1252.64196,3.763488973346496,1.2365665942744324,3,5,4,7,8,4,8,5,9,6,27,32,59,6,35
BIG RED MACHINE,23,201,9.737581990746001,7517,6687,1659,267,935,927,110,0.2480933153880664,1248,75,27,1208,535.5886255555556,1573.2256300000001,3.862417972756411,1.2605974599358976,9,6,6,1,1,7,4,8,6,5,23,30,53,7,35
FREE BIRDS,23,245,9.099350830020118,7214,6371,1625,223,874,863,128,0.2550619996860775,1357,87,0,1360,597.7626922222223,1716.2294499999998,3.964527803979367,1.26472324981577,2,2,1,3,6,10,2,10,3,4,14,29,43,8,35
ERIE LAKERS,23,194,8.140900848843856,7359,6550,1706,247,920,918,115,0.26045801526717555,916,54,53,868,411.1472855555556,1174.9675300000001,4.039656735807861,1.2827156441048035,5,5,5,2,10,1,7,2,2,2,27,14,41,9,35
FREE AT LAST,22,229,8.231249872128082,8040,7064,1766,248,989,933,162,0.25,1083,58,0,952,527.6963811111112,1420.40613,4.385288485687905,1.311547673130194,6,9,7,8,2,2,2,3,1,1,32,9,41,9,35
WESTSIDE MARAUDERS,22,270,11.142352540230856,7246,6462,1668,263,921,920,129,0.25812441968430827,1281,83,43,1303,539.8446733333333,1577.2140260000003,3.7928197189695543,1.231236554254489,8,5,7,5,8,9,5,9,9,8,33,40,73,1,36
NATIONAL PASTIME,23,259,10.560813458733609,7793,7003,1792,263,959,948,141,0.2558903327145509,1123,71,71,1128,482.12520666666666,1391.5794700000001,3.8638707569011577,1.239162484416741,8,9,9,6,6,5,9,5,6,7,38,32,70,2,36
LOUISVILLE SLUGGERS,23,190,10.578384522206816,7459,6706,1719,252,948,905,192,0.2563376081121384,1040,65,90,1059,445.41787444444446,1295.48413,3.8545777596153847,1.2456578173076924,7,7,5,9,7,4,10,4,7,6,35,31,66,3,36
MELONHEADS,23,242,9.965458928274694,7426,6609,1675,245,925,914,159,0.2534422756846724,1333,81,0,1296,568.200468888889,1628.26202,3.8363122430607657,1.221501890472618,6,6,6,7,4,8,3,8,8,9,29,36,65,4,36
HOOSIERS,23,233,10.403599594824056,8028,7114,1786,269,1020,985,206,0.2510542592071971,1308,75,0,1181,589.7260533333333,1671.98248,4.057748073394496,1.2782740672782873,9,10,10,10,3,6,3,6,2,2,42,19,61,5,36
BIG RED MACHINE,23,203,9.796601394772106,7587,6710,1674,271,951,943,118,0.24947839046199702,1289,76,27,1204,571.587948888889,1617.40679,3.990916633048875,1.25477640806827,10,8,8,3,1,7,4,7,4,5,30,27,57,6,36
BLUE SOCKS,17,260,9.506416431764746,6366,5742,1483,202,795,776,159,0.25827237896203414,812,56,61,866,317.84592333333336,943.16337,3.522922795566503,1.1615312438423646,2,2,1,7,9,2,7,2,10,10,21,31,52,7,36
FREE BIRDS,23,254,9.365118090533338,7498,6655,1696,231,894,888,124,0.2548459804658152,1347,85,0,1365,596.8382366666667,1691.3623,3.9877833184855236,1.2556512991833704,4,3,3,4,5,10,3,10,5,4,19,32,51,8,36
ERIE LAKERS,23,198,8.209307348149338,7279,6460,1682,240,909,900,114,0.26037151702786376,925,57,58,866,416.3422666666667,1175.1032500000001,4.05089772972973,1.270381891891892,5,4,4,2,10,3,6,2,3,3,25,17,42,9,36
FREE AT LAST,22,231,8.232515455952848,7305,6427,1610,222,921,857,171,0.25050567916601835,1016,57,63,930,465.7162255555556,1320.92689,4.125439005905512,1.3001248917322834,3,5,2,8,2,3,8,3,1,1,20,16,36,10,36
WESTSIDE MARAUDERS,23,269,11.215610607172955,7722,6857,1747,270,984,953,142,0.2547761411696077,1313,83,32,1357,558.3224655555556,1608.0966160000003,3.827038987052552,1.2247498979436406,9,9,9,5,6,10,5,10,8,7,38,40,78,1,37
MELONHEADS,23,251,10.158981192780532,7496,6673,1684,255,934,915,178,0.2523602577551326,1179,74,33,1210,492.59406666666666,1421.9599199999998,3.7602600508905852,1.206072875318066,7,6,5,9,4,7,6,7,9,9,31,38,69,2,37
NATIONAL PASTIME,23,267,10.52502056455055,7611,6854,1775,246,932,920,154,0.2589728625620076,1186,77,52,1228,511.30373333333335,1444.44346,3.880045193929174,1.2179118549747048,5,5,6,6,7,8,8,8,7,8,29,39,68,3,37
HOOSIERS,23,222,10.359031254676143,7979,7079,1766,268,1009,980,201,0.24947026416160475,1169,72,33,1107,505.7200477777778,1496.33889,3.893481976047904,1.2800161591103507,8,10,10,10,2,5,6,5,6,2,40,24,64,4,37
LOUISVILLE SLUGGERS,23,191,10.494004190248798,7662,6865,1781,254,979,930,176,0.2594319009468318,1042,62,85,1009,459.14178444444445,1296.9820200000001,3.9657159884836855,1.2447044337811901,6,8,7,8,8,2,10,4,4,6,37,26,63,5,37
BIG RED MACHINE,23,201,9.826851367590193,7577,6727,1671,273,940,936,117,0.24840196224171252,1218,73,59,1144,527.2316811111111,1550.4720900000002,3.8958005993431857,1.2729655911330051,10,7,8,1,1,6,9,6,5,4,27,30,57,6,37
BLUE SOCKS,17,260,9.524628614399791,6822,6148,1596,213,849,832,163,0.25959661678594664,748,51,29,781,295.63081222222223,870.50353,3.5570552272727274,1.1637747727272727,1,1,1,7,10,1,4,1,10,10,20,26,46,7,37
FREE BIRDS,23,255,9.270808477209354,7292,6447,1638,229,897,879,135,0.254071661237785,1275,79,27,1276,561.8774266666668,1598.2650399999998,3.966193600000001,1.2535412078431372,3,3,3,3,5,9,3,9,3,5,17,29,46,7,37
ERIE LAKERS,23,194,8.22927126566331,7254,6441,1672,242,912,900,130,0.25958702064896755,1133,65,10,1006,530.8989977777778,1447.39981,4.217202983230362,1.2774932127096204,4,4,4,2,9,3,2,2,1,3,23,11,34,8,37
FREE AT LAST,22,232,8.208923172750586,7291,6465,1627,225,894,866,136,0.2516627996906419,1119,66,41,1008,509.26070888888887,1449.9614100000001,4.095930634495085,1.2957653351206435,2,2,2,4,3,4,7,3,2,1,13,17,30,9,37
WESTSIDE MARAUDERS,23,266,11.308847729819162,7736,6920,1772,274,975,972,142,0.2560693641618497,1362,86,32,1326,584.8571733333333,1702.9142360000003,3.8646949779735684,1.2503041380323057,10,9,10,5,6,10,5,9,7,4,40,35,75,1,38
LOUISVILLE SLUGGERS,23,199,10.28256674039824,7368,6640,1727,247,945,902,188,0.2600903614457831,956,61,104,957,402.29902888888887,1177.2369,3.787333953974895,1.2314193514644352,6,7,5,9,9,4,10,3,9,8,36,34,70,2,38
NATIONAL PASTIME,23,249,10.337001799594672,7541,6785,1734,253,920,917,132,0.2555637435519528,1219,79,52,1220,527.2582388888889,1514.42407,3.892800779327317,1.242349524200164,8,5,7,4,5,8,8,7,5,7,29,35,64,3,38
MELONHEADS,23,245,9.939917652797066,7367,6527,1644,241,922,897,169,0.25187681936571166,1281,79,11,1285,543.8400822222222,1560.1893,3.820890507416081,1.2179463700234192,4,6,4,8,4,8,3,8,8,9,26,36,62,4,38
HOOSIERS,23,223,10.247761357231427,7622,6770,1694,251,986,934,230,0.25022156573116694,1203,71,39,1113,550.097528888889,1542.81438,4.115442859517873,1.28247246882793,7,10,9,10,3,6,6,5,2,2,39,21,60,5,38
BIG RED MACHINE,23,206,9.666122156089296,7364,6512,1607,269,920,918,120,0.24677518427518427,1192,72,59,1147,514.0063744444445,1484.4417,3.8809206124161078,1.2453369966442953,9,5,8,2,1,7,9,6,6,6,25,34,59,6,38
BLUE SOCKS,19,260,9.955689627126347,6926,6251,1608,222,853,851,159,0.25723884178531436,1055,68,29,1050,440.29287555555555,1260.85738,3.7560529668246443,1.1951254786729857,3,2,2,7,7,5,4,4,10,10,21,33,54,7,38
FREE BIRDS,23,252,9.097868956796306,7277,6433,1658,219,889,864,121,0.25773356132442093,1308,82,0,1351,577.3091522222223,1629.09976,3.972310680428135,1.2454891131498471,2,3,3,3,8,9,2,10,4,5,19,30,49,8,38
ERIE LAKERS,23,208,8.158825268773821,7264,6474,1705,243,910,909,111,0.26336113685511275,1008,57,29,941,449.6136344444445,1280.03118,4.014407450396826,1.2698722023809523,5,4,6,1,10,3,4,2,3,3,26,15,41,9,38
FREE AT LAST,22,226,8.211631899324829,7963,6995,1739,243,971,918,157,0.24860614724803431,952,54,46,847,440.3826044444445,1249.49542,4.163280924369748,1.3124951890756302,5,8,8,6,2,2,7,1,1,1,29,12,41,9,38
HOOSIERS,23,238,10.289826180274844,7909,7008,1757,265,1009,966,215,0.2507134703196347,1143,69,33,1036,484.6518077777778,1416.70215,3.816155966754156,1.2394594488188977,9,10,10,10,3,6,5,5,9,6,42,31,73,1,39
WESTSIDE MARAUDERS,23,265,11.188631500534022,7792,6974,1805,260,975,963,134,0.2588184685976484,1344,85,32,1337,584.4770133333333,1657.142936,3.913908571428571,1.2329932559523809,7,9,9,4,7,10,4,9,6,7,36,36,72,2,39
LOUISVILLE SLUGGERS,23,197,10.634716974871232,7365,6599,1716,248,958,905,178,0.26003939990907715,967,60,112,1009,411.3514344444445,1187.6432200000002,3.828503526370218,1.2281729265770425,5,6,4,8,10,3,10,4,8,8,33,33,66,3,39
NATIONAL PASTIME,23,253,10.57412022577148,7793,7003,1792,263,959,948,141,0.2558903327145509,1218,76,52,1179,538.7976944444445,1512.5184,3.9812637520525453,1.2418049261083743,8,7,8,5,6,8,8,7,3,5,34,31,65,4,39
MELONHEADS,23,244,10.125393449400532,7412,6597,1665,252,927,910,179,0.252387448840382,1317,81,0,1319,562.2473355555555,1607.3509800000002,3.842236917236143,1.2204639179954444,6,4,5,9,4,9,2,8,7,9,28,35,63,5,39
BLUE SOCKS,18,260,9.67123624131762,6352,5736,1487,197,794,772,156,0.2592398884239888,965,66,61,991,383.9939433333334,1152.4872599999999,3.5812906632124357,1.194287316062176,2,1,2,6,8,5,9,3,10,10,19,37,56,6,39
BIG RED MACHINE,23,207,9.805177945895565,7587,6710,1674,271,951,943,118,0.24947839046199702,1225,72,46,1151,533.1254155555556,1537.16951,3.916839787755102,1.2548322530612244,10,5,7,2,1,7,7,6,5,4,25,29,54,7,39
FREE BIRDS,23,242,9.145816679017562,7358,6551,1654,231,869,888,127,0.25248053732254616,1353,85,0,1371,596.1272544444446,1717.4029300000002,3.9653697634885448,1.269329586104952,3,2,3,3,5,10,2,10,4,3,16,29,45,8,39
FREE AT LAST,22,241,8.306485999237704,7858,6894,1724,239,972,905,172,0.2500725268349289,923,52,41,882,426.4646044444445,1189.46578,4.158376424702059,1.2886953196099675,4,8,4,7,2,2,6,1,2,2,25,13,38,9,39
ERIE LAKERS,23,196,8.165015291637692,7359,6539,1699,248,923,919,118,0.2598256614161187,1051,63,24,954,491.9056033333334,1374.8522600000001,4.212322007611799,1.3081372597526166,5,3,6,2,9,4,3,2,1,1,25,11,36,10,39
WESTSIDE MARAUDERS,23,269,11.215931235266115,7617,6831,1755,261,951,945,153,0.25691699604743085,1379,87,32,1334,592.7421622222222,1680.536826,3.868513023930384,1.2186633981145758,8,6,7,6,7,10,5,9,7,8,34,39,73,1,40
LOUISVILLE SLUGGERS,23,196,10.585456393817717,7788,6988,1834,252,996,942,174,0.2624499141385232,937,57,99,968,395.8612555555556,1160.53402,3.8022959445037356,1.238563521878335,6,10,6,8,10,3,10,2,9,7,40,31,71,2,40
NATIONAL PASTIME,23,254,10.566374498410623,7808,7006,1795,265,967,952,142,0.2562089637453611,1185,74,52,1170,521.7415188888889,1475.7644999999998,3.9625938143459916,1.2453708860759491,9,8,9,5,6,7,8,7,4,6,37,32,69,3,40
HOOSIERS,23,241,10.345591937581318,7926,7054,1781,256,994,962,228,0.25248086192231356,1169,71,19,1119,506.63572000000005,1468.6086500000001,3.900531633875107,1.2562948246364416,7,9,10,10,4,6,3,6,5,5,40,25,65,4,40
MELONHEADS,23,242,10.013970241998742,7248,6422,1596,250,911,894,185,0.2485207100591716,1231,77,27,1257,521.913758888889,1474.3231500000002,3.815778903330626,1.1976629975629571,5,4,4,9,2,8,4,8,8,9,24,37,61,5,40
BIG RED MACHINE,23,213,9.847834486522528,7692,6811,1713,269,962,950,119,0.25150491851416823,1202,71,46,1117,517.8033,1512.33013,3.877062978369384,1.2581781447587355,10,7,8,2,3,6,7,5,6,4,30,28,58,6,40
BLUE SOCKS,18,260,9.67123624131762,6352,5736,1487,197,794,772,156,0.2592398884239888,965,66,61,991,383.9939433333334,1152.4872599999999,3.5812906632124357,1.194287316062176,2,2,2,7,8,4,9,3,10,10,21,36,57,7,40
FREE BIRDS,23,240,9.292620748199472,7361,6546,1661,233,897,894,136,0.2537427436602505,1407,84,0,1340,632.7305211111111,1794.4462700000001,4.047316766169154,1.2753704832977968,3,3,4,4,5,9,2,10,3,3,19,27,46,8,40
ERIE LAKERS,23,200,8.147378750482748,7387,6564,1711,235,917,895,113,0.2606642291285801,975,57,45,946,444.4769233333333,1268.8099300000001,4.102863907692307,1.301343517948718,4,5,5,1,9,3,6,1,2,1,24,13,37,9,40
FREE AT LAST,22,225,8.257125153482445,7382,6477,1600,235,911,868,130,0.24702794503628223,1126,68,32,1056,520.3644277777777,1454.5766899999999,4.159218339253996,1.29180878330373,4,4,3,3,1,5,5,4,1,2,15,17,32,10,40
WESTSIDE MARAUDERS,23,270,11.212447454576594,7792,6935,1765,264,984,944,165,0.25450612833453495,1348,85,32,1313,579.3174655555556,1649.630676,3.867846580118695,1.2237616290801188,9,9,9,7,5,10,4,10,7,10,39,41,80,1,41
BLUE SOCKS,22,260,10.23071895453267,7760,7014,1801,239,956,944,181,0.25677216994582264,1024,69,42,1037,432.5437822222222,1253.2967899999999,3.8016543359374997,1.2239226464843749,4,8,9,9,6,4,6,3,10,9,36,32,68,2,41
LOUISVILLE SLUGGERS,23,197,10.736787880254646,7543,6785,1764,257,955,936,171,0.2599852616064849,1054,65,80,1084,455.35173222222227,1313.90162,3.888202647058824,1.2465859772296015,6,7,8,8,8,2,10,4,6,6,37,28,65,3,41
NATIONAL PASTIME,22,270,10.470356751542223,7225,6504,1702,223,897,862,158,0.2616851168511685,1248,78,52,1245,527.1765455555555,1528.0851,3.8017539342948723,1.2244271634615385,1,1,3,6,10,9,7,8,9,8,21,41,62,4,41
HOOSIERS,23,236,10.272953176301518,7818,6914,1726,261,1000,962,220,0.24963841481052937,1099,67,66,1030,487.1297377777778,1399.93269,3.9892335213830754,1.2738241037306643,8,10,10,10,3,3,9,2,3,2,41,19,60,5,41
BIG RED MACHINE,23,200,9.76266513325793,7560,6702,1650,271,937,933,123,0.24619516562220234,1221,74,59,1144,524.4197511111112,1552.3468800000003,3.8655018509418517,1.2713733660933664,10,6,7,3,1,6,8,6,8,3,27,31,58,6,41
MELONHEADS,23,238,9.881146491842227,7293,6464,1634,259,917,912,156,0.2527846534653465,1261,76,27,1215,549.1616655555556,1545.3424,3.9194726328310865,1.2254896114195084,7,5,6,5,4,7,3,7,5,7,27,29,56,7,41
FREE BIRDS,23,248,9.109670576241342,7466,6624,1708,229,906,895,100,0.2578502415458937,1289,77,19,1252,571.2439466666667,1619.9560999999999,3.9885147556245153,1.2567541505042668,2,3,4,1,7,8,2,9,4,4,17,27,44,8,41
ERIE LAKERS,23,189,8.047197468432502,7240,6440,1681,243,910,903,120,0.2610248447204969,1010,57,36,941,464.457148888889,1313.6790300000002,4.138727069306932,1.3006723069306934,5,4,5,2,9,1,5,1,1,1,25,9,34,9,41
FREE AT LAST,22,240,8.258276540222306,7256,6364,1576,233,900,849,148,0.24764299182903834,1146,71,0,1140,508.62213777777777,1434.5587799999998,3.9944146945898775,1.2517964921465967,3,2,2,4,2,5,1,5,2,5,13,18,31,10,41
WESTSIDE MARAUDERS,23,270,11.220240372086085,7610,6745,1716,277,976,952,160,0.2544106745737583,1284,82,46,1272,549.0850666666666,1562.830546,3.848727102803738,1.2171577461059189,10,9,9,6,6,9,6,8,6,8,40,37,77,1,42
LOUISVILLE SLUGGERS,23,190,10.508520151106165,7522,6742,1750,253,973,927,176,0.2595668940967072,1141,67,63,1109,498.06754,1435.25804,3.9286659596844875,1.2578948641542507,7,8,8,7,8,6,8,6,5,4,38,29,67,2,42
NATIONAL PASTIME,23,256,10.323067398904485,7373,6598,1672,250,899,908,127,0.25341012428008486,1272,79,52,1267,542.73807,1538.3712,3.840127853773585,1.209411320754717,6,3,6,4,5,8,7,7,7,10,24,39,63,3,42
HOOSIERS,23,231,10.41578936358153,8147,7235,1816,276,1028,1011,207,0.2510020732550104,1173,70,18,1079,523.84803,1509.23179,4.019294347826087,1.2866426172208014,9,10,10,10,2,7,3,5,3,3,41,21,62,4,42
MELONHEADS,23,246,9.955620126615413,7377,6547,1644,244,922,894,183,0.2511073774247747,1265,79,11,1277,538.1040966666667,1531.27666,3.828408592885376,1.2104953833992096,5,5,5,8,3,8,2,9,8,9,26,36,62,4,42
BIG RED MACHINE,23,214,9.772456183652904,7510,6678,1668,265,933,924,126,0.24977538185085355,1078,67,86,1057,456.9656911111112,1341.2085,3.8151124489795922,1.2441637291280148,8,6,7,3,1,6,10,4,9,6,25,35,60,5,42
BLUE SOCKS,19,260,10.08072249255694,7479,6762,1776,220,938,892,192,0.2626441881100266,868,58,29,851,366.2991622222222,1059.4544700000001,3.798032788018433,1.2205696658986176,1,7,4,9,10,4,4,1,10,7,31,26,57,6,42
FREE BIRDS,23,253,9.331125069616835,7540,6686,1701,234,900,890,110,0.25441220460664077,1349,83,0,1361,597.0269800000001,1684.2189400000002,3.983130333580431,1.248494395848777,4,4,3,1,7,10,1,10,4,5,19,30,49,7,42
ERIE LAKERS,23,198,8.150784998685339,7216,6405,1663,233,900,878,122,0.2596409055425449,964,55,69,892,434.09330000000006,1244.88355,4.052738278008299,1.2913729771784233,3,4,2,2,9,3,9,2,2,2,20,18,38,8,42
FREE AT LAST,22,224,8.220794932083551,7291,6465,1627,225,894,866,136,0.2516627996906419,1093,66,39,1046,497.2216622222223,1435.23655,4.0942314364135415,1.3131166971637696,2,2,1,5,4,5,5,3,1,1,14,15,29,9,42
NATIONAL PASTIME,23,266,10.54329885171832,7598,6828,1759,253,938,928,152,0.2576157000585823,1137,71,84,1117,487.5686888888889,1385.9718599999999,3.859382761653474,1.218972612137203,8,8,8,6,7,5,9,5,7,10,37,36,73,1,43
HOOSIERS,23,241,10.308792543237388,7571,6717,1696,244,957,920,212,0.2524936727705821,1206,73,33,1180,493.3475844444445,1478.27833,3.6816983913764516,1.2257697595356551,5,9,7,10,4,6,7,7,10,7,35,37,72,2,43
WESTSIDE MARAUDERS,23,263,10.942219142995636,7253,6504,1685,246,918,903,143,0.25907134071340715,1379,87,32,1369,586.9494755555555,1687.710006,3.8307072371283533,1.2238651240029006,6,3,4,5,9,10,6,10,8,8,27,42,69,3,43
LOUISVILLE SLUGGERS,23,192,10.43068295990272,7746,6928,1788,264,998,948,174,0.25808314087759815,1076,62,85,1016,492.21570444444455,1368.59871,4.117045855018588,1.2719318866171003,9,10,10,7,8,2,10,3,2,3,44,20,64,4,43
BIG RED MACHINE,23,199,9.737971023002885,7531,6681,1676,266,937,933,128,0.2508606496033528,1287,77,27,1177,569.2913233333334,1641.09474,3.981058205128205,1.275131888111888,10,7,9,3,3,8,4,6,4,2,32,24,56,5,43
MELONHEADS,23,236,9.983940650701856,7409,6567,1645,243,919,898,179,0.25049489873610475,1306,81,11,1256,554.1024288888889,1618.6069100000002,3.818470030627872,1.2393621056661563,4,4,3,8,2,9,2,9,9,6,21,35,56,5,43
BLUE SOCKS,21,260,10.228422037667764,7416,6693,1723,234,923,909,183,0.2574331391005528,1083,70,29,1111,471.25225222222224,1323.06926,3.916223702677747,1.2216706001846722,2,5,5,9,6,4,5,4,5,9,27,27,54,6,43
FREE BIRDS,23,259,9.30383995871677,7466,6625,1694,222,894,876,132,0.25569811320754715,1187,75,46,1231,514.9012444444445,1487.63749,3.904053243470935,1.253275054759899,1,1,1,4,5,7,8,8,6,5,12,34,46,7,43
ERIE LAKERS,23,195,8.03714065294239,7427,6604,1716,247,935,911,126,0.25984251968503935,1010,59,20,929,466.50863,1318.96057,4.157007594059405,1.3059015544554455,7,6,6,2,10,1,3,1,1,1,31,7,38,8,43
FREE AT LAST,22,232,8.215303761988805,7382,6499,1601,242,911,877,118,0.24634559162948147,1029,64,46,1015,463.2865811111111,1300.8021899999999,4.052069222546161,1.2641420699708454,3,2,2,1,1,3,8,2,3,4,9,20,29,9,43
LOUISVILLE SLUGGERS,23,200,10.689971880230157,7508,6734,1752,259,972,931,170,0.2601722601722602,936,58,112,985,393.97897111111115,1159.3687599999998,3.788259337606838,1.2386418376068373,9,8,8,8,9,2,10,3,9,6,42,30,72,1,44
NATIONAL PASTIME,23,260,10.418194727901993,7506,6736,1720,245,920,901,140,0.25534441805225655,1280,80,52,1254,542.92896,1559.40147,3.81746925,1.2182823984375,7,7,6,5,6,8,8,7,7,10,31,40,71,2,44
HOOSIERS,23,234,10.345462322634488,7951,7046,1759,269,1005,983,212,0.24964518875957992,1296,76,2,1158,575.3050244444445,1626.2985800000001,3.995173780864198,1.2548600154320988,10,10,10,10,2,6,2,6,4,5,42,23,65,3,44
MELONHEADS,23,236,9.937482443900857,7223,6412,1632,256,911,912,152,0.2545227698066126,1270,77,17,1274,543.2197177777778,1562.30065,3.8495885511811023,1.2301579921259842,8,5,7,7,5,7,3,8,6,7,32,31,63,4,44
WESTSIDE MARAUDERS,21,270,11.053678675529643,6938,6199,1592,235,878,852,151,0.2568156154218422,1301,81,51,1321,550.5379166666667,1589.3326260000001,3.8084867409684855,1.2216238478093775,4,1,2,6,7,9,7,9,8,9,20,42,62,5,44
BLUE SOCKS,20,260,10.075278532783306,7442,6712,1730,226,914,883,179,0.2577473182359952,970,67,29,990,404.04684222222227,1188.31229,3.748888226804124,1.2250642164948455,3,6,3,9,8,4,5,4,10,8,29,31,60,6,44
BIG RED MACHINE,23,208,9.867654136958441,7818,6934,1755,269,986,957,139,0.2531006633977502,1223,71,27,1121,539.0938366666667,1568.1999400000002,3.967166418642682,1.2822566966475881,10,9,9,4,4,5,4,5,5,2,36,21,57,7,44
FREE BIRDS,23,247,9.32582928011406,7334,6500,1632,243,891,898,122,0.2510769230769231,1361,85,0,1346,604.1933633333334,1712.64649,3.9954006392358568,1.2583736149889788,6,3,4,2,3,10,1,10,3,4,18,28,46,8,44
ERIE LAKERS,23,192,8.131492442825301,7279,6471,1689,239,906,899,111,0.2610106629578118,956,57,50,912,439.14980888888897,1237.5276900000001,4.134255523012553,1.2944850313807532,5,4,5,1,10,1,6,1,1,1,25,10,35,9,44
FREE AT LAST,22,236,8.02171919178357,7270,6405,1587,224,888,849,138,0.2477751756440281,983,60,73,937,445.8090899999999,1239.02893,4.081670203458799,1.2604566937945065,2,2,1,3,1,3,9,2,2,3,9,19,28,10,44
LOUISVILLE SLUGGERS,23,194,10.351139381480218,7669,6854,1765,262,979,931,161,0.2575138605194047,973,60,91,1024,418.39186333333333,1205.29816,3.8700172353545734,1.2387442548818088,10,9,8,8,7,4,10,3,7,7,42,31,73,1,45
NATIONAL PASTIME,23,252,10.513531270311688,7681,6927,1785,253,946,937,157,0.2576873105240364,1235,77,52,1148,547.3556533333333,1532.6772399999998,3.988826623481781,1.2410342024291496,7,7,9,6,8,8,8,6,4,6,37,32,69,2,45
WESTSIDE MARAUDERS,23,266,11.029888370503528,7432,6671,1724,248,925,918,141,0.2584320191875281,1387,86,32,1379,593.8915944444444,1694.400186,3.8536585075702954,1.2216295501081471,5,3,6,4,9,10,6,10,8,8,27,42,69,2,45
MELONHEADS,23,247,9.953279338460353,7384,6544,1641,250,930,907,175,0.2507640586797066,1280,77,19,1235,533.17578,1555.6762699999997,3.748892203125,1.2153720859374997,6,4,5,9,2,8,3,8,9,9,26,37,63,3,45
HOOSIERS,23,234,10.20423700186785,7772,6914,1755,244,980,929,229,0.2538328030083888,1209,75,16,1155,535.4854733333334,1541.7636799999998,3.986244218362283,1.2752387758478079,4,10,7,10,5,7,2,7,5,2,36,23,59,4,45
BIG RED MACHINE,23,208,9.784270457827185,7461,6621,1670,259,937,918,117,0.252227760157076,1173,71,57,1132,514.2871133333333,1469.6878700000002,3.9459369309462917,1.2529308354646207,9,6,6,2,3,6,9,5,6,4,26,30,56,5,45
BLUE SOCKS,19,260,9.982721470499438,6926,6251,1608,222,853,851,159,0.25723884178531436,1057,70,29,1047,434.1460188888889,1280.4184599999999,3.6966075402081358,1.2113703500473036,2,1,4,7,6,5,4,4,10,10,20,33,53,6,45
ERIE LAKERS,23,201,8.37723262720922,7359,6525,1697,258,934,938,112,0.2600766283524904,1027,60,30,945,471.9493766666667,1348.5177500000002,4.135875744888024,1.313064995131451,8,5,10,1,10,4,5,2,1,1,34,13,47,7,45
FREE BIRDS,23,243,9.09350382563988,7215,6380,1610,222,871,849,137,0.25235109717868337,1281,81,32,1294,567.7866866666668,1603.6747799999998,3.9891336299765814,1.2518928805620608,2,2,3,3,4,9,6,9,3,5,14,32,46,8,45
FREE AT LAST,22,232,8.066293347631968,7641,6713,1666,241,954,907,153,0.24817518248175183,892,51,43,875,396.9454044444445,1131.00999,4.005054529147983,1.2679484192825112,3,8,5,5,1,3,7,1,2,3,22,16,38,9,45
NATIONAL PASTIME,23,259,10.283720370259994,7451,6669,1669,258,897,919,132,0.250262408157145,1186,75,82,1198,494.51877,1436.1115300000001,3.75267194772344,1.2108866188870153,8,2,8,5,4,7,10,7,9,9,27,42,69,1,46
MELONHEADS,23,242,10.062038713872084,7524,6683,1678,250,943,918,175,0.2510848421367649,1298,80,11,1254,552.3980411111111,1580.3481399999998,3.8301867257318953,1.2175255315870568,6,7,7,9,5,9,3,9,6,7,34,34,68,2,46
LOUISVILLE SLUGGERS,23,199,10.709508535914832,7630,6844,1775,257,973,935,168,0.2593512565751023,1033,66,77,1054,441.85411444444446,1272.70202,3.84964862536302,1.2320445498547918,7,9,9,8,7,4,8,4,5,6,40,27,67,3,46
WESTSIDE MARAUDERS,21,270,10.917342404271874,7225,6502,1702,238,910,895,142,0.2617656105813596,1200,78,32,1238,502.54303000000004,1457.973086,3.769072725,1.2149775716666666,4,4,6,6,9,8,6,8,8,8,29,38,67,3,46
HOOSIERS,23,231,10.530641601953581,7853,6984,1747,266,997,970,236,0.25014318442153494,1235,74,17,1143,539.7728588888889,1584.8833400000003,3.9335673927125505,1.283306348178138,9,10,10,10,3,6,4,6,4,3,42,23,65,4,46
BIG RED MACHINE,23,213,9.77681477753636,7528,6664,1664,267,945,918,118,0.24969987995198079,1129,68,78,1089,478.3432944444445,1408.53534,3.8131883525243584,1.2475955181576615,10,8,7,3,2,5,9,5,7,5,30,31,61,5,46
BLUE SOCKS,18,260,9.623247697916435,6989,6320,1661,208,868,834,168,0.26281645569620254,742,53,56,817,299.50505000000004,877.18115,3.6328105795148256,1.1821848382749327,1,1,3,8,10,1,7,1,10,10,23,29,52,6,46
FREE BIRDS,23,246,9.189286188823772,7459,6601,1693,228,906,889,122,0.25647629147098927,1331,82,0,1307,595.3074722222223,1676.0408799999998,4.0253698347107445,1.259234320060105,2,3,5,4,6,10,2,10,3,4,20,29,49,7,46
ERIE LAKERS,23,195,8.218667301072335,7359,6539,1699,248,923,919,118,0.2598256614161187,1098,62,24,985,520.3937933333333,1439.75985,4.265522896174863,1.3112566939890709,5,6,8,3,8,2,5,2,1,1,30,11,41,8,46
FREE AT LAST,22,216,8.269589423602268,7291,6397,1582,234,916,864,149,0.24730342347975615,1160,64,24,1049,544.1598866666667,1499.6563500000002,4.221930155172414,1.2928071982758622,3,5,4,7,1,3,5,3,2,2,20,15,35,9,46
HOOSIERS,23,246,10.463224682856891,7823,6926,1768,247,992,946,206,0.25526999711233034,1270,76,13,1189,539.8099855555555,1579.54898,3.8254250944881885,1.2437393543307087,6,10,9,10,5,7,4,6,9,6,40,32,72,1,47
WESTSIDE MARAUDERS,23,270,11.124707824075948,7586,6770,1741,245,952,914,167,0.2571639586410635,1347,85,32,1364,583.2301199999999,1641.0535760000002,3.896860489977728,1.2183025805493692,5,7,5,8,8,10,6,10,4,9,33,39,72,1,47
LOUISVILLE SLUGGERS,23,189,10.432728423358594,7585,6820,1746,267,967,949,161,0.25601173020527856,989,59,102,991,424.2413111111112,1237.68923,3.86063882709808,1.2514552376137513,10,9,10,7,6,4,10,3,7,5,42,29,71,2,47
BLUE SOCKS,21,260,10.204798449015978,7635,6865,1768,232,954,915,187,0.25753823743627097,907,61,61,937,378.0468011111111,1109.9834799999999,3.7512913009922824,1.2237965600882028,1,8,6,9,9,5,9,2,10,8,33,34,67,3,47
NATIONAL PASTIME,23,262,10.558926896136372,7632,6860,1760,254,939,927,151,0.2565597667638484,1243,78,52,1222,537.5848577777778,1529.9081300000003,3.892408463395012,1.230819090909091,7,5,7,5,7,8,8,7,5,7,31,35,66,4,47
MELONHEADS,23,243,9.890191477110895,7188,6379,1604,261,906,908,159,0.2514500705439724,1326,82,0,1279,565.4002055555555,1603.1777899999997,3.8375579562594266,1.2090330241327298,9,3,4,6,2,9,3,9,8,10,24,39,63,5,47
BIG RED MACHINE,23,205,9.770280705207055,7573,6730,1704,258,943,933,118,0.25319465081723624,1249,76,27,1172,539.5331177777778,1597.18243,3.887748646917534,1.278768959167334,8,6,8,2,4,7,5,5,6,3,28,26,54,6,47
ERIE LAKERS,23,200,8.046120402071756,7221,6438,1681,243,906,901,120,0.2611059335197266,900,53,61,862,402.4016788888889,1166.18192,4.024016788888889,1.2957576888888889,4,3,3,3,10,3,9,1,2,1,23,16,39,7,47
FREE BIRDS,23,243,9.102044924573503,7386,6571,1663,234,881,889,118,0.253081722721047,1256,78,27,1266,561.0549077777779,1574.8350400000002,4.020297906050956,1.2538495541401276,2,2,2,2,3,8,5,8,3,4,11,28,39,7,47
FREE AT LAST,22,230,8.256748386514658,7445,6512,1603,240,926,867,150,0.24616093366093367,1089,64,38,1016,506.96054555555565,1402.85685,4.189756574839303,1.288206473829201,3,4,1,4,1,6,7,4,1,2,13,20,33,8,47
LOUISVILLE SLUGGERS,23,195,10.60687652048686,7697,6897,1787,260,976,937,158,0.2590981586196897,914,57,113,1001,384.1364011111111,1115.3812400000002,3.782524737417943,1.2203295842450768,9,9,7,5,8,4,10,3,9,8,38,34,72,1,48
WESTSIDE MARAUDERS,22,270,11.128192349624657,7253,6458,1667,254,934,905,171,0.25812945184267577,1321,83,32,1346,569.3737455555556,1626.8681760000002,3.879154965934898,1.2315429038607117,7,5,5,9,7,8,5,10,6,7,33,36,69,2,48
BLUE SOCKS,21,260,10.160748679874946,7995,7265,1886,239,961,967,160,0.25960082587749483,958,63,29,937,409.9080044444445,1156.3851599999998,3.8509102713987478,1.2070826304801667,4,6,10,6,9,5,4,2,7,10,35,28,63,3,48
HOOSIERS,23,230,10.27676897034083,7848,6938,1737,257,999,952,203,0.2503603343903142,1299,76,2,1172,579.4009100000001,1635.3883600000001,4.014325011547345,1.2589594765204004,8,10,9,10,2,7,3,6,3,4,39,23,62,4,48
NATIONAL PASTIME,23,270,10.513315768518074,7437,6661,1713,237,915,882,136,0.25716859330430863,1208,76,84,1198,503.2794122222222,1458.75668,3.74959826986755,1.2075800331125828,3,4,2,4,6,7,9,7,10,9,19,42,61,5,48
BIG RED MACHINE,23,212,9.870323703627566,7657,6792,1711,269,962,944,129,0.25191401648998824,1173,71,46,1127,507.5695122222222,1489.80727,3.894395234441603,1.2700829241261722,10,7,8,2,4,6,7,5,5,2,31,25,56,6,48
MELONHEADS,23,228,9.855845707156492,7146,6342,1591,250,897,891,162,0.25086723431094293,1379,85,0,1326,586.5780611111111,1716.43798,3.8282832124728063,1.244697592458303,6,3,3,7,3,10,2,8,8,6,22,34,56,6,48
FREE BIRDS,23,249,9.295598360765489,7396,6563,1661,237,893,899,131,0.25308547920158464,1350,84,0,1328,600.7118422222223,1698.16385,4.004745614814816,1.257899148148148,3,2,4,3,5,9,2,9,4,5,17,29,46,7,48
FREE AT LAST,22,237,8.251896047126309,7816,6874,1696,248,965,925,168,0.24672679662496363,835,50,60,788,378.37010444444445,1057.7649000000001,4.078240646706587,1.2667843113772457,5,8,6,8,1,3,8,1,2,3,28,17,45,8,48
ERIE LAKERS,23,196,8.169541385162214,7158,6383,1662,236,897,879,128,0.26037913206955976,1077,63,35,1011,494.08697111111115,1408.17077,4.128860482822656,1.3074937511606313,2,3,1,1,10,5,6,4,1,1,17,17,34,9,48
WESTSIDE MARAUDERS,23,269,11.24737304954965,7890,7051,1810,263,979,965,144,0.2567011771379946,1343,84,32,1345,585.0673811111112,1654.9149060000002,3.9207791734921824,1.23225234996277,9,9,9,5,7,10,7,10,5,7,39,39,78,1,49
LOUISVILLE SLUGGERS,23,198,10.735980824663274,7643,6846,1791,253,974,929,167,0.261612620508326,1044,62,85,1058,453.1915522222223,1287.21937,3.906823726053641,1.232968745210728,6,8,8,8,10,4,10,5,8,6,40,33,73,2,49
HOOSIERS,23,228,10.294129805924396,7978,7067,1755,274,1004,985,199,0.24833734257818027,1086,66,52,1021,471.5148944444445,1372.4109999999998,3.90758199815838,1.2637302025782686,10,10,10,10,2,5,8,3,7,4,42,27,69,3,49
NATIONAL PASTIME,23,258,10.474263750992058,7556,6788,1737,255,928,921,133,0.2558927519151444,1204,77,52,1238,523.3309633333333,1470.40144,3.9119424169435217,1.22126365448505,7,6,6,2,6,8,8,7,6,9,27,38,65,4,49
MELONHEADS,23,246,10.010231303929485,7307,6491,1656,247,919,903,172,0.2551224772762286,1291,78,19,1240,550.19862,1581.6345399999998,3.835621673121611,1.2251235786212238,5,3,4,9,5,9,4,8,9,8,26,38,64,5,49
BLUE SOCKS,18,260,9.67123624131762,6352,5736,1487,197,794,772,156,0.2592398884239888,965,66,61,991,383.9939433333334,1152.4872599999999,3.5812906632124357,1.194287316062176,2,1,1,7,8,5,9,2,10,10,19,36,55,6,49
BIG RED MACHINE,23,202,9.762436712443163,7490,6662,1664,261,944,926,141,0.24977484238967276,1288,76,27,1175,563.2452866666667,1632.3611900000003,3.9357201708074534,1.2673611723602487,8,7,7,4,3,7,5,6,4,3,29,25,54,7,49
FREE BIRDS,23,254,9.18210377385418,7298,6473,1651,226,884,880,140,0.25505947783099026,1237,78,27,1261,546.2282244444445,1544.5461400000002,3.974174632174617,1.2486225869037997,3,2,3,3,4,9,5,9,3,5,15,31,46,8,49
ERIE LAKERS,23,196,8.14350183503061,7406,6601,1721,247,925,919,122,0.2607180730192395,1035,60,16,956,468.7826122222222,1344.9643,4.0763705410628015,1.2994824154589373,5,5,5,1,9,3,3,1,2,2,25,11,36,9,49
FREE AT LAST,22,230,8.315305622225091,7326,6408,1574,242,922,867,147,0.24563046192259674,1145,68,30,1052,529.021868888889,1490.49688,4.158250497816595,1.301744,4,4,2,6,1,6,6,4,1,1,17,18,35,10,49
WESTSIDE MARAUDERS,23,266,11.005012813750872,7344,6524,1666,275,941,940,136,0.2553648068669528,1379,85,32,1347,594.2054233333333,1674.732546,3.878062951414068,1.2144543480783176,10,7,9,4,6,10,5,10,6,8,36,39,75,1,50
LOUISVILLE SLUGGERS,23,195,10.604600472559651,7760,6936,1777,258,996,927,191,0.256199538638985,1096,67,63,1050,477.6819111111111,1350.5340300000003,3.9225704379562045,1.2322390784671535,9,10,6,9,8,5,10,3,4,6,42,28,70,2,50
MELONHEADS,23,249,10.013165603055004,7503,6686,1692,246,932,916,161,0.2530661082859707,1107,69,60,1143,463.13487666666674,1327.0558800000001,3.7653242005420062,1.1987857994579947,5,6,4,7,3,7,8,5,10,10,25,40,65,3,50
NATIONAL PASTIME,23,260,10.66805372161358,7650,6869,1718,275,920,957,131,0.25010918619886446,1301,81,52,1250,554.6919466666666,1597.23111,3.8372233051498843,1.2276949346656418,10,4,10,2,1,9,6,8,8,7,27,38,65,3,50
HOOSIERS,23,233,10.196253494090241,7759,6845,1719,252,989,936,207,0.25113221329437546,1053,67,57,1047,445.47358888888897,1314.00529,3.807466571699906,1.2478682716049383,7,9,8,10,2,5,7,2,9,5,36,28,64,4,50
BIG RED MACHINE,23,216,9.83972720627334,7587,6733,1710,256,953,932,139,0.25397296895885935,1247,75,27,1165,541.43915,1562.27851,3.907740457097033,1.2528295990376905,8,8,7,5,4,8,4,7,5,4,32,28,60,5,50
BLUE SOCKS,20,260,10.086872792874084,6975,6288,1627,215,867,836,176,0.2587468193384224,1016,68,61,1071,435.82196,1227.05343,3.860627598425197,1.2077297539370078,3,1,1,8,9,6,9,4,7,9,22,35,57,6,50
FREE BIRDS,23,244,9.311582430666368,7480,6643,1698,232,913,901,132,0.2556074062923378,1356,85,0,1303,606.8318433333334,1739.8432799999998,4.027644977876107,1.2830702654867254,4,3,3,3,7,10,3,9,3,3,20,28,48,7,50
ERIE LAKERS,23,194,8.11521487782564,7359,6539,1699,248,923,919,118,0.2598256614161187,948,53,61,867,439.2111566666667,1255.1501399999997,4.169726170886076,1.3239980379746832,6,5,5,1,10,4,9,1,1,1,27,16,43,8,50
FREE AT LAST,22,230,8.126716309062395,7305,6487,1650,215,897,846,142,0.25435486357330045,1197,69,0,1158,540.9320566666668,1562.84585,4.0671583208020055,1.3056356307435255,3,2,2,6,5,7,3,6,2,2,18,20,38,9,50
