Name,Team,player_type,fg_auction_dollars,PA,AB,H,HR,R,RBI,SB,AVG,IP,W,SV,SO,ERA,WHIP,sgp_R,sgp_HR,sgp_RBI,sgp_SB,sgp_AVG,sgp_hitting,sgp_W,sgp_SV,sgp_SO,sgp_ERA,sgp_WHIP,sgp_pitching,sgp_total,p_c,p_1b,p_2b,p_3b,p_ss,p_of,p_ci,p_mi,p_dh,p_sp,p_rp,replacement_position,replacement_level_sgp,repl_sgp_total,repl_sgp_R,repl_sgp_HR,repl_sgp_RBI,repl_sgp_SB,repl_sgp_AVG,repl_sgp_W,repl_sgp_SV,repl_sgp_SO,repl_sgp_ERA,repl_sgp_WHIP,sgpar_R,sgpar_HR,sgpar_RBI,sgpar_SB,sgpar_AVG,sgpar_W,sgpar_SV,sgpar_SO,sgpar_ERA,sgpar_WHIP,sgpar_hitting,sgpar_pitching,sgpar_total,sgpar,$_R,$_RBI,$_HR,$_SB,$_AVG,$_W,$_SV,$_SO,$_ERA,$_WHIP,$_cat,standings_value
Edwin Diaz,LAD,pitcher,19.36249239871072,NA,NA,NA,NA,NA,NA,NA,NA,66,5,36,93,2.98114,1.06968,0,0,0,0,0,0,0.1226495573299238,0.5023033693630067,0.25664163895499154,0.05862972816135293,0.05650539700696847,0.9967296908162434,0.9967296908162434,0,0,0,0,0,0,0,0,0,0,1,P,0.4486529493960002,0.4486529493960002,0,0,0,0,0,0.1422734865027116,0.03627746556510604,0.24091199011581463,0.01911506633562095,0.01007494087674703,0,0,0,0,0,-0.019623929172787796,0.46602590379790065,0.015729648839176907,0.039514661825731975,0.04643045613022144,0,0.5480767414202432,0.5480767414202432,0.5480767414202432,0,0,0,0,0,-1.062992125984252,51.70871559633035,0.4289656325779748,2.784072159781698,3.3393054655442165,57.19806672824999,57.19806672824999
Mason Miller,SDP,pitcher,22.247695336459255,NA,NA,NA,NA,NA,NA,NA,NA,66,4,32,106,2.43273,0.962613,0,0,0,0,0,0,0.09811964586393904,0.44649188387822814,0.29251627665837743,0.07478548987317842,0.07459252895450795,0.986505825228231,0.986505825228231,0,0,0,0,0,0,0,0,0,0,1,P,0.4486529493960002,0.4486529493960002,0,0,0,0,0,0.1422734865027116,0.03627746556510604,0.24091199011581463,0.01911506633562095,0.01007494087674703,0,0,0,0,0,-0.04415384063877256,0.4102144183131221,0.0516042865425628,0.05567042353755747,0.06451758807776092,0,0.5378528758322307,0.5378528758322307,0.5378528758322307,0,0,0,0,0,-2.3917322834645685,45.516055045871624,1.4073083033698461,3.9223536058010646,4.640142536776968,53.094127208354934,53.094127208354934
Jhoan Duran,PHI,pitcher,19.455551097872817,NA,NA,NA,NA,NA,NA,NA,NA,70,7,29,84,2.67226,1.0988,0,0,0,0,0,0,0.1717093802618933,0.40463326976464425,0.2318053513141859,0.0718339039331924,0.05471250147985671,0.9346944067537728,0.9346944067537728,0,0,0,0,0,0,0,0,0,0,1,P,0.4486529493960002,0.4486529493960002,0,0,0,0,0,0.1422734865027116,0.03627746556510604,0.24091199011581463,0.01911506633562095,0.01007494087674703,0,0,0,0,0,0.029435893759181708,0.36835580419953823,-0.009106638801628736,0.052718837597571455,0.04463756060310968,0,0.4860414573577723,0.4860414573577723,0.4860414573577723,0,0,0,0,0,1.594488188976379,40.87155963302758,-0.24834852412409067,3.7143946391026086,3.210359374296641,49.14245331127912,49.14245331127912
Devin Williams,NYM,pitcher,15.632911635049837,NA,NA,NA,NA,NA,NA,NA,NA,64,5,32,85,3.12382,1.13527,0,0,0,0,0,0,0.1226495573299238,0.44649188387822814,0.23456493882983095,0.05277719138896732,0.04404857434809053,0.9005321457750407,0.9005321457750407,0,0,0,0,0,0,0,0,0,0,1,P,0.4486529493960002,0.4486529493960002,0,0,0,0,0,0.1422734865027116,0.03627746556510604,0.24091199011581463,0.01911506633562095,0.01007494087674703,0,0,0,0,0,-0.019623929172787796,0.4102144183131221,-0.006347051285983674,0.03366212505334637,0.033973633471343495,0,0.4518791963790405,0.4518791963790405,0.4518791963790405,0,0,0,0,0,-1.062992125984252,45.516055045871624,-0.17309139560163922,2.3717218083107205,2.4434035198161688,49.095096852412624,49.095096852412624
Shohei Ohtani,LAD,two-way,47.736566976856594,679,575,162,48,129,119,26,0.282114,116,8,0,138,3.51338,1.13306,0.44350098579028424,0.5771352215283898,0.6699982321315272,0.21451400323634084,0.1704333544591361,2.075581797145678,0.19623929172787807,0,0.3808230771590197,0.0754884463920216,0.08049421709419063,0.7330450323731099,2.808626829518788,0,0,0,0,0,0,0,0,1,1,0,P,0.4486529493960002,0.4486529493960002,0,0,0,0,0,0.1422734865027116,0.03627746556510604,0.24091199011581463,0.01911506633562095,0.01007494087674703,0.44350098579028424,0.5771352215283898,0.6699982321315272,0.21451400323634084,0.1704333544591361,0.053965805225166474,-0.03627746556510604,0.13991108704320507,0.05637338005640065,0.07041927621744361,2.075581797145678,0.2843920829771097,2.3599738801227876,2.3599738801227876,6.808851702701648,6.597535934291581,9.725348941918059,7.277628032345015,5.570288681816423,2.9232283464566953,-4.025229357798171,3.815536416088301,3.9718815932169638,5.064595387412487,47.729665678448995,47.729665678448995
Daniel Palencia,CHC,pitcher,10.599615266822829,NA,NA,NA,NA,NA,NA,NA,NA,67,5,30,75,3.67884,1.23486,0,0,0,0,0,0,0.1226495573299238,0.41858614113583886,0.20696906367338025,0.03865290004768616,0.02903442072647016,0.8158920829132993,0.8158920829132993,0,0,0,0,0,0,0,0,0,0,1,P,0.4486529493960002,0.4486529493960002,0,0,0,0,0,0.1422734865027116,0.03627746556510604,0.24091199011581463,0.01911506633562095,0.01007494087674703,0,0,0,0,0,-0.019623929172787796,0.38230867557073284,-0.03394292644243438,0.019537833712065206,0.01895947984972313,0,0.367239133517299,0.367239133517299,0.367239133517299,0,0,0,0,0,-1.062992125984252,42.41972477064226,-0.9256626808261562,1.3765710343187894,1.3635768407807356,43.171217838931376,43.171217838931376
Paul Skenes,PIT,pitcher,38.034262285935114,NA,NA,NA,NA,NA,NA,NA,NA,189,13,0,223,2.84096,1.06713,0,0,0,0,0,0,0.31888884905780185,0,0.6153880159888506,0.17971989814828895,0.16304450325162287,1.2770412664465642,1.2770412664465642,0,0,0,0,0,0,0,0,0,1,0,P,0.4486529493960002,0.4486529493960002,0,0,0,0,0,0.1422734865027116,0.03627746556510604,0.24091199011581463,0.01911506633562095,0.01007494087674703,0,0,0,0,0,0.17661536255509025,-0.03627746556510604,0.37447602587303597,0.160604831812668,0.15296956237487583,0,0.828388317050564,0.828388317050564,0.828388317050564,0,0,0,0,0,9.566929133858274,-4.025229357798171,10.212392340496692,11.315684364149007,11.001660079919908,38.07143656062571,38.07143656062571
Raisel Iglesias,ATL,pitcher,11.236943233503109,NA,NA,NA,NA,NA,NA,NA,NA,66,5,26,71,3.61191,1.15066,0,0,0,0,0,0,0.1226495573299238,0.3627746556510604,0.19593071361079997,0.04004770045403877,0.04282521595107124,0.7642278429968942,0.7642278429968942,0,0,0,0,0,0,0,0,0,0,1,P,0.4486529493960002,0.4486529493960002,0,0,0,0,0,0.1422734865027116,0.03627746556510604,0.24091199011581463,0.01911506633562095,0.01007494087674703,0,0,0,0,0,-0.019623929172787796,0.32649719008595435,-0.044981276505014656,0.02093263411841782,0.03275027507432421,0,0.31557489360089397,0.31557489360089397,0.31557489360089397,0,0,0,0,0,-1.062992125984252,36.227064220183536,-1.226691194915963,1.4748440499630673,2.3554188709032133,37.7676438201496,37.7676438201496
Pete Fairbanks,MIA,pitcher,9.687086530064128,NA,NA,NA,NA,NA,NA,NA,NA,62,4,27,65,3.37957,1.20399,0,0,0,0,0,0,0.09811964586393904,0.376727527022255,0.17937318851692954,0.04405031302867699,0.03176657157854513,0.7300372460103457,0.7300372460103457,0,0,0,0,0,0,0,0,0,0,1,P,0.4486529493960002,0.4486529493960002,0,0,0,0,0,0.1422734865027116,0.03627746556510604,0.24091199011581463,0.01911506633562095,0.01007494087674703,0,0,0,0,0,-0.04415384063877256,0.34045006145714896,-0.061538801598885084,0.02493524669305604,0.0216916307017981,0,0.2813842966143454,0.2813842966143454,0.2813842966143454,0,0,0,0,0,-2.3917322834645685,37.77522935779822,-1.678233966050673,1.7568548712776437,1.5600747224176723,37.02219270197829,37.02219270197829
Emilio Pagan,CIN,pitcher,6.643577714199071,NA,NA,NA,NA,NA,NA,NA,NA,66,3,27,71,4.0446,1.19264,0,0,0,0,0,0,0.07358973439795427,0.376727527022255,0.19593071361079997,0.0273009661948353,0.03573341549754488,0.7092823567233895,0.7092823567233895,0,0,0,0,0,0,0,0,0,0,1,P,0.4486529493960002,0.4486529493960002,0,0,0,0,0,0.1422734865027116,0.03627746556510604,0.24091199011581463,0.01911506633562095,0.01007494087674703,0,0,0,0,0,-0.06868375210475733,0.34045006145714896,-0.044981276505014656,0.008185899859214349,0.025658474620797848,0,0.2606294073273892,0.2606294073273892,0.2606294073273892,0,0,0,0,0,-3.720472440944885,37.77522935779822,-1.226691194915963,0.5767513841143046,1.8453724490332546,35.25018955508493,35.25018955508493
Dennis Santana,PIT,pitcher,7.205901396664605,NA,NA,NA,NA,NA,NA,NA,NA,68,4,26,63,3.72195,1.24679,0,0,0,0,0,0,0.09811964586393904,0.3627746556510604,0.17385401348563942,0.03792133507532929,0.02739132977678283,0.700060979852751,0.700060979852751,0,0,0,0,0,0,0,0,0,0,1,P,0.4486529493960002,0.4486529493960002,0,0,0,0,0,0.1422734865027116,0.03627746556510604,0.24091199011581463,0.01911506633562095,0.01007494087674703,0,0,0,0,0,-0.04415384063877256,0.32649719008595435,-0.06705797663017521,0.01880626873970834,0.0173163889000358,0,0.2514080304567507,0.2514080304567507,0.2514080304567507,0,0,0,0,0,-2.3917322834645685,36.227064220183536,-1.828748223095576,1.3250273900484013,1.2454047820508236,34.57701588572262,34.57701588572262
Ryan Walker,SFG,pitcher,10.560564184206775,NA,NA,NA,NA,NA,NA,NA,NA,63,5,24,68,3.27067,1.18208,0,0,0,0,0,0,0.1226495573299238,0.3348689129086711,0.18765195106386476,0.04782309371914819,0.03581201232502449,0.7288055273466324,0.7288055273466324,0,0,0,0,0,0,0,0,0,0,1,P,0.4486529493960002,0.4486529493960002,0,0,0,0,0,0.1422734865027116,0.03627746556510604,0.24091199011581463,0.01911506633562095,0.01007494087674703,0,0,0,0,0,-0.019623929172787796,0.2985914473435651,-0.05326003905194987,0.02870802738352724,0.02573707144827746,0,0.2801525779506321,0.2801525779506321,0.2801525779506321,0,0,0,0,0,-1.062992125984252,33.13073394495417,-1.452462580483318,2.0226724994690817,1.8510251786734933,34.488976916629184,34.488976916629184
Logan Webb,SFG,pitcher,28.83101615079319,NA,NA,NA,NA,NA,NA,NA,NA,202,15,0,191,3.18556,1.16831,0,0,0,0,0,0,0.3679486719897714,0,0.5270812154882084,0.16101133191078867,0.12194541487991706,1.1779866342686856,1.1779866342686856,0,0,0,0,0,0,0,0,0,1,0,P,0.4486529493960002,0.4486529493960002,0,0,0,0,0,0.1422734865027116,0.03627746556510604,0.24091199011581463,0.01911506633562095,0.01007494087674703,0,0,0,0,0,0.22567518548705978,-0.03627746556510604,0.28616922537239375,0.1418962655751677,0.11187047400317003,0,0.7293336848726854,0.7293336848726854,0.7293336848726854,0,0,0,0,0,12.224409448818907,-4.025229357798171,7.804164227778239,9.997540768716844,8.045789690802811,34.04667477831863,34.04667477831863
Cristopher Sanchez,PHI,pitcher,26.63057308972391,NA,NA,NA,NA,NA,NA,NA,NA,200,12,0,193,3.21424,1.16095,0,0,0,0,0,0,0.2943589375918171,0,0.5326003905194985,0.15685688138625015,0.12450574869412456,1.1083219581916903,1.1083219581916903,0,0,0,0,0,0,0,0,0,1,0,P,0.4486529493960002,0.4486529493960002,0,0,0,0,0,0.1422734865027116,0.03627746556510604,0.24091199011581463,0.01911506633562095,0.01007494087674703,0,0,0,0,0,0.15208545108910548,-0.03627746556510604,0.2916884004036838,0.13774181505062918,0.11443080781737754,0,0.65966900879569,0.65966900879569,0.65966900879569,0,0,0,0,0,8.238188976377957,-4.025229357798171,7.954678484823141,9.704831948492899,8.229930390937692,30.102400442833517,30.102400442833517
Chris Sale,ATL,pitcher,28.296783247383686,NA,NA,NA,NA,NA,NA,NA,NA,165,12,0,200,3.14754,1.10269,0,0,0,0,0,0,0.2943589375918171,0,0.551917503129014,0.1343192614655085,0.1273223102299685,1.1079180124163082,1.1079180124163082,0,0,0,0,0,0,0,0,0,1,0,P,0.4486529493960002,0.4486529493960002,0,0,0,0,0,0.1422734865027116,0.03627746556510604,0.24091199011581463,0.01911506633562095,0.01007494087674703,0,0,0,0,0,0.15208545108910548,-0.03627746556510604,0.31100551301319934,0.11520419512988754,0.11724736935322148,0,0.6592650630203077,0.6592650630203077,0.6592650630203077,0,0,0,0,0,8.238188976377957,-4.025229357798171,8.481478384480303,8.116905916231685,8.432499138147637,29.24384305743941,29.24384305743941
Abner Uribe,MIL,pitcher,10.003479444358929,NA,NA,NA,NA,NA,NA,NA,NA,72,4,19,87,3.1176,1.20631,0,0,0,0,0,0,0.09811964586393904,0.26510455605269795,0.24008411386112108,0.05957423489281614,0.03646265850545008,0.6993452091760242,0.6993452091760242,0,0,0,0,0,0,0,0,0,0,1,P,0.4486529493960002,0.4486529493960002,0,0,0,0,0,0.1422734865027116,0.03627746556510604,0.24091199011581463,0.01911506633562095,0.01007494087674703,0,0,0,0,0,-0.04415384063877256,0.22882709048759192,-8.278762546935492e-4,0.04045916855719518,0.02638771762870305,0,0.2506922597800241,0.2506922597800241,0.2506922597800241,0,0,0,0,0,-2.3917322834645685,25.38990825688077,-0.022577138556736275,2.850618974920598,1.8978200311801527,27.724037840960214,27.724037840960214
Elly De La Cruz,CIN,hitter,33.115607141249065,672,598,157,25,97,89,41,0.262256,NA,NA,NA,NA,NA,NA,0.3334852373771905,0.300591261212703,0.5010911147874447,0.33827208202653747,0.08937254867784823,1.562812244081724,0,0,0,0,0,0,1.562812244081724,0,0,0,0,1,0,0,1,1,0,0,SS,0.24912776719314625,0.24912776719314625,0.06738464590301993,0.04328514161462923,0.10021822295748894,0.0379524774956603,2.872792223478263e-4,0,0,0,0,0,0.26610059147417053,0.2573061195980738,0.4008728918299558,0.30031960453087714,0.08908526945550041,0,0,0,0,0,1.3136844768885778,0,1.3136844768885778,1.3136844768885778,4.0853110216209885,3.9474332648870636,4.335884736605134,10.18867924528302,2.9115818892335352,0,0,0,0,0,25.46889015762974,25.46889015762974
Victor Vodnik,COL,pitcher,-0.4628022651369781,NA,NA,NA,NA,NA,NA,NA,NA,64,3,23,62,4.25365,1.45756,0,0,0,0,0,0,0.07358973439795427,0.3209160415374765,0.17109442596999433,0.02050182253167588,-0.0087469298467962291,0.5773550945903048,0.5773550945903048,0,0,0,0,0,0,0,0,0,0,1,P,0.4486529493960002,0.4486529493960002,0,0,0,0,0,0.1422734865027116,0.03627746556510604,0.24091199011581463,0.01911506633562095,0.01007494087674703,0,0,0,0,0,-0.06868375210475733,0.28463857597237047,-0.0698175641458203,0.0013867561960549286,-0.018821870723543258,0,0.1287021451943045,0.1287021451943045,0.1287021451943045,0,0,0,0,0,-3.720472440944885,31.582568807339495,-1.9040053516180284,0.0977062472372501,-1.3536799122243497,24.702117349789482,24.702117349789482
Jesus Luzardo,PHI,pitcher,18.22452504779397,NA,NA,NA,NA,NA,NA,NA,NA,179,12,0,197,3.77601,1.19264,0,0,0,0,0,0,0.2943589375918171,0,0.5436387405820788,0.09550309917228766,0.09691335415243237,1.030414131498616,1.030414131498616,0,0,0,0,0,0,0,0,0,1,0,P,0.4486529493960002,0.4486529493960002,0,0,0,0,0,0.1422734865027116,0.03627746556510604,0.24091199011581463,0.01911506633562095,0.01007494087674703,0,0,0,0,0,0.15208545108910548,-0.03627746556510604,0.3027267504662642,0.07638803283666672,0.08683841327568534,0,0.5817611821026157,0.5817611821026157,0.5817611821026157,0,0,0,0,0,8.238188976377957,-4.025229357798171,8.255706998912949,5.38204771937497,6.245469294063998,24.0961836309317,24.0961836309317
Yoshinobu Yamamoto,LAD,pitcher,23.23211005559589,NA,NA,NA,NA,NA,NA,NA,NA,155,12,0,165,3.37777,1.11193,0,0,0,0,0,0,0.2943589375918171,0,0.45533194008143657,0.11025031496693095,0.1159399640393738,0.9758811566795584,0.9758811566795584,0,0,0,0,0,0,0,0,0,1,0,P,0.4486529493960002,0.4486529493960002,0,0,0,0,0,0.1422734865027116,0.03627746556510604,0.24091199011581463,0.01911506633562095,0.01007494087674703,0,0,0,0,0,0.15208545108910548,-0.03627746556510604,0.21441994996562194,0.09113524863131,0.10586502316262678,0,0.5272282072835581,0.5272282072835581,0.5272282072835581,0,0,0,0,0,8.238188976377957,-4.025229357798171,5.847478886194496,6.421087686596017,7.61387416624629,24.09540035761659,24.09540035761659
Zack Wheeler,PHI,pitcher,23.224096998816226,NA,NA,NA,NA,NA,NA,NA,NA,157,11,0,171,3.31477,1.1074600000000001,0,0,0,0,0,0,0.26982902612583237,0,0.471889465175307,0.11608777394608662,0.11923225713517065,0.9770385223823966,0.9770385223823966,0,0,0,0,0,0,0,0,0,1,0,P,0.4486529493960002,0.4486529493960002,0,0,0,0,0,0.1422734865027116,0.03627746556510604,0.24091199011581463,0.01911506633562095,0.01007494087674703,0,0,0,0,0,0.12755553962312077,-0.03627746556510604,0.23097747505949237,0.09697270761046567,0.10915731625842362,0,0.5283855729863964,0.5283855729863964,0.5283855729863964,0,0,0,0,0,6.909448818897644,-4.025229357798171,6.299021657329206,6.832375706708889,7.850657804514532,23.8662746296521,23.8662746296521
Ronald Acuna Jr.,ATL,hitter,37.94156987027011,651,548,157,31,115,84,26,0.285816,NA,NA,NA,NA,NA,NA,0.3953690958595557,0.3727331639037517,0.472939928563431,0.21451400323634084,0.1774431775727727,1.632999369135852,0,0,0,0,0,0,1.632999369135852,0,0,0,0,0,1,0,0,1,0,0,OF,0.5234999294017727,0.5234999294017727,0.1388948823715309,0.14668853547179908,0.2319657744858733,0.03960258521286292,-0.03365184814029351,0,0,0,0,0,0.2564742134880248,0.22604462843195264,0.24097415407755768,0.17491141802347793,0.2110950257130662,0,0,0,0,0,1.1094994397340792,0,1.1094994397340792,1.1094994397340792,3.9375219924150606,2.372895277207392,3.809095002251239,5.934065934065935,6.899237747498359,0,0,0,0,0,22.952815953437984,22.952815953437984
Juan Soto,NYM,hitter,39.28784449577553,686,548,149,38,114,102,23,0.272204,NA,NA,NA,NA,NA,NA,0.3919311037216465,0.45689871704330853,0.5742841989698805,0.18976238747830151,0.12224221325625252,1.7351186204693896,0,0,0,0,0,0,1.7351186204693896,0,0,0,0,0,1,0,0,1,0,0,OF,0.5234999294017727,0.5234999294017727,0.1388948823715309,0.14668853547179908,0.2319657744858733,0.03960258521286292,-0.03365184814029351,0,0,0,0,0,0.2530362213501156,0.3102101815715095,0.3423184244840072,0.1501598022654386,0.15589406139654605,0,0,0,0,0,1.211618691067617,0,1.211618691067617,1.211618691067617,3.8847401962700863,3.370841889117043,5.227375056280955,5.0943396226415105,5.095099656492302,0,0,0,0,0,22.672396420801896,22.672396420801896
Trea Turner,PHI,hitter,28.140965770229364,644,591,167,19,92,73,28,0.282596,NA,NA,NA,NA,NA,NA,0.31629527668764457,0.22844935852165427,0.4110073188706007,0.23101508040836707,0.1772838870115463,1.3640509214998129,0,0,0,0,0,0,1.3640509214998129,0,0,0,0,1,0,0,1,1,0,0,SS,0.24912776719314625,0.24912776719314625,0.06738464590301993,0.04328514161462923,0.10021822295748894,0.0379524774956603,2.872792223478263e-4,0,0,0,0,0,0.24891063078462464,0.18516421690702503,0.31078909591311177,0.19306260291270677,0.17699660778919846,0,0,0,0,0,1.1149231543066667,0,1.1149231543066667,1.1149231543066667,3.8214020408961185,3.0603696098562625,3.1202161188653763,6.549865229110513,5.784796081828349,0,0,0,0,0,22.33664908055662,22.33664908055662
Nick Pivetta,SDP,pitcher,15.660222701645893,NA,NA,NA,NA,NA,NA,NA,NA,173,10,0,190,3.91589,1.16883,0,0,0,0,0,0,0.2452991146598476,0,0.5243216279725633,0.08150048255825774,0.10420813929781628,0.9553293644884848,0.9553293644884848,0,0,0,0,0,0,0,0,0,1,0,P,0.4486529493960002,0.4486529493960002,0,0,0,0,0,0.1422734865027116,0.03627746556510604,0.24091199011581463,0.01911506633562095,0.01007494087674703,0,0,0,0,0,0.103025628157136,-0.03627746556510604,0.28340963785674866,0.0623854162226368,0.09413319842106925,0,0.5066764150924847,0.5066764150924847,0.5066764150924847,0,0,0,0,0,5.580708661417328,-4.025229357798171,7.728907099255787,4.395469743555606,6.770114493276153,20.449970639706702,20.449970639706702
Fernando Tatis Jr.,SDP,hitter,33.419128812328836,672,586,158,30,102,90,25,0.269948,NA,NA,NA,NA,NA,NA,0.35067519806673636,0.3607095134552436,0.5067213520322474,0.20626346465032777,0.12093566431947925,1.5453051925240344,0,0,0,0,0,0,1.5453051925240344,0,0,0,0,0,1,0,0,1,0,0,OF,0.5234999294017727,0.5234999294017727,0.1388948823715309,0.14668853547179908,0.2319657744858733,0.03960258521286292,-0.03365184814029351,0,0,0,0,0,0.21178031569520547,0.21402097798344452,0.27475557754637414,0.16666087943746485,0.15458751245977276,0,0,0,0,0,1.0218052631222618,0,1.0218052631222618,1.0218052631222618,3.251358642530399,2.705544147843942,3.6064835659612795,5.654157163591128,5.052397599856477,0,0,0,0,0,20.269941119783226,20.269941119783226
Kyle Tucker,LAD,hitter,34.38905391745959,651,555,149,33,101,99,22,0.268407,NA,NA,NA,NA,NA,NA,0.3472372059288272,0.3967804648007679,0.5573934872354722,0.1815118488922884,0.10820897547737596,1.5911319823347316,0,0,0,0,0,0,1.5911319823347316,0,0,0,0,0,1,0,0,1,0,0,OF,0.5234999294017727,0.5234999294017727,0.1388948823715309,0.14668853547179908,0.2319657744858733,0.03960258521286292,-0.03365184814029351,0,0,0,0,0,0.2083423235572963,0.25009192932896884,0.3254277127495989,0.1419092636794255,0.14186082361766947,0,0,0,0,0,1.067632052932959,0,1.067632052932959,1.067632052932959,3.1985768463854245,3.2045174537987675,4.214317874831157,4.814430852166702,4.636450081607257,0,0,0,0,0,20.06829310878931,20.06829310878931
Corbin Carroll,ARI,hitter,32.040574277744305,630,548,142,27,100,88,33,0.258546,NA,NA,NA,NA,NA,NA,0.343799213790918,0.32463856210971925,0.495460877542642,0.2722677733384326,0.06685470439384932,1.503021131175561,0,0,0,0,0,0,1.503021131175561,0,0,0,0,0,1,0,0,1,0,0,OF,0.5234999294017727,0.5234999294017727,0.1388948823715309,0.14668853547179908,0.2319657744858733,0.03960258521286292,-0.03365184814029351,0,0,0,0,0,0.2049043314193871,0.17795002663792017,0.2634951030567687,0.2326651881255697,0.10050655253414283,0,0,0,0,0,0.9795212017737885,0,0.9795212017737885,0.9795212017737885,3.1457950502404506,2.5946611909650925,2.998649257091401,7.893427327389593,3.284864713283314,0,0,0,0,0,19.91739753896985,19.91739753896985
Spencer Strider,ATL,pitcher,15.13452561515073,NA,NA,NA,NA,NA,NA,NA,NA,159,11,0,187,3.84571,1.20673,0,0,0,0,0,0,0.26982902612583237,0,0.516042865425628,0.07988574762760889,0.08035077488460693,0.9461084140636764,0.9461084140636764,0,0,0,0,0,0,0,0,0,1,0,P,0.4486529493960002,0.4486529493960002,0,0,0,0,0,0.1422734865027116,0.03627746556510604,0.24091199011581463,0.01911506633562095,0.01007494087674703,0,0,0,0,0,0.12755553962312077,-0.03627746556510604,0.2751308753098134,0.06077068129198794,0.0702758340078599,0,0.497455464667676,0.497455464667676,0.497455464667676,0,0,0,0,0,6.909448818897644,-4.025229357798171,7.5031357136884305,4.281700869974635,5.054278940098052,19.72333498486059,19.72333498486059
Zac Gallen,ARI,pitcher,10.121734901935856,NA,NA,NA,NA,NA,NA,NA,NA,182,13,0,170,4.02788,1.28002,0,0,0,0,0,0,0.31888884905780185,0,0.4691298776596619,0.07664275156955415,0.05783205607660199,0.92249353436362,0.92249353436362,0,0,0,0,0,0,0,0,0,1,0,P,0.4486529493960002,0.4486529493960002,0,0,0,0,0,0.1422734865027116,0.03627746556510604,0.24091199011581463,0.01911506633562095,0.01007494087674703,0,0,0,0,0,0.17661536255509025,-0.03627746556510604,0.22821788754384728,0.0575276852339332,0.047757115199854955,0,0.4738405849676197,0.4738405849676197,0.4738405849676197,0,0,0,0,0,9.566929133858274,-4.025229357798171,6.223764528806754,4.053210111801615,3.4347195590374193,19.25339397570589,19.25339397570589
Francisco Lindor,NYM,hitter,25.561568623273224,630,558,146,26,94,78,22,0.2612,NA,NA,NA,NA,NA,NA,0.32317126096346294,0.31261491166121114,0.4391585050946145,0.1815118488922884,0.0790338916139711,1.335490418225548,0,0,0,0,0,0,1.335490418225548,0,0,0,0,1,0,0,1,1,0,0,SS,0.24912776719314625,0.24912776719314625,0.06738464590301993,0.04328514161462923,0.10021822295748894,0.0379524774956603,2.872792223478263e-4,0,0,0,0,0,0.255786615060443,0.26932977004658193,0.33894028213712557,0.1435593713966281,0.07874661239162328,0,0,0,0,0,1.086362651032402,0,1.086362651032402,1.086362651032402,3.926965633186066,3.337577002053388,4.538496172895094,4.870412606261664,2.573682628781532,0,0,0,0,0,19.247134043177745,19.247134043177745
Pete Crow-Armstrong,CHC,hitter,29.865241902217075,644,591,150,26,88,92,34,0.253587,NA,NA,NA,NA,NA,NA,0.3025433081360078,0.31261491166121114,0.517981826521853,0.2805183119244457,0.0504122906005276,1.4640706488440451,0,0,0,0,0,0,1.4640706488440451,0,0,0,0,0,1,0,0,1,0,0,OF,0.5234999294017727,0.5234999294017727,0.1388948823715309,0.14668853547179908,0.2319657744858733,0.03960258521286292,-0.03365184814029351,0,0,0,0,0,0.16364842576447694,0.16592637618941206,0.2860160520359797,0.2409157267115828,0.08406413874082111,0,0,0,0,0,0.9405707194422726,0,0.9405707194422726,0.9405707194422726,2.5124134965007623,2.8164271047227927,2.7960378208014416,8.1733360978644,2.747475821623366,0,0,0,0,0,19.045690341512763,19.045690341512763
Freddy Peralta,NYM,pitcher,13.639447120500996,NA,NA,NA,NA,NA,NA,NA,NA,162,11,0,177,3.82902,1.21816,0,0,0,0,0,0,0.26982902612583237,0,0.4884469902691774,0.08259986530981535,0.07712733974045957,0.9180032214452848,0.9180032214452848,0,0,0,0,0,0,0,0,0,1,0,P,0.4486529493960002,0.4486529493960002,0,0,0,0,0,0.1422734865027116,0.03627746556510604,0.24091199011581463,0.01911506633562095,0.01007494087674703,0,0,0,0,0,0.12755553962312077,-0.03627746556510604,0.24753500015336274,0.0634847989741944,0.06705239886371255,0,0.4693502720492844,0.4693502720492844,0.4693502720492844,0,0,0,0,0,6.909448818897644,-4.025229357798171,6.750564428463915,4.472928609964594,4.82244760584432,18.930160105372302,18.930160105372302
Aaron Nola,PHI,pitcher,11.779269749226351,NA,NA,NA,NA,NA,NA,NA,NA,180,11,0,177,4.11623,1.20953,0,0,0,0,0,0,0.26982902612583237,0,0.4884469902691774,0.06870217700173678,0.08967310881330115,0.9166513022100476,0.9166513022100476,0,0,0,0,0,0,0,0,0,1,0,P,0.4486529493960002,0.4486529493960002,0,0,0,0,0,0.1422734865027116,0.03627746556510604,0.24091199011581463,0.01911506633562095,0.01007494087674703,0,0,0,0,0,0.12755553962312077,-0.03627746556510604,0.24753500015336274,0.04958711066611583,0.07959816793655412,0,0.4679983528140474,0.4679983528140474,0.4679983528140474,0,0,0,0,0,6.909448818897644,-4.025229357798171,6.750564428463915,3.4937435349540626,5.724746629504497,18.85327405402195,18.85327405402195
Jackson Chourio,MIL,hitter,30.09646393349794,651,601,163,25,92,88,24,0.271592,NA,NA,NA,NA,NA,NA,0.31629527668764457,0.300591261212703,0.495460877542642,0.19801292606431464,0.13134302226166392,1.441703363768968,0,0,0,0,0,0,1.441703363768968,0,0,0,0,0,1,0,0,1,0,0,OF,0.5234999294017727,0.5234999294017727,0.1388948823715309,0.14668853547179908,0.2319657744858733,0.03960258521286292,-0.03365184814029351,0,0,0,0,0,0.17740039431611368,0.15390272574090394,0.2634951030567687,0.15841034085145173,0.16499487040195743,0,0,0,0,0,0.9182034343671954,0,0.9182034343671954,0.9182034343671954,2.723540681080659,2.5946611909650925,2.593426384511482,5.37424839311632,5.392542217304954,0,0,0,0,0,18.678418866978507,18.678418866978507
CJ Abrams,WSN,hitter,22.25140003247086,630,573,146,20,84,72,30,0.254379,NA,NA,NA,NA,NA,NA,0.28879133958437114,0.2404730089701624,0.405377081625798,0.24751615758039328,0.05223522552796982,1.2343928132886948,0,0,0,0,0,0,1.2343928132886948,0,0,0,0,1,0,0,1,1,0,0,SS,0.24912776719314625,0.24912776719314625,0.06738464590301993,0.04328514161462923,0.10021822295748894,0.0379524774956603,2.872792223478263e-4,0,0,0,0,0,0.2214066936813512,0.19718786735553318,0.30515885866830905,0.20956368008473297,0.05194794630562199,0,0,0,0,0,0.9852650460955484,0,0.9852650460955484,0.9852650460955484,3.3991476717363263,3.004928131416838,3.3228275551553366,7.10968277006013,1.6978194102210957,0,0,0,0,0,18.534405538589727,18.534405538589727
Hunter Greene,CIN,pitcher,17.097363603411214,NA,NA,NA,NA,NA,NA,NA,NA,147,9,0,174,3.72853,1.1122,0,0,0,0,0,0,0.22076920319386284,0,0.48016822772224216,0.08154526468113182,0.10985437583087308,0.8923370714281099,0.8923370714281099,0,0,0,0,0,0,0,0,0,1,0,P,0.4486529493960002,0.4486529493960002,0,0,0,0,0,0.1422734865027116,0.03627746556510604,0.24091199011581463,0.01911506633562095,0.01007494087674703,0,0,0,0,0,0.07849571669115124,-0.03627746556510604,0.23925623760642753,0.062430198345510876,0.09977943495412606,0,0.44368412203210966,0.44368412203210966,0.44368412203210966,0,0,0,0,0,4.251968503937012,-4.025229357798171,6.52479304289656,4.398624943569704,7.1761951154805015,18.326352248085605,18.326352248085605
Geraldo Perdomo,ARI,hitter,22.26660076148332,686,581,154,15,96,72,23,0.266039,NA,NA,NA,NA,NA,NA,0.3300472452392813,0.1803547567276218,0.405377081625798,0.18976238747830151,0.10309695381018943,1.208638424881192,0,0,0,0,0,0,1.208638424881192,0,0,0,0,1,0,0,1,1,0,0,SS,0.24912776719314625,0.24912776719314625,0.06738464590301993,0.04328514161462923,0.10021822295748894,0.0379524774956603,2.872792223478263e-4,0,0,0,0,0,0.26266259933626135,0.13706961511299257,0.30515885866830905,0.1518099099826412,0.10280967458784161,0,0,0,0,0,0.9595106576880458,0,0.9595106576880458,0.9595106576880458,4.032529225476014,3.004928131416838,2.3097703737055384,5.150321376736472,3.3601378589024486,0,0,0,0,0,17.85768696623731,17.85768696623731
Clayton Beeter,WSN,pitcher,1,NA,NA,NA,NA,NA,NA,NA,NA,63,3,17,72,3.978,1.35798,0,0,0,0,0,0,0.07358973439795427,0.2371988133103087,0.19869030112644503,0.02793281972340379,0.00744742129111109,0.5448590898492228,0.5448590898492228,0,0,0,0,0,0,0,0,0,0,1,P,0.4486529493960002,0.4486529493960002,0,0,0,0,0,0.1422734865027116,0.03627746556510604,0.24091199011581463,0.01911506633562095,0.01007494087674703,0,0,0,0,0,-0.06868375210475733,0.20092134774520265,-0.042221688989369593,0.008817753387782838,-0.00262751958563594,0,0.09620614045322264,0.09620614045322264,0.09620614045322264,0,0,0,0,0,-3.720472440944885,22.293577981651406,-1.1514340663935114,0.621269690400348,-0.1889727399733112,17.853968424740042,17.853968424740042
Brandon Woodruff,MIL,pitcher,15.47534380338833,NA,NA,NA,NA,NA,NA,NA,NA,151,10,0,160,3.74409,1.15332,0,0,0,0,0,0,0.2452991146598476,0,0.4415340025032112,0.08271545106604261,0.09695081887455728,0.8664993871036587,0.8664993871036587,0,0,0,0,0,0,0,0,0,1,0,P,0.4486529493960002,0.4486529493960002,0,0,0,0,0,0.1422734865027116,0.03627746556510604,0.24091199011581463,0.01911506633562095,0.01007494087674703,0,0,0,0,0,0.103025628157136,-0.03627746556510604,0.20062201238739655,0.06360038473042166,0.08687587799781026,0,0.41784643770765845,0.41784643770765845,0.41784643770765845,0,0,0,0,0,5.580708661417328,-4.025229357798171,5.471193243582237,4.481072399411631,6.24816377871446,17.755908725327483,17.755908725327483
Mookie Betts,LAD,hitter,25.291262734135532,651,567,155,24,95,90,9,0.273981,NA,NA,NA,NA,NA,NA,0.3266092531013721,0.2885676107641949,0.5067213520322474,0.07425484727411799,0.13393668844235734,1.33008975161429,0,0,0,0,0,0,1.33008975161429,0,0,0,0,1,0,0,1,1,0,0,SS,0.24912776719314625,0.24912776719314625,0.06738464590301993,0.04328514161462923,0.10021822295748894,0.0379524774956603,2.872792223478263e-4,0,0,0,0,0,0.25922460719835216,0.24528246914956567,0.4065031290747585,0.03630236977845769,0.1336494092200095,0,0,0,0,0,1.0809619844211436,0,1.0809619844211436,1.0809619844211436,3.97974742933104,4.002874743326489,4.1332733003151745,1.2315985900891566,4.3680756849045475,0,0,0,0,0,17.715569747966406,17.715569747966406
Bo Bichette,NYM,hitter,23.982982104427865,658,608,177,19,81,86,6,0.290782,NA,NA,NA,NA,NA,NA,0.2784773631706436,0.22844935852165427,0.48420040305303647,0.04950323151607866,0.21921493022005903,1.259845286481472,0,0,0,0,0,0,1.259845286481472,0,0,0,0,1,0,0,1,1,0,0,SS,0.24912776719314625,0.24912776719314625,0.06738464590301993,0.04328514161462923,0.10021822295748894,0.0379524774956603,2.872792223478263e-4,0,0,0,0,0,0.21109271726762366,0.18516421690702503,0.3839821800955475,0.011550754020418358,0.2189276509977112,0,0,0,0,0,1.0107175192883258,0,1.0107175192883258,1.0107175192883258,3.240802283301404,3.7811088295687885,3.1202161188653763,0.39187227866473173,7.155232145487092,0,0,0,0,0,17.68923165588739,17.68923165588739
Nico Hoerner,CHC,hitter,20.7967881398202,665,607,171,9,79,65,27,0.281193,NA,NA,NA,NA,NA,NA,0.2716013788948252,0.10821285403657308,0.3659654209121787,0.22276454182235397,0.17578127478448374,1.1443254704504149,0,0,0,0,0,0,1.1443254704504149,0,0,1,0,0,0,0,1,1,0,0,2B,0.3590039845822357,0.3590039845822357,0.09007539401322052,0.07695136287045197,0.14526012091591095,0.04125269293006554,0.00546441385258677,0,0,0,0,0,0.1815259848816047,0.031261491166121105,0.22070529999626776,0.18151184889228844,0.17031686093189696,0,0,0,0,0,0.785321485868179,0,0.785321485868179,0.785321485868179,2.7868788364546275,2.1733059548254614,0.5267897343538946,6.157992950445783,5.566481313368244,0,0,0,0,0,17.21144878944801,17.21144878944801
Bryce Harper,PHI,hitter,27.054367149962772,665,574,157,29,90,95,11,0.27353,NA,NA,NA,NA,NA,NA,0.3094192924118262,0.3486858630067355,0.5348725382562612,0.0907559244461442,0.1336745053062033,1.4174081234271705,0,0,0,0,0,0,1.4174081234271705,0,1,0,0,0,0,1,0,1,0,0,1B,0.44297870877619505,0.44297870877619505,0.11345374055100294,0.11783177439537958,0.19480620867017517,0.03465226206125506,-0.01776527690161768,0,0,0,0,0,0.19596555186082326,0.23085408861135592,0.34006632958608607,0.05610366238488915,0.151439782207821,0,0,0,0,0,0.9744294146509755,0,0.9744294146509755,0.9744294146509755,3.0085623802635184,3.348665297741273,3.8901395767672233,1.9033796392286961,4.949520048384814,0,0,0,0,0,17.100266942385524,17.100266942385524
Michael King,SDP,pitcher,12.294853824580985,NA,NA,NA,NA,NA,NA,NA,NA,161,10,0,170,3.68143,1.24547,0,0,0,0,0,0,0.2452991146598476,0,0.4691298776596619,0.0926962173053096,0.06539696511505073,0.8725221747398699,0.8725221747398699,0,0,0,0,0,0,0,0,0,1,0,P,0.4486529493960002,0.4486529493960002,0,0,0,0,0,0.1422734865027116,0.03627746556510604,0.24091199011581463,0.01911506633562095,0.01007494087674703,0,0,0,0,0,0.103025628157136,-0.03627746556510604,0.22821788754384728,0.07358115096968865,0.05532202423830371,0,0.4238692253438696,0.4238692253438696,0.4238692253438696,0,0,0,0,0,5.580708661417328,-4.025229357798171,6.223764528806754,5.184284122254651,3.978792226072756,16.942320180753317,16.942320180753317
JoJo Romero,STL,pitcher,4.761111766479785,NA,NA,NA,NA,NA,NA,NA,NA,64,5,14,62,3.49168,1.29368,0,0,0,0,0,0,0.1226495573299238,0.1953401991967248,0.17109442596999433,0.04226869259902261,0.01809885260831576,0.5494517277039814,0.5494517277039814,0,0,0,0,0,0,0,0,0,0,1,P,0.4486529493960002,0.4486529493960002,0,0,0,0,0,0.1422734865027116,0.03627746556510604,0.24091199011581463,0.01911506633562095,0.01007494087674703,0,0,0,0,0,-0.019623929172787796,0.15906273363161877,-0.0698175641458203,0.02315362626340166,0.00802391173156873,0,0.10079877830798106,0.10079877830798106,0.10079877830798106,0,0,0,0,0,-1.062992125984252,17.649082568807362,-1.9040053516180284,1.6313277983300272,0.5770844082410704,16.89049729777618,16.89049729777618
Riley O'Brien,STL,pitcher,2.2053657214651885,NA,NA,NA,NA,NA,NA,NA,NA,63,3,16,65,3.71004,1.31624,0,0,0,0,0,0,0.07358973439795427,0.22324594193911407,0.17937318851692954,0.03546791341361866,0.01417816620160309,0.5258549444692195,0.5258549444692195,0,0,0,0,0,0,0,0,0,0,1,P,0.4486529493960002,0.4486529493960002,0,0,0,0,0,0.1422734865027116,0.03627746556510604,0.24091199011581463,0.01911506633562095,0.01007494087674703,0,0,0,0,0,-0.06868375210475733,0.18696847637400804,-0.061538801598885084,0.016352847077997706,0.004103225324856061,0,0.0772019950732194,0.0772019950732194,0.0772019950732194,0,0,0,0,0,-3.720472440944885,20.745412844036725,-1.678233966050673,1.1521674279741236,0.29510635681075614,16.793980221826047,16.793980221826047
Matthew Boyd,CHC,pitcher,11.150949567328244,NA,NA,NA,NA,NA,NA,NA,NA,167,11,0,149,3.8894,1.22574,0,0,0,0,0,0,0.26982902612583237,0,0.4111785398311154,0.08064846456377432,0.0762677325873288,0.8379237631080508,0.8379237631080508,0,0,0,0,0,0,0,0,0,1,0,P,0.4486529493960002,0.4486529493960002,0,0,0,0,0,0.1422734865027116,0.03627746556510604,0.24091199011581463,0.01911506633562095,0.01007494087674703,0,0,0,0,0,0.12755553962312077,-0.03627746556510604,0.17026654971530078,0.061533398228153374,0.06619279171058177,0,0.38927081371205063,0.38927081371205063,0.38927081371205063,0,0,0,0,0,6.909448818897644,-4.025229357798171,4.643364829835268,4.335439378408215,4.7606241583937985,16.623647827736754,16.623647827736754
Sandy Alcantara,MIA,pitcher,7.878017363652617,NA,NA,NA,NA,NA,NA,NA,NA,188,11,0,156,4.07594,1.25789,0,0,0,0,0,0,0.26982902612583237,0,0.4304956524406309,0.07513651432504521,0.07038762143695254,0.845848814328461,0.845848814328461,0,0,0,0,0,0,0,0,0,1,0,P,0.4486529493960002,0.4486529493960002,0,0,0,0,0,0.1422734865027116,0.03627746556510604,0.24091199011581463,0.01911506633562095,0.01007494087674703,0,0,0,0,0,0.12755553962312077,-0.03627746556510604,0.1895836623248163,0.05602144798942427,0.060312680560205514,0,0.3971958649324608,0.3971958649324608,0.3971958649324608,0,0,0,0,0,6.909448818897644,-4.025229357798171,5.170164729492431,3.9470856257321727,4.337723137404727,16.339192953728805,16.339192953728805
Freddie Freeman,LAD,hitter,25.61125238117317,651,568,161,24,89,91,8,0.283738,NA,NA,NA,NA,NA,NA,0.305981300273917,0.2885676107641949,0.5123515892770503,0.06600430868810488,0.17518470604321917,1.3480895150464862,0,0,0,0,0,0,1.3480895150464862,0,1,0,0,0,0,1,0,1,0,0,1B,0.44297870877619505,0.44297870877619505,0.11345374055100294,0.11783177439537958,0.19480620867017517,0.03465226206125506,-0.01776527690161768,0,0,0,0,0,0.19252755972291408,0.17073583636881534,0.3175453806068751,0.03135204662684982,0.19294998294483684,0,0,0,0,0,0.9051108062702913,0,0.9051108062702913,0.9051108062702913,2.9557805841185445,3.126899383983573,2.877082395317426,1.0636533278042715,6.30620167962482,0,0,0,0,0,16.329617370848634,16.329617370848634
Xavier Edwards,MIA,hitter,15.30231575884707,602,539,151,5,72,50,27,0.280709,NA,NA,NA,NA,NA,NA,0.24753543392946095,0.06011825224254059,0.28151186224013747,0.22276454182235397,0.15415860084059904,0.966088691075092,0,0,0,0,0,0,0.966088691075092,0,0,1,0,1,0,0,1,1,0,0,SS,0.24912776719314625,0.24912776719314625,0.06738464590301993,0.04328514161462923,0.10021822295748894,0.0379524774956603,2.872792223478263e-4,0,0,0,0,0,0.18015078802644102,0.01683311062791136,0.18129363928264852,0.18481206432669367,0.1538713216182512,0,0,0,0,0,0.7169609238819459,0,0.7169609238819459,0.7169609238819459,2.765766117996638,1.7852156057494863,0.2836560108059432,6.269956458635705,5.0289902700459,0,0,0,0,0,16.13358446323367,16.13358446323367
Trevor Megill,MIL,pitcher,8.358253579577099,NA,NA,NA,NA,NA,NA,NA,NA,66,5,11,82,3.27646,1.1696,0,0,0,0,0,0,0.1226495573299238,0.15348158508314091,0.22628617628289577,0.0499298146865142,0.03962562803802243,0.591972761420497,0.591972761420497,0,0,0,0,0,0,0,0,0,0,1,P,0.4486529493960002,0.4486529493960002,0,0,0,0,0,0.1422734865027116,0.03627746556510604,0.24091199011581463,0.01911506633562095,0.01007494087674703,0,0,0,0,0,-0.019623929172787796,0.11720411951803487,-0.01462581383291886,0.03081474835089325,0.0295506871612754,0,0.14331981202449687,0.14331981202449687,0.14331981202449687,0,0,0,0,0,-1.062992125984252,13.00458715596332,-0.3988627811689936,2.1711050792426136,2.125302643408763,15.83913997146145,15.83913997146145
Brice Turang,MIL,hitter,19.227735789454783,651,582,151,14,83,68,28,0.258848,NA,NA,NA,NA,NA,NA,0.28535334744646196,0.16833110627911368,0.38285613264658697,0.23101508040836707,0.07230331488395442,1.1398589816644842,0,0,0,0,0,0,1.1398589816644842,0,0,1,0,0,0,0,1,1,0,0,2B,0.3590039845822357,0.3590039845822357,0.09007539401322052,0.07695136287045197,0.14526012091591095,0.04125269293006554,0.00546441385258677,0,0,0,0,0,0.19527795343324145,0.09137974340866171,0.23759601173067602,0.18976238747830154,0.06683890103136765,0,0,0,0,0,0.7808549970822484,0,0.7808549970822484,0.7808549970822484,2.998006021034524,2.339630390143737,1.5398469158036925,6.437901720920591,2.18450182537094,0,0,0,0,0,15.499886873273486,15.499886873273486
Ketel Marte,ARI,hitter,24.195854464580034,637,554,152,27,94,86,6,0.273566,NA,NA,NA,NA,NA,NA,0.32317126096346294,0.32463856210971925,0.48420040305303647,0.04950323151607866,0.12916444686723627,1.3106779045095336,0,0,0,0,0,0,1.3106779045095336,0,0,1,0,0,0,0,1,1,0,0,2B,0.3590039845822357,0.3590039845822357,0.09007539401322052,0.07695136287045197,0.14526012091591095,0.04125269293006554,0.00546441385258677,0,0,0,0,0,0.23309586695024243,0.2476871992392673,0.3389402821371255,0.008250538586013122,0.1237000330146495,0,0,0,0,0,0.9516739199272979,0,0.9516739199272979,0.9516739199272979,3.578605778629238,3.3375770020533877,4.173795587573166,0.27990877047480867,4.042899325830195,0,0,0,0,0,15.412786464560796,15.412786464560796
Blake Snell,LAD,pitcher,12.958495269572046,NA,NA,NA,NA,NA,NA,NA,NA,132,10,0,164,3.54719,1.24427,0,0,0,0,0,0,0.2452991146598476,0,0.4525723525657915,0.08390860963143904,0.05402282635404323,0.8358029032111214,0.8358029032111214,0,0,0,0,0,0,0,0,0,1,0,P,0.4486529493960002,0.4486529493960002,0,0,0,0,0,0.1422734865027116,0.03627746556510604,0.24091199011581463,0.01911506633562095,0.01007494087674703,0,0,0,0,0,0.103025628157136,-0.03627746556510604,0.21166036244997685,0.06479354329581809,0.043947885477296195,0,0.3871499538151211,0.3871499538151211,0.3871499538151211,0,0,0,0,0,5.580708661417328,-4.025229357798171,5.772221757672043,4.565138398983518,3.1607575372907837,15.053596997565503,15.053596997565503
James Wood,WSN,hitter,25.679059771083875,644,558,146,27,89,86,16,0.261265,NA,NA,NA,NA,NA,NA,0.305981300273917,0.32463856210971925,0.48420040305303647,0.13200861737620975,0.0793022973057825,1.326131180118665,0,0,0,0,0,0,1.326131180118665,0,0,0,0,0,1,0,0,1,0,0,OF,0.5234999294017727,0.5234999294017727,0.1388948823715309,0.14668853547179908,0.2319657744858733,0.03960258521286292,-0.03365184814029351,0,0,0,0,0,0.16708641790238613,0.17795002663792017,0.25223462856716317,0.09240603216334684,0.11295414544607602,0,0,0,0,0,0.8026312507168925,0,0.8026312507168925,0.8026312507168925,2.5651952926457366,2.483778234086242,2.998649257091401,3.1349782293178525,3.6916905140969933,0,0,0,0,0,14.874291527238226,14.874291527238226
Michael Harris II,ATL,hitter,23.14735641525368,581,546,150,22,71,78,18,0.275215,NA,NA,NA,NA,NA,NA,0.2440974417915518,0.2645203098671786,0.4391585050946145,0.14850969454823598,0.133962066837632,1.230248018139213,0,0,0,0,0,0,1.230248018139213,0,0,0,0,0,1,0,0,1,0,0,OF,0.5234999294017727,0.5234999294017727,0.1388948823715309,0.14668853547179908,0.2319657744858733,0.03960258521286292,-0.03365184814029351,0,0,0,0,0,0.10520255942002091,0.11783177439537953,0.20719273060874122,0.10890710933537306,0.16761391497792552,0,0,0,0,0,0.7067480887374403,0,0.7067480887374403,0.7067480887374403,1.6151229620362046,2.040246406570842,1.9855920756416026,3.6947957702674694,5.478140687187712,0,0,0,0,0,14.813897901703829,14.813897901703829
Ezequiel Tovar,COL,hitter,18.922800163490447,651,605,161,21,81,76,9,0.266104,NA,NA,NA,NA,NA,NA,0.2784773631706436,0.2524966594186705,0.42789803060500897,0.07425484727411799,0.10764670534513456,1.1407736058135756,0,0,0,0,0,0,1.1407736058135756,0,0,0,0,1,0,0,1,1,0,0,SS,0.24912776719314625,0.24912776719314625,0.06738464590301993,0.04328514161462923,0.10021822295748894,0.0379524774956603,2.872792223478263e-4,0,0,0,0,0,0.21109271726762366,0.20921151780404126,0.32767980764752,0.03630236977845769,0.10735942612278673,0,0,0,0,0,0.8916458386204293,0,0.8916458386204293,0.8916458386204293,3.240802283301404,3.2266940451745376,3.5254389914452955,1.2315985900891566,3.508837798304616,0,0,0,0,0,14.733371708315008,14.733371708315008
Robbie Ray,SFG,pitcher,5.5571785126098865,NA,NA,NA,NA,NA,NA,NA,NA,174,10,0,176,4.12049,1.29856,0,0,0,0,0,0,0.2452991146598476,0,0.48568740275353234,0.06608124998108193,0.04703285780660317,0.844100625201065,0.844100625201065,0,0,0,0,0,0,0,0,0,1,0,P,0.4486529493960002,0.4486529493960002,0,0,0,0,0,0.1422734865027116,0.03627746556510604,0.24091199011581463,0.01911506633562095,0.01007494087674703,0,0,0,0,0,0.103025628157136,-0.03627746556510604,0.2447754126377177,0.046966183645460985,0.036957916929856144,0,0.3954476758050648,0.3954476758050648,0.3954476758050648,0,0,0,0,0,5.580708661417328,-4.025229357798171,6.675307299941464,3.309081700235461,2.6580349254563562,14.197903229252438,14.197903229252438
Konnor Griffin,PIT,hitter,14.501019472583945,490,442,115,12,70,58,24,0.260374,NA,NA,NA,NA,NA,NA,0.2406594496536426,0.14428380538209745,0.3265537601985595,0.19801292606431464,0.05990214875198898,0.9694120900506032,0,0,0,0,0,0,0.9694120900506032,0,0,0,0,1,0,0,1,1,0,0,SS,0.24912776719314625,0.24912776719314625,0.06738464590301993,0.04328514161462923,0.10021822295748894,0.0379524774956603,2.872792223478263e-4,0,0,0,0,0,0.17327480375062268,0.10099866376746822,0.22633553724107053,0.16006044856865434,0.05961486952964115,0,0,0,0,0,0.7202843228574568,0,0.7202843228574568,0.7202843228574568,2.66020252570669,2.228747433264887,1.70193606483566,5.43023014721128,1.9483981528307124,0,0,0,0,0,13.96951432384923,13.96951432384923
Bryson Stott,PHI,hitter,16.632666210262272,623,556,144,14,73,67,25,0.25821,NA,NA,NA,NA,NA,NA,0.25097342606737016,0.16833110627911368,0.37722589540178425,0.20626346465032777,0.06644820746165518,1.0692420998602512,0,0,0,0,0,0,1.0692420998602512,0,0,1,0,0,0,0,1,1,0,0,2B,0.3590039845822357,0.3590039845822357,0.09007539401322052,0.07695136287045197,0.14526012091591095,0.04125269293006554,0.00546441385258677,0,0,0,0,0,0.16089803205414965,0.09137974340866171,0.2319657744858733,0.16501077172026224,0.060983793609068415,0,0,0,0,0,0.7102381152780153,0,0.7102381152780153,0.7102381152780153,2.470188059584784,2.284188911704312,1.5398469158036925,5.598175409496167,1.9931388218746227,0,0,0,0,0,13.885538118463579,13.885538118463579
Luis Arraez,SFG,hitter,17.44402317865197,623,578,178,6,73,58,9,0.308165,NA,NA,NA,NA,NA,NA,0.25097342606737016,0.07214190269104873,0.3265537601985595,0.07425484727411799,0.28275110241344903,1.006675038644545,0,0,0,0,0,0,1.006675038644545,0,1,0,0,0,0,1,0,1,0,0,1B,0.44297870877619505,0.44297870877619505,0.11345374055100294,0.11783177439537958,0.19480620867017517,0.03465226206125506,-0.01776527690161768,0,0,0,0,0,0.13751968551636723,-0.04568987170433085,0.1317475515283843,0.03960258521286293,0.3005163793150667,0,0,0,0,0,0.5636963298683503,0,0.5636963298683503,0.5636963298683503,2.111271845798961,1.2973305954825458,-0.7699234579018461,1.34356209827908,9.821803905177047,0,0,0,0,0,13.804044986835788,13.804044986835788
Emmet Sheehan,LAD,pitcher,10.853684058909812,NA,NA,NA,NA,NA,NA,NA,NA,143,9,0,162,3.96519,1.19913,0,0,0,0,0,0,0.22076920319386284,0,0.44705317753450136,0.06422070920472941,0.07504692301638129,0.8070900129494749,0.8070900129494749,0,0,0,0,0,0,0,0,0,1,0,P,0.4486529493960002,0.4486529493960002,0,0,0,0,0,0.1422734865027116,0.03627746556510604,0.24091199011581463,0.01911506633562095,0.01007494087674703,0,0,0,0,0,0.07849571669115124,-0.03627746556510604,0.20614118741868673,0.04510564286910847,0.06497198213963426,0,0.3584370635534746,0.3584370635534746,0.3584370635534746,0,0,0,0,0,4.251968503937012,-4.025229357798171,5.62170750062714,3.17799416112337,4.6728228225374355,13.699263630426787,13.699263630426787
Manny Machado,SDP,hitter,20.259012328082765,644,583,153,26,80,90,9,0.263052,NA,NA,NA,NA,NA,NA,0.2750393710327344,0.31261491166121114,0.5067213520322474,0.07425484727411799,0.0905649639550898,1.259195445955401,0,0,0,0,0,0,1.259195445955401,0,0,0,1,0,0,1,0,1,0,0,3B,0.4172493965587398,0.4172493965587398,0.10864055155793008,0.09137974340866171,0.1756634020378458,0.03960258521286293,0.0019631143414393,0,0,0,0,0,0.16639881947480434,0.2212351682525494,0.33105794999440163,0.03465226206125506,0.0886018496136505,0,0,0,0,0,0.8419460493966608,0,0.8419460493966608,0.8419460493966608,2.5546389334167423,3.2599589322381926,3.7280504277352553,1.1756168359941948,2.8957822349806013,0,0,0,0,0,13.614047364364986,13.614047364364986
Dansby Swanson,CHC,hitter,16.823716873582974,686,619,149,22,82,80,16,0.241001,NA,NA,NA,NA,NA,NA,0.2819153553085528,0.2645203098671786,0.45041897958422,0.13200861737620975,-0.00485239363270101,1.1240108685034602,0,0,0,0,0,0,1.1240108685034602,0,0,0,0,1,0,0,1,1,0,0,SS,0.24912776719314625,0.24912776719314625,0.06738464590301993,0.04328514161462923,0.10021822295748894,0.0379524774956603,2.872792223478263e-4,0,0,0,0,0,0.21453070940553284,0.22123516825254938,0.35020075662673106,0.09405613988054945,-0.005139672855048836,0,0,0,0,0,0.874883101310314,0,0.874883101310314,0.874883101310314,3.2935840794463784,3.4484599589322382,3.728050427735255,3.190959983412814,-0.16798039106589294,0,0,0,0,0,13.493074058460792,13.493074058460792
William Contreras,MIL,hitter,24.885481143142712,610,531,143,20,80,77,6,0.270079,NA,NA,NA,NA,NA,NA,0.2750393710327344,0.2404730089701624,0.43352826784981174,0.04950323151607866,0.11009981351302962,1.1086436928818166,0,0,0,0,0,0,1.1086436928818166,1,0,0,0,0,0,0,0,1,0,0,C,0.3011983569402915,0.3011983569402915,0.08182421288223848,0.06011825224254059,0.13850383622214765,0.01650107717202622,0.00425097842133855,0,0,0,0,0,0.19321515815049592,0.18035475672762183,0.2950244316276641,0.033002154344052445,0.10584883509169107,0,0,0,0,0,0.8074453359415253,0,0.8074453359415253,0.8074453359415253,2.9663369433475393,2.905133470225873,3.039171544349393,1.1196350818992333,3.459467015513487,0,0,0,0,0,13.489744055335526,13.489744055335526
Xander Bogaerts,SDP,hitter,14.215039110459584,609,546,144,13,72,60,17,0.264496,NA,NA,NA,NA,NA,NA,0.24753543392946095,0.15630745583060557,0.337814234688165,0.14025915596222285,0.09065177807704494,0.9725680584874992,0,0,0,0,0,0,0.9725680584874992,0,0,0,0,1,0,0,1,1,0,0,SS,0.24912776719314625,0.24912776719314625,0.06738464590301993,0.04328514161462923,0.10021822295748894,0.0379524774956603,2.872792223478263e-4,0,0,0,0,0,0.18015078802644102,0.11302231421597633,0.23759601173067607,0.10230667846656255,0.09036449885469712,0,0,0,0,0,0.723440291294353,0,0.723440291294353,0.723440291294353,2.765766117996638,2.3396303901437374,1.9045475011256197,3.470868753887622,2.9533910589609356,0,0,0,0,0,13.434203822114553,13.434203822114553
Joe Musgrove,SDP,pitcher,9.980432421783416,NA,NA,NA,NA,NA,NA,NA,NA,158,9,0,145,3.88984,1.21457,0,0,0,0,0,0,0.22076920319386284,0,0.4001401897685352,0.07627110968851039,0.07667481072707565,0.773855313377984,0.773855313377984,0,0,0,0,0,0,0,0,0,1,0,P,0.4486529493960002,0.4486529493960002,0,0,0,0,0,0.1422734865027116,0.03627746556510604,0.24091199011581463,0.01911506633562095,0.01007494087674703,0,0,0,0,0,0.07849571669115124,-0.03627746556510604,0.1592281996527206,0.057156043352889443,0.06659986985032862,0,0.3252023639819838,0.3252023639819838,0.3252023639819838,0,0,0,0,0,4.251968503937012,-4.025229357798171,4.342336315745463,4.0270254561164425,4.789901455458201,13.386002373458949,13.386002373458949
Willy Adames,SFG,hitter,18.103605311807787,679,596,141,27,85,87,12,0.23639,NA,NA,NA,NA,NA,NA,0.29222933172228033,0.32463856210971925,0.4898306402978392,0.09900646303215732,-0.02500903188093688,1.1806959652810591,0,0,0,0,0,0,1.1806959652810591,0,0,0,0,1,0,0,1,1,0,0,SS,0.24912776719314625,0.24912776719314625,0.06738464590301993,0.04328514161462923,0.10021822295748894,0.0379524774956603,2.872792223478263e-4,0,0,0,0,0,0.2248446858192604,0.28135342049509005,0.38961241734035024,0.06105398553649702,-0.025296311103284706,0,0,0,0,0,0.931568198087913,0,0.931568198087913,0.931568198087913,3.4519294678813006,3.836550308008213,4.741107609185054,2.0713249015135813,-0.826761615280644,0,0,0,0,0,13.274150671307504,13.274150671307504
Otto Lopez,MIA,hitter,13.425088892683466,609,557,148,12,67,65,16,0.265908,NA,NA,NA,NA,NA,NA,0.23034547323991503,0.14428380538209745,0.3659654209121787,0.13200861737620975,0.0982982443407551,0.970901561251156,0,0,0,0,0,0,0.970901561251156,0,0,1,0,1,0,0,1,1,0,0,SS,0.24912776719314625,0.24912776719314625,0.06738464590301993,0.04328514161462923,0.10021822295748894,0.0379524774956603,2.872792223478263e-4,0,0,0,0,0,0.1629608273368951,0.10099866376746822,0.26574719795468976,0.09405613988054945,0.09801096511840728,0,0,0,0,0,0.7217737940580099,0,0.7217737940580099,0.7217737940580099,2.5018571372717675,2.616837782340862,1.70193606483566,3.190959983412814,3.203301204893363,0,0,0,0,0,13.214892172754466,13.214892172754466
Austin Riley,ATL,hitter,21.333453228073925,672,608,159,30,88,93,3,0.261243,NA,NA,NA,NA,NA,NA,0.3025433081360078,0.3607095134552436,0.5236120637666557,0.02475161575803933,0.08630925268791988,1.2979257538038664,0,0,0,0,0,0,1.2979257538038664,0,0,0,1,0,0,1,0,1,0,0,3B,0.4172493965587398,0.4172493965587398,0.10864055155793008,0.09137974340866171,0.1756634020378458,0.03960258521286293,0.0019631143414393,0,0,0,0,0,0.19390275657807776,0.2693297700465819,0.3479486617288099,-0.014850969454823601,0.08434613834648058,0,0,0,0,0,0.8806763572451266,0,0.8806763572451266,0.8806763572451266,2.976893302576534,3.4262833675564677,4.538496172895093,-0.503835786854655,2.75669244014658,0,0,0,0,0,13.194529496320019,13.194529496320019
Hunter Goodman,COL,hitter,25.731159651809445,583,538,139,29,74,89,2,0.258764,NA,NA,NA,NA,NA,NA,0.25441141820527935,0.3486858630067355,0.5010911147874447,0.01650107717202622,0.06650265450881977,1.1871921276803057,0,0,0,0,0,0,1.1871921276803057,1,0,0,0,0,0,0,0,1,0,0,C,0.3011983569402915,0.3011983569402915,0.08182421288223848,0.06011825224254059,0.13850383622214765,0.01650107717202622,0.00425097842133855,0,0,0,0,0,0.17258720532304087,0.2885676107641949,0.36258727856529704,0,0.06225167608748122,0,0,0,0,0,0.8859937707400141,0,0.8859937707400141,0.8859937707400141,2.649646166477696,3.5704312114989727,4.862674470959029,0,2.0345771391675536,0,0,0,0,0,13.11732898810325,13.11732898810325
Nick Lodolo,CIN,pitcher,8.819553943602727,NA,NA,NA,NA,NA,NA,NA,NA,153,9,0,156,4.13335,1.20175,0,0,0,0,0,0,0.22076920319386284,0,0.4304956524406309,0.05722769211888922,0.07926892297546527,0.7877614707288483,0.7877614707288483,0,0,0,0,0,0,0,0,0,1,0,P,0.4486529493960002,0.4486529493960002,0,0,0,0,0,0.1422734865027116,0.03627746556510604,0.24091199011581463,0.01911506633562095,0.01007494087674703,0,0,0,0,0,0.07849571669115124,-0.03627746556510604,0.1895836623248163,0.03811262578326827,0.06919398209871824,0,0.339108521332848,0.339108521332848,0.339108521332848,0,0,0,0,0,4.251968503937012,-4.025229357798171,5.170164729492431,2.685289345188765,4.97647152026625,13.058664741086286,13.058664741086286
Kyle Schwarber,PHI,hitter,24.438170349048537,686,573,130,44,103,105,7,0.226876,NA,NA,NA,NA,NA,NA,0.35411319020464554,0.5290406197343572,0.5911749107042887,0.05775377010209177,-0.06438633714365675,1.4676961536017266,0,0,0,0,0,0,1.4676961536017266,0,0,0,0,0,0,0,0,1,0,0,Util,0.5234999294017727,0.5234999294017727,0.1388948823715309,0.14668853547179908,0.2319657744858733,0.03960258521286292,-0.03365184814029351,0,0,0,0,0,0.21521830783311466,0.3823520842625582,0.35920913621841544,0.01815118488922885,-0.030734489003363244,0,0,0,0,0,0.9441962241999539,0,0.9441962241999539,0.9441962241999539,3.3041404386753728,3.537166324435318,6.443043674020712,0.6157992950445785,-1.0044980736320208,0,0,0,0,0,12.89565165854396,12.89565165854396
Merrill Kelly,ARI,pitcher,7.443554719142272,NA,NA,NA,NA,NA,NA,NA,NA,159,10,0,141,3.93627,1.27322,0,0,0,0,0,0,0.2452991146598476,0,0.38910183970595486,0.0734586976622533,0.05329103643316544,0.7611506884612212,0.7611506884612212,0,0,0,0,0,0,0,0,0,1,0,P,0.4486529493960002,0.4486529493960002,0,0,0,0,0,0.1422734865027116,0.03627746556510604,0.24091199011581463,0.01911506633562095,0.01007494087674703,0,0,0,0,0,0.103025628157136,-0.03627746556510604,0.14818984959014023,0.05434363132663235,0.04321609555641841,0,0.31249773906522094,0.31249773906522094,0.31249773906522094,0,0,0,0,0,5.580708661417328,-4.025229357798171,4.0413078016556545,3.8288722222947946,3.1081267796785017,12.533786107248106,12.533786107248106
Jackson Merrill,SDP,hitter,22.21386300673932,630,576,155,24,82,84,7,0.269646,NA,NA,NA,NA,NA,NA,0.2819153553085528,0.2885676107641949,0.472939928563431,0.05775377010209177,0.11758463409144831,1.218761298829719,0,0,0,0,0,0,1.218761298829719,0,0,0,0,0,1,0,0,1,0,0,OF,0.5234999294017727,0.5234999294017727,0.1388948823715309,0.14668853547179908,0.2319657744858733,0.03960258521286292,-0.03365184814029351,0,0,0,0,0,0.1430204729370219,0.14187907529239582,0.24097415407755768,0.01815118488922885,0.15123648223174183,0,0,0,0,0,0.695261369427946,0,0.695261369427946,0.695261369427946,2.195722719630919,2.372895277207392,2.3908149482215224,0.6157992950445785,4.942875576946925,0,0,0,0,0,12.518107817051337,12.518107817051337
Alec Burleson,STL,hitter,19.897094289445853,602,551,152,22,70,79,6,0.275849,NA,NA,NA,NA,NA,NA,0.2406594496536426,0.2645203098671786,0.4447887423394172,0.04950323151607866,0.13777397137502947,1.1372457047513465,0,0,0,0,0,0,1.1372457047513465,0,1,0,0,0,1,1,0,1,0,0,1B,0.44297870877619505,0.44297870877619505,0.11345374055100294,0.11783177439537958,0.19480620867017517,0.03465226206125506,-0.01776527690161768,0,0,0,0,0,0.12720570910263967,0.14668853547179905,0.249982533669242,0.014850969454823601,0.15553924827664717,0,0,0,0,0,0.6942669959751515,0,0.6942669959751515,0.6942669959751515,1.9529264573640386,2.4616016427104714,2.471859522737506,0.503835786854655,5.083503267321856,0,0,0,0,0,12.473726676988527,12.473726676988527
Masyn Winn,STL,hitter,14.438086919462412,644,587,150,15,79,68,13,0.255446,NA,NA,NA,NA,NA,NA,0.2716013788948252,0.1803547567276218,0.38285613264658697,0.10725700161817042,0.05814644628290042,1.0002157161701049,0,0,0,0,0,0,1.0002157161701049,0,0,0,0,1,0,0,1,1,0,0,SS,0.24912776719314625,0.24912776719314625,0.06738464590301993,0.04328514161462923,0.10021822295748894,0.0379524774956603,2.872792223478263e-4,0,0,0,0,0,0.2042167329918053,0.13706961511299257,0.282637909689098,0.06930452412251012,0.057859167060552594,0,0,0,0,0,0.7510879489769586,0,0.7510879489769586,0.7510879489769586,3.1352386910114562,2.7831622176591373,2.3097703737055384,2.3512336719883895,1.8910163708242684,0,0,0,0,0,12.470421325188788,12.470421325188788
Kevin Ginkel,ARI,pitcher,2.784946523512011,NA,NA,NA,NA,NA,NA,NA,NA,62,4,12,64,3.60631,1.27879,0,0,0,0,0,0,0.09811964586393904,0.16743445645433555,0.17661360100128448,0.03777554074059577,0.01989622430521368,0.4998394683653686,0.4998394683653686,0,0,0,0,0,0,0,0,0,0,1,P,0.4486529493960002,0.4486529493960002,0,0,0,0,0,0.1422734865027116,0.03627746556510604,0.24091199011581463,0.01911506633562095,0.01007494087674703,0,0,0,0,0,-0.04415384063877256,0.1311569908892295,-0.06429838911453015,0.018660474404974817,0.009821283428466651,0,0.05118651896936825,0.05118651896936825,0.05118651896936825,0,0,0,0,0,-2.3917322834645685,14.552752293578,-1.7534910945731246,1.3147552042411277,0.70635242822847355,12.428636548009907,12.428636548009907
Tyler Glasnow,LAD,pitcher,11.838405456647347,NA,NA,NA,NA,NA,NA,NA,NA,133,8,0,155,3.68037,1.19744,0,0,0,0,0,0,0.19623929172787807,0,0.42773606492498584,0.07663806283439345,0.07037420513178386,0.7709876246190411,0.7709876246190411,0,0,0,0,0,0,0,0,0,1,0,P,0.4486529493960002,0.4486529493960002,0,0,0,0,0,0.1422734865027116,0.03627746556510604,0.24091199011581463,0.01911506633562095,0.01007494087674703,0,0,0,0,0,0.053965805225166474,-0.03627746556510604,0.1868240748091712,0.0575229964987725,0.06029926425503683,0,0.322334675223041,0.322334675223041,0.322334675223041,0,0,0,0,0,2.9232283464566953,-4.025229357798171,5.094907600969978,4.052879759056017,4.336758228917687,12.382544577602207,12.382544577602207
Oneil Cruz,PIT,hitter,18.197639192968815,539,473,112,22,73,65,29,0.237442,NA,NA,NA,NA,NA,NA,0.25097342606737016,0.2645203098671786,0.3659654209121787,0.23926561899438015,-0.01616545602014965,1.1045593198209582,0,0,0,0,0,0,1.1045593198209582,0,0,0,0,0,1,0,0,1,0,0,OF,0.5234999294017727,0.5234999294017727,0.1388948823715309,0.14668853547179908,0.2319657744858733,0.03960258521286292,-0.03365184814029351,0,0,0,0,0,0.11207854369583928,0.11783177439537953,0.1339996464263054,0.19966303378151723,0.01748639212014386,0,0,0,0,0,0.5810593904191853,0,0.5810593904191853,0.5810593904191853,1.720686554326153,1.319507186858316,1.9855920756416026,6.773792245490359,0.5715093293900715,0,0,0,0,0,12.371087391706503,12.371087391706503
Matt Olson,ATL,hitter,21.7835565412266,686,595,151,32,91,97,1,0.253266,NA,NA,NA,NA,NA,NA,0.3128572845497354,0.38475681435225983,0.5461330127458668,0.00825053858601311,0.04934008703243016,1.3013377372663053,0,0,0,0,0,0,1.3013377372663053,0,1,0,0,0,0,1,0,1,0,0,1B,0.44297870877619505,0.44297870877619505,0.11345374055100294,0.11783177439537958,0.19480620867017517,0.03465226206125506,-0.01776527690161768,0,0,0,0,0,0.19940354399873245,0.2669250399568803,0.3513268040756916,-0.026401723475241952,0.06710536393404784,0,0,0,0,0,0.8583590284901103,0,0.8583590284901103,0.8583590284901103,3.0613441764084928,3.4595482546201235,4.497973885637101,-0.8957080655193864,2.193210656430645,0,0,0,0,0,12.316368907576978,12.316368907576978
Brandon Pfaadt,ARI,pitcher,5.3188571592334135,NA,NA,NA,NA,NA,NA,NA,NA,163,10,0,145,4.2157,1.2506,0,0,0,0,0,0,0.2452991146598476,0,0.4001401897685352,0.05497664993092027,0.06406904753092706,0.7644850018902302,0.7644850018902302,0,0,0,0,0,0,0,0,0,1,0,P,0.4486529493960002,0.4486529493960002,0,0,0,0,0,0.1422734865027116,0.03627746556510604,0.24091199011581463,0.01911506633562095,0.01007494087674703,0,0,0,0,0,0.103025628157136,-0.03627746556510604,0.1592281996527206,0.03586158359529931,0.05399410665418003,0,0.31583205249422985,0.31583205249422985,0.31583205249422985,0,0,0,0,0,5.580708661417328,-4.025229357798171,4.342336315745463,2.5266883703491594,3.8832876194839314,12.30779160919771,12.30779160919771
Luis Robert Jr.,NYM,hitter,18.35821594069192,567,515,121,21,69,76,29,0.235309,NA,NA,NA,NA,NA,NA,0.23722145751573345,0.2524966594186705,0.42789803060500897,0.23926561899438015,-0.02572996245009766,1.1311518040836954,0,0,0,0,0,0,1.1311518040836954,0,0,0,0,0,1,0,0,1,0,0,OF,0.5234999294017727,0.5234999294017727,0.1388948823715309,0.14668853547179908,0.2319657744858733,0.03960258521286292,-0.03365184814029351,0,0,0,0,0,0.09832657514420257,0.10580812394687142,0.19593225611913567,0.19966303378151723,0.007921885690195852,0,0,0,0,0,0.6076518746819227,0,0.6076518746819227,0.6076518746819227,1.5095593697462568,1.9293634496919916,1.7829806393516432,6.773792245490359,0.25891170386675444,0,0,0,0,0,12.254607408147006,12.254607408147006
Christian Yelich,MIL,hitter,17.765466432885194,630,553,141,20,81,80,17,0.255961,NA,NA,NA,NA,NA,NA,0.2784773631706436,0.2404730089701624,0.45041897958422,0.14025915596222285,0.05688605241622519,1.166514560103474,0,0,0,0,0,0,1.166514560103474,0,0,0,0,0,0,0,0,1,0,0,Util,0.5234999294017727,0.5234999294017727,0.1388948823715309,0.14668853547179908,0.2319657744858733,0.03960258521286292,-0.03365184814029351,0,0,0,0,0,0.1395824807991127,0.09378447349836333,0.2184532050983467,0.10065657074935994,0.0905379005565187,0,0,0,0,0,0.6430146307017014,0,0.6430146307017014,0.6430146307017014,2.1429409234859444,2.151129363449692,1.5803692030616843,3.4148869997926607,2.9590583624070814,0,0,0,0,0,12.248384852197063,12.248384852197063
Rafael Devers,SFG,hitter,21.416496153615785,686,589,149,31,94,93,2,0.252589,NA,NA,NA,NA,NA,NA,0.32317126096346294,0.3727331639037517,0.5236120637666557,0.01650107717202622,0.04589168317240059,1.281909248978297,0,0,0,0,0,0,1.281909248978297,0,1,0,0,0,0,1,0,1,0,0,1B,0.44297870877619505,0.44297870877619505,0.11345374055100294,0.11783177439537958,0.19480620867017517,0.03465226206125506,-0.01776527690161768,0,0,0,0,0,0.20971752041246,0.25490138950837216,0.3288058550964805,-0.01815118488922884,0.06365696007401828,0,0,0,0,0,0.8389305402021021,0,0.8389305402021021,0.8389305402021021,3.219689564843415,3.2377823408624224,4.2953624493471425,-0.6157992950445782,2.0805061623319836,0,0,0,0,0,12.217541222340385,12.217541222340385
Shota Imanaga,CHC,pitcher,9.28466572820309,NA,NA,NA,NA,NA,NA,NA,NA,147,9,0,134,4.04117,1.17639,0,0,0,0,0,0,0.22076920319386284,0,0.3697847270964394,0.06103175291424947,0.08570227863688348,0.7372879618414352,0.7372879618414352,0,0,0,0,0,0,0,0,0,1,0,P,0.4486529493960002,0.4486529493960002,0,0,0,0,0,0.1422734865027116,0.03627746556510604,0.24091199011581463,0.01911506633562095,0.01007494087674703,0,0,0,0,0,0.07849571669115124,-0.03627746556510604,0.12887273698062476,0.041916686578628515,0.07562733776013646,0,0.28863501244543494,0.28863501244543494,0.28863501244543494,0,0,0,0,0,4.251968503937012,-4.025229357798171,3.5145079019984933,2.9533108659393936,5.439162208932142,12.133720123008871,12.133720123008871
Mitch Keller,PIT,pitcher,3.296966362011928,NA,NA,NA,NA,NA,NA,NA,NA,175,10,0,152,4.19255,1.29666,0,0,0,0,0,0,0.2452991146598476,0,0.4194573023780506,0.06083229692084732,0.04815422473795106,0.7737429386966966,0.7737429386966966,0,0,0,0,0,0,0,0,0,1,0,P,0.4486529493960002,0.4486529493960002,0,0,0,0,0,0.1422734865027116,0.03627746556510604,0.24091199011581463,0.01911506633562095,0.01007494087674703,0,0,0,0,0,0.103025628157136,-0.03627746556510604,0.178545312262236,0.041717230585226375,0.03807928386120403,0,0.3250899893006963,0.3250899893006963,0.3250899893006963,0,0,0,0,0,5.580708661417328,-4.025229357798171,4.869136215402623,2.939257857443927,2.738684288715426,12.102557665181132,12.102557665181132
Teoscar Hernandez,LAD,hitter,21.99369504706165,595,546,142,29,75,92,6,0.260817,NA,NA,NA,NA,NA,NA,0.25784941034318853,0.3486858630067355,0.517981826521853,0.04950323151607866,0.07578672048303435,1.24980705187089,0,0,0,0,0,0,1.24980705187089,0,0,0,0,0,1,0,0,1,0,0,OF,0.5234999294017727,0.5234999294017727,0.1388948823715309,0.14668853547179908,0.2319657744858733,0.03960258521286292,-0.03365184814029351,0,0,0,0,0,0.11895452797165765,0.2019973275349364,0.2860160520359797,0.009900646303215743,0.10943856862332786,0,0,0,0,0,0.7263071224691174,0,0.7263071224691174,0.7263071224691174,1.826250146616101,2.8164271047227927,3.4038721296713197,0.3358905245697703,3.576790600004735,0,0,0,0,0,11.959230505584717,11.959230505584717
Dustin May,STL,pitcher,4.398066160776652,NA,NA,NA,NA,NA,NA,NA,NA,165,10,0,150,4.18147,1.28743,0,0,0,0,0,0,0.2452991146598476,0,0.4139381273467605,0.05817218762154262,0.04930067994266131,0.7667101095708121,0.7667101095708121,0,0,0,0,0,0,0,0,0,1,0,P,0.4486529493960002,0.4486529493960002,0,0,0,0,0,0.1422734865027116,0.03627746556510604,0.24091199011581463,0.01911506633562095,0.01007494087674703,0,0,0,0,0,0.103025628157136,-0.03627746556510604,0.17302613723094587,0.039057121285921675,0.039225739065914283,0,0.3180571601748118,0.3180571601748118,0.3180571601748118,0,0,0,0,0,5.580708661417328,-4.025229357798171,4.71862195835772,2.7518353691829276,2.8211380152166976,11.847074646376502,11.847074646376502
Drake Baldwin,ATL,hitter,22.81671467946948,571,509,136,23,71,78,1,0.266641,NA,NA,NA,NA,NA,NA,0.2440974417915518,0.27654396031568673,0.4391585050946145,0.00825053858601311,0.09258829740675574,1.0606387431946218,0,0,0,0,0,0,1.0606387431946218,1,0,0,0,0,0,0,0,1,0,0,C,0.3011983569402915,0.3011983569402915,0.08182421288223848,0.06011825224254059,0.13850383622214765,0.01650107717202622,0.00425097842133855,0,0,0,0,0,0.1622732289093133,0.21642570807314615,0.30065466887246683,-0.00825053858601311,0.08833731898541719,0,0,0,0,0,0.7594403862543304,0,0.7594403862543304,0.7594403862543304,2.4913007780427736,2.9605749486652977,3.6470058532192713,-0.2799087704748083,2.8871365566207645,0,0,0,0,0,11.7061093660733,11.7061093660733
Ivan Herrera,STL,hitter,17.212312382046274,601,520,142,19,78,74,10,0.273532,NA,NA,NA,NA,NA,NA,0.26816338675691603,0.22844935852165427,0.4166375561154035,0.08250538586013109,0.1211065512017832,1.1168622384558882,0,0,0,0,0,0,1.1168622384558882,0,0,0,0,0,0,0,0,1,0,0,Util,0.5234999294017727,0.5234999294017727,0.1388948823715309,0.14668853547179908,0.2319657744858733,0.03960258521286292,-0.03365184814029351,0,0,0,0,0,0.12926850438538515,0.08176082304985519,0.18467178162953019,0.042902800647268174,0.1547583993420767,0,0,0,0,0,0.5933623090541154,0,0.5933623090541154,0.5933623090541154,1.9845955350510225,1.8184804928131415,1.3777577667717242,1.455525606469003,5.057982711229713,0,0,0,0,0,11.694342112334605,11.694342112334605
Brady Singer,CIN,pitcher,2.873650720770592,NA,NA,NA,NA,NA,NA,NA,NA,171,10,0,162,4.37762,1.29715,0,0,0,0,0,0,0.2452991146598476,0,0.44705317753450136,0.04531613482790227,0.04683908882992646,0.7845075158521778,0.7845075158521778,0,0,0,0,0,0,0,0,0,1,0,P,0.4486529493960002,0.4486529493960002,0,0,0,0,0,0.1422734865027116,0.03627746556510604,0.24091199011581463,0.01911506633562095,0.01007494087674703,0,0,0,0,0,0.103025628157136,-0.03627746556510604,0.20614118741868673,0.026201068492281317,0.036764147953179435,0,0.33585456645617745,0.33585456645617745,0.33585456645617745,0,0,0,0,0,5.580708661417328,-4.025229357798171,5.62170750062714,1.846040481571111,2.644098947721081,11.667326233538489,11.667326233538489
Nolan McLean,NYM,pitcher,6.990046094780356,NA,NA,NA,NA,NA,NA,NA,NA,145,10,0,140,3.81876,1.29394,0,0,0,0,0,0,0.2452991146598476,0,0.3863422521903098,0.07459601707820632,0.04090871645714526,0.747146100385509,0.747146100385509,0,0,0,0,0,0,0,0,0,1,0,P,0.4486529493960002,0.4486529493960002,0,0,0,0,0,0.1422734865027116,0.03627746556510604,0.24091199011581463,0.01911506633562095,0.01007494087674703,0,0,0,0,0,0.103025628157136,-0.03627746556510604,0.1454302620744952,0.05548095074258537,0.030833775580398227,0,0.29849315098950874,0.29849315098950874,0.29849315098950874,0,0,0,0,0,5.580708661417328,-4.025229357798171,3.966050673133204,3.909003980392545,2.2175831103233348,11.648117067468242,11.648117067468242
Reynaldo Lopez,ATL,pitcher,8.385092268219168,NA,NA,NA,NA,NA,NA,NA,NA,144,9,0,145,3.82501,1.25567,0,0,0,0,0,0,0.22076920319386284,0,0.4001401897685352,0.07367984438401683,0.0547321720300316,0.7493214093764464,0.7493214093764464,0,0,0,0,0,0,0,0,0,1,0,P,0.4486529493960002,0.4486529493960002,0,0,0,0,0,0.1422734865027116,0.03627746556510604,0.24091199011581463,0.01911506633562095,0.01007494087674703,0,0,0,0,0,0.07849571669115124,-0.03627746556510604,0.1592281996527206,0.05456477804839588,0.04465723115328457,0,0.3006684599804462,0.3006684599804462,0.3006684599804462,0,0,0,0,0,4.251968503937012,-4.025229357798171,4.342336315745463,3.84445348764901,3.211774091729635,11.62530304126295,11.62530304126295
Dylan Crews,WSN,hitter,17.012043876963208,595,539,131,18,72,68,26,0.243673,NA,NA,NA,NA,NA,NA,0.24753543392946095,0.21642570807314615,0.38285613264658697,0.21451400323634084,0.00643257779578155,1.0677638556813167,0,0,0,0,0,0,1.0677638556813167,0,0,0,0,0,1,0,0,1,0,0,OF,0.5234999294017727,0.5234999294017727,0.1388948823715309,0.14668853547179908,0.2319657744858733,0.03960258521286292,-0.03365184814029351,0,0,0,0,0,0.10864055155793007,0.06973717260134707,0.15089035816071367,0.17491141802347793,0.04008442593607506,0,0,0,0,0,0.5442639262795439,0,0.5442639262795439,0.5442639262795439,1.6679047581811783,1.485831622176591,1.1751463304817649,5.934065934065935,1.3100829049419587,0,0,0,0,0,11.57303154984743,11.57303154984743
Andy Pages,LAD,hitter,20.512008148055063,602,549,141,26,75,85,10,0.25661,NA,NA,NA,NA,NA,NA,0.25784941034318853,0.31261491166121114,0.47857016580823375,0.08250538586013109,0.05911128302708825,1.1906511566998528,0,0,0,0,0,0,1.1906511566998528,0,0,0,0,0,1,0,0,1,0,0,OF,0.5234999294017727,0.5234999294017727,0.1388948823715309,0.14668853547179908,0.2319657744858733,0.03960258521286292,-0.03365184814029351,0,0,0,0,0,0.11895452797165765,0.16592637618941206,0.24660439132236045,0.042902800647268174,0.09276313116738176,0,0,0,0,0,0.6671512272980801,0,0.6671512272980801,0.6671512272980801,1.826250146616101,2.4283367556468174,2.7960378208014416,1.455525606469003,3.0317857749810906,0,0,0,0,0,11.537936104514452,11.537936104514452
Andrew Abbott,CIN,pitcher,4.3913648799877105,NA,NA,NA,NA,NA,NA,NA,NA,166,9,0,151,4.17496,1.27062,0,0,0,0,0,0,0.22076920319386284,0,0.4166977148624056,0.0590071018119574,0.05674190105485916,0.7532159209230851,0.7532159209230851,0,0,0,0,0,0,0,0,0,1,0,P,0.4486529493960002,0.4486529493960002,0,0,0,0,0,0.1422734865027116,0.03627746556510604,0.24091199011581463,0.01911506633562095,0.01007494087674703,0,0,0,0,0,0.07849571669115124,-0.03627746556510604,0.17578572474659096,0.03989203547633645,0.04666696017811213,0,0.3045629715270847,0.3045629715270847,0.3045629715270847,0,0,0,0,0,4.251968503937012,-4.025229357798171,4.793879086880172,2.81066065696071,3.356314974508111,11.187593864487834,11.187593864487834
Luis Garcia Jr.,WSN,hitter,12.911634935800612,497,463,126,15,59,64,13,0.272108,NA,NA,NA,NA,NA,NA,0.20284153613664163,0.1803547567276218,0.360335183667376,0.10725700161817042,0.10295236139147326,0.9537408395412832,0,0,0,0,0,0,0.9537408395412832,0,0,1,0,0,0,0,1,1,0,0,2B,0.3590039845822357,0.3590039845822357,0.09007539401322052,0.07695136287045197,0.14526012091591095,0.04125269293006554,0.00546441385258677,0,0,0,0,0,0.1127661421234211,0.10340339385716983,0.21507506275146504,0.06600430868810489,0.0974879475388865,0,0,0,0,0,0.5947368549590474,0,0.5947368549590474,0.5947368549590474,1.7312429135551475,2.117864476386037,1.7424583520936519,2.2392701637984667,3.1862073742119152,0,0,0,0,0,11.017043280045218,11.017043280045218
Edward Cabrera,CHC,pitcher,7.5675007339950735,NA,NA,NA,NA,NA,NA,NA,NA,137,9,0,146,3.9213,1.24922,0,0,0,0,0,0,0.22076920319386284,0,0.40289977728418025,0.064210021360012845,0.05433336064464984,0.7422123624827058,0.7422123624827058,0,0,0,0,0,0,0,0,0,1,0,P,0.4486529493960002,0.4486529493960002,0,0,0,0,0,0.1422734865027116,0.03627746556510604,0.24091199011581463,0.01911506633562095,0.01007494087674703,0,0,0,0,0,0.07849571669115124,-0.03627746556510604,0.16198778716836562,0.0450949550243919,0.044258419767902804,0,0.2935594130867055,0.2935594130867055,0.2935594130867055,0,0,0,0,0,4.251968503937012,-4.025229357798171,4.417593444267914,3.1772411309935746,3.183091344457209,11.00466506585754,11.00466506585754
Cole Henry,WSN,pitcher,-6.431954943643139,NA,NA,NA,NA,NA,NA,NA,NA,64,2,16,60,4.94376,1.45779,0,0,0,0,0,0,0.04905982293196952,0.22324594193911407,0.1655752509387042,7.877462528504106e-4,-0.00878460698839176,0.4298841550742464,0.4298841550742464,0,0,0,0,0,0,0,0,0,0,1,P,0.4486529493960002,0.4486529493960002,0,0,0,0,0,0.1422734865027116,0.03627746556510604,0.24091199011581463,0.01911506633562095,0.01007494087674703,0,0,0,0,0,-0.09321366357074208,0.18696847637400804,-0.07533673917711042,-0.01832732008277054,-0.01885954786513879,0,-0.018768794321753796,-0.018768794321753796,-0.018768794321753796,0,0,0,0,0,-5.049212598425201,20.745412844036725,-2.054519608662931,-1.2912822544421279,-1.356389674206941,10.994008708299525,10.994008708299525
Ozzie Albies,ATL,hitter,14.620690078997164,630,571,145,19,75,74,11,0.253998,NA,NA,NA,NA,NA,NA,0.25784941034318853,0.22844935852165427,0.4166375561154035,0.0907559244461442,0.05044298008762358,1.044135229514014,0,0,0,0,0,0,1.044135229514014,0,0,1,0,0,0,0,1,1,0,0,2B,0.3590039845822357,0.3590039845822357,0.09007539401322052,0.07695136287045197,0.14526012091591095,0.04125269293006554,0.00546441385258677,0,0,0,0,0,0.16777401632996802,0.1514979956512023,0.27137743519949253,0.04950323151607867,0.04497856623503681,0,0,0,0,0,0.6851312449317785,0,0.6851312449317785,0.6851312449317785,2.5757516518747323,2.672279260780287,2.55290409725349,1.6794526228488498,1.470038533351917,0,0,0,0,0,10.950426166109278,10.950426166109278
Joey Ortiz,MIL,hitter,11.282734917026822,630,570,141,12,73,66,15,0.248205,NA,NA,NA,NA,NA,NA,0.25097342606737016,0.14428380538209745,0.3715956581569815,0.12375807879019664,0.0259190643561616,0.9165300327528072,0,0,0,0,0,0,0.9165300327528072,0,0,0,0,1,0,0,1,1,0,0,SS,0.24912776719314625,0.24912776719314625,0.06738464590301993,0.04328514161462923,0.10021822295748894,0.0379524774956603,2.872792223478263e-4,0,0,0,0,0,0.18358878016435023,0.10099866376746822,0.27137743519949253,0.085805601294536335,0.025631785133813773,0,0,0,0,0,0.6674022655596611,0,0.6674022655596611,0.6674022655596611,2.8185479141416123,2.672279260780287,1.70193606483566,2.9110512129380055,0.8377259432505394,0,0,0,0,0,10.941540395946106,10.941540395946106
Matt Chapman,SFG,hitter,16.974760624635653,672,583,141,27,89,84,9,0.24152,NA,NA,NA,NA,NA,NA,0.305981300273917,0.32463856210971925,0.472939928563431,0.07425484727411799,-0.00233105260389726,1.175483585617288,0,0,0,0,0,0,1.175483585617288,0,0,0,1,0,0,1,0,1,0,0,3B,0.4172493965587398,0.4172493965587398,0.10864055155793008,0.09137974340866171,0.1756634020378458,0.03960258521286293,0.0019631143414393,0,0,0,0,0,0.19734074871598695,0.23325881870105752,0.29727652652558517,0.03465226206125506,-0.00429416694533656,0,0,0,0,0,0.7582341890585481,0,0.7582341890585481,0.7582341890585481,3.0296750987215084,2.9273100616016423,3.9306618640252147,1.1756168359941948,-0.14034664522884546,0,0,0,0,0,10.922917215113713,10.922917215113713
Adolis Garcia,PHI,hitter,19.562462013930745,609,556,134,28,75,88,13,0.241164,NA,NA,NA,NA,NA,NA,0.25784941034318853,0.33666221255822737,0.495460877542642,0.10725700161817042,-0.00368786485633869,1.1935416372058896,0,0,0,0,0,0,1.1935416372058896,0,0,0,0,0,1,0,0,1,0,0,OF,0.5234999294017727,0.5234999294017727,0.1388948823715309,0.14668853547179908,0.2319657744858733,0.03960258521286292,-0.03365184814029351,0,0,0,0,0,0.11895452797165765,0.1899736770864283,0.2634951030567687,0.0676544164053075,0.02996398328395482,0,0,0,0,0,0.6700417078041169,0,0.6700417078041169,0.6700417078041169,1.826250146616101,2.5946611909650925,3.2012606933813603,2.295251917893428,0.979315565773064,0,0,0,0,0,10.896739514629045,10.896739514629045
Michael Busch,CHC,hitter,17.919649130301185,602,526,133,28,84,82,4,0.252787,NA,NA,NA,NA,NA,NA,0.28879133958437114,0.33666221255822737,0.4616794540738255,0.03300215434405244,0.04175378239487919,1.1618889429553556,0,0,0,0,0,0,1.1618889429553556,0,1,0,0,0,0,1,0,1,0,0,1B,0.44297870877619505,0.44297870877619505,0.11345374055100294,0.11783177439537958,0.19480620867017517,0.03465226206125506,-0.01776527690161768,0,0,0,0,0,0.1753375990333682,0.2188304381628478,0.2668732454036503,-0.0016501077172026216,0.05951905929649687,0,0,0,0,0,0.7189102341791607,0,0.7189102341791607,0.7189102341791607,2.691871603393675,2.627926078028747,3.687528140477264,-0.05598175409496164,1.9452667783472408,0,0,0,0,0,10.896610846151965,10.896610846151965
Justin Crawford,PHI,hitter,14.18922919771706,476,432,120,7,63,48,25,0.276442,NA,NA,NA,NA,NA,NA,0.21659350468827832,0.08416555313955684,0.270251387750532,0.20626346465032777,0.1099145509815794,0.8871884612102743,0,0,0,0,0,0,0.8871884612102743,0,0,0,0,0,1,0,0,1,0,0,OF,0.5234999294017727,0.5234999294017727,0.1388948823715309,0.14668853547179908,0.2319657744858733,0.03960258521286292,-0.03365184814029351,0,0,0,0,0,0.07769862231674743,-0.06252298233224224,0.03828561326465868,0.16666087943746485,0.1435663991218729,0,0,0,0,0,0.36368853180850164,0,0.36368853180850164,0.36368853180850164,1.192868592876412,0.3770020533880902,-1.0535794687077897,5.654157163591128,4.6921935595033375,0,0,0,0,0,10.862641900651177,10.862641900651177
Brenton Doyle,COL,hitter,16.66238190401799,595,548,136,19,69,70,21,0.247663,NA,NA,NA,NA,NA,NA,0.23722145751573345,0.22844935852165427,0.3941166071361925,0.1732613103062753,0.02272069802765117,1.0557694315075066,0,0,0,0,0,0,1.0557694315075066,0,0,0,0,0,1,0,0,1,0,0,OF,0.5234999294017727,0.5234999294017727,0.1388948823715309,0.14668853547179908,0.2319657744858733,0.03960258521286292,-0.03365184814029351,0,0,0,0,0,0.09832657514420257,0.08176082304985519,0.1621508326503192,0.1336587250934124,0.05637254616794468,0,0,0,0,0,0.532269502105734,0,0.532269502105734,0.532269502105734,1.5095593697462568,1.5967145790554416,1.3777577667717242,4.534522081691894,1.8424290062293227,0,0,0,0,0,10.860982803494638,10.860982803494638
Seiya Suzuki,CHC,hitter,20.175675302408507,616,540,139,26,77,86,7,0.256436,NA,NA,NA,NA,NA,NA,0.26472539461900685,0.31261491166121114,0.48420040305303647,0.05775377010209177,0.05744692167423366,1.17674140110958,0,0,0,0,0,0,1.17674140110958,0,0,0,0,0,1,0,0,1,0,0,OF,0.5234999294017727,0.5234999294017727,0.1388948823715309,0.14668853547179908,0.2319657744858733,0.03960258521286292,-0.03365184814029351,0,0,0,0,0,0.12583051224747596,0.16592637618941206,0.25223462856716317,0.01815118488922885,0.09109876981452716,0,0,0,0,0,0.6532414717078072,0,0.6532414717078072,0.6532414717078072,1.9318137389060483,2.483778234086242,2.7960378208014416,0.6157992950445785,2.9773893029074188,0,0,0,0,0,10.804818391745728,10.804818391745728
Ryne Nelson,ARI,pitcher,4.672529733405661,NA,NA,NA,NA,NA,NA,NA,NA,167,9,0,138,4.09102,1.268,0,0,0,0,0,0,0.22076920319386284,0,0.3808230771590197,0.06561952909720818,0.05820364205477866,0.7254154515048693,0.7254154515048693,0,0,0,0,0,0,0,0,0,1,1,P,0.4486529493960002,0.4486529493960002,0,0,0,0,0,0.1422734865027116,0.03627746556510604,0.24091199011581463,0.01911506633562095,0.01007494087674703,0,0,0,0,0,0.07849571669115124,-0.03627746556510604,0.13991108704320507,0.046504462761587234,0.04812870117803163,0,0.2767625021088691,0.2767625021088691,0.2767625021088691,0,0,0,0,0,4.251968503937012,-4.025229357798171,3.815536416088301,3.2765503764435002,3.4614442391561075,10.78027017782675,10.78027017782675
Jakob Marsee,MIA,hitter,14.481541590729408,574,492,114,13,73,57,34,0.231039,NA,NA,NA,NA,NA,NA,0.25097342606737016,0.15630745583060557,0.32092352295375676,0.2805183119244457,-0.04012751885797927,0.9685951979181988,0,0,0,0,0,0,0.9685951979181988,0,0,0,0,0,1,0,0,1,0,0,OF,0.5234999294017727,0.5234999294017727,0.1388948823715309,0.14668853547179908,0.2319657744858733,0.03960258521286292,-0.03365184814029351,0,0,0,0,0,0.11207854369583928,0.009618920358806488,0.08895774846788346,0.2409157267115828,-0.006475670717685761,0,0,0,0,0,0.4450952685164262,0,0.4450952685164262,0.4450952685164262,1.720686554326153,0.8759753593429159,0.16208914903196747,8.1733360978644,-0.21164492959940928,0,0,0,0,0,10.720442230966029,10.720442230966029
Alec Bohm,PHI,hitter,14.886801041839073,609,556,155,16,70,78,3,0.278469,NA,NA,NA,NA,NA,NA,0.2406594496536426,0.19237840717612992,0.4391585050946145,0.02475161575803933,0.14980422582902814,1.0467522035114545,0,0,0,0,0,0,1.0467522035114545,0,0,0,1,0,0,1,0,1,0,0,3B,0.4172493965587398,0.4172493965587398,0.10864055155793008,0.09137974340866171,0.1756634020378458,0.03960258521286293,0.0019631143414393,0,0,0,0,0,0.13201889809571254,0.1009986637674682,0.2634951030567687,-0.014850969454823601,0.14784111148758883,0,0,0,0,0,0.6295028069527147,0,0.6295028069527147,0.6295028069527147,2.0268209719670023,2.5946611909650925,1.7019360648356598,-0.503835786854655,4.831904368953358,0,0,0,0,0,10.651486809866459,10.651486809866459
JJ Wetherholt,STL,hitter,10.746448172129949,560,491,125,12,72,58,13,0.254423,NA,NA,NA,NA,NA,NA,0.24753543392946095,0.14428380538209745,0.3265537601985595,0.10725700161817042,0.04491990164097424,0.8705499027692626,0,0,0,0,0,0,0.8705499027692626,0,0,1,0,1,0,0,1,1,0,0,SS,0.24912776719314625,0.24912776719314625,0.06738464590301993,0.04328514161462923,0.10021822295748894,0.0379524774956603,2.872792223478263e-4,0,0,0,0,0,0.18015078802644102,0.10099866376746822,0.22633553724107053,0.06930452412251012,0.04463262241862641,0,0,0,0,0,0.6214221355761163,0,0.6214221355761163,0.6214221355761163,2.765766117996638,2.228747433264887,1.70193606483566,2.3512336719883895,1.4587320204266125,0,0,0,0,0,10.506415308512187,10.506415308512187
Braxton Ashcraft,PIT,pitcher,6.272791179654895,NA,NA,NA,NA,NA,NA,NA,NA,151,9,0,133,3.83327,1.28233,0,0,0,0,0,0,0.22076920319386284,0,0.3670251395807943,0.07670478565345451,0.04708873099254812,0.7115878594206597,0.7115878594206597,0,0,0,0,0,0,0,0,0,1,1,P,0.4486529493960002,0.4486529493960002,0,0,0,0,0,0.1422734865027116,0.03627746556510604,0.24091199011581463,0.01911506633562095,0.01007494087674703,0,0,0,0,0,0.07849571669115124,-0.03627746556510604,0.12611314946497967,0.05758971931783356,0.037013790115801096,0,0.2629349100246595,0.2629349100246595,0.2629349100246595,0,0,0,0,0,4.251968503937012,-4.025229357798171,3.4392507734760414,4.057580827833711,2.6620533575536,10.385624105002192,10.385624105002192
Jacob Misiorowski,MIL,pitcher,7.128853591830487,NA,NA,NA,NA,NA,NA,NA,NA,134,9,0,154,3.98298,1.28173,0,0,0,0,0,0,0.22076920319386284,0,0.4249764774093408,0.05911480410910689,0.04199314159138698,0.7468536263036974,0.7468536263036974,0,0,0,0,0,0,0,0,0,1,0,P,0.4486529493960002,0.4486529493960002,0,0,0,0,0,0.1422734865027116,0.03627746556510604,0.24091199011581463,0.01911506633562095,0.01007494087674703,0,0,0,0,0,0.07849571669115124,-0.03627746556510604,0.18406448729352617,0.039999737773485936,0.03191820071463995,0,0.29820067690769725,0.29820067690769725,0.29820067690769725,0,0,0,0,0,4.251968503937012,-4.025229357798171,5.019650472447528,2.818249003999104,2.2955755980040635,10.360214220589537,10.360214220589537
Matt McLain,CIN,hitter,12.858129697152377,623,549,129,19,79,68,18,0.235419,NA,NA,NA,NA,NA,NA,0.2716013788948252,0.22844935852165427,0.38285613264658697,0.14850969454823598,-0.02698174077576431,1.0044348238355385,0,0,0,0,0,0,1.0044348238355385,0,0,1,0,0,0,0,1,1,0,0,2B,0.3590039845822357,0.3590039845822357,0.09007539401322052,0.07695136287045197,0.14526012091591095,0.04125269293006554,0.00546441385258677,0,0,0,0,0,0.1815259848816047,0.1514979956512023,0.23759601173067602,0.10725700161817045,-0.032446154628351084,0,0,0,0,0,0.6454308392533024,0,0.6454308392533024,0.6454308392533024,2.7868788364546275,2.339630390143737,2.55290409725349,3.638814016172508,-1.0604405954944889,0,0,0,0,0,10.257786744529874,10.257786744529874
Eugenio Suarez,CIN,hitter,17.217660884686968,616,546,128,35,79,97,3,0.234966,NA,NA,NA,NA,NA,NA,0.2716013788948252,0.4208277656977842,0.5461330127458668,0.02475161575803933,-0.02866465322252951,1.2346491198739862,0,0,0,0,0,0,1.2346491198739862,0,0,0,1,0,0,1,0,1,0,0,3B,0.4172493965587398,0.4172493965587398,0.10864055155793008,0.09137974340866171,0.1756634020378458,0.03960258521286293,0.0019631143414393,0,0,0,0,0,0.16296082733689515,0.32944802228912246,0.370469610708021,-0.014850969454823601,-0.03062776756396881,0,0,0,0,0,0.8173997233152462,0,0.8173997233152462,0.8173997233152462,2.5018571372717684,3.6480492813141687,5.5515533543448905,-0.503835786854655,-1.001010087211449,0,0,0,0,0,10.196613898864724,10.196613898864724
Eury Perez,MIA,pitcher,7.569058903928359,NA,NA,NA,NA,NA,NA,NA,NA,135,8,0,145,4.04028,1.20564,0,0,0,0,0,0,0.19623929172787807,0,0.4001401897685352,0.0561031982763155,0.06859899947063437,0.7210816792433631,0.7210816792433631,0,0,0,0,0,0,0,0,0,1,0,P,0.4486529493960002,0.4486529493960002,0,0,0,0,0,0.1422734865027116,0.03627746556510604,0.24091199011581463,0.01911506633562095,0.01007494087674703,0,0,0,0,0,0.053965805225166474,-0.03627746556510604,0.1592281996527206,0.036988131940694544,0.058524058593887346,0,0.2724287298473629,0.2724287298473629,0.2724287298473629,0,0,0,0,0,2.9232283464566953,-4.025229357798171,4.342336315745463,2.60606123450007,4.2090844031401495,10.055480942044207,10.055480942044207
David Peterson,NYM,pitcher,3.210783719844832,NA,NA,NA,NA,NA,NA,NA,NA,163,9,0,146,3.85049,1.3501,0,0,0,0,0,0,0.22076920319386284,0,0.40289977728418025,0.08154768075027663,0.02255636268261632,0.727773023910936,0.727773023910936,0,0,0,0,0,0,0,0,0,1,0,P,0.4486529493960002,0.4486529493960002,0,0,0,0,0,0.1422734865027116,0.03627746556510604,0.24091199011581463,0.01911506633562095,0.01007494087674703,0,0,0,0,0,0.07849571669115124,-0.03627746556510604,0.16198778716836562,0.06243261441465568,0.012481421805869291,0,0.2791200745149358,0.2791200745149358,0.2791200745149358,0,0,0,0,0,4.251968503937012,-4.025229357798171,4.417593444267914,4.398795171797187,0.8976711307165723,9.940798892920514,9.940798892920514
Heliot Ramos,SFG,hitter,17.494483976694198,637,573,147,22,77,78,7,0.257364,NA,NA,NA,NA,NA,NA,0.26472539461900685,0.2645203098671786,0.4391585050946145,0.05775377010209177,0.06489258525508323,1.091050564937975,0,0,0,0,0,0,1.091050564937975,0,0,0,0,0,1,0,0,1,0,0,OF,0.5234999294017727,0.5234999294017727,0.1388948823715309,0.14668853547179908,0.2319657744858733,0.03960258521286292,-0.03365184814029351,0,0,0,0,0,0.12583051224747596,0.11783177439537953,0.20719273060874122,0.01815118488922885,0.09854443339537675,0,0,0,0,0,0.5675506355362023,0,0.5675506355362023,0.5675506355362023,1.9318137389060483,2.040246406570842,1.9855920756416026,0.6157992950445785,3.2207365966612556,0,0,0,0,0,9.794188112824328,9.794188112824328
Noelvi Marte,CIN,hitter,11.442694327692267,539,494,125,17,65,66,15,0.252992,NA,NA,NA,NA,NA,NA,0.2234694889640967,0.20440205762463803,0.3715956581569815,0.12375807879019664,0.03996304780925255,0.9631883313451652,0,0,0,0,0,0,0.9631883313451652,0,0,0,1,0,1,1,0,1,0,0,3B,0.4172493965587398,0.4172493965587398,0.10864055155793008,0.09137974340866171,0.1756634020378458,0.03960258521286293,0.0019631143414393,0,0,0,0,0,0.11482893740616663,0.11302231421597632,0.19593225611913567,0.0841554935773337,0.037999933467813246,0,0,0,0,0,0.5459389347864255,0,0.5459389347864255,0.5459389347864255,1.7629119912421323,1.9293634496919916,1.9045475011256194,2.855069458843044,1.2419552497647304,0,0,0,0,0,9.693847650667518,9.693847650667518
Chase Burns,CIN,pitcher,10.209312637296655,NA,NA,NA,NA,NA,NA,NA,NA,115,8,0,133,3.74255,1.17028,0,0,0,0,0,0,0.19623929172787807,0,0.3670251395807943,0.06307426013484022,0.06884449510000978,0.6951831865435223,0.6951831865435223,0,0,0,0,0,0,0,0,0,1,0,P,0.4486529493960002,0.4486529493960002,0,0,0,0,0,0.1422734865027116,0.03627746556510604,0.24091199011581463,0.01911506633562095,0.01007494087674703,0,0,0,0,0,0.053965805225166474,-0.03627746556510604,0.12611314946497967,0.04395919379921927,0.05876955422326276,0,0.2465302371475221,0.2465302371475221,0.2465302371475221,0,0,0,0,0,2.9232283464566953,-4.025229357798171,3.4392507734760414,3.0972191578559087,4.22674059188491,9.661209511875384,9.661209511875384
Daylen Lile,WSN,hitter,14.432237355372433,574,524,140,11,67,64,15,0.267276,NA,NA,NA,NA,NA,NA,0.23034547323991503,0.1322601549335893,0.360335183667376,0.12375807879019664,0.09777917925826024,0.9444780698893374,0,0,0,0,0,0,0.9444780698893374,0,0,0,0,0,1,0,0,1,0,0,OF,0.5234999294017727,0.5234999294017727,0.1388948823715309,0.14668853547179908,0.2319657744858733,0.03960258521286292,-0.03365184814029351,0,0,0,0,0,0.09145059086838414,-0.014428380538209773,0.1283694091815027,0.08415549357733372,0.13143102739855375,0,0,0,0,0,0.42097814048756454,0,0.42097814048756454,0.42097814048756454,1.4039957774563079,1.264065708418891,-0.24313372354795193,2.8550694588430443,4.295572111931893,0,0,0,0,0,9.575569333102184,9.575569333102184
Victor Scott II,STL,hitter,11.137697229686296,581,515,117,9,65,50,38,0.226331,NA,NA,NA,NA,NA,NA,0.2234694889640967,0.10821285403657308,0.28151186224013747,0.31352046626849817,-0.05994610099591761,0.8667685705133878,0,0,0,0,0,0,0.8667685705133878,0,0,0,0,0,1,0,0,1,0,0,OF,0.5234999294017727,0.5234999294017727,0.1388948823715309,0.14668853547179908,0.2319657744858733,0.03960258521286292,-0.03365184814029351,0,0,0,0,0,0.08457460659256583,-0.038475681435226006,0.04954608775426417,0.27391788105563525,-0.026294252855624096,0,0,0,0,0,0.34326864111161515,0,0.34326864111161515,0.34326864111161515,1.2984321851663605,0.48788501026694014,-0.6483565961278709,9.292971179763635,-0.8593774354985166,0,0,0,0,0,9.571554343570547,9.571554343570547
Robert Suarez,ATL,pitcher,5.392722957157684,NA,NA,NA,NA,NA,NA,NA,NA,67,5,8,70,3.55636,1.19266,0,0,0,0,0,0,0.1226495573299238,0.11162297096955703,0.1931711260951549,0.04231574148320564,0.03627140103538366,0.5060307969132251,0.5060307969132251,0,0,0,0,0,0,0,0,0,0,1,P,0.4486529493960002,0.4486529493960002,0,0,0,0,0,0.1422734865027116,0.03627746556510604,0.24091199011581463,0.01911506633562095,0.01007494087674703,0,0,0,0,0,-0.019623929172787796,0.075345505404451,-0.04774086402065972,0.023200675147584688,0.026196460158636633,0,0.0573778475172248,0.0573778475172248,0.0573778475172248,0,0,0,0,0,-1.062992125984252,8.360091743119277,-1.3019483234384144,1.6346427068361518,1.8840646824640492,9.513858682996812,9.513858682996812
Agustin Ramirez,MIA,hitter,16.454560290999765,481,437,106,18,60,62,12,0.243727,NA,NA,NA,NA,NA,NA,0.2062795282745508,0.21642570807314615,0.3490747091777705,0.09900646303215732,0.00538991127449813,0.876176319832123,0,0,0,0,0,0,0.876176319832123,1,0,0,0,0,0,0,0,1,0,0,C,0.3011983569402915,0.3011983569402915,0.08182421288223848,0.06011825224254059,0.13850383622214765,0.01650107717202622,0.00425097842133855,0,0,0,0,0,0.1244553153923123,0.15630745583060557,0.21057087295562285,0.0825053858601311,0.00113893285315958,0,0,0,0,0,0.5749779628918315,0,0.5749779628918315,0.5749779628918315,1.910701020448059,2.073511293634497,2.633948671769474,2.799087704748083,0.03722384507091777,0,0,0,0,0,9.45447253567103,9.45447253567103
Jordan Beck,COL,hitter,14.345714767721104,581,528,133,17,66,65,17,0.252056,NA,NA,NA,NA,NA,NA,0.2269074811020059,0.20440205762463803,0.3659654209121787,0.14025915596222285,0.03905629697117919,0.9765904125722248,0,0,0,0,0,0,0.9765904125722248,0,0,0,0,0,1,0,0,1,0,0,OF,0.5234999294017727,0.5234999294017727,0.1388948823715309,0.14668853547179908,0.2319657744858733,0.03960258521286292,-0.03365184814029351,0,0,0,0,0,0.08801259873047501,0.05771352215283895,0.1339996464263054,0.10065657074935994,0.0727081451114727,0,0,0,0,0,0.4530904831704521,0,0.4530904831704521,0.4530904831704521,1.3512139813113346,1.319507186858316,0.9725348941918054,3.4148869997926607,2.376326858528202,0,0,0,0,0,9.434469920682318,9.434469920682318
Alex Bregman,CHC,hitter,14.884508691502274,672,584,146,23,87,82,3,0.250078,NA,NA,NA,NA,NA,NA,0.2991053159980987,0.27654396031568673,0.4616794540738255,0.02475161575803933,0.03465026172431082,1.096730607869961,0,0,0,0,0,0,1.096730607869961,0,0,0,1,0,0,1,0,1,0,0,3B,0.4172493965587398,0.4172493965587398,0.10864055155793008,0.09137974340866171,0.1756634020378458,0.03960258521286293,0.0019631143414393,0,0,0,0,0,0.19046476444016863,0.185164216907025,0.2860160520359797,-0.014850969454823601,0.03268714738287152,0,0,0,0,0,0.6794812113112213,0,0.6794812113112213,0.6794812113112213,2.924111506431561,2.8164271047227927,3.120216118865376,-0.503835786854655,1.0683169834067316,0,0,0,0,0,9.425235926571807,9.425235926571807
Marcus Semien,NYM,hitter,13.4323245410387,644,576,140,20,82,75,9,0.242427,NA,NA,NA,NA,NA,NA,0.2819153553085528,0.2404730089701624,0.42226779336020626,0.07425484727411799,0.00156304361346943,1.020474048526509,0,0,0,0,0,0,1.020474048526509,0,0,1,0,0,0,0,1,1,0,0,2B,0.3590039845822357,0.3590039845822357,0.09007539401322052,0.07695136287045197,0.14526012091591095,0.04125269293006554,0.00546441385258677,0,0,0,0,0,0.19183996129533226,0.16352164609971043,0.2770076724442953,0.03300215434405245,-0.00390137023911734,0,0,0,0,0,0.6614700639442731,0,0.6614700639442731,0.6614700639442731,2.94522422488955,2.7277207392197127,2.7555155335434494,1.1196350818992336,-0.1275088350839287,0,0,0,0,0,9.420586744468016,9.420586744468016
Mickey Moniak,COL,hitter,15.602023278244316,483,451,120,21,62,69,9,0.266341,NA,NA,NA,NA,NA,NA,0.21315551255036916,0.2524966594186705,0.38848636989138974,0.07425484727411799,0.08103671227035805,1.0094301014049054,0,0,0,0,0,0,1.0094301014049054,0,0,0,0,0,1,0,0,1,0,0,OF,0.5234999294017727,0.5234999294017727,0.1388948823715309,0.14668853547179908,0.2319657744858733,0.03960258521286292,-0.03365184814029351,0,0,0,0,0,0.07426063017883827,0.10580812394687142,0.15652059540551644,0.034652262061255074,0.11468856041065156,0,0,0,0,0,0.4859301720031327,0,0.4859301720031327,0.4859301720031327,1.1400867967314383,1.5412731006160163,1.7829806393516432,1.1756168359941952,3.748376554675187,0,0,0,0,0,9.38833392736848,9.38833392736848
Sal Stewart,CIN,hitter,11.9309598809419,504,454,120,18,65,69,8,0.263845,NA,NA,NA,NA,NA,NA,0.2234694889640967,0.21642570807314615,0.38848636989138974,0.06600430868810488,0.07318995722156006,0.9675758328382976,0,0,0,0,0,0,0.9675758328382976,0,1,0,1,0,0,1,0,1,0,0,3B,0.4172493965587398,0.4172493965587398,0.10864055155793008,0.09137974340866171,0.1756634020378458,0.03960258521286293,0.0019631143414393,0,0,0,0,0,0.11482893740616663,0.12504596466448442,0.21282296785354393,0.026401723475241945,0.07122684288012077,0,0,0,0,0,0.5503264362795577,0,0.5503264362795577,0.5503264362795577,1.7629119912421323,2.0956878850102667,2.1071589374155786,0.8957080655193862,2.327913324218359,0,0,0,0,0,9.189380203405722,9.189380203405722
Willi Castro,COL,hitter,8.911344102835772,539,479,123,13,67,54,14,0.256538,NA,NA,NA,NA,NA,NA,0.23034547323991503,0.15630745583060557,0.3040328112193485,0.11550754020418354,0.05131910675017057,0.8575123872442233,0,0,0,0,0,0,0.8575123872442233,0,0,1,1,0,1,1,1,1,0,0,2B,0.3590039845822357,0.3590039845822357,0.09007539401322052,0.07695136287045197,0.14526012091591095,0.04125269293006554,0.00546441385258677,0,0,0,0,0,0.1402700792266945,0.0793560929601536,0.15877269030343755,0.07425484727411799,0.0458546928975838,0,0,0,0,0,0.4985084026619875,0,0.4985084026619875,0.4985084026619875,2.153497282714939,1.5634496919917864,1.337235479513733,2.5191789342732744,1.4986730600131477,0,0,0,0,0,9.07203444850688,9.07203444850688
Jorge Polanco,NYM,hitter,12.722857666238715,539,477,120,23,65,76,5,0.25069,NA,NA,NA,NA,NA,NA,0.2234694889640967,0.27654396031568673,0.42789803060500897,0.04125269293006554,0.03046196875943277,0.9996261415742906,0,0,0,0,0,0,0.9996261415742906,0,0,1,0,0,0,0,1,1,0,0,2B,0.3590039845822357,0.3590039845822357,0.09007539401322052,0.07695136287045197,0.14526012091591095,0.04125269293006554,0.00546441385258677,0,0,0,0,0,0.13339409495087617,0.19959259744523478,0.282637909689098,0,0.024997554906846,0,0,0,0,0,0.6406221569920549,0,0.6406221569920549,0.6406221569920549,2.0479336904249914,2.7831622176591373,3.363349842413328,0,0.8169973395910279,0,0,0,0,0,9.011443090088484,9.011443090088484
Will Smith,LAD,hitter,17.412245387671764,500,428,109,19,67,67,2,0.255441,NA,NA,NA,NA,NA,NA,0.23034547323991503,0.22844935852165427,0.37722589540178425,0.01650107717202622,0.04238055027373443,0.8949023546091142,0,0,0,0,0,0,0.8949023546091142,1,0,0,0,0,0,0,0,1,0,0,C,0.3011983569402915,0.3011983569402915,0.08182421288223848,0.06011825224254059,0.13850383622214765,0.01650107717202622,0.00425097842133855,0,0,0,0,0,0.14852126035767654,0.16833110627911368,0.2387220591796366,0,0.03812957185239588,0,0,0,0,0,0.5937039976688226,0,0.5937039976688226,0.5937039976688226,2.2801735934628766,2.3507186858316222,2.8365601080594334,0,1.2461922327699715,0,0,0,0,0,8.713644620123903,8.713644620123903
Ian Happ,CHC,hitter,16.616038276525764,658,565,137,23,84,79,8,0.242799,NA,NA,NA,NA,NA,NA,0.28879133958437114,0.27654396031568673,0.4447887423394172,0.06600430868810488,0.00308857039529994,1.0792169213228795,0,0,0,0,0,0,1.0792169213228795,0,0,0,0,0,1,0,0,1,0,0,OF,0.5234999294017727,0.5234999294017727,0.1388948823715309,0.14668853547179908,0.2319657744858733,0.03960258521286292,-0.03365184814029351,0,0,0,0,0,0.14989645721284026,0.12985542484388765,0.21282296785354388,0.02640172347524196,0.03674041853559345,0,0,0,0,0,0.5557169919211071,0,0.5557169919211071,0.5557169919211071,2.301286311920867,2.0956878850102663,2.188203511931562,0.8957080655193866,1.200790409738039,0,0,0,0,0,8.68167618412012,8.68167618412012
Gabriel Moreno,ARI,hitter,15.002389219892253,456,406,113,11,54,56,4,0.279145,NA,NA,NA,NA,NA,NA,0.1856515754470957,0.1322601549335893,0.315293285708954,0.03300215434405244,0.1114204493066203,0.7776276197403117,0,0,0,0,0,0,0.7776276197403117,1,0,0,0,0,0,0,0,1,0,0,C,0.3011983569402915,0.3011983569402915,0.08182421288223848,0.06011825224254059,0.13850383622214765,0.01650107717202622,0.00425097842133855,0,0,0,0,0,0.10382736256485722,0.07214190269104873,0.17678944948680633,0.01650107717202622,0.10716947088528175,0,0,0,0,0,0.4764292628000202,0,0.4764292628000202,0.4764292628000202,1.5940102435782149,1.7408624229979464,1.2156686177397573,0.5598175409496166,3.5026294741600634,0,0,0,0,0,8.612988299425599,8.612988299425599
Clay Holmes,NYM,pitcher,2.349919096276528,NA,NA,NA,NA,NA,NA,NA,NA,153,10,0,125,3.89078,1.36807,0,0,0,0,0,0,0.2452991146598476,0,0.34494843945563375,0.07379327253569029,0.01413517874341134,0.678176005394583,0.678176005394583,0,0,0,0,0,0,0,0,0,1,0,P,0.4486529493960002,0.4486529493960002,0,0,0,0,0,0.1422734865027116,0.03627746556510604,0.24091199011581463,0.01911506633562095,0.01007494087674703,0,0,0,0,0,0.103025628157136,-0.03627746556510604,0.10403644933981912,0.05467820620006934,0.004060237866664309,0,0.22952305599858275,0.22952305599858275,0.22952305599858275,0,0,0,0,0,5.580708661417328,-4.025229357798171,2.8371937452964278,3.8524452594273515,0.2920146737635992,8.537132982106536,8.537132982106536
Sean Manaea,NYM,pitcher,5.604717323556439,NA,NA,NA,NA,NA,NA,NA,NA,136,8,0,140,4.19556,1.22857,0,0,0,0,0,0,0.19623929172787807,0,0.3863422521903098,0.04709266610618612,0.06112511490019617,0.6907993249245701,0.6907993249245701,0,0,0,0,0,0,0,0,0,1,0,P,0.4486529493960002,0.4486529493960002,0,0,0,0,0,0.1422734865027116,0.03627746556510604,0.24091199011581463,0.01911506633562095,0.01007494087674703,0,0,0,0,0,0.053965805225166474,-0.03627746556510604,0.1454302620744952,0.02797759977056517,0.051050174023449135,0,0.2421463755285699,0.2421463755285699,0.2421463755285699,0,0,0,0,0,2.9232283464566953,-4.025229357798171,3.966050673133204,1.9712089897735683,3.6715582688951294,8.506816920460427,8.506816920460427
Jung Hoo Lee,SFG,hitter,13.450459156103893,609,552,150,10,68,64,9,0.271432,NA,NA,NA,NA,NA,NA,0.23378346537782424,0.1202365044850812,0.360335183667376,0.07425484727411799,0.1199809362123922,0.9085909370167916,0,0,0,0,0,0,0.9085909370167916,0,0,0,0,0,1,0,0,1,0,0,OF,0.5234999294017727,0.5234999294017727,0.1388948823715309,0.14668853547179908,0.2319657744858733,0.03960258521286292,-0.03365184814029351,0,0,0,0,0,0.09488858300629335,-0.026452030986717875,0.1283694091815027,0.034652262061255074,0.1536327843526857,0,0,0,0,0,0.38509100761501897,0,0.38509100761501897,0.38509100761501897,1.4567775736012825,1.264065708418891,-0.44574515983791113,1.1756168359941952,5.021194135100439,0,0,0,0,0,8.471909093276896,8.471909093276896
Nasim Nunez,WSN,hitter,3.163355339931485,385,339,77,4,47,30,30,0.227458,NA,NA,NA,NA,NA,NA,0.16158563048173147,0.04809460179403248,0.1689071173440825,0.24751615758039328,-0.03663239325848753,0.5894711139417521,0,0,0,0,0,0,0.5894711139417521,0,0,1,0,1,0,0,1,1,0,0,SS,0.24912776719314625,0.24912776719314625,0.06738464590301993,0.04328514161462923,0.10021822295748894,0.0379524774956603,2.872792223478263e-4,0,0,0,0,0,0.09420098457871154,0.004809460179403251,0.06868889438659356,0.20956368008473297,-0.03691967248083536,0,0,0,0,0,0.340343346748606,0,0.340343346748606,0.340343346748606,1.446221214372288,0.6763860369609858,0.08104457451598386,7.10968277006013,-1.206648982583247,0,0,0,0,0,8.10668561332614,8.10668561332614
Kyle Stowers,MIA,hitter,16.332825292775205,609,537,131,27,73,84,4,0.242985,NA,NA,NA,NA,NA,NA,0.25097342606737016,0.32463856210971925,0.472939928563431,0.03300215434405244,0.00367465648166854,1.0852287275662411,0,0,0,0,0,0,1.0852287275662411,0,0,0,0,0,1,0,0,1,0,0,OF,0.5234999294017727,0.5234999294017727,0.1388948823715309,0.14668853547179908,0.2319657744858733,0.03960258521286292,-0.03365184814029351,0,0,0,0,0,0.11207854369583928,0.17795002663792017,0.24097415407755768,-0.006600430868810479,0.03732650462196205,0,0,0,0,0,0.5617287981644687,0,0.5617287981644687,0.5617287981644687,1.720686554326153,2.372895277207392,2.998649257091401,-0.22392701637984633,1.2199455141120004,0,0,0,0,0,8.0882495863571,8.0882495863571
Sal Frelick,MIL,hitter,11.207108817531118,511,460,125,8,60,53,15,0.271051,NA,NA,NA,NA,NA,NA,0.2062795282745508,0.09618920358806496,0.2984025739745457,0.12375807879019664,0.098687152342782275,0.8233165369701404,0,0,0,0,0,0,0.8233165369701404,0,0,0,0,0,1,0,0,1,0,0,OF,0.5234999294017727,0.5234999294017727,0.1388948823715309,0.14668853547179908,0.2319657744858733,0.03960258521286292,-0.03365184814029351,0,0,0,0,0,0.0673846459030199,-0.05049933188373412,0.06643679948867243,0.08415549357733372,0.13233900048307579,0,0,0,0,0,0.2998166075683677,0,0.2998166075683677,0.2998166075683677,1.0345232044414903,0.6542094455852154,-0.8509680324178304,2.8550694588430443,4.325247478072267,0,0,0,0,0,8.018081554524187,8.018081554524187
Bubba Chandler,PIT,pitcher,2.3873075359408977,NA,NA,NA,NA,NA,NA,NA,NA,149,9,0,137,4.1137,1.3284,0,0,0,0,0,0,0.22076920319386284,0,0.3780634896433746,0.0570383969734199,0.02889492362864454,0.6847660134393019,0.6847660134393019,0,0,0,0,0,0,0,0,0,1,0,P,0.4486529493960002,0.4486529493960002,0,0,0,0,0,0.1422734865027116,0.03627746556510604,0.24091199011581463,0.01911506633562095,0.01007494087674703,0,0,0,0,0,0.07849571669115124,-0.03627746556510604,0.13715149952755998,0.037923330637798944,0.01881998275189751,0,0.23611306404330162,0.23611306404330162,0.23611306404330162,0,0,0,0,0,4.251968503937012,-4.025229357798171,3.7402792875658486,2.671952236375657,1.3535441282032374,7.992514798283584,7.992514798283584
J.T. Realmuto,PHI,hitter,14.04006608827354,500,454,114,15,56,58,7,0.251445,NA,NA,NA,NA,NA,NA,0.19252755972291408,0.1803547567276218,0.3265537601985595,0.05775377010209177,0.03152972334726786,0.7887195700984551,0,0,0,0,0,0,0.7887195700984551,1,0,0,0,0,0,0,0,1,0,0,C,0.3011983569402915,0.3011983569402915,0.08182421288223848,0.06011825224254059,0.13850383622214765,0.01650107717202622,0.00425097842133855,0,0,0,0,0,0.11070334684067559,0.12023650448508122,0.18804992397641182,0.041252692930065546,0.027278744925929313,0,0,0,0,0,0.4875212131581635,0,0.4875212131581635,0.4875212131581635,1.6995738358681631,1.8517453798767964,2.0261143628995955,1.399543852374041,0.8915536785464936,0,0,0,0,0,7.86853110956509,7.86853110956509
Jared Triolo,PIT,hitter,4.569435343093493,532,467,114,9,59,49,14,0.244754,NA,NA,NA,NA,NA,NA,0.20284153613664163,0.10821285403657308,0.27588162499533475,0.11550754020418354,0.0093091363779061,0.711752691750639,0,0,0,0,0,0,0.711752691750639,0,1,0,1,1,0,1,1,1,0,0,SS,0.24912776719314625,0.24912776719314625,0.06738464590301993,0.04328514161462923,0.10021822295748894,0.0379524774956603,2.872792223478263e-4,0,0,0,0,0,0.1354568902336217,0.06492771242194384,0.1756634020378458,0.07755506270852323,0.009021857155558274,0,0,0,0,0,0.4626249245574929,0,0.4626249245574929,0.4626249245574929,2.079602768111976,1.7297741273100617,1.0941017559657813,2.6311424424631977,0.29486217038942325,0,0,0,0,0,7.829483264240441,7.829483264240441
Harrison Bader,SFG,hitter,11.687631455451893,532,484,122,15,62,59,15,0.251302,NA,NA,NA,NA,NA,NA,0.21315551255036916,0.1803547567276218,0.33218399744336224,0.12375807879019664,0.03310100176461139,0.8825533472761612,0,0,0,0,0,0,0.8825533472761612,0,0,0,0,0,1,0,0,1,0,0,OF,0.5234999294017727,0.5234999294017727,0.1388948823715309,0.14668853547179908,0.2319657744858733,0.03960258521286292,-0.03365184814029351,0,0,0,0,0,0.07426063017883827,0.03366622125582272,0.10021822295748894,0.08415549357733372,0.0667528499049049,0,0,0,0,0,0.3590534178743886,0,0.3590534178743886,0.3590534178743886,1.1400867967314383,0.9868583162217659,0.5673120216118864,2.8550694588430443,2.1816894086505503,0,0,0,0,0,7.731016002058685,7.731016002058685
Quinn Priester,MIL,pitcher,1.8117082637571973,NA,NA,NA,NA,NA,NA,NA,NA,151,9,0,127,4.12176,1.31408,0,0,0,0,0,0,0.22076920319386284,0,0.3504676144869239,0.05726077505828146,0.0348174241926583,0.6633150169317265,0.6633150169317265,0,0,0,0,0,0,0,0,0,1,0,P,0.4486529493960002,0.4486529493960002,0,0,0,0,0,0.1422734865027116,0.03627746556510604,0.24091199011581463,0.01911506633562095,0.01007494087674703,0,0,0,0,0,0.07849571669115124,-0.03627746556510604,0.10955562437110924,0.038145708722660515,0.02474248331591127,0,0.21466206753572623,0.21466206753572623,0.21466206753572623,0,0,0,0,0,4.251968503937012,-4.025229357798171,2.9877080023413307,2.687620259494243,1.779493820526571,7.681561228500985,7.681561228500985
Nolan Arenado,ARI,hitter,10.28306139261282,609,556,141,18,65,77,4,0.253586,NA,NA,NA,NA,NA,NA,0.2234694889640967,0.21642570807314615,0.43352826784981174,0.03300215434405244,0.04742267663926842,0.9538482958703756,0,0,0,0,0,0,0.9538482958703756,0,0,0,1,0,0,1,0,1,0,0,3B,0.4172493965587398,0.4172493965587398,0.10864055155793008,0.09137974340866171,0.1756634020378458,0.03960258521286293,0.0019631143414393,0,0,0,0,0,0.11482893740616663,0.12504596466448442,0.25786486581196594,-0.006600430868810493,0.04545956229782912,0,0,0,0,0,0.5365988993116356,0,0.5365988993116356,0.5365988993116356,1.7629119912421323,2.5392197125256675,2.1071589374155786,-0.2239270163798468,1.4857589710155004,0,0,0,0,0,7.671122595819033,7.671122595819033
Bryan Reynolds,PIT,hitter,14.434263365003364,644,576,146,19,73,76,5,0.252714,NA,NA,NA,NA,NA,NA,0.25097342606737016,0.22844935852165427,0.42789803060500897,0.04125269293006554,0.04541160899966907,0.993985117123768,0,0,0,0,0,0,0.993985117123768,0,0,0,0,0,1,0,0,1,0,0,OF,0.5234999294017727,0.5234999294017727,0.1388948823715309,0.14668853547179908,0.2319657744858733,0.03960258521286292,-0.03365184814029351,0,0,0,0,0,0.11207854369583928,0.08176082304985519,0.19593225611913567,0.0016501077172026216,0.07906345713996257,0,0,0,0,0,0.4704851877219953,0,0.4704851877219953,0.4704851877219953,1.720686554326153,1.9293634496919916,1.3777577667717242,0.05598175409496164,2.5840380942429038,0,0,0,0,0,7.667827619127734,7.667827619127734
Brandon Lowe,PIT,hitter,10.528522190342857,546,492,120,23,69,68,4,0.243266,NA,NA,NA,NA,NA,NA,0.23722145751573345,0.27654396031568673,0.38285613264658697,0.03300215434405244,0.00438981849349109,0.9340135233155504,0,0,0,0,0,0,0.9340135233155504,0,0,1,0,0,0,0,1,1,0,0,2B,0.3590039845822357,0.3590039845822357,0.09007539401322052,0.07695136287045197,0.14526012091591095,0.04125269293006554,0.00546441385258677,0,0,0,0,0,0.1471460635025129,0.19959259744523478,0.23759601173067602,-0.0082505385860131,-0.0010745953590956796,0,0,0,0,0,0.575009538733315,0,0.575009538733315,0.575009538733315,2.2590608750048875,2.339630390143737,3.363349842413328,-0.27990877047480794,-0.03512109695487044,0,0,0,0,0,7.647011240132274,7.647011240132274
Tommy Edman,LAD,hitter,10.11301732302063,497,454,114,15,62,59,10,0.250391,NA,NA,NA,NA,NA,NA,0.21315551255036916,0.1803547567276218,0.33218399744336224,0.08250538586013109,0.02798860346795302,0.8361882560494374,0,0,0,0,0,0,0.8361882560494374,0,0,1,0,0,1,0,1,1,0,0,2B,0.3590039845822357,0.3590039845822357,0.09007539401322052,0.07695136287045197,0.14526012091591095,0.04125269293006554,0.00546441385258677,0,0,0,0,0,0.12308011853714863,0.10340339385716983,0.1869238765274513,0.04125269293006555,0.02252418961536625,0,0,0,0,0,0.47718427146720155,0,0.47718427146720155,0.47718427146720155,1.8895883019900694,1.8406570841889116,1.7424583520936519,1.3995438523740416,0.7361601188906014,0,0,0,0,0,7.608407709537276,7.608407709537276
Jameson Taillon,CHC,pitcher,1.7987501760065805,NA,NA,NA,NA,NA,NA,NA,NA,153,9,0,119,4.39783,1.25318,0,0,0,0,0,0,0.22076920319386284,0,0.3283909143617633,0.03916583488742805,0.05912805918365112,0.6474540116267055,0.6474540116267055,0,0,0,0,0,0,0,0,0,1,0,P,0.4486529493960002,0.4486529493960002,0,0,0,0,0,0.1422734865027116,0.03627746556510604,0.24091199011581463,0.01911506633562095,0.01007494087674703,0,0,0,0,0,0.07849571669115124,-0.03627746556510604,0.08747892424594869,0.0200507685518071,0.04905311830690409,0,0.19880106223070507,0.19880106223070507,0.19880106223070507,0,0,0,0,0,4.251968503937012,-4.025229357798171,2.3856509741617176,1.4127107237688847,3.5279288578346057,7.553029701904048,7.553029701904048
Ryan O'Hearn,PIT,hitter,11.58896442668293,546,486,130,15,64,63,3,0.267228,NA,NA,NA,NA,NA,NA,0.22003149682618753,0.1803547567276218,0.3547049464225732,0.02475161575803933,0.09051569059997532,0.8703585063343972,0,0,0,0,0,0,0.8703585063343972,0,1,0,0,0,1,1,0,1,0,0,1B,0.44297870877619505,0.44297870877619505,0.11345374055100294,0.11783177439537958,0.19480620867017517,0.03465226206125506,-0.01776527690161768,0,0,0,0,0,0.10657775627518459,0.06252298233224222,0.15989873775239805,-0.00990064630321573,0.108280967501593,0,0,0,0,0,0.4273797975582021,0,0.4273797975582021,0.4273797975582021,1.6362356804941944,1.574537987679671,1.0535794687077895,-0.3358905245697698,3.5389566182297427,0,0,0,0,0,7.467419230541627,7.467419230541627
TJ Friedl,CIN,hitter,12.250934944007358,623,537,132,15,76,61,13,0.244807,NA,NA,NA,NA,NA,NA,0.26128740248109766,0.1803547567276218,0.34344447193296773,0.10725700161817042,0.01091512757479798,0.9032587603346556,0,0,0,0,0,0,0.9032587603346556,0,0,0,0,0,1,0,0,1,0,0,OF,0.5234999294017727,0.5234999294017727,0.1388948823715309,0.14668853547179908,0.2319657744858733,0.03960258521286292,-0.03365184814029351,0,0,0,0,0,0.12239252010956678,0.03366622125582272,0.11147869744709443,0.0676544164053075,0.044566975715091495,0,0,0,0,0,0.37975883093288293,0,0.37975883093288293,0.37975883093288293,1.8790319427610742,1.0977412731006158,0.5673120216118864,2.295251917893428,1.456586483299449,0,0,0,0,0,7.295923638666453,7.295923638666453
Ramon Laureano,SDP,hitter,12.96824837012114,560,505,122,21,69,71,9,0.242412,NA,NA,NA,NA,NA,NA,0.23722145751573345,0.2524966594186705,0.3997468443809952,0.07425484727411799,0.00131432017273319,0.9650341287622504,0,0,0,0,0,0,0.9650341287622504,0,0,0,0,0,1,0,0,1,0,0,OF,0.5234999294017727,0.5234999294017727,0.1388948823715309,0.14668853547179908,0.2319657744858733,0.03960258521286292,-0.03365184814029351,0,0,0,0,0,0.09832657514420257,0.10580812394687142,0.16778106989512193,0.034652262061255074,0.0349661683130267,0,0,0,0,0,0.44153419936047766,0,0.44153419936047766,0.44153419936047766,1.5095593697462568,1.6521560574948664,1.7829806393516432,1.1756168359941952,1.142802429833299,0,0,0,0,0,7.263115332420261,7.263115332420261
Matthew Liberatore,STL,pitcher,1.1859774681813544,NA,NA,NA,NA,NA,NA,NA,NA,150,9,0,125,4.22171,1.31326,0,0,0,0,0,0,0.22076920319386284,0,0.34494843945563375,0.05018962220588204,0.0349016746005989,0.6508089394559775,0.6508089394559775,0,0,0,0,0,0,0,0,0,1,0,P,0.4486529493960002,0.4486529493960002,0,0,0,0,0,0.1422734865027116,0.03627746556510604,0.24091199011581463,0.01911506633562095,0.01007494087674703,0,0,0,0,0,0.07849571669115124,-0.03627746556510604,0.10403644933981912,0.031074555870261086,0.024826733723851867,0,0.20215599005997725,0.20215599005997725,0.20215599005997725,0,0,0,0,0,4.251968503937012,-4.025229357798171,2.8371937452964278,2.1894102563124296,1.7855531589685907,7.038896306716288,7.038896306716288
Ha-Seong Kim,ATL,hitter,3.103801143586189,413,360,88,9,47,42,15,0.244386,NA,NA,NA,NA,NA,NA,0.16158563048173147,0.10821285403657308,0.2364699642817155,0.12375807879019664,0.00619582781929405,0.6362223554095108,0,0,0,0,0,0,0.6362223554095108,0,0,0,0,1,0,0,1,1,0,0,SS,0.24912776719314625,0.24912776719314625,0.06738464590301993,0.04328514161462923,0.10021822295748894,0.0379524774956603,2.872792223478263e-4,0,0,0,0,0,0.09420098457871154,0.06492771242194384,0.13625174132422654,0.085805601294536335,0.005908548596946224,0,0,0,0,0,0.3870945882163645,0,0.3870945882163645,0.3870945882163645,1.446221214372288,1.3416837782340862,1.0941017559657813,2.9110512129380055,0.19310962622297662,0,0,0,0,0,6.986167587733138,6.986167587733138
Lourdes Gurriel Jr.,ARI,hitter,10.221962617867211,469,433,115,15,52,61,7,0.265972,NA,NA,NA,NA,NA,NA,0.17877559117127736,0.1803547567276218,0.34344447193296773,0.05775377010209177,0.07662004738704675,0.8369486373210054,0,0,0,0,0,0,0.8369486373210054,0,0,0,0,0,1,0,0,1,0,0,OF,0.5234999294017727,0.5234999294017727,0.1388948823715309,0.14668853547179908,0.2319657744858733,0.03960258521286292,-0.03365184814029351,0,0,0,0,0,0.03988070879974648,0.03366622125582272,0.11147869744709443,0.01815118488922885,0.11027189552734026,0,0,0,0,0,0.31344870791923274,0,0.31344870791923274,0.31344870791923274,0.6122688352816984,1.0977412731006158,0.5673120216118864,0.6157992950445785,3.604026298301023,0,0,0,0,0,6.497147723339802,6.497147723339802
Brandon Marsh,PHI,hitter,10.2050448566468,497,440,113,14,59,59,10,0.256105,NA,NA,NA,NA,NA,NA,0.20284153613664163,0.16833110627911368,0.33218399744336224,0.08250538586013109,0.04573083595966729,0.831592861678916,0,0,0,0,0,0,0.831592861678916,0,0,0,0,0,1,0,0,1,0,0,OF,0.5234999294017727,0.5234999294017727,0.1388948823715309,0.14668853547179908,0.2319657744858733,0.03960258521286292,-0.03365184814029351,0,0,0,0,0,0.06394665376511074,0.021642570807314604,0.10021822295748894,0.042902800647268174,0.0793826840999608,0,0,0,0,0,0.3080929322771433,0,0.3080929322771433,0.3080929322771433,0.9817414082965165,0.9868583162217659,0.36470058532192695,1.455525606469003,2.59447141774259,0,0,0,0,0,6.383297334051802,6.383297334051802
Francisco Alvarez,NYM,hitter,13.440062049380236,446,395,94,22,54,63,1,0.237978,NA,NA,NA,NA,NA,NA,0.1856515754470957,0.2645203098671786,0.3547049464225732,0.00825053858601311,-0.01193292081696623,0.8011944495058944,0,0,0,0,0,0,0.8011944495058944,1,0,0,0,0,0,0,0,1,0,0,C,0.3011983569402915,0.3011983569402915,0.08182421288223848,0.06011825224254059,0.13850383622214765,0.01650107717202622,0.00425097842133855,0,0,0,0,0,0.10382736256485722,0.20440205762463803,0.21620111020042557,-0.00825053858601311,-0.01618389923830478,0,0,0,0,0,0.49999609256560296,0,0.49999609256560296,0.49999609256560296,1.5940102435782149,2.1289527720739216,3.444394416929312,-0.2799087704748083,-0.5289398371631598,0,0,0,0,0,6.358508824943481,6.358508824943481
Connor Norby,MIA,hitter,6.258832842547882,504,458,112,15,62,59,9,0.244915,NA,NA,NA,NA,NA,NA,0.21315551255036916,0.1803547567276218,0.33218399744336224,0.07425484727411799,0.00967540801772835,0.8096245220131996,0,0,0,0,0,0,0.8096245220131996,0,0,0,1,0,0,1,0,1,0,0,3B,0.4172493965587398,0.4172493965587398,0.10864055155793008,0.09137974340866171,0.1756634020378458,0.03960258521286293,0.0019631143414393,0,0,0,0,0,0.10451496099243908,0.08897501331896009,0.15652059540551644,0.03465226206125506,0.007712293676289049,0,0,0,0,0,0.3923751254544597,0,0.3923751254544597,0.3923751254544597,1.6045666028072099,1.5412731006160163,1.4993246285457005,1.1756168359941948,0.252061589189559,0,0,0,0,0,6.07284275715268,6.07284275715268
Chad Patrick,MIL,pitcher,1.025869270456726,NA,NA,NA,NA,NA,NA,NA,NA,141,8,0,132,4.41917,1.2758,0,0,0,0,0,0,0.19623929172787807,0,0.36426555206514927,0.03475095629398245,0.04632696183568906,0.6415827619226989,0.6415827619226989,0,0,0,0,0,0,0,0,0,1,0,P,0.4486529493960002,0.4486529493960002,0,0,0,0,0,0.1422734865027116,0.03627746556510604,0.24091199011581463,0.01911506633562095,0.01007494087674703,0,0,0,0,0,0.053965805225166474,-0.03627746556510604,0.12335356194933464,0.015635889958361498,0.03625202095894203,0,0.19292981252669858,0.19292981252669858,0.19292981252669858,0,0,0,0,0,2.9232283464566953,-4.025229357798171,3.3639936449535903,1.1016530046104749,2.607266475817007,5.970912114039597,5.970912114039597
Braxton Garrett,MIA,pitcher,4.487130432009938,NA,NA,NA,NA,NA,NA,NA,NA,129,7,0,112,3.88583,1.23543,0,0,0,0,0,0,0.1717093802618933,0,0.30907380175224786,0.0625028757341086,0.05571388710074411,0.5989999448489939,0.5989999448489939,0,0,0,0,0,0,0,0,0,1,0,P,0.4486529493960002,0.4486529493960002,0,0,0,0,0,0.1422734865027116,0.03627746556510604,0.24091199011581463,0.01911506633562095,0.01007494087674703,0,0,0,0,0,0.029435893759181708,-0.03627746556510604,0.06816181163643323,0.04338780939848766,0.045638946223997084,0,0.15034699545299363,0.15034699545299363,0.15034699545299363,0,0,0,0,0,1.594488188976379,-4.025229357798171,1.8588510745045566,3.0569613059824428,3.28237961177973,5.767450823444937,5.767450823444937
Andrew Vaughn,MIL,hitter,8.025899189621178,560,509,125,20,57,74,1,0.245988,NA,NA,NA,NA,NA,NA,0.1959655518608233,0.2404730089701624,0.4166375561154035,0.00825053858601311,0.01479447823759102,0.8761211337699933,0,0,0,0,0,0,0.8761211337699933,0,1,0,0,0,0,1,0,1,0,0,1B,0.44297870877619505,0.44297870877619505,0.11345374055100294,0.11783177439537958,0.19480620867017517,0.03465226206125506,-0.01776527690161768,0,0,0,0,0,0.08251181130982035,0.12264123457478283,0.2218313474452283,-0.026401723475241952,0.032559755139208696,0,0,0,0,0,0.4331424249937983,0,0.4331424249937983,0.4331424249937983,1.2667631074793768,2.1843942505133467,2.0666366501575872,-0.8957080655193864,1.0641534112275761,0,0,0,0,0,5.6862393538585,5.6862393538585
Tyler Mahle,SFG,pitcher,1.9895483083461416,NA,NA,NA,NA,NA,NA,NA,NA,137,8,0,113,4.05166,1.28799,0,0,0,0,0,0,0.19623929172787807,0,0.3118333892678929,0.05623846617388415,0.04073813232853222,0.6050492794981873,0.6050492794981873,0,0,0,0,0,0,0,0,0,1,0,P,0.4486529493960002,0.4486529493960002,0,0,0,0,0,0.1422734865027116,0.03627746556510604,0.24091199011581463,0.01911506633562095,0.01007494087674703,0,0,0,0,0,0.053965805225166474,-0.03627746556510604,0.07092139915207826,0.037123399838263196,0.03066319145178519,0,0.1563963301021871,0.1563963301021871,0.1563963301021871,0,0,0,0,0,2.9232283464566953,-4.025229357798171,1.9341082030270071,2.615591762418896,2.2053146003734216,5.653013554477849,5.653013554477849
Brett Baty,NYM,hitter,5.658147126678493,434,391,98,17,52,55,5,0.249381,NA,NA,NA,NA,NA,NA,0.17877559117127736,0.20440205762463803,0.30966304846415127,0.04125269293006554,0.02118230462106135,0.7552756948111936,0,0,0,0,0,0,0.7552756948111936,0,0,1,1,0,0,1,1,1,0,0,2B,0.3590039845822357,0.3590039845822357,0.09007539401322052,0.07695136287045197,0.14526012091591095,0.04125269293006554,0.00546441385258677,0,0,0,0,0,0.08870019715805684,0.12745069475418608,0.16440292754824032,0,0.01571789076847458,0,0,0,0,0,0.3962717102289578,0,0.3962717102289578,0.3962717102289578,1.3617703405403294,1.6188911704312117,2.1476812246735713,0,0.5137092403509136,0,0,0,0,0,5.642051975996027,5.642051975996027
Logan Henderson,MIL,pitcher,4.5704435469959925,NA,NA,NA,NA,NA,NA,NA,NA,113,8,0,114,4.14067,1.21916,0,0,0,0,0,0,0.19623929172787807,0,0.314592976783538,0.04189699890780025,0.05350946645055142,0.6062387338697678,0.6062387338697678,0,0,0,0,0,0,0,0,0,1,0,P,0.4486529493960002,0.4486529493960002,0,0,0,0,0,0.1422734865027116,0.03627746556510604,0.24091199011581463,0.01911506633562095,0.01007494087674703,0,0,0,0,0,0.053965805225166474,-0.03627746556510604,0.07368098666772335,0.022781932572179298,0.043434525573804394,0,0.15758578447376748,0.15758578447376748,0.15758578447376748,0,0,0,0,0,2.9232283464566953,-4.025229357798171,2.0093653315494593,1.6051394922713176,3.1238363938345683,5.63634020631387,5.63634020631387
Cade Horton,CHC,pitcher,3.1779216762248153,NA,NA,NA,NA,NA,NA,NA,NA,127,8,0,111,4.124,1.25205,0,0,0,0,0,0,0.19623929172787807,0,0.30631421423660277,0.04803274631001628,0.0494474802361342,0.6000337325106313,0.6000337325106313,0,0,0,0,0,0,0,0,0,1,0,P,0.4486529493960002,0.4486529493960002,0,0,0,0,0,0.1422734865027116,0.03627746556510604,0.24091199011581463,0.01911506633562095,0.01007494087674703,0,0,0,0,0,0.053965805225166474,-0.03627746556510604,0.06540222412078814,0.028917679974395327,0.03937253935938717,0,0.15138078311463107,0.15138078311463107,0.15138078311463107,0,0,0,0,0,2.9232283464566953,-4.025229357798171,1.7835939459821042,2.0374439264405724,2.8316959778816053,5.550732838962807,5.550732838962807
Spencer Horwitz,PIT,hitter,6.240046874632307,497,431,116,11,59,54,2,0.269132,NA,NA,NA,NA,NA,NA,0.20284153613664163,0.1322601549335893,0.3040328112193485,0.01650107717202622,0.08634493699793117,0.7419805164595368,0,0,0,0,0,0,0.7419805164595368,0,1,0,0,0,0,1,0,1,0,0,1B,0.44297870877619505,0.44297870877619505,0.11345374055100294,0.11783177439537958,0.19480620867017517,0.03465226206125506,-0.01776527690161768,0,0,0,0,0,0.0893877955856387,0.014428380538209731,0.10922660254917332,-0.01815118488922884,0.10411021389954885,0,0,0,0,0,0.2990018076833417,0,0.2990018076833417,0.2990018076833417,1.3723266997693244,1.0755646817248457,0.2431337235479512,-0.6157992950445782,3.402643502420702,0,0,0,0,0,5.477869312418244,5.477869312418244
Brady House,WSN,hitter,5.001489169103002,546,512,125,15,57,63,6,0.244777,NA,NA,NA,NA,NA,NA,0.1959655518608233,0.1803547567276218,0.3547049464225732,0.04950323151607866,0.01029330726455862,0.7908217937916556,0,0,0,0,0,0,0.7908217937916556,0,0,0,1,0,0,1,0,1,0,0,3B,0.4172493965587398,0.4172493965587398,0.10864055155793008,0.09137974340866171,0.1756634020378458,0.03960258521286293,0.0019631143414393,0,0,0,0,0,0.08732500030289321,0.08897501331896009,0.1790415443847274,0.00990064630321573,0.008330192923119319,0,0,0,0,0,0.3735723972329158,0,0.3735723972329158,0.3735723972329158,1.3406576220823403,1.7630390143737162,1.4993246285457005,0.3358905245697698,0.272256445953625,0,0,0,0,0,5.211168235525152,5.211168235525152
Jordan Lawlar,ARI,hitter,3.2460578875682575,448,398,95,10,54,48,16,0.237219,NA,NA,NA,NA,NA,NA,0.1856515754470957,0.1202365044850812,0.270251387750532,0.13200861737620975,-0.014259021458122,0.6938890636007967,0,0,0,0,0,0,0.6938890636007967,0,0,0,1,0,0,1,0,1,0,0,3B,0.4172493965587398,0.4172493965587398,0.10864055155793008,0.09137974340866171,0.1756634020378458,0.03960258521286293,0.0019631143414393,0,0,0,0,0,0.07701102388916563,0.02885676107641949,0.09458798571268617,0.09240603216334682,-0.0162221357995613,0,0,0,0,0,0.27663966704205684,0,0.27663966704205684,0.27663966704205684,1.1823122336474177,0.9314168377823406,0.4862674470959029,3.134978229317852,-0.5301895261402658,0,0,0,0,0,5.204785221703247,5.204785221703247
Marcell Ozuna,PIT,hitter,8.291273805356823,525,452,111,23,63,70,0,0.246317,NA,NA,NA,NA,NA,NA,0.21659350468827832,0.27654396031568673,0.3941166071361925,0,0.01423819993779953,0.9014922720779572,0,0,0,0,0,0,0.9014922720779572,0,0,0,0,0,0,0,0,1,0,0,Util,0.5234999294017727,0.5234999294017727,0.1388948823715309,0.14668853547179908,0.2319657744858733,0.03960258521286292,-0.03365184814029351,0,0,0,0,0,0.07769862231674743,0.12985542484388765,0.1621508326503192,-0.03960258521286292,0.047890048078093043,0,0,0,0,0,0.3779923426761844,0,0.3779923426761844,0.3779923426761844,1.192868592876412,1.5967145790554416,2.188203511931562,-1.3435620982790792,1.5651947567869173,0,0,0,0,0,5.199419342371254,5.199419342371254
Michael McGreevy,STL,pitcher,2.8503721373895257,NA,NA,NA,NA,NA,NA,NA,NA,137,8,0,96,3.98153,1.27366,0,0,0,0,0,0,0.19623929172787807,0,0.26492040150192675,0.06052693783085873,0.04576314191764662,0.5674497729783102,0.5674497729783102,0,0,0,0,0,0,0,0,0,1,0,P,0.4486529493960002,0.4486529493960002,0,0,0,0,0,0.1422734865027116,0.03627746556510604,0.24091199011581463,0.01911506633562095,0.01007494087674703,0,0,0,0,0,0.053965805225166474,-0.03627746556510604,0.024008411386112122,0.041411871495237784,0.03568820104089959,0,0.11879682358230993,0.11879682358230993,0.11879682358230993,0,0,0,0,0,2.9232283464566953,-4.025229357798171,0.65473701814533,2.9177432676209696,2.566716218705139,5.037195493129962,5.037195493129962
Lars Nootbaar,STL,hitter,9.191632264942408,539,464,115,16,66,58,6,0.246865,NA,NA,NA,NA,NA,NA,0.2269074811020059,0.19237840717612992,0.3265537601985595,0.04950323151607866,0.01649787196957246,0.8118407519623464,0,0,0,0,0,0,0.8118407519623464,0,0,0,0,0,1,0,0,1,0,0,OF,0.5234999294017727,0.5234999294017727,0.1388948823715309,0.14668853547179908,0.2319657744858733,0.03960258521286292,-0.03365184814029351,0,0,0,0,0,0.08801259873047501,0.04568987170433084,0.09458798571268617,0.009900646303215743,0.05014972010986597,0,0,0,0,0,0.28834082256057375,0,0.28834082256057375,0.28834082256057375,1.3512139813113346,0.9314168377823406,0.7699234579018459,0.3358905245697703,1.6390478214240967,0,0,0,0,0,5.027492622989389,5.027492622989389
Mark Vientos,NYM,hitter,5.607938342399475,441,401,100,20,52,63,1,0.250223,NA,NA,NA,NA,NA,NA,0.17877559117127736,0.2404730089701624,0.3547049464225732,0.00825053858601311,0.02422267394635609,0.8064267590963822,0,0,0,0,0,0,0.8064267590963822,0,0,0,1,0,0,1,0,1,0,0,3B,0.4172493965587398,0.4172493965587398,0.10864055155793008,0.09137974340866171,0.1756634020378458,0.03960258521286293,0.0019631143414393,0,0,0,0,0,0.07013503961334729,0.1490932655615007,0.1790415443847274,-0.031352046626849824,0.022259559604916792,0,0,0,0,0,0.38917736253764235,0,0.38917736253764235,0.38917736253764235,1.07674864135747,1.7630390143737162,2.5123818099954986,-1.0636533278042717,0.7275111924128383,0,0,0,0,0,5.016027330335251,5.016027330335251
Nolan Gorman,STL,hitter,6.342289102995065,532,472,104,24,63,68,4,0.220376,NA,NA,NA,NA,NA,NA,0.21659350468827832,0.2885676107641949,0.38285613264658697,0.03300215434405244,-0.07574111264362848,0.8452782897994842,0,0,0,0,0,0,0.8452782897994842,0,0,1,1,0,0,1,1,1,0,0,2B,0.3590039845822357,0.3590039845822357,0.09007539401322052,0.07695136287045197,0.14526012091591095,0.04125269293006554,0.00546441385258677,0,0,0,0,0,0.1265181106750578,0.21161624789374295,0.23759601173067602,-0.0082505385860131,-0.08120552649621525,0,0,0,0,0,0.48627430521724835,0,0.48627430521724835,0.48627430521724835,1.9423700981350431,2.339630390143737,3.565961278703288,-0.27990877047480794,-2.654047540038685,0,0,0,0,0,4.914005456468575,4.914005456468575
Luis Garcia,NYM,pitcher,-4.23604345076213,NA,NA,NA,NA,NA,NA,NA,NA,60,3,0,54,3.90944,1.35543,0,0,0,0,0,0,0.07358973439795427,0,0.14901772584483378,0.02843880179872053,0.00748439921082283,0.25853066125233143,0.25853066125233143,0,0,1,0,0,0,0,1,1,0,0,2B,0.3590039845822357,0.3590039845822357,0.09007539401322052,0.07695136287045197,0.14526012091591095,0.04125269293006554,0.00546441385258677,0,0,0,0,0,-0.09007539401322052,-0.07695136287045197,-0.14526012091591095,-0.04125269293006554,-0.00546441385258677,0.07358973439795427,0,0.14901772584483378,0.02843880179872053,0.00748439921082283,-0.35900398458223576,0.25853066125233143,-0.10047332332990433,-0.10047332332990433,-1.3828830589983192,-1.4303901437371664,-1.296713192255741,-1.3995438523740409,-0.17859393035136795,3.9862204724409476,0,4.06388494021239,2.003703756710585,0.5382823533096378,4.903967344956926,4.903967344956926
Ke'Bryan Hayes,CIN,hitter,3.033298888728944,532,488,119,10,55,53,11,0.244213,NA,NA,NA,NA,NA,NA,0.18908956758500492,0.1202365044850812,0.2984025739745457,0.0907559244461442,0.00777403331783683,0.7062586038086129,0,0,0,0,0,0,0.7062586038086129,0,0,0,1,0,0,1,0,1,0,0,3B,0.4172493965587398,0.4172493965587398,0.10864055155793008,0.09137974340866171,0.1756634020378458,0.03960258521286293,0.0019631143414393,0,0,0,0,0,0.08044901602707484,0.02885676107641949,0.12273917193669992,0.051153339233281275,0.0058109189763975305,0,0,0,0,0,0.289009207249873,0,0.289009207249873,0.289009207249873,1.2350940297923922,1.2086242299794658,0.4862674470959029,1.735434376943811,0.1899187885370188,0,0,0,0,0,4.85533887234859,4.85533887234859
Mauricio Dubon,ATL,hitter,1,427,398,103,7,48,41,4,0.258243,NA,NA,NA,NA,NA,NA,0.16502362261964065,0.08416555313955684,0.23083972703691277,0.03300215434405244,0.04766263785609228,0.5606936949962549,0,0,0,0,0,0,0.5606936949962549,0,0,1,1,1,1,1,1,1,0,0,SS,0.24912776719314625,0.24912776719314625,0.06738464590301993,0.04328514161462923,0.10021822295748894,0.0379524774956603,2.872792223478263e-4,0,0,0,0,0,0.09763897671662072,0.040880411524927614,0.13062150407942383,-0.004950323151607865,0.04737535863374445,0,0,0,0,0,0.31156592780310877,0,0.31156592780310877,0.31156592780310877,1.499003010517262,1.2862422997946614,0.6888788833858625,-0.1679452622848849,1.5483731152977642,0,0,0,0,0,4.8545520467106655,4.8545520467106655
Jake Cronenworth,SDP,hitter,5.84043394942638,630,541,127,15,71,65,4,0.234486,NA,NA,NA,NA,NA,NA,0.2440974417915518,0.1803547567276218,0.3659654209121787,0.03300215434405244,-0.03032384346871658,0.7930959303066882,0,0,0,0,0,0,0.7930959303066882,0,0,1,0,0,0,0,1,1,0,0,2B,0.3590039845822357,0.3590039845822357,0.09007539401322052,0.07695136287045197,0.14526012091591095,0.04125269293006554,0.00546441385258677,0,0,0,0,0,0.15402204777833128,0.10340339385716983,0.22070529999626776,-0.0082505385860131,-0.03578825732130335,0,0,0,0,0,0.4340919457244524,0,0.4340919457244524,0.4340919457244524,2.3646244672948358,2.1733059548254614,1.7424583520936519,-0.27990877047480794,-1.1696708389705905,0,0,0,0,0,4.83080916476855,4.83080916476855
Max Meyer,MIA,pitcher,0.6867677932811417,NA,NA,NA,NA,NA,NA,NA,NA,137,8,0,123,4.23567,1.32073,0,0,0,0,0,0,0.19623929172787807,0,0.3394292644243436,0.04498619653749616,0.02925740560504264,0.6099121582947604,0.6099121582947604,0,0,0,0,0,0,0,0,0,1,0,P,0.4486529493960002,0.4486529493960002,0,0,0,0,0,0.1422734865027116,0.03627746556510604,0.24091199011581463,0.01911506633562095,0.01007494087674703,0,0,0,0,0,0.053965805225166474,-0.03627746556510604,0.098517274308529,0.025871130201875207,0.01918246472829561,0,0.16125920889876025,0.16125920889876025,0.16125920889876025,0,0,0,0,0,2.9232283464566953,-4.025229357798171,2.686679488251525,1.822794122717865,1.3796140432080046,4.787086642835918,4.787086642835918
Jake McCarthy,COL,hitter,4.798935121601797,350,316,87,6,45,34,14,0.275026,NA,NA,NA,NA,NA,NA,0.1547096462059131,0.07214190269104873,0.19142806632329348,0.11550754020418354,0.07708918929598452,0.6108763447204234,0,0,0,0,0,0,0.6108763447204234,0,0,0,0,0,1,0,0,1,0,0,OF,0.5234999294017727,0.5234999294017727,0.1388948823715309,0.14668853547179908,0.2319657744858733,0.03960258521286292,-0.03365184814029351,0,0,0,0,0,0.01581476383438221,-0.07454663278075035,-0.040537708162579816,0.07590495499132062,0.11074103743627803,0,0,0,0,0,0.08737641531865069,0,0.08737641531865069,0.08737641531865069,0.2427962622668802,-0.39917864476386056,-1.2561909049977493,2.5751606883682365,3.6193593055859816,0,0,0,0,0,4.781946706459489,4.781946706459489
Luis Rengifo,MIL,hitter,1,434,399,100,9,45,45,10,0.251141,NA,NA,NA,NA,NA,NA,0.1547096462059131,0.10821285403657308,0.2533606760161237,0.08250538586013109,0.02681242708272822,0.6256009892014693,0,0,0,0,0,0,0.6256009892014693,0,0,1,1,0,0,1,1,1,0,0,2B,0.3590039845822357,0.3590039845822357,0.09007539401322052,0.07695136287045197,0.14526012091591095,0.04125269293006554,0.00546441385258677,0,0,0,0,0,0.06463425219269257,0.031261491166121105,0.10810055510021277,0.04125269293006555,0.02134801323014145,0,0,0,0,0,0.26659700461923347,0,0.26659700461923347,0.26659700461923347,0.9922977675255112,1.0644763860369606,0.5267897343538946,1.3995438523740416,0.6977190401051203,0,0,0,0,0,4.680826780395528,4.680826780395528
Jake Mangum,PIT,hitter,3.971428221339217,371,347,98,3,37,36,14,0.281791,NA,NA,NA,NA,NA,NA,0.12720570910263967,0.03607095134552436,0.202688540812899,0.11550754020418354,0.1020234011740481,0.5834961426392946,0,0,0,0,0,0,0.5834961426392946,0,0,0,0,0,1,0,0,1,0,0,OF,0.5234999294017727,0.5234999294017727,0.1388948823715309,0.14668853547179908,0.2319657744858733,0.03960258521286292,-0.03365184814029351,0,0,0,0,0,-0.011689173268891212,-0.11061758412627472,-0.0292772336729743,0.07590495499132062,0.1356752493143416,0,0,0,0,0,0.05999621323752198,0,0.05999621323752198,0.05999621323752198,-0.17945810689291164,-0.28829568788501025,-1.8640252138676279,2.5751606883682365,4.43428639925937,0,0,0,0,0,4.677668078982057,4.677668078982057
Landen Roupp,SFG,pitcher,1.8676004801025967,NA,NA,NA,NA,NA,NA,NA,NA,126,8,0,118,3.95145,1.34121,0,0,0,0,0,0,0.19623929172787807,0,0.3256313268461183,0.05735882303745699,0.02030330411307752,0.5995327457245309,0.5995327457245309,0,0,0,0,0,0,0,0,0,1,0,P,0.4486529493960002,0.4486529493960002,0,0,0,0,0,0.1422734865027116,0.03627746556510604,0.24091199011581463,0.01911506633562095,0.01007494087674703,0,0,0,0,0,0.053965805225166474,-0.03627746556510604,0.08471933673030366,0.03824375670183604,0.01022836323633049,0,0.15087979632853063,0.15087979632853063,0.15087979632853063,0,0,0,0,0,2.9232283464566953,-4.025229357798171,2.310393845639267,2.69452839527304,0.7356298452648228,4.638551074835654,4.638551074835654
Jordan Walker,STL,hitter,7.198996668535397,539,488,117,15,55,59,10,0.238609,NA,NA,NA,NA,NA,NA,0.18908956758500492,0.1803547567276218,0.33218399744336224,0.08250538586013109,-0.01246371144345858,0.7716699961726615,0,0,0,0,0,0,0.7716699961726615,0,0,0,0,0,1,0,0,1,0,0,OF,0.5234999294017727,0.5234999294017727,0.1388948823715309,0.14668853547179908,0.2319657744858733,0.03960258521286292,-0.03365184814029351,0,0,0,0,0,0.05019468521347403,0.03366622125582272,0.10021822295748894,0.042902800647268174,0.021188136696834933,0,0,0,0,0,0.24817006677088882,0,0.24817006677088882,0.24817006677088882,0.7706142237166206,0.9868583162217659,0.5673120216118864,1.455525606469003,0.6924937809603274,0,0,0,0,0,4.472803948979603,4.472803948979603
Freddy Fermin,SDP,hitter,7.546770069272624,480,436,105,11,48,49,3,0.241801,NA,NA,NA,NA,NA,NA,0.16502362261964065,0.1322601549335893,0.27588162499533475,0.02475161575803933,-8.366471021408984e-4,0.5970803712044631,0,0,0,0,0,0,0.5970803712044631,1,0,0,0,0,0,0,0,1,0,0,C,0.3011983569402915,0.3011983569402915,0.08182421288223848,0.06011825224254059,0.13850383622214765,0.01650107717202622,0.00425097842133855,0,0,0,0,0,0.08319940973740217,0.07214190269104873,0.1373777887731871,0.008250538586013111,-0.005087625523479448,0,0,0,0,0,0.29588201426417166,0,0.29588201426417166,0.29588201426417166,1.2773194667083712,1.3527720739219713,1.2156686177397573,0.27990877047480833,-0.16627932343814042,0,0,0,0,0,3.959389605406767,3.959389605406767
Tyler Freeman,COL,hitter,3.5241477099625156,343,301,83,5,43,32,13,0.274426,NA,NA,NA,NA,NA,NA,0.14783366193009476,0.06011825224254059,0.180167591833688,0.10725700161817042,0.07209341403572907,0.5674699216602229,0,0,0,0,0,0,0.5674699216602229,0,0,0,0,0,1,0,0,1,0,0,OF,0.5234999294017727,0.5234999294017727,0.1388948823715309,0.14668853547179908,0.2319657744858733,0.03960258521286292,-0.03365184814029351,0,0,0,0,0,0.00893877955856387,-0.0865702832292585,-0.051798182652185304,0.0676544164053075,0.10574526217602258,0,0,0,0,0,0.04396999225845015,0,0.04396999225845015,0.04396999225845015,0.13723266997693245,-0.5100616016427105,-1.4588023412877091,2.295251917893428,3.4560819325775687,0,0,0,0,0,3.9197025775175094,3.9197025775175094
Grant Holmes,ATL,pitcher,-0.5031647136575963,NA,NA,NA,NA,NA,NA,NA,NA,129,8,0,122,4.18581,1.35364,0,0,0,0,0,0,0.19623929172787807,0,0.33666967690869853,0.04523017895221544,0.01668249286616474,0.5948216404549569,0.5948216404549569,0,0,0,0,0,0,0,0,0,1,0,P,0.4486529493960002,0.4486529493960002,0,0,0,0,0,0.1422734865027116,0.03627746556510604,0.24091199011581463,0.01911506633562095,0.01007494087674703,0,0,0,0,0,0.053965805225166474,-0.03627746556510604,0.0957576867928839,0.02611511261659449,0.006607551989417711,0,0.14616869105895652,0.14616869105895652,0.14616869105895652,0,0,0,0,0,2.9232283464566953,-4.025229357798171,2.611422359729073,1.83998431534287,0.47521899010094626,3.824624653831413,3.824624653831413
Kodai Senga,NYM,pitcher,2.240313610099088,NA,NA,NA,NA,NA,NA,NA,NA,119,7,0,119,3.85465,1.32431,0,0,0,0,0,0,0.1717093802618933,0,0.3283909143617633,0.05931384744659727,0.02432293105218315,0.5837370731224371,0.5837370731224371,0,0,0,0,0,0,0,0,0,1,0,P,0.4486529493960002,0.4486529493960002,0,0,0,0,0,0.1422734865027116,0.03627746556510604,0.24091199011581463,0.01911506633562095,0.01007494087674703,0,0,0,0,0,0.029435893759181708,-0.03627746556510604,0.08747892424594869,0.040198781110976314,0.014247990175436119,0,0.1350841237264368,0.1350841237264368,0.1350841237264368,0,0,0,0,0,1.594488188976379,-4.025229357798171,2.3856509741617176,2.832272938126161,1.024723757449488,3.8119065009155744,3.8119065009155744
Michael Soroka,ARI,pitcher,1.771847814306999,NA,NA,NA,NA,NA,NA,NA,NA,101,6,2,101,4.07747,1.26531,0,0,0,0,0,0,0.14717946879590854,0.02790574274238926,0.2787183390801521,0.04029691845593389,0.03589641965385626,0.52999688872824,0.52999688872824,0,0,0,0,0,0,0,0,0,1,0,P,0.4486529493960002,0.4486529493960002,0,0,0,0,0,0.1422734865027116,0.03627746556510604,0.24091199011581463,0.01911506633562095,0.01007494087674703,0,0,0,0,0,0.004905982293196942,-0.008371722822716782,0.03780634896433746,0.021181852120312938,0.02582147877710923,0,0.0813439393322398,0.0813439393322398,0.0813439393322398,0,0,0,0,0,0.2657480314960627,-0.928899082568809,1.031022660757588,1.4924031247149305,1.857095802957463,3.717370537357235,3.717370537357235
Tyler Stephenson,CIN,hitter,8.085647739103882,450,398,93,14,50,53,1,0.233894,NA,NA,NA,NA,NA,NA,0.171899606895459,0.16833110627911368,0.2984025739745457,0.00825053858601311,-0.02405209210213665,0.6228317336329948,0,0,0,0,0,0,0.6228317336329948,1,0,0,0,0,0,0,0,1,0,0,C,0.3011983569402915,0.3011983569402915,0.08182421288223848,0.06011825224254059,0.13850383622214765,0.01650107717202622,0.00425097842133855,0,0,0,0,0,0.09007539401322051,0.1082128540365731,0.15989873775239807,-0.00825053858601311,-0.0283030705234752,0,0,0,0,0,0.32163337669270337,0,0.32163337669270337,0.32163337669270337,1.382883058998319,1.5745379876796712,1.823502926609636,-0.2799087704748083,-0.9250318043547416,0,0,0,0,0,3.5759833984580762,3.5759833984580762
Eduardo Rodriguez,ARI,pitcher,-1.2309075729449113,NA,NA,NA,NA,NA,NA,NA,NA,132,8,0,118,4.2165,1.35477,0,0,0,0,0,0,0.19623929172787807,0,0.3256313268461183,0.0444738332001489,0.01668866960727505,0.5830331213814202,0.5830331213814202,0,0,0,0,0,0,0,0,0,1,0,P,0.4486529493960002,0.4486529493960002,0,0,0,0,0,0.1422734865027116,0.03627746556510604,0.24091199011581463,0.01911506633562095,0.01007494087674703,0,0,0,0,0,0.053965805225166474,-0.03627746556510604,0.08471933673030366,0.02535876686452795,0.006613728730528019,0,0.13438017198542004,0.13438017198542004,0.13438017198542004,0,0,0,0,0,2.9232283464566953,-4.025229357798171,2.310393845639267,1.7866946994331028,0.47566322492153595,3.47075075865243,3.47075075865243
Nick Gonzales,PIT,hitter,1,420,384,101,8,46,45,2,0.263904,NA,NA,NA,NA,NA,NA,0.15814763834382228,0.09618920358806496,0.2533606760161237,0.01650107717202622,0.06207282125991845,0.5862714163799556,0,0,0,0,0,0,0.5862714163799556,0,0,1,0,0,0,0,1,1,0,0,2B,0.3590039845822357,0.3590039845822357,0.09007539401322052,0.07695136287045197,0.14526012091591095,0.04125269293006554,0.00546441385258677,0,0,0,0,0,0.06807224433060176,0.01923784071761299,0.10810055510021277,-0.02475161575803932,0.05660840740733168,0,0,0,0,0,0.22726743179771985,0,0.22726743179771985,0.22726743179771985,1.0450795636704853,1.0644763860369606,0.32417829806393517,-0.8397263114244244,1.8501376803700502,0,0,0,0,0,3.444145616717007,3.444145616717007
Edouard Julien,COL,hitter,1,420,357,89,11,48,42,5,0.249319,NA,NA,NA,NA,NA,NA,0.16502362261964065,0.1322601549335893,0.2364699642817155,0.04125269293006554,0.01917656879481809,0.5941830035598291,0,0,0,0,0,0,0.5941830035598291,0,1,1,0,0,0,1,1,1,0,0,2B,0.3590039845822357,0.3590039845822357,0.09007539401322052,0.07695136287045197,0.14526012091591095,0.04125269293006554,0.00546441385258677,0,0,0,0,0,0.07494822860642013,0.05530879206313734,0.09120984336580454,0,0.013712154942231321,0,0,0,0,0,0.23517901897759333,0,0.23517901897759333,0.23517901897759333,1.1506431559604335,0.8981519507186857,0.9320126069338136,0,0.4481555956016675,0,0,0,0,0,3.4289633092146,3.4289633092146
Adrian Morejon,SDP,pitcher,4.837520230467109,NA,NA,NA,NA,NA,NA,NA,NA,68,6,3,69,3.39087,1.20126,0,0,0,0,0,0,0.14717946879590854,0.04185861411358389,0.19041153857950985,0.04797026915510373,0.0353159179198148,0.4627358085639208,0.4627358085639208,0,0,0,0,0,0,0,0,0,0,1,P,0.4486529493960002,0.4486529493960002,0,0,0,0,0,0.1422734865027116,0.03627746556510604,0.24091199011581463,0.01911506633562095,0.01007494087674703,0,0,0,0,0,0.004905982293196942,0.0055811485484778475,-0.05050045153630478,0.02885520281948278,0.025240977043067773,0,0.014082859167920563,0.014082859167920563,0.014082859167920563,0,0,0,0,0,0.2657480314960627,0.619266055045872,-1.3772054519608659,2.033041993092857,1.8153457799164274,3.356196407590353,3.356196407590353
Max Muncy,LAD,hitter,3.723048360493244,455,375,82,21,60,62,3,0.2198,NA,NA,NA,NA,NA,NA,0.2062795282745508,0.2524966594186705,0.3490747091777705,0.02475161575803933,-0.06177411792883947,0.7708283947001917,0,0,0,0,0,0,0.7708283947001917,0,0,0,1,0,0,1,0,1,0,0,3B,0.4172493965587398,0.4172493965587398,0.10864055155793008,0.09137974340866171,0.1756634020378458,0.03960258521286293,0.0019631143414393,0,0,0,0,0,0.09763897671662071,0.16111691601000877,0.1734113071399247,-0.014850969454823601,-0.06373723227027876,0,0,0,0,0,0.3535789981414518,0,0.3535789981414518,0.3535789981414518,1.4990030105172618,1.7075975359342916,2.714993246285457,-0.503835786854655,-2.083129705755824,0,0,0,0,0,3.334628300126531,3.334628300126531
Garrett Mitchell,MIL,hitter,3.5697049342175875,399,353,84,9,48,44,14,0.238486,NA,NA,NA,NA,NA,NA,0.16502362261964065,0.10821285403657308,0.247730438771321,0.11550754020418354,-0.00933706829057174,0.6271373873411464,0,0,0,0,0,0,0.6271373873411464,0,0,0,0,0,1,0,0,1,0,0,OF,0.5234999294017727,0.5234999294017727,0.1388948823715309,0.14668853547179908,0.2319657744858733,0.03960258521286292,-0.03365184814029351,0,0,0,0,0,0.026128740248109766,-0.038475681435226006,0.015764664285447705,0.07590495499132062,0.02431477984972177,0,0,0,0,0,0.10363745793937386,0,0.10363745793937386,0.10363745793937386,0.40114165070180247,0.15523613963039018,-0.6483565961278709,2.5751606883682365,0.794682140873059,0,0,0,0,0,3.277864023445617,3.277864023445617
Miguel Andujar,SDP,hitter,2.9830947792553335,364,339,93,9,39,44,2,0.273982,NA,NA,NA,NA,NA,NA,0.13408169337845802,0.10821285403657308,0.247730438771321,0.01650107717202622,0.0800810578464232,0.5866071212048015,0,0,0,0,0,0,0.5866071212048015,0,0,0,1,0,1,1,0,1,0,0,3B,0.4172493965587398,0.4172493965587398,0.10864055155793008,0.09137974340866171,0.1756634020378458,0.03960258521286293,0.0019631143414393,0,0,0,0,0,0.025441141820527938,0.01683311062791136,0.0720670367334752,-0.023101508040836712,0.07811794350498391,0,0,0,0,0,0.1693577246460617,0,0.1693577246460617,0.1693577246460617,0.39058529147280774,0.7096509240246407,0.2836560108059432,-0.7837445573294632,2.5531357869091154,0,0,0,0,0,3.153283455883044,3.153283455883044
Roki Sasaki,LAD,pitcher,2.0577269010660606,NA,NA,NA,NA,NA,NA,NA,NA,113,7,0,118,4.16332,1.2867,0,0,0,0,0,0,0.1717093802618933,0,0.3256313268461183,0.04075458156373918,0.03397463640979527,0.5720699250815461,0.5720699250815461,0,0,0,0,0,0,0,0,0,1,0,P,0.4486529493960002,0.4486529493960002,0,0,0,0,0,0.1422734865027116,0.03627746556510604,0.24091199011581463,0.01911506633562095,0.01007494087674703,0,0,0,0,0,0.029435893759181708,-0.03627746556510604,0.08471933673030366,0.021639515228118227,0.02389969553304824,0,0.1234169756855458,0.1234169756855458,0.1234169756855458,0,0,0,0,0,1.594488188976379,-4.025229357798171,2.310393845639267,1.5246485510485588,1.7188800319883926,3.1231812598544257,3.1231812598544257
Hunter Harvey,CHC,pitcher,4.764841439302152,NA,NA,NA,NA,NA,NA,NA,NA,52,4,5,58,3.09074,1.10258,0,0,0,0,0,0,0.09811964586393904,0.06976435685597315,0.16005607590741405,0.04364926601426486,0.04014045982734888,0.41172980446894,0.41172980446894,0,0,0,0,0,0,0,0,0,0,1,P,0.4486529493960002,0.4486529493960002,0,0,0,0,0,0.1422734865027116,0.03627746556510604,0.24091199011581463,0.01911506633562095,0.01007494087674703,0,0,0,0,0,-0.04415384063877256,0.03348689129086711,-0.08085591420840058,0.024534199678643908,0.03006551895060185,0,-0.03692314492706027,-0.03692314492706027,-0.03692314492706027,0,0,0,0,0,-2.3917322834645685,3.715596330275235,-2.205033865707835,1.7285984273148287,2.1623296457520533,3.0097582541697134,3.0097582541697134
Patrick Bailey,SFG,hitter,6.712068755279029,525,473,108,11,53,53,3,0.227901,NA,NA,NA,NA,NA,NA,0.18221358330918655,0.1322601549335893,0.2984025739745457,0.02475161575803933,-0.04956182127339247,0.5880661067019683,0,0,0,0,0,0,0.5880661067019683,1,0,0,0,0,0,0,0,1,0,0,C,0.3011983569402915,0.3011983569402915,0.08182421288223848,0.06011825224254059,0.13850383622214765,0.01650107717202622,0.00425097842133855,0,0,0,0,0,0.10038937042694807,0.07214190269104873,0.15989873775239807,0.008250538586013111,-0.05381279969473102,0,0,0,0,0,0.28686774976167695,0,0.28686774976167695,0.28686774976167695,1.5412284474332412,1.5745379876796712,1.2156686177397573,0.27990877047480833,-1.7587685815823368,0,0,0,0,0,2.852575241745141,2.852575241745141
Spencer Steer,CIN,hitter,1.1111362245952818,385,341,81,13,44,47,7,0.236583,NA,NA,NA,NA,NA,NA,0.1512716540680039,0.15630745583060557,0.26462115050572926,0.05775377010209177,-0.0138218286876084,0.6161322018188222,0,0,0,0,0,0,0.6161322018188222,0,1,0,0,0,0,1,0,1,0,0,1B,0.44297870877619505,0.44297870877619505,0.11345374055100294,0.11783177439537958,0.19480620867017517,0.03465226206125506,-0.01776527690161768,0,0,0,0,0,0.03781791351700098,0.03847568143522599,0.06981494183555409,0.02310150804083671,0.0039434482140092795,0,0,0,0,0,0.17315349304262706,0,0.17315349304262706,0.17315349304262706,0.580599757594714,0.6874743326488706,0.6483565961278707,0.7837445573294631,0.12888407332903715,0,0,0,0,0,2.8290593170299556,2.8290593170299556
Spencer Schwellenbach,ATL,pitcher,7.375605751228067,NA,NA,NA,NA,NA,NA,NA,NA,89,6,0,87,3.51735,1.12793,0,0,0,0,0,0,0.14717946879590854,0,0.24008411386112108,0.05776014994252795,0.06292712543642051,0.5079508580359782,0.5079508580359782,0,0,0,0,0,0,0,0,0,1,0,P,0.4486529493960002,0.4486529493960002,0,0,0,0,0,0.1422734865027116,0.03627746556510604,0.24091199011581463,0.01911506633562095,0.01007494087674703,0,0,0,0,0,0.004905982293196942,-0.03627746556510604,-8.278762546935492e-4,0.038645083606906994,0.052852184559673485,0,0.05929790863997783,0.05929790863997783,0.05929790863997783,0,0,0,0,0,0.2657480314960627,-4.025229357798171,-0.022577138556736275,2.7228045594043957,3.8011599169105037,2.7419060114560545,2.7419060114560545
Cade Cavalli,WSN,pitcher,-1.6724934895544403,NA,NA,NA,NA,NA,NA,NA,NA,135,7,0,116,4.19963,1.33479,0,0,0,0,0,0,0.1717093802618933,0,0.3201121518148281,0.04650114802732524,0.02397193540789687,0.5622946155119435,0.5622946155119435,0,0,0,0,0,0,0,0,0,1,0,P,0.4486529493960002,0.4486529493960002,0,0,0,0,0,0.1422734865027116,0.03627746556510604,0.24091199011581463,0.01911506633562095,0.01007494087674703,0,0,0,0,0,0.029435893759181708,-0.03627746556510604,0.07920016169901348,0.027386081691704287,0.013896994531149839,0,0.11364166611594327,0.11364166611594327,0.11364166611594327,0,0,0,0,0,1.594488188976379,-4.025229357798171,2.1598795885943622,1.9295325856421852,0.9994799461446819,2.658150951559437,2.658150951559437
Paul Sewald,ARI,pitcher,-2.36243432196141,NA,NA,NA,NA,NA,NA,NA,NA,58,3,8,57,4.52623,1.26131,0,0,0,0,0,0,0.07358973439795427,0.11162297096955703,0.157296488391769,0.01152310162611419,0.02120761005807605,0.3752399054434705,0.3752399054434705,0,0,0,0,0,0,0,0,0,0,1,P,0.4486529493960002,0.4486529493960002,0,0,0,0,0,0.1422734865027116,0.03627746556510604,0.24091199011581463,0.01911506633562095,0.01007494087674703,0,0,0,0,0,-0.06868375210475733,0.075345505404451,-0.08361550172404564,-0.007591964709506762,0.011132669181329019,0,-0.07341304395252972,-0.07341304395252972,-0.07341304395252972,0,0,0,0,0,-3.720472440944885,8.360091743119277,-2.2802909942302865,-0.534904681178842,0.8006680558778813,2.6250916826431445,2.6250916826431445
Carson Kelly,CHC,hitter,5.499645700628936,373,330,77,12,42,43,2,0.233354,NA,NA,NA,NA,NA,NA,0.14439566979218557,0.14428380538209745,0.24210020152651823,0.01650107717202622,-0.02126140722245271,0.5260193466503748,0,0,0,0,0,0,0.5260193466503748,1,0,0,0,0,0,0,0,1,0,0,C,0.3011983569402915,0.3011983569402915,0.08182421288223848,0.06011825224254059,0.13850383622214765,0.01650107717202622,0.00425097842133855,0,0,0,0,0,0.06257145690994709,0.08416555313955687,0.10359636530437058,0,-0.02551238564379126,0,0,0,0,0,0.2248209897100833,0,0.2248209897100833,0.2248209897100833,0.9606286898385271,1.0201232032854208,1.4182800540297171,0,-0.83382359895885,0,0,0,0,0,2.5652083481948145,2.5652083481948145
Foster Griffin,WSN,pitcher,0.7303214422271034,NA,NA,NA,NA,NA,NA,NA,NA,125,6,0,113,4.1119,1.27536,0,0,0,0,0,0,0.14717946879590854,0,0.3118333892678929,0.04795143352333084,0.04121077899068244,0.5481750705778148,0.5481750705778148,0,0,0,0,0,0,0,0,0,1,0,P,0.4486529493960002,0.4486529493960002,0,0,0,0,0,0.1422734865027116,0.03627746556510604,0.24091199011581463,0.01911506633562095,0.01007494087674703,0,0,0,0,0,0.004905982293196942,-0.03627746556510604,0.07092139915207826,0.028836367187709887,0.031135838113935412,0,0.09952212118181447,0.09952212118181447,0.09952212118181447,0,0,0,0,0,0.2657480314960627,-4.025229357798171,1.9341082030270071,2.0317148968807706,2.2393076237838065,2.4456493973894755,2.4456493973894755
Mike Yastrzemski,ATL,hitter,4.879486718735726,476,412,94,17,59,53,5,0.22863,NA,NA,NA,NA,NA,NA,0.20284153613664163,0.20440205762463803,0.2984025739745457,0.04125269293006554,-0.0409474887257303,0.7059513719401607,0,0,0,0,0,0,0.7059513719401607,0,0,0,0,0,1,0,0,1,0,0,OF,0.5234999294017727,0.5234999294017727,0.1388948823715309,0.14668853547179908,0.2319657744858733,0.03960258521286292,-0.03365184814029351,0,0,0,0,0,0.06394665376511074,0.05771352215283895,0.06643679948867243,0.0016501077172026216,-0.007295640585436788,0,0,0,0,0,0.18245144253838796,0,0.18245144253838796,0.18245144253838796,0.9817414082965165,0.6542094455852154,0.9725348941918054,0.05598175409496164,-0.23844407867594272,0,0,0,0,0,2.4260234234925564,2.4260234234925564
Sean Murphy,ATL,hitter,6.022629527345459,390,341,75,17,44,48,0,0.221555,NA,NA,NA,NA,NA,NA,0.1512716540680039,0.20440205762463803,0.270251387750532,0,-0.05174457065507248,0.5741805287881014,0,0,0,0,0,0,0.5741805287881014,1,0,0,0,0,0,0,0,1,0,0,C,0.3011983569402915,0.3011983569402915,0.08182421288223848,0.06011825224254059,0.13850383622214765,0.01650107717202622,0.00425097842133855,0,0,0,0,0,0.06944744118576543,0.14428380538209745,0.13174755152838433,-0.01650107717202622,-0.05599554907641103,0,0,0,0,0,0.27298217184781,0,0.27298217184781,0.27298217184781,1.0661922821284748,1.297330595482546,2.4313372354795146,-0.5598175409496166,-1.8301075763149035,0,0,0,0,0,2.404934995826016,2.404934995826016
Pavin Smith,ARI,hitter,1.428855664522511,455,393,93,13,52,52,3,0.236819,NA,NA,NA,NA,NA,NA,0.17877559117127736,0.15630745583060557,0.292772336729743,0.02475161575803933,-0.01524320136026267,0.6373637981294026,0,0,0,0,0,0,0.6373637981294026,0,1,0,0,0,0,1,0,1,0,0,1B,0.44297870877619505,0.44297870877619505,0.11345374055100294,0.11783177439537958,0.19480620867017517,0.03465226206125506,-0.01776527690161768,0,0,0,0,0,0.06532185062027443,0.03847568143522599,0.09796612805956784,-0.00990064630321573,0.00252207554135501,0,0,0,0,0,0.1943850893532075,0,0.1943850893532075,0.1943850893532075,1.0028541267545064,0.9646817248459958,0.6483565961278707,-0.3358905245697698,0.0824292221864601,0,0,0,0,0,2.362431145345063,2.362431145345063
Gavin Sheets,SDP,hitter,4.665033848835037,490,441,106,16,49,59,2,0.24021700000000001,NA,NA,NA,NA,NA,NA,0.16846161475754984,0.19237840717612992,0.33218399744336224,0.01650107717202622,-0.00601561541984922,0.7035094811292191,0,0,0,0,0,0,0.7035094811292191,0,0,0,0,0,1,0,0,1,0,0,OF,0.5234999294017727,0.5234999294017727,0.1388948823715309,0.14668853547179908,0.2319657744858733,0.03960258521286292,-0.03365184814029351,0,0,0,0,0,0.02956673238601895,0.04568987170433084,0.10021822295748894,-0.0231015080408367,0.02763623272044429,0,0,0,0,0,0.18000955172744634,0,0.18000955172744634,0.18000955172744634,0.45392344684677655,0.9868583162217659,0.7699234579018459,-0.7837445573294628,0.9032374843484368,0,0,0,0,0,2.3301981479893623,2.3301981479893623
Adrian Houser,SFG,pitcher,-4.087001791384763,NA,NA,NA,NA,NA,NA,NA,NA,147,8,0,105,4.22691,1.38022,0,0,0,0,0,0,0.19623929172787807,0,0.28975668914273234,0.0488446377799713,0.00900930510438781,0.5438499237549695,0.5438499237549695,0,0,0,0,0,0,0,0,0,1,0,P,0.4486529493960002,0.4486529493960002,0,0,0,0,0,0.1422734865027116,0.03627746556510604,0.24091199011581463,0.01911506633562095,0.01007494087674703,0,0,0,0,0,0.053965805225166474,-0.03627746556510604,0.04884469902691771,0.029729571444350348,-0.0010656357723592205,0,0.09519697435896926,0.09519697435896926,0.09519697435896926,0,0,0,0,0,2.9232283464566953,-4.025229357798171,1.332051174847394,2.094647109609258,-0.07664114582329877,2.2480561272918775,2.2480561272918775
A.J. Puk,ARI,pitcher,2.265086441203824,NA,NA,NA,NA,NA,NA,NA,NA,42,3,7,50,3.32097,1.17185,0,0,0,0,0,0,0.07358973439795427,0.0976700995983624,0.1379793757822535,0.03093909782645455,0.02497442764543771,0.3651527352504624,0.3651527352504624,0,0,0,0,0,0,0,0,0,0,1,P,0.4486529493960002,0.4486529493960002,0,0,0,0,0,0.1422734865027116,0.03627746556510604,0.24091199011581463,0.01911506633562095,0.01007494087674703,0,0,0,0,0,-0.06868375210475733,0.06139263403325636,-0.10293261433356113,0.011824031490833598,0.01489948676869068,0,-0.08350021414553782,-0.08350021414553782,-0.08350021414553782,0,0,0,0,0,-3.720472440944885,6.8119266055045955,-2.807090893887448,0.8330820857126774,1.071579772142446,2.189025128527386,2.189025128527386
Zack Littell,NA,pitcher,NA,NA,NA,NA,NA,NA,NA,NA,NA,143,7,0,108,4.61597,1.26991,0,0,0,0,0,0,0.1717093802618933,0,0.29803545168966755,0.02268244224853386,0.04913994640328076,0.5415672206033755,0.5415672206033755,0,0,0,0,0,0,0,0,0,1,0,P,0.4486529493960002,0.4486529493960002,0,0,0,0,0,0.1422734865027116,0.03627746556510604,0.24091199011581463,0.01911506633562095,0.01007494087674703,0,0,0,0,0,0.029435893759181708,-0.03627746556510604,0.057123461573852924,0.0035673759129129096,0.03906500552653373,0,0.09291427120737523,0.09291427120737523,0.09291427120737523,0,0,0,0,0,1.594488188976379,-4.025229357798171,1.557822560414749,0.2513454880727091,2.809577965385518,2.188004845051184,2.188004845051184
Jacob Young,WSN,hitter,-0.5185774103024596,315,283,71,3,36,27,16,0.25102,NA,NA,NA,NA,NA,NA,0.12376771696473048,0.03607095134552436,0.15201640560967425,0.13200861737620975,0.01876393003783615,0.46262762133397495,0,0,0,0,0,0,0.46262762133397495,0,0,0,0,0,1,0,0,1,0,0,OF,0.5234999294017727,0.5234999294017727,0.1388948823715309,0.14668853547179908,0.2319657744858733,0.03960258521286292,-0.03365184814029351,0,0,0,0,0,-0.01512716540680041,-0.11061758412627472,-0.07994936887619905,0.09240603216334684,0.05241577817812966,0,0,0,0,0,-0.060872308067797684,0,-0.060872308067797684,-0.060872308067797684,-0.23223990303788591,-0.7872689938398357,-1.8640252138676279,3.1349782293178525,1.7131096014673597,0,0,0,0,0,1.9645537200398624,1.9645537200398624
Keibert Ruiz,WSN,hitter,3.101849417178934,320,298,74,8,30,36,2,0.249443,NA,NA,NA,NA,NA,NA,0.1031397641372754,0.09618920358806496,0.202688540812899,0.01650107717202622,0.01628078457161384,0.4347993702818794,0,0,0,0,0,0,0.4347993702818794,1,0,0,0,0,0,0,0,1,0,0,C,0.3011983569402915,0.3011983569402915,0.08182421288223848,0.06011825224254059,0.13850383622214765,0.01650107717202622,0.00425097842133855,0,0,0,0,0,0.02131555125503691,0.03607095134552437,0.06418470459075135,0,0.01202980615027529,0,0,0,0,0,0.13360101334158792,0,0.13360101334158792,0.13360101334158792,0.32724713609883876,0.6320328542094455,0.6078343088698788,0,0.39317123843496576,0,0,0,0,0,1.9602855376131287,1.9602855376131287
Troy Johnston,COL,hitter,-1.0253640689545618,259,235,61,7,30,31,8,0.261681,NA,NA,NA,NA,NA,NA,0.1031397641372754,0.08416555313955684,0.17453735458888525,0.06600430868810488,0.03412136564039959,0.46196834619422195,0,0,0,0,0,0,0.46196834619422195,0,1,0,0,0,1,1,0,1,0,0,1B,0.44297870877619505,0.44297870877619505,0.11345374055100294,0.11783177439537958,0.19480620867017517,0.03465226206125506,-0.01776527690161768,0,0,0,0,0,-0.01031397641372754,-0.033666221255822734,-0.020268854081289922,0.03135204662684982,0.05188664254201727,0,0,0,0,0,0.018989637418026888,0,0.018989637418026888,0.018989637418026888,-0.15834538843492205,-0.19958932238193042,-0.5673120216118867,1.0636533278042715,1.6958158137910202,0,0,0,0,0,1.8342224091665527,1.8342224091665527
Jose Alvarado,PHI,pitcher,3.8457523274272094,NA,NA,NA,NA,NA,NA,NA,NA,64,5,3,75,3.3047,1.24304,0,0,0,0,0,0,0.1226495573299238,0.04185861411358389,0.20696906367338025,0.04761007003539477,0.0263943763056972,0.44548168145797984,0.44548168145797984,0,0,0,0,0,0,0,0,0,0,1,P,0.4486529493960002,0.4486529493960002,0,0,0,0,0,0.1422734865027116,0.03627746556510604,0.24091199011581463,0.01911506633562095,0.01007494087674703,0,0,0,0,0,-0.019623929172787796,0.0055811485484778475,-0.03394292644243438,0.028495003699773817,0.01631943542895017,0,-0.0031712679380203404,-0.0031712679380203404,-0.0031712679380203404,0,0,0,0,0,-1.062992125984252,0.619266055045872,-0.9256626808261562,2.0076635564613543,1.1737033073646292,1.8119781120614473,1.8119781120614473
Owen Caissie,MIA,hitter,2.942708609181116,420,372,89,13,49,49,4,0.240522,NA,NA,NA,NA,NA,NA,0.16846161475754984,0.15630745583060557,0.27588162499533475,0.03300215434405244,-0.00423476861912576,0.6294180813084168,0,0,0,0,0,0,0.6294180813084168,0,0,0,0,0,1,0,0,1,0,0,OF,0.5234999294017727,0.5234999294017727,0.1388948823715309,0.14668853547179908,0.2319657744858733,0.03960258521286292,-0.03365184814029351,0,0,0,0,0,0.02956673238601895,0.009618920358806488,0.04391585050946145,-0.006600430868810479,0.02941707952116775,0,0,0,0,0,0.10591815190664415,0,0.10591815190664415,0.10591815190664415,0.45392344684677655,0.43244353182751544,0.16208914903196747,-0.22392701637984633,0.9614410608115012,0,0,0,0,0,1.7859701721379144,1.7859701721379144
Tanner Scott,LAD,pitcher,3.001109168811983,NA,NA,NA,NA,NA,NA,NA,NA,63,4,4,72,3.4716,1.21465,0,0,0,0,0,0,0.09811964586393904,0.05581148548477852,0.19869030112644503,0.04217289826021824,0.03055996724273592,0.42535429797811675,0.42535429797811675,0,0,0,0,0,0,0,0,0,0,1,P,0.4486529493960002,0.4486529493960002,0,0,0,0,0,0.1422734865027116,0.03627746556510604,0.24091199011581463,0.01911506633562095,0.01007494087674703,0,0,0,0,0,-0.04415384063877256,0.019534019919672477,-0.042221688989369593,0.023057831924597292,0.02048502636598889,0,-0.023298651417883502,-0.023298651417883502,-0.023298651417883502,0,0,0,0,0,-2.3917322834645685,2.167431192660553,-1.1514340663935114,1.6245784465854485,1.4732950353515692,1.7221383247394908,1.7221383247394908
Bryce Eldridge,SFG,hitter,1.9762145380310412,448,402,94,18,45,58,1,0.234535,NA,NA,NA,NA,NA,NA,0.1547096462059131,0.21642570807314615,0.3265537601985595,0.00825053858601311,-0.02238692022415082,0.683552732839481,0,0,0,0,0,0,0.683552732839481,0,0,0,0,0,0,0,0,1,0,0,Util,0.5234999294017727,0.5234999294017727,0.1388948823715309,0.14668853547179908,0.2319657744858733,0.03960258521286292,-0.03365184814029351,0,0,0,0,0,0.01581476383438221,0.06973717260134707,0.09458798571268617,-0.03135204662684981,0.01126492791614269,0,0,0,0,0,0.16005280343770834,0,0.16005280343770834,0.16005280343770834,0.2427962622668802,0.9314168377823406,1.1751463304817649,-1.0636533278042712,0.36817265418438067,0,0,0,0,0,1.653878756911095,1.653878756911095
Carson Benge,NYM,hitter,1.720471078203648,364,322,78,9,46,41,8,0.240572,NA,NA,NA,NA,NA,NA,0.15814763834382228,0.10821285403657308,0.23083972703691277,0.06600430868810488,-0.00354643587425676,0.5596580922311563,0,0,0,0,0,0,0.5596580922311563,0,0,0,0,0,1,0,0,1,0,0,OF,0.5234999294017727,0.5234999294017727,0.1388948823715309,0.14668853547179908,0.2319657744858733,0.03960258521286292,-0.03365184814029351,0,0,0,0,0,0.019252755972291397,-0.038475681435226006,-0.0011260474489605266,0.02640172347524196,0.03010541226603675,0,0,0,0,0,0.03615816282938357,0,0.03615816282938357,0.03615816282938357,0.29557805841185425,-0.01108829568788478,-0.6483565961278709,0.8957080655193866,0.9839379019388447,0,0,0,0,0,1.51577913405433,1.51577913405433
Nick Castellanos,SDP,hitter,2.0965917846911024,371,344,86,12,41,46,3,0.249463,NA,NA,NA,NA,NA,NA,0.1409576776542764,0.14428380538209745,0.2589909132609265,0.02475161575803933,0.01884483927325966,0.5878288513285993,0,0,0,0,0,0,0.5878288513285993,0,0,0,0,0,1,0,0,1,0,0,OF,0.5234999294017727,0.5234999294017727,0.1388948823715309,0.14668853547179908,0.2319657744858733,0.03960258521286292,-0.03365184814029351,0,0,0,0,0,0.0020627952827455,-0.002404730089701629,0.027025138775053192,-0.014850969454823587,0.05249668741355317,0,0,0,0,0,0.06432892192682665,0,0.06432892192682665,0.06432892192682665,0.03166907768698428,0.26611909650924015,-0.040522287257991986,-0.5038357868546545,1.71575396529957,0,0,0,0,0,1.4691840653831478,1.4691840653831478
Moises Ballesteros,CHC,hitter,7.503230908109328,361,325,86,9,39,43,2,0.264155,NA,NA,NA,NA,NA,NA,0.13408169337845802,0.10821285403657308,0.24210020152651823,0.01650107717202622,0.05313926320977009,0.5540350893233457,0,0,0,0,0,0,0.5540350893233457,0,0,0,0,0,0,0,0,1,0,0,Util,0.5234999294017727,0.5234999294017727,0.1388948823715309,0.14668853547179908,0.2319657744858733,0.03960258521286292,-0.03365184814029351,0,0,0,0,0,-0.00481318899307287,-0.038475681435226006,0.010134427040644933,-0.0231015080408367,0.0867911113500636,0,0,0,0,0,0.03053515992157295,0,0.03053515992157295,0.03053515992157295,-0.07389451460296388,0.09979466119096493,-0.6483565961278709,-0.7837445573294628,2.836601713143202,0,0,0,0,0,1.4304007062738695,1.4304007062738695
Alek Thomas,ARI,hitter,1,385,355,86,9,44,41,7,0.243171,NA,NA,NA,NA,NA,NA,0.1512716540680039,0.10821285403657308,0.23083972703691277,0.05775377010209177,0.00291787818365983,0.5509958834272414,0,0,0,0,0,0,0.5509958834272414,0,0,0,0,0,1,0,0,1,0,0,OF,0.5234999294017727,0.5234999294017727,0.1388948823715309,0.14668853547179908,0.2319657744858733,0.03960258521286292,-0.03365184814029351,0,0,0,0,0,0.012376771696473027,-0.038475681435226006,-0.0011260474489605266,0.01815118488922885,0.03656972632395334,0,0,0,0,0,0.027495954025468686,0,0.027495954025468686,0.027495954025468686,0.19001446612190612,-0.01108829568788478,-0.6483565961278709,0.6157992950445785,1.195211660803651,0,0,0,0,0,1.34158053015438,1.34158053015438
David Hamilton,MIL,hitter,-5.828754601643735,189,170,38,5,24,19,16,0.222998,NA,NA,NA,NA,NA,NA,0.08251181130982033,0.06011825224254059,0.10697450765125224,0.13200861737620975,-0.02398106749994621,0.3576321210798767,0,0,0,0,0,0,0.3576321210798767,0,0,1,0,0,0,0,1,1,0,0,2B,0.3590039845822357,0.3590039845822357,0.09007539401322052,0.07695136287045197,0.14526012091591095,0.04125269293006554,0.00546441385258677,0,0,0,0,0,-0.0075635827034001984,-0.01683311062791138,-0.03828561326465871,0.09075592444614422,-0.02944548135253298,0,0,0,0,0,-0.0013718635023590546,0,-0.0013718635023590546,-0.0013718635023590546,-0.11611995151894286,-0.37700205338809045,-0.28365601080594355,3.0789964752228913,-0.9623693204253464,0,0,0,0,0,1.339849139084568,1.339849139084568
Matt Shaw,CHC,hitter,-3.794322872440724,252,223,55,8,32,30,9,0.244268,NA,NA,NA,NA,NA,NA,0.11001574841309376,0.09618920358806496,0.1689071173440825,0.07425484727411799,0.00364324194096263,0.45301015856032184,0,0,0,0,0,0,0.45301015856032184,0,0,0,1,0,0,1,0,1,0,0,3B,0.4172493965587398,0.4172493965587398,0.10864055155793008,0.09137974340866171,0.1756634020378458,0.03960258521286293,0.0019631143414393,0,0,0,0,0,0.001375196855163685,0.004809460179403244,-0.006756284693763298,0.03465226206125506,0.0016801275995233299,0,0,0,0,0,0.03576076200158202,0,0.03576076200158202,0.03576076200158202,0.021112718457989805,-0.06652977412731004,0.08104457451598374,1.1756168359941948,0.05491176173426845,0,0,0,0,0,1.2661561165751267,1.2661561165751267
Miguel Amaya,CHC,hitter,2.397795096109645,298,267,64,8,32,36,1,0.239991,NA,NA,NA,NA,NA,NA,0.11001574841309376,0.09618920358806496,0.202688540812899,0.00825053858601311,-0.00408865089179251,0.41305538050827834,0,0,0,0,0,0,0.41305538050827834,1,0,0,0,0,0,0,0,1,0,0,C,0.3011983569402915,0.3011983569402915,0.08182421288223848,0.06011825224254059,0.13850383622214765,0.01650107717202622,0.00425097842133855,0,0,0,0,0,0.02819153553085528,0.03607095134552437,0.06418470459075135,-0.00825053858601311,-0.00833962931313106,0,0,0,0,0,0.11185702356798681,0,0.11185702356798681,0.11185702356798681,0.4328107283887869,0.6320328542094455,0.6078343088698788,-0.2799087704748083,-0.2725648563387073,0,0,0,0,0,1.1202042646545958,1.1202042646545958
Matt Svanson,STL,pitcher,-0.98593489193978,NA,NA,NA,NA,NA,NA,NA,NA,65,3,6,59,3.80311,1.29762,0,0,0,0,0,0,0.07358973439795427,0.08371722822716778,0.16281566342305914,0.03389364611732633,0.01772613658503429,0.3717424087505418,0.3717424087505418,0,0,0,0,0,0,0,0,0,0,1,P,0.4486529493960002,0.4486529493960002,0,0,0,0,0,0.1422734865027116,0.03627746556510604,0.24091199011581463,0.01911506633562095,0.01007494087674703,0,0,0,0,0,-0.06868375210475733,0.047439762662061735,-0.07809632669275549,0.014778579781705378,0.007651195708287258,0,-0.07691054064545844,-0.07691054064545844,-0.07691054064545844,0,0,0,0,0,-3.720472440944885,5.263761467889915,-2.1297767371853826,1.0412497698402474,0.5502784546198306,1.0050405142197252,1.0050405142197252
Jake Bauers,MIL,hitter,-0.7833744782721246,315,272,59,13,37,38,8,0.215715,NA,NA,NA,NA,NA,NA,0.12720570910263967,0.15630745583060557,0.21394901530250449,0.06600430868810488,-0.0530293505072608,0.5104371384165939,0,0,0,0,0,0,0.5104371384165939,0,1,0,0,0,1,1,0,1,0,0,1B,0.44297870877619505,0.44297870877619505,0.11345374055100294,0.11783177439537958,0.19480620867017517,0.03465226206125506,-0.01776527690161768,0,0,0,0,0,0.01375196855163674,0.03847568143522599,0.019142806632329312,0.03135204662684982,-0.03526407360564312,0,0,0,0,0,0.06745842964039875,0,0.06745842964039875,0.06745842964039875,0.21112718457989632,0.1885010266940448,0.6483565961278707,1.0636533278042715,-1.152538895356615,0,0,0,0,0,0.959099239849468,0.959099239849468
Jared Jones,PIT,pitcher,1.6345189977982757,NA,NA,NA,NA,NA,NA,NA,NA,102,6,0,100,3.93678,1.27383,0,0,0,0,0,0,0.14717946879590854,0,0.275958751564507,0.04710122829096629,0.03402744502578538,0.5042668936771673,0.5042668936771673,0,0,0,0,0,0,0,0,0,1,0,P,0.4486529493960002,0.4486529493960002,0,0,0,0,0,0.1422734865027116,0.03627746556510604,0.24091199011581463,0.01911506633562095,0.01007494087674703,0,0,0,0,0,0.004905982293196942,-0.03627746556510604,0.03504676144869237,0.027986161955345337,0.023952504149038347,0,0.05561394428116696,0.05561394428116696,0.05561394428116696,0,0,0,0,0,0.2657480314960627,-4.025229357798171,0.9557655322351358,1.9718122529465774,1.7226780584283872,0.890774517307992,0.890774517307992
Pedro Pages,STL,hitter,2.175276439611237,358,327,74,10,35,39,1,0.227885,NA,NA,NA,NA,NA,NA,0.1203297248268213,0.1202365044850812,0.21957925254730729,0.00825053858601311,-0.03430238716198477,0.43409363328323813,0,0,0,0,0,0,0.43409363328323813,1,0,0,0,0,0,0,0,1,0,0,C,0.3011983569402915,0.3011983569402915,0.08182421288223848,0.06011825224254059,0.13850383622214765,0.01650107717202622,0.00425097842133855,0,0,0,0,0,0.03850551194458282,0.06011825224254062,0.08107541632515963,-0.00825053858601311,-0.03855336558332332,0,0,0,0,0,0.13289527634294665,0,0.13289527634294665,0.13289527634294665,0.5911561168237089,0.7983572895277211,1.013057181449798,-0.2799087704748083,-1.26004312146662,0,0,0,0,0,0.8626186958597999,0.8626186958597999
Ramon Urias,STL,hitter,-3.755452661599678,322,292,72,9,34,35,2,0.247762,NA,NA,NA,NA,NA,NA,0.11689173268891212,0.10821285403657308,0.19705830356809623,0.01650107717202622,0.01232057464454928,0.4509845421101569,0,0,0,0,0,0,0.4509845421101569,0,0,1,1,0,0,1,1,1,0,0,2B,0.3590039845822357,0.3590039845822357,0.09007539401322052,0.07695136287045197,0.14526012091591095,0.04125269293006554,0.00546441385258677,0,0,0,0,0,0.026816338675691595,0.031261491166121105,0.051798182652185276,-0.02475161575803932,0.0068561607919625095,0,0,0,0,0,0.09198055752792117,0,0.09198055752792117,0.09198055752792117,0.41169800993079714,0.5100616016427102,0.5267897343538946,-0.8397263114244244,0.2240805209835795,0,0,0,0,0,0.8329035554865571,0.8329035554865571
Phil Maton,CHC,pitcher,1.710772183380485,NA,NA,NA,NA,NA,NA,NA,NA,65,4,4,67,3.75632,1.22847,0,0,0,0,0,0,0.09811964586393904,0.05581148548477852,0.1848923635482197,0.03525116081359318,0.0292308466520531,0.4033055023625835,0.4033055023625835,0,0,0,0,0,0,0,0,0,0,1,P,0.4486529493960002,0.4486529493960002,0,0,0,0,0,0.1422734865027116,0.03627746556510604,0.24091199011581463,0.01911506633562095,0.01007494087674703,0,0,0,0,0,-0.04415384063877256,0.019534019919672477,-0.05601962656759493,0.01613609447797223,0.01915590577530607,0,-0.04534744703341671,-0.04534744703341671,-0.04534744703341671,0,0,0,0,0,-2.3917322834645685,2.167431192660553,-1.5277197090057695,1.1368957578798031,1.3777039078298736,0.7625788658998918,0.7625788658998918
Ryan Ritter,COL,hitter,-6.910444627874477,196,174,44,5,24,22,3,0.25289,NA,NA,NA,NA,NA,NA,0.08251181130982033,0.06011825224254059,0.1238652193856605,0.02475161575803933,0.01394471431310903,0.3051916130091697,0,0,0,0,0,0,0.3051916130091697,0,0,1,0,1,0,0,1,1,0,0,SS,0.24912776719314625,0.24912776719314625,0.06738464590301993,0.04328514161462923,0.10021822295748894,0.0379524774956603,2.872792223478263e-4,0,0,0,0,0,0.015127165406800397,0.01683311062791136,0.023646996428171557,-0.013200861737620972,0.013657435090761205,0,0,0,0,0,0.05606384581602355,0,0.05606384581602355,0.05606384581602355,0.23223990303788572,0.2328542094455853,0.2836560108059432,-0.4478540327596931,0.4463671817651743,0,0,0,0,0,0.7472632722948955,0.7472632722948955
Jorge Mateo,ATL,hitter,-8.570444073248014,147,136,31,3,17,14,11,0.224212,NA,NA,NA,NA,NA,NA,0.05844586634445606,0.03607095134552436,0.0788233214272385,0.0907559244461442,-0.01796304938620447,0.24613301417715863,0,0,0,0,0,0,0.24613301417715863,0,0,0,0,1,1,0,1,1,0,0,SS,0.24912776719314625,0.24912776719314625,0.06738464590301993,0.04328514161462923,0.10021822295748894,0.0379524774956603,2.872792223478263e-4,0,0,0,0,0,-0.00893877955856387,-0.007214190269104866,-0.02139490153025045,0.052803446950483904,-0.018250328608552295,0,0,0,0,0,-0.002994753015987575,0,-0.002994753015987575,-0.002994753015987575,-0.13723266997693245,-0.2106776180698152,-0.1215668617739756,1.7914161310387728,-0.5964771344802915,0,0,0,0,0,0.7254618467377583,0.7254618467377583
Luke Weaver,NYM,pitcher,0.5124544623802396,NA,NA,NA,NA,NA,NA,NA,NA,67,4,4,73,3.99686,1.23883,0,0,0,0,0,0,0.09811964586393904,0.05581148548477852,0.20144988864209012,0.02914231192453213,0.02835359580167426,0.4128769277170141,0.4128769277170141,0,0,0,0,0,0,0,0,0,0,1,P,0.4486529493960002,0.4486529493960002,0,0,0,0,0,0.1422734865027116,0.03627746556510604,0.24091199011581463,0.01911506633562095,0.01007494087674703,0,0,0,0,0,-0.04415384063877256,0.019534019919672477,-0.039462101473724503,0.010027245588911177,0.01827865492492723,0,-0.035776021678986185,-0.035776021678986185,-0.035776021678986185,0,0,0,0,0,-2.3917322834645685,2.167431192660553,-1.076176937871059,0.7064865038324117,1.3146115153901483,0.7206199905474855,0.7206199905474855
Henry Davis,PIT,hitter,1,282,250,56,8,31,30,4,0.223626,NA,NA,NA,NA,NA,NA,0.10657775627518458,0.09618920358806496,0.1689071173440825,0.03300215434405244,-0.03410444244008504,0.37057178911129945,0,0,0,0,0,0,0.37057178911129945,1,0,0,0,0,0,0,0,1,0,0,C,0.3011983569402915,0.3011983569402915,0.08182421288223848,0.06011825224254059,0.13850383622214765,0.01650107717202622,0.00425097842133855,0,0,0,0,0,0.024753543392946095,0.03607095134552437,0.030403281121934855,0.01650107717202622,-0.038355420861423586,0,0,0,0,0,0.06937343217100794,0,0.06937343217100794,0.06937343217100794,0.38002893224381284,0.2993839835728953,0.6078343088698788,0.5598175409496166,-1.253573676283648,0,0,0,0,0,0.5934910893525553,0.5934910893525553
Joey Bart,PIT,hitter,1.3194818381473925,301,263,63,7,32,31,1,0.23838,NA,NA,NA,NA,NA,NA,0.11001574841309376,0.08416555313955684,0.17453735458888525,0.00825053858601311,-0.00716281574786406,0.36980637897968494,0,0,0,0,0,0,0.36980637897968494,1,0,0,0,0,0,0,0,1,0,0,C,0.3011983569402915,0.3011983569402915,0.08182421288223848,0.06011825224254059,0.13850383622214765,0.01650107717202622,0.00425097842133855,0,0,0,0,0,0.02819153553085528,0.024047300897016254,0.0360335183667376,-0.00825053858601311,-0.01141379416920261,0,0,0,0,0,0.0686080220393934,0,0.0686080220393934,0.0686080220393934,0.4328107283887869,0.35482546201232035,0.4052228725799193,-0.2799087704748083,-0.3730380633477197,0,0,0,0,0,0.5399122291584986,0.5399122291584986
Joe Mack,MIA,hitter,1.3405783244835,295,267,59,9,32,34,3,0.219425,NA,NA,NA,NA,NA,NA,0.11001574841309376,0.10821285403657308,0.19142806632329348,0.02475161575803933,-0.04472411819893171,0.3896841663320679,0,0,0,0,0,0,0.3896841663320679,1,0,0,0,0,0,0,0,1,0,0,C,0.3011983569402915,0.3011983569402915,0.08182421288223848,0.06011825224254059,0.13850383622214765,0.01650107717202622,0.00425097842133855,0,0,0,0,0,0.02819153553085528,0.048094601794032486,0.05292423010114583,0.008250538586013111,-0.04897509662027026,0,0,0,0,0,0.08848580939177643,0,0.08848580939177643,0.08848580939177643,0.4328107283887869,0.5211498973305952,0.8104457451598382,0.27990877047480833,-1.6006574960663953,0,0,0,0,0,0.4436576452876333,0.4436576452876333
Richard Fitts,STL,pitcher,-3.800499205450582,NA,NA,NA,NA,NA,NA,NA,NA,131,7,0,99,4.41493,1.33091,0,0,0,0,0,0,0.1717093802618933,0,0.2731991640488619,0.03253427159226087,0.02456264344420768,0.5020054593472237,0.5020054593472237,0,0,0,0,0,0,0,0,0,1,0,P,0.4486529493960002,0.4486529493960002,0,0,0,0,0,0.1422734865027116,0.03627746556510604,0.24091199011581463,0.01911506633562095,0.01007494087674703,0,0,0,0,0,0.029435893759181708,-0.03627746556510604,0.03228717393304728,0.013419205256639918,0.01448770256746065,0,0.05335250995122352,0.05335250995122352,0.05335250995122352,0,0,0,0,0,1.594488188976379,-4.025229357798171,0.8805084037126837,0.9454727444251726,1.0419640123933798,0.4372039917094436,0.4372039917094436
Liam Hicks,MIA,hitter,0.493326266042589,312,267,65,4,30,30,2,0.244343,NA,NA,NA,NA,NA,NA,0.1031397641372754,0.04809460179403248,0.1689071173440825,0.01650107717202622,0.00451027713119054,0.34115283757860715,0,0,0,0,0,0,0.34115283757860715,1,1,0,0,0,0,1,0,1,0,0,C,0.3011983569402915,0.3011983569402915,0.08182421288223848,0.06011825224254059,0.13850383622214765,0.01650107717202622,0.00425097842133855,0,0,0,0,0,0.02131555125503691,-0.01202365044850811,0.030403281121934855,0,2.592987098519904e-4,0,0,0,0,0,0.039954480638315644,0,0.039954480638315644,0.039954480638315644,0.32724713609883876,0.2993839835728953,-0.20261143628995934,0,0.008474683099923679,0,0,0,0,0,0.4324943664816983,0.4324943664816983
Jose Trevino,CIN,hitter,0.7566354619938562,282,261,63,7,29,29,1,0.240363,NA,NA,NA,NA,NA,NA,0.09970177199936622,0.08416555313955684,0.16327688009927974,0.00825053858601311,-0.00327826970608434,0.3521164741181315,0,0,0,0,0,0,0.3521164741181315,1,0,0,0,0,0,0,0,1,0,0,C,0.3011983569402915,0.3011983569402915,0.08182421288223848,0.06011825224254059,0.13850383622214765,0.01650107717202622,0.00425097842133855,0,0,0,0,0,0.01787755911712774,0.024047300897016254,0.024773043877132084,-0.00825053858601311,-0.0075292481274228905,0,0,0,0,0,0.05091811717784009,0,0.05091811717784009,0.05091811717784009,0.2744653399538649,0.24394250513347007,0.4052228725799193,-0.2799087704748083,-0.2460790950214324,0,0,0,0,0,0.3976428521710136,0.3976428521710136
Brad Lord,WSN,pitcher,-5.172646682883464,NA,NA,NA,NA,NA,NA,NA,NA,140,7,0,106,4.45913,1.35767,0,0,0,0,0,0,0.1717093802618933,0,0.29251627665837743,0.03200742022781356,0.01666091122894266,0.5128939883770269,0.5128939883770269,0,0,0,0,0,0,0,0,0,1,1,P,0.4486529493960002,0.4486529493960002,0,0,0,0,0,0.1422734865027116,0.03627746556510604,0.24091199011581463,0.01911506633562095,0.01007494087674703,0,0,0,0,0,0.029435893759181708,-0.03627746556510604,0.0516042865425628,0.01289235389219261,0.00658597035219563,0,0.0642410389810267,0.0642410389810267,0.0642410389810267,0,0,0,0,0,1.594488188976379,-4.025229357798171,1.4073083033698461,0.9083525427499156,0.47366682617369643,0.3585865034716658,0.3585865034716658
Jeremiah Estrada,SDP,pitcher,6.4367343552702625,NA,NA,NA,NA,NA,NA,NA,NA,70,5,0,95,3.28583,1.15426,0,0,0,0,0,0,0.1226495573299238,0,0.26216081398628166,0.05266310134447634,0.04477566730171989,0.4822491399624017,0.4822491399624017,0,0,0,0,0,0,0,0,0,0,1,P,0.4486529493960002,0.4486529493960002,0,0,0,0,0,0.1422734865027116,0.03627746556510604,0.24091199011581463,0.01911506633562095,0.01007494087674703,0,0,0,0,0,-0.019623929172787796,-0.03627746556510604,0.021248823870467032,0.03354803500885539,0.034700726424972864,0,0.03359619056640145,0.03359619056640145,0.03359619056640145,0,0,0,0,0,-1.062992125984252,-4.025229357798171,0.5794798896228778,2.3636834017573145,2.4956964688064516,0.35063827640422085,0.35063827640422085
Edmundo Sosa,PHI,hitter,-5.340725847027869,238,221,56,7,27,29,3,0.252735,NA,NA,NA,NA,NA,NA,0.09282578772354788,0.08416555313955684,0.16327688009927974,0.02475161575803933,0.01745789575388569,0.3824777324743094,0,0,0,0,0,0,0.3824777324743094,0,0,1,1,0,0,1,1,1,0,0,2B,0.3590039845822357,0.3590039845822357,0.09007539401322052,0.07695136287045197,0.14526012091591095,0.04125269293006554,0.00546441385258677,0,0,0,0,0,0.0027503937103273562,0.007214190269104873,0.018016759183368786,-0.01650107717202621,0.011993481901298921,0,0,0,0,0,0.023473747892073727,0,0.023473747892073727,0.023473747892073727,0.042225436915979395,0.17741273100616003,0.12156686177397573,-0.5598175409496161,0.3919840497324336,0,0,0,0,0,0.17337153847893266,0.17337153847893266
Harry Ford,WSN,hitter,-0.20263382892112003,245,211,49,5,28,25,4,0.23164,NA,NA,NA,NA,NA,NA,0.09626377986145704,0.06011825224254059,0.14075593112006873,0.03300215434405244,-0.01627073121730906,0.3138693863508098,0,0,0,0,0,0,0.3138693863508098,1,0,0,0,0,0,0,0,1,0,0,C,0.3011983569402915,0.3011983569402915,0.08182421288223848,0.06011825224254059,0.13850383622214765,0.01650107717202622,0.00425097842133855,0,0,0,0,0,0.014439566979218554,0,0.002252094897921081,0.01650107717202622,-0.02052170963864761,0,0,0,0,0,0.012671029410518241,0,0.012671029410518241,0.012671029410518241,0.2216835438088908,0.02217659137576983,0,0.5598175409496166,-0.6707128853647584,0,0,0,0,0,0.13296479076951884,0.13296479076951884
Christopher Morel,MIA,hitter,-0.4427913679079387,322,286,64,13,38,40,6,0.222914,NA,NA,NA,NA,NA,NA,0.13064370124054883,0.15630745583060557,0.22520948979211,0.04950323151607866,-0.04052240213587708,0.521141476243466,0,0,0,0,0,0,0.521141476243466,0,0,0,0,0,1,0,0,1,0,0,OF,0.5234999294017727,0.5234999294017727,0.1388948823715309,0.14668853547179908,0.2319657744858733,0.03960258521286292,-0.03365184814029351,0,0,0,0,0,-0.008251181130982055,0.009618920358806488,-0.006756284693763298,0.009900646303215743,-0.0068705539955835684,0,0,0,0,0,-0.0023584531583066906,0,-0.0023584531583066906,-0.0023584531583066906,-0.12667631074793798,-0.06652977412731004,0.16208914903196747,0.3358905245697703,-0.2245509353545217,0,0,0,0,0,0.08022265337196804,0.08022265337196804
Yohel Pozo,STL,hitter,-0.7170834481456942,173,165,44,5,18,22,1,0.264475,NA,NA,NA,NA,NA,NA,0.06188385848236524,0.06011825224254059,0.1238652193856605,0.00825053858601311,0.02736912636538026,0.2814869950619597,0,0,0,0,0,0,0.2814869950619597,1,0,0,0,0,0,0,0,1,0,0,C,0.3011983569402915,0.3011983569402915,0.08182421288223848,0.06011825224254059,0.13850383622214765,0.01650107717202622,0.00425097842133855,0,0,0,0,0,-0.019940354399873246,0,-0.01463861683648715,-0.00825053858601311,0.02311814794404171,0,0,0,0,0,-0.019711361878331793,0,-0.019711361878331793,-0.019711361878331793,-0.30613441764084925,-0.14414784394250513,0,-0.2799087704748083,0.7555725124692584,0,0,0,0,0,0.02538148041109578,0.02538148041109578
Sung-Mun Song,SDP,hitter,-4.877270861185371,301,273,66,6,33,30,6,0.242918,NA,NA,NA,NA,NA,NA,0.11345374055100296,0.07214190269104873,0.1689071173440825,0.04950323151607866,0.0017327641725858,0.40573875627479866,0,0,0,0,0,0,0.40573875627479866,0,0,0,1,0,0,1,0,1,0,0,3B,0.4172493965587398,0.4172493965587398,0.10864055155793008,0.09137974340866171,0.1756634020378458,0.03960258521286293,0.0019631143414393,0,0,0,0,0,0.004813188993072884,-0.01923784071761299,-0.006756284693763298,0.00990064630321573,-0.00023035016885350024,0,0,0,0,0,-0.011510640283941173,0,-0.011510640283941173,-0.011510640283941173,0.0738945146029641,-0.06652977412731004,-0.32417829806393517,0.3358905245697698,-0.007528555325869622,0,0,0,0,0,0.011548411655619074,0.011548411655619074
JJ Bleday,CIN,hitter,0.3265591247214109,336,295,68,14,42,43,2,0.229665,NA,NA,NA,NA,NA,NA,0.14439566979218557,0.16833110627911368,0.24210020152651823,0.01650107717202622,-0.02705972727394631,0.5442683274958974,0,0,0,0,0,0,0.5442683274958974,0,0,0,0,0,1,0,0,1,0,0,OF,0.5234999294017727,0.5234999294017727,0.1388948823715309,0.14668853547179908,0.2319657744858733,0.03960258521286292,-0.03365184814029351,0,0,0,0,0,0.005500787420654685,0.021642570807314604,0.010134427040644933,-0.0231015080408367,0.006592120866347202,0,0,0,0,0,0.020768398094124726,0,0.020768398094124726,0.020768398094124726,0.08445087383195836,0.09979466119096493,0.36470058532192695,-0.7837445573294628,0.21545088030162463,0,0,0,0,0,-0.019347556682987932,-0.019347556682987932
Thomas Saggese,STL,hitter,-8.299317917813847,196,180,45,4,21,21,2,0.249302,NA,NA,NA,NA,NA,NA,0.07219783489609279,0.04809460179403248,0.11823498214085774,0.01650107717202622,0.00964621356693771,0.26467470956994693,0,0,0,0,0,0,0.26467470956994693,0,0,1,0,1,0,0,1,1,0,0,SS,0.24912776719314625,0.24912776719314625,0.06738464590301993,0.04328514161462923,0.10021822295748894,0.0379524774956603,2.872792223478263e-4,0,0,0,0,0,0.004813188993072856,0.004809460179403251,0.0180167591833688,-0.021451400323634084,0.009358934344589884,0,0,0,0,0,0.015546942376800706,0,0.015546942376800706,0.015546942376800706,0.07389451460296367,0.17741273100616017,0.08104457451598386,-0.7277628032345014,0.3058788945331205,0,0,0,0,0,-0.08953208857627315,-0.08953208857627315
Bryce Elder,ATL,pitcher,-4.000743770290593,NA,NA,NA,NA,NA,NA,NA,NA,124,7,0,103,4.43519,1.35655,0,0,0,0,0,0,0.1717093802618933,0,0.2842375141114422,0.02967445402997192,0.01511228272876296,0.5007336311320704,0.5007336311320704,0,0,0,0,0,0,0,0,0,1,0,P,0.4486529493960002,0.4486529493960002,0,0,0,0,0,0.1422734865027116,0.03627746556510604,0.24091199011581463,0.01911506633562095,0.01007494087674703,0,0,0,0,0,0.029435893759181708,-0.03627746556510604,0.043325523995627585,0.010559387694350969,0.005037341852015929,0,0.05208068173607015,0.05208068173607015,0.05208068173607015,0,0,0,0,0,1.594488188976379,-4.025229357798171,1.181536917802491,0.7439794735897227,0.36228856186710034,-0.14293621556247826,-0.14293621556247826
Andre Pallante,STL,pitcher,-5.750224309697989,NA,NA,NA,NA,NA,NA,NA,NA,133,8,0,93,4.25189,1.42142,0,0,0,0,0,0,0.19623929172787807,0,0.25664163895499154,0.04270983218189132,-0.00587424467918351,0.48971651818557743,0.48971651818557743,0,0,0,0,0,0,0,0,0,1,0,P,0.4486529493960002,0.4486529493960002,0,0,0,0,0,0.1422734865027116,0.03627746556510604,0.24091199011581463,0.01911506633562095,0.01007494087674703,0,0,0,0,0,0.053965805225166474,-0.03627746556510604,0.015729648839176907,0.023594765846270366,-0.01594918555593054,0,0.04106356878957716,0.04106356878957716,0.04106356878957716,0,0,0,0,0,2.9232283464566953,-4.025229357798171,0.4289656325779748,1.6624090318392226,-1.147074720707546,-0.15770106763182434,-0.15770106763182434
Braxton Fulford,COL,hitter,-1.1877120103824073,186,165,40,5,22,22,2,0.244257,NA,NA,NA,NA,NA,NA,0.07563582703400196,0.06011825224254059,0.1238652193856605,0.01650107717202622,0.00268224090324752,0.27880261673747675,0,0,0,0,0,0,0.27880261673747675,1,0,0,0,0,0,0,0,1,0,0,C,0.3011983569402915,0.3011983569402915,0.08182421288223848,0.06011825224254059,0.13850383622214765,0.01650107717202622,0.00425097842133855,0,0,0,0,0,-0.006188385848236527,0,-0.01463861683648715,0,-0.0015687375180910299,0,0,0,0,0,-0.022395740202814707,0,-0.022395740202814707,-0.022395740202814707,-0.09500723306095327,-0.14414784394250513,0,0,-0.05127118966527406,0,0,0,0,0,-0.29042626666873245,-0.29042626666873245
Luis Torrens,NYM,hitter,-0.8783537546192628,218,199,49,6,21,24,1,0.244073,NA,NA,NA,NA,NA,NA,0.07219783489609279,0.07214190269104873,0.135125693875266,0.00825053858601311,0.0029639789241835,0.29067994897260413,0,0,0,0,0,0,0.29067994897260413,1,0,0,0,0,0,0,0,1,0,0,C,0.3011983569402915,0.3011983569402915,0.08182421288223848,0.06011825224254059,0.13850383622214765,0.01650107717202622,0.00425097842133855,0,0,0,0,0,-0.009626377986145698,0.012023650448508137,-0.003378142346881663,-0.00825053858601311,-0.0012869994971550498,0,0,0,0,0,-0.010518407967687384,0,-0.010518407967687384,-0.010518407967687384,-0.14778902920592712,-0.03326488706365516,0.2026114362899598,-0.2799087704748083,-0.042063120539149304,0,0,0,0,0,-0.30041437099358004,-0.30041437099358004
Kyle Leahy,STL,pitcher,-2.6438542214665937,NA,NA,NA,NA,NA,NA,NA,NA,123,6,0,102,4.16029,1.34868,0,0,0,0,0,0,0.14717946879590854,0,0.2814779265957971,0.04452753287911749,0.01746811667088853,0.4906530449417117,0.4906530449417117,0,0,0,0,0,0,0,0,0,0,1,P,0.4486529493960002,0.4486529493960002,0,0,0,0,0,0.1422734865027116,0.03627746556510604,0.24091199011581463,0.01911506633562095,0.01007494087674703,0,0,0,0,0,0.004905982293196942,-0.03627746556510604,0.040565936479982495,0.025412466543496538,0.007393175794141501,0,0.042000095545711436,0.042000095545711436,0.042000095545711436,0,0,0,0,0,0.2657480314960627,-4.025229357798171,1.106279789280039,1.7904782009056701,0.5317215120149665,-0.331001824101433,-0.331001824101433
Drey Jameson,ARI,pitcher,-0.9487660927988716,NA,NA,NA,NA,NA,NA,NA,NA,59,4,5,55,3.8838,1.33066,0,0,0,0,0,0,0.09811964586393904,0.06976435685597315,0.15177731336047884,0.02864004623548349,0.0111003185338914,0.359401680849766,0.359401680849766,0,0,0,0,0,0,0,0,0,0,1,P,0.4486529493960002,0.4486529493960002,0,0,0,0,0,0.1422734865027116,0.03627746556510604,0.24091199011581463,0.01911506633562095,0.01007494087674703,0,0,0,0,0,-0.04415384063877256,0.03348689129086711,-0.08913467675533579,0.009524979899862538,0.0010253776571443694,0,-0.08925126854623433,-0.08925126854623433,-0.08925126854623433,0,0,0,0,0,-2.3917322834645685,3.715596330275235,-2.4308052512751903,0.6710985273931629,0.07374575871375973,-0.3620969183576013,-0.3620969183576013
Carlos Santana,ARI,hitter,-4.187369169724988,357,312,70,10,38,40,3,0.224232,NA,NA,NA,NA,NA,NA,0.13064370124054883,0.1202365044850812,0.22520948979211,0.02475161575803933,-0.04116317126855849,0.4596781400072209,0,0,0,0,0,0,0.4596781400072209,0,1,0,0,0,0,1,0,1,0,0,1B,0.44297870877619505,0.44297870877619505,0.11345374055100294,0.11783177439537958,0.19480620867017517,0.03465226206125506,-0.01776527690161768,0,0,0,0,0,0.017189960689545897,0.002404730089701629,0.030403281121934828,-0.00990064630321573,-0.023397894366940813,0,0,0,0,0,0.01669943123102581,0,0.01669943123102581,0.01669943123102581,0.26390898072487,0.2993839835728951,0.040522287257991986,-0.3358905245697698,-0.7647154900172777,0,0,0,0,0,-0.4967907630312904,-0.4967907630312904
Miguel Rojas,LAD,hitter,-9.34366609128364,161,147,38,3,18,16,2,0.255963,NA,NA,NA,NA,NA,NA,0.06188385848236524,0.03607095134552436,0.090083795916844,0.01650107717202622,0.01512378453248465,0.2196634674492445,0,0,0,0,0,0,0.2196634674492445,0,0,1,1,1,0,1,1,1,0,0,SS,0.24912776719314625,0.24912776719314625,0.06738464590301993,0.04328514161462923,0.10021822295748894,0.0379524774956603,2.872792223478263e-4,0,0,0,0,0,-0.005500787420654692,-0.007214190269104866,-0.010134427040644947,-0.021451400323634084,0.014836505310136824,0,0,0,0,0,-0.029464299743901766,0,-0.029464299743901766,-0.029464299743901766,-0.08445087383195847,-0.09979466119096507,-0.1215668617739756,-0.7277628032345014,0.4849028399929747,0,0,0,0,0,-0.5486723600384258,-0.5486723600384258
Javier Sanoja,MIA,hitter,-7.942361199742585,203,187,48,3,21,21,5,0.257746,NA,NA,NA,NA,NA,NA,0.07219783489609279,0.03607095134552436,0.11823498214085774,0.04125269293006554,0.02170648616041686,0.2894629474729573,0,0,0,0,0,0,0.2894629474729573,0,0,1,1,0,1,1,1,1,0,1,2B,0.3590039845822357,0.3590039845822357,0.09007539401322052,0.07695136287045197,0.14526012091591095,0.04125269293006554,0.00546441385258677,0,0,0,0,0,-0.01787755911712774,-0.04088041152492761,-0.027025138775053206,0,0.01624207230783009,0,0,0,0,0,-0.06954103710927846,0,-0.06954103710927846,-0.06954103710927846,-0.2744653399538649,-0.2661190965092403,-0.6888788833858623,0,0.530841112836526,0,0,0,0,0,-0.6986222070124415,-0.6986222070124415
Dane Myers,CIN,hitter,-3.8988642835559304,231,210,51,6,25,27,8,0.244904,NA,NA,NA,NA,NA,NA,0.0859498034477295,0.07214190269104873,0.15201640560967425,0.06600430868810488,0.00441922796365983,0.38053164840021714,0,0,0,0,0,0,0.38053164840021714,0,0,0,0,0,1,0,0,1,0,0,OF,0.5234999294017727,0.5234999294017727,0.1388948823715309,0.14668853547179908,0.2319657744858733,0.03960258521286292,-0.03365184814029351,0,0,0,0,0,-0.05294507892380139,-0.07454663278075035,-0.07994936887619905,0.02640172347524196,0.03807107610395334,0,0,0,0,0,-0.1429682810015555,0,-0.1429682810015555,-0.1429682810015555,-0.8128396606326,-0.7872689938398357,-1.2561909049977493,0.8957080655193866,1.2442804109524765,0,0,0,0,0,-0.7163110829983219,-0.7163110829983219
Gregory Santos,SFG,pitcher,-2.0553543342255,NA,NA,NA,NA,NA,NA,NA,NA,54,3,6,51,3.63956,1.37801,0,0,0,0,0,0,0.07358973439795427,0.08371722822716778,0.14073896329789856,0.03209985119825857,0.003615001933065,0.3337607790543442,0.3337607790543442,0,0,0,0,0,0,0,0,0,0,1,P,0.4486529493960002,0.4486529493960002,0,0,0,0,0,0.1422734865027116,0.03627746556510604,0.24091199011581463,0.01911506633562095,0.01007494087674703,0,0,0,0,0,-0.06868375210475733,0.047439762662061735,-0.10017302681791607,0.012984784862637617,-0.00645993894368203,0,-0.11489217034165608,-0.11489217034165608,-0.11489217034165608,0,0,0,0,0,-3.720472440944885,5.263761467889915,-2.7318337653649967,0.9148649227027656,-0.4646025738196093,-0.7382823895368105,-0.7382823895368105
Jett Williams,MIL,hitter,-9.947180384053294,147,129,29,3,18,16,5,0.221827,NA,NA,NA,NA,NA,NA,0.06188385848236524,0.03607095134552436,0.090083795916844,0.04125269293006554,-0.01931526691458779,0.20997603176021137,0,0,0,0,0,0,0.20997603176021137,0,0,1,0,1,1,0,1,1,0,0,SS,0.24912776719314625,0.24912776719314625,0.06738464590301993,0.04328514161462923,0.10021822295748894,0.0379524774956603,2.872792223478263e-4,0,0,0,0,0,-0.005500787420654692,-0.007214190269104866,-0.010134427040644947,0.003300215434405236,-0.019602546136935614,0,0,0,0,0,-0.03915173543293488,0,-0.03915173543293488,-0.03915173543293488,-0.08445087383195847,-0.09979466119096507,-0.1215668617739756,0.11196350818992304,-0.6406717818109778,0,0,0,0,0,-0.834520670417954,-0.834520670417954
James McCann,ARI,hitter,-1.9074577313840215,200,184,44,5,21,22,1,0.23894,NA,NA,NA,NA,NA,NA,0.07219783489609279,0.06011825224254059,0.1238652193856605,0.00825053858601311,-0.00424872966763351,0.2601831154426735,0,0,0,0,0,0,0.2601831154426735,1,0,0,0,0,0,0,0,1,0,0,C,0.3011983569402915,0.3011983569402915,0.08182421288223848,0.06011825224254059,0.13850383622214765,0.01650107717202622,0.00425097842133855,0,0,0,0,0,-0.009626377986145698,0,-0.01463861683648715,-0.00825053858601311,-0.00849970808897206,0,0,0,0,0,-0.04101524149761802,0,-0.04101524149761802,-0.04101524149761802,-0.14778902920592712,-0.14414784394250513,0,-0.2799087704748083,-0.2777967253944792,0,0,0,0,0,-0.8496423690177197,-0.8496423690177197
Jose Tena,WSN,hitter,-8.051487563867157,217,198,50,4,23,22,6,0.252632,NA,NA,NA,NA,NA,NA,0.07907381917191114,0.04809460179403248,0.1238652193856605,0.04950323151607866,0.01549009075045328,0.31602696261813606,0,0,0,0,0,0,0.31602696261813606,0,0,0,1,0,0,1,0,1,0,0,3B,0.4172493965587398,0.4172493965587398,0.10864055155793008,0.09137974340866171,0.1756634020378458,0.03960258521286293,0.0019631143414393,0,0,0,0,0,-0.029566732386018937,-0.043285141614629236,-0.051798182652185304,0.00990064630321573,0.013526976409013979,0,0,0,0,0,-0.10122243394060376,0,-0.10122243394060376,-0.10122243394060376,-0.4539234468467763,-0.5100616016427105,-0.7294011706438543,0.3358905245697698,0.4421033889137844,0,0,0,0,0,-0.9153923056497868,-0.9153923056497868
Graham Pauley,MIA,hitter,-6.432705878236427,287,256,59,8,32,32,4,0.228685,NA,NA,NA,NA,NA,NA,0.11001574841309376,0.09618920358806496,0.180167591833688,0.03300215434405244,-0.02533890480478688,0.3940357933741123,0,0,0,0,0,0,0.3940357933741123,0,0,0,1,0,0,1,0,1,0,0,3B,0.4172493965587398,0.4172493965587398,0.10864055155793008,0.09137974340866171,0.1756634020378458,0.03960258521286293,0.0019631143414393,0,0,0,0,0,0.001375196855163685,0.004809460179403244,0.0045041897958421895,-0.006600430868810493,-0.027302019146226177,0,0,0,0,0,-0.023213603184627552,0,-0.023213603184627552,-0.023213603184627552,0.021112718457989805,0.04435318275153994,0.08104457451598374,-0.2239270163798468,-0.89231435198573406,0,0,0,0,0,-0.9697308926400674,-0.9697308926400674
Dalton Rushing,LAD,hitter,-2.0104709943765173,168,146,33,6,21,22,1,0.228556,NA,NA,NA,NA,NA,NA,0.07219783489609279,0.07214190269104873,0.1238652193856605,0.00825053858601311,-0.01459046974062318,0.26186502581819193,0,0,0,0,0,0,0.26186502581819193,1,0,0,0,0,0,0,0,1,0,0,C,0.3011983569402915,0.3011983569402915,0.08182421288223848,0.06011825224254059,0.13850383622214765,0.01650107717202622,0.00425097842133855,0,0,0,0,0,-0.009626377986145698,0.012023650448508137,-0.01463861683648715,-0.00825053858601311,-0.018841448161961732,0,0,0,0,0,-0.03933333112209955,0,-0.03933333112209955,-0.03933333112209955,-0.14778902920592712,-0.14414784394250513,0.2026114362899598,-0.2799087704748083,-0.6157967481111225,0,0,0,0,0,-0.9850309554444032,-0.9850309554444032
Otto Kemp,PHI,hitter,-7.007118440484501,238,211,49,7,29,30,4,0.234327,NA,NA,NA,NA,NA,NA,0.09970177199936622,0.08416555313955684,0.1689071173440825,0.03300215434405244,-0.0120751291822325,0.37370146764482554,0,0,0,0,0,0,0.37370146764482554,0,1,0,1,0,0,1,0,1,0,0,3B,0.4172493965587398,0.4172493965587398,0.10864055155793008,0.09137974340866171,0.1756634020378458,0.03960258521286293,0.0019631143414393,0,0,0,0,0,-0.008938779558563856,-0.007214190269104873,-0.006756284693763298,-0.006600430868810493,-0.014038243523671801,0,0,0,0,0,-0.04354792891391432,0,-0.04354792891391432,-0.04354792891391432,-0.13723266997693223,-0.06652977412731004,-0.12156686177397573,-0.2239270163798468,-0.4588131780932624,0,0,0,0,0,-1.0080695003513274,-1.0080695003513274
Andres Chaparro,WSN,hitter,-5.69102476050707,259,233,56,9,28,32,1,0.239374,NA,NA,NA,NA,NA,NA,0.09626377986145704,0.10821285403657308,0.180167591833688,0.00825053858601311,-0.0046318606058293,0.38826290371190186,0,0,0,0,0,0,0.38826290371190186,0,1,0,0,0,0,1,0,1,0,0,1B,0.44297870877619505,0.44297870877619505,0.11345374055100294,0.11783177439537958,0.19480620867017517,0.03465226206125506,-0.01776527690161768,0,0,0,0,0,-0.017189960689545897,-0.009618920358806501,-0.014638616836487178,-0.026401723475241952,0.01313341629578838,0,0,0,0,0,-0.05471580506429315,0,-0.05471580506429315,-0.05471580506429315,-0.26390898072487,-0.1441478439425054,-0.16208914903196772,-0.8957080655193864,0.42924062826888637,0,0,0,0,0,-1.0366134109498433,-1.0366134109498433
Heriberto Hernandez,MIA,hitter,-1.9377915128070424,336,295,66,11,38,41,3,0.222739,NA,NA,NA,NA,NA,NA,0.13064370124054883,0.1322601549335893,0.23083972703691277,0.02475161575803933,-0.04217961857083023,0.47631558039826,0,0,0,0,0,0,0.47631558039826,0,0,0,0,0,1,0,0,1,0,0,OF,0.5234999294017727,0.5234999294017727,0.1388948823715309,0.14668853547179908,0.2319657744858733,0.03960258521286292,-0.03365184814029351,0,0,0,0,0,-0.008251181130982055,-0.014428380538209773,-0.0011260474489605266,-0.014850969454823587,-0.008527770430536721,0,0,0,0,0,-0.04718434900351266,0,-0.04718434900351266,-0.04718434900351266,-0.12667631074793798,-0.01108829568788478,-0.24313372354795193,-0.5038357868546545,-0.2787138894325805,0,0,0,0,0,-1.1634480062710097,-1.1634480062710097
Abimelec Ortiz,WSN,hitter,-5.8880967282580094,273,246,56,10,32,32,1,0.228809,NA,NA,NA,NA,NA,NA,0.11001574841309376,0.1202365044850812,0.180167591833688,0.00825053858601311,-0.02412336776683939,0.3945470155510367,0,0,0,0,0,0,0.3945470155510367,0,1,0,0,0,1,1,0,1,0,0,1B,0.44297870877619505,0.44297870877619505,0.11345374055100294,0.11783177439537958,0.19480620867017517,0.03465226206125506,-0.01776527690161768,0,0,0,0,0,-0.003437992137909171,0.002404730089701629,-0.014638616836487178,-0.026401723475241952,-0.0063580908652217105,0,0,0,0,0,-0.04843169322515838,0,-0.04843169322515838,-0.04843169322515838,-0.05278179614497387,-0.1441478439425054,0.040522287257991986,-0.8957080655193864,-0.2078020566860138,0,0,0,0,0,-1.2599174750348874,-1.2599174750348874
Drew Millas,WSN,hitter,-3.547951611345952,141,127,32,2,15,14,3,0.247495,NA,NA,NA,NA,NA,NA,0.0515698820686377,0.02404730089701624,0.0788233214272385,0.02475161575803933,0.0051076723042914,0.1842997924552232,0,0,0,0,0,0,0.1842997924552232,1,0,0,0,0,0,0,0,1,0,0,C,0.3011983569402915,0.3011983569402915,0.08182421288223848,0.06011825224254059,0.13850383622214765,0.01650107717202622,0.00425097842133855,0,0,0,0,0,-0.030254330813600787,-0.03607095134552435,-0.059680514794909156,0.008250538586013111,8.566938829528501e-4,0,0,0,0,0,-0.11689856448506833,0,-0.11689856448506833,-0.11689856448506833,-0.46447980607577133,-0.5876796714579056,-0.6078343088698784,0.27990877047480833,0.027999403374635738,0,0,0,0,0,-1.3520856125541112,-1.3520856125541112
Miles Mikolas,WSN,pitcher,-7.895471441569855,NA,NA,NA,NA,NA,NA,NA,NA,141,7,0,93,4.7664,1.33551,0,0,0,0,0,0,0.1717093802618933,0,0.25664163895499154,0.01289778393767749,0.0247775053425941,0.4660263084971564,0.4660263084971564,0,0,0,0,0,0,0,0,0,1,0,P,0.4486529493960002,0.4486529493960002,0,0,0,0,0,0.1422734865027116,0.03627746556510604,0.24091199011581463,0.01911506633562095,0.01007494087674703,0,0,0,0,0,0.029435893759181708,-0.03627746556510604,0.015729648839176907,-0.0062172823979434605,0.01470256446584707,0,0.017373359101156186,0.017373359101156186,0.017373359101156186,0,0,0,0,0,1.594488188976379,-4.025229357798171,0.4289656325779748,-0.4380491198419751,1.0574170053514216,-1.382407650734371,-1.382407650734371
Tyrone Taylor,NYM,hitter,-4.331145358272479,273,251,58,6,31,28,7,0.231918,NA,NA,NA,NA,NA,NA,0.10657775627518458,0.07214190269104873,0.157646642854477,0.05775377010209177,-0.01883885802839492,0.3752812138944072,0,0,0,0,0,0,0.3752812138944072,0,0,0,0,0,1,0,0,1,0,0,OF,0.5234999294017727,0.5234999294017727,0.1388948823715309,0.14668853547179908,0.2319657744858733,0.03960258521286292,-0.03365184814029351,0,0,0,0,0,-0.03231712609634631,-0.07454663278075035,-0.0743191316313963,0.01815118488922885,0.014812990111898593,0,0,0,0,0,-0.1482187155073655,0,-0.1482187155073655,-0.1482187155073655,-0.4961488837627559,-0.7318275154004108,-1.2561909049977493,0.6157992950445785,0.48413429064996155,0,0,0,0,0,-1.3842337184663762,-1.3842337184663762
Jose Fermin,STL,hitter,-9.076684842081432,168,144,35,3,20,17,6,0.242445,NA,NA,NA,NA,NA,NA,0.0687598427581836,0.03607095134552436,0.09571403316164674,0.04950323151607866,4.099422530551e-4,0.25045800103448845,0,0,0,0,0,0,0.25045800103448845,0,0,1,0,0,0,0,1,1,0,0,2B,0.3590039845822357,0.3590039845822357,0.09007539401322052,0.07695136287045197,0.14526012091591095,0.04125269293006554,0.00546441385258677,0,0,0,0,0,-0.021315551255036924,-0.04088041152492761,-0.04954608775426421,0.008250538586013122,-0.00505447159953167,0,0,0,0,0,-0.10854598354774729,0,-0.10854598354774729,-0.10854598354774729,-0.327247136098839,-0.48788501026694053,-0.6888788833858623,0.27990877047480867,-0.16519575075420084,0,0,0,0,0,-1.389298010031034,-1.389298010031034
Justin Steele,CHC,pitcher,3.4788008947471165,NA,NA,NA,NA,NA,NA,NA,NA,81,5,0,76,3.57939,1.20046,0,0,0,0,0,0,0.1226495573299238,0,0.2097286511890253,0.05032519705524193,0.04223335179315869,0.4249367573673497,0.4249367573673497,0,0,0,0,0,0,0,0,0,1,0,P,0.4486529493960002,0.4486529493960002,0,0,0,0,0,0.1422734865027116,0.03627746556510604,0.24091199011581463,0.01911506633562095,0.01007494087674703,0,0,0,0,0,-0.019623929172787796,-0.03627746556510604,-0.031183338926789317,0.03121013071962098,0.03215841091641165,0,-0.023716192028650523,-0.023716192028650523,-0.023716192028650523,0,0,0,0,0,-1.062992125984252,-4.025229357798171,-0.8504055523037047,2.198962411037532,2.3128516557151055,-1.4268129693334899,-1.4268129693334899
Casey Schmitt,SFG,hitter,-8.006721553219052,203,185,46,6,22,24,1,0.247597,NA,NA,NA,NA,NA,NA,0.07563582703400196,0.07214190269104873,0.135125693875266,0.00825053858601311,0.00757995205133609,0.2987339142376659,0,0,0,0,0,0,0.2987339142376659,0,0,1,1,0,0,1,1,1,0,0,2B,0.3590039845822357,0.3590039845822357,0.09007539401322052,0.07695136287045197,0.14526012091591095,0.04125269293006554,0.00546441385258677,0,0,0,0,0,-0.014439566979218568,-0.004809460179403244,-0.010134427040644961,-0.03300215434405243,0.00211553819874932,0,0,0,0,0,-0.06027007034456988,0,-0.06027007034456988,-0.06027007034456988,-0.22168354380889102,-0.09979466119096521,-0.08104457451598374,-1.1196350818992329,0.06914232558433311,0,0,0,0,0,-1.4530155358307397,-1.4530155358307397
Dylan Moore,PHI,hitter,-12.168604587422209,84,73,16,3,11,9,5,0.213616,NA,NA,NA,NA,NA,NA,0.03781791351700098,0.03607095134552436,0.05067213520322475,0.04125269293006554,-0.01536605415906754,0.15044763883674808,0,0,0,0,0,0,0.15044763883674808,0,0,1,0,1,1,0,1,1,0,0,SS,0.24912776719314625,0.24912776719314625,0.06738464590301993,0.04328514161462923,0.10021822295748894,0.0379524774956603,2.872792223478263e-4,0,0,0,0,0,-0.02956673238601895,-0.007214190269104866,-0.049546087754264195,0.003300215434405236,-0.015653333381415366,0,0,0,0,0,-0.09868012835639814,0,-0.09868012835639814,-0.09868012835639814,-0.45392344684677655,-0.4878850102669404,-0.1215668617739756,0.11196350818992304,-0.5115993054522855,0,0,0,0,0,-1.4630111161500552,-1.4630111161500552
Griffin Conine,MIA,hitter,-2.125036017229641,378,336,74,12,41,44,1,0.221724,NA,NA,NA,NA,NA,NA,0.1409576776542764,0.14428380538209745,0.247730438771321,0.00825053858601311,-0.05056563896804318,0.49065682142566486,0,0,0,0,0,0,0.49065682142566486,0,0,0,0,0,1,0,0,1,0,0,OF,0.5234999294017727,0.5234999294017727,0.1388948823715309,0.14668853547179908,0.2319657744858733,0.03960258521286292,-0.03365184814029351,0,0,0,0,0,0.0020627952827455,-0.002404730089701629,0.015764664285447705,-0.03135204662684981,-0.016913790827749672,0,0,0,0,0,-0.032843107976107906,0,-0.032843107976107906,-0.032843107976107906,0.03166907768698428,0.15523613963039018,-0.040522287257991986,-1.0636533278042712,-0.5527949497527128,0,0,0,0,0,-1.4700653474976015,-1.4700653474976015
Hyeseong Kim,LAD,hitter,-9.77498041498244,133,124,31,2,15,15,7,0.24919,NA,NA,NA,NA,NA,NA,0.0515698820686377,0.02404730089701624,0.08445355867204125,0.05775377010209177,0.0065423952008721,0.22436690694065903,0,0,0,0,0,0,0.22436690694065903,0,0,1,0,0,0,0,1,1,0,0,2B,0.3590039845822357,0.3590039845822357,0.09007539401322052,0.07695136287045197,0.14526012091591095,0.04125269293006554,0.00546441385258677,0,0,0,0,0,-0.03850551194458283,-0.05290406197343573,-0.0608065622438697,0.01650107717202623,0.0010779813482853298,0,0,0,0,0,-0.1346370776415767,0,-0.1346370776415767,-0.1346370776415767,-0.591156116823709,-0.5987679671457905,-0.8914903196758219,0.5598175409496169,0.0352317615446728,0,0,0,0,0,-1.4863651011510315,-1.4863651011510315
Robert Hassell III,WSN,hitter,-4.85070226590281,273,249,60,5,28,26,6,0.241822,NA,NA,NA,NA,NA,NA,0.09626377986145704,0.06011825224254059,0.1463861683648715,0.04950323151607866,-4.3911421868008424e-4,0.3518323177662677,0,0,0,0,0,0,0.3518323177662677,0,0,0,0,0,1,0,0,1,0,0,OF,0.5234999294017727,0.5234999294017727,0.1388948823715309,0.14668853547179908,0.2319657744858733,0.03960258521286292,-0.03365184814029351,0,0,0,0,0,-0.04263110251007385,-0.0865702832292585,-0.0855796061210018,0.009900646303215743,0.033212733921613426,0,0,0,0,0,-0.17166761163550498,0,-0.17166761163550498,-0.17166761163550498,-0.654494272197678,-0.8427104722792608,-1.4588023412877091,0.3358905245697703,1.0854947756138966,0,0,0,0,0,-1.534621785580981,-1.534621785580981
Dominic Smith,ATL,hitter,-7.311568844357963,238,214,52,6,26,26,2,0.244181,NA,NA,NA,NA,NA,NA,0.08938779558563868,0.07214190269104873,0.1463861683648715,0.01650107717202622,0.00335842812236369,0.3277753719359488,0,0,0,0,0,0,0.3277753719359488,0,1,0,0,0,0,1,0,1,0,0,1B,0.44297870877619505,0.44297870877619505,0.11345374055100294,0.11783177439537958,0.19480620867017517,0.03465226206125506,-0.01776527690161768,0,0,0,0,0,-0.024065944965364253,-0.04568987170433085,-0.04842004030530367,-0.01815118488922884,0.02112370502398137,0,0,0,0,0,-0.11520333684024625,0,-0.11520333684024625,-0.11520333684024625,-0.36947257301481795,-0.47679671457905565,-0.7699234579018461,-0.6157992950445782,0.6903879547904109,0,0,0,0,0,-1.5416040857498867,-1.5416040857498867
Kyle Freeland,COL,pitcher,-13.172741548894033,NA,NA,NA,NA,NA,NA,NA,NA,160,8,0,118,5.01807,1.41976,0,0,0,0,0,0,0.19623929172787807,0,0.3256313268461183,-0.00333758908625044,-0.00638693383100031,0.5121460956567455,0.5121460956567455,0,0,0,0,0,0,0,0,0,1,0,P,0.4486529493960002,0.4486529493960002,0,0,0,0,0,0.1422734865027116,0.03627746556510604,0.24091199011581463,0.01911506633562095,0.01007494087674703,0,0,0,0,0,0.053965805225166474,-0.03627746556510604,0.08471933673030366,-0.02245265542187139,-0.01646187470774734,0,0.06349314626074537,0.06349314626074537,0.06349314626074537,0,0,0,0,0,2.9232283464566953,-4.025229357798171,2.310393845639267,-1.5819397151590273,-1.1839476233123671,-1.5574945041736032,-1.5574945041736032
Gregory Soto,PIT,pitcher,-0.6266785546565323,NA,NA,NA,NA,NA,NA,NA,NA,61,3,4,66,3.69192,1.29789,0,0,0,0,0,0,0.07358973439795427,0.05581148548477852,0.18213277603257463,0.03483531044285078,0.01659314098923379,0.362962447347392,0.362962447347392,0,0,0,0,0,0,0,0,0,0,1,P,0.4486529493960002,0.4486529493960002,0,0,0,0,0,0.1422734865027116,0.03627746556510604,0.24091199011581463,0.01911506633562095,0.01007494087674703,0,0,0,0,0,-0.06868375210475733,0.019534019919672477,-0.058779214083239995,0.015720244107229827,0.006518200112486761,0,-0.08569050204860826,-0.08569050204860826,-0.08569050204860826,0,0,0,0,0,-3.720472440944885,2.167431192660553,-1.602976837528221,1.1075963184736206,0.4687927510358955,-1.5796290163030366,-1.5796290163030366
Gary Sanchez,MIL,hitter,-3.1267959868875748,144,128,28,7,16,20,0,0.221873,NA,NA,NA,NA,NA,NA,0.05500787420654688,0.08416555313955684,0.112604744896055,0,-0.01912196371463851,0.2326562085275202,0,0,0,0,0,0,0.2326562085275202,1,0,0,0,0,0,0,0,1,0,0,C,0.3011983569402915,0.3011983569402915,0.08182421288223848,0.06011825224254059,0.13850383622214765,0.01650107717202622,0.00425097842133855,0,0,0,0,0,-0.026816338675691602,0.024047300897016254,-0.025899091326092652,-0.01650107717202622,-0.02337294213597706,0,0,0,0,0,-0.06854214841277127,0,-0.06854214841277127,-0.06854214841277127,-0.41169800993079725,-0.25503080082135526,0.4052228725799193,-0.5598175409496166,-0.7638999740042031,0,0,0,0,0,-1.5852234531260527,-1.5852234531260527
Calvin Faucher,MIA,pitcher,-2.962744051681295,NA,NA,NA,NA,NA,NA,NA,NA,64,3,5,64,4.00073,1.3821,0,0,0,0,0,0,0.07358973439795427,0.06976435685597315,0.17661360100128448,0.02772687965654082,0.0036144488697204,0.35130902078147314,0.35130902078147314,0,0,0,0,0,0,0,0,0,0,1,P,0.4486529493960002,0.4486529493960002,0,0,0,0,0,0.1422734865027116,0.03627746556510604,0.24091199011581463,0.01911506633562095,0.01007494087674703,0,0,0,0,0,-0.06868375210475733,0.03348689129086711,-0.06429838911453015,0.00861181332091987,-0.00646049200702663,0,-0.09734392861452712,-0.09734392861452712,-0.09734392861452712,0,0,0,0,0,-3.720472440944885,3.715596330275235,-1.7534910945731246,0.60675983557063,-0.46464235045769,-1.6162497201298347,-1.6162497201298347
Kyle Karros,COL,hitter,-8.586672943568548,217,194,51,3,25,22,2,0.261042,NA,NA,NA,NA,NA,NA,0.0859498034477295,0.03607095134552436,0.1238652193856605,0.01650107717202622,0.02725090162632417,0.28963795297726475,0,0,0,0,0,0,0.28963795297726475,0,0,0,1,0,0,1,0,1,0,0,3B,0.4172493965587398,0.4172493965587398,0.10864055155793008,0.09137974340866171,0.1756634020378458,0.03960258521286293,0.0019631143414393,0,0,0,0,0,-0.02269074811020058,-0.05530879206313735,-0.051798182652185304,-0.023101508040836712,0.02528778728488487,0,0,0,0,0,-0.12761144358147508,0,-0.12761144358147508,-0.12761144358147508,-0.34835985455682833,-0.5100616016427105,-0.9320126069338138,-0.7837445573294632,0.826483030555787,0,0,0,0,0,-1.7476955899070292,-1.7476955899070292
Orion Kerkering,PHI,pitcher,3.2734144996283603,NA,NA,NA,NA,NA,NA,NA,NA,63,5,1,70,3.48763,1.21254,0,0,0,0,0,0,0.1226495573299238,0.01395287137119463,0.1931711260951549,0.04172213116119547,0.03090021333188634,0.4023958992893552,0.4023958992893552,0,0,0,0,0,0,0,0,0,0,1,P,0.4486529493960002,0.4486529493960002,0,0,0,0,0,0.1422734865027116,0.03627746556510604,0.24091199011581463,0.01911506633562095,0.01007494087674703,0,0,0,0,0,-0.019623929172787796,-0.02232459419391141,-0.04774086402065972,0.022607064825574518,0.02082527245513931,0,-0.0462570501066451,-0.0462570501066451,-0.0462570501066451,0,0,0,0,0,-1.062992125984252,-2.47706422018349,-1.3019483234384144,1.5928188901840918,1.4977657323859346,-1.7514200470361299,-1.7514200470361299
Blaine Crim,COL,hitter,-7.740304172721318,175,157,41,6,21,22,1,0.259024,NA,NA,NA,NA,NA,NA,0.07219783489609279,0.07214190269104873,0.1238652193856605,0.00825053858601311,0.01970898512863843,0.29616448068745355,0,0,0,0,0,0,0.29616448068745355,0,1,0,0,0,0,1,0,1,0,0,1B,0.44297870877619505,0.44297870877619505,0.11345374055100294,0.11783177439537958,0.19480620867017517,0.03465226206125506,-0.01776527690161768,0,0,0,0,0,-0.04125590565491015,-0.04568987170433085,-0.07094098928451467,-0.026401723475241952,0.03747426203025611,0,0,0,0,0,-0.1468142280887415,0,-0.1468142280887415,-0.1468142280887415,-0.633381553739688,-0.6985626283367559,-0.7699234579018461,-0.8957080655193864,1.2247746828019372,0,0,0,0,0,-1.772801022695739,-1.772801022695739
Caleb Thielbar,CHC,pitcher,2.2198711184329705,NA,NA,NA,NA,NA,NA,NA,NA,66,5,1,69,3.62905,1.21363,0,0,0,0,0,0,0.1226495573299238,0.01395287137119463,0.19041153857950985,0.03954276845837733,0.03218751527078169,0.3987442510097873,0.3987442510097873,0,0,0,0,0,0,0,0,0,0,1,P,0.4486529493960002,0.4486529493960002,0,0,0,0,0,0.1422734865027116,0.03627746556510604,0.24091199011581463,0.01911506633562095,0.01007494087674703,0,0,0,0,0,-0.019623929172787796,-0.02232459419391141,-0.05050045153630478,0.020427702122756377,0.02211257439403466,0,-0.04990869838621295,-0.04990869838621295,-0.04990869838621295,0,0,0,0,0,-1.062992125984252,-2.47706422018349,-1.3772054519608659,1.4392682143933802,1.5903492380982747,-1.8876443456369536,-1.8876443456369536
Will Benson,CIN,hitter,-4.934618159789667,217,190,43,8,27,26,5,0.224978,NA,NA,NA,NA,NA,NA,0.09282578772354788,0.09618920358806496,0.1463861683648715,0.04125269293006554,-0.02401840977769393,0.35263544282885595,0,0,0,0,0,0,0.35263544282885595,0,0,0,0,0,1,0,0,1,0,0,OF,0.5234999294017727,0.5234999294017727,0.1388948823715309,0.14668853547179908,0.2319657744858733,0.03960258521286292,-0.03365184814029351,0,0,0,0,0,-0.046069094647983005,-0.05049933188373412,-0.0855796061210018,0.0016501077172026216,0.00963343836259958,0,0,0,0,0,-0.17086448657291672,0,-0.17086448657291672,-0.17086448657291672,-0.7072760683426517,-0.8427104722792608,-0.8509680324178304,0.05598175409496164,0.3148505340897377,0,0,0,0,0,-2.0301222848550435,-2.0301222848550435
Chris Paddack,MIA,pitcher,-7.120815974194118,NA,NA,NA,NA,NA,NA,NA,NA,131,6,0,101,4.82531,1.32228,0,0,0,0,0,0,0.14717946879590854,0,0.2787183390801521,0.00853845019121439,0.02745633494475098,0.461892593012026,0.461892593012026,0,0,0,0,0,0,0,0,0,1,0,P,0.4486529493960002,0.4486529493960002,0,0,0,0,0,0.1422734865027116,0.03627746556510604,0.24091199011581463,0.01911506633562095,0.01007494087674703,0,0,0,0,0,0.004905982293196942,-0.03627746556510604,0.03780634896433746,-0.010576616144406562,0.01738139406800395,0,0.013239643616025752,0.013239643616025752,0.013239643616025752,0,0,0,0,0,0.2657480314960627,-4.025229357798171,1.031022660757588,-0.745193333102617,1.2500799916174892,-2.2235720070296487,-2.2235720070296487
Jhostynxon Garcia,PIT,hitter,-4.926273274068467,273,250,58,7,31,29,3,0.231076,NA,NA,NA,NA,NA,NA,0.10657775627518458,0.08416555313955684,0.16327688009927974,0.02475161575803933,-0.02032154745804915,0.3584502578140113,0,0,0,0,0,0,0.3584502578140113,0,0,0,0,0,1,0,0,1,0,0,OF,0.5234999294017727,0.5234999294017727,0.1388948823715309,0.14668853547179908,0.2319657744858733,0.03960258521286292,-0.03365184814029351,0,0,0,0,0,-0.03231712609634631,-0.06252298233224224,-0.06868889438659356,-0.014850969454823587,0.013330300682244361,0,0,0,0,0,-0.16504967158776135,0,-0.16504967158776135,-0.16504967158776135,-0.4961488837627559,-0.6763860369609858,-1.0535794687077897,-0.5038357868546545,0.43567541841300145,0,0,0,0,0,-2.2942747578731844,-2.2942747578731844
Tony Santillan,CIN,pitcher,-3.24321557304006,NA,NA,NA,NA,NA,NA,NA,NA,70,3,4,73,4.26536,1.33875,0,0,0,0,0,0,0.07358973439795427,0.05581148548477852,0.20144988864209012,0.02205799310951528,0.01172037452269972,0.3646294761570379,0.3646294761570379,0,0,0,0,0,0,0,0,0,0,1,P,0.4486529493960002,0.4486529493960002,0,0,0,0,0,0.1422734865027116,0.03627746556510604,0.24091199011581463,0.01911506633562095,0.01007494087674703,0,0,0,0,0,-0.06868375210475733,0.019534019919672477,-0.039462101473724503,0.002942926773894329,0.0016454336459526906,0,-0.08402347323896232,-0.08402347323896232,-0.08402347323896232,0,0,0,0,0,-3.720472440944885,2.167431192660553,-1.076176937871059,0.20734887054353768,0.11834054681069019,-2.303528768801163,-2.303528768801163
Esteury Ruiz,MIA,hitter,-7.914573188274323,112,99,24,2,15,12,10,0.245713,NA,NA,NA,NA,NA,NA,0.0515698820686377,0.02404730089701624,0.067562846937633,0.08250538586013109,0.00267604071069512,0.22836145647411316,0,0,0,0,0,0,0.22836145647411316,0,0,0,0,0,1,0,0,1,0,0,OF,0.5234999294017727,0.5234999294017727,0.1388948823715309,0.14668853547179908,0.2319657744858733,0.03960258521286292,-0.03365184814029351,0,0,0,0,0,-0.0873250003028932,-0.12264123457478285,-0.16440292754824032,0.042902800647268174,0.03632788885098863,0,0,0,0,0,-0.29513847292765955,0,-0.29513847292765955,-0.29513847292765955,-1.3406576220823403,-1.6188911704312117,-2.0666366501575877,1.455525606469003,1.1873076648823748,0,0,0,0,0,-2.3833521713197623,-2.3833521713197623
Charlie Condon,COL,hitter,-8.91309293653382,203,182,44,5,22,23,1,0.243942,NA,NA,NA,NA,NA,NA,0.07563582703400196,0.06011825224254059,0.12949545663046325,0.00825053858601311,0.00253433883828515,0.276034413331304,0,0,0,0,0,0,0.276034413331304,0,1,0,0,0,0,1,0,1,0,0,1B,0.44297870877619505,0.44297870877619505,0.11345374055100294,0.11783177439537958,0.19480620867017517,0.03465226206125506,-0.01776527690161768,0,0,0,0,0,-0.03781791351700098,-0.05771352215283899,-0.06531075203971193,-0.026401723475241952,0.02029961573990283,0,0,0,0,0,-0.166944295444891,0,-0.166944295444891,-0.166944295444891,-0.580599757594714,-0.6431211498973309,-0.9725348941918059,-0.8957080655193864,0.663454170458838,0,0,0,0,0,-2.428509696744399,-2.428509696744399
Jesse Winker,NA,hitter,NA,231,195,47,6,26,25,3,0.239214,NA,NA,NA,NA,NA,NA,0.08938779558563868,0.07214190269104873,0.14075593112006873,0.02475161575803933,-0.00410733647985951,0.322929908674936,0,0,0,0,0,0,0.322929908674936,0,0,0,0,0,0,0,0,0,0,0,Util,0.5234999294017727,0.5234999294017727,0.1388948823715309,0.14668853547179908,0.2319657744858733,0.03960258521286292,-0.03365184814029351,0,0,0,0,0,-0.049507086785892204,-0.07454663278075035,-0.09120984336580457,-0.014850969454823587,0.029544511660434,0,0,0,0,0,-0.20057002072683672,0,-0.20057002072683672,-0.20057002072683672,-0.7600578644876259,-0.898151950718686,-1.2561909049977493,-0.5038357868546545,0.9656059369022586,0,0,0,0,0,-2.4526305701564572,-2.4526305701564572
Lucas Giolito,NA,pitcher,NA,NA,NA,NA,NA,NA,NA,NA,NA,124,6,0,111,4.67508,1.38574,0,0,0,0,0,0,0.14717946879590854,0,0.30631421423660277,0.01639708678830477,0.00584769885420294,0.475738468675019,0.475738468675019,0,0,0,0,0,0,0,0,0,0,0,P,0.4486529493960002,0.4486529493960002,0,0,0,0,0,0.1422734865027116,0.03627746556510604,0.24091199011581463,0.01911506633562095,0.01007494087674703,0,0,0,0,0,0.004905982293196942,-0.03627746556510604,0.06540222412078814,-0.002717979547316181,-0.00422724202254409,0,0.02708551927901877,0.02708551927901877,0.02708551927901877,0,0,0,0,0,0.2657480314960627,-4.025229357798171,1.7835939459821042,-0.1914998342111933,-0.30402570998805184,-2.471412924519249,-2.471412924519249
Tyler Locklear,ARI,hitter,-9.684125668123595,154,137,33,4,18,19,3,0.244237,NA,NA,NA,NA,NA,NA,0.06188385848236524,0.04809460179403248,0.10697450765125224,0.02475161575803933,0.00220679616889492,0.2439113798545842,0,0,0,0,0,0,0.2439113798545842,0,1,0,0,0,0,1,0,1,0,0,1B,0.44297870877619505,0.44297870877619505,0.11345374055100294,0.11783177439537958,0.19480620867017517,0.03465226206125506,-0.01776527690161768,0,0,0,0,0,-0.0515698820686377,-0.0697371726013471,-0.08783170101892293,-0.00990064630321573,0.0199720730705126,0,0,0,0,0,-0.19906732892161086,0,-0.19906732892161086,-0.19906732892161086,-0.79172694217461,-0.8648870636550311,-1.1751463304817653,-0.3358905245697698,0.6527490638797512,0,0,0,0,0,-2.514901797001425,-2.514901797001425
Alex Vesia,LAD,pitcher,2.78906630692547,NA,NA,NA,NA,NA,NA,NA,NA,61,4,1,77,3.54761,1.1854,0,0,0,0,0,0,0.09811964586393904,0.01395287137119463,0.2124882387046704,0.0387645128348525,0.03415675519731558,0.3974820239719722,0.3974820239719722,0,0,0,0,0,0,0,0,0,0,1,P,0.4486529493960002,0.4486529493960002,0,0,0,0,0,0.1422734865027116,0.03627746556510604,0.24091199011581463,0.01911506633562095,0.01007494087674703,0,0,0,0,0,-0.04415384063877256,-0.02232459419391141,-0.028423751411144227,0.01964944649923155,0.024081814320568547,0,-0.05117092542402811,-0.05117092542402811,-0.05117092542402811,0,0,0,0,0,-2.3917322834645685,-2.47706422018349,-0.7751484237812525,1.3844349015282793,1.731978121329561,-2.52753190457147,-2.52753190457147
Graham Ashcraft,CIN,pitcher,-0.43158052865235574,NA,NA,NA,NA,NA,NA,NA,NA,65,5,2,59,3.88349,1.28524,0,0,0,0,0,0,0.1226495573299238,0.02790574274238926,0.16281566342305914,0.03156158731660118,0.01978583738951286,0.3647183882014863,0.3647183882014863,0,0,0,0,0,0,0,0,0,0,1,P,0.4486529493960002,0.4486529493960002,0,0,0,0,0,0.1422734865027116,0.03627746556510604,0.24091199011581463,0.01911506633562095,0.01007494087674703,0,0,0,0,0,-0.019623929172787796,-0.008371722822716782,-0.07809632669275549,0.012446520980980227,0.00971089651276583,0,-0.083934561194514,-0.083934561194514,-0.083934561194514,0,0,0,0,0,-1.062992125984252,-0.928899082568809,-2.1297767371853826,0.8769406328746668,0.6984133369154251,-2.546313975948352,-2.546313975948352
Tim Tawa,ARI,hitter,-10.353223682362636,168,151,34,5,18,18,3,0.223312,NA,NA,NA,NA,NA,NA,0.06188385848236524,0.06011825224254059,0.1013442704064495,0.02475161575803933,-0.0209499568889406,0.22714804000045408,0,0,0,0,0,0,0.22714804000045408,0,1,1,0,0,1,1,1,1,0,0,2B,0.3590039845822357,0.3590039845822357,0.09007539401322052,0.07695136287045197,0.14526012091591095,0.04125269293006554,0.00546441385258677,0,0,0,0,0,-0.028191535530855287,-0.01683311062791138,-0.04391585050946145,-0.01650107717202621,-0.02641437074152737,0,0,0,0,0,-0.13185594458178168,0,-0.13185594458178168,-0.13185594458178168,-0.43281072838878704,-0.43244353182751544,-0.28365601080594355,-0.5598175409496161,-0.8633032591875126,0,0,0,0,0,-2.572031071159375,-2.572031071159375
Jon Berti,NA,hitter,NA,147,132,33,2,17,12,8,0.248569,NA,NA,NA,NA,NA,NA,0.05844586634445606,0.02404730089701624,0.067562846937633,0.06600430868810488,0.00635787502995647,0.22241819789716663,0,0,0,0,0,0,0.22241819789716663,0,0,0,0,0,0,0,0,0,0,0,Util,0.5234999294017727,0.5234999294017727,0.1388948823715309,0.14668853547179908,0.2319657744858733,0.03960258521286292,-0.03365184814029351,0,0,0,0,0,-0.08044901602707483,-0.12264123457478285,-0.16440292754824032,0.02640172347524196,0.04000972317024998,0,0,0,0,0,-0.30108173150460604,0,-0.30108173150460604,-0.30108173150460604,-1.235094029792392,-1.6188911704312117,-2.0666366501575877,0.8957080655193866,1.3076413877149091,0,0,0,0,0,-2.717272397146896,-2.717272397146896
Blake Perkins,MIL,hitter,-7.068122143040524,217,190,42,4,25,21,7,0.22305,NA,NA,NA,NA,NA,NA,0.0859498034477295,0.04809460179403248,0.11823498214085774,0.05775377010209177,-0.02672925546350301,0.2833039020212085,0,0,0,0,0,0,0.2833039020212085,0,0,0,0,0,1,0,0,1,0,0,OF,0.5234999294017727,0.5234999294017727,0.1388948823715309,0.14668853547179908,0.2319657744858733,0.03960258521286292,-0.03365184814029351,0,0,0,0,0,-0.05294507892380139,-0.0985939336777666,-0.11373079234501556,0.01815118488922885,0.0069225926767905,0,0,0,0,0,-0.2401960273805642,0,-0.2401960273805642,-0.2401960273805642,-0.8128396606326,-1.119917864476386,-1.6614137775776685,0.6157992950445785,0.22625172026169857,0,0,0,0,0,-2.7521202873803774,-2.7521202873803774
Rafael Marchan,PHI,hitter,-5.676246859605179,128,113,26,2,13,13,0,0.231377,NA,NA,NA,NA,NA,NA,0.04469389779281934,0.02404730089701624,0.07319308418243575,0,-0.00893363603787097,0.13300064683440035,0,0,0,0,0,0,0.13300064683440035,1,0,0,0,0,0,0,0,1,0,0,C,0.3011983569402915,0.3011983569402915,0.08182421288223848,0.06011825224254059,0.13850383622214765,0.01650107717202622,0.00425097842133855,0,0,0,0,0,-0.03713031508941914,-0.03607095134552435,-0.0653107520397119,-0.01650107717202622,-0.01318461445920952,0,0,0,0,0,-0.16819771010589113,0,-0.16819771010589113,-0.16819771010589113,-0.5700433983657193,-0.6431211498973306,-0.6078343088698784,-0.5598175409496166,-0.4309139424575298,0,0,0,0,0,-2.8117303405400746,-2.8117303405400746
Jimmy Crooks,STL,hitter,-5.981877482044278,103,94,22,2,11,11,0,0.238334,NA,NA,NA,NA,NA,NA,0.03781791351700098,0.02404730089701624,0.06193260969283025,0,-0.00259209235843645,0.12120573174841102,0,0,0,0,0,0,0.12120573174841102,1,0,0,0,0,0,0,0,1,0,0,C,0.3011983569402915,0.3011983569402915,0.08182421288223848,0.06011825224254059,0.13850383622214765,0.01650107717202622,0.00425097842133855,0,0,0,0,0,-0.044006299365237506,-0.03607095134552435,-0.0765712265293174,-0.01650107717202622,-0.0068430707797749995,0,0,0,0,0,-0.17999262519188047,0,-0.17999262519188047,-0.17999262519188047,-0.6756069906556673,-0.7540041067761807,-0.6078343088698784,-0.5598175409496166,-0.22365269893569267,0,0,0,0,0,-2.8209156461870357,-2.8209156461870357
Maximo Acosta,MIA,hitter,-13.791405600300909,63,57,13,1,7,6,2,0.224455,NA,NA,NA,NA,NA,NA,0.02406594496536426,0.01202365044850812,0.0337814234688165,0.01650107717202622,-0.00742613065535354,0.07894596539936155,0,0,0,0,0,0,0.07894596539936155,0,0,1,1,1,0,1,1,1,0,0,SS,0.24912776719314625,0.24912776719314625,0.06738464590301993,0.04328514161462923,0.10021822295748894,0.0379524774956603,2.872792223478263e-4,0,0,0,0,0,-0.04331870093765567,-0.031261491166121105,-0.06643679948867245,-0.021451400323634084,-0.0077134098777013665,0,0,0,0,0,-0.17018180179378467,0,-0.17018180179378467,-0.17018180179378467,-0.6650506314266725,-0.6542094455852157,-0.5267897343538946,-0.7277628032345014,-0.2520980701009005,0,0,0,0,0,-2.8259106847011846,-2.8259106847011846
Luis Campusano,SDP,hitter,-8.865874394118944,203,180,44,6,24,24,1,0.246941,NA,NA,NA,NA,NA,NA,0.08251181130982033,0.07214190269104873,0.135125693875266,0.00825053858601311,0.00650127144105014,0.30453121790319826,0,0,0,0,0,0,0.30453121790319826,0,0,0,0,0,0,0,0,1,0,0,Util,0.5234999294017727,0.5234999294017727,0.1388948823715309,0.14668853547179908,0.2319657744858733,0.03960258521286292,-0.03365184814029351,0,0,0,0,0,-0.05638307106171056,-0.07454663278075035,-0.09684008061060731,-0.03135204662684981,0.040153119581343655,0,0,0,0,0,-0.2189687114985744,0,-0.2189687114985744,-0.2189687114985744,-0.86562145677757385,-0.953593429158111,-1.2561909049977493,-1.0636533278042712,1.312328025540369,0,0,0,0,0,-2.8267310931973366,-2.8267310931973366
Nathan Church,STL,hitter,-7.254857115646564,182,166,42,3,21,18,4,0.253333,NA,NA,NA,NA,NA,NA,0.07219783489609279,0.03607095134552436,0.1013442704064495,0.03300215434405244,0.01384777481812035,0.2564629858102394,0,0,0,0,0,0,0.2564629858102394,0,0,0,0,0,1,0,0,1,0,0,OF,0.5234999294017727,0.5234999294017727,0.1388948823715309,0.14668853547179908,0.2319657744858733,0.03960258521286292,-0.03365184814029351,0,0,0,0,0,-0.0666970474754381,-0.11061758412627472,-0.1306215040794238,-0.006600430868810479,0.04749962295841386,0,0,0,0,0,-0.26703694359153324,0,-0.26703694359153324,-0.26703694359153324,-1.023966845212496,-1.2862422997946612,-1.8640252138676279,-0.22392701637984633,1.5524344574185962,0,0,0,0,0,-2.8457269178360347,-2.8457269178360347
A.J. Minter,NYM,pitcher,1.9702198242361824,NA,NA,NA,NA,NA,NA,NA,NA,52,4,2,58,3.41525,1.17828,0,0,0,0,0,0,0.09811964586393904,0.02790574274238926,0.16005607590741405,0.0361172789386409,0.03006489595665243,0.3522636394090357,0.3522636394090357,0,0,0,0,0,0,0,0,0,0,1,P,0.4486529493960002,0.4486529493960002,0,0,0,0,0,0.1422734865027116,0.03627746556510604,0.24091199011581463,0.01911506633562095,0.01007494087674703,0,0,0,0,0,-0.04415384063877256,-0.008371722822716782,-0.08085591420840058,0.017002212603019946,0.0199899550799054,0,-0.09638930998696457,-0.09638930998696457,-0.09638930998696457,0,0,0,0,0,-2.3917322834645685,-0.928899082568809,-2.205033865707835,1.1979195715128836,1.437689219918355,-2.8900564403099738,-2.8900564403099738
Ronny Mauricio,NYM,hitter,-11.130570708665354,133,123,30,4,16,16,3,0.244119,NA,NA,NA,NA,NA,NA,0.05500787420654688,0.04809460179403248,0.090083795916844,0.02475161575803933,0.00187387747363865,0.21981176514910136,0,0,0,0,0,0,0.21981176514910136,0,0,0,1,0,0,1,0,1,0,0,3B,0.4172493965587398,0.4172493965587398,0.10864055155793008,0.09137974340866171,0.1756634020378458,0.03960258521286293,0.0019631143414393,0,0,0,0,0,-0.0536326773513832,-0.043285141614629236,-0.08557960612100181,-0.014850969454823601,-8.923686780065027e-5,0,0,0,0,0,-0.1974376314096385,0,-0.1974376314096385,-0.1974376314096385,-0.8233960198615944,-0.8427104722792609,-0.7294011706438543,-0.503835786854655,-0.0029165365916088426,0,0,0,0,0,-2.9022599862309737,-2.9022599862309737
Daniel Susac,SFG,hitter,-6.278590667157054,77,71,17,2,7,9,1,0.234686,NA,NA,NA,NA,NA,NA,0.02406594496536426,0.02404730089701624,0.05067213520322475,0.00825053858601311,-0.00387457112219569,0.10316134852942269,0,0,0,0,0,0,0.10316134852942269,1,0,0,0,0,0,0,0,1,0,0,C,0.3011983569402915,0.3011983569402915,0.08182421288223848,0.06011825224254059,0.13850383622214765,0.01650107717202622,0.00425097842133855,0,0,0,0,0,-0.057758267916874224,-0.03607095134552435,-0.0878317010189229,-0.00825053858601311,-0.00812554954353424,0,0,0,0,0,-0.1980370084108688,0,-0.1980370084108688,-0.1980370084108688,-0.8867341752355633,-0.8648870636550309,-0.6078343088698784,-0.2799087704748083,-0.26556806793789606,0,0,0,0,0,-2.904932386173177,-2.904932386173177
Aidan Miller,PHI,hitter,-14.346768955089294,42,37,8,1,5,4,2,0.224338,NA,NA,NA,NA,NA,NA,0.0171899606895459,0.01202365044850812,0.022520948979211,0.01650107717202622,-0.004852506294337,0.06338313099495423,0,0,0,0,0,0,0.06338313099495423,0,0,0,0,1,0,0,1,1,0,0,SS,0.24912776719314625,0.24912776719314625,0.06738464590301993,0.04328514161462923,0.10021822295748894,0.0379524774956603,2.872792223478263e-4,0,0,0,0,0,-0.05019468521347403,-0.031261491166121105,-0.07769727397827794,-0.021451400323634084,-0.005139785516684826,0,0,0,0,0,-0.18574463619819198,0,-0.18574463619819198,-0.18574463619819198,-0.7706142237166206,-0.7650924024640656,-0.5267897343538946,-0.7277628032345014,-0.16798407319629413,0,0,0,0,0,-2.958243236965376,-2.958243236965376
Griffin Canning,SDP,pitcher,-4.736449852329183,NA,NA,NA,NA,NA,NA,NA,NA,106,6,0,94,4.53929,1.36517,0,0,0,0,0,0,0.14717946879590854,0,0.25940122647063657,0.02044154880878184,0.01057981713371558,0.43760206120904255,0.43760206120904255,0,0,0,0,0,0,0,0,0,1,0,P,0.4486529493960002,0.4486529493960002,0,0,0,0,0,0.1422734865027116,0.03627746556510604,0.24091199011581463,0.01911506633562095,0.01007494087674703,0,0,0,0,0,0.004905982293196942,-0.03627746556510604,0.018489236354821942,0.0013264824731608893,5.048762569685502e-4,0,-0.011050888186957717,-0.011050888186957717,-0.011050888186957717,0,0,0,0,0,0.2657480314960627,-4.025229357798171,0.5042227611004255,0.09345956040956692,0.03631099465381335,-3.125488010138303,-3.125488010138303
Robert Gasser,MIL,pitcher,-0.4371743170549416,NA,NA,NA,NA,NA,NA,NA,NA,84,5,0,78,4.06804,1.25856,0,0,0,0,0,0,0.1226495573299238,0,0.21524782622031544,0.03386783369267224,0.03130573466513636,0.4030709519080478,0.4030709519080478,0,0,0,0,0,0,0,0,0,1,0,P,0.4486529493960002,0.4486529493960002,0,0,0,0,0,0.1422734865027116,0.03627746556510604,0.24091199011581463,0.01911506633562095,0.01007494087674703,0,0,0,0,0,-0.019623929172787796,-0.03627746556510604,-0.025664163895499192,0.014752767357051288,0.021230793788389327,0,-0.045581997487952414,-0.045581997487952414,-0.045581997487952414,0,0,0,0,0,-1.062992125984252,-4.025229357798171,-0.6998912952588018,1.0394311119159343,1.5269310630197455,-3.2217506041055444,-3.2217506041055444
Randy Vasquez,SDP,pitcher,-9.885979079410069,NA,NA,NA,NA,NA,NA,NA,NA,136,7,0,93,4.7965,1.40093,0,0,0,0,0,0,0.1717093802618933,0,0.25664163895499154,0.01061322641849949,0.00112590504590279,0.4400901506812871,0.4400901506812871,0,0,0,0,0,0,0,0,0,1,0,P,0.4486529493960002,0.4486529493960002,0,0,0,0,0,0.1422734865027116,0.03627746556510604,0.24091199011581463,0.01911506633562095,0.01007494087674703,0,0,0,0,0,0.029435893759181708,-0.03627746556510604,0.015729648839176907,-0.008501839917121461,-0.00894903583084424,0,-0.008562798714713125,-0.008562798714713125,-0.008562798714713125,0,0,0,0,0,1.594488188976379,-4.025229357798171,0.4289656325779748,-0.5990114738819516,-0.643619872642993,-3.244406882768762,-3.244406882768762
Rowdy Tellez,NA,hitter,NA,189,171,40,8,20,24,1,0.231673,NA,NA,NA,NA,NA,NA,0.0687598427581836,0.09618920358806496,0.135125693875266,0.00825053858601311,-0.0131444730116245,0.29518080579590317,0,0,0,0,0,0,0.29518080579590317,0,0,0,0,0,0,0,0,0,0,0,Util,0.5234999294017727,0.5234999294017727,0.1388948823715309,0.14668853547179908,0.2319657744858733,0.03960258521286292,-0.03365184814029351,0,0,0,0,0,-0.07013503961334729,-0.05049933188373412,-0.09684008061060731,-0.03135204662684981,0.02050737512866901,0,0,0,0,0,-0.22831912360586953,0,-0.22831912360586953,-0.22831912360586953,-1.07674864135747,-0.953593429158111,-0.8509680324178304,-1.0636533278042712,0.6702443892834217,0,0,0,0,0,-3.2747190414542606,-3.2747190414542606
Tyler Austin,CHC,hitter,-8.740814418553475,161,144,35,7,20,22,0,0.245839,NA,NA,NA,NA,NA,NA,0.0687598427581836,0.08416555313955684,0.1238652193856605,0,0.00402669229973445,0.28081730758313544,0,0,0,0,0,0,0.28081730758313544,0,0,0,0,0,1,0,0,1,0,0,OF,0.5234999294017727,0.5234999294017727,0.1388948823715309,0.14668853547179908,0.2319657744858733,0.03960258521286292,-0.03365184814029351,0,0,0,0,0,-0.07013503961334729,-0.06252298233224224,-0.1081005551002128,-0.03960258521286292,0.03767854044002796,0,0,0,0,0,-0.24268262181863728,0,-0.24268262181863728,-0.24268262181863728,-1.07674864135747,-1.064476386036961,-1.0535794687077897,-1.3435620982790792,1.2314511324763724,0,0,0,0,0,-3.306915461904928,-3.306915461904928
Nick Yorke,PIT,hitter,-12.513549504687246,105,96,24,2,11,10,2,0.253611,NA,NA,NA,NA,NA,NA,0.03781791351700098,0.02404730089701624,0.0563023724480275,0.01650107717202622,0.00820584856179346,0.1428745125958644,0,0,0,0,0,0,0.1428745125958644,0,1,1,0,0,0,1,1,1,0,0,2B,0.3590039845822357,0.3590039845822357,0.09007539401322052,0.07695136287045197,0.14526012091591095,0.04125269293006554,0.00546441385258677,0,0,0,0,0,-0.05225748049621955,-0.05290406197343573,-0.08895774846788346,-0.02475161575803932,0.002741434709206691,0,0,0,0,0,-0.2161294719863714,0,-0.2161294719863714,-0.2161294719863714,-0.802283301403605,-0.8759753593429159,-0.8914903196758219,-0.8397263114244244,0.08959855763617017,0,0,0,0,0,-3.3198767342105975,-3.3198767342105975
Edwin Arroyo,CIN,hitter,-14.985718690778768,35,32,8,0,3,3,1,0.2516,NA,NA,NA,NA,NA,NA,0.01031397641372754,0,0.01689071173440825,0.00825053858601311,0.00225906440674513,0.03771429114089403,0,0,0,0,0,0,0.03771429114089403,0,0,0,0,1,0,0,1,1,0,0,SS,0.24912776719314625,0.24912776719314625,0.06738464590301993,0.04328514161462923,0.10021822295748894,0.0379524774956603,2.872792223478263e-4,0,0,0,0,0,-0.05707066948929239,-0.04328514161462923,-0.0833275112230807,-0.029701938909647195,0.0019717851843973036,0,0,0,0,0,-0.2114134760522522,0,-0.2114134760522522,-0.2114134760522522,-0.8761778160065685,-0.8205338809034908,-0.7294011706438542,-1.0076715737093098,0.06444403286244679,0,0,0,0,0,-3.3693404084007765,-3.3693404084007765
Luis Matos,SFG,hitter,-8.128314748377546,140,129,32,4,17,17,3,0.24923,NA,NA,NA,NA,NA,NA,0.05844586634445606,0.04809460179403248,0.09571403316164674,0.02475161575803933,0.00684438655325759,0.2338505036114322,0,0,0,0,0,0,0.2338505036114322,0,0,0,0,0,1,0,0,1,0,0,OF,0.5234999294017727,0.5234999294017727,0.1388948823715309,0.14668853547179908,0.2319657744858733,0.03960258521286292,-0.03365184814029351,0,0,0,0,0,-0.08044901602707483,-0.0985939336777666,-0.13625174132422657,-0.014850969454823587,0.0404962346935511,0,0,0,0,0,-0.2896494257903405,0,-0.2896494257903405,-0.2896494257903405,-1.235094029792392,-1.3416837782340865,-1.6614137775776685,-0.5038357868546545,1.3235420876713093,0,0,0,0,0,-3.4184852847874927,-3.4184852847874927
Jonah Heim,ATL,hitter,-7.277113117622218,70,64,14,2,7,7,0,0.225613,NA,NA,NA,NA,NA,NA,0.02406594496536426,0.02404730089701624,0.03941166071361925,0,-0.0077896670960306,0.07973523947996915,0,0,0,0,0,0,0.07973523947996915,1,0,0,0,0,0,0,0,1,0,0,C,0.3011983569402915,0.3011983569402915,0.08182421288223848,0.06011825224254059,0.13850383622214765,0.01650107717202622,0.00425097842133855,0,0,0,0,0,-0.057758267916874224,-0.03607095134552435,-0.0990921755085284,-0.01650107717202622,-0.01204064551736915,0,0,0,0,0,-0.22146311746032232,0,-0.22146311746032232,-0.22146311746032232,-0.8867341752355633,-0.975770020533881,-0.6078343088698784,-0.5598175409496166,-0.3935255024464475,0,0,0,0,0,-3.4236815480353866,-3.4236815480353866
Endy Rodriguez,PIT,hitter,-7.209832460636299,54,48,12,1,6,6,0,0.24246500000000001,NA,NA,NA,NA,NA,NA,0.02062795282745508,0.01202365044850812,0.0337814234688165,0,1.437516212730965e-4,0.06657677836605279,0,0,0,0,0,0,0.06657677836605279,1,1,0,0,0,0,1,0,1,0,0,C,0.3011983569402915,0.3011983569402915,0.08182421288223848,0.06011825224254059,0.13850383622214765,0.01650107717202622,0.00425097842133855,0,0,0,0,0,-0.0611962600547834,-0.048094601794032465,-0.10472241275333116,-0.01650107717202622,-0.004107226800065453,0,0,0,0,0,-0.2346215785742387,0,-0.2346215785742387,-0.2346215785742387,-0.9395159713805373,-1.031211498973306,-0.8104457451598379,-0.5598175409496166,-0.13423686361546747,0,0,0,0,0,-3.4752276200787655,-3.4752276200787655
Jesus Rodriguez,SFG,hitter,-7.709447477278678,33,29,8,0,4,3,1,0.26749,NA,NA,NA,NA,NA,NA,0.01375196855163672,0,0.01689071173440825,0.00825053858601311,0.0054573688430004,0.04435058771505848,0,0,0,0,0,0,0.04435058771505848,1,0,0,1,0,0,1,0,1,0,0,C,0.3011983569402915,0.3011983569402915,0.08182421288223848,0.06011825224254059,0.13850383622214765,0.01650107717202622,0.00425097842133855,0,0,0,0,0,-0.06807224433060176,-0.06011825224254059,-0.12161312448773941,-0.00825053858601311,0.0012063904216618503,0,0,0,0,0,-0.256847769225233,0,-0.256847769225233,-0.256847769225233,-1.0450795636704853,-1.1975359342915812,-1.0130571814497975,-0.2799087704748083,0.03942856686098936,0,0,0,0,0,-3.496152883025683,-3.496152883025683
Enrique Hernandez,LAD,hitter,-11.379574964570208,182,166,37,5,20,21,1,0.224959,NA,NA,NA,NA,NA,NA,0.0687598427581836,0.06011825224254059,0.11823498214085774,0.00825053858601311,-0.02100784565359368,0.23435577007400135,0,0,0,0,0,0,0.23435577007400135,0,1,0,1,0,1,1,0,1,0,0,3B,0.4172493965587398,0.4172493965587398,0.10864055155793008,0.09137974340866171,0.1756634020378458,0.03960258521286293,0.0019631143414393,0,0,0,0,0,-0.03988070879974648,-0.031261491166121126,-0.05742841989698806,-0.031352046626849824,-0.02297095999503298,0,0,0,0,0,-0.18289362648473848,0,-0.18289362648473848,-0.18289362648473848,-0.6122688352816984,-0.5655030800821357,-0.526789734353895,-1.0636533278042717,-0.750761955468459,0,0,0,0,0,-3.5189769329904594,-3.5189769329904594
Eli White,ATL,hitter,-8.587861314244039,133,122,29,3,17,15,5,0.236627,NA,NA,NA,NA,NA,NA,0.05844586634445606,0.03607095134552436,0.08445355867204125,0.04125269293006554,-0.00490532874045453,0.2153177405516327,0,0,0,0,0,0,0.2153177405516327,0,0,0,0,0,1,0,0,1,0,0,OF,0.5234999294017727,0.5234999294017727,0.1388948823715309,0.14668853547179908,0.2319657744858733,0.03960258521286292,-0.03365184814029351,0,0,0,0,0,-0.08044901602707483,-0.11061758412627472,-0.14751221581383206,0.0016501077172026216,0.02874651939983898,0,0,0,0,0,-0.30818218885014,0,-0.30818218885014,-0.30818218885014,-1.235094029792392,-1.4525667351129365,-1.8640252138676279,0.05598175409496164,0.939525083940843,0,0,0,0,0,-3.5561791407371524,-3.5561791407371524
Jared Koenig,MIL,pitcher,1.0011295888089995,NA,NA,NA,NA,NA,NA,NA,NA,65,4,1,66,3.55863,1.23148,0,0,0,0,0,0,0.09811964586393904,0.01395287137119463,0.18213277603257463,0.04098672568439878,0.02873006317697391,0.36392208212908095,0.36392208212908095,0,0,0,0,0,0,0,0,0,0,1,P,0.4486529493960002,0.4486529493960002,0,0,0,0,0,0.1422734865027116,0.03627746556510604,0.24091199011581463,0.01911506633562095,0.01007494087674703,0,0,0,0,0,-0.04415384063877256,-0.02232459419391141,-0.058779214083239995,0.02187165934877783,0.01865512230022688,0,-0.08473086726691927,-0.08473086726691927,-0.08473086726691927,0,0,0,0,0,-2.3917322834645685,-2.47706422018349,-1.602976837528221,1.5410046566945024,1.3416872684349035,-3.589081416046873,-3.589081416046873
Zac Veen,COL,hitter,-8.812438691021088,133,120,30,3,15,14,4,0.249936,NA,NA,NA,NA,NA,NA,0.0515698820686377,0.03607095134552436,0.0788233214272385,0.03300215434405244,0.00699381717897858,0.2064601263644316,0,0,0,0,0,0,0.2064601263644316,0,0,0,0,0,1,0,0,1,0,0,OF,0.5234999294017727,0.5234999294017727,0.1388948823715309,0.14668853547179908,0.2319657744858733,0.03960258521286292,-0.03365184814029351,0,0,0,0,0,-0.0873250003028932,-0.11061758412627472,-0.1531424530586348,-0.006600430868810479,0.04064566531927209,0,0,0,0,0,-0.3170398030373411,0,-0.3170398030373411,-0.3170398030373411,-1.3406576220823403,-1.5080082135523614,-1.8640252138676279,-0.22392701637984633,1.3284259422771867,0,0,0,0,0,-3.6081921236049888,-3.6081921236049888
Ryan Waldschmidt,ARI,hitter,-8.374909741481664,154,133,32,3,19,16,4,0.23875,NA,NA,NA,NA,NA,NA,0.06532185062027442,0.03607095134552436,0.090083795916844,0.03300215434405244,-0.00325809599922307,0.2212206562274721,0,0,0,0,0,0,0.2212206562274721,0,0,0,0,0,1,0,0,1,0,0,OF,0.5234999294017727,0.5234999294017727,0.1388948823715309,0.14668853547179908,0.2319657744858733,0.03960258521286292,-0.03365184814029351,0,0,0,0,0,-0.07357303175125647,-0.11061758412627472,-0.1418819785690293,-0.006600430868810479,0.03039375214107044,0,0,0,0,0,-0.3022792731743005,0,-0.3022792731743005,-0.3022792731743005,-1.129530437502444,-1.3971252566735113,-1.8640252138676279,-0.22392701637984633,0.9933617400573488,0,0,0,0,0,-3.621246184366081,-3.621246184366081
Jason Adam,SDP,pitcher,2.1348744889173124,NA,NA,NA,NA,NA,NA,NA,NA,60,4,1,63,3.52223,1.18736,0,0,0,0,0,0,0.09811964586393904,0.01395287137119463,0.17385401348563942,0.03880873486544724,0.03329580079218574,0.3580310663784061,0.3580310663784061,0,0,0,0,0,0,0,0,0,0,1,P,0.4486529493960002,0.4486529493960002,0,0,0,0,0,0.1422734865027116,0.03627746556510604,0.24091199011581463,0.01911506633562095,0.01007494087674703,0,0,0,0,0,-0.04415384063877256,-0.02232459419391141,-0.06705797663017521,0.019693668529826288,0.02322085991543871,0,-0.09062188301759419,-0.09062188301759419,-0.09062188301759419,0,0,0,0,0,-2.3917322834645685,-2.47706422018349,-1.828748223095576,1.3875506392959667,1.6700577787300597,-3.6399363087176075,-3.6399363087176075
Dylan Lee,ATL,pitcher,1.6902434477590504,NA,NA,NA,NA,NA,NA,NA,NA,65,3,1,73,3.54444,1.17267,0,0,0,0,0,0,0.07358973439795427,0.01395287137119463,0.20144988864209012,0.04139841907059298,0.03851447386448473,0.3689053873463168,0.3689053873463168,0,0,0,0,0,0,0,0,0,0,1,P,0.4486529493960002,0.4486529493960002,0,0,0,0,0,0.1422734865027116,0.03627746556510604,0.24091199011581463,0.01911506633562095,0.01007494087674703,0,0,0,0,0,-0.06868375210475733,-0.02232459419391141,-0.039462101473724503,0.02228335273497203,0.028439532987737697,0,-0.07974756204968352,-0.07974756204968352,-0.07974756204968352,0,0,0,0,0,-3.720472440944885,-2.47706422018349,-1.076176937871059,1.5700112087415488,2.0453877876436146,-3.6583146026142708,-3.6583146026142708
Mason McCoy,SDP,hitter,-15.542817232054222,28,25,5,0,3,2,1,0.203176,NA,NA,NA,NA,NA,NA,0.01031397641372754,0,0.0112604744896055,0.00825053858601311,-0.0071938026652519,0.02263118682409424,0,0,0,0,0,0,0.02263118682409424,0,0,0,0,1,0,0,1,1,0,0,SS,0.24912776719314625,0.24912776719314625,0.06738464590301993,0.04328514161462923,0.10021822295748894,0.0379524774956603,2.872792223478263e-4,0,0,0,0,0,-0.05707066948929239,-0.04328514161462923,-0.08895774846788344,-0.029701938909647195,-0.007481081887599726,0,0,0,0,0,-0.226496580369052,0,-0.226496580369052,-0.226496580369052,-0.8761778160065685,-0.8759753593429158,-0.7294011706438542,-1.0076715737093098,-0.24450487346495323,0,0,0,0,0,-3.733730793167602,-3.733730793167602
Jose Quintana,COL,pitcher,-13.987162195230084,NA,NA,NA,NA,NA,NA,NA,NA,144,8,0,102,4.86443,1.48581,0,0,0,0,0,0,0.19623929172787807,0,0.2814779265957971,0.00687134773434108,-0.03009299786253502,0.45449556819548126,0.45449556819548126,0,0,0,0,0,0,0,0,0,1,0,P,0.4486529493960002,0.4486529493960002,0,0,0,0,0,0.1422734865027116,0.03627746556510604,0.24091199011581463,0.01911506633562095,0.01007494087674703,0,0,0,0,0,0.053965805225166474,-0.03627746556510604,0.040565936479982495,-0.01224371860127987,-0.04016793873928205,0,0.005842618799481003,0.005842618799481003,0.005842618799481003,0,0,0,0,0,2.9232283464566953,-4.025229357798171,1.106279789280039,-0.8626518490872384,-2.888901564859344,-3.747274636008019,-3.747274636008019
TJ Rumfield,COL,hitter,-12.01076516822265,105,94,24,3,12,11,1,0.260725,NA,NA,NA,NA,NA,NA,0.04125590565491016,0.03607095134552436,0.06193260969283025,0.00825053858601311,0.01298353359862121,0.16049353887789908,0,0,0,0,0,0,0.16049353887789908,0,0,0,1,0,0,1,0,1,0,0,3B,0.4172493965587398,0.4172493965587398,0.10864055155793008,0.09137974340866171,0.1756634020378458,0.03960258521286293,0.0019631143414393,0,0,0,0,0,-0.06738464590301992,-0.05530879206313735,-0.11373079234501556,-0.031352046626849824,0.01102041925718191,0,0,0,0,0,-0.25675585768084075,0,-0.25675585768084075,-0.25675585768084075,-1.0345232044414905,-1.119917864476386,-0.9320126069338138,-1.0636533278042717,0.3601813556504901,0,0,0,0,0,-3.7899256480054717,-3.7899256480054717
Brett Sullivan,COL,hitter,-8.145268452064128,32,29,7,1,3,3,0,0.236361,NA,NA,NA,NA,NA,NA,0.01031397641372754,0.01202365044850812,0.01689071173440825,0,-0.00122310600208848,0.03800523259455542,0,0,0,0,0,0,0.03800523259455542,1,0,0,0,0,0,0,0,1,0,0,C,0.3011983569402915,0.3011983569402915,0.08182421288223848,0.06011825224254059,0.13850383622214765,0.01650107717202622,0.00425097842133855,0,0,0,0,0,-0.07151023646851094,-0.048094601794032465,-0.12161312448773941,-0.01650107717202622,-0.00547408442342703,0,0,0,0,0,-0.26319312434573605,0,-0.26319312434573605,-0.26319312434573605,-1.0978613598154594,-1.1975359342915812,-0.8104457451598379,-0.5598175409496166,-0.17890999448957115,0,0,0,0,0,-3.844570574706066,-3.844570574706066
Erik Miller,SFG,pitcher,-1.3369650660017602,NA,NA,NA,NA,NA,NA,NA,NA,62,4,2,68,3.60314,1.37752,0,0,0,0,0,0,0.09811964586393904,0.02790574274238926,0.18765195106386476,0.03786326689457486,0.0042283180713098,0.35576892463607773,0.35576892463607773,0,0,0,0,0,0,0,0,0,0,1,P,0.4486529493960002,0.4486529493960002,0,0,0,0,0,0.1422734865027116,0.03627746556510604,0.24091199011581463,0.01911506633562095,0.01007494087674703,0,0,0,0,0,-0.04415384063877256,-0.008371722822716782,-0.05326003905194987,0.018748200558953907,-0.00584662280543723,0,-0.09288402475992254,-0.09288402475992254,-0.09288402475992254,0,0,0,0,0,-2.3917322834645685,-0.928899082568809,-1.452462580483318,1.3209360984128922,-0.42049251970333573,-3.872650367807139,-3.872650367807139
Cesar Prieto,STL,hitter,-16.507345382242274,14,13,3,0,1,1,0,0.256339,NA,NA,NA,NA,NA,NA,0.00343799213790918,0,0.00563023724480275,0,0.00137364978029163,0.01044187916300356,0,0,0,0,0,0,0.01044187916300356,0,0,1,1,1,0,1,1,1,0,0,SS,0.24912776719314625,0.24912776719314625,0.06738464590301993,0.04328514161462923,0.10021822295748894,0.0379524774956603,2.872792223478263e-4,0,0,0,0,0,-0.06394665376511074,-0.04328514161462923,-0.0945879857126862,-0.0379524774956603,0.0010863705579438037,0,0,0,0,0,-0.23868588803014268,0,-0.23868588803014268,-0.23868588803014268,-0.9817414082965165,-0.9314168377823409,-0.7294011706438542,-1.287580344184118,0.03550594683990611,0,0,0,0,0,-3.8946338140669234,-3.8946338140669234
Nathaniel Lowe,CIN,hitter,-11.944893382103094,112,99,25,3,12,14,0,0.25476,NA,NA,NA,NA,NA,NA,0.04125590565491016,0.03607095134552436,0.0788233214272385,0,0.00930406285262552,0.16545424128029856,0,0,0,0,0,0,0.16545424128029856,0,1,0,0,0,0,1,0,1,0,0,1B,0.44297870877619505,0.44297870877619505,0.11345374055100294,0.11783177439537958,0.19480620867017517,0.03465226206125506,-0.01776527690161768,0,0,0,0,0,-0.07219783489609277,-0.08176082304985521,-0.11598288724293668,-0.03465226206125506,0.0270693397542432,0,0,0,0,0,-0.27752446749589654,0,-0.27752446749589654,-0.27752446749589654,-1.108417719044454,-1.1420944558521564,-1.3777577667717247,-1.1756168359941948,0.8847096704504337,0,0,0,0,0,-3.9191771072120964,-3.9191771072120964
Justin Turner,NA,hitter,NA,182,160,39,4,19,19,1,0.243771,NA,NA,NA,NA,NA,NA,0.06532185062027442,0.04809460179403248,0.10697450765125224,0.00825053858601311,0.00202552038524382,0.23066701903681608,0,0,0,0,0,0,0.23066701903681608,0,0,0,0,0,0,0,0,0,0,0,Util,0.5234999294017727,0.5234999294017727,0.1388948823715309,0.14668853547179908,0.2319657744858733,0.03960258521286292,-0.03365184814029351,0,0,0,0,0,-0.07357303175125647,-0.0985939336777666,-0.12499126683462106,-0.03135204662684981,0.03567736852553733,0,0,0,0,0,-0.2928329103649566,0,-0.2928329103649566,-0.2928329103649566,-1.129530437502444,-1.2308008213552362,-1.6614137775776685,-1.0636533278042712,1.166046650466199,0,0,0,0,0,-3.9193517137734206,-3.9193517137734206
Tommy Pham,NA,hitter,NA,154,137,33,3,17,15,3,0.242434,NA,NA,NA,NA,NA,NA,0.05844586634445606,0.03607095134552436,0.08445355867204125,0.02475161575803933,3.7886238505188246e-4,0.2041008545051129,0,0,0,0,0,0,0.2041008545051129,0,0,0,0,0,0,0,0,0,0,0,Util,0.5234999294017727,0.5234999294017727,0.1388948823715309,0.14668853547179908,0.2319657744858733,0.03960258521286292,-0.03365184814029351,0,0,0,0,0,-0.08044901602707483,-0.11061758412627472,-0.14751221581383206,-0.014850969454823587,0.03403071052534539,0,0,0,0,0,-0.3193990748966598,0,-0.3193990748966598,-0.3193990748966598,-1.235094029792392,-1.4525667351129365,-1.8640252138676279,-0.5038357868546545,1.1122287786628788,0,0,0,0,0,-3.9432929869647326,-3.9432929869647326
Jared Serna,MIA,hitter,-15.80129063805294,21,19,4,0,2,2,0,0.217501,NA,NA,NA,NA,NA,NA,0.00687598427581836,0,0.0112604744896055,0,-0.00345313730519648,0.01468332146022737,0,0,0,0,0,0,0.01468332146022737,0,0,1,0,1,0,0,1,1,0,0,SS,0.24912776719314625,0.24912776719314625,0.06738464590301993,0.04328514161462923,0.10021822295748894,0.0379524774956603,2.872792223478263e-4,0,0,0,0,0,-0.06050866162720157,-0.04328514161462923,-0.08895774846788344,-0.0379524774956603,-0.0037404165275443063,0,0,0,0,0,-0.23444444573291887,0,-0.23444444573291887,-0.23444444573291887,-0.9289596121515425,-0.8759753593429158,-0.7294011706438542,-1.287580344184118,-0.1222483704247849,0,0,0,0,0,-3.944164856747216,-3.944164856747216
Sergio Alcantara,WSN,hitter,-15.990096684528112,7,6,1,0,1,1,0,0.218802,NA,NA,NA,NA,NA,NA,0.00343799213790918,0,0.00563023724480275,0,-0.00103269835674193,0.00803553102596999,0,0,0,0,0,0,0.00803553102596999,0,0,0,0,1,0,0,1,1,0,0,SS,0.24912776719314625,0.24912776719314625,0.06738464590301993,0.04328514161462923,0.10021822295748894,0.0379524774956603,2.872792223478263e-4,0,0,0,0,0,-0.06394665376511074,-0.04328514161462923,-0.0945879857126862,-0.0379524774956603,-0.0013199775790897561,0,0,0,0,0,-0.24109223616717623,0,-0.24109223616717623,-0.24109223616717623,-0.9817414082965165,-0.9314168377823409,-0.7294011706438542,-1.287580344184118,-0.043140946162730245,0,0,0,0,0,-3.9732807070695597,-3.9732807070695597
Ben Cowles,CHC,hitter,-15.990096684528112,7,6,1,0,1,1,0,0.213926,NA,NA,NA,NA,NA,NA,0.00343799213790918,0,0.00563023724480275,0,-0.00124919896108793,0.00781903042162399,0,0,0,0,0,0,0.00781903042162399,0,0,1,0,1,0,0,1,1,0,0,SS,0.24912776719314625,0.24912776719314625,0.06738464590301993,0.04328514161462923,0.10021822295748894,0.0379524774956603,2.872792223478263e-4,0,0,0,0,0,-0.06394665376511074,-0.04328514161462923,-0.0945879857126862,-0.0379524774956603,-0.0015364781834357561,0,0,0,0,0,-0.24130873677152223,0,-0.24130873677152223,-0.24130873677152223,-0.9817414082965165,-0.9314168377823409,-0.7294011706438542,-1.287580344184118,-0.05021685492379431,0,0,0,0,0,-3.980356615830624,-3.980356615830624
Adael Amador,COL,hitter,-13.84308486253816,70,62,15,1,8,7,2,0.250513,NA,NA,NA,NA,NA,NA,0.02750393710327344,0.01202365044850812,0.03941166071361925,0.01650107717202622,0.00387820739576301,0.09931853283319005,0,0,0,0,0,0,0.09931853283319005,0,0,1,0,0,0,0,1,1,0,0,2B,0.3590039845822357,0.3590039845822357,0.09007539401322052,0.07695136287045197,0.14526012091591095,0.04125269293006554,0.00546441385258677,0,0,0,0,0,-0.06257145690994709,-0.06492771242194385,-0.1058484602022917,-0.02475161575803932,-0.00158620645682376,0,0,0,0,0,-0.2596854517490457,0,-0.2596854517490457,-0.2596854517490457,-0.9606286898385271,-1.042299794661191,-1.0941017559657815,-0.8397263114244244,-0.05184212856403053,0,0,0,0,0,-3.9885986804539546,-3.9885986804539546
Davis Wendzel,PIT,hitter,-17.48488122191627,7,6,1,0,1,1,0,0.208053,NA,NA,NA,NA,NA,NA,0.00343799213790918,0,0.00563023724480275,0,-0.00150996763404202,0.0075582617486699,0,0,0,0,0,0,0.0075582617486699,0,0,0,0,1,0,0,1,1,0,0,SS,0.24912776719314625,0.24912776719314625,0.06738464590301993,0.04328514161462923,0.10021822295748894,0.0379524774956603,2.872792223478263e-4,0,0,0,0,0,-0.06394665376511074,-0.04328514161462923,-0.0945879857126862,-0.0379524774956603,-0.0017972468563898461,0,0,0,0,0,-0.24156950544447633,0,-0.24156950544447633,-0.24156950544447633,-0.9817414082965165,-0.9314168377823409,-0.7294011706438542,-1.287580344184118,-0.058739580960244696,0,0,0,0,0,-3.9888793418670745,-3.9888793418670745
Ildemaro Vargas,ARI,hitter,-12.820592534271846,91,84,21,1,9,10,1,0.251231,NA,NA,NA,NA,NA,NA,0.03094192924118262,0.01202365044850812,0.0563023724480275,0.00825053858601311,0.0057006670943566,0.11321915781808796,0,0,0,0,0,0,0.11321915781808796,0,1,1,0,0,0,1,1,1,0,0,2B,0.3590039845822357,0.3590039845822357,0.09007539401322052,0.07695136287045197,0.14526012091591095,0.04125269293006554,0.00546441385258677,0,0,0,0,0,-0.0591334647720379,-0.06492771242194385,-0.08895774846788346,-0.03300215434405243,2.3625324176983035e-4,0,0,0,0,0,-0.2457848267641478,0,-0.2457848267641478,-0.2457848267641478,-0.9078468936935531,-0.8759753593429159,-1.0941017559657815,-1.1196350818992329,0.0077214859899296,0,0,0,0,0,-3.989837604911554,-3.989837604911554
Kyle Harrison,MIL,pitcher,-2.6668033018847384,NA,NA,NA,NA,NA,NA,NA,NA,87,5,0,87,4.26032,1.32641,0,0,0,0,0,0,0.1226495573299238,0,0.24008411386112108,0.02761065101248107,0.01731467413231691,0.4076589963358429,0.4076589963358429,0,0,0,0,0,0,0,0,0,1,0,P,0.4486529493960002,0.4486529493960002,0,0,0,0,0,0.1422734865027116,0.03627746556510604,0.24091199011581463,0.01911506633562095,0.01007494087674703,0,0,0,0,0,-0.019623929172787796,-0.03627746556510604,-8.278762546935492e-4,0.00849558467686012,0.007239733255569879,0,-0.04099395306015738,-0.04099395306015738,-0.04099395306015738,0,0,0,0,0,-1.062992125984252,-4.025229357798171,-0.022577138556736275,0.5985707503768094,0.5206858352113162,-3.9915420367510333,-3.9915420367510333
Riley Adams,WSN,hitter,-8.447435019637357,26,23,5,1,2,3,0,0.212024,NA,NA,NA,NA,NA,NA,0.00687598427581836,0.01202365044850812,0.01689071173440825,0,-0.005112325694757,0.03067802076397773,0,0,0,0,0,0,0.03067802076397773,1,0,0,0,0,0,0,0,1,0,0,C,0.3011983569402915,0.3011983569402915,0.08182421288223848,0.06011825224254059,0.13850383622214765,0.01650107717202622,0.00425097842133855,0,0,0,0,0,-0.07494822860642013,-0.048094601794032465,-0.12161312448773941,-0.01650107717202622,-0.00936330411609555,0,0,0,0,0,-0.27052033617631377,0,-0.27052033617631377,-0.27052033617631377,-1.1506431559604335,-1.1975359342915812,-0.8104457451598379,-0.5598175409496166,-0.3060217121690074,0,0,0,0,0,-4.024464088530476,-4.024464088530476
Wilmer Flores,NA,hitter,NA,182,163,38,6,19,22,0,0.233464,NA,NA,NA,NA,NA,NA,0.06532185062027442,0.07214190269104873,0.1238652193856605,0,-0.01036916079532586,0.2509598119016578,0,0,0,0,0,0,0.2509598119016578,0,0,0,0,0,0,0,0,0,0,0,Util,0.5234999294017727,0.5234999294017727,0.1388948823715309,0.14668853547179908,0.2319657744858733,0.03960258521286292,-0.03365184814029351,0,0,0,0,0,-0.07357303175125647,-0.07454663278075035,-0.1081005551002128,-0.03960258521286292,0.02328268734496765,0,0,0,0,0,-0.2725401175001149,0,-0.2725401175001149,-0.2725401175001149,-1.129530437502444,-1.064476386036961,-1.2561909049977493,-1.3435620982790792,0.7609501685366356,0,0,0,0,0,-4.032809658279598,-4.032809658279598
Alex Call,LAD,hitter,-9.055688793939604,140,119,28,4,17,16,2,0.239969,NA,NA,NA,NA,NA,NA,0.05844586634445606,0.04809460179403248,0.090083795916844,0.01650107717202622,-0.00184165636240501,0.21128368486495375,0,0,0,0,0,0,0.21128368486495375,0,0,0,0,0,1,0,0,1,0,0,OF,0.5234999294017727,0.5234999294017727,0.1388948823715309,0.14668853547179908,0.2319657744858733,0.03960258521286292,-0.03365184814029351,0,0,0,0,0,-0.08044901602707483,-0.0985939336777666,-0.1418819785690293,-0.0231015080408367,0.0318101917778885,0,0,0,0,0,-0.3122162445368189,0,-0.3122162445368189,-0.3122162445368189,-1.235094029792392,-1.3971252566735113,-1.6614137775776685,-0.7837445573294628,1.039655364345167,0,0,0,0,0,-4.037722257027868,-4.037722257027868
Jose Iglesias,NA,hitter,NA,168,155,39,2,16,16,2,0.252531,NA,NA,NA,NA,NA,NA,0.05500787420654688,0.02404730089701624,0.090083795916844,0.01650107717202622,0.01201023082306178,0.19765027901549512,0,0,0,0,0,0,0.19765027901549512,0,0,0,0,0,0,0,0,0,0,0,Util,0.5234999294017727,0.5234999294017727,0.1388948823715309,0.14668853547179908,0.2319657744858733,0.03960258521286292,-0.03365184814029351,0,0,0,0,0,-0.08388700816498401,-0.12264123457478285,-0.1418819785690293,-0.0231015080408367,0.04566207896335529,0,0,0,0,0,-0.3258496503862776,0,-0.3258496503862776,-0.3258496503862776,-1.2878758259373662,-1.3971252566735113,-2.0666366501575877,-0.7837445573294628,1.4923778414440005,0,0,0,0,0,-4.043004448653928,-4.043004448653928
Blake Treinen,LAD,pitcher,-0.18989245720684167,NA,NA,NA,NA,NA,NA,NA,NA,58,5,1,65,3.93828,1.28172,0,0,0,0,0,0,0.1226495573299238,0.01395287137119463,0.17937318851692954,0.02674421869875152,0.01817762047397559,0.36089745639077514,0.36089745639077514,0,0,0,0,0,0,0,0,0,0,1,P,0.4486529493960002,0.4486529493960002,0,0,0,0,0,0.1422734865027116,0.03627746556510604,0.24091199011581463,0.01911506633562095,0.01007494087674703,0,0,0,0,0,-0.019623929172787796,-0.02232459419391141,-0.061538801598885084,0.0076291523631305674,0.00810267959722856,0,-0.08775549300522517,-0.08775549300522517,-0.08775549300522517,0,0,0,0,0,-1.062992125984252,-2.47706422018349,-1.678233966050673,0.5375248000501168,0.582749439046915,-4.098016073121383,-4.098016073121383
Michael Lorenzen,COL,pitcher,-14.211001456581853,NA,NA,NA,NA,NA,NA,NA,NA,143,7,0,114,5.07713,1.44947,0,0,0,0,0,0,0.1717093802618933,0,0.314592976783538,-0.00675267743787194,-0.01658281031681424,0.4629668692907451,0.4629668692907451,0,0,0,0,0,0,0,0,0,1,0,P,0.4486529493960002,0.4486529493960002,0,0,0,0,0,0.1422734865027116,0.03627746556510604,0.24091199011581463,0.01911506633562095,0.01007494087674703,0,0,0,0,0,0.029435893759181708,-0.03627746556510604,0.07368098666772335,-0.025867743773492893,-0.02665775119356127,0,0.014313919894744856,0.014313919894744856,0.014313919894744856,0,0,0,0,0,1.594488188976379,-4.025229357798171,2.0093653315494593,-1.8225555261933173,-1.9172410025460687,-4.161172366011719,-4.161172366011719
Bryce Johnson,SDP,hitter,-9.68363981176099,140,124,29,2,15,13,5,0.230513,NA,NA,NA,NA,NA,NA,0.0515698820686377,0.02404730089701624,0.07319308418243575,0.04125269293006554,-0.01059611114428547,0.17946684893386977,0,0,0,0,0,0,0.17946684893386977,0,0,0,0,0,1,0,0,1,0,0,OF,0.5234999294017727,0.5234999294017727,0.1388948823715309,0.14668853547179908,0.2319657744858733,0.03960258521286292,-0.03365184814029351,0,0,0,0,0,-0.0873250003028932,-0.12264123457478285,-0.15877269030343755,0.0016501077172026216,0.02305573699600804,0,0,0,0,0,-0.34403308046790293,0,-0.34403308046790293,-0.34403308046790293,-1.3406576220823403,-1.5634496919917864,-2.0666366501575877,0.05598175409496164,0.7535327298307213,0,0,0,0,0,-4.161229480306031,-4.161229480306031
Garrett Stubbs,PHI,hitter,-8.755204521614838,19,17,4,0,2,2,0,0.22188,NA,NA,NA,NA,NA,NA,0.00687598427581836,0,0.0112604744896055,0,-0.00253875518061399,0.01559770358480987,0,0,0,0,0,0,0.01559770358480987,1,0,0,0,0,0,0,0,1,0,0,C,0.3011983569402915,0.3011983569402915,0.08182421288223848,0.06011825224254059,0.13850383622214765,0.01650107717202622,0.00425097842133855,0,0,0,0,0,-0.07494822860642013,-0.06011825224254059,-0.12724336173254217,-0.01650107717202622,-0.00678973360195254,0,0,0,0,0,-0.2856006533554817,0,-0.2856006533554817,-0.2856006533554817,-1.1506431559604335,-1.2529774127310063,-1.0130571814497975,-0.5598175409496166,-0.22190947514662085,0,0,0,0,0,-4.198404766237474,-4.198404766237474
Jeferson Quero,MIL,hitter,-9.115004165764944,6,6,1,0,1,1,0,0.226947,NA,NA,NA,NA,NA,NA,0.00343799213790918,0,0.00563023724480275,0,-6.710499928374512e-4,0.00839717938987448,0,0,0,0,0,0,0.00839717938987448,1,0,0,0,0,0,0,0,1,0,0,C,0.3011983569402915,0.3011983569402915,0.08182421288223848,0.06011825224254059,0.13850383622214765,0.01650107717202622,0.00425097842133855,0,0,0,0,0,-0.0783862207443293,-0.06011825224254059,-0.1328735989773449,-0.01650107717202622,-0.004922028414176001,0,0,0,0,0,-0.292801177550417,0,-0.292801177550417,-0.292801177550417,-1.2034249521054072,-1.3084188911704313,-1.0130571814497975,-0.5598175409496166,-0.16086709819254935,0,0,0,0,0,-4.245585663867802,-4.245585663867802
Rodolfo Duran,SDP,hitter,-9.115004165764944,6,6,1,0,1,1,0,0.224105,NA,NA,NA,NA,NA,NA,0.00343799213790918,0,0.00563023724480275,0,-7.972384090702977e-4,0.00827099097364163,0,0,0,0,0,0,0.00827099097364163,1,0,0,0,0,0,0,0,1,0,0,C,0.3011983569402915,0.3011983569402915,0.08182421288223848,0.06011825224254059,0.13850383622214765,0.01650107717202622,0.00425097842133855,0,0,0,0,0,-0.0783862207443293,-0.06011825224254059,-0.1328735989773449,-0.01650107717202622,-0.005048216830408848,0,0,0,0,0,-0.29292736596664987,0,-0.29292736596664987,-0.29292736596664987,-1.2034249521054072,-1.3084188911704313,-1.0130571814497975,-0.5598175409496166,-0.16499132557133217,0,0,0,0,0,-4.249709891246584,-4.249709891246584
Will Banfield,CIN,hitter,-9.115004165764944,6,6,1,0,1,1,0,0.207054,NA,NA,NA,NA,NA,NA,0.00343799213790918,0,0.00563023724480275,0,-0.00155432450519494,0.00751390487751698,0,0,0,0,0,0,0.00751390487751698,1,0,0,0,0,0,0,0,1,0,0,C,0.3011983569402915,0.3011983569402915,0.08182421288223848,0.06011825224254059,0.13850383622214765,0.01650107717202622,0.00425097842133855,0,0,0,0,0,-0.0783862207443293,-0.06011825224254059,-0.1328735989773449,-0.01650107717202622,-0.00580530292653349,0,0,0,0,0,-0.2936844520627745,0,-0.2936844520627745,-0.2936844520627745,-1.2034249521054072,-1.3084188911704313,-1.0130571814497975,-0.5598175409496166,-0.1897352386732409,0,0,0,0,0,-4.274453804348493,-4.274453804348493
Hayden Senger,NYM,hitter,-9.115004165764944,6,6,1,0,1,1,0,0.205068,NA,NA,NA,NA,NA,NA,0.00343799213790918,0,0.00563023724480275,0,-0.00164250543223169,0.00742572395048023,0,0,0,0,0,0,0.00742572395048023,1,0,0,0,0,0,0,0,1,0,0,C,0.3011983569402915,0.3011983569402915,0.08182421288223848,0.06011825224254059,0.13850383622214765,0.01650107717202622,0.00425097842133855,0,0,0,0,0,-0.0783862207443293,-0.06011825224254059,-0.1328735989773449,-0.01650107717202622,-0.00589348385357024,0,0,0,0,0,-0.29377263298981127,0,-0.29377263298981127,-0.29377263298981127,-1.2034249521054072,-1.3084188911704313,-1.0130571814497975,-0.5598175409496166,-0.19261726385771066,0,0,0,0,0,-4.277335829532963,-4.277335829532963
Reese McGuire,MIL,hitter,-8.957525896416229,13,12,3,0,1,1,0,0.223537,NA,NA,NA,NA,NA,NA,0.00343799213790918,0,0.00563023724480275,0,-0.00164491666361579,0.00742331271909613,0,0,0,0,0,0,0.00742331271909613,1,0,0,0,0,0,0,0,1,0,0,C,0.3011983569402915,0.3011983569402915,0.08182421288223848,0.06011825224254059,0.13850383622214765,0.01650107717202622,0.00425097842133855,0,0,0,0,0,-0.0783862207443293,-0.06011825224254059,-0.1328735989773449,-0.01650107717202622,-0.00589589508495434,0,0,0,0,0,-0.2937750442211954,0,-0.2937750442211954,-0.2937750442211954,-1.2034249521054072,-1.3084188911704313,-1.0130571814497975,-0.5598175409496166,-0.19269607035031722,0,0,0,0,0,-4.277414636025569,-4.277414636025569
Eric Haase,SFG,hitter,-8.957525896416229,13,12,3,0,1,1,0,0.217928,NA,NA,NA,NA,NA,NA,0.00343799213790918,0,0.00563023724480275,0,-0.00214301013768337,0.00692521924502855,0,0,0,0,0,0,0.00692521924502855,1,0,0,0,0,0,0,0,1,0,0,C,0.3011983569402915,0.3011983569402915,0.08182421288223848,0.06011825224254059,0.13850383622214765,0.01650107717202622,0.00425097842133855,0,0,0,0,0,-0.0783862207443293,-0.06011825224254059,-0.1328735989773449,-0.01650107717202622,-0.00639398855902192,0,0,0,0,0,-0.2942731376952629,0,-0.2942731376952629,-0.2942731376952629,-1.2034249521054072,-1.3084188911704313,-1.0130571814497975,-0.5598175409496166,-0.20897530424728597,0,0,0,0,0,-4.293693869922538,-4.293693869922538
Seby Zavala,LAD,hitter,-9.115004165764944,6,6,1,0,1,1,0,0.181364,NA,NA,NA,NA,NA,NA,0.00343799213790918,0,0.00563023724480275,0,-0.0026949931938022,0.00637323618890972,0,0,0,0,0,0,0.00637323618890972,1,0,0,0,0,0,0,0,1,0,0,C,0.3011983569402915,0.3011983569402915,0.08182421288223848,0.06011825224254059,0.13850383622214765,0.01650107717202622,0.00425097842133855,0,0,0,0,0,-0.0783862207443293,-0.06011825224254059,-0.1328735989773449,-0.01650107717202622,-0.0069459716151407495,0,0,0,0,0,-0.2948251207513818,0,-0.2948251207513818,-0.2948251207513818,-1.2034249521054072,-1.3084188911704313,-1.0130571814497975,-0.5598175409496166,-0.22701581621051417,0,0,0,0,0,-4.311734381885766,-4.311734381885766
Austin Barnes,NYM,hitter,-9.264891705342398,6,6,1,0,1,0,0,0.20816,NA,NA,NA,NA,NA,NA,0.00343799213790918,0,0,0,-0.0015052166978925,0.00193277544001667,0,0,0,0,0,0,0.00193277544001667,1,0,0,0,0,0,0,0,1,0,0,C,0.3011983569402915,0.3011983569402915,0.08182421288223848,0.06011825224254059,0.13850383622214765,0.01650107717202622,0.00425097842133855,0,0,0,0,0,-0.0783862207443293,-0.06011825224254059,-0.13850383622214765,-0.01650107717202622,-0.00575619511923105,0,0,0,0,0,-0.29926558150027477,0,-0.29926558150027477,-0.29926558150027477,-1.2034249521054072,-1.3638603696098563,-1.0130571814497975,-0.5598175409496166,-0.1881302437819904,0,0,0,0,0,-4.328290287896667,-4.328290287896667
Ben Rortvedt,NYM,hitter,-9.207258628765524,13,11,2,0,1,1,0,0.201967,NA,NA,NA,NA,NA,NA,0.00343799213790918,0,0.00563023724480275,0,-0.00326368859304162,0.0058045407896703,0,0,0,0,0,0,0.0058045407896703,1,0,0,0,0,0,0,0,1,0,0,C,0.3011983569402915,0.3011983569402915,0.08182421288223848,0.06011825224254059,0.13850383622214765,0.01650107717202622,0.00425097842133855,0,0,0,0,0,-0.0783862207443293,-0.06011825224254059,-0.1328735989773449,-0.01650107717202622,-0.00751466701438017,0,0,0,0,0,-0.2953938161506212,0,-0.2953938161506212,-0.2953938161506212,-1.2034249521054072,-1.3084188911704313,-1.0130571814497975,-0.5598175409496166,-0.24560253918992922,0,0,0,0,0,-4.330321104865181,-4.330321104865181
Johan Rojas,PHI,hitter,-10.459540683202322,91,84,21,1,11,9,5,0.246888,NA,NA,NA,NA,NA,NA,0.03781791351700098,0.01202365044850812,0.05067213520322475,0.04125269293006554,0.00300098092835045,0.14476737302714984,0,0,0,0,0,0,0.14476737302714984,0,0,0,0,0,1,0,0,1,0,0,OF,0.5234999294017727,0.5234999294017727,0.1388948823715309,0.14668853547179908,0.2319657744858733,0.03960258521286292,-0.03365184814029351,0,0,0,0,0,-0.10107696885452991,-0.13466488502329096,-0.18129363928264855,0.0016501077172026216,0.03665282906864396,0,0,0,0,0,-0.3787325563746228,0,-0.3787325563746228,-0.3787325563746228,-1.5517848066622362,-1.7852156057494868,-2.269248086447547,0.05598175409496164,1.197927715296899,0,0,0,0,0,-4.35233902946741,-4.35233902946741
Deyvison De Los Santos,MIA,hitter,-13.49595827009348,105,97,23,3,11,12,1,0.232849,NA,NA,NA,NA,NA,NA,0.03781791351700098,0.03607095134552436,0.067562846937633,0.00825053858601311,-0.00661206454155904,0.1430901858446124,0,0,0,0,0,0,0.1430901858446124,0,1,0,1,0,0,1,0,1,0,0,3B,0.4172493965587398,0.4172493965587398,0.10864055155793008,0.09137974340866171,0.1756634020378458,0.03960258521286293,0.0019631143414393,0,0,0,0,0,-0.0708226380409291,-0.05530879206313735,-0.10810055510021281,-0.031352046626849824,-0.00857517888299834,0,0,0,0,0,-0.27415921071412747,0,-0.27415921071412747,-0.27415921071412747,-1.0873050005864644,-1.064476386036961,-0.9320126069338138,-1.0636533278042717,-0.28026334415643683,0,0,0,0,0,-4.427710665517948,-4.427710665517948
Christian Koss,SFG,hitter,-14.38937644217574,56,52,13,1,6,6,1,0.248672,NA,NA,NA,NA,NA,NA,0.02062795282745508,0.01202365044850812,0.0337814234688165,0.00825053858601311,0.00254425297189515,0.07722781830268796,0,0,0,0,0,0,0.07722781830268796,0,0,1,0,0,0,0,1,1,0,0,2B,0.3590039845822357,0.3590039845822357,0.09007539401322052,0.07695136287045197,0.14526012091591095,0.04125269293006554,0.00546441385258677,0,0,0,0,0,-0.06944744118576544,-0.06492771242194385,-0.11147869744709446,-0.03300215434405243,-0.0029201608806916197,0,0,0,0,0,-0.2817761662795478,0,-0.2817761662795478,-0.2817761662795478,-1.066192282128475,-1.0977412731006162,-1.0941017559657815,-1.1196350818992329,-0.09543988120411989,0,0,0,0,0,-4.473110274298226,-4.473110274298226
Janson Junk,MIA,pitcher,-3.3105821359151326,NA,NA,NA,NA,NA,NA,NA,NA,93,5,0,68,4.34531,1.27027,0,0,0,0,0,0,0.1226495573299238,0,0.18765195106386476,0.02598683108382285,0.03187245194115177,0.3681607914187632,0.3681607914187632,0,0,0,0,0,0,0,0,0,1,0,P,0.4486529493960002,0.4486529493960002,0,0,0,0,0,0.1422734865027116,0.03627746556510604,0.24091199011581463,0.01911506633562095,0.01007494087674703,0,0,0,0,0,-0.019623929172787796,-0.03627746556510604,-0.05326003905194987,0.006871764748201899,0.02179751106440474,0,-0.08049215797723706,-0.08049215797723706,-0.08049215797723706,0,0,0,0,0,-1.062992125984252,-4.025229357798171,-1.452462580483318,0.48416177793478565,1.5676896998056722,-4.488832586525284,-4.488832586525284
Robby Snelling,MIA,pitcher,-2.7426479202581877,NA,NA,NA,NA,NA,NA,NA,NA,86,5,0,74,4.02948,1.33484,0,0,0,0,0,0,0.1226495573299238,0,0.2042094761577352,0.03615438755916825,0.01526000447406832,0.3782734255208956,0.3782734255208956,0,0,0,0,0,0,0,0,0,1,0,P,0.4486529493960002,0.4486529493960002,0,0,0,0,0,0.1422734865027116,0.03627746556510604,0.24091199011581463,0.01911506633562095,0.01007494087674703,0,0,0,0,0,-0.019623929172787796,-0.03627746556510604,-0.03670251395807944,0.0170393212235473,0.00518506359732129,0,-0.07037952387510468,-0.07037952387510468,-0.07037952387510468,0,0,0,0,0,-1.062992125984252,-4.025229357798171,-1.0009198093486076,1.2005341219740198,0.37291279588484116,-4.51569437527217,-4.51569437527217
Max Kepler,NA,hitter,NA,126,112,27,4,15,15,1,0.23712,NA,NA,NA,NA,NA,NA,0.0515698820686377,0.04809460179403248,0.08445355867204125,0.00825053858601311,-0.00409464250448142,0.18827393861624311,0,0,0,0,0,0,0.18827393861624311,0,0,0,0,0,0,0,0,0,0,0,Util,0.5234999294017727,0.5234999294017727,0.1388948823715309,0.14668853547179908,0.2319657744858733,0.03960258521286292,-0.03365184814029351,0,0,0,0,0,-0.0873250003028932,-0.0985939336777666,-0.14751221581383206,-0.03135204662684981,0.02955720563581209,0,0,0,0,0,-0.33522599078552956,0,-0.33522599078552956,-0.33522599078552956,-1.3406576220823403,-1.4525667351129365,-1.6614137775776685,-1.0636533278042712,0.9660208152434155,0,0,0,0,0,-4.552270647333802,-4.552270647333802
Tommy Troy,ARI,hitter,-14.142133469300203,63,56,13,1,6,6,1,0.238463,NA,NA,NA,NA,NA,NA,0.02062795282745508,0.01202365044850812,0.0337814234688165,0.00825053858601311,-0.00149076610281307,0.07319279922797972,0,0,0,0,0,0,0.07319279922797972,0,0,1,0,0,1,0,1,1,0,0,2B,0.3590039845822357,0.3590039845822357,0.09007539401322052,0.07695136287045197,0.14526012091591095,0.04125269293006554,0.00546441385258677,0,0,0,0,0,-0.06944744118576544,-0.06492771242194385,-0.11147869744709446,-0.03300215434405243,-0.00695517995539984,0,0,0,0,0,-0.28581118535425604,0,-0.28581118535425604,-0.28581118535425604,-1.066192282128475,-1.0977412731006162,-1.0941017559657815,-1.1196350818992329,-0.22731677322498062,0,0,0,0,0,-4.604987166319087,-4.604987166319087
Santiago Espinal,LAD,hitter,-14.340849305502282,105,96,24,1,10,9,1,0.249521,NA,NA,NA,NA,NA,NA,0.0343799213790918,0.01202365044850812,0.05067213520322475,0.00825053858601311,0.00530022929427854,0.11062647491111632,0,0,0,0,0,0,0.11062647491111632,0,0,0,1,0,0,1,0,1,0,0,3B,0.4172493965587398,0.4172493965587398,0.10864055155793008,0.09137974340866171,0.1756634020378458,0.03960258521286293,0.0019631143414393,0,0,0,0,0,-0.07426063017883827,-0.0793560929601536,-0.12499126683462106,-0.031352046626849824,0.0033371149528392398,0,0,0,0,0,-0.3066229216476235,0,-0.3066229216476235,-0.3066229216476235,-1.1400867967314383,-1.2308008213552362,-1.337235479513733,-1.0636533278042717,0.10906722871653433,0,0,0,0,0,-4.662709196688145,-4.662709196688145
German Marquez,SDP,pitcher,-12.13089111900447,NA,NA,NA,NA,NA,NA,NA,NA,128,7,0,95,4.99552,1.43212,0,0,0,0,0,0,0.1717093802618933,0,0.26216081398628166,-0.00138171891912131,-0.00915902071802441,0.4233294546110292,0.4233294546110292,0,0,0,0,0,0,0,0,0,1,0,P,0.4486529493960002,0.4486529493960002,0,0,0,0,0,0.1422734865027116,0.03627746556510604,0.24091199011581463,0.01911506633562095,0.01007494087674703,0,0,0,0,0,0.029435893759181708,-0.03627746556510604,0.021248823870467032,-0.020496785254742262,-0.01923396159477144,0,-0.025323494784971003,-0.025323494784971003,-0.025323494784971003,0,0,0,0,0,1.594488188976379,-4.025229357798171,0.5794798896228778,-1.4441355830000167,-1.383317727858417,-4.678714590057348,-4.678714590057348
Brett Wisely,ATL,hitter,-14.97780276057766,42,38,9,1,5,4,1,0.236447,NA,NA,NA,NA,NA,NA,0.0171899606895459,0.01202365044850812,0.022520948979211,0.00825053858601311,-0.00157850673037861,0.05840659197289951,0,0,0,0,0,0,0.05840659197289951,0,0,1,0,0,0,0,1,1,0,0,2B,0.3590039845822357,0.3590039845822357,0.09007539401322052,0.07695136287045197,0.14526012091591095,0.04125269293006554,0.00546441385258677,0,0,0,0,0,-0.07288543332367463,-0.06492771242194385,-0.12273917193669995,-0.03300215434405243,-0.00704292058296538,0,0,0,0,0,-0.30059739260933627,0,-0.30059739260933627,-0.30059739260933627,-1.1189740782734492,-1.208624229979466,-1.0941017559657815,-1.1196350818992329,-0.2301844080621567,0,0,0,0,0,-4.771519554180086,-4.771519554180086
Alex Freeland,LAD,hitter,-14.775481385776263,49,43,10,1,6,5,1,0.226238,NA,NA,NA,NA,NA,NA,0.02062795282745508,0.01202365044850812,0.02815118622401375,0.00825053858601311,-0.00503480188074034,0.06401852620524971,0,0,0,0,0,0,0.06401852620524971,0,0,1,1,0,0,1,1,1,0,0,2B,0.3590039845822357,0.3590039845822357,0.09007539401322052,0.07695136287045197,0.14526012091591095,0.04125269293006554,0.00546441385258677,0,0,0,0,0,-0.06944744118576544,-0.06492771242194385,-0.1171089346918972,-0.03300215434405243,-0.01049921573332711,0,0,0,0,0,-0.2949854583769861,0,-0.2949854583769861,-0.2949854583769861,-1.066192282128475,-1.153182751540041,-1.0941017559657815,-1.1196350818992329,-0.3431468139138412,0,0,0,0,0,-4.776258685447372,-4.776258685447372
Bryan Torres,STL,hitter,-13.614619479130347,35,30,8,0,4,3,1,0.269395,NA,NA,NA,NA,NA,NA,0.01375196855163672,0,0.01689071173440825,0.00825053858601311,0.00606847609536911,0.0449616949674272,0,0,0,0,0,0,0.0449616949674272,0,0,1,0,0,1,0,1,1,0,0,2B,0.3590039845822357,0.3590039845822357,0.09007539401322052,0.07695136287045197,0.14526012091591095,0.04125269293006554,0.00546441385258677,0,0,0,0,0,-0.0763234254615838,-0.07695136287045197,-0.1283694091815027,-0.03300215434405243,6.040622427823401e-4,0,0,0,0,0,-0.31404228961480857,0,-0.31404228961480857,-0.31404228961480857,-1.171755874418423,-1.264065708418891,-1.296713192255741,-1.1196350818992329,0.01974262071389244,0,0,0,0,0,-4.832427236278396,-4.832427236278396
Jerar Encarnacion,SFG,hitter,-10.446720324814606,98,89,21,4,11,13,1,0.237288,NA,NA,NA,NA,NA,NA,0.03781791351700098,0.04809460179403248,0.07319308418243575,0.00825053858601311,-0.00314313044785572,0.16421300763162658,0,0,0,0,0,0,0.16421300763162658,0,0,0,0,0,1,0,0,1,0,0,OF,0.5234999294017727,0.5234999294017727,0.1388948823715309,0.14668853547179908,0.2319657744858733,0.03960258521286292,-0.03365184814029351,0,0,0,0,0,-0.10107696885452991,-0.0985939336777666,-0.15877269030343755,-0.03135204662684981,0.030508717692437792,0,0,0,0,0,-0.3592869217701461,0,-0.3592869217701461,-0.3592869217701461,-1.5517848066622362,-1.5634496919917864,-1.6614137775776685,-1.0636533278042712,0.997119169532422,0,0,0,0,0,-4.843182434503541,-4.843182434503541
Aaron Ashby,MIL,pitcher,-1.9887629811821752,NA,NA,NA,NA,NA,NA,NA,NA,70,4,1,73,3.72268,1.37213,0,0,0,0,0,0,0.09811964586393904,0.01395287137119463,0.20144988864209012,0.03901385983840431,0.00573964021209376,0.3582759059277219,0.3582759059277219,0,0,0,0,0,0,0,0,0,0,1,P,0.4486529493960002,0.4486529493960002,0,0,0,0,0,0.1422734865027116,0.03627746556510604,0.24091199011581463,0.01911506633562095,0.01007494087674703,0,0,0,0,0,-0.04415384063877256,-0.02232459419391141,-0.039462101473724503,0.019898793502783358,-0.00433530066465327,0,-0.0903770434682784,-0.0903770434682784,-0.0903770434682784,0,0,0,0,0,-2.3917322834645685,-2.47706422018349,-1.076176937871059,1.402003065309489,-0.31179735050742213,-4.854767726717051,-4.854767726717051
Tyler Callihan,PIT,hitter,-15.429856867728349,35,32,7,1,4,3,1,0.228549,NA,NA,NA,NA,NA,NA,0.01375196855163672,0.01202365044850812,0.01689071173440825,0.00825053858601311,-0.00319956882353088,0.04771730049703531,0,0,0,0,0,0,0.04771730049703531,0,0,1,0,0,1,0,1,1,0,0,2B,0.3590039845822357,0.3590039845822357,0.09007539401322052,0.07695136287045197,0.14526012091591095,0.04125269293006554,0.00546441385258677,0,0,0,0,0,-0.0763234254615838,-0.06492771242194385,-0.1283694091815027,-0.03300215434405243,-0.00866398267611765,0,0,0,0,0,-0.31128668408520044,0,-0.31128668408520044,-0.31128668408520044,-1.171755874418423,-1.264065708418891,-1.0941017559657815,-1.1196350818992329,-0.28316572652921035,0,0,0,0,0,-4.932724147231539,-4.932724147231539
Adrian Del Castillo,ARI,hitter,-12.57059444575083,138,124,29,4,15,16,0,0.230394,NA,NA,NA,NA,NA,NA,0.0515698820686377,0.04809460179403248,0.090083795916844,0,-0.01070530867360356,0.17904297110591064,0,0,0,0,0,0,0.17904297110591064,0,0,0,0,0,0,0,0,1,0,0,Util,0.5234999294017727,0.5234999294017727,0.1388948823715309,0.14668853547179908,0.2319657744858733,0.03960258521286292,-0.03365184814029351,0,0,0,0,0,-0.0873250003028932,-0.0985939336777666,-0.1418819785690293,-0.03960258521286292,0.022946539466689952,0,0,0,0,0,-0.34445695829586204,0,-0.34445695829586204,-0.34445695829586204,-1.3406576220823403,-1.3971252566735113,-1.6614137775776685,-1.3435620982790792,0.7499638171400501,0,0,0,0,0,-4.992794937472549,-4.992794937472549
Tyler Fitzgerald,SFG,hitter,-15.763351212428034,21,19,4,1,2,2,1,0.232801,NA,NA,NA,NA,NA,NA,0.00687598427581836,0.01202365044850812,0.0112604744896055,0.00825053858601311,-0.00130189565618825,0.03710875214375683,0,0,0,0,0,0,0.03710875214375683,0,0,1,0,0,0,0,1,1,0,0,2B,0.3590039845822357,0.3590039845822357,0.09007539401322052,0.07695136287045197,0.14526012091591095,0.04125269293006554,0.00546441385258677,0,0,0,0,0,-0.08319940973740217,-0.06492771242194385,-0.13399964642630546,-0.03300215434405243,-0.00676630950877502,0,0,0,0,0,-0.32189523243847895,0,-0.32189523243847895,-0.32189523243847895,-1.2773194667083712,-1.3195071868583164,-1.0941017559657815,-1.1196350818992329,-0.2211439033985166,0,0,0,0,0,-5.031707394830218,-5.031707394830218
Brad Keller,PHI,pitcher,-3.9737036560953864,NA,NA,NA,NA,NA,NA,NA,NA,68,4,2,61,4.20032,1.35259,0,0,0,0,0,0,0.09811964586393904,0.02790574274238926,0.16833483845434927,0.02340185762050964,0.00897662682196666,0.3267387115031538,0.3267387115031538,0,0,0,0,0,0,0,0,0,0,1,P,0.4486529493960002,0.4486529493960002,0,0,0,0,0,0.1422734865027116,0.03627746556510604,0.24091199011581463,0.01911506633562095,0.01007494087674703,0,0,0,0,0,-0.04415384063877256,-0.008371722822716782,-0.07257715166146536,0.004286791284888687,-0.0010983140547803708,0,-0.12191423789284639,-0.12191423789284639,-0.12191423789284639,0,0,0,0,0,-2.3917322834645685,-0.928899082568809,-1.9792624801404797,0.3020331117519902,-0.07899138694062686,-5.076852121362493,-5.076852121362493
Orelvis Martinez,WSN,hitter,-15.17997458343525,56,50,10,2,6,6,0,0.196698,NA,NA,NA,NA,NA,NA,0.02062795282745508,0.02404730089701624,0.0337814234688165,0,-0.01678453402026564,0.06167214317302218,0,0,0,0,0,0,0.06167214317302218,0,0,1,0,0,0,0,1,1,0,0,2B,0.3590039845822357,0.3590039845822357,0.09007539401322052,0.07695136287045197,0.14526012091591095,0.04125269293006554,0.00546441385258677,0,0,0,0,0,-0.06944744118576544,-0.05290406197343573,-0.11147869744709446,-0.04125269293006554,-0.02224894787285241,0,0,0,0,0,-0.2973318414092136,0,-0.2973318414092136,-0.2973318414092136,-1.066192282128475,-1.0977412731006162,-0.8914903196758219,-1.3995438523740409,-0.7271643682175376,0,0,0,0,0,-5.182132095496492,-5.182132095496492
Kyle Farmer,ATL,hitter,-15.688330273727065,28,26,6,1,3,3,0,0.233147,NA,NA,NA,NA,NA,NA,0.01031397641372754,0.01202365044850812,0.01689071173440825,0,-0.00171496911646787,0.03751336948017603,0,0,0,0,0,0,0.03751336948017603,0,0,1,0,0,0,0,1,1,0,0,2B,0.3590039845822357,0.3590039845822357,0.09007539401322052,0.07695136287045197,0.14526012091591095,0.04125269293006554,0.00546441385258677,0,0,0,0,0,-0.07976141759949298,-0.06492771242194385,-0.1283694091815027,-0.04125269293006554,-0.00717938296905464,0,0,0,0,0,-0.32149061510205973,0,-0.32149061510205973,-0.32149061510205973,-1.224537670563397,-1.264065708418891,-1.0941017559657815,-1.3995438523740409,-0.2346444205235609,0,0,0,0,0,-5.216893407845672,-5.216893407845672
Josiah Gray,WSN,pitcher,-10.301380494442608,NA,NA,NA,NA,NA,NA,NA,NA,114,6,0,99,4.97456,1.41724,0,0,0,0,0,0,0.14717946879590854,0,0.2731991640488619,-1.640604858960056e-4,-0.00381537179225322,0.4163992005666212,0.4163992005666212,0,0,0,0,0,0,0,0,0,1,0,P,0.4486529493960002,0.4486529493960002,0,0,0,0,0,0.1422734865027116,0.03627746556510604,0.24091199011581463,0.01911506633562095,0.01007494087674703,0,0,0,0,0,0.004905982293196942,-0.03627746556510604,0.03228717393304728,-0.019279126821516956,-0.01389031266900025,0,-0.03225374882937902,-0.03225374882937902,-0.03225374882937902,0,0,0,0,0,0.2657480314960627,-4.025229357798171,0.8805084037126837,-1.358343403909207,-0.9989993827245519,-5.2363157092231845,-5.2363157092231845
Drew Gilbert,SFG,hitter,-11.024495551630713,105,94,22,3,11,12,1,0.230167,NA,NA,NA,NA,NA,NA,0.03781791351700098,0.03607095134552436,0.067562846937633,0.00825053858601311,-0.00827322036483589,0.14142903002133556,0,0,0,0,0,0,0.14142903002133556,0,0,0,0,0,1,0,0,1,0,0,OF,0.5234999294017727,0.5234999294017727,0.1388948823715309,0.14668853547179908,0.2319657744858733,0.03960258521286292,-0.03365184814029351,0,0,0,0,0,-0.10107696885452991,-0.11061758412627472,-0.16440292754824032,-0.03135204662684981,0.025378627775457623,0,0,0,0,0,-0.38207089938043715,0,-0.38207089938043715,-0.38207089938043715,-1.5517848066622362,-1.6188911704312117,-1.8640252138676279,-1.0636533278042712,0.8294519784949614,0,0,0,0,0,-5.268902540270386,-5.268902540270386
Joey Wiemer,WSN,hitter,-11.322696100231308,119,106,22,3,12,12,3,0.20761,NA,NA,NA,NA,NA,NA,0.04125590565491016,0.03607095134552436,0.067562846937633,0.02475161575803933,-0.02702359402650068,0.14261772566960618,0,0,0,0,0,0,0.14261772566960618,0,0,0,0,0,1,0,0,1,0,0,OF,0.5234999294017727,0.5234999294017727,0.1388948823715309,0.14668853547179908,0.2319657744858733,0.03960258521286292,-0.03365184814029351,0,0,0,0,0,-0.09763897671662072,-0.11061758412627472,-0.16440292754824032,-0.014850969454823587,0.006628254113792829,0,0,0,0,0,-0.3808822037321666,0,-0.3808822037321666,-0.3808822037321666,-1.499003010517262,-1.6188911704312117,-1.8640252138676279,-0.5038357868546545,0.2166318264839161,0,0,0,0,0,-5.2691233551868395,-5.2691233551868395
PJ Poulin,WSN,pitcher,-3.4350736080053075,NA,NA,NA,NA,NA,NA,NA,NA,61,4,2,59,4.08509,1.35532,0,0,0,0,0,0,0.09811964586393904,0.02790574274238926,0.16281566342305914,0.02413026918123817,0.00762631403599227,0.3205976352466179,0.3205976352466179,0,0,0,0,0,0,0,0,0,0,1,P,0.4486529493960002,0.4486529493960002,0,0,0,0,0,0.1422734865027116,0.03627746556510604,0.24091199011581463,0.01911506633562095,0.01007494087674703,0,0,0,0,0,-0.04415384063877256,-0.008371722822716782,-0.07809632669275549,0.0050152028456172185,-0.00244862684075476,0,-0.12805531414938237,-0.12805531414938237,-0.12805531414938237,0,0,0,0,0,-2.3917322834645685,-0.928899082568809,-2.1297767371853826,0.3533545770863294,-0.17610666949895504,-5.273160195631386,-5.273160195631386
Ryne Stanek,STL,pitcher,-3.0790787151069106,NA,NA,NA,NA,NA,NA,NA,NA,60,4,2,61,4.06757,1.37407,0,0,0,0,0,0,0.09811964586393904,0.02790574274238926,0.16833483845434927,0.02420389692580534,0.00462175551785796,0.32318587950434086,0.32318587950434086,0,0,0,0,0,0,0,0,0,0,1,P,0.4486529493960002,0.4486529493960002,0,0,0,0,0,0.1422734865027116,0.03627746556510604,0.24091199011581463,0.01911506633562095,0.01007494087674703,0,0,0,0,0,-0.04415384063877256,-0.008371722822716782,-0.07257715166146536,0.00508883059018439,-0.0054531853588890705,0,-0.1254670698916594,-0.1254670698916594,-0.1254670698916594,0,0,0,0,0,-2.3917322834645685,-0.928899082568809,-1.9792624801404797,0.3585421440390977,-0.39219626924386897,-5.3335479713786285,-5.3335479713786285
Jorge Barrosa,ARI,hitter,-11.70359701659821,105,94,21,2,11,10,2,0.227358,NA,NA,NA,NA,NA,NA,0.03781791351700098,0.02404730089701624,0.0563023724480275,0.01650107717202622,-0.01022721676130657,0.12444144727276436,0,0,0,0,0,0,0.12444144727276436,0,0,0,0,0,1,0,0,1,0,0,OF,0.5234999294017727,0.5234999294017727,0.1388948823715309,0.14668853547179908,0.2319657744858733,0.03960258521286292,-0.03365184814029351,0,0,0,0,0,-0.10107696885452991,-0.12264123457478285,-0.1756634020378458,-0.0231015080408367,0.02342463137898694,0,0,0,0,0,-0.39905848212900835,0,-0.39905848212900835,-0.39905848212900835,-1.5517848066622362,-1.7297741273100617,-2.0666366501575877,-0.7837445573294628,0.7655893381912972,0,0,0,0,0,-5.366350803268052,-5.366350803268052
Will Brennan,SFG,hitter,-11.854136072226224,77,72,19,1,8,8,1,0.265985,NA,NA,NA,NA,NA,NA,0.02750393710327344,0.01202365044850812,0.045041897958422,0.00825053858601311,0.01274744256124056,0.10556746665745724,0,0,0,0,0,0,0.10556746665745724,0,0,0,0,0,1,0,0,1,0,0,OF,0.5234999294017727,0.5234999294017727,0.1388948823715309,0.14668853547179908,0.2319657744858733,0.03960258521286292,-0.03365184814029351,0,0,0,0,0,-0.11139094526825745,-0.13466488502329096,-0.1869238765274513,-0.03135204662684981,0.04639929070153407,0,0,0,0,0,-0.41793246274431545,0,-0.41793246274431545,-0.41793246274431545,-1.7101301950971581,-1.8406570841889116,-2.269248086447547,-1.0636533278042712,1.5164721991142538,0,0,0,0,0,-5.367216494423634,-5.367216494423634
Luis Urias,NA,hitter,NA,98,85,20,3,10,11,1,0.228781,NA,NA,NA,NA,NA,NA,0.0343799213790918,0.03607095134552436,0.06193260969283025,0.00825053858601311,-0.00835292250546591,0.1322810984979936,0,0,0,0,0,0,0.1322810984979936,0,0,0,0,0,0,0,0,0,0,0,Util,0.5234999294017727,0.5234999294017727,0.1388948823715309,0.14668853547179908,0.2319657744858733,0.03960258521286292,-0.03365184814029351,0,0,0,0,0,-0.1045149609924391,-0.11061758412627472,-0.17003316479304303,-0.03135204662684981,0.0252989256348276,0,0,0,0,0,-0.39121883090377907,0,-0.39121883090377907,-0.39121883090377907,-1.60456660280721,-1.6743326488706365,-1.8640252138676279,-1.0636533278042712,0.8268470662506601,0,0,0,0,0,-5.379730727099086,-5.379730727099086
Mike Tauchman,NYM,hitter,-11.449266393249015,105,91,21,2,13,10,1,0.233479,NA,NA,NA,NA,NA,NA,0.04469389779281934,0.02404730089701624,0.0563023724480275,0.00825053858601311,-0.00577881670055178,0.1275152930233244,0,0,0,0,0,0,0.1275152930233244,0,0,0,0,0,1,0,0,1,0,0,OF,0.5234999294017727,0.5234999294017727,0.1388948823715309,0.14668853547179908,0.2319657744858733,0.03960258521286292,-0.03365184814029351,0,0,0,0,0,-0.09420098457871154,-0.12264123457478285,-0.1756634020378458,-0.03135204662684981,0.027873031439741732,0,0,0,0,0,-0.3959846363784483,0,-0.3959846363784483,-0.3959846363784483,-1.446221214372288,-1.7297741273100617,-2.0666366501575877,-1.0636533278042712,0.9109767982295551,0,0,0,0,0,-5.395308521414654,-5.395308521414654
Mason Montgomery,PIT,pitcher,-2.1904376731121125,NA,NA,NA,NA,NA,NA,NA,NA,60,3,2,63,3.8674,1.30844,0,0,0,0,0,0,0.07358973439795427,0.02790574274238926,0.17385401348563942,0.02956468177631716,0.01470090281234743,0.31961507521464755,0.31961507521464755,0,0,0,0,0,0,0,0,0,0,1,P,0.4486529493960002,0.4486529493960002,0,0,0,0,0,0.1422734865027116,0.03627746556510604,0.24091199011581463,0.01911506633562095,0.01007494087674703,0,0,0,0,0,-0.06868375210475733,-0.008371722822716782,-0.06705797663017521,0.010449615440696208,0.004625961935600401,0,-0.1290378741813527,-0.1290378741813527,-0.1290378741813527,0,0,0,0,0,-3.720472440944885,-0.928899082568809,-1.828748223095576,0.7362452842737535,0.3327018785175188,-5.409172583817998,-5.409172583817998
Ty France,SDP,hitter,-14.968855274901868,49,44,11,1,5,5,0,0.250279,NA,NA,NA,NA,NA,NA,0.0171899606895459,0.01202365044850812,0.02815118622401375,0,0.00267608363286604,0.06004088099493381,0,0,0,0,0,0,0.06004088099493381,0,1,0,0,0,0,1,0,1,0,0,1B,0.44297870877619505,0.44297870877619505,0.11345374055100294,0.11783177439537958,0.19480620867017517,0.03465226206125506,-0.01776527690161768,0,0,0,0,0,-0.09626377986145704,-0.10580812394687146,-0.16665502244616143,-0.03465226206125506,0.02044136053448372,0,0,0,0,0,-0.3829378277812613,0,-0.3829378277812613,-0.3829378277812613,-1.4778902920592722,-1.6410677618069818,-1.7829806393516439,-1.1756168359941948,0.6680868283529806,0,0,0,0,0,-5.409468700859112,-5.409468700859112
Rafael Flores Jr.,PIT,hitter,-7.504408298438275,53,48,12,1,5,5,0,0.245506,NA,NA,NA,NA,NA,NA,0.0171899606895459,0.01202365044850812,0.02815118622401375,0,0.00122394577683701,0.05858874313890479,0,0,0,0,0,0,0.05858874313890479,0,1,0,0,0,0,1,0,1,0,0,1B,0.44297870877619505,0.44297870877619505,0.11345374055100294,0.11783177439537958,0.19480620867017517,0.03465226206125506,-0.01776527690161768,0,0,0,0,0,-0.09626377986145704,-0.10580812394687146,-0.16665502244616143,-0.03465226206125506,0.01898922267845469,0,0,0,0,0,-0.3843899656372903,0,-0.3843899656372903,-0.3843899656372903,-1.4778902920592722,-1.6410677618069818,-1.7829806393516439,-1.1756168359941948,0.6206264759498652,0,0,0,0,0,-5.456929053262227,-5.456929053262227
Chas McCormick,CHC,hitter,-12.048146145935018,70,62,14,2,8,8,2,0.228196,NA,NA,NA,NA,NA,NA,0.02750393710327344,0.02404730089701624,0.045041897958422,0.01650107717202622,-0.00636112563697461,0.10673308749376328,0,0,0,0,0,0,0.10673308749376328,0,0,0,0,0,1,0,0,1,0,0,OF,0.5234999294017727,0.5234999294017727,0.1388948823715309,0.14668853547179908,0.2319657744858733,0.03960258521286292,-0.03365184814029351,0,0,0,0,0,-0.11139094526825745,-0.12264123457478285,-0.1869238765274513,-0.0231015080408367,0.0272907225033189,0,0,0,0,0,-0.41676684190800944,0,-0.41676684190800944,-0.41676684190800944,-1.7101301950971581,-1.8406570841889116,-2.0666366501575877,-0.7837445573294628,0.8919451427876366,0,0,0,0,0,-5.509223343985483,-5.509223343985483
Jose Butto,SFG,pitcher,-2.632691556231461,NA,NA,NA,NA,NA,NA,NA,NA,64,3,2,59,3.8893,1.30631,0,0,0,0,0,0,0.07358973439795427,0.02790574274238926,0.16281566342305914,0.03091005265758344,0.0160298860937437,0.31125107931472984,0.31125107931472984,0,0,0,0,0,0,0,0,0,0,1,P,0.4486529493960002,0.4486529493960002,0,0,0,0,0,0.1422734865027116,0.03627746556510604,0.24091199011581463,0.01911506633562095,0.01007494087674703,0,0,0,0,0,-0.06868375210475733,-0.008371722822716782,-0.07809632669275549,0.011794986321962488,0.00595494521699667,0,-0.13740187008127044,-0.13740187008127044,-0.13740187008127044,0,0,0,0,0,-3.720472440944885,-0.928899082568809,-2.1297767371853826,0.8310356593409463,0.4282831306752991,-5.519829470682831,-5.519829470682831
Vimael Machin,COL,hitter,-17.149651690729513,7,6,2,0,1,1,0,0.258554,NA,NA,NA,NA,NA,NA,0.00343799213790918,0,0.00563023724480275,0,7.323410247106e-4,0.00980057040742253,0,0,0,0,0,0,0.00980057040742253,0,1,1,1,0,0,1,1,1,0,0,2B,0.3590039845822357,0.3590039845822357,0.09007539401322052,0.07695136287045197,0.14526012091591095,0.04125269293006554,0.00546441385258677,0,0,0,0,0,-0.08663740187531134,-0.07695136287045197,-0.1396298836711082,-0.04125269293006554,-0.00473207282787617,0,0,0,0,0,-0.34920341417481326,0,-0.34920341417481326,-0.34920341417481326,-1.330101262853345,-1.3749486652977414,-1.296713192255741,-1.3995438523740409,-0.15465876264830322,0,0,0,0,0,-5.555965735429172,-5.555965735429172
Yohandy Morales,WSN,hitter,-15.836199913300025,56,51,12,1,6,6,0,0.236289,NA,NA,NA,NA,NA,NA,0.02062795282745508,0.01202365044850812,0.0337814234688165,0,-0.00217815309963853,0.06425487364514115,0,0,0,0,0,0,0.06425487364514115,0,1,0,1,0,0,1,0,1,0,0,3B,0.4172493965587398,0.4172493965587398,0.10864055155793008,0.09137974340866171,0.1756634020378458,0.03960258521286293,0.0019631143414393,0,0,0,0,0,-0.088012598730475,-0.0793560929601536,-0.14188197856902932,-0.03960258521286293,-0.00414126744107783,0,0,0,0,0,-0.3529945229135987,0,-0.3529945229135987,-0.3529945229135987,-1.3512139813113344,-1.3971252566735115,-1.337235479513733,-1.34356209827908,-0.13534941695313285,0,0,0,0,0,-5.564486232730792,-5.564486232730792
James Triantos,CHC,hitter,-16.244097321566763,7,6,2,0,1,1,0,0.239381,NA,NA,NA,NA,NA,NA,0.00343799213790918,0,0.00563023724480275,0,-1.1896457150064384e-4,0.00894926481121128,0,0,0,0,0,0,0.00894926481121128,0,0,1,0,0,1,0,1,1,0,0,2B,0.3590039845822357,0.3590039845822357,0.09007539401322052,0.07695136287045197,0.14526012091591095,0.04125269293006554,0.00546441385258677,0,0,0,0,0,-0.08663740187531134,-0.07695136287045197,-0.1396298836711082,-0.04125269293006554,-0.005583378424087414,0,0,0,0,0,-0.3500547197710245,0,-0.3500547197710245,-0.3500547197710245,-1.330101262853345,-1.3749486652977414,-1.296713192255741,-1.3995438523740409,-0.1824820601618157,0,0,0,0,0,-5.5837890329426845,-5.5837890329426845
Samad Taylor,SDP,hitter,-14.93467936877915,7,6,1,0,1,1,0,0.237423,NA,NA,NA,NA,NA,NA,0.00343799213790918,0,0.00563023724480275,0,-2.059022629094807e-4,0.00886232711980244,0,0,0,0,0,0,0.00886232711980244,0,0,1,0,0,1,0,1,1,0,0,2B,0.3590039845822357,0.3590039845822357,0.09007539401322052,0.07695136287045197,0.14526012091591095,0.04125269293006554,0.00546441385258677,0,0,0,0,0,-0.08663740187531134,-0.07695136287045197,-0.1396298836711082,-0.04125269293006554,-0.0056703161154962505,0,0,0,0,0,-0.3501416574624333,0,-0.3501416574624333,-0.3501416574624333,-1.330101262853345,-1.3749486652977414,-1.296713192255741,-1.3995438523740409,-0.18532345256422836,0,0,0,0,0,-5.586630425345097,-5.586630425345097
Trey Lipscomb,WSN,hitter,-15.918115214016868,14,13,3,0,1,1,0,0.236128,NA,NA,NA,NA,NA,NA,0.00343799213790918,0,0.00563023724480275,0,-5.707041398506697e-4,0.00849752524286126,0,0,0,0,0,0,0.00849752524286126,0,0,1,1,0,1,1,1,1,0,0,2B,0.3590039845822357,0.3590039845822357,0.09007539401322052,0.07695136287045197,0.14526012091591095,0.04125269293006554,0.00546441385258677,0,0,0,0,0,-0.08663740187531134,-0.07695136287045197,-0.1396298836711082,-0.04125269293006554,-0.006035117992437439,0,0,0,0,0,-0.3505064593393745,0,-0.3505064593393745,-0.3505064593393745,-1.330101262853345,-1.3749486652977414,-1.296713192255741,-1.3995438523740409,-0.19724630518119135,0,0,0,0,0,-5.59855327796206,-5.59855327796206
Ryan Ward,LAD,hitter,-14.93467936877915,7,6,1,0,1,1,0,0.226996,NA,NA,NA,NA,NA,NA,0.00343799213790918,0,0.00563023724480275,0,-6.688743304886093e-4,0.00839935505222332,0,0,0,0,0,0,0.00839935505222332,0,1,1,0,0,1,1,1,1,0,0,2B,0.3590039845822357,0.3590039845822357,0.09007539401322052,0.07695136287045197,0.14526012091591095,0.04125269293006554,0.00546441385258677,0,0,0,0,0,-0.08663740187531134,-0.07695136287045197,-0.1396298836711082,-0.04125269293006554,-0.006133288183075379,0,0,0,0,0,-0.3506046295300125,0,-0.3506046295300125,-0.3506046295300125,-1.330101262853345,-1.3749486652977414,-1.296713192255741,-1.3995438523740409,-0.20045481036808768,0,0,0,0,0,-5.601761783148957,-5.601761783148957
Will Wagner,SDP,hitter,-16.20622127647912,35,31,8,1,4,3,0,0.253101,NA,NA,NA,NA,NA,NA,0.01375196855163672,0.01202365044850812,0.01689071173440825,0,0.00253280791190501,0.0451991386464581,0,0,0,0,0,0,0.0451991386464581,0,0,0,1,0,0,1,0,1,0,0,3B,0.4172493965587398,0.4172493965587398,0.10864055155793008,0.09137974340866171,0.1756634020378458,0.03960258521286293,0.0019631143414393,0,0,0,0,0,-0.09488858300629335,-0.0793560929601536,-0.15877269030343755,-0.03960258521286293,5.696935704657098e-4,0,0,0,0,0,-0.3720502579122817,0,-0.3720502579122817,-0.3720502579122817,-1.4567775736012825,-1.5634496919917864,-1.337235479513733,-1.34356209827908,0.01861934629955071,0,0,0,0,0,-5.68240549708633,-5.68240549708633
Michael Conforto,CHC,hitter,-11.754570700067417,91,80,18,3,10,11,0,0.226709,NA,NA,NA,NA,NA,NA,0.0343799213790918,0.03607095134552436,0.06193260969283025,0,-0.00908823327566247,0.12329524914178394,0,0,0,0,0,0,0.12329524914178394,0,0,0,0,0,1,0,0,1,0,0,OF,0.5234999294017727,0.5234999294017727,0.1388948823715309,0.14668853547179908,0.2319657744858733,0.03960258521286292,-0.03365184814029351,0,0,0,0,0,-0.1045149609924391,-0.11061758412627472,-0.17003316479304303,-0.03960258521286292,0.02456361486463104,0,0,0,0,0,-0.40020468025998873,0,-0.40020468025998873,-0.40020468025998873,-1.60456660280721,-1.6743326488706365,-1.8640252138676279,-1.3435620982790792,0.8028148380882691,0,0,0,0,0,-5.683671725736286,-5.683671725736286
Isaac Mattson,PIT,pitcher,-4.148375169792832,NA,NA,NA,NA,NA,NA,NA,NA,64,4,2,60,4.25657,1.37765,0,0,0,0,0,0,0.09811964586393904,0.02790574274238926,0.1655752509387042,0.02041840814449968,0.0043434196527644,0.31636246734229656,0.31636246734229656,0,0,0,0,0,0,0,0,0,0,1,P,0.4486529493960002,0.4486529493960002,0,0,0,0,0,0.1422734865027116,0.03627746556510604,0.24091199011581463,0.01911506633562095,0.01007494087674703,0,0,0,0,0,-0.04415384063877256,-0.008371722822716782,-0.07533673917711042,0.0013033418088787274,-0.00573152122398263,0,-0.13229048205370367,-0.13229048205370367,-0.13229048205370367,0,0,0,0,0,-2.3917322834645685,-0.928899082568809,-2.054519608662931,0.09182914586949188,-0.4122143468814678,-5.695536175708285,-5.695536175708285
Matt Mervis,WSN,hitter,-15.578387651401265,35,32,7,1,4,4,0,0.215646,NA,NA,NA,NA,NA,NA,0.01375196855163672,0.01202365044850812,0.022520948979211,0,-0.00625508678675379,0.04204148119260205,0,0,0,0,0,0,0.04204148119260205,0,1,0,0,0,0,1,0,1,0,0,1B,0.44297870877619505,0.44297870877619505,0.11345374055100294,0.11783177439537958,0.19480620867017517,0.03465226206125506,-0.01776527690161768,0,0,0,0,0,-0.09970177199936621,-0.10580812394687146,-0.17228525969096417,-0.03465226206125506,0.01151019011486389,0,0,0,0,0,-0.400937227583593,0,-0.400937227583593,-0.400937227583593,-1.5306720882042462,-1.6965092402464068,-1.7829806393516439,-1.1756168359941948,0.37618858072616373,0,0,0,0,0,-5.809590223070328,-5.809590223070328
Rhett Lowder,CIN,pitcher,-6.546370905999196,NA,NA,NA,NA,NA,NA,NA,NA,100,5,0,77,4.62199,1.34953,0,0,0,0,0,0,0.1226495573299238,0,0.2124882387046704,0.0155931434182419,0.01398415585463432,0.3647150953074704,0.3647150953074704,0,0,0,0,0,0,0,0,0,1,0,P,0.4486529493960002,0.4486529493960002,0,0,0,0,0,0.1422734865027116,0.03627746556510604,0.24091199011581463,0.01911506633562095,0.01007494087674703,0,0,0,0,0,-0.019623929172787796,-0.03627746556510604,-0.028423751411144227,-0.0035219229173790514,0.00390921497788729,0,-0.08393785408852983,-0.08393785408852983,-0.08393785408852983,0,0,0,0,0,-1.062992125984252,-4.025229357798171,-0.7751484237812525,-0.24814302059361026,0.28115301958339994,-5.830359908573886,-5.830359908573886
Tyler Black,MIL,hitter,-14.340976431593676,14,12,3,0,2,1,1,0.221503,NA,NA,NA,NA,NA,NA,0.00687598427581836,0,0.00563023724480275,0.00825053858601311,-0.00182554103984211,0.0189312190667921,0,0,0,0,0,0,0.0189312190667921,0,1,0,0,0,1,1,0,1,0,0,1B,0.44297870877619505,0.44297870877619505,0.11345374055100294,0.11783177439537958,0.19480620867017517,0.03465226206125506,-0.01776527690161768,0,0,0,0,0,-0.10657775627518458,-0.11783177439537958,-0.18917597142537243,-0.026401723475241952,0.01593973586177557,0,0,0,0,0,-0.424047489709403,0,-0.424047489709403,-0.424047489709403,-1.6362356804941942,-1.8628336755646822,-1.9855920756416034,-0.8957080655193864,0.5209598235260943,0,0,0,0,0,-5.859409673693772,-5.859409673693772
Ben Gamel,ATL,hitter,-12.404073256287262,70,61,14,2,8,7,1,0.226693,NA,NA,NA,NA,NA,NA,0.02750393710327344,0.02404730089701624,0.03941166071361925,0.00825053858601311,-0.00693700047967381,0.09227643682024823,0,0,0,0,0,0,0.09227643682024823,0,0,0,0,0,1,0,0,1,0,0,OF,0.5234999294017727,0.5234999294017727,0.1388948823715309,0.14668853547179908,0.2319657744858733,0.03960258521286292,-0.03365184814029351,0,0,0,0,0,-0.11139094526825745,-0.12264123457478285,-0.19255411377225407,-0.03135204662684981,0.0267148476606197,0,0,0,0,0,-0.4312234925815245,0,-0.4312234925815245,-0.4312234925815245,-1.7101301950971581,-1.8960985626283369,-2.0666366501575877,-1.0636533278042712,0.8731237734106742,0,0,0,0,0,-5.86339496227668,-5.86339496227668
Kris Bryant,COL,hitter,-14.807272700212163,84,75,18,2,9,8,0,0.238154,NA,NA,NA,NA,NA,NA,0.03094192924118262,0.02404730089701624,0.045041897958422,0,-0.00216806165958186,0.097863066437039,0,0,0,0,0,0,0.097863066437039,0,0,0,0,0,0,0,0,1,0,0,Util,0.5234999294017727,0.5234999294017727,0.1388948823715309,0.14668853547179908,0.2319657744858733,0.03960258521286292,-0.03365184814029351,0,0,0,0,0,-0.10795295313034826,-0.12264123457478285,-0.1869238765274513,-0.03960258521286292,0.03148378648071165,0,0,0,0,0,-0.4256368629647337,0,-0.4256368629647337,-0.4256368629647337,-1.657348398952184,-1.8406570841889116,-2.0666366501575877,-1.3435620982790792,1.0289874306046207,0,0,0,0,0,-5.879216800973142,-5.879216800973142
Juan Mejia,COL,pitcher,-6.493889875057534,NA,NA,NA,NA,NA,NA,NA,NA,66,3,3,68,4.56556,1.41281,0,0,0,0,0,0,0.07358973439795427,0.04185861411358389,0.18765195106386476,0.01195386161725174,-0.00146052699537794,0.3135936341972767,0.3135936341972767,0,0,0,0,0,0,0,0,0,0,1,P,0.4486529493960002,0.4486529493960002,0,0,0,0,0,0.1422734865027116,0.03627746556510604,0.24091199011581463,0.01911506633562095,0.01007494087674703,0,0,0,0,0,-0.06868375210475733,0.0055811485484778475,-0.05326003905194987,-0.0071612047183692105,-0.01153546787212497,0,-0.13505931519872352,-0.13505931519872352,-0.13505931519872352,0,0,0,0,0,-3.720472440944885,0.619266055045872,-1.452462580483318,-0.504554759315335,-0.8296375724795817,-5.887861298177247,-5.887861298177247
Vidal Brujan,NYM,hitter,-15.509754268440696,21,19,4,0,2,2,1,0.22669,NA,NA,NA,NA,NA,NA,0.00687598427581836,0,0.0112604744896055,0.00825053858601311,-0.00216112687952742,0.02422587047190954,0,0,0,0,0,0,0.02422587047190954,0,0,0,1,0,0,1,0,1,0,0,3B,0.4172493965587398,0.4172493965587398,0.10864055155793008,0.09137974340866171,0.1756634020378458,0.03960258521286293,0.0019631143414393,0,0,0,0,0,-0.10176456728211172,-0.09137974340866171,-0.16440292754824032,-0.031352046626849824,-0.00412424122096672,0,0,0,0,0,-0.3930235260868303,0,-0.3930235260868303,-0.3930235260868303,-1.5623411658912305,-1.6188911704312117,-1.5398469158036925,-1.0636533278042717,-0.13479294746698087,0,0,0,0,0,-5.919525527397386,-5.919525527397386
Andrew Painter,PHI,pitcher,-8.45193271747893,NA,NA,NA,NA,NA,NA,NA,NA,104,5,0,90,4.73054,1.39193,0,0,0,0,0,0,0.1226495573299238,0,0.2483628764080563,0.01117790458032684,0.00325676097607125,0.3854470992943782,0.3854470992943782,0,0,0,0,0,0,0,0,0,1,0,P,0.4486529493960002,0.4486529493960002,0,0,0,0,0,0.1422734865027116,0.03627746556510604,0.24091199011581463,0.01911506633562095,0.01007494087674703,0,0,0,0,0,-0.019623929172787796,-0.03627746556510604,0.007450886292241665,-0.007937161755294112,-0.00681817990067578,0,-0.06320585010162207,-0.06320585010162207,-0.06320585010162207,0,0,0,0,0,-1.062992125984252,-4.025229357798171,0.2031942470106189,-0.5592261213838449,-0.4903674722370592,-5.934620830392708,-5.934620830392708
Anthony Bender,MIA,pitcher,-1.8508878699501603,NA,NA,NA,NA,NA,NA,NA,NA,61,4,1,58,3.90518,1.30401,0,0,0,0,0,0,0.09811964586393904,0.01395287137119463,0.16005607590741405,0.02902877103381269,0.01563759543893191,0.3167949596152923,0.3167949596152923,0,0,0,0,0,0,0,0,0,0,1,P,0.4486529493960002,0.4486529493960002,0,0,0,0,0,0.1422734865027116,0.03627746556510604,0.24091199011581463,0.01911506633562095,0.01007494087674703,0,0,0,0,0,-0.04415384063877256,-0.02232459419391141,-0.08085591420840058,0.00991370469819174,0.005562654562184879,0,-0.13185798978070792,-0.13185798978070792,-0.13185798978070792,0,0,0,0,0,-2.3917322834645685,-2.47706422018349,-2.205033865707835,0.6984867888343966,0.40006935814588657,-5.975274222375609,-5.975274222375609
Tyler Phillips,MIA,pitcher,-5.640435293312918,NA,NA,NA,NA,NA,NA,NA,NA,68,3,3,50,4.22976,1.37238,0,0,0,0,0,0,0.07358973439795427,0.04185861411358389,0.1379793757822535,0.02250829528117002,0.00553213748854689,0.28146815706350864,0.28146815706350864,0,0,0,0,0,0,0,0,0,0,1,P,0.4486529493960002,0.4486529493960002,0,0,0,0,0,0.1422734865027116,0.03627746556510604,0.24091199011581463,0.01911506633562095,0.01007494087674703,0,0,0,0,0,-0.06868375210475733,0.0055811485484778475,-0.10293261433356113,0.0033932289455490677,-0.00454280338820014,0,-0.1671847923324917,-0.1671847923324917,-0.1671847923324917,0,0,0,0,0,-3.720472440944885,0.619266055045872,-2.807090893887448,0.23907566970285135,-0.3267210673219196,-5.99594267740553,-5.99594267740553
Brooks Raley,NYM,pitcher,-0.8275896629002804,NA,NA,NA,NA,NA,NA,NA,NA,62,3,1,61,3.80212,1.23152,0,0,0,0,0,0,0.07358973439795427,0.01395287137119463,0.16833483845434927,0.03235672111578681,0.02739771248182301,0.315631877821108,0.315631877821108,0,0,0,0,0,0,0,0,0,0,1,P,0.4486529493960002,0.4486529493960002,0,0,0,0,0,0.1422734865027116,0.03627746556510604,0.24091199011581463,0.01911506633562095,0.01007494087674703,0,0,0,0,0,-0.06868375210475733,-0.02232459419391141,-0.07257715166146536,0.013241654780165858,0.01732277160507598,0,-0.13302107157489226,-0.13302107157489226,-0.13302107157489226,0,0,0,0,0,-3.720472440944885,-2.47706422018349,-1.9792624801404797,0.9329631260792677,1.2458638299172895,-5.997972185272298,-5.997972185272298
Nelson Velazquez,STL,hitter,-12.758673659084424,56,50,11,2,6,7,1,0.220471,NA,NA,NA,NA,NA,NA,0.02062795282745508,0.02404730089701624,0.03941166071361925,0.00825053858601311,-0.00798827194220017,0.08434918108190351,0,0,0,0,0,0,0.08434918108190351,0,0,0,0,0,1,0,0,1,0,0,OF,0.5234999294017727,0.5234999294017727,0.1388948823715309,0.14668853547179908,0.2319657744858733,0.03960258521286292,-0.03365184814029351,0,0,0,0,0,-0.1182669295440758,-0.12264123457478285,-0.19255411377225407,-0.03135204662684981,0.02566357619809334,0,0,0,0,0,-0.43915074831986917,0,-0.43915074831986917,-0.43915074831986917,-1.8156937873871062,-1.8960985626283369,-2.0666366501575877,-1.0636533278042712,0.8387649734691333,0,0,0,0,0,-6.003317354508169,-6.003317354508169
Hunter Barco,PIT,pitcher,-4.574287921046663,NA,NA,NA,NA,NA,NA,NA,NA,89,4,0,82,4.15354,1.37009,0,0,0,0,0,0,0.09811964586393904,0,0.22628617628289577,0.03248725552360128,0.00776226142956691,0.364655339100003,0.364655339100003,0,0,0,0,0,0,0,0,0,1,0,P,0.4486529493960002,0.4486529493960002,0,0,0,0,0,0.1422734865027116,0.03627746556510604,0.24091199011581463,0.01911506633562095,0.01007494087674703,0,0,0,0,0,-0.04415384063877256,-0.03627746556510604,-0.01462581383291886,0.013372189187980329,-0.00231267944718012,0,-0.08399761029599725,-0.08399761029599725,-0.08399761029599725,0,0,0,0,0,-2.3917322834645685,-4.025229357798171,-0.3988627811689936,0.9421601479921112,-0.1663292537200306,-6.039993528159653,-6.039993528159653
Ryan Thompson,ARI,pitcher,-2.189693537897755,NA,NA,NA,NA,NA,NA,NA,NA,64,4,1,52,3.81265,1.30317,0,0,0,0,0,0,0.09811964586393904,0.01395287137119463,0.14349855081354365,0.0330996803209588,0.01654426098335229,0.3052150093529884,0.3052150093529884,0,0,0,0,0,0,0,0,0,0,1,P,0.4486529493960002,0.4486529493960002,0,0,0,0,0,0.1422734865027116,0.03627746556510604,0.24091199011581463,0.01911506633562095,0.01007494087674703,0,0,0,0,0,-0.04415384063877256,-0.02232459419391141,-0.09741343930227098,0.01398461398533785,0.00646932010660526,0,-0.14343794004301186,-0.14343794004301186,-0.14343794004301186,0,0,0,0,0,-2.3917322834645685,-2.47706422018349,-2.6565766368425443,0.9853095702446054,0.4652772725245895,-6.074786297721408,-6.074786297721408
Brandon Lockridge,MIL,hitter,-13.37725213122911,42,38,9,0,5,4,2,0.241659,NA,NA,NA,NA,NA,NA,0.0171899606895459,0,0.022520948979211,0.01650107717202622,-1.1285032846607112e-4,0.05609913651231704,0,0,0,0,0,0,0.05609913651231704,0,0,0,0,0,1,0,0,1,0,0,OF,0.5234999294017727,0.5234999294017727,0.1388948823715309,0.14668853547179908,0.2319657744858733,0.03960258521286292,-0.03365184814029351,0,0,0,0,0,-0.12170492168198499,-0.14668853547179908,-0.2094448255066623,-0.0231015080408367,0.03353899781182744,0,0,0,0,0,-0.4674007928894556,0,-0.4674007928894556,-0.4674007928894556,-1.86847558353208,-2.0624229979466118,-2.4718595227375064,-0.7837445573294628,1.0961580877379342,0,0,0,0,0,-6.0903445738077275,-6.0903445738077275
Tom Murphy,NA,hitter,NA,64,58,13,2,7,7,0,0.23328,NA,NA,NA,NA,NA,NA,0.02406594496536426,0.02404730089701624,0.03941166071361925,0,-0.00376861510082117,0.08375629147517857,0,0,0,0,0,0,0.08375629147517857,0,0,0,0,0,0,0,0,0,0,0,Util,0.5234999294017727,0.5234999294017727,0.1388948823715309,0.14668853547179908,0.2319657744858733,0.03960258521286292,-0.03365184814029351,0,0,0,0,0,-0.11482893740616662,-0.12264123457478285,-0.19255411377225407,-0.03960258521286292,0.02988323303947234,0,0,0,0,0,-0.4397436379265941,0,-0.4397436379265941,-0.4397436379265941,-1.762911991242132,-1.8960985626283369,-2.0666366501575877,-1.3435620982790792,0.9766763982561064,0,0,0,0,0,-6.09253290405103,-6.09253290405103
Brock Wilken,MIL,hitter,-16.669159722698293,42,36,7,1,4,5,0,0.190964,NA,NA,NA,NA,NA,NA,0.01375196855163672,0.01202365044850812,0.02815118622401375,0,-0.01361244587111302,0.04031435935304556,0,0,0,0,0,0,0.04031435935304556,0,0,0,1,0,0,1,0,1,0,0,3B,0.4172493965587398,0.4172493965587398,0.10864055155793008,0.09137974340866171,0.1756634020378458,0.03960258521286293,0.0019631143414393,0,0,0,0,0,-0.09488858300629335,-0.0793560929601536,-0.14751221581383206,-0.03960258521286293,-0.01557556021255232,0,0,0,0,0,-0.3769350372056942,0,-0.3769350372056942,-0.3769350372056942,-1.4567775736012825,-1.4525667351129365,-1.337235479513733,-1.34356209827908,-0.5090574379660671,0,0,0,0,0,-6.0991993244730995,-6.0991993244730995
Jonathon Long,CHC,hitter,-16.250979275204894,7,6,2,0,1,1,0,0.245933,NA,NA,NA,NA,NA,NA,0.00343799213790918,0,0.00563023724480275,0,1.7195256543025235e-4,0.00924018194814218,0,0,0,0,0,0,0.00924018194814218,0,1,0,0,0,0,1,0,1,0,0,1B,0.44297870877619505,0.44297870877619505,0.11345374055100294,0.11783177439537958,0.19480620867017517,0.03465226206125506,-0.01776527690161768,0,0,0,0,0,-0.11001574841309375,-0.11783177439537958,-0.18917597142537243,-0.03465226206125506,0.01793722946704793,0,0,0,0,0,-0.43373852682805286,0,-0.43373852682805286,-0.43373852682805286,-1.6890174766391681,-1.8628336755646822,-1.9855920756416034,-1.1756168359941948,0.5862440870246284,0,0,0,0,0,-6.1268159768150205,-6.1268159768150205
Jimmy Herget,COL,pitcher,-6.002841682142619,NA,NA,NA,NA,NA,NA,NA,NA,77,3,2,70,4.5751,1.33827,0,0,0,0,0,0,0.07358973439795427,0.02790574274238926,0.1931711260951549,0.01361829014165297,0.0129870143631063,0.3212719077402577,0.3212719077402577,0,0,0,0,0,0,0,0,0,0,1,P,0.4486529493960002,0.4486529493960002,0,0,0,0,0,0.1422734865027116,0.03627746556510604,0.24091199011581463,0.01911506633562095,0.01007494087674703,0,0,0,0,0,-0.06868375210475733,-0.008371722822716782,-0.04774086402065972,-0.005496776193967981,0.00291207348635927,0,-0.12738104165574254,-0.12738104165574254,-0.12738104165574254,0,0,0,0,0,-3.720472440944885,-0.928899082568809,-1.3019483234384144,-0.387284639753932,0.20943802235740677,-6.129166464348633,-6.129166464348633
Enmanuel Valdez,PIT,hitter,-16.586208806391653,7,6,1,0,1,1,0,0.238097,NA,NA,NA,NA,NA,NA,0.00343799213790918,0,0.00563023724480275,0,-1.7597580529479413e-4,0.00889225357741713,0,0,0,0,0,0,0.00889225357741713,0,1,0,0,0,0,1,0,1,0,0,1B,0.44297870877619505,0.44297870877619505,0.11345374055100294,0.11783177439537958,0.19480620867017517,0.03465226206125506,-0.01776527690161768,0,0,0,0,0,-0.11001574841309375,-0.11783177439537958,-0.18917597142537243,-0.03465226206125506,0.017589301096322885,0,0,0,0,0,-0.4340864551987779,0,-0.4340864551987779,-0.4340864551987779,-1.6890174766391681,-1.8628336755646822,-1.9855920756416034,-1.1756168359941948,0.5748727127318268,0,0,0,0,0,-6.138187351107822,-6.138187351107822
Billy Cook,PIT,hitter,-14.93467936877915,7,6,1,0,1,1,0,0.22501,NA,NA,NA,NA,NA,NA,0.00343799213790918,0,0.00563023724480275,0,-7.57055257525356e-4,0.00831117412518657,0,0,0,0,0,0,0.00831117412518657,0,1,0,0,0,1,1,0,1,0,0,1B,0.44297870877619505,0.44297870877619505,0.11345374055100294,0.11783177439537958,0.19480620867017517,0.03465226206125506,-0.01776527690161768,0,0,0,0,0,-0.11001574841309375,-0.11783177439537958,-0.18917597142537243,-0.03465226206125506,0.017008221644092325,0,0,0,0,0,-0.4346675346510085,0,-0.4346675346510085,-0.4346675346510085,-1.6890174766391681,-1.8628336755646822,-1.9855920756416034,-1.1756168359941948,0.5558812406325551,0,0,0,0,0,-6.157178823207094,-6.157178823207094
Ryan Clifford,NYM,hitter,-14.93467936877915,7,6,1,0,1,1,0,0.209632,NA,NA,NA,NA,NA,NA,0.00343799213790918,0,0.00563023724480275,0,-0.00143985802488239,0.00762837135782953,0,0,0,0,0,0,0.00762837135782953,0,1,0,0,0,1,1,0,1,0,0,1B,0.44297870877619505,0.44297870877619505,0.11345374055100294,0.11783177439537958,0.19480620867017517,0.03465226206125506,-0.01776527690161768,0,0,0,0,0,-0.11001574841309375,-0.11783177439537958,-0.18917597142537243,-0.03465226206125506,0.01632541887673529,0,0,0,0,0,-0.43535033741836554,0,-0.43535033741836554,-0.43535033741836554,-1.6890174766391681,-1.8628336755646822,-1.9855920756416034,-1.1756168359941948,0.5335651362585504,0,0,0,0,0,-6.179494927581098,-6.179494927581098
Nicky Lopez,COL,hitter,-15.654867153341351,7,6,2,0,1,1,0,0.255065,NA,NA,NA,NA,NA,NA,0.00343799213790918,0,0.00563023724480275,0,5.774249852185514e-4,0.00964565436793048,0,0,0,0,0,0,0.00964565436793048,0,0,0,1,0,0,1,0,1,0,0,3B,0.4172493965587398,0.4172493965587398,0.10864055155793008,0.09137974340866171,0.1756634020378458,0.03960258521286293,0.0019631143414393,0,0,0,0,0,-0.1052025594200209,-0.09137974340866171,-0.17003316479304306,-0.03960258521286293,-0.001385689356220749,0,0,0,0,0,-0.40760374219080936,0,-0.40760374219080936,-0.40760374219080936,-1.6151229620362044,-1.6743326488706367,-1.5398469158036925,-1.34356209827908,-0.045288610096098254,0,0,0,0,0,-6.218153235085711,-6.218153235085711
Kade Strowd,ARI,pitcher,-5.547821634686197,NA,NA,NA,NA,NA,NA,NA,NA,60,3,3,55,4.21051,1.40984,0,0,0,0,0,0,0.07358973439795427,0.04185861411358389,0.15177731336047884,0.02037579787733573,-8.716331568927537e-4,0.28672982659246,0.28672982659246,0,0,0,0,0,0,0,0,0,0,1,P,0.4486529493960002,0.4486529493960002,0,0,0,0,0,0.1422734865027116,0.03627746556510604,0.24091199011581463,0.01911506633562095,0.01007494087674703,0,0,0,0,0,-0.06868375210475733,0.0055811485484778475,-0.08913467675533579,0.0012607315417147782,-0.010946574033639784,0,-0.16192312280354026,-0.16192312280354026,-0.16192312280354026,0,0,0,0,0,-3.720472440944885,0.619266055045872,-2.4308052512751903,0.08882696761335002,-0.787283984395856,-6.230468653956709,-6.230468653956709
Dylan Carlson,CHC,hitter,-13.275522200026414,49,43,10,1,5,5,1,0.229799,NA,NA,NA,NA,NA,NA,0.0171899606895459,0.01202365044850812,0.02815118622401375,0.00825053858601311,-0.00390165920780918,0.0617136767402717,0,0,0,0,0,0,0.0617136767402717,0,0,0,0,0,1,0,0,1,0,0,OF,0.5234999294017727,0.5234999294017727,0.1388948823715309,0.14668853547179908,0.2319657744858733,0.03960258521286292,-0.03365184814029351,0,0,0,0,0,-0.12170492168198499,-0.13466488502329096,-0.20381458826185955,-0.03135204662684981,0.02975018893248433,0,0,0,0,0,-0.46178625266150103,0,-0.46178625266150103,-0.46178625266150103,-1.86847558353208,-2.0069815195071867,-2.269248086447547,-1.0636533278042712,0.9723281057185951,0,0,0,0,0,-6.23603041157249,-6.23603041157249
Christian Encarnacion-Strand,CIN,hitter,-16.250979275204894,7,6,2,0,1,1,0,0.242507,NA,NA,NA,NA,NA,NA,0.00343799213790918,0,0.00563023724480275,0,1.9833806101001184e-5,0.00908806318881293,0,0,0,0,0,0,0.00908806318881293,0,1,0,1,0,0,1,0,1,0,0,3B,0.4172493965587398,0.4172493965587398,0.10864055155793008,0.09137974340866171,0.1756634020378458,0.03960258521286293,0.0019631143414393,0,0,0,0,0,-0.1052025594200209,-0.09137974340866171,-0.17003316479304306,-0.03960258521286293,-0.001943280535338299,0,0,0,0,0,-0.40816133336992694,0,-0.40816133336992694,-0.40816133336992694,-1.6151229620362044,-1.6743326488706367,-1.5398469158036925,-1.34356209827908,-0.06351241284865076,0,0,0,0,0,-6.236377037838263,-6.236377037838263
Nacho Alvarez Jr.,ATL,hitter,-17.48488122191627,7,6,1,0,1,1,0,0.238404,NA,NA,NA,NA,NA,NA,0.00343799213790918,0,0.00563023724480275,0,-1.6234461466021148e-4,0.00890588476805171,0,0,0,0,0,0,0.00890588476805171,0,0,0,1,0,0,1,0,1,0,0,3B,0.4172493965587398,0.4172493965587398,0.10864055155793008,0.09137974340866171,0.1756634020378458,0.03960258521286293,0.0019631143414393,0,0,0,0,0,-0.1052025594200209,-0.09137974340866171,-0.17003316479304306,-0.03960258521286293,-0.002125458956099512,0,0,0,0,0,-0.4083435117906881,0,-0.4083435117906881,-0.4083435117906881,-1.6151229620362044,-1.6743326488706367,-1.5398469158036925,-1.34356209827908,-0.06946656659078511,0,0,0,0,0,-6.242331191580398,-6.242331191580398
Jose Miranda,SDP,hitter,-17.412899751405025,14,13,3,0,1,1,0,0.22931000000000001,NA,NA,NA,NA,NA,NA,0.00343799213790918,0,0.00563023724480275,0,-0.00122661453654208,0.00784161484616984,0,0,0,0,0,0,0.00784161484616984,0,0,0,1,0,0,1,0,1,0,0,3B,0.4172493965587398,0.4172493965587398,0.10864055155793008,0.09137974340866171,0.1756634020378458,0.03960258521286293,0.0019631143414393,0,0,0,0,0,-0.1052025594200209,-0.09137974340866171,-0.17003316479304306,-0.03960258521286293,-0.0031897288779813805,0,0,0,0,0,-0.40940778171257,0,-0.40940778171257,-0.40940778171257,-1.6151229620362044,-1.6743326488706367,-1.5398469158036925,-1.34356209827908,-0.10425019635075451,0,0,0,0,0,-6.277114821340367,-6.277114821340367
Brock Burke,CIN,pitcher,-3.1110304843913337,NA,NA,NA,NA,NA,NA,NA,NA,62,4,1,58,4.17188,1.29213,0,0,0,0,0,0,0.09811964586393904,0.01395287137119463,0.16005607590741405,0.02212403256837165,0.01777923991181475,0.3120318656227341,0.3120318656227341,0,0,0,0,0,0,0,0,0,0,1,P,0.4486529493960002,0.4486529493960002,0,0,0,0,0,0.1422734865027116,0.03627746556510604,0.24091199011581463,0.01911506633562095,0.01007494087674703,0,0,0,0,0,-0.04415384063877256,-0.02232459419391141,-0.08085591420840058,0.003008966232750699,0.007704299035067721,0,-0.13662108377326612,-0.13662108377326612,-0.13662108377326612,0,0,0,0,0,-2.3917322834645685,-2.47706422018349,-2.205033865707835,0.2120017920251873,0.5540976768316314,-6.307730900499074,-6.307730900499074
Pedro Leon,PHI,hitter,-13.518497268212588,42,38,8,1,5,5,1,0.216893,NA,NA,NA,NA,NA,NA,0.0171899606895459,0.01202365044850812,0.02815118622401375,0.00825053858601311,-0.00707724911007885,0.05853808683800203,0,0,0,0,0,0,0.05853808683800203,0,0,0,0,0,1,0,0,1,0,0,OF,0.5234999294017727,0.5234999294017727,0.1388948823715309,0.14668853547179908,0.2319657744858733,0.03960258521286292,-0.03365184814029351,0,0,0,0,0,-0.12170492168198499,-0.13466488502329096,-0.20381458826185955,-0.03135204662684981,0.02657459903021466,0,0,0,0,0,-0.4649618425637707,0,-0.4649618425637707,-0.4649618425637707,-1.86847558353208,-2.0069815195071867,-2.269248086447547,-1.0636533278042712,0.8685400147851127,0,0,0,0,0,-6.339818502505972,-6.339818502505972
Blake Dunn,CIN,hitter,-13.581152822465508,28,24,6,1,3,3,1,0.231807,NA,NA,NA,NA,NA,NA,0.01031397641372754,0.01202365044850812,0.01689071173440825,0.00825053858601311,-0.00182103923540099,0.04565783794725602,0,0,0,0,0,0,0.04565783794725602,0,0,0,0,0,1,0,0,1,0,0,OF,0.5234999294017727,0.5234999294017727,0.1388948823715309,0.14668853547179908,0.2319657744858733,0.03960258521286292,-0.03365184814029351,0,0,0,0,0,-0.12858090595780336,-0.13466488502329096,-0.21507506275146504,-0.03135204662684981,0.031830808904892524,0,0,0,0,0,-0.4778420914545166,0,-0.4778420914545166,-0.4778420914545166,-1.9740391758220284,-2.117864476386037,-2.269248086447547,-1.0636533278042712,1.0403291957648826,0,0,0,0,0,-6.3844758706950016,-6.3844758706950016
Gabriel Rincones Jr.,PHI,hitter,-13.549825045339052,35,31,7,1,4,4,1,0.216334,NA,NA,NA,NA,NA,NA,0.01375196855163672,0.01202365044850812,0.022520948979211,0.00825053858601311,-0.00590178360161976,0.05064532296374919,0,0,0,0,0,0,0.05064532296374919,0,0,0,0,0,1,0,0,1,0,0,OF,0.5234999294017727,0.5234999294017727,0.1388948823715309,0.14668853547179908,0.2319657744858733,0.03960258521286292,-0.03365184814029351,0,0,0,0,0,-0.12514291381989417,-0.13466488502329096,-0.2094448255066623,-0.03135204662684981,0.02775006453867375,0,0,0,0,0,-0.4728546064380235,0,-0.4728546064380235,-0.4728546064380235,-1.9212573796770542,-2.0624229979466118,-2.269248086447547,-1.0636533278042712,0.9069578599212016,0,0,0,0,0,-6.4096239319542825,-6.4096239319542825
MJ Melendez,NYM,hitter,-13.635321844176516,35,32,7,1,4,4,1,0.215525,NA,NA,NA,NA,NA,NA,0.01375196855163672,0.01202365044850812,0.022520948979211,0.00825053858601311,-0.00628374040789229,0.05026336615747666,0,0,0,0,0,0,0.05026336615747666,0,0,0,0,0,1,0,0,1,0,0,OF,0.5234999294017727,0.5234999294017727,0.1388948823715309,0.14668853547179908,0.2319657744858733,0.03960258521286292,-0.03365184814029351,0,0,0,0,0,-0.12514291381989417,-0.13466488502329096,-0.2094448255066623,-0.03135204662684981,0.027368107732401222,0,0,0,0,0,-0.473236563244296,0,-0.473236563244296,-0.473236563244296,-1.9212573796770542,-2.0624229979466118,-2.269248086447547,-1.0636533278042712,0.8944743312030438,0,0,0,0,0,-6.422107460672441,-6.422107460672441
Joshua Baez,STL,hitter,-14.118703728453664,21,19,4,1,2,2,1,0.233711,NA,NA,NA,NA,NA,NA,0.00687598427581836,0.01202365044850812,0.0112604744896055,0.00825053858601311,-0.00117394598948254,0.03723670181046255,0,0,0,0,0,0,0.03723670181046255,0,0,0,0,0,1,0,0,1,0,0,OF,0.5234999294017727,0.5234999294017727,0.1388948823715309,0.14668853547179908,0.2319657744858733,0.03960258521286292,-0.03365184814029351,0,0,0,0,0,-0.13201889809571252,-0.13466488502329096,-0.2207052999962678,-0.03135204662684981,0.03247790215081097,0,0,0,0,0,-0.4862632275913101,0,-0.4862632275913101,-0.4862632275913101,-2.026820971967002,-2.1733059548254623,-2.269248086447547,-1.0636533278042712,1.0614782026318665,0,0,0,0,0,-6.471550138412416,-6.471550138412416
Carmen Mlodzinski,PIT,pitcher,-1.344679609870434,NA,NA,NA,NA,NA,NA,NA,NA,68,4,0,60,3.72776,1.29495,0,0,0,0,0,0,0.09811964586393904,0,0.1655752509387042,0.03774499006202892,0.01900898484007256,0.32044887170474473,0.32044887170474473,0,0,0,0,0,0,0,0,0,1,1,P,0.4486529493960002,0.4486529493960002,0,0,0,0,0,0.1422734865027116,0.03627746556510604,0.24091199011581463,0.01911506633562095,0.01007494087674703,0,0,0,0,0,-0.04415384063877256,-0.03627746556510604,-0.07533673917711042,0.01862992372640797,0.00893404396332553,0,-0.12820407769125552,-0.12820407769125552,-0.12820407769125552,0,0,0,0,0,-2.3917322834645685,-4.025229357798171,-2.054519608662931,1.3126027046440034,0.6425416487934678,-6.516336896488199,-6.516336896488199
Taijuan Walker,PHI,pitcher,-12.222959798721158,NA,NA,NA,NA,NA,NA,NA,NA,120,6,0,85,4.96522,1.4321,0,0,0,0,0,0,0.14717946879590854,0,0.23456493882983095,3.2757682546350543e-4,-0.00858043891093118,0.3734915455402718,0.3734915455402718,0,0,0,0,0,0,0,0,0,1,1,P,0.4486529493960002,0.4486529493960002,0,0,0,0,0,0.1422734865027116,0.03627746556510604,0.24091199011581463,0.01911506633562095,0.01007494087674703,0,0,0,0,0,0.004905982293196942,-0.03627746556510604,-0.006347051285983674,-0.018787489510157445,-0.01865537978767821,0,-0.07516140385572843,-0.07516140385572843,-0.07516140385572843,0,0,0,0,0,0.2657480314960627,-4.025229357798171,-0.17309139560163922,-1.3237042677500155,-1.3417057870824722,-6.597982776736235,-6.597982776736235
Hunter Dobbins,STL,pitcher,-6.179664444155555,NA,NA,NA,NA,NA,NA,NA,NA,91,5,0,65,4.44757,1.36052,0,0,0,0,0,0,0.1226495573299238,0,0.17937318851692954,0.02127436830397501,0.0101657630411496,0.3334628771919779,0.3334628771919779,0,0,0,0,0,0,0,0,0,1,0,P,0.4486529493960002,0.4486529493960002,0,0,0,0,0,0.1422734865027116,0.03627746556510604,0.24091199011581463,0.01911506633562095,0.01007494087674703,0,0,0,0,0,-0.019623929172787796,-0.03627746556510604,-0.061538801598885084,0.002159301968354059,9.08221644025705e-5,0,-0.1151900722040223,-0.1151900722040223,-0.1151900722040223,0,0,0,0,0,-1.062992125984252,-4.025229357798171,-1.678233966050673,0.15213726290178103,0.00653198299692458,-6.60778620393439,-6.60778620393439
Tyler Kinley,ATL,pitcher,-1.8395157467351904,NA,NA,NA,NA,NA,NA,NA,NA,63,4,0,70,4.01452,1.29344,0,0,0,0,0,0,0.09811964586393904,0,0.1931711260951549,0.026905869351831,0.0178547590132758,0.3360514003242007,0.3360514003242007,0,0,0,0,0,0,0,0,0,0,1,P,0.4486529493960002,0.4486529493960002,0,0,0,0,0,0.1422734865027116,0.03627746556510604,0.24091199011581463,0.01911506633562095,0.01007494087674703,0,0,0,0,0,-0.04415384063877256,-0.03627746556510604,-0.04774086402065972,0.00779080301621005,0.007779818136528768,0,-0.11260154907179949,-0.11260154907179949,-0.11260154907179949,0,0,0,0,0,-2.3917322834645685,-4.025229357798171,-1.3019483234384144,0.5489141695159095,0.5595290546228505,-6.610466740562393,-6.610466740562393
Sterlin Thompson,COL,hitter,-14.075010566879156,21,19,5,1,2,2,0,0.258361,NA,NA,NA,NA,NA,NA,0.00687598427581836,0.01202365044850812,0.0112604744896055,0,0.0022919433339196,0.03245205254785158,0,0,0,0,0,0,0.03245205254785158,0,0,0,0,0,1,0,0,1,0,0,OF,0.5234999294017727,0.5234999294017727,0.1388948823715309,0.14668853547179908,0.2319657744858733,0.03960258521286292,-0.03365184814029351,0,0,0,0,0,-0.13201889809571252,-0.13466488502329096,-0.2207052999962678,-0.03960258521286292,0.03594379147421311,0,0,0,0,0,-0.49104787685392104,0,-0.49104787685392104,-0.49104787685392104,-2.026820971967002,-2.1733059548254623,-2.269248086447547,-1.3435620982790792,1.1747541757055773,0,0,0,0,0,-6.638182935813513,-6.638182935813513
A.J. Vukovich,ARI,hitter,-16.593884642889815,28,26,6,1,3,3,0,0.235895,NA,NA,NA,NA,NA,NA,0.01031397641372754,0.01202365044850812,0.01689071173440825,0,-0.0011862387644268,0.0380420998322171,0,0,0,0,0,0,0.0380420998322171,0,0,0,0,0,1,0,0,1,0,0,OF,0.5234999294017727,0.5234999294017727,0.1388948823715309,0.14668853547179908,0.2319657744858733,0.03960258521286292,-0.03365184814029351,0,0,0,0,0,-0.12858090595780336,-0.13466488502329096,-0.21507506275146504,-0.03960258521286292,0.03246560937586671,0,0,0,0,0,-0.48545782956955563,0,-0.48545782956955563,-0.48545782956955563,-1.9740391758220284,-2.117864476386037,-2.269248086447547,-1.3435620982790792,1.0610764367606413,0,0,0,0,0,-6.64363740017405,-6.64363740017405
Joel Peguero,SFG,pitcher,-6.161505035589972,NA,NA,NA,NA,NA,NA,NA,NA,50,3,4,39,4.40594,1.43456,0,0,0,0,0,0,0.07358973439795427,0.05581148548477852,0.10762391311015772,0.0126182964387386,-0.00389001225565864,0.2457534171759705,0.2457534171759705,0,0,0,0,0,0,0,0,0,0,1,P,0.4486529493960002,0.4486529493960002,0,0,0,0,0,0.1422734865027116,0.03627746556510604,0.24091199011581463,0.01911506633562095,0.01007494087674703,0,0,0,0,0,-0.06868375210475733,0.019534019919672477,-0.13328807700565692,-0.006496769896882351,-0.01396495313240567,0,-0.2028995322200298,-0.2028995322200298,-0.2028995322200298,0,0,0,0,0,-3.720472440944885,2.167431192660553,-3.6349193076344175,-0.457740883072404,-1.0043675683547215,-6.650069007345875,-6.650069007345875
Rece Hinds,CIN,hitter,-14.23248883622786,14,13,3,1,2,2,0,0.232597,NA,NA,NA,NA,NA,NA,0.00687598427581836,0.01202365044850812,0.0112604744896055,0,-9.10396074540814e-4,0.02924971313939116,0,0,0,0,0,0,0.02924971313939116,0,0,0,0,0,1,0,0,1,0,0,OF,0.5234999294017727,0.5234999294017727,0.1388948823715309,0.14668853547179908,0.2319657744858733,0.03960258521286292,-0.03365184814029351,0,0,0,0,0,-0.13201889809571252,-0.13466488502329096,-0.2207052999962678,-0.03960258521286292,0.0327414520657527,0,0,0,0,0,-0.49425021626238147,0,-0.49425021626238147,-0.49425021626238147,-2.026820971967002,-2.1733059548254623,-2.269248086447547,-1.3435620982790792,1.0700918282508212,0,0,0,0,0,-6.742845283268269,-6.742845283268269
Garrett Hampson,CIN,hitter,-14.45433695269173,21,19,4,0,2,2,1,0.215646,NA,NA,NA,NA,NA,NA,0.00687598427581836,0,0.0112604744896055,0.00825053858601311,-0.00371395777963506,0.0226730395718019,0,0,0,0,0,0,0.0226730395718019,0,0,0,0,0,1,0,0,1,0,0,OF,0.5234999294017727,0.5234999294017727,0.1388948823715309,0.14668853547179908,0.2319657744858733,0.03960258521286292,-0.03365184814029351,0,0,0,0,0,-0.13201889809571252,-0.14668853547179908,-0.2207052999962678,-0.03135204662684981,0.02993789036065845,0,0,0,0,0,-0.5008268898299708,0,-0.5008268898299708,-0.5008268898299708,-2.026820971967002,-2.1733059548254623,-2.4718595227375064,-1.0636533278042712,0.9784627684096927,0,0,0,0,0,-6.7571770089245495,-6.7571770089245495
Tobias Myers,NYM,pitcher,-3.365804579137998,NA,NA,NA,NA,NA,NA,NA,NA,75,4,0,63,4.16515,1.28718,0,0,0,0,0,0,0.09811964586393904,0,0.17385401348563942,0.02698823913377075,0.02245739225687965,0.32141929074022885,0.32141929074022885,0,0,0,0,0,0,0,0,0,1,1,P,0.4486529493960002,0.4486529493960002,0,0,0,0,0,0.1422734865027116,0.03627746556510604,0.24091199011581463,0.01911506633562095,0.01007494087674703,0,0,0,0,0,-0.04415384063877256,-0.03627746556510604,-0.06705797663017521,0.007873172798149797,0.012382451380132619,0,-0.1272336586557714,-0.1272336586557714,-0.1272336586557714,0,0,0,0,0,-2.3917322834645685,-4.025229357798171,-1.828748223095576,0.5547176714594946,0.890553120015519,-6.800439072883303,-6.800439072883303
Manuel Margot,NA,hitter,NA,21,19,5,0,2,2,0,0.243866,NA,NA,NA,NA,NA,NA,0.00687598427581836,0,0.0112604744896055,0,2.538879285356659e-4,0.01839034669395952,0,0,0,0,0,0,0.01839034669395952,0,0,0,0,0,0,0,0,0,0,0,Util,0.5234999294017727,0.5234999294017727,0.1388948823715309,0.14668853547179908,0.2319657744858733,0.03960258521286292,-0.03365184814029351,0,0,0,0,0,-0.13201889809571252,-0.14668853547179908,-0.2207052999962678,-0.03960258521286292,0.03390573606882918,0,0,0,0,0,-0.5051095827078131,0,-0.5051095827078131,-0.5051095827078131,-2.026820971967002,-2.1733059548254623,-2.4718595227375064,-1.3435620982790792,1.1081442272389066,0,0,0,0,0,-6.907404320570144,-6.907404320570144
Jose Urquidy,PIT,pitcher,-7.876722240073057,NA,NA,NA,NA,NA,NA,NA,NA,99,5,0,72,4.86572,1.34642,0,0,0,0,0,0,0.1226495573299238,0,0.19869030112644503,0.0046670478677326,0.0146323859758331,0.3406392922999345,0.3406392922999345,0,0,0,0,0,0,0,0,0,1,0,P,0.4486529493960002,0.4486529493960002,0,0,0,0,0,0.1422734865027116,0.03627746556510604,0.24091199011581463,0.01911506633562095,0.01007494087674703,0,0,0,0,0,-0.019623929172787796,-0.03627746556510604,-0.042221688989369593,-0.014448018467888351,0.0045574450990860695,0,-0.10801365709606571,-0.10801365709606571,-0.10801365709606571,0,0,0,0,0,-1.062992125984252,-4.025229357798171,-1.1514340663935114,-1.017959514821551,0.32777410770233656,-6.9298409572951485,-6.9298409572951485
Colin Rea,CHC,pitcher,-4.419645157431119,NA,NA,NA,NA,NA,NA,NA,NA,82,4,0,65,4.37201,1.29279,0,0,0,0,0,0,0.09811964586393904,0,0.17937318851692954,0.02193587534224142,0.02337595366755955,0.32280466339066954,0.32280466339066954,0,0,0,0,0,0,0,0,0,1,0,P,0.4486529493960002,0.4486529493960002,0,0,0,0,0,0.1422734865027116,0.03627746556510604,0.24091199011581463,0.01911506633562095,0.01007494087674703,0,0,0,0,0,-0.04415384063877256,-0.03627746556510604,-0.061538801598885084,0.0028208090066204686,0.01330101279081252,0,-0.1258482860053307,-0.1258482860053307,-0.1258482860053307,0,0,0,0,0,-2.3917322834645685,-4.025229357798171,-1.678233966050673,0.1987448572387735,0.9566165920287708,-6.939834158045867,-6.939834158045867
Kevin Alcantara,CHC,hitter,-14.568122060465932,14,13,3,0,2,2,0,0.231286,NA,NA,NA,NA,NA,NA,0.00687598427581836,0,0.0112604744896055,0,-0.00103651788886502,0.01709994087655883,0,0,0,0,0,0,0.01709994087655883,0,0,0,0,0,1,0,0,1,0,0,OF,0.5234999294017727,0.5234999294017727,0.1388948823715309,0.14668853547179908,0.2319657744858733,0.03960258521286292,-0.03365184814029351,0,0,0,0,0,-0.13201889809571252,-0.14668853547179908,-0.2207052999962678,-0.03960258521286292,0.032615330251428494,0,0,0,0,0,-0.5063999885252138,0,-0.5063999885252138,-0.5063999885252138,-2.026820971967002,-2.1733059548254623,-2.4718595227375064,-1.3435620982790792,1.0659697776282202,0,0,0,0,0,-6.94957877018083,-6.94957877018083
Akil Baddoo,MIL,hitter,-14.482625261628463,14,12,3,0,2,2,0,0.224046,NA,NA,NA,NA,NA,NA,0.00687598427581836,0,0.0112604744896055,0,-0.00159971616828678,0.01653674259713707,0,0,0,0,0,0,0.01653674259713707,0,0,0,0,0,1,0,0,1,0,0,OF,0.5234999294017727,0.5234999294017727,0.1388948823715309,0.14668853547179908,0.2319657744858733,0.03960258521286292,-0.03365184814029351,0,0,0,0,0,-0.13201889809571252,-0.14668853547179908,-0.2207052999962678,-0.03960258521286292,0.03205213197200673,0,0,0,0,0,-0.5069631868046356,0,-0.5069631868046356,-0.5069631868046356,-2.026820971967002,-2.1733059548254623,-2.4718595227375064,-1.3435620982790792,1.04756271751116,0,0,0,0,0,-6.9679858302978905,-6.9679858302978905
Bryan De La Cruz,PHI,hitter,-14.712810358690447,14,13,3,0,1,2,0,0.236353,NA,NA,NA,NA,NA,NA,0.00343799213790918,0,0.0112604744896055,0,-5.490585195433111e-4,0.01414940810797136,0,0,0,0,0,0,0.01414940810797136,0,0,0,0,0,1,0,0,1,0,0,OF,0.5234999294017727,0.5234999294017727,0.1388948823715309,0.14668853547179908,0.2319657744858733,0.03960258521286292,-0.03365184814029351,0,0,0,0,0,-0.1354568902336217,-0.14668853547179908,-0.2207052999962678,-0.03960258521286292,0.0331027896207502,0,0,0,0,0,-0.5093505212938013,0,-0.5093505212938013,-0.5093505212938013,-2.079602768111976,-2.1733059548254623,-2.4718595227375064,-1.3435620982790792,1.081901456121523,0,0,0,0,0,-6.986428887832501,-6.986428887832501
Christian Franklin,WSN,hitter,-14.63251280120592,14,12,3,0,2,1,0,0.23306,NA,NA,NA,NA,NA,NA,0.00687598427581836,0,0.00563023724480275,0,-7.992500290025698e-4,0.01170697149161854,0,0,0,0,0,0,0.01170697149161854,0,0,0,0,0,1,0,0,1,0,0,OF,0.5234999294017727,0.5234999294017727,0.1388948823715309,0.14668853547179908,0.2319657744858733,0.03960258521286292,-0.03365184814029351,0,0,0,0,0,-0.13201889809571252,-0.14668853547179908,-0.22633553724107056,-0.03960258521286292,0.03285259811129094,0,0,0,0,0,-0.5117929579101542,0,-0.5117929579101542,-0.5117929579101542,-2.026820971967002,-2.2287474332648873,-2.4718595227375064,-1.3435620982790792,1.0737244244726996,0,0,0,0,0,-6.997265601775776,-6.997265601775776
Alex Verdugo,SDP,hitter,-14.59944983759239,7,6,2,0,1,1,0,0.251265,NA,NA,NA,NA,NA,NA,0.00343799213790918,0,0.00563023724480275,0,4.0870015000222105e-4,0.00947692953271415,0,0,0,0,0,0,0.00947692953271415,0,0,0,0,0,1,0,0,1,0,0,OF,0.5234999294017727,0.5234999294017727,0.1388948823715309,0.14668853547179908,0.2319657744858733,0.03960258521286292,-0.03365184814029351,0,0,0,0,0,-0.1354568902336217,-0.14668853547179908,-0.22633553724107056,-0.03960258521286292,0.034060548290295735,0,0,0,0,0,-0.5140229998690585,0,-0.5140229998690585,-0.5140229998690585,-2.079602768111976,-2.2287474332648873,-2.4718595227375064,-1.3435620982790792,1.1132039690234807,0,0,0,0,0,-7.0105678533699685,-7.0105678533699685
Hector Rodriguez,CIN,hitter,-14.684946636429856,7,7,2,0,1,1,0,0.247758,NA,NA,NA,NA,NA,NA,0.00343799213790918,0,0.00563023724480275,0,2.9514903554093606e-4,0.00936337841825286,0,0,0,0,0,0,0.00936337841825286,0,0,0,0,0,1,0,0,1,0,0,OF,0.5234999294017727,0.5234999294017727,0.1388948823715309,0.14668853547179908,0.2319657744858733,0.03960258521286292,-0.03365184814029351,0,0,0,0,0,-0.1354568902336217,-0.14668853547179908,-0.22633553724107056,-0.03960258521286292,0.033946997175834444,0,0,0,0,0,-0.5141365509835197,0,-0.5141365509835197,-0.5141365509835197,-2.079602768111976,-2.2287474332648873,-2.4718595227375064,-1.3435620982790792,1.1094927677172655,0,0,0,0,0,-7.014279054676184,-7.014279054676184
Kemp Alderman,MIA,hitter,-14.59944983759239,7,6,2,0,1,1,0,0.241769,NA,NA,NA,NA,NA,NA,0.00343799213790918,0,0.00563023724480275,0,-1.2934332948906938e-5,0.00905529504976302,0,0,0,0,0,0,0.00905529504976302,0,0,0,0,0,1,0,0,1,0,0,OF,0.5234999294017727,0.5234999294017727,0.1388948823715309,0.14668853547179908,0.2319657744858733,0.03960258521286292,-0.03365184814029351,0,0,0,0,0,-0.1354568902336217,-0.14668853547179908,-0.22633553724107056,-0.03960258521286292,0.03363891380734461,0,0,0,0,0,-0.5144446343520096,0,-0.5144446343520096,-0.5144446343520096,-2.079602768111976,-2.2287474332648873,-2.4718595227375064,-1.3435620982790792,1.0994236512230158,0,0,0,0,0,-7.024348171170433,-7.024348171170433
Dominic Fletcher,PIT,hitter,-14.59944983759239,7,6,2,0,1,1,0,0.241565,NA,NA,NA,NA,NA,NA,0.00343799213790918,0,0.00563023724480275,0,-2.199219252367886e-5,0.00904623719018825,0,0,0,0,0,0,0.00904623719018825,0,0,0,0,0,1,0,0,1,0,0,OF,0.5234999294017727,0.5234999294017727,0.1388948823715309,0.14668853547179908,0.2319657744858733,0.03960258521286292,-0.03365184814029351,0,0,0,0,0,-0.1354568902336217,-0.14668853547179908,-0.22633553724107056,-0.03960258521286292,0.033629855947769835,0,0,0,0,0,-0.5144536922115844,0,-0.5144536922115844,-0.5144536922115844,-2.079602768111976,-2.2287474332648873,-2.4718595227375064,-1.3435620982790792,1.0991276123823148,0,0,0,0,0,-7.024644210011134,-7.024644210011134
Jared Young,NYM,hitter,-14.93467936877915,7,6,1,0,1,1,0,0.237384,NA,NA,NA,NA,NA,NA,0.00343799213790918,0,0.00563023724480275,0,-2.076339125340686e-4,0.00886059547017786,0,0,0,0,0,0,0.00886059547017786,0,0,0,0,0,0,0,0,1,0,0,Util,0.5234999294017727,0.5234999294017727,0.1388948823715309,0.14668853547179908,0.2319657744858733,0.03960258521286292,-0.03365184814029351,0,0,0,0,0,-0.1354568902336217,-0.14668853547179908,-0.22633553724107056,-0.03960258521286292,0.03344421422775944,0,0,0,0,0,-0.5146393339315948,0,-0.5146393339315948,-0.5146393339315948,-2.079602768111976,-2.2287474332648873,-2.4718595227375064,-1.3435620982790792,1.093060267318736,0,0,0,0,0,-7.0307115550747135,-7.0307115550747135
Jose Azocar,ATL,hitter,-14.684946636429856,7,7,2,0,1,1,0,0.237588,NA,NA,NA,NA,NA,NA,0.00343799213790918,0,0.00563023724480275,0,-2.316720617858476e-4,0.00883655732092608,0,0,0,0,0,0,0.00883655732092608,0,0,0,0,0,1,0,0,1,0,0,OF,0.5234999294017727,0.5234999294017727,0.1388948823715309,0.14668853547179908,0.2319657744858733,0.03960258521286292,-0.03365184814029351,0,0,0,0,0,-0.1354568902336217,-0.14668853547179908,-0.22633553724107056,-0.03960258521286292,0.03342017607850766,0,0,0,0,0,-0.5146633720808466,0,-0.5146633720808466,-0.5146633720808466,-2.079602768111976,-2.2287474332648873,-2.4718595227375064,-1.3435620982790792,1.092274626320623,0,0,0,0,0,-7.031497196072825,-7.031497196072825
Matt Koperniak,STL,hitter,-14.862697898267903,14,13,3,0,1,1,0,0.238867,NA,NA,NA,NA,NA,NA,0.00343799213790918,0,0.00563023724480275,0,-3.072047886424283e-4,0.0087610245940695,0,0,0,0,0,0,0.0087610245940695,0,0,0,0,0,1,0,0,1,0,0,OF,0.5234999294017727,0.5234999294017727,0.1388948823715309,0.14668853547179908,0.2319657744858733,0.03960258521286292,-0.03365184814029351,0,0,0,0,0,-0.1354568902336217,-0.14668853547179908,-0.22633553724107056,-0.03960258521286292,0.03334464335165108,0,0,0,0,0,-0.5147389048077031,0,-0.5147389048077031,-0.5147389048077031,-2.079602768111976,-2.2287474332648873,-2.4718595227375064,-1.3435620982790792,1.0898059834023919,0,0,0,0,0,-7.033965838991057,-7.033965838991057
Grant McCray,SFG,hitter,-14.93467936877915,7,6,1,0,1,1,0,0.222991,NA,NA,NA,NA,NA,NA,0.00343799213790918,0,0.00563023724480275,0,-8.467014265521383e-4,0.00822152795615979,0,0,0,0,0,0,0.00822152795615979,0,0,0,0,0,1,0,0,1,0,0,OF,0.5234999294017727,0.5234999294017727,0.1388948823715309,0.14668853547179908,0.2319657744858733,0.03960258521286292,-0.03365184814029351,0,0,0,0,0,-0.1354568902336217,-0.14668853547179908,-0.22633553724107056,-0.03960258521286292,0.03280514671374137,0,0,0,0,0,-0.5152784014456129,0,-0.5152784014456129,-0.5152784014456129,-2.079602768111976,-2.2287474332648873,-2.4718595227375064,-1.3435620982790792,1.072173566170664,0,0,0,0,0,-7.0515982562227855,-7.0515982562227855
Kristian Robinson,ARI,hitter,-14.93467936877915,7,6,1,0,1,1,0,0.21104,NA,NA,NA,NA,NA,NA,0.00343799213790918,0,0.00563023724480275,0,-0.0013773410333075,0.00769088834940443,0,0,0,0,0,0,0.00769088834940443,0,0,0,0,0,1,0,0,1,0,0,OF,0.5234999294017727,0.5234999294017727,0.1388948823715309,0.14668853547179908,0.2319657744858733,0.03960258521286292,-0.03365184814029351,0,0,0,0,0,-0.1354568902336217,-0.14668853547179908,-0.22633553724107056,-0.03960258521286292,0.03227450710698601,0,0,0,0,0,-0.5158090410523682,0,-0.5158090410523682,-0.5158090410523682,-2.079602768111976,-2.2287474332648873,-2.4718595227375064,-1.3435620982790792,1.0548306240862753,0,0,0,0,0,-7.068941198307174,-7.068941198307174
Steward Berroa,MIL,hitter,-14.93467936877915,7,6,1,0,1,1,0,0.208074,NA,NA,NA,NA,NA,NA,0.00343799213790918,0,0.00563023724480275,0,-0.00150903520732109,0.00755919417539084,0,0,0,0,0,0,0.00755919417539084,0,0,0,0,0,1,0,0,1,0,0,OF,0.5234999294017727,0.5234999294017727,0.1388948823715309,0.14668853547179908,0.2319657744858733,0.03960258521286292,-0.03365184814029351,0,0,0,0,0,-0.1354568902336217,-0.14668853547179908,-0.22633553724107056,-0.03960258521286292,0.03214281293297242,0,0,0,0,0,-0.5159407352263818,0,-0.5159407352263818,-0.5159407352263818,-2.079602768111976,-2.2287474332648873,-2.4718595227375064,-1.3435620982790792,1.0505264515298114,0,0,0,0,0,-7.073245370863638,-7.073245370863638
Justin Dean,CHC,hitter,-14.93467936877915,7,6,1,0,1,1,0,0.207702,NA,NA,NA,NA,NA,NA,0.00343799213790918,0,0.00563023724480275,0,-0.00152555248066332,0.0075426769020486,0,0,0,0,0,0,0.0075426769020486,0,0,0,0,0,1,0,0,1,0,0,OF,0.5234999294017727,0.5234999294017727,0.1388948823715309,0.14668853547179908,0.2319657744858733,0.03960258521286292,-0.03365184814029351,0,0,0,0,0,-0.1354568902336217,-0.14668853547179908,-0.22633553724107056,-0.03960258521286292,0.03212629565963019,0,0,0,0,0,-0.515957252499724,0,-0.515957252499724,-0.515957252499724,-2.079602768111976,-2.2287474332648873,-2.4718595227375064,-1.3435620982790792,1.0499866159967688,0,0,0,0,0,-7.07378520639668,-7.07378520639668
Cristian Pache,NYM,hitter,-14.93467936877915,7,6,1,0,1,1,0,0.204146,NA,NA,NA,NA,NA,NA,0.00343799213790918,0,0.00563023724480275,0,-0.00168344340540786,0.00738478597730406,0,0,0,0,0,0,0.00738478597730406,0,0,0,0,0,1,0,0,1,0,0,OF,0.5234999294017727,0.5234999294017727,0.1388948823715309,0.14668853547179908,0.2319657744858733,0.03960258521286292,-0.03365184814029351,0,0,0,0,0,-0.1354568902336217,-0.14668853547179908,-0.22633553724107056,-0.03960258521286292,0.03196840473488565,0,0,0,0,0,-0.5161151434244686,0,-0.5161151434244686,-0.5161151434244686,-2.079602768111976,-2.2287474332648873,-2.4718595227375064,-1.3435620982790792,1.0448262526755334,0,0,0,0,0,-7.0789455697179156,-7.0789455697179156
Michael Siani,LAD,hitter,-14.93467936877915,7,6,1,0,1,1,0,0.196705,NA,NA,NA,NA,NA,NA,0.00343799213790918,0,0.00563023724480275,0,-0.0020138332735249,0.00705439610918703,0,0,0,0,0,0,0.00705439610918703,0,0,0,0,0,1,0,0,1,0,0,OF,0.5234999294017727,0.5234999294017727,0.1388948823715309,0.14668853547179908,0.2319657744858733,0.03960258521286292,-0.03365184814029351,0,0,0,0,0,-0.1354568902336217,-0.14668853547179908,-0.22633553724107056,-0.03960258521286292,0.031638014866768614,0,0,0,0,0,-0.5164455332925856,0,-0.5164455332925856,-0.5164455332925856,-2.079602768111976,-2.2287474332648873,-2.4718595227375064,-1.3435620982790792,1.0340280908438926,0,0,0,0,0,-7.089743731549556,-7.089743731549556
Ethan Murray,MIL,hitter,-16.167847946366162,14,12,2,0,1,1,0,0.194695,NA,NA,NA,NA,NA,NA,0.00343799213790918,0,0.00563023724480275,0,-0.0042061596621997,0.00486206972051222,0,0,0,0,0,0,0.00486206972051222,0,0,0,0,0,0,0,0,0,0,0,Util,0.5234999294017727,0.5234999294017727,0.1388948823715309,0.14668853547179908,0.2319657744858733,0.03960258521286292,-0.03365184814029351,0,0,0,0,0,-0.1354568902336217,-0.14668853547179908,-0.22633553724107056,-0.03960258521286292,0.029445688478093812,0,0,0,0,0,-0.5186378596812604,0,-0.5186378596812604,-0.5186378596812604,-2.079602768111976,-2.2287474332648873,-2.4718595227375064,-1.3435620982790792,0.9623760899287155,0,0,0,0,0,-7.161395732464733,-7.161395732464733
Jake Irvin,WSN,pitcher,-8.820462737690919,NA,NA,NA,NA,NA,NA,NA,NA,96,5,0,72,4.8377,1.36955,0,0,0,0,0,0,0.1226495573299238,0,0.19869030112644503,0.00572627515183122,0.00850546543734534,0.3355715990455454,0.3355715990455454,0,0,0,0,0,0,0,0,0,1,0,P,0.4486529493960002,0.4486529493960002,0,0,0,0,0,0.1422734865027116,0.03627746556510604,0.24091199011581463,0.01911506633562095,0.01007494087674703,0,0,0,0,0,-0.019623929172787796,-0.03627746556510604,-0.042221688989369593,-0.01338879118378973,-0.0015694754394016894,0,-0.11308135035045486,-0.11308135035045486,-0.11308135035045486,0,0,0,0,0,-1.062992125984252,-4.025229357798171,-1.1514340663935114,-0.9433298696142679,-0.11287758832548167,-7.295863008115684,-7.295863008115684
Zach Agnos,COL,pitcher,-9.396700799348306,NA,NA,NA,NA,NA,NA,NA,NA,60,3,4,48,5.12923,1.46137,0,0,0,0,0,0,0.07358973439795427,0.05581148548477852,0.13246020075096335,-0.00422858968254946,-0.00878536864500861,0.24884746230613808,0.24884746230613808,0,0,0,0,0,0,0,0,0,0,1,P,0.4486529493960002,0.4486529493960002,0,0,0,0,0,0.1422734865027116,0.03627746556510604,0.24091199011581463,0.01911506633562095,0.01007494087674703,0,0,0,0,0,-0.06868375210475733,0.019534019919672477,-0.10845178936485128,-0.02334365601817041,-0.01886030952175564,0,-0.19980548708986215,-0.19980548708986215,-0.19980548708986215,0,0,0,0,0,-3.720472440944885,2.167431192660553,-2.957605150932352,-1.6447166652806053,-1.3564444529947346,-7.5118075174920245,-7.5118075174920245
Hurston Waldrep,ATL,pitcher,-4.976848390907347,NA,NA,NA,NA,NA,NA,NA,NA,70,5,0,62,4.29072,1.40963,0,0,0,0,0,0,0.1226495573299238,0,0.17109442596999433,0.02126562784776871,-9.792793998811451e-4,0.3140303317478057,0.3140303317478057,0,0,0,0,0,0,0,0,0,1,0,P,0.4486529493960002,0.4486529493960002,0,0,0,0,0,0.1422734865027116,0.03627746556510604,0.24091199011581463,0.01911506633562095,0.01007494087674703,0,0,0,0,0,-0.019623929172787796,-0.03627746556510604,-0.0698175641458203,0.0021505615121477605,-0.011054220276628175,0,-0.13462261764819455,-0.13462261764819455,-0.13462261764819455,0,0,0,0,0,-1.062992125984252,-4.025229357798171,-1.9040053516180284,0.15152143931470177,-0.7950259649301041,-7.6357313610158535,-7.6357313610158535
Andrew Nardi,MIA,pitcher,-1.204138764262293,NA,NA,NA,NA,NA,NA,NA,NA,56,3,0,67,3.70866,1.26322,0,0,0,0,0,0,0.07358973439795427,0,0.1848923635482197,0.03156152827986183,0.02020253958173242,0.31024616580776815,0.31024616580776815,0,0,0,0,0,0,0,0,0,0,1,P,0.4486529493960002,0.4486529493960002,0,0,0,0,0,0.1422734865027116,0.03627746556510604,0.24091199011581463,0.01911506633562095,0.01007494087674703,0,0,0,0,0,-0.06868375210475733,-0.03627746556510604,-0.05601962656759493,0.012446461944240875,0.010127598704985391,0,-0.13840678358823202,-0.13840678358823202,-0.13840678358823202,0,0,0,0,0,-3.720472440944885,-4.025229357798171,-1.5277197090057695,0.8769364733416015,0.7283828014427682,-7.668102232964456,-7.668102232964456
Pierce Johnson,CIN,pitcher,-4.388584560696936,NA,NA,NA,NA,NA,NA,NA,NA,61,3,1,67,4.24744,1.33916,0,0,0,0,0,0,0.07358973439795427,0.01395287137119463,0.1848923635482197,0.01970988245584507,0.0101494539204496,0.3022943056936633,0.3022943056936633,0,0,0,0,0,0,0,0,0,0,1,P,0.4486529493960002,0.4486529493960002,0,0,0,0,0,0.1422734865027116,0.03627746556510604,0.24091199011581463,0.01911506633562095,0.01007494087674703,0,0,0,0,0,-0.06868375210475733,-0.02232459419391141,-0.05601962656759493,5.948161202241203e-4,7.451304370256935e-5,0,-0.146358643702337,-0.146358643702337,-0.146358643702337,0,0,0,0,0,-3.720472440944885,-2.47706422018349,-1.5277197090057695,0.04190877319939358,0.005359021530877608,-7.677988575403872,-7.677988575403872
Justin Wrobleski,LAD,pitcher,-3.4612891528155165,NA,NA,NA,NA,NA,NA,NA,NA,66,4,0,60,4.26407,1.29969,0,0,0,0,0,0,0.09811964586393904,0,0.1655752509387042,0.02083553882681805,0.01764915540821667,0.30217959103767794,0.30217959103767794,0,0,0,0,0,0,0,0,0,0,1,P,0.4486529493960002,0.4486529493960002,0,0,0,0,0,0.1422734865027116,0.03627746556510604,0.24091199011581463,0.01911506633562095,0.01007494087674703,0,0,0,0,0,-0.04415384063877256,-0.03627746556510604,-0.07533673917711042,0.0017204724911970976,0.007574214531469638,0,-0.1464733583583223,-0.1464733583583223,-0.1464733583583223,0,0,0,0,0,-2.3917322834645685,-4.025229357798171,-2.054519608662931,0.12121879178763217,0.544741923516838,-7.8055205346212,-7.8055205346212
Tanner Banks,PHI,pitcher,-1.8190350032930955,NA,NA,NA,NA,NA,NA,NA,NA,62,3,0,58,3.85467,1.22641,0,0,0,0,0,0,0.07358973439795427,0,0.16005607590741405,0.03090245947805783,0.02820864128619097,0.29275691106961715,0.29275691106961715,0,0,0,0,0,0,0,0,0,0,1,P,0.4486529493960002,0.4486529493960002,0,0,0,0,0,0.1422734865027116,0.03627746556510604,0.24091199011581463,0.01911506633562095,0.01007494087674703,0,0,0,0,0,-0.06868375210475733,-0.03627746556510604,-0.08085591420840058,0.011787393142436878,0.01813370040944394,0,-0.1558960383263831,-0.1558960383263831,-0.1558960383263831,0,0,0,0,0,-3.720472440944885,-4.025229357798171,-2.205033865707835,0.8305006690678495,1.3041863021540114,-7.81604869322903,-7.81604869322903
Angel Zerpa,MIL,pitcher,-1.2087600841100543,NA,NA,NA,NA,NA,NA,NA,NA,60,3,0,57,3.60984,1.25306,0,0,0,0,0,0,0.07358973439795427,0,0.157296488391769,0.03646243741451382,0.02320590322631708,0.2905545634305542,0.2905545634305542,0,0,0,0,0,0,0,0,0,0,1,P,0.4486529493960002,0.4486529493960002,0,0,0,0,0,0.1422734865027116,0.03627746556510604,0.24091199011581463,0.01911506633562095,0.01007494087674703,0,0,0,0,0,-0.06868375210475733,-0.03627746556510604,-0.08361550172404564,0.017347371078892868,0.01313096234957005,0,-0.15809838596544612,-0.15809838596544612,-0.15809838596544612,0,0,0,0,0,-3.720472440944885,-4.025229357798171,-2.2802909942302865,1.2222382942094985,0.9443864651855934,-7.85936803357825,-7.85936803357825
Brandon Sproat,MIL,pitcher,-3.7856535232633126,NA,NA,NA,NA,NA,NA,NA,NA,69,4,0,59,4.19642,1.32834,0,0,0,0,0,0,0.09811964586393904,0,0.16281566342305914,0.02386611608931162,0.01339146736974134,0.2981928927460511,0.2981928927460511,0,0,0,0,0,0,0,0,0,1,0,P,0.4486529493960002,0.4486529493960002,0,0,0,0,0,0.1422734865027116,0.03627746556510604,0.24091199011581463,0.01911506633562095,0.01007494087674703,0,0,0,0,0,-0.04415384063877256,-0.03627746556510604,-0.07809632669275549,0.004751049753690669,0.0033165264929943105,0,-0.1504600566499491,-0.1504600566499491,-0.1504600566499491,0,0,0,0,0,-2.3917322834645685,-4.025229357798171,-2.1297767371853826,0.3347432253709503,0.23852651831842503,-7.973468634758747,-7.973468634758747
Tomoyuki Sugano,COL,pitcher,-13.67090344836884,NA,NA,NA,NA,NA,NA,NA,NA,116,6,0,74,5.17106,1.42572,0,0,0,0,0,0,0.14717946879590854,0,0.2042094761577352,-0.0103411015252143,-0.00640012408002194,0.3346477193484075,0.3346477193484075,0,0,0,0,0,0,0,0,0,1,0,P,0.4486529493960002,0.4486529493960002,0,0,0,0,0,0.1422734865027116,0.03627746556510604,0.24091199011581463,0.01911506633562095,0.01007494087674703,0,0,0,0,0,0.004905982293196942,-0.03627746556510604,-0.03670251395807944,-0.02945616786083525,-0.01647506495676897,0,-0.11400523004759276,-0.11400523004759276,-0.11400523004759276,0,0,0,0,0,0.2657480314960627,-4.025229357798171,-1.0009198093486076,-2.0753839989035185,-1.1848962737095607,-8.020681408263796,-8.020681408263796
Aaron Bummer,ATL,pitcher,-2.098044935585757,NA,NA,NA,NA,NA,NA,NA,NA,60,3,0,62,3.57083,1.31518,0,0,0,0,0,0,0.07358973439795427,0,0.17109442596999433,0.03750717047650347,0.01366580525383975,0.29585713609829184,0.29585713609829184,0,0,0,0,0,0,0,0,0,0,1,P,0.4486529493960002,0.4486529493960002,0,0,0,0,0,0.1422734865027116,0.03627746556510604,0.24091199011581463,0.01911506633562095,0.01007494087674703,0,0,0,0,0,-0.06868375210475733,-0.03627746556510604,-0.0698175641458203,0.018392104140882517,0.003590864377092719,0,-0.15279581329770844,-0.15279581329770844,-0.15279581329770844,0,0,0,0,0,-3.720472440944885,-4.025229357798171,-1.9040053516180284,1.2958467245464822,0.2582570588327442,-8.095603366981859,-8.095603366981859
Justin Lawrence,PIT,pitcher,-3.990544773500438,NA,NA,NA,NA,NA,NA,NA,NA,58,3,1,59,3.952,1.37515,0,0,0,0,0,0,0.07358973439795427,0.01395287137119463,0.16281566342305914,0.02638902909719256,0.0043073643817411,0.2810546626711417,0.2810546626711417,0,0,0,0,0,0,0,0,0,0,1,P,0.4486529493960002,0.4486529493960002,0,0,0,0,0,0.1422734865027116,0.03627746556510604,0.24091199011581463,0.01911506633562095,0.01007494087674703,0,0,0,0,0,-0.06868375210475733,-0.02232459419391141,-0.07809632669275549,0.00727396276157161,-0.00576757649500593,0,-0.16759828672485855,-0.16759828672485855,-0.16759828672485855,0,0,0,0,0,-3.720472440944885,-2.47706422018349,-2.1297767371853826,0.5124993174708811,-0.4148074629872434,-8.22962154383012,-8.22962154383012
Trevor McDonald,SFG,pitcher,-4.870405854342028,NA,NA,NA,NA,NA,NA,NA,NA,70,4,0,55,4.1932,1.34375,0,0,0,0,0,0,0.09811964586393904,0,0.15177731336047884,0.02431260972180361,0.01082451857443641,0.2850340875206579,0.2850340875206579,0,0,0,0,0,0,0,0,0,1,0,P,0.4486529493960002,0.4486529493960002,0,0,0,0,0,0.1422734865027116,0.03627746556510604,0.24091199011581463,0.01911506633562095,0.01007494087674703,0,0,0,0,0,-0.04415384063877256,-0.03627746556510604,-0.08913467675533579,0.005197543386182658,7.495776976893798e-4,0,-0.16361886187534233,-0.16361886187534233,-0.16361886187534233,0,0,0,0,0,-2.3917322834645685,-4.025229357798171,-2.4308052512751903,0.36620168747858395,0.05391006488766662,-8.427655140171678,-8.427655140171678
Ben Brown,CHC,pitcher,-1.4235703219194056,NA,NA,NA,NA,NA,NA,NA,NA,49,3,0,55,3.74847,1.19705,0,0,0,0,0,0,0.07358973439795427,0,0.15177731336047884,0.02674564155288022,0.02597625246753766,0.27808894177885096,0.27808894177885096,0,0,0,0,0,0,0,0,0,1,1,P,0.4486529493960002,0.4486529493960002,0,0,0,0,0,0.1422734865027116,0.03627746556510604,0.24091199011581463,0.01911506633562095,0.01007494087674703,0,0,0,0,0,-0.06868375210475733,-0.03627746556510604,-0.08913467675533579,0.00763057521725927,0.01590131159079063,0,-0.17056400761714924,-0.17056400761714924,-0.17056400761714924,0,0,0,0,0,-3.720472440944885,-4.025229357798171,-2.4308052512751903,0.5376250496380957,1.1436315972327171,-8.495250403147432,-8.495250403147432
Patrick Corbin,NA,pitcher,NA,NA,NA,NA,NA,NA,NA,NA,NA,86,5,0,69,4.86685,1.42437,0,0,0,0,0,0,0.1226495573299238,0,0.19041153857950985,0.00401082664565429,-0.00444775136058689,0.31262417119450103,0.31262417119450103,0,0,0,0,0,0,0,0,0,0,0,P,0.4486529493960002,0.4486529493960002,0,0,0,0,0,0.1422734865027116,0.03627746556510604,0.24091199011581463,0.01911506633562095,0.01007494087674703,0,0,0,0,0,-0.019623929172787796,-0.03627746556510604,-0.05050045153630478,-0.015104239689966662,-0.01452269223733392,0,-0.1360287782014992,-0.1360287782014992,-0.1360287782014992,0,0,0,0,0,-1.062992125984252,-4.025229357798171,-1.3772054519608659,-1.0641946880618904,-1.0444804898433901,-8.57410211364857,-8.57410211364857
Jackson Rutledge,WSN,pitcher,-6.86375572099635,NA,NA,NA,NA,NA,NA,NA,NA,59,3,2,50,4.60203,1.38622,0,0,0,0,0,0,0.07358973439795427,0.02790574274238926,0.1379793757822535,0.00972559737636346,0.00270988529776251,0.251910335596723,0.251910335596723,0,0,0,0,0,0,0,0,0,0,1,P,0.4486529493960002,0.4486529493960002,0,0,0,0,0,0.1422734865027116,0.03627746556510604,0.24091199011581463,0.01911506633562095,0.01007494087674703,0,0,0,0,0,-0.06868375210475733,-0.008371722822716782,-0.10293261433356113,-0.009389468959257491,-0.007365055578984521,0,-0.19674261379927724,-0.19674261379927724,-0.19674261379927724,0,0,0,0,0,-3.720472440944885,-0.928899082568809,-2.807090893887448,-0.6615508754671969,-0.5296990897518162,-8.647712382620155,-8.647712382620155
Chase Dollander,COL,pitcher,-15.491864658001523,NA,NA,NA,NA,NA,NA,NA,NA,114,5,0,98,5.273,1.48642,0,0,0,0,0,0,0.1226495573299238,0,0.2704395765332169,-0.01534994247867622,-0.02400161708681802,0.35373757429764646,0.35373757429764646,0,0,0,0,0,0,0,0,0,1,0,P,0.4486529493960002,0.4486529493960002,0,0,0,0,0,0.1422734865027116,0.03627746556510604,0.24091199011581463,0.01911506633562095,0.01007494087674703,0,0,0,0,0,-0.019623929172787796,-0.03627746556510604,0.029527586417402246,-0.03446500881429717,-0.034076557963565055,0,-0.09491537509835382,-0.09491537509835382,-0.09491537509835382,0,0,0,0,0,-1.062992125984252,-4.025229357798171,0.8052512751902329,-2.428290338145596,-2.4508059092833294,-9.162066456021115,-9.162066456021115
David Morgan,SDP,pitcher,-3.5876119069642725,NA,NA,NA,NA,NA,NA,NA,NA,58,3,0,59,4.04501,1.30354,0,0,0,0,0,0,0.07358973439795427,0,0.16281566342305914,0.0239811439047,0.01493830774859236,0.27532484947430574,0.27532484947430574,0,0,0,0,0,0,0,0,0,0,1,P,0.4486529493960002,0.4486529493960002,0,0,0,0,0,0.1422734865027116,0.03627746556510604,0.24091199011581463,0.01911506633562095,0.01007494087674703,0,0,0,0,0,-0.06868375210475733,-0.03627746556510604,-0.07809632669275549,0.004866077569079048,0.0048633668718453295,0,-0.17332809992169446,-0.17332809992169446,-0.17332809992169446,0,0,0,0,0,-3.720472440944885,-4.025229357798171,-2.1297767371853826,0.3428477041549431,0.3497761798969071,-9.182854651876589,-9.182854651876589
Hoby Milner,CHC,pitcher,-3.2836219298547675,NA,NA,NA,NA,NA,NA,NA,NA,60,3,0,50,3.90745,1.28491,0,0,0,0,0,0,0.07358973439795427,0,0.1379793757822535,0.02849209630765054,0.01831452974879933,0.25837573623665766,0.25837573623665766,0,0,0,0,0,0,0,0,0,0,1,P,0.4486529493960002,0.4486529493960002,0,0,0,0,0,0.1422734865027116,0.03627746556510604,0.24091199011581463,0.01911506633562095,0.01007494087674703,0,0,0,0,0,-0.06868375210475733,-0.03627746556510604,-0.10293261433356113,0.009377029972029587,0.008239588872052301,0,-0.1902772131593426,-0.1902772131593426,-0.1902772131593426,0,0,0,0,0,-3.720472440944885,-4.025229357798171,-2.807090893887448,0.6606744656376047,0.5925960338858797,-9.29952219310702,-9.29952219310702
Andrew Alvarez,WSN,pitcher,-7.882406166229506,NA,NA,NA,NA,NA,NA,NA,NA,81,4,0,59,4.36493,1.42088,0,0,0,0,0,0,0.09811964586393904,0,0.16281566342305914,0.02192433899716165,-0.00346559111373376,0.27939405717042604,0.27939405717042604,0,0,0,0,0,0,0,0,0,1,0,P,0.4486529493960002,0.4486529493960002,0,0,0,0,0,0.1422734865027116,0.03627746556510604,0.24091199011581463,0.01911506633562095,0.01007494087674703,0,0,0,0,0,-0.04415384063877256,-0.03627746556510604,-0.07809632669275549,0.0028092726615406988,-0.01354053199048079,0,-0.16925889222557416,-0.16925889222557416,-0.16925889222557416,0,0,0,0,0,-2.3917322834645685,-4.025229357798171,-2.1297767371853826,0.1979320445844765,-0.9738429524658034,-9.32264928632945,-9.32264928632945
Ryan Feltner,COL,pitcher,-13.94402970010845,NA,NA,NA,NA,NA,NA,NA,NA,101,5,0,84,5.14891,1.48721,0,0,0,0,0,0,0.1226495573299238,0,0.2318053513141859,-0.008005332242928,-0.02146882013723749,0.3249807562639442,0.3249807562639442,0,0,0,0,0,0,0,0,0,1,0,P,0.4486529493960002,0.4486529493960002,0,0,0,0,0,0.1422734865027116,0.03627746556510604,0.24091199011581463,0.01911506633562095,0.01007494087674703,0,0,0,0,0,-0.019623929172787796,-0.03627746556510604,-0.009106638801628736,-0.02712039857854895,-0.03154376101398452,0,-0.12367219313205605,-0.12367219313205605,-0.12367219313205605,0,0,0,0,0,-1.062992125984252,-4.025229357798171,-0.24834852412409067,-1.910813433700001,-2.2686456765014924,-9.516029118108007,-9.516029118108007
Grant Anderson,MIL,pitcher,-3.983621148505033,NA,NA,NA,NA,NA,NA,NA,NA,56,3,0,57,4.12618,1.30222,0,0,0,0,0,0,0.07358973439795427,0,0.157296488391769,0.02112530291442254,0.01461239846456928,0.2666239241687151,0.2666239241687151,0,0,0,0,0,0,0,0,0,0,1,P,0.4486529493960002,0.4486529493960002,0,0,0,0,0,0.1422734865027116,0.03627746556510604,0.24091199011581463,0.01911506633562095,0.01007494087674703,0,0,0,0,0,-0.06868375210475733,-0.03627746556510604,-0.08361550172404564,0.0020102365788015886,0.004537457587822249,0,-0.18202902522728517,-0.18202902522728517,-0.18202902522728517,0,0,0,0,0,-3.720472440944885,-4.025229357798171,-2.2802909942302865,0.141634609409001,0.32633659424309536,-9.558021589321246,-9.558021589321246
Brusdar Graterol,LAD,pitcher,-1.7445923707207256,NA,NA,NA,NA,NA,NA,NA,NA,46,3,0,39,3.54153,1.20586,0,0,0,0,0,0,0.07358973439795427,0,0.10762391311015772,0.02935709149543538,0.02334857085885072,0.23391930986239812,0.23391930986239812,0,0,0,0,0,0,0,0,0,0,1,P,0.4486529493960002,0.4486529493960002,0,0,0,0,0,0.1422734865027116,0.03627746556510604,0.24091199011581463,0.01911506633562095,0.01007494087674703,0,0,0,0,0,-0.06868375210475733,-0.03627746556510604,-0.13328807700565692,0.010242025159814427,0.013273629982103689,0,-0.2147336395336022,-0.2147336395336022,-0.2147336395336022,0,0,0,0,0,-3.720472440944885,-4.025229357798171,-3.6349193076344175,0.7216191608314451,0.9546472044671475,-9.704354741078882,-9.704354741078882
Jack Dreyer,LAD,pitcher,-3.9275565292744066,NA,NA,NA,NA,NA,NA,NA,NA,54,3,0,54,4.13249,1.28456,0,0,0,0,0,0,0.07358973439795427,0,0.14901772584483378,0.02021873760118352,0.01653145299512563,0.25935765083909723,0.25935765083909723,0,0,0,0,0,0,0,0,0,1,1,P,0.4486529493960002,0.4486529493960002,0,0,0,0,0,0.1422734865027116,0.03627746556510604,0.24091199011581463,0.01911506633562095,0.01007494087674703,0,0,0,0,0,-0.06868375210475733,-0.03627746556510604,-0.09189426427098085,0.001103671265562569,0.0064565121183786,0,-0.18929529855690305,-0.18929529855690305,-0.18929529855690305,0,0,0,0,0,-3.720472440944885,-4.025229357798171,-2.506062379797642,0.07776102089788953,0.4643561145465598,-9.709647043096249,-9.709647043096249
Jonathan Bowlan,PHI,pitcher,-4.2361678262316715,NA,NA,NA,NA,NA,NA,NA,NA,56,3,0,53,4.16028,1.29796,0,0,0,0,0,0,0.07358973439795427,0,0.14625813832918871,0.02027294785367938,0.01522301387890555,0.2553438344597279,0.2553438344597279,0,0,0,0,0,0,0,0,0,0,1,P,0.4486529493960002,0.4486529493960002,0,0,0,0,0,0.1422734865027116,0.03627746556510604,0.24091199011581463,0.01911506633562095,0.01007494087674703,0,0,0,0,0,-0.06868375210475733,-0.03627746556510604,-0.09465385178662591,0.001157881518058429,0.005148073002158519,0,-0.1933091149362723,-0.1933091149362723,-0.1933091149362723,0,0,0,0,0,-3.720472440944885,-4.025229357798171,-2.5813195083200933,0.08158049568965346,0.3702524107218281,-9.875188400651666,-9.875188400651666
Wandy Peralta,SDP,pitcher,-4.013393946928085,NA,NA,NA,NA,NA,NA,NA,NA,57,3,0,50,3.84545,1.34331,0,0,0,0,0,0,0.07358973439795427,0,0.1379793757822535,0.028644901831955,0.00887844531684806,0.24909245732901084,0.24909245732901084,0,0,0,0,0,0,0,0,0,0,1,P,0.4486529493960002,0.4486529493960002,0,0,0,0,0,0.1422734865027116,0.03627746556510604,0.24091199011581463,0.01911506633562095,0.01007494087674703,0,0,0,0,0,-0.06868375210475733,-0.03627746556510604,-0.10293261433356113,0.009529835496334047,-0.0011964955598989697,0,-0.19956049206698942,-0.19956049206698942,-0.19956049206698942,0,0,0,0,0,-3.720472440944885,-4.025229357798171,-2.807090893887448,0.6714406366339071,-0.08605265801102871,-9.967404714007627,-9.967404714007627
Yohan Ramirez,PIT,pitcher,-4.586105247822033,NA,NA,NA,NA,NA,NA,NA,NA,56,3,0,57,4.18078,1.33497,0,0,0,0,0,0,0.07358973439795427,0,0.157296488391769,0.01976053498725021,0.00991811329566945,0.2605648710726429,0.2605648710726429,0,0,0,0,0,0,0,0,0,0,1,P,0.4486529493960002,0.4486529493960002,0,0,0,0,0,0.1422734865027116,0.03627746556510604,0.24091199011581463,0.01911506633562095,0.01007494087674703,0,0,0,0,0,-0.06868375210475733,-0.03627746556510604,-0.08361550172404564,6.454686516292572e-4,-1.5682758107758016e-4,0,-0.18808807832335733,-0.18808807832335733,-0.18808807832335733,0,0,0,0,0,-3.720472440944885,-4.025229357798171,-2.2802909942302865,0.04547758274986979,-0.011279131033553871,-9.991794341257027,-9.991794341257027
Javier Assad,CHC,pitcher,-4.353932963433683,NA,NA,NA,NA,NA,NA,NA,NA,61,3,0,51,4.05642,1.3331,0,0,0,0,0,0,0.07358973439795427,0,0.14073896329789856,0.02491088197715453,0.01109563137712108,0.25033521105012846,0.25033521105012846,0,0,0,0,0,0,0,0,0,1,0,P,0.4486529493960002,0.4486529493960002,0,0,0,0,0,0.1422734865027116,0.03627746556510604,0.24091199011581463,0.01911506633562095,0.01007494087674703,0,0,0,0,0,-0.06868375210475733,-0.03627746556510604,-0.10017302681791607,0.005795815641533579,0.0010206905003740507,0,-0.19831773834587182,-0.19831773834587182,-0.19831773834587182,0,0,0,0,0,-3.720472440944885,-4.025229357798171,-2.7318337653649967,0.4083539685088026,0.07340865566706362,-9.995772939932186,-9.995772939932186
Caleb Ferguson,CIN,pitcher,-4.656611164552459,NA,NA,NA,NA,NA,NA,NA,NA,58,3,0,55,4.21335,1.32343,0,0,0,0,0,0,0.07358973439795427,0,0.15177731336047884,0.01962308140277337,0.01198551535134794,0.25697564451255445,0.25697564451255445,0,0,0,0,0,0,0,0,0,0,1,P,0.4486529493960002,0.4486529493960002,0,0,0,0,0,0.1422734865027116,0.03627746556510604,0.24091199011581463,0.01911506633562095,0.01007494087674703,0,0,0,0,0,-0.06868375210475733,-0.03627746556510604,-0.08913467675533579,5.080150671524196e-4,0.0019105744746009106,0,-0.1916773048834458,-0.1916773048834458,-0.1916773048834458,0,0,0,0,0,-3.720472440944885,-4.025229357798171,-2.4308052512751903,0.03579305857269554,0.13740962973679197,-10.003304361708759,-10.003304361708759
Julian Fernandez,WSN,pitcher,-3.054742133084493,NA,NA,NA,NA,NA,NA,NA,NA,48,3,0,48,3.95678,1.27579,0,0,0,0,0,0,0.07358973439795427,0,0.13246020075096335,0.02173678533736987,0.01577210922735876,0.24355882971364629,0.24355882971364629,0,0,0,0,0,0,0,0,0,0,1,P,0.4486529493960002,0.4486529493960002,0,0,0,0,0,0.1422734865027116,0.03627746556510604,0.24091199011581463,0.01911506633562095,0.01007494087674703,0,0,0,0,0,-0.06868375210475733,-0.03627746556510604,-0.10845178936485128,0.0026217190017489185,0.00569716835061173,0,-0.205094119682354,-0.205094119682354,-0.205094119682354,0,0,0,0,0,-3.720472440944885,-4.025229357798171,-2.957605150932352,0.1847176350826487,0.40974366820704644,-10.108845646385713,-10.108845646385713
Joel Payamps,ATL,pitcher,-4.076654991829282,NA,NA,NA,NA,NA,NA,NA,NA,53,3,0,48,4.06167,1.29206,0,0,0,0,0,0,0.07358973439795427,0,0.13246020075096335,0.02151968343138274,0.01520787857831259,0.242777497158613,0.242777497158613,0,0,0,0,0,0,0,0,0,0,1,P,0.4486529493960002,0.4486529493960002,0,0,0,0,0,0.1422734865027116,0.03627746556510604,0.24091199011581463,0.01911506633562095,0.01007494087674703,0,0,0,0,0,-0.06868375210475733,-0.03627746556510604,-0.10845178936485128,0.0024046170957617886,0.00513293770156556,0,-0.20587545223738732,-0.20587545223738732,-0.20587545223738732,0,0,0,0,0,-3.720472440944885,-4.025229357798171,-2.957605150932352,0.16942135404752398,0.3691638710820069,-10.164721724545878,-10.164721724545878
Jacob Webb,CHC,pitcher,-4.330935018113932,NA,NA,NA,NA,NA,NA,NA,NA,54,3,0,51,4.26421,1.28513,0,0,0,0,0,0,0.07358973439795427,0,0.14073896329789856,0.01704388461393029,0.0164526688634469,0.24782525117323004,0.24782525117323004,0,0,0,0,0,0,0,0,0,0,1,P,0.4486529493960002,0.4486529493960002,0,0,0,0,0,0.1422734865027116,0.03627746556510604,0.24091199011581463,0.01911506633562095,0.01007494087674703,0,0,0,0,0,-0.06868375210475733,-0.03627746556510604,-0.10017302681791607,-0.0020711817216906604,0.006377727986699871,0,-0.20082769822277025,-0.20082769822277025,-0.20082769822277025,0,0,0,0,0,-3.720472440944885,-4.025229357798171,-2.7318337653649967,-0.1459286022651132,0.45868991387915575,-10.164774252494011,-10.164774252494011
Porter Hodge,CHC,pitcher,-4.0000916037908265,NA,NA,NA,NA,NA,NA,NA,NA,50,3,0,56,4.01507,1.34985,0,0,0,0,0,0,0.07358973439795427,0,0.15453690087612393,0.02134158986648984,0.00695112451253939,0.2564193496531074,0.2564193496531074,0,0,0,0,0,0,0,0,0,0,1,P,0.4486529493960002,0.4486529493960002,0,0,0,0,0,0.1422734865027116,0.03627746556510604,0.24091199011581463,0.01911506633562095,0.01007494087674703,0,0,0,0,0,-0.06868375210475733,-0.03627746556510604,-0.0863750892396907,0.002226523530868888,-0.0031238163642076404,0,-0.1922335997428928,-0.1922335997428928,-0.1922335997428928,0,0,0,0,0,-3.720472440944885,-4.025229357798171,-2.355548122752738,0.15687347149088476,-0.22466669354052038,-10.16904314354543,-10.16904314354543
Spencer Bivens,SFG,pitcher,-6.620110987659577,NA,NA,NA,NA,NA,NA,NA,NA,70,3,0,52,4.22733,1.36097,0,0,0,0,0,0,0.07358973439795427,0,0.14349855081354365,0.02324622855526535,0.00773919068861752,0.2480737044553808,0.2480737044553808,0,0,0,0,0,0,0,0,0,0,1,P,0.4486529493960002,0.4486529493960002,0,0,0,0,0,0.1422734865027116,0.03627746556510604,0.24091199011581463,0.01911506633562095,0.01007494087674703,0,0,0,0,0,-0.06868375210475733,-0.03627746556510604,-0.09741343930227098,0.004131162219644397,-0.0023357501881295104,0,-0.20057924494061946,-0.20057924494061946,-0.20057924494061946,0,0,0,0,0,-3.720472440944885,-4.025229357798171,-2.6565766368425443,0.29106800341548605,-0.16798851485522995,-10.279198947025344,-10.279198947025344
DL Hall,MIL,pitcher,-4.196870859384571,NA,NA,NA,NA,NA,NA,NA,NA,52,3,0,52,4.02893,1.35062,0,0,0,0,0,0,0.07358973439795427,0,0.14349855081354365,0.02187355816403025,0.00712668357255965,0.24608852694808783,0.24608852694808783,0,0,0,0,0,0,0,0,0,0,1,P,0.4486529493960002,0.4486529493960002,0,0,0,0,0,0.1422734865027116,0.03627746556510604,0.24091199011581463,0.01911506633562095,0.01007494087674703,0,0,0,0,0,-0.06868375210475733,-0.03627746556510604,-0.09741343930227098,0.002758491828409298,-0.0029482573041873803,0,-0.20256442244791245,-0.20256442244791245,-0.20256442244791245,0,0,0,0,0,-3.720472440944885,-4.025229357798171,-2.6565766368425443,0.1943541953194326,-0.2120403836243041,-10.419964623890472,-10.419964623890472
Corbin Burnes,ARI,pitcher,-1.7211728528336985,NA,NA,NA,NA,NA,NA,NA,NA,39,3,0,37,3.50582,1.2138,0,0,0,0,0,0,0.07358973439795427,0,0.1021047380788676,0.02551133890852154,0.01900292531603156,0.22020873670137495,0.22020873670137495,0,0,0,0,0,0,0,0,0,1,0,P,0.4486529493960002,0.4486529493960002,0,0,0,0,0,0.1422734865027116,0.03627746556510604,0.24091199011581463,0.01911506633562095,0.01007494087674703,0,0,0,0,0,-0.06868375210475733,-0.03627746556510604,-0.13880725203694705,0.0063962725729005895,0.008927984439284529,0,-0.2284442126946253,-0.2284442126946253,-0.2284442126946253,0,0,0,0,0,-3.720472440944885,-4.025229357798171,-3.7854335646793205,0.45066017457326196,0.64210584429281925,-10.438369344556294,-10.438369344556294
Josh White,MIA,pitcher,-3.704609828342623,NA,NA,NA,NA,NA,NA,NA,NA,47,3,0,47,3.96089,1.30153,0,0,0,0,0,0,0.07358973439795427,0,0.12970061323531829,0.02119771369736388,0.01234698473534114,0.2368350460659776,0.2368350460659776,0,0,0,0,0,0,0,0,0,0,1,P,0.4486529493960002,0.4486529493960002,0,0,0,0,0,0.1422734865027116,0.03627746556510604,0.24091199011581463,0.01911506633562095,0.01007494087674703,0,0,0,0,0,-0.06868375210475733,-0.03627746556510604,-0.11121137688049634,0.0020826473617429273,0.0022720438585941104,0,-0.21181790333002265,-0.21181790333002265,-0.21181790333002265,0,0,0,0,0,-3.720472440944885,-4.025229357798171,-3.0328622794548035,0.14673643327741878,0.16340671850563832,-10.468420926414803,-10.468420926414803
JT Brubaker,SFG,pitcher,-6.776728438532113,NA,NA,NA,NA,NA,NA,NA,NA,59,2,1,50,4.21205,1.36747,0,0,0,0,0,0,0.04905982293196952,0.01395287137119463,0.1379793757822535,0.01999564564235017,0.00554142999138053,0.2265291457191483,0.2265291457191483,0,0,0,0,0,0,0,0,0,0,1,P,0.4486529493960002,0.4486529493960002,0,0,0,0,0,0.1422734865027116,0.03627746556510604,0.24091199011581463,0.01911506633562095,0.01007494087674703,0,0,0,0,0,-0.09321366357074208,-0.02232459419391141,-0.10293261433356113,8.805793067292178e-4,-0.0045335108853665,0,-0.2221238036768519,-0.2221238036768519,-0.2221238036768519,0,0,0,0,0,-5.049212598425201,-2.47706422018349,-2.807090893887448,0.06204270058432342,-0.3260527451022556,-10.597377757014073,-10.597377757014073
Gordon Graceffo,STL,pitcher,-5.224841189437395,NA,NA,NA,NA,NA,NA,NA,NA,58,3,0,46,4.21922,1.31581,0,0,0,0,0,0,0.07358973439795427,0,0.12694102571967322,0.01947111617236878,0.01311675105104642,0.23311862734104272,0.23311862734104272,0,0,0,0,0,0,0,0,0,0,1,P,0.4486529493960002,0.4486529493960002,0,0,0,0,0,0.1422734865027116,0.03627746556510604,0.24091199011581463,0.01911506633562095,0.01007494087674703,0,0,0,0,0,-0.06868375210475733,-0.03627746556510604,-0.1139709643961414,3.560498367478279e-4,0.00304181017429939,0,-0.21553432205495757,-0.21553432205495757,-0.21553432205495757,0,0,0,0,0,-3.720472440944885,-4.025229357798171,-3.108119407977255,0.025086091900676007,0.218768760567365,-10.609966354252272,-10.609966354252272
Sam Hentges,SFG,pitcher,-1.6891715609710023,NA,NA,NA,NA,NA,NA,NA,NA,44,2,0,43,3.2797,1.22473,0,0,0,0,0,0,0.04905982293196952,0,0.118662263172738,0.03322291108755,0.02020824052776356,0.22115323772002107,0.22115323772002107,0,0,0,0,0,0,0,0,0,0,1,P,0.4486529493960002,0.4486529493960002,0,0,0,0,0,0.1422734865027116,0.03627746556510604,0.24091199011581463,0.01911506633562095,0.01007494087674703,0,0,0,0,0,-0.09321366357074208,-0.03627746556510604,-0.12224972694307663,0.014107844751929052,0.01013329965101653,0,-0.22749971167597918,-0.22749971167597918,-0.22749971167597918,0,0,0,0,0,-5.049212598425201,-4.025229357798171,-3.3338907935446103,0.9939920017938919,0.7287928168039606,-10.68554793117013,-10.68554793117013
Cionel Perez,WSN,pitcher,-7.444031752683603,NA,NA,NA,NA,NA,NA,NA,NA,57,3,1,49,4.26907,1.48057,0,0,0,0,0,0,0.07358973439795427,0.01395287137119463,0.13521978826660844,0.01786711847553232,-0.0111473137835564,0.2294821987277333,0.2294821987277333,0,0,0,0,0,0,0,0,0,0,1,P,0.4486529493960002,0.4486529493960002,0,0,0,0,0,0.1422734865027116,0.03627746556510604,0.24091199011581463,0.01911506633562095,0.01007494087674703,0,0,0,0,0,-0.06868375210475733,-0.02232459419391141,-0.10569220184920619,-0.0012479478600886315,-0.02122225466030343,0,-0.219170750668267,-0.219170750668267,-0.219170750668267,0,0,0,0,0,-3.720472440944885,-2.47706422018349,-2.8823480224098996,-0.08792627175843343,-1.5263169239510221,-10.69412787924773,-10.69412787924773
Justin Bruihl,STL,pitcher,-5.0592708837269775,NA,NA,NA,NA,NA,NA,NA,NA,54,3,0,47,4.07627,1.35478,0,0,0,0,0,0,0.07358973439795427,0,0.12970061323531829,0.02157381074833942,0.00682580084340921,0.2316899592250212,0.2316899592250212,0,0,0,0,0,0,0,0,0,0,1,P,0.4486529493960002,0.4486529493960002,0,0,0,0,0,0.1422734865027116,0.03627746556510604,0.24091199011581463,0.01911506633562095,0.01007494087674703,0,0,0,0,0,-0.06868375210475733,-0.03627746556510604,-0.11121137688049634,0.0024587444127184693,-0.0032491400333378205,0,-0.21696299017097903,-0.21696299017097903,-0.21696299017097903,0,0,0,0,0,-3.720472440944885,-4.025229357798171,-3.0328622794548035,0.17323498547596358,-0.2336800448656664,-10.839009137587563,-10.839009137587563
Dylan Dodd,ATL,pitcher,-3.678739580102322,NA,NA,NA,NA,NA,NA,NA,NA,46,3,0,39,3.99811,1.26624,0,0,0,0,0,0,0.07358973439795427,0,0.10762391311015772,0.01998248917706035,0.01623936520404379,0.21743550188921615,0.21743550188921615,0,0,0,0,0,0,0,0,0,0,1,P,0.4486529493960002,0.4486529493960002,0,0,0,0,0,0.1422734865027116,0.03627746556510604,0.24091199011581463,0.01911506633562095,0.01007494087674703,0,0,0,0,0,-0.06868375210475733,-0.03627746556510604,-0.13328807700565692,8.674228414394004e-4,0.006164424327296761,0,-0.23121744750678414,-0.23121744750678414,-0.23121744750678414,0,0,0,0,0,-3.720472440944885,-4.025229357798171,-3.6349193076344175,0.0611157396275005,0.4433489903769685,-10.876156376373006,-10.876156376373006
Huascar Brazoban,NYM,pitcher,-5.202733447541098,NA,NA,NA,NA,NA,NA,NA,NA,52,3,0,49,4.08235,1.36588,0,0,0,0,0,0,0.07358973439795427,0,0.13521978826660844,0.02063366186012642,0.00509559896665704,0.23453878349134616,0.23453878349134616,0,0,0,0,0,0,0,0,0,0,1,P,0.4486529493960002,0.4486529493960002,0,0,0,0,0,0.1422734865027116,0.03627746556510604,0.24091199011581463,0.01911506633562095,0.01007494087674703,0,0,0,0,0,-0.06868375210475733,-0.03627746556510604,-0.10569220184920619,0.001518595524505468,-0.00497934191008999,0,-0.2141141659046541,-0.2141141659046541,-0.2141141659046541,0,0,0,0,0,-3.720472440944885,-4.025229357798171,-2.8823480224098996,0.10699520953489625,-0.3581171722401854,-10.879171783858245,-10.879171783858245
Kyle Backhus,PHI,pitcher,-5.353565258653985,NA,NA,NA,NA,NA,NA,NA,NA,52,3,0,50,4.30956,1.34096,0,0,0,0,0,0,0.07358973439795427,0,0.1379793757822535,0.01536004075922808,0.00841241602950718,0.23534156696894304,0.23534156696894304,0,0,0,0,0,0,0,0,0,0,1,P,0.4486529493960002,0.4486529493960002,0,0,0,0,0,0.1422734865027116,0.03627746556510604,0.24091199011581463,0.01911506633562095,0.01007494087674703,0,0,0,0,0,-0.06868375210475733,-0.03627746556510604,-0.10293261433356113,-0.0037550255763928713,-0.0016625248472398498,0,-0.21331138242705722,-0.21331138242705722,-0.21331138242705722,0,0,0,0,0,-3.720472440944885,-4.025229357798171,-2.807090893887448,-0.264566661676345,-0.11956975596837878,-10.936929110275226,-10.936929110275226
Brock Stewart,LAD,pitcher,-3.332193895443869,NA,NA,NA,NA,NA,NA,NA,NA,44,2,0,51,3.81021,1.24396,0,0,0,0,0,0,0.04905982293196952,0,0.14073896329789856,0.02280395064342906,0.01804252157077911,0.23064525844407627,0.23064525844407627,0,0,0,0,0,0,0,0,0,0,1,P,0.4486529493960002,0.4486529493960002,0,0,0,0,0,0.1422734865027116,0.03627746556510604,0.24091199011581463,0.01911506633562095,0.01007494087674703,0,0,0,0,0,-0.09321366357074208,-0.03627746556510604,-0.10017302681791607,0.0036888843078081088,0.00796758069403208,0,-0.218007690951924,-0.218007690951924,-0.218007690951924,0,0,0,0,0,-5.049212598425201,-4.025229357798171,-2.7318337653649967,0.2599065670185295,0.5730330471905062,-10.973336107379332,-10.973336107379332
Lake Bachar,MIA,pitcher,-4.9888893424660905,NA,NA,NA,NA,NA,NA,NA,NA,48,3,0,48,4.23162,1.33583,0,0,0,0,0,0,0.07358973439795427,0,0.13246020075096335,0.01584835806729075,0.00839558015759006,0.23029387337379847,0.23029387337379847,0,0,0,0,0,0,0,0,0,0,1,P,0.4486529493960002,0.4486529493960002,0,0,0,0,0,0.1422734865027116,0.03627746556510604,0.24091199011581463,0.01911506633562095,0.01007494087674703,0,0,0,0,0,-0.06868375210475733,-0.03627746556510604,-0.10845178936485128,-0.003266708268330202,-0.0016793607191569696,0,-0.21835907602220184,-0.21835907602220184,-0.21835907602220184,0,0,0,0,0,-3.720472440944885,-4.025229357798171,-2.957605150932352,-0.2301614419502456,-0.12078060168896276,-11.054248993314618,-11.054248993314618
Craig Yoho,MIL,pitcher,-3.9898016074128617,NA,NA,NA,NA,NA,NA,NA,NA,42,3,0,44,4.00674,1.31658,0,0,0,0,0,0,0.07358973439795427,0,0.12142185068838308,0.01808309643336446,0.00941555987837958,0.2225102413980814,0.2225102413980814,0,0,0,0,0,0,0,0,0,0,1,P,0.4486529493960002,0.4486529493960002,0,0,0,0,0,0.1422734865027116,0.03627746556510604,0.24091199011581463,0.01911506633562095,0.01007494087674703,0,0,0,0,0,-0.06868375210475733,-0.03627746556510604,-0.11949013942743154,-0.0010319699022564924,-6.593809983674506e-4,0,-0.22614270799791886,-0.22614270799791886,-0.22614270799791886,0,0,0,0,0,-3.720472440944885,-4.025229357798171,-3.2586336650221583,-0.07270918038665815,-0.04742306570387613,-11.124467709855749,-11.124467709855749
Kyle Hurt,LAD,pitcher,-5.5211647221504006,NA,NA,NA,NA,NA,NA,NA,NA,50,3,0,53,4.35266,1.37311,0,0,0,0,0,0,0.07358973439795427,0,0.14625813832918871,0.01380737995456378,0.00397432317588154,0.2376295758575883,0.2376295758575883,0,0,0,0,0,0,0,0,0,0,1,P,0.4486529493960002,0.4486529493960002,0,0,0,0,0,0.1422734865027116,0.03627746556510604,0.24091199011581463,0.01911506633562095,0.01007494087674703,0,0,0,0,0,-0.06868375210475733,-0.03627746556510604,-0.09465385178662591,-0.005307686381057171,-0.00610061770086549,0,-0.2110233735384119,-0.2110233735384119,-0.2110233735384119,0,0,0,0,0,-3.720472440944885,-4.025229357798171,-2.5813195083200933,-0.3739619979926277,-0.4387599806161707,-11.139743285671948,-11.139743285671948
Ryan Gusto,MIA,pitcher,-6.4386147868304375,NA,NA,NA,NA,NA,NA,NA,NA,57,3,0,49,4.41665,1.35231,0,0,0,0,0,0,0.07358973439795427,0,0.13521978826660844,0.01411237302503222,0.0075653764555364,0.23048727214513132,0.23048727214513132,0,0,0,0,0,0,0,0,0,1,1,P,0.4486529493960002,0.4486529493960002,0,0,0,0,0,0.1422734865027116,0.03627746556510604,0.24091199011581463,0.01911506633562095,0.01007494087674703,0,0,0,0,0,-0.06868375210475733,-0.03627746556510604,-0.10569220184920619,-0.005002693310588731,-0.0025095644212106303,0,-0.21816567725086894,-0.21816567725086894,-0.21816567725086894,0,0,0,0,0,-3.720472440944885,-4.025229357798171,-2.8823480224098996,-0.35247319669243354,-0.18048933580106094,-11.16101235364645,-11.16101235364645
Ryan Fernandez,STL,pitcher,-4.473381615165309,NA,NA,NA,NA,NA,NA,NA,NA,44,3,0,45,4.00985,1.34157,0,0,0,0,0,0,0.07358973439795427,0,0.12418143820402816,0.01888311736401058,0.00704949882552409,0.22370378879151703,0.22370378879151703,0,0,0,0,0,0,0,0,0,0,1,P,0.4486529493960002,0.4486529493960002,0,0,0,0,0,0.1422734865027116,0.03627746556510604,0.24091199011581463,0.01911506633562095,0.01007494087674703,0,0,0,0,0,-0.06868375210475733,-0.03627746556510604,-0.11673055191178647,-2.319489716103712e-4,-0.0030254420512229405,0,-0.22494916060448314,-0.22494916060448314,-0.22494916060448314,0,0,0,0,0,-3.720472440944885,-4.025229357798171,-3.1833765364997064,-0.016342356090465356,-0.21759155561601604,-11.163012246949243,-11.163012246949243
Connor Phillips,CIN,pitcher,-6.846052979111699,NA,NA,NA,NA,NA,NA,NA,NA,56,3,0,60,4.62977,1.39483,0,0,0,0,0,0,0.07358973439795427,0,0.1655752509387042,0.00853769338246821,0.00133796336558262,0.2490406420847093,0.2490406420847093,0,0,0,0,0,0,0,0,0,0,1,P,0.4486529493960002,0.4486529493960002,0,0,0,0,0,0.1422734865027116,0.03627746556510604,0.24091199011581463,0.01911506633562095,0.01007494087674703,0,0,0,0,0,-0.06868375210475733,-0.03627746556510604,-0.07533673917711042,-0.01057737295315274,-0.00873697751116441,0,-0.19961230731129098,-0.19961230731129098,-0.19961230731129098,0,0,0,0,0,-3.720472440944885,-4.025229357798171,-2.054519608662931,-0.745246655339558,-0.6283685146995146,-11.17383657744506,-11.17383657744506
Bradgley Rodriguez,SDP,pitcher,-5.630248836062917,NA,NA,NA,NA,NA,NA,NA,NA,52,3,0,47,4.14631,1.37347,0,0,0,0,0,0,0.07358973439795427,0,0.12970061323531829,0.01914912858424307,0.00408538060762684,0.22652485682514248,0.22652485682514248,0,0,0,0,0,0,0,0,0,0,1,P,0.4486529493960002,0.4486529493960002,0,0,0,0,0,0.1422734865027116,0.03627746556510604,0.24091199011581463,0.01911506633562095,0.01007494087674703,0,0,0,0,0,-0.06868375210475733,-0.03627746556510604,-0.11121137688049634,3.406224862211732e-5,-0.00598956026912019,0,-0.22212809257085778,-0.22212809257085778,-0.22212809257085778,0,0,0,0,0,-3.720472440944885,-4.025229357798171,-3.0328622794548035,0.0023999131893530424,-0.43077266539841225,-11.20693683040692,-11.20693683040692
Matt Pushard,STL,pitcher,-5.154038075609236,NA,NA,NA,NA,NA,NA,NA,NA,52,3,0,45,4.2171,1.34663,0,0,0,0,0,0,0.07358973439795427,0,0.12418143820402816,0.01750606869368985,0.00765774697869015,0.2229349882743624,0.2229349882743624,0,0,0,0,0,0,0,0,0,0,0,P,0.4486529493960002,0.4486529493960002,0,0,0,0,0,0.1422734865027116,0.03627746556510604,0.24091199011581463,0.01911506633562095,0.01007494087674703,0,0,0,0,0,-0.06868375210475733,-0.03627746556510604,-0.11673055191178647,-0.0016089976419310995,-0.0024171938980568804,0,-0.2257179611216378,-0.2257179611216378,-0.2257179611216378,0,0,0,0,0,-3.720472440944885,-4.025229357798171,-3.1833765364997064,-0.11336464322561099,-0.1738459939403351,-11.216288972408707,-11.216288972408707
Ian Hamilton,ATL,pitcher,-4.3939967273614835,NA,NA,NA,NA,NA,NA,NA,NA,50,2,0,52,3.7311,1.33922,0,0,0,0,0,0,0.04905982293196952,0,0.14349855081354365,0.02767912826718192,0.00831154575968783,0.22854904777238297,0.22854904777238297,0,0,0,0,0,0,0,0,0,0,1,P,0.4486529493960002,0.4486529493960002,0,0,0,0,0,0.1422734865027116,0.03627746556510604,0.24091199011581463,0.01911506633562095,0.01007494087674703,0,0,0,0,0,-0.09321366357074208,-0.03627746556510604,-0.09741343930227098,0.008564061931560969,-0.0017633951170592,0,-0.22010390162361732,-0.22010390162361732,-0.22010390162361732,0,0,0,0,0,-5.049212598425201,-4.025229357798171,-2.6565766368425443,0.6033954308772196,-0.126824404563128,-11.254447566751825,-11.254447566751825
Ben Casparius,LAD,pitcher,-6.217698631554398,NA,NA,NA,NA,NA,NA,NA,NA,55,3,0,52,4.61666,1.34486,0,0,0,0,0,0,0.07358973439795427,0,0.14349855081354365,0.00870707716556763,0.00834871600665297,0.2341440783837185,0.2341440783837185,0,0,0,0,0,0,0,0,0,0,1,P,0.4486529493960002,0.4486529493960002,0,0,0,0,0,0.1422734865027116,0.03627746556510604,0.24091199011581463,0.01911506633562095,0.01007494087674703,0,0,0,0,0,-0.06868375210475733,-0.03627746556510604,-0.09741343930227098,-0.010407989170053322,-0.0017262248700940595,0,-0.21450887101228172,-0.21450887101228172,-0.21450887101228172,0,0,0,0,0,-3.720472440944885,-4.025229357798171,-2.6565766368425443,-0.7333124351524957,-0.12415109873778352,-11.25974196947588,-11.25974196947588
Griff McGarry,WSN,pitcher,-6.941710374417414,NA,NA,NA,NA,NA,NA,NA,NA,55,3,0,61,4.37163,1.45593,0,0,0,0,0,0,0.07358973439795427,0,0.16833483845434927,0.0147224158906222,-0.00728742573491392,0.24935956300801185,0.24935956300801185,0,0,0,0,0,0,0,0,0,1,0,P,0.4486529493960002,0.4486529493960002,0,0,0,0,0,0.1422734865027116,0.03627746556510604,0.24091199011581463,0.01911506633562095,0.01007494087674703,0,0,0,0,0,-0.06868375210475733,-0.03627746556510604,-0.07257715166146536,-0.004392650444998751,-0.017362366611660948,0,-0.19929338638798844,-0.19929338638798844,-0.19929338638798844,0,0,0,0,0,-3.720472440944885,-4.025229357798171,-1.9792624801404797,-0.30949159746091714,-1.2487115258676937,-11.283167402212149,-11.283167402212149
Hayden Birdsong,SFG,pitcher,-6.7654298876315035,NA,NA,NA,NA,NA,NA,NA,NA,54,3,0,54,4.42851,1.39276,0,0,0,0,0,0,0.07358973439795427,0,0.14901772584483378,0.01308375444534768,0.00157628975366003,0.23726750444179576,0.23726750444179576,0,0,0,0,0,0,0,0,0,1,1,P,0.4486529493960002,0.4486529493960002,0,0,0,0,0,0.1422734865027116,0.03627746556510604,0.24091199011581463,0.01911506633562095,0.01007494087674703,0,0,0,0,0,-0.06868375210475733,-0.03627746556510604,-0.09189426427098085,-0.006031311890273271,-0.008498651123087,0,-0.21138544495420453,-0.21138544495420453,-0.21138544495420453,0,0,0,0,0,-3.720472440944885,-4.025229357798171,-2.506062379797642,-0.4249462539936362,-0.6112279419672926,-11.287938374501628,-11.287938374501628
Cade Gibson,MIA,pitcher,-6.612147346165345,NA,NA,NA,NA,NA,NA,NA,NA,60,3,0,47,4.25301,1.40153,0,0,0,0,0,0,0.07358973439795427,0,0.12970061323531829,0.0192375985660166,4.045776311189492e-4,0.22293252383040812,0.22293252383040812,0,0,0,0,0,0,0,0,0,0,1,P,0.4486529493960002,0.4486529493960002,0,0,0,0,0,0.1422734865027116,0.03627746556510604,0.24091199011581463,0.01911506633562095,0.01007494087674703,0,0,0,0,0,-0.06868375210475733,-0.03627746556510604,-0.11121137688049634,1.225322303956486e-4,-0.009670363245628082,0,-0.22572042556559213,-0.22572042556559213,-0.22572042556559213,0,0,0,0,0,-3.720472440944885,-4.025229357798171,-3.0328622794548035,0.008633215003205021,-0.6954981607192269,-11.465429023913883,-11.465429023913883
Danny Coulombe,NA,pitcher,NA,NA,NA,NA,NA,NA,NA,NA,NA,44,2,0,43,3.66218,1.25893,0,0,0,0,0,0,0.04905982293196952,0,0.118662263172738,0.02571118842319423,0.01635657186791599,0.20978984639581777,0.20978984639581777,0,0,0,0,0,0,0,0,0,0,0,P,0.4486529493960002,0.4486529493960002,0,0,0,0,0,0.1422734865027116,0.03627746556510604,0.24091199011581463,0.01911506633562095,0.01007494087674703,0,0,0,0,0,-0.09321366357074208,-0.03627746556510604,-0.12224972694307663,0.006596122087573278,0.006281630991168959,0,-0.23886310300018254,-0.23886310300018254,-0.23886310300018254,0,0,0,0,0,-5.049212598425201,-4.025229357798171,-3.3338907935446103,0.4647409092737116,0.45177856195319693,-11.491813278541072,-11.491813278541072
Austin Warren,NYM,pitcher,-5.122234731530439,NA,NA,NA,NA,NA,NA,NA,NA,46,3,0,42,4.28045,1.32139,0,0,0,0,0,0,0.07358973439795427,0,0.11590267565709296,0.01418542137170312,0.00974594533218885,0.2134237767589392,0.2134237767589392,0,0,0,0,0,0,0,0,0,0,1,P,0.4486529493960002,0.4486529493960002,0,0,0,0,0,0.1422734865027116,0.03627746556510604,0.24091199011581463,0.01911506633562095,0.01007494087674703,0,0,0,0,0,-0.06868375210475733,-0.03627746556510604,-0.12500931445872165,-0.004929644963917831,-3.2899554455818013e-4,0,-0.23522917263706106,-0.23522917263706106,-0.23522917263706106,0,0,0,0,0,-3.720472440944885,-4.025229357798171,-3.409147922067061,-0.3473264521958857,-0.023661551310234504,-11.525837724316235,-11.525837724316235
Justin Wilson,NA,pitcher,NA,NA,NA,NA,NA,NA,NA,NA,NA,43,2,0,47,3.61898,1.30368,0,0,0,0,0,0,0.04905982293196952,0,0.12970061323531829,0.02595598795360366,0.01105954357406006,0.21577596769495153,0.21577596769495153,0,0,0,0,0,0,0,0,0,0,0,P,0.4486529493960002,0.4486529493960002,0,0,0,0,0,0.1422734865027116,0.03627746556510604,0.24091199011581463,0.01911506633562095,0.01007494087674703,0,0,0,0,0,-0.09321366357074208,-0.03627746556510604,-0.11121137688049634,0.00684092161798271,9.846026973130296e-4,0,-0.2328769817010487,-0.2328769817010487,-0.2328769817010487,0,0,0,0,0,-5.049212598425201,-4.025229357798171,-3.0328622794548035,0.4819886731631323,0.07081319983817477,-11.554502362676867,-11.554502362676867
Joey Wentz,ATL,pitcher,-6.241538334138955,NA,NA,NA,NA,NA,NA,NA,NA,51,3,0,50,4.40942,1.38623,0,0,0,0,0,0,0.07358973439795427,0,0.1379793757822535,0.01279144369544557,0.00234113783339358,0.22670169170904692,0.22670169170904692,0,0,0,0,0,0,0,0,0,1,1,P,0.4486529493960002,0.4486529493960002,0,0,0,0,0,0.1422734865027116,0.03627746556510604,0.24091199011581463,0.01911506633562095,0.01007494087674703,0,0,0,0,0,-0.06868375210475733,-0.03627746556510604,-0.10293261433356113,-0.006323622640175381,-0.00773380304335345,0,-0.2219512576869533,-0.2219512576869533,-0.2219512576869533,0,0,0,0,0,-3.720472440944885,-4.025229357798171,-2.807090893887448,-0.44554150100337825,-0.5562196223031054,-11.554553815936988,-11.554553815936988
Mitchell Parker,WSN,pitcher,-7.45214381938346,NA,NA,NA,NA,NA,NA,NA,NA,63,3,0,48,4.55719,1.37648,0,0,0,0,0,0,0.07358973439795427,0,0.13246020075096335,0.01164587049801367,0.00446422098339423,0.22216002663032552,0.22216002663032552,0,0,0,0,0,0,0,0,0,1,0,P,0.4486529493960002,0.4486529493960002,0,0,0,0,0,0.1422734865027116,0.03627746556510604,0.24091199011581463,0.01911506633562095,0.01007494087674703,0,0,0,0,0,-0.06868375210475733,-0.03627746556510604,-0.10845178936485128,-0.007469195837607282,-0.0056107198933528,0,-0.22649292276567473,-0.22649292276567473,-0.22649292276567473,0,0,0,0,0,-3.720472440944885,-4.025229357798171,-2.957605150932352,-0.5262547931992726,-0.4035262447769822,-11.633087987651663,-11.633087987651663
Matt Gage,SFG,pitcher,-5.446103957096603,NA,NA,NA,NA,NA,NA,NA,NA,56,2,0,47,3.8832,1.34856,0,0,0,0,0,0,0.04905982293196952,0,0.12970061323531829,0.02719877014783516,0.00797016412176568,0.21392937043688867,0.21392937043688867,0,0,0,0,0,0,0,0,0,0,1,P,0.4486529493960002,0.4486529493960002,0,0,0,0,0,0.1422734865027116,0.03627746556510604,0.24091199011581463,0.01911506633562095,0.01007494087674703,0,0,0,0,0,-0.09321366357074208,-0.03627746556510604,-0.11121137688049634,0.00808370381221421,-0.002104776754981351,0,-0.2347235789591116,-0.2347235789591116,-0.2347235789591116,0,0,0,0,0,-5.049212598425201,-4.025229357798171,-3.0328622794548035,0.5695509892191736,-0.1513767709269783,-11.68913001738598,-11.68913001738598
Jalen Beeks,NA,pitcher,NA,NA,NA,NA,NA,NA,NA,NA,NA,40,3,0,36,3.7925,1.33963,0,0,0,0,0,0,0.07358973439795427,0,0.09934515056322252,0.02104706045351032,0.00660725935760307,0.20058920477229017,0.20058920477229017,0,0,0,0,0,0,0,0,0,0,0,P,0.4486529493960002,0.4486529493960002,0,0,0,0,0,0.1422734865027116,0.03627746556510604,0.24091199011581463,0.01911506633562095,0.01007494087674703,0,0,0,0,0,-0.06868375210475733,-0.03627746556510604,-0.1415668395525921,0.0019319941178893678,-0.00346768151914396,0,-0.24806374462371006,-0.24806374462371006,-0.24806374462371006,0,0,0,0,0,-3.720472440944885,-4.025229357798171,-3.860690693201772,0.13612190483116074,-0.2493976758954763,-11.719668263009144,-11.719668263009144
Brandyn Garcia,ARI,pitcher,-6.359006274243238,NA,NA,NA,NA,NA,NA,NA,NA,52,3,0,45,4.16792,1.4144,0,0,0,0,0,0,0.07358973439795427,0,0.12418143820402816,0.01864755316066834,-0.00136234500964668,0.21505638075300407,0.21505638075300407,0,0,0,0,0,0,0,0,0,0,1,P,0.4486529493960002,0.4486529493960002,0,0,0,0,0,0.1422734865027116,0.03627746556510604,0.24091199011581463,0.01911506633562095,0.01007494087674703,0,0,0,0,0,-0.06868375210475733,-0.03627746556510604,-0.11673055191178647,-4.675131749526107e-4,-0.01143728588639371,0,-0.23359656864299613,-0.23359656864299613,-0.23359656864299613,0,0,0,0,0,-3.720472440944885,-4.025229357798171,-3.1833765364997064,-0.03293942943146023,-0.8225762668432371,-11.784594031517459,-11.784594031517459
Richard Lovelady,WSN,pitcher,-5.383091663134484,NA,NA,NA,NA,NA,NA,NA,NA,52,2,0,47,4.11287,1.30754,0,0,0,0,0,0,0.04905982293196952,0,0.12970061323531829,0.01992528231697507,0.01286057117559271,0.2115462896598556,0.2115462896598556,0,0,0,0,0,0,0,0,0,0,1,P,0.4486529493960002,0.4486529493960002,0,0,0,0,0,0.1422734865027116,0.03627746556510604,0.24091199011581463,0.01911506633562095,0.01007494087674703,0,0,0,0,0,-0.09321366357074208,-0.03627746556510604,-0.11121137688049634,8.10215981354119e-4,0.00278563029884568,0,-0.23710665973614467,-0.23710665973614467,-0.23710665973614467,0,0,0,0,0,-5.049212598425201,-4.025229357798171,-3.0328622794548035,0.05708513379277605,0.20034415461764674,-11.849874947267752,-11.849874947267752
Will Klein,LAD,pitcher,-7.36054473964974,NA,NA,NA,NA,NA,NA,NA,NA,52,3,0,55,4.43432,1.46152,0,0,0,0,0,0,0.07358973439795427,0,0.15177731336047884,0.01246431887837744,-0.0076339509487116,0.23019741568809896,0.23019741568809896,0,0,0,0,0,0,0,0,0,0,1,P,0.4486529493960002,0.4486529493960002,0,0,0,0,0,0.1422734865027116,0.03627746556510604,0.24091199011581463,0.01911506633562095,0.01007494087674703,0,0,0,0,0,-0.06868375210475733,-0.03627746556510604,-0.08913467675533579,-0.006650747457243511,-0.01770889182545863,0,-0.21845553370790127,-0.21845553370790127,-0.21845553370790127,0,0,0,0,0,-3.720472440944885,-4.025229357798171,-2.4308052512751903,-0.4685896318462946,-1.2736338212062976,-11.918730503070838,-11.918730503070838
Michael Kopech,NA,pitcher,NA,NA,NA,NA,NA,NA,NA,NA,NA,42,3,0,46,4.36661,1.37942,0,0,0,0,0,0,0.07358973439795427,0,0.12694102571967322,0.01133668113183284,0.0026600893437155,0.21452753059317584,0.21452753059317584,0,0,0,0,0,0,0,0,0,0,0,P,0.4486529493960002,0.4486529493960002,0,0,0,0,0,0.1422734865027116,0.03627746556510604,0.24091199011581463,0.01911506633562095,0.01007494087674703,0,0,0,0,0,-0.06868375210475733,-0.03627746556510604,-0.1139709643961414,-0.007778385203788112,-0.0074148515330315305,0,-0.23412541880282445,-0.23412541880282445,-0.23412541880282445,0,0,0,0,0,-3.720472440944885,-4.025229357798171,-3.108119407977255,-0.5480392515929933,-0.5332804437890197,-11.935140902102324,-11.935140902102324
Taylor Clarke,ARI,pitcher,-5.6990722073905165,NA,NA,NA,NA,NA,NA,NA,NA,56,2,0,45,4.19802,1.30668,0,0,0,0,0,0,0.04905982293196952,0,0.12418143820402816,0.01932960826445809,0.01397311565988855,0.20654398506034433,0.20654398506034433,0,0,0,0,0,0,0,0,0,0,1,P,0.4486529493960002,0.4486529493960002,0,0,0,0,0,0.1422734865027116,0.03627746556510604,0.24091199011581463,0.01911506633562095,0.01007494087674703,0,0,0,0,0,-0.09321366357074208,-0.03627746556510604,-0.11673055191178647,2.145419288371378e-4,0.0038981747831415194,0,-0.24210896433565593,-0.24210896433565593,-0.24210896433565593,0,0,0,0,0,-5.049212598425201,-4.025229357798171,-3.1833765364997064,0.01511591352636553,0.2803590023428235,-11.962343576853888,-11.962343576853888
John King,MIA,pitcher,-5.998951677903103,NA,NA,NA,NA,NA,NA,NA,NA,52,3,0,33,3.91013,1.38583,0,0,0,0,0,0,0.07358973439795427,0,0.09106638801628732,0.02463094642505186,0.0024402819360045502,0.19172735077529804,0.19172735077529804,0,0,0,0,0,0,0,0,0,0,1,P,0.4486529493960002,0.4486529493960002,0,0,0,0,0,0.1422734865027116,0.03627746556510604,0.24091199011581463,0.01911506633562095,0.01007494087674703,0,0,0,0,0,-0.06868375210475733,-0.03627746556510604,-0.1498456020995273,0.005515880089430908,-0.0076346589407424795,0,-0.25692559862070224,-0.25692559862070224,-0.25692559862070224,0,0,0,0,0,-3.720472440944885,-4.025229357798171,-4.086462078769126,0.3886306369368582,-0.5490891206600298,-11.992622361235355,-11.992622361235355
Evan Sisk,PIT,pitcher,-5.946575992702116,NA,NA,NA,NA,NA,NA,NA,NA,52,2,0,49,3.91934,1.37422,0,0,0,0,0,0,0.04905982293196952,0,0.13521978826660844,0.02441717920380599,0.00398555665910607,0.21268234706149,0.21268234706149,0,0,0,0,0,0,0,0,0,0,1,P,0.4486529493960002,0.4486529493960002,0,0,0,0,0,0.1422734865027116,0.03627746556510604,0.24091199011581463,0.01911506633562095,0.01007494087674703,0,0,0,0,0,-0.09321366357074208,-0.03627746556510604,-0.10569220184920619,0.005302112868185039,-0.00608938421764096,0,-0.23597060233451023,-0.23597060233451023,-0.23597060233451023,0,0,0,0,0,-5.049212598425201,-4.025229357798171,-2.8823480224098996,0.37356930674075967,-0.4379520619555492,-12.021172733848061,-12.021172733848061
Jonathan Loaisiga,ARI,pitcher,-4.303380836601056,NA,NA,NA,NA,NA,NA,NA,NA,44,2,0,37,3.60436,1.28776,0,0,0,0,0,0,0.04905982293196952,0,0.1021047380788676,0.02684674532670044,0.01310968276079888,0.19112098909833644,0.19112098909833644,0,0,0,0,0,0,0,0,0,0,1,P,0.4486529493960002,0.4486529493960002,0,0,0,0,0,0.1422734865027116,0.03627746556510604,0.24091199011581463,0.01911506633562095,0.01007494087674703,0,0,0,0,0,-0.09321366357074208,-0.03627746556510604,-0.13880725203694705,0.007731678991079488,0.0030347418840518496,0,-0.2575319602976638,-0.2575319602976638,-0.2575319602976638,0,0,0,0,0,-5.049212598425201,-4.025229357798171,-3.7854335646793205,0.5447484865836811,0.2182604050132118,-12.096866629305797,-12.096866629305797
Brennan Bernardino,COL,pitcher,-8.223241961089876,NA,NA,NA,NA,NA,NA,NA,NA,58,3,0,53,4.46502,1.4632,0,0,0,0,0,0,0.07358973439795427,0,0.14625813832918871,0.01310773395201968,-0.00876419773879024,0.2241914089403724,0.2241914089403724,0,0,0,0,0,0,0,0,0,0,1,P,0.4486529493960002,0.4486529493960002,0,0,0,0,0,0.1422734865027116,0.03627746556510604,0.24091199011581463,0.01911506633562095,0.01007494087674703,0,0,0,0,0,-0.06868375210475733,-0.03627746556510604,-0.09465385178662591,-0.006007332383601271,-0.018839138615537272,0,-0.2244615404556278,-0.2244615404556278,-0.2244615404556278,0,0,0,0,0,-3.720472440944885,-4.025229357798171,-2.5813195083200933,-0.42325673739786623,-1.3549218290806544,-12.105199873541668,-12.105199873541668
Bryan Hudson,NYM,pitcher,-5.042552646628881,NA,NA,NA,NA,NA,NA,NA,NA,48,2,0,46,3.99986,1.32883,0,0,0,0,0,0,0.04905982293196952,0,0.12694102571967322,0.02081379942995098,0.00925560186792287,0.2060702499495166,0.2060702499495166,0,0,0,0,0,0,0,0,0,0,1,P,0.4486529493960002,0.4486529493960002,0,0,0,0,0,0.1422734865027116,0.03627746556510604,0.24091199011581463,0.01911506633562095,0.01007494087674703,0,0,0,0,0,-0.09321366357074208,-0.03627746556510604,-0.1139709643961414,0.0016987330943300273,-8.193390088241607e-4,0,-0.24258269944648367,-0.24258269944648367,-0.24258269944648367,0,0,0,0,0,-5.049212598425201,-4.025229357798171,-3.108119407977255,0.1196871059072119,-0.05892733904285794,-12.121801597336272,-12.121801597336272
Rob Zastryzny,MIL,pitcher,-5.3827944660367475,NA,NA,NA,NA,NA,NA,NA,NA,48,2,0,44,4.10325,1.30541,0,0,0,0,0,0,0.04905982293196952,0,0.12142185068838308,0.01859867610200207,0.01213298879020772,0.2012133385125624,0.2012133385125624,0,0,0,0,0,0,0,0,0,0,1,P,0.4486529493960002,0.4486529493960002,0,0,0,0,0,0.1422734865027116,0.03627746556510604,0.24091199011581463,0.01911506633562095,0.01007494087674703,0,0,0,0,0,-0.09321366357074208,-0.03627746556510604,-0.11949013942743154,-5.163902336188797e-4,0.0020580479134606894,0,-0.24743961088343785,-0.24743961088343785,-0.24743961088343785,0,0,0,0,0,-5.049212598425201,-4.025229357798171,-3.2586336650221583,-0.03638314505491427,0.14801600541024826,-12.221442760890195,-12.221442760890195
Yuki Matsui,SDP,pitcher,-5.669595218195451,NA,NA,NA,NA,NA,NA,NA,NA,48,2,0,49,4.10629,1.349,0,0,0,0,0,0,0.04905982293196952,0,0.13521978826660844,0.01853354432023434,0.00677751073972109,0.2095906662585334,0.2095906662585334,0,0,0,0,0,0,0,0,0,0,1,P,0.4486529493960002,0.4486529493960002,0,0,0,0,0,0.1422734865027116,0.03627746556510604,0.24091199011581463,0.01911506633562095,0.01007494087674703,0,0,0,0,0,-0.09321366357074208,-0.03627746556510604,-0.10569220184920619,-5.815220153866096e-4,-0.0032974301370259397,0,-0.23906228313746686,-0.23906228313746686,-0.23906228313746686,0,0,0,0,0,-5.049212598425201,-4.025229357798171,-2.8823480224098996,-0.04097211461604135,-0.23715309726741685,-12.234915190516729,-12.234915190516729
Hayden Harris,ATL,pitcher,-4.821339294255109,NA,NA,NA,NA,NA,NA,NA,NA,42,2,0,46,4.05056,1.31005,0,0,0,0,0,0,0.04905982293196952,0,0.12694102571967322,0.01726161112335496,0.01011755259943874,0.20338001237443645,0.20338001237443645,0,0,0,0,0,0,0,0,0,0,1,P,0.4486529493960002,0.4486529493960002,0,0,0,0,0,0.1422734865027116,0.03627746556510604,0.24091199011581463,0.01911506633562095,0.01007494087674703,0,0,0,0,0,-0.09321366357074208,-0.03627746556510604,-0.1139709643961414,-0.0018534552122659899,4.2611722691709986e-5,0,-0.2452729370215638,-0.2452729370215638,-0.2452729370215638,0,0,0,0,0,-5.049212598425201,-4.025229357798171,-3.108119407977255,-0.13058831374109658,0.003064659931007295,-12.310085018010716,-12.310085018010716
Brandon Williamson,CIN,pitcher,-9.554187689359209,NA,NA,NA,NA,NA,NA,NA,NA,65,3,0,54,4.87506,1.42188,0,0,0,0,0,0,0.07358973439795427,0,0.14901772584483378,0.002793242640873,-0.00294740315361728,0.22245329973004377,0.22245329973004377,0,0,0,0,0,0,0,0,0,1,0,P,0.4486529493960002,0.4486529493960002,0,0,0,0,0,0.1422734865027116,0.03627746556510604,0.24091199011581463,0.01911506633562095,0.01007494087674703,0,0,0,0,0,-0.06868375210475733,-0.03627746556510604,-0.09189426427098085,-0.016321823694747953,-0.01302234403036431,0,-0.2261996496659565,-0.2261996496659565,-0.2261996496659565,0,0,0,0,0,-3.720472440944885,-4.025229357798171,-2.506062379797642,-1.1499816231711169,-0.9365745723632469,-12.338320374075062,-12.338320374075062
Adbert Alzolay,NYM,pitcher,-4.359569831301225,NA,NA,NA,NA,NA,NA,NA,NA,42,2,0,39,4.07719,1.25292,0,0,0,0,0,0,0.04905982293196952,0,0.10762391311015772,0.01676238351483025,0.01625918263835278,0.1897053021953103,0.1897053021953103,0,0,0,0,0,0,0,0,0,0,1,P,0.4486529493960002,0.4486529493960002,0,0,0,0,0,0.1422734865027116,0.03627746556510604,0.24091199011581463,0.01911506633562095,0.01007494087674703,0,0,0,0,0,-0.09321366357074208,-0.03627746556510604,-0.13328807700565692,-0.002352682820790701,0.006184241761605751,0,-0.25894764720069,-0.25894764720069,-0.25894764720069,0,0,0,0,0,-5.049212598425201,-4.025229357798171,-3.6349193076344175,-0.1657622370918198,0.44477427180249385,-12.430349229147113,-12.430349229147113
Christian Scott,NYM,pitcher,-4.0580305845449915,NA,NA,NA,NA,NA,NA,NA,NA,38,2,0,36,4.06293,1.21057,0,0,0,0,0,0,0.04905982293196952,0,0.09934515056322252,0.01540783562264605,0.01882983470386253,0.18264264382170065,0.18264264382170065,0,0,0,0,0,0,0,0,0,1,0,P,0.4486529493960002,0.4486529493960002,0,0,0,0,0,0.1422734865027116,0.03627746556510604,0.24091199011581463,0.01911506633562095,0.01007494087674703,0,0,0,0,0,-0.09321366357074208,-0.03627746556510604,-0.1415668395525921,-0.003707230712974902,0.0087548938271155,0,-0.2660103055742996,-0.2660103055742996,-0.2660103055742996,0,0,0,0,0,-5.049212598425201,-4.025229357798171,-3.860690693201772,-0.26119919394476276,0.6296570665847276,-12.566674776785177,-12.566674776785177
George Soriano,STL,pitcher,-6.255311665128925,NA,NA,NA,NA,NA,NA,NA,NA,50,2,0,47,4.39281,1.35129,0,0,0,0,0,0,0.04905982293196952,0,0.12970061323531829,0.0129113269673194,0.0067668341460395,0.19843859728064672,0.19843859728064672,0,0,0,0,0,0,0,0,0,0,1,P,0.4486529493960002,0.4486529493960002,0,0,0,0,0,0.1422734865027116,0.03627746556510604,0.24091199011581463,0.01911506633562095,0.01007494087674703,0,0,0,0,0,-0.09321366357074208,-0.03627746556510604,-0.11121137688049634,-0.0062037393683015505,-0.00330810673070753,0,-0.25021435211535353,-0.25021435211535353,-0.25021435211535353,0,0,0,0,0,-5.049212598425201,-4.025229357798171,-3.0328622794548035,-0.4370949228415952,-0.237920964107543,-12.782320122627313,-12.782320122627313
Jason Foley,SFG,pitcher,NA,NA,NA,NA,NA,NA,NA,NA,NA,34,2,0,29,3.42858,1.22835,0,0,0,0,0,0,0.04905982293196952,0,0.08002803795370703,0.02341284796382059,0.01530042444645763,0.16780113329595475,0.16780113329595475,0,0,0,0,0,0,0,0,0,0,1,P,0.4486529493960002,0.4486529493960002,0,0,0,0,0,0.1422734865027116,0.03627746556510604,0.24091199011581463,0.01911506633562095,0.01007494087674703,0,0,0,0,0,-0.09321366357074208,-0.03627746556510604,-0.1608839521621076,0.004297781628199639,0.005225483569710599,0,-0.2808518161000455,-0.2808518161000455,-0.2808518161000455,0,0,0,0,0,-5.049212598425201,-4.025229357798171,-4.387490592858934,0.3028074549305655,0.3758198238567011,-12.783305270295038,-12.783305270295038
RJ Petit,COL,pitcher,-8.253560707549745,NA,NA,NA,NA,NA,NA,NA,NA,55,3,0,47,4.7889099999999996,1.4294,0,0,0,0,0,0,0.07358973439795427,0,0.12970061323531829,0.00447844354768149,-0.00355260228660412,0.20421618889434992,0.20421618889434992,0,0,0,0,0,0,0,0,0,0,1,P,0.4486529493960002,0.4486529493960002,0,0,0,0,0,0.1422734865027116,0.03627746556510604,0.24091199011581463,0.01911506633562095,0.01007494087674703,0,0,0,0,0,-0.06868375210475733,-0.03627746556510604,-0.11121137688049634,-0.014636622787939462,-0.013627543163351151,0,-0.2444367605016503,-0.2444367605016503,-0.2444367605016503,0,0,0,0,0,-3.720472440944885,-4.025229357798171,-3.0328622794548035,-1.0312479503644034,-0.9801008467306045,-12.789912875292867,-12.789912875292867
Carlos Rodriguez,MIL,pitcher,-6.365831930501713,NA,NA,NA,NA,NA,NA,NA,NA,49,2,0,45,4.42712,1.3306,0,0,0,0,0,0,0.04905982293196952,0,0.12418143820402816,0.01190269678083707,0.00922643380285827,0.194370391719693,0.194370391719693,0,0,0,0,0,1,0,0,1,1,0,P,0.4486529493960002,0.4486529493960002,0,0,0,0,0,0.1422734865027116,0.03627746556510604,0.24091199011581463,0.01911506633562095,0.01007494087674703,0,0,0,0,0,-0.09321366357074208,-0.03627746556510604,-0.11673055191178647,-0.007212369554783882,-8.485070738887598e-4,0,-0.25428255767630725,-0.25428255767630725,-0.25428255767630725,0,0,0,0,0,-5.049212598425201,-4.025229357798171,-3.1833765364997064,-0.5081596641795115,-0.06102512328207344,-12.827003280184663,-12.827003280184663
Evan Phillips,LAD,pitcher,NA,NA,NA,NA,NA,NA,NA,NA,NA,28,2,0,30,3.45499,1.15744,0,0,0,0,0,0,0.04905982293196952,0,0.0827876254693521,0.01895110003815254,0.01768236116744977,0.1684809096069239,0.1684809096069239,0,0,0,0,0,0,0,0,0,0,1,P,0.4486529493960002,0.4486529493960002,0,0,0,0,0,0.1422734865027116,0.03627746556510604,0.24091199011581463,0.01911506633562095,0.01007494087674703,0,0,0,0,0,-0.09321366357074208,-0.03627746556510604,-0.1581243646464625,-1.6396629746841251e-4,0.00760742029070274,0,-0.28017203978907634,-0.28017203978907634,-0.28017203978907634,0,0,0,0,0,-5.049212598425201,-4.025229357798171,-4.312233464336481,-0.011552522097684318,0.5471301010739064,-12.85109784158363,-12.85109784158363
Sam Moll,CIN,pitcher,-7.246732955785655,NA,NA,NA,NA,NA,NA,NA,NA,50,2,0,49,4.44306,1.37095,0,0,0,0,0,0,0.04905982293196952,0,0.13521978826660844,0.01178986588116672,0.00425075872563139,0.20032023580537603,0.20032023580537603,0,0,0,0,0,0,0,0,0,0,1,P,0.4486529493960002,0.4486529493960002,0,0,0,0,0,0.1422734865027116,0.03627746556510604,0.24091199011581463,0.01911506633562095,0.01007494087674703,0,0,0,0,0,-0.09321366357074208,-0.03627746556510604,-0.10569220184920619,-0.007325200454454232,-0.00582418215111564,0,-0.24833271359062417,-0.24833271359062417,-0.24833271359062417,0,0,0,0,0,-5.049212598425201,-4.025229357798171,-2.8823480224098996,-0.5161093555604152,-0.41887857476563567,-12.891777908959321,-12.891777908959321
Dauri Moreta,NA,pitcher,NA,NA,NA,NA,NA,NA,NA,NA,NA,34,2,0,38,3.86574,1.28035,0,0,0,0,0,0,0.04905982293196952,0,0.10486432559451266,0.01677851181800358,0.01077507211351603,0.18147773245800175,0.18147773245800175,0,0,0,0,0,0,0,0,0,0,0,P,0.4486529493960002,0.4486529493960002,0,0,0,0,0,0.1422734865027116,0.03627746556510604,0.24091199011581463,0.01911506633562095,0.01007494087674703,0,0,0,0,0,-0.09321366357074208,-0.03627746556510604,-0.13604766452130196,-0.00233655451761737,7.001312367689999e-4,0,-0.26717521693799845,-0.26717521693799845,-0.26717521693799845,0,0,0,0,0,-5.049212598425201,-4.025229357798171,-3.710176436156868,-0.16462589028345237,0.05035384659982239,-12.89889043606387,-12.89889043606387
Ron Marinaccio,SDP,pitcher,-6.072676509937242,NA,NA,NA,NA,NA,NA,NA,NA,44,2,0,43,4.26271,1.33977,0,0,0,0,0,0,0.04905982293196952,0,0.118662263172738,0.01391706896171765,0.00725221822867396,0.1888913732950991,0.1888913732950991,0,0,0,0,0,0,0,0,0,0,1,P,0.4486529493960002,0.4486529493960002,0,0,0,0,0,0.1422734865027116,0.03627746556510604,0.24091199011581463,0.01911506633562095,0.01007494087674703,0,0,0,0,0,-0.09321366357074208,-0.03627746556510604,-0.12224972694307663,-0.005197997373903302,-0.0028227226480730698,0,-0.25976157610090117,-0.25976157610090117,-0.25976157610090117,0,0,0,0,0,-5.049212598425201,-4.025229357798171,-3.3338907935446103,-0.3662336739493148,-0.20301185799229174,-12.977578281709588,-12.977578281709588
Ethan Roberts,CHC,pitcher,-5.890338551843295,NA,NA,NA,NA,NA,NA,NA,NA,42,2,0,42,4.28448,1.33589,0,0,0,0,0,0,0.04905982293196952,0,0.11590267565709296,0.01287635681670456,0.00733968247506381,0.18517853788083088,0.18517853788083088,0,0,0,0,0,0,0,0,0,0,1,P,0.4486529493960002,0.4486529493960002,0,0,0,0,0,0.1422734865027116,0.03627746556510604,0.24091199011581463,0.01911506633562095,0.01007494087674703,0,0,0,0,0,-0.09321366357074208,-0.03627746556510604,-0.12500931445872165,-0.006238709518916391,-0.0027352584016832205,0,-0.26347441151516937,-0.26347441151516937,-0.26347441151516937,0,0,0,0,0,-5.049212598425201,-4.025229357798171,-3.409147922067061,-0.43955880379746737,-0.1967213784159082,-13.119870060503807,-13.119870060503807
Jose Leclerc,NA,pitcher,NA,NA,NA,NA,NA,NA,NA,NA,NA,37,2,0,40,4.14543,1.34848,0,0,0,0,0,0,0.04905982293196952,0,0.1103835006258028,0.01363987473560567,0.00527357767647193,0.17835677596984992,0.17835677596984992,0,0,0,0,0,0,0,0,0,0,0,P,0.4486529493960002,0.4486529493960002,0,0,0,0,0,0.1422734865027116,0.03627746556510604,0.24091199011581463,0.01911506633562095,0.01007494087674703,0,0,0,0,0,-0.09321366357074208,-0.03627746556510604,-0.13052848949001183,-0.005475191600015281,-0.0048013632002751,0,-0.27029617342615037,-0.27029617342615037,-0.27029617342615037,0,0,0,0,0,-5.049212598425201,-4.025229357798171,-3.559662179111965,-0.38576386077399477,-0.34531683970051585,-13.365184835809847,-13.365184835809847
Zach McCambley,PHI,pitcher,-7.491910386213524,NA,NA,NA,NA,NA,NA,NA,NA,48,2,0,46,4.47497,1.39033,0,0,0,0,0,0,0.04905982293196952,0,0.12694102571967322,0.01063460178664111,0.00169969684142761,0.18833514727971143,0.18833514727971143,0,0,0,0,0,0,0,0,0,0,0,P,0.4486529493960002,0.4486529493960002,0,0,0,0,0,0.1422734865027116,0.03627746556510604,0.24091199011581463,0.01911506633562095,0.01007494087674703,0,0,0,0,0,-0.09321366357074208,-0.03627746556510604,-0.1139709643961414,-0.00848046454897984,-0.00837524403531942,0,-0.2603178021162888,-0.2603178021162888,-0.2603178021162888,0,0,0,0,0,-5.049212598425201,-4.025229357798171,-3.108119407977255,-0.5975054362594958,-0.6023524322907692,-13.382419232750891,-13.382419232750891
Kyle Nicolas,CIN,pitcher,-5.977612120957252,NA,NA,NA,NA,NA,NA,NA,NA,42,2,0,42,4.16008,1.3967,0,0,0,0,0,0,0.04905982293196952,0,0.11590267565709296,0.01520846025269683,8.024424493966758e-4,0.180973401291156,0.180973401291156,0,0,0,0,0,0,0,0,0,0,1,P,0.4486529493960002,0.4486529493960002,0,0,0,0,0,0.1422734865027116,0.03627746556510604,0.24091199011581463,0.01911506633562095,0.01007494087674703,0,0,0,0,0,-0.09321366357074208,-0.03627746556510604,-0.12500931445872165,-0.003906606082924121,-0.009272498427350354,0,-0.2676795481048443,-0.2676795481048443,-0.2676795481048443,0,0,0,0,0,-5.049212598425201,-4.025229357798171,-3.409147922067061,-0.2752465219788428,-0.666883491104603,-13.425719891373877,-13.425719891373877
JP Sears,SDP,pitcher,-5.698304991566852,NA,NA,NA,NA,NA,NA,NA,NA,40,2,0,35,4.55067,1.25243,0,0,0,0,0,0,0.04905982293196952,0,0.09658556304757746,0.00751061226742666,0.01553510377915302,0.16869110202612664,0.16869110202612664,0,0,0,0,0,0,0,0,0,1,0,P,0.4486529493960002,0.4486529493960002,0,0,0,0,0,0.1422734865027116,0.03627746556510604,0.24091199011581463,0.01911506633562095,0.01007494087674703,0,0,0,0,0,-0.09321366357074208,-0.03627746556510604,-0.14432642706823717,-0.01160445406819429,0.0054601629024059895,0,-0.2799618473698736,-0.2799618473698736,-0.2799618473698736,0,0,0,0,0,-5.049212598425201,-4.025229357798171,-3.9359478217242234,-0.817611387975651,0.39269809824026675,-13.435303067682979,-13.435303067682979
Shane Drohan,MIL,pitcher,-6.380990609796774,NA,NA,NA,NA,NA,NA,NA,NA,42,2,0,39,4.26056,1.35793,0,0,0,0,0,0,0.04905982293196952,0,0.10762391311015772,0.01332478056420405,0.00497032266309696,0.17497883926942828,0.17497883926942828,0,0,0,0,0,0,0,0,0,1,0,P,0.4486529493960002,0.4486529493960002,0,0,0,0,0,0.1422734865027116,0.03627746556510604,0.24091199011581463,0.01911506633562095,0.01007494087674703,0,0,0,0,0,-0.09321366357074208,-0.03627746556510604,-0.13328807700565692,-0.005790285771416902,-0.00510461821365007,0,-0.273674110126572,-0.273674110126572,-0.273674110126572,0,0,0,0,0,-5.049212598425201,-4.025229357798171,-3.6349193076344175,-0.40796435218089505,-0.36712711700592415,-13.48445273304461,-13.48445273304461
Craig Kimbrel,NYM,pitcher,NA,NA,NA,NA,NA,NA,NA,NA,NA,34,2,0,40,4.1565,1.35259,0,0,0,0,0,0,0.04905982293196952,0,0.1103835006258028,0.01236594072788153,0.00448831341098333,0.17629757769663718,0.17629757769663718,0,0,0,0,0,0,0,0,0,0,1,P,0.4486529493960002,0.4486529493960002,0,0,0,0,0,0.1422734865027116,0.03627746556510604,0.24091199011581463,0.01911506633562095,0.01007494087674703,0,0,0,0,0,-0.09321366357074208,-0.03627746556510604,-0.13052848949001183,-0.006749125607739421,-0.0055866274657637004,0,-0.27235537169936314,-0.27235537169936314,-0.27235537169936314,0,0,0,0,0,-5.049212598425201,-4.025229357798171,-3.559662179111965,-0.47552103040246596,-0.40179350334319425,-13.511418669080998,-13.511418669080998
Tanner Gordon,COL,pitcher,-10.05910822318429,NA,NA,NA,NA,NA,NA,NA,NA,57,3,0,42,5.24817,1.38883,0,0,0,0,0,0,0.07358973439795427,0,0.11590267565709296,-0.00704324384039572,0.0022372348094139,0.1846864010240654,0.1846864010240654,0,0,0,0,0,0,0,0,0,1,0,P,0.4486529493960002,0.4486529493960002,0,0,0,0,0,0.1422734865027116,0.03627746556510604,0.24091199011581463,0.01911506633562095,0.01007494087674703,0,0,0,0,0,-0.06868375210475733,-0.03627746556510604,-0.12500931445872165,-0.02615831017601667,-0.00783770606733313,0,-0.26396654837193484,-0.26396654837193484,-0.26396654837193484,0,0,0,0,0,-3.720472440944885,-4.025229357798171,-3.409147922067061,-1.843027872265822,-0.5636923883446192,-13.561569981420558,-13.561569981420558
Gus Varland,WSN,pitcher,-7.158740617006689,NA,NA,NA,NA,NA,NA,NA,NA,46,2,0,44,4.36488,1.41303,0,0,0,0,0,0,0.04905982293196952,0,0.12142185068838308,0.01245188579471682,-0.00104384609223157,0.18188971332283785,0.18188971332283785,0,0,0,0,0,0,0,0,0,0,1,P,0.4486529493960002,0.4486529493960002,0,0,0,0,0,0.1422734865027116,0.03627746556510604,0.24091199011581463,0.01911506633562095,0.01007494087674703,0,0,0,0,0,-0.09321366357074208,-0.03627746556510604,-0.11949013942743154,-0.006663180540904132,-0.0111187869689786,0,-0.26676323607316244,-0.26676323607316244,-0.26676323607316244,0,0,0,0,0,-5.049212598425201,-4.025229357798171,-3.2586336650221583,-0.4694656257300947,-0.7996696390747902,-13.602210886050415,-13.602210886050415
Marcus Stroman,NA,pitcher,NA,NA,NA,NA,NA,NA,NA,NA,NA,51,3,0,36,4.71215,1.44162,0,0,0,0,0,0,0.07358973439795427,0,0.09934515056322252,0.00590010214513269,-0.00488941790857663,0.17394556919773285,0.17394556919773285,0,0,0,0,0,0,0,0,0,0,0,P,0.4486529493960002,0.4486529493960002,0,0,0,0,0,0.1422734865027116,0.03627746556510604,0.24091199011581463,0.01911506633562095,0.01007494087674703,0,0,0,0,0,-0.06868375210475733,-0.03627746556510604,-0.1415668395525921,-0.013214964190488262,-0.01496435878532366,0,-0.2747073801982674,-0.2747073801982674,-0.2747073801982674,0,0,0,0,0,-3.720472440944885,-4.025229357798171,-3.860690693201772,-0.9310825955567678,-1.0762454053874828,-13.61372049288908,-13.61372049288908
Edgardo Henriquez,LAD,pitcher,-6.762558553837737,NA,NA,NA,NA,NA,NA,NA,NA,40,2,0,42,4.41523,1.37426,0,0,0,0,0,0,0.04905982293196952,0,0.11590267565709296,0.00992877249840806,0.00306171747321919,0.17795298856068975,0.17795298856068975,0,0,0,0,0,0,0,0,0,0,1,P,0.4486529493960002,0.4486529493960002,0,0,0,0,0,0.1422734865027116,0.03627746556510604,0.24091199011581463,0.01911506633562095,0.01007494087674703,0,0,0,0,0,-0.09321366357074208,-0.03627746556510604,-0.12500931445872165,-0.009186293837212891,-0.00701322340352784,0,-0.2706999608353105,-0.2706999608353105,-0.2706999608353105,0,0,0,0,0,-5.049212598425201,-4.025229357798171,-3.409147922067061,-0.6472358294890921,-0.5043951146376868,-13.63522082241721,-13.63522082241721
Jonah Tong,NYM,pitcher,NA,NA,NA,NA,NA,NA,NA,NA,NA,26,2,0,30,3.70619,1.26149,0,0,0,0,0,0,0.04905982293196952,0,0.0827876254693521,0.01468223146990282,0.00949488080738401,0.15602456067860845,0.15602456067860845,0,0,0,0,0,0,0,0,0,1,0,P,0.4486529493960002,0.4486529493960002,0,0,0,0,0,0.1422734865027116,0.03627746556510604,0.24091199011581463,0.01911506633562095,0.01007494087674703,0,0,0,0,0,-0.09321366357074208,-0.03627746556510604,-0.1581243646464625,-0.004432834865718131,-5.800600693630208e-4,0,-0.2926283887173918,-0.2926283887173918,-0.2926283887173918,0,0,0,0,0,-5.049212598425201,-4.025229357798171,-4.312233464336481,-0.3123228586134275,-0.04171825825995078,-13.740716537433231,-13.740716537433231
Paxton Schultz,WSN,pitcher,-6.444127279228435,NA,NA,NA,NA,NA,NA,NA,NA,42,2,0,38,4.37161,1.36644,0,0,0,0,0,0,0.04905982293196952,0,0.10486432559451266,0.01124294707090066,0.00405547456873045,0.1692225701661133,0.1692225701661133,0,0,0,0,0,0,0,0,0,0,1,P,0.4486529493960002,0.4486529493960002,0,0,0,0,0,0.1422734865027116,0.03627746556510604,0.24091199011581463,0.01911506633562095,0.01007494087674703,0,0,0,0,0,-0.09321366357074208,-0.03627746556510604,-0.13604766452130196,-0.007872119264720291,-0.00601946630801658,0,-0.27943037922988695,-0.27943037922988695,-0.27943037922988695,0,0,0,0,0,-5.049212598425201,-4.025229357798171,-3.710176436156868,-0.554643442984418,-0.432923525145717,-13.772185360510374,-13.772185360510374
Jordan Wicks,CHC,pitcher,NA,NA,NA,NA,NA,NA,NA,NA,NA,31,2,0,28,3.90374,1.27633,0,0,0,0,0,0,0.04905982293196952,0,0.07726845043806196,0.01477225144632329,0.01014330636579131,0.1512438311821461,0.1512438311821461,0,0,0,0,0,0,0,0,0,0,1,P,0.4486529493960002,0.4486529493960002,0,0,0,0,0,0.1422734865027116,0.03627746556510604,0.24091199011581463,0.01911506633562095,0.01007494087674703,0,0,0,0,0,-0.09321366357074208,-0.03627746556510604,-0.16364353967775266,-0.004342814889297662,6.836548904427982e-5,0,-0.2974091182138542,-0.2974091182138542,-0.2974091182138542,0,0,0,0,0,-5.049212598425201,-4.025229357798171,-4.462747721381385,-0.30598034931189966,0.004916885816927641,-13.83825314109973,-13.83825314109973
Daysbel Hernandez,ATL,pitcher,-6.786695453520032,NA,NA,NA,NA,NA,NA,NA,NA,40,2,0,43,4.30003,1.43343,0,0,0,0,0,0,0.04905982293196952,0,0.118662263172738,0.01198556560686243,-0.0029963164077797602,0.17671133530379018,0.17671133530379018,0,0,0,0,0,0,0,0,0,0,1,P,0.4486529493960002,0.4486529493960002,0,0,0,0,0,0.1422734865027116,0.03627746556510604,0.24091199011581463,0.01911506633562095,0.01007494087674703,0,0,0,0,0,-0.09321366357074208,-0.03627746556510604,-0.12224972694307663,-0.007129500728758521,-0.01307125728452679,0,-0.27194161409221007,-0.27194161409221007,-0.27194161409221007,0,0,0,0,0,-5.049212598425201,-4.025229357798171,-3.3338907935446103,-0.5023210012429922,-0.9400924421102987,-13.850746193121271,-13.850746193121271
Tommy Kahnle,NA,pitcher,NA,NA,NA,NA,NA,NA,NA,NA,NA,48,2,0,43,4.42646,1.4301,0,0,0,0,0,0,0.04905982293196952,0,0.118662263172738,0.01167392505425695,-0.00318645507570596,0.1762095560832585,0.1762095560832585,0,0,0,0,0,0,0,0,0,0,0,P,0.4486529493960002,0.4486529493960002,0,0,0,0,0,0.1422734865027116,0.03627746556510604,0.24091199011581463,0.01911506633562095,0.01007494087674703,0,0,0,0,0,-0.09321366357074208,-0.03627746556510604,-0.12224972694307663,-0.007441141281364002,-0.01326139595245299,0,-0.2724433933127418,-0.2724433933127418,-0.2724433933127418,0,0,0,0,0,-5.049212598425201,-4.025229357798171,-3.3338907935446103,-0.5242781621113891,-0.9537673259244163,-13.886378237803786,-13.886378237803786
Jaden Hill,COL,pitcher,-6.951968562132715,NA,NA,NA,NA,NA,NA,NA,NA,40,2,0,39,4.51569,1.3694,0,0,0,0,0,0,0.04905982293196952,0,0.10762391311015772,0.00813514892483754,0.00355930146276889,0.1683781864297337,0.1683781864297337,0,0,0,0,0,0,0,0,0,0,1,P,0.4486529493960002,0.4486529493960002,0,0,0,0,0,0.1422734865027116,0.03627746556510604,0.24091199011581463,0.01911506633562095,0.01007494087674703,0,0,0,0,0,-0.09321366357074208,-0.03627746556510604,-0.13328807700565692,-0.010979917410783411,-0.00651563941397814,0,-0.28027476296626663,-0.28027476296626663,-0.28027476296626663,0,0,0,0,0,-5.049212598425201,-4.025229357798171,-3.6349193076344175,-0.7736086041905075,-0.4686085841067259,-13.95157845215502,-13.95157845215502
Jonathan Pintaro,NYM,pitcher,NA,NA,NA,NA,NA,NA,NA,NA,NA,32,2,0,31,3.96246,1.33406,0,0,0,0,0,0,0.04905982293196952,0,0.08554721298499716,0.0144100611634131,0.00574202852670662,0.15475912560708643,0.15475912560708643,0,0,0,0,0,0,0,0,0,1,1,P,0.4486529493960002,0.4486529493960002,0,0,0,0,0,0.1422734865027116,0.03627746556510604,0.24091199011581463,0.01911506633562095,0.01007494087674703,0,0,0,0,0,-0.09321366357074208,-0.03627746556510604,-0.15536477713081748,-0.00470500517220785,-0.00433291235004041,0,-0.2938938237889138,-0.2938938237889138,-0.2938938237889138,0,0,0,0,0,-5.049212598425201,-4.025229357798171,-4.236976335814031,-0.3314990767058177,-0.3116255815285046,-13.954542950271724,-13.954542950271724
Justin Martinez,ARI,pitcher,NA,NA,NA,NA,NA,NA,NA,NA,NA,22,2,0,28,3.2042,1.30102,0,0,0,0,0,0,0.04905982293196952,0,0.07726845043806196,0.01735284733048131,0.00580815824546407,0.14948927894597688,0.14948927894597688,0,0,0,0,0,0,0,0,0,0,1,P,0.4486529493960002,0.4486529493960002,0,0,0,0,0,0.1422734865027116,0.03627746556510604,0.24091199011581463,0.01911506633562095,0.01007494087674703,0,0,0,0,0,-0.09321366357074208,-0.03627746556510604,-0.16364353967775266,-0.001762219005139641,-0.00426678263128296,0,-0.29916367045002334,-0.29916367045002334,-0.29916367045002334,0,0,0,0,0,-5.049212598425201,-4.025229357798171,-4.462747721381385,-0.12416011285341662,-0.3068694936136603,-13.968219284071834,-13.968219284071834
Luke Jackson,NA,pitcher,NA,NA,NA,NA,NA,NA,NA,NA,NA,41,2,0,37,4.23184,1.40295,0,0,0,0,0,0,0.04905982293196952,0,0.1021047380788676,0.01353311308138415,1.274421432420726e-4,0.16482511623546334,0.16482511623546334,0,0,0,0,0,0,0,0,0,0,0,P,0.4486529493960002,0.4486529493960002,0,0,0,0,0,0.1422734865027116,0.03627746556510604,0.24091199011581463,0.01911506633562095,0.01007494087674703,0,0,0,0,0,-0.09321366357074208,-0.03627746556510604,-0.13880725203694705,-0.005581953254236801,-0.009947498733504957,0,-0.28382783316053695,-0.28382783316053695,-0.28382783316053695,0,0,0,0,0,-5.049212598425201,-4.025229357798171,-3.7854335646793205,-0.39328593322804306,-0.7154299065277964,-13.96859136065853,-13.96859136065853
Kyle Hart,SDP,pitcher,NA,NA,NA,NA,NA,NA,NA,NA,NA,35,2,0,31,4.26909,1.31352,0,0,0,0,0,0,0.04905982293196952,0,0.08554721298499716,0.01097072521354481,0.00812043181881823,0.15369819294932974,0.15369819294932974,0,0,0,0,0,0,0,0,0,1,1,P,0.4486529493960002,0.4486529493960002,0,0,0,0,0,0.1422734865027116,0.03627746556510604,0.24091199011581463,0.01911506633562095,0.01007494087674703,0,0,0,0,0,-0.09321366357074208,-0.03627746556510604,-0.15536477713081748,-0.008144341122076142,-0.0019545090579288008,0,-0.2949547564466705,-0.2949547564466705,-0.2949547564466705,0,0,0,0,0,-5.049212598425201,-4.025229357798171,-4.236976335814031,-0.5738232931800473,-0.1405694305757447,-14.025811015793195,-14.025811015793195
Blade Tidwell,SFG,pitcher,-6.736688305597439,NA,NA,NA,NA,NA,NA,NA,NA,39,2,0,34,4.29832,1.36552,0,0,0,0,0,0,0.04905982293196952,0,0.09382597553193238,0.01171569372632688,0.00385763584646025,0.15845912803668905,0.15845912803668905,0,0,0,0,0,0,0,0,0,1,0,P,0.4486529493960002,0.4486529493960002,0,0,0,0,0,0.1422734865027116,0.03627746556510604,0.24091199011581463,0.01911506633562095,0.01007494087674703,0,0,0,0,0,-0.09321366357074208,-0.03627746556510604,-0.14708601458388226,-0.007399372609294071,-0.00621730503028678,0,-0.29019382135931127,-0.29019382135931127,-0.29019382135931127,0,0,0,0,0,-5.049212598425201,-4.025229357798171,-4.011204950246675,-0.5213352798573591,-0.44715220135601064,-14.054134387683415,-14.054134387683415
Seth Halvorsen,COL,pitcher,-9.57676503123847,NA,NA,NA,NA,NA,NA,NA,NA,52,2,0,48,4.63809,1.46744,0,0,0,0,0,0,0.04905982293196952,0,0.13246020075096335,0.00773474812123623,-0.00842189464903557,0.1808328771551336,0.1808328771551336,0,0,0,0,0,0,0,0,0,0,1,P,0.4486529493960002,0.4486529493960002,0,0,0,0,0,0.1422734865027116,0.03627746556510604,0.24091199011581463,0.01911506633562095,0.01007494087674703,0,0,0,0,0,-0.09321366357074208,-0.03627746556510604,-0.10845178936485128,-0.011380318214384722,-0.0184968355257826,0,-0.26782007224086674,-0.26782007224086674,-0.26782007224086674,0,0,0,0,0,-5.049212598425201,-4.025229357798171,-2.957605150932352,-0.8018195182804948,-1.3303031913639676,-14.164169816800184,-14.164169816800184
Reiver Sanmartin,SFG,pitcher,-6.552914196043217,NA,NA,NA,NA,NA,NA,NA,NA,40,2,0,29,4.04433,1.38033,0,0,0,0,0,0,0.04905982293196952,0,0.08002803795370703,0.01655086072692993,0.00244024940396681,0.14807897101657327,0.14807897101657327,0,0,0,0,0,0,0,0,0,0,1,P,0.4486529493960002,0.4486529493960002,0,0,0,0,0,0.1422734865027116,0.03627746556510604,0.24091199011581463,0.01911506633562095,0.01007494087674703,0,0,0,0,0,-0.09321366357074208,-0.03627746556510604,-0.1608839521621076,-0.002564205608691021,-0.00763469147278022,0,-0.300573978379427,-0.300573978379427,-0.300573978379427,0,0,0,0,0,-5.049212598425201,-4.025229357798171,-4.387490592858934,-0.18066543195022047,-0.5490914603831445,-14.19168944141567,-14.19168944141567
Andre Granillo,WSN,pitcher,-6.895903942902089,NA,NA,NA,NA,NA,NA,NA,NA,38,2,0,36,4.43784,1.38581,0,0,0,0,0,0,0.04905982293196952,0,0.09934515056322252,0.00904883658552721,0.00178522824043603,0.1592390383211553,0.1592390383211553,0,0,0,0,0,0,0,0,0,0,1,P,0.4486529493960002,0.4486529493960002,0,0,0,0,0,0.1422734865027116,0.03627746556510604,0.24091199011581463,0.01911506633562095,0.01007494087674703,0,0,0,0,0,-0.09321366357074208,-0.03627746556510604,-0.1415668395525921,-0.010066229750093742,-0.008289712636311,0,-0.289413911074845,-0.289413911074845,-0.289413911074845,0,0,0,0,0,-5.049212598425201,-4.025229357798171,-3.860690693201772,-0.7092331986744296,-0.5962009642245627,-14.240566812324134,-14.240566812324134
Garrett Hawkins,SDP,pitcher,NA,NA,NA,NA,NA,NA,NA,NA,NA,30,2,0,31,4.20086,1.32908,0,0,0,0,0,0,0.04905982293196952,0,0.08554721298499716,0.01031711803695293,0.00576555425427471,0.15068970820819433,0.15068970820819433,0,0,0,0,0,0,0,0,0,0,1,P,0.4486529493960002,0.4486529493960002,0,0,0,0,0,0.1422734865027116,0.03627746556510604,0.24091199011581463,0.01911506633562095,0.01007494087674703,0,0,0,0,0,-0.09321366357074208,-0.03627746556510604,-0.15536477713081748,-0.00879794829866802,-0.00430938662247232,0,-0.2979632411878059,-0.2979632411878059,-0.2979632411878059,0,0,0,0,0,-5.049212598425201,-4.025229357798171,-4.236976335814031,-0.6198742894357709,-0.3099335974905125,-14.241226178963686,-14.241226178963686
Jon Gray,NA,pitcher,NA,NA,NA,NA,NA,NA,NA,NA,NA,35,2,0,30,4.46072,1.3092,0,0,0,0,0,0,0.04905982293196952,0,0.0827876254693521,0.00797701553080636,0.008507441588468,0.148331905520596,0.148331905520596,0,0,0,0,0,0,0,0,0,0,0,P,0.4486529493960002,0.4486529493960002,0,0,0,0,0,0.1422734865027116,0.03627746556510604,0.24091199011581463,0.01911506633562095,0.01007494087674703,0,0,0,0,0,-0.09321366357074208,-0.03627746556510604,-0.1581243646464625,-0.011138050804814592,-0.0015674992882790308,0,-0.3003210438754043,-0.3003210438754043,-0.3003210438754043,0,0,0,0,0,-5.049212598425201,-4.025229357798171,-4.312233464336481,-0.7847501592364703,-0.1127354623849971,-14.284161042181319,-14.284161042181319
Chad Green,NA,pitcher,NA,NA,NA,NA,NA,NA,NA,NA,NA,41,2,0,35,4.61671,1.35931,0,0,0,0,0,0,0.04905982293196952,0,0.09658556304757746,0.0064898152277201,0.00470716013430112,0.15684236134156818,0.15684236134156818,0,0,0,0,0,0,0,0,0,0,0,P,0.4486529493960002,0.4486529493960002,0,0,0,0,0,0.1422734865027116,0.03627746556510604,0.24091199011581463,0.01911506633562095,0.01007494087674703,0,0,0,0,0,-0.09321366357074208,-0.03627746556510604,-0.14432642706823717,-0.012625251107900852,-0.00536778074244591,0,-0.2918105880544321,-0.2918105880544321,-0.2918105880544321,0,0,0,0,0,-5.049212598425201,-4.025229357798171,-3.9359478217242234,-0.8895333654828433,-0.3860539194536475,-14.285977062884086,-14.285977062884086
Keaton Winn,SFG,pitcher,NA,NA,NA,NA,NA,NA,NA,NA,NA,28,2,0,25,3.94965,1.28267,0,0,0,0,0,0,0.04905982293196952,0,0.06898968789112675,0.0127689012940586,0.00870731793536848,0.13952573005252333,0.13952573005252333,0,0,0,0,0,0,0,0,0,0,1,P,0.4486529493960002,0.4486529493960002,0,0,0,0,0,0.1422734865027116,0.03627746556510604,0.24091199011581463,0.01911506633562095,0.01007494087674703,0,0,0,0,0,-0.09321366357074208,-0.03627746556510604,-0.17192230222468788,-0.006346165041562352,-0.0013676229413785504,0,-0.3091272193434769,-0.3091272193434769,-0.3091272193434769,0,0,0,0,0,-5.049212598425201,-4.025229357798171,-4.68851910694874,-0.44712976392190895,-0.09836023902372269,-14.308451066117742,-14.308451066117742
Andrew Hoffmann,ARI,pitcher,NA,NA,NA,NA,NA,NA,NA,NA,NA,34,2,0,30,4.11731,1.36765,0,0,0,0,0,0,0.04905982293196952,0,0.0827876254693521,0.01296068780802284,0.00317770175455831,0.14798583796390277,0.14798583796390277,0,0,0,0,0,0,0,0,0,0,1,P,0.4486529493960002,0.4486529493960002,0,0,0,0,0,0.1422734865027116,0.03627746556510604,0.24091199011581463,0.01911506633562095,0.01007494087674703,0,0,0,0,0,-0.09321366357074208,-0.03627746556510604,-0.1581243646464625,-0.006154378527598111,-0.00689723912218872,0,-0.30066711143209746,-0.30066711143209746,-0.30066711143209746,0,0,0,0,0,-5.049212598425201,-4.025229357798171,-4.312233464336481,-0.43361712153857673,-0.49605345752566793,-14.316345999624097,-14.316345999624097
Luis Perales,WSN,pitcher,-6.499597504263594,NA,NA,NA,NA,NA,NA,NA,NA,36,2,0,35,4.35813,1.39544,0,0,0,0,0,0,0.04905982293196952,0,0.09658556304757746,0.00985341779929182,8.039107446635097e-4,0.1563027145235023,0.1563027145235023,0,0,0,0,0,0,0,0,0,1,0,P,0.4486529493960002,0.4486529493960002,0,0,0,0,0,0.1422734865027116,0.03627746556510604,0.24091199011581463,0.01911506633562095,0.01007494087674703,0,0,0,0,0,-0.09321366357074208,-0.03627746556510604,-0.14432642706823717,-0.009261648536329131,-0.00927103013208352,0,-0.292350234872498,-0.292350234872498,-0.292350234872498,0,0,0,0,0,-5.049212598425201,-4.025229357798171,-3.9359478217242234,-0.6525450719379704,-0.6667778904532586,-14.329712740338824,-14.329712740338824
Joey Lucchesi,NA,pitcher,NA,NA,NA,NA,NA,NA,NA,NA,NA,40,2,0,29,4.14454,1.39105,0,0,0,0,0,0,0.04905982293196952,0,0.08002803795370703,0.01476170068007047,0.00134269788792307,0.14519225945367006,0.14519225945367006,0,0,0,0,0,0,0,0,0,0,0,P,0.4486529493960002,0.4486529493960002,0,0,0,0,0,0.1422734865027116,0.03627746556510604,0.24091199011581463,0.01911506633562095,0.01007494087674703,0,0,0,0,0,-0.09321366357074208,-0.03627746556510604,-0.1608839521621076,-0.004353365655550482,-0.00873224298882396,0,-0.3034606899423302,-0.3034606899423302,-0.3034606899423302,0,0,0,0,0,-5.049212598425201,-4.025229357798171,-4.387490592858934,-0.30672372134728204,-0.6280280050934091,-14.396684275522997,-14.396684275522997
Brandan Bidois,PIT,pitcher,-8.101169338633824,NA,NA,NA,NA,NA,NA,NA,NA,42,2,0,39,4.48514,1.44749,0,0,0,0,0,0,0.04905982293196952,0,0.10762391311015772,0.00911462148337494,-0.00465762038407862,0.16114073714142357,0.16114073714142357,0,0,0,0,0,0,0,0,0,0,1,P,0.4486529493960002,0.4486529493960002,0,0,0,0,0,0.1422734865027116,0.03627746556510604,0.24091199011581463,0.01911506633562095,0.01007494087674703,0,0,0,0,0,-0.09321366357074208,-0.03627746556510604,-0.13328807700565692,-0.01000044485224601,-0.014732561260825651,0,-0.28751221225457674,-0.28751221225457674,-0.28751221225457674,0,0,0,0,0,-5.049212598425201,-4.025229357798171,-3.6349193076344175,-0.7045982127180855,-1.059574392329052,-14.473533868904926,-14.473533868904926
Hunter Stratton,ATL,pitcher,NA,NA,NA,NA,NA,NA,NA,NA,NA,30,2,0,28,4.24403,1.32725,0,0,0,0,0,0,0.04905982293196952,0,0.07726845043806196,0.00973904669260413,0.00590607565873087,0.14197339572136652,0.14197339572136652,0,0,0,0,0,0,0,0,0,0,1,P,0.4486529493960002,0.4486529493960002,0,0,0,0,0,0.1422734865027116,0.03627746556510604,0.24091199011581463,0.01911506633562095,0.01007494087674703,0,0,0,0,0,-0.09321366357074208,-0.03627746556510604,-0.16364353967775266,-0.009376019643016821,-0.00416886521801616,0,-0.3066795536746338,-0.3066795536746338,-0.3066795536746338,0,0,0,0,0,-5.049212598425201,-4.025229357798171,-4.462747721381385,-0.660603281202595,-0.29982721618315816,-14.49762017499051,-14.49762017499051
Max Lazar,PHI,pitcher,-6.973481909833545,NA,NA,NA,NA,NA,NA,NA,NA,38,2,0,30,4.54041,1.34527,0,0,0,0,0,0,0.04905982293196952,0,0.0827876254693521,0.00730910563346596,0.00572832539877494,0.1448848794335625,0.1448848794335625,0,0,0,0,0,0,0,0,0,0,1,P,0.4486529493960002,0.4486529493960002,0,0,0,0,0,0.1422734865027116,0.03627746556510604,0.24091199011581463,0.01911506633562095,0.01007494087674703,0,0,0,0,0,-0.09321366357074208,-0.03627746556510604,-0.1581243646464625,-0.011805960702154991,-0.00434661547797209,0,-0.30376806996243777,-0.30376806996243777,-0.30376806996243777,0,0,0,0,0,-5.049212598425201,-4.025229357798171,-4.312233464336481,-0.8318088778110816,-0.3126111184758258,-14.531095416846759,-14.531095416846759
Quinn Mathews,STL,pitcher,-7.529894189200148,NA,NA,NA,NA,NA,NA,NA,NA,40,2,0,36,4.31063,1.45718,0,0,0,0,0,0,0.04905982293196952,0,0.09934515056322252,0.01179631207431367,-0.00542792541020877,0.15477336015929694,0.15477336015929694,0,0,0,0,0,0,0,0,0,1,0,P,0.4486529493960002,0.4486529493960002,0,0,0,0,0,0.1422734865027116,0.03627746556510604,0.24091199011581463,0.01911506633562095,0.01007494087674703,0,0,0,0,0,-0.09321366357074208,-0.03627746556510604,-0.1415668395525921,-0.007318754261307282,-0.0155028662869558,0,-0.2938795892367033,-0.2938795892367033,-0.2938795892367033,0,0,0,0,0,-5.049212598425201,-4.025229357798171,-3.860690693201772,-0.5156551781475818,-1.1149751787585072,-14.565763006331233,-14.565763006331233
Chase Shugart,PHI,pitcher,-8.02833706701967,NA,NA,NA,NA,NA,NA,NA,NA,42,2,0,34,4.65452,1.38269,0,0,0,0,0,0,0.04905982293196952,0,0.09382597553193238,0.00593928643523694,0.00230855546961698,0.15113364036875582,0.15113364036875582,0,0,0,0,0,0,0,0,0,0,1,P,0.4486529493960002,0.4486529493960002,0,0,0,0,0,0.1422734865027116,0.03627746556510604,0.24091199011581463,0.01911506633562095,0.01007494087674703,0,0,0,0,0,-0.09321366357074208,-0.03627746556510604,-0.14708601458388226,-0.013175779900384012,-0.00776638540713005,0,-0.29751930902724444,-0.29751930902724444,-0.29751930902724444,0,0,0,0,0,-5.049212598425201,-4.025229357798171,-4.011204950246675,-0.928321800293957,-0.558562964895614,-14.572531671659618,-14.572531671659618
Tim Mayza,PHI,pitcher,NA,NA,NA,NA,NA,NA,NA,NA,NA,31,2,0,26,4.05027,1.35727,0,0,0,0,0,0,0.04905982293196952,0,0.07174927540677183,0.01274472568251332,0.00372094066857577,0.13727476468983046,0.13727476468983046,0,0,0,0,0,0,0,0,0,0,1,P,0.4486529493960002,0.4486529493960002,0,0,0,0,0,0.1422734865027116,0.03627746556510604,0.24091199011581463,0.01911506633562095,0.01007494087674703,0,0,0,0,0,-0.09321366357074208,-0.03627746556510604,-0.16916271470904282,-0.006370340653107631,-0.00635400020817126,0,-0.31137818470616985,-0.31137818470616985,-0.31137818470616985,0,0,0,0,0,-5.049212598425201,-4.025229357798171,-4.613261978426289,-0.4488330974173529,-0.4569833982183234,-14.593520430285336,-14.593520430285336
Alek Jacob,SDP,pitcher,-7.719725770062404,NA,NA,NA,NA,NA,NA,NA,NA,40,2,0,35,4.70147,1.38568,0,0,0,0,0,0,0.04905982293196952,0,0.09658556304757746,0.00481821295531802,0.00189249748131438,0.15235609641617937,0.15235609641617937,0,0,0,0,0,0,0,0,0,0,1,P,0.4486529493960002,0.4486529493960002,0,0,0,0,0,0.1422734865027116,0.03627746556510604,0.24091199011581463,0.01911506633562095,0.01007494087674703,0,0,0,0,0,-0.09321366357074208,-0.03627746556510604,-0.14432642706823717,-0.014296853380302931,-0.00818244339543265,0,-0.29629685297982095,-0.29629685297982095,-0.29629685297982095,0,0,0,0,0,-5.049212598425201,-4.025229357798171,-3.9359478217242234,-1.0073089235616892,-0.5884860979017935,-14.606184799411077,-14.606184799411077
Dylan Ross,NYM,pitcher,-6.1503038921541355,NA,NA,NA,NA,NA,NA,NA,NA,36,1,0,38,3.96109,1.34729,0,0,0,0,0,0,0.02452991146598476,0,0.10486432559451266,0.01623333292257867,0.0052407013181482,0.1508682713012243,0.1508682713012243,0,0,0,0,0,0,0,0,0,0,1,P,0.4486529493960002,0.4486529493960002,0,0,0,0,0,0.1422734865027116,0.03627746556510604,0.24091199011581463,0.01911506633562095,0.01007494087674703,0,0,0,0,0,-0.11774357503672683,-0.03627746556510604,-0.13604766452130196,-0.002881733413042282,-0.00483423955859883,0,-0.29778467809477593,-0.29778467809477593,-0.29778467809477593,0,0,0,0,0,-6.377952755905516,-4.025229357798171,-3.710176436156868,-0.20303738907210275,-0.3476813265522004,-14.664077265484856,-14.664077265484856
River Ryan,LAD,pitcher,-9.03580862826466,NA,NA,NA,NA,NA,NA,NA,NA,47,2,0,39,4.79328,1.42573,0,0,0,0,0,0,0.04905982293196952,0,0.10762391311015772,0.00373535720199125,-0.00259435672863693,0.15782473651548157,0.15782473651548157,0,0,0,0,0,0,0,0,0,1,0,P,0.4486529493960002,0.4486529493960002,0,0,0,0,0,0.1422734865027116,0.03627746556510604,0.24091199011581463,0.01911506633562095,0.01007494087674703,0,0,0,0,0,-0.09321366357074208,-0.03627746556510604,-0.13328807700565692,-0.015379709133629701,-0.01266929760538396,0,-0.2908282128805187,-0.2908282128805187,-0.2908282128805187,0,0,0,0,0,-5.049212598425201,-4.025229357798171,-3.6349193076344175,-1.083603352429439,-0.9111832677156846,-14.70414788400291,-14.70414788400291
Nick Raquet,STL,pitcher,NA,NA,NA,NA,NA,NA,NA,NA,NA,32,2,0,25,4.16853,1.35205,0,0,0,0,0,0,0.04905982293196952,0,0.06898968789112675,0.01146670452550207,0.0042685246630031,0.13378474001160146,0.13378474001160146,0,0,0,0,0,0,0,0,0,0,1,P,0.4486529493960002,0.4486529493960002,0,0,0,0,0,0.1422734865027116,0.03627746556510604,0.24091199011581463,0.01911506633562095,0.01007494087674703,0,0,0,0,0,-0.09321366357074208,-0.03627746556510604,-0.17192230222468788,-0.007648361810118881,-0.0058064162137439305,0,-0.3148682093843988,-0.3148682093843988,-0.3148682093843988,0,0,0,0,0,-5.049212598425201,-4.025229357798171,-4.68851910694874,-0.5388782340438285,-0.41760083819549565,-14.719440135411434,-14.719440135411434
Paul Gervase,LAD,pitcher,NA,NA,NA,NA,NA,NA,NA,NA,NA,33,2,0,35,4.66209,1.3991,0,0,0,0,0,0,0.04905982293196952,0,0.09658556304757746,0.00455507883834586,4.2777109280466214e-4,0.1506282359106975,0.1506282359106975,0,0,0,0,0,0,0,0,0,0,1,P,0.4486529493960002,0.4486529493960002,0,0,0,0,0,0.1422734865027116,0.03627746556510604,0.24091199011581463,0.01911506633562095,0.01007494087674703,0,0,0,0,0,-0.09321366357074208,-0.03627746556510604,-0.14432642706823717,-0.01455998749727509,-0.009647169783942368,0,-0.2980247134853028,-0.2980247134853028,-0.2980247134853028,0,0,0,0,0,-5.049212598425201,-4.025229357798171,-3.9359478217242234,-1.025848481677656,-0.6938300734371469,-14.730068333062396,-14.730068333062396
Keegan Thompson,COL,pitcher,-8.315137819178371,NA,NA,NA,NA,NA,NA,NA,NA,42,2,0,39,4.79469,1.42809,0,0,0,0,0,0,0.04905982293196952,0,0.10762391311015772,0.00331154577106463,-0.00257206773652162,0.15742321407667026,0.15742321407667026,0,0,0,0,0,0,0,0,0,1,1,P,0.4486529493960002,0.4486529493960002,0,0,0,0,0,0.1422734865027116,0.03627746556510604,0.24091199011581463,0.01911506633562095,0.01007494087674703,0,0,0,0,0,-0.09321366357074208,-0.03627746556510604,-0.13328807700565692,-0.01580352056455632,-0.01264700861326865,0,-0.29122973531933005,-0.29122973531933005,-0.29122973531933005,0,0,0,0,0,-5.049212598425201,-4.025229357798171,-3.6349193076344175,-1.1134637017611315,-0.9095802304122523,-14.732405196031173,-14.732405196031173
Gavin Stone,LAD,pitcher,NA,NA,NA,NA,NA,NA,NA,NA,NA,29,2,0,26,4.4156,1.31467,0,0,0,0,0,0,0.04905982293196952,0,0.07174927540677183,0.00719357069718488,0.00664299551880773,0.13464566455473395,0.13464566455473395,0,0,0,0,0,0,0,0,0,1,0,P,0.4486529493960002,0.4486529493960002,0,0,0,0,0,0.1422734865027116,0.03627746556510604,0.24091199011581463,0.01911506633562095,0.01007494087674703,0,0,0,0,0,-0.09321366357074208,-0.03627746556510604,-0.16916271470904282,-0.011921495638436072,-0.0034319453579393,0,-0.3140072848412663,-0.3140072848412663,-0.3140072848412663,0,0,0,0,0,-5.049212598425201,-4.025229357798171,-4.613261978426289,-0.8399490866530777,-0.24682751035384132,-14.774480531656579,-14.774480531656579
Martin Perez,ATL,pitcher,-8.075596287491257,NA,NA,NA,NA,NA,NA,NA,NA,45,2,0,34,4.52422,1.43437,0,0,0,0,0,0,0.04905982293196952,0,0.09382597553193238,0.00898071006763838,-0.0034791265490709,0.14838738198246937,0.14838738198246937,0,0,0,0,0,0,0,0,0,1,0,P,0.4486529493960002,0.4486529493960002,0,0,0,0,0,0.1422734865027116,0.03627746556510604,0.24091199011581463,0.01911506633562095,0.01007494087674703,0,0,0,0,0,-0.09321366357074208,-0.03627746556510604,-0.14708601458388226,-0.01013435626798257,-0.01355406742581793,0,-0.30026556741353094,-0.30026556741353094,-0.30026556741353094,0,0,0,0,0,-5.049212598425201,-4.025229357798171,-4.011204950246675,-0.7140331674210594,-0.9748164288639907,-14.774496502755095,-14.774496502755095
Chris Roycroft,STL,pitcher,-7.782440866926786,NA,NA,NA,NA,NA,NA,NA,NA,40,2,0,32,4.29127,1.45056,0,0,0,0,0,0,0.04905982293196952,0,0.08830680050064224,0.0121419675828178,-0.00475014639563699,0.14475844461979254,0.14475844461979254,0,0,0,0,0,0,0,0,0,0,1,P,0.4486529493960002,0.4486529493960002,0,0,0,0,0,0.1422734865027116,0.03627746556510604,0.24091199011581463,0.01911506633562095,0.01007494087674703,0,0,0,0,0,-0.09321366357074208,-0.03627746556510604,-0.1526051896151724,-0.006973098752803152,-0.01482508727238402,0,-0.30389450477620766,-0.30389450477620766,-0.30389450477620766,0,0,0,0,0,-5.049212598425201,-4.025229357798171,-4.161719207291578,-0.491301436178446,-1.06622891700646,-14.793691516699857,-14.793691516699857
Jorge Lopez,NA,pitcher,NA,NA,NA,NA,NA,NA,NA,NA,NA,30,2,0,25,4.36562,1.36068,0,0,0,0,0,0,0.04905982293196952,0,0.06898968789112675,0.00811088605421243,0.00333906442869292,0.12949946130600162,0.12949946130600162,0,0,0,0,0,0,0,0,0,0,0,P,0.4486529493960002,0.4486529493960002,0,0,0,0,0,0.1422734865027116,0.03627746556510604,0.24091199011581463,0.01911506633562095,0.01007494087674703,0,0,0,0,0,-0.09321366357074208,-0.03627746556510604,-0.17192230222468788,-0.01100418028140852,-0.00673587644805411,0,-0.31915348808999866,-0.31915348808999866,-0.31915348808999866,0,0,0,0,0,-5.049212598425201,-4.025229357798171,-4.68851910694874,-0.775318085671626,-0.48444815995630364,-15.02272730880004,-15.02272730880004
Welinton Herrera,COL,pitcher,NA,NA,NA,NA,NA,NA,NA,NA,NA,30,2,0,29,4.40782,1.4091,0,0,0,0,0,0,0.04905982293196952,0,0.08002803795370703,0.00754580357259281,-3.789937154422488e-4,0.1362546707428271,0.1362546707428271,0,0,0,0,0,0,0,0,0,0,1,P,0.4486529493960002,0.4486529493960002,0,0,0,0,0,0.1422734865027116,0.03627746556510604,0.24091199011581463,0.01911506633562095,0.01007494087674703,0,0,0,0,0,-0.09321366357074208,-0.03627746556510604,-0.1608839521621076,-0.011569262763028141,-0.010453934592189278,0,-0.3123982786531732,-0.3123982786531732,-0.3123982786531732,0,0,0,0,0,-5.049212598425201,-4.025229357798171,-4.387490592858934,-0.8151319252027808,-0.7518530686459771,-15.028917542931064,-15.028917542931064
Mike Clevinger,PIT,pitcher,-8.091176539353595,NA,NA,NA,NA,NA,NA,NA,NA,38,2,0,30,4.72866,1.39054,0,0,0,0,0,0,0.04905982293196952,0,0.0827876254693521,0.00411612180071244,0.00132516781717645,0.13728873801921052,0.13728873801921052,0,0,0,0,0,0,0,0,0,0,1,P,0.4486529493960002,0.4486529493960002,0,0,0,0,0,0.1422734865027116,0.03627746556510604,0.24091199011581463,0.01911506633562095,0.01007494087674703,0,0,0,0,0,-0.09321366357074208,-0.03627746556510604,-0.1581243646464625,-0.01499894453490851,-0.00874977305957058,0,-0.31136421137678977,-0.31136421137678977,-0.31136421137678977,0,0,0,0,0,-5.049212598425201,-4.025229357798171,-4.312233464336481,-1.056775940280367,-0.6292887779984045,-15.072740138838624,-15.072740138838624
Kendall Graveman,NA,pitcher,NA,NA,NA,NA,NA,NA,NA,NA,NA,36,2,0,32,4.34982,1.47568,0,0,0,0,0,0,0.04905982293196952,0,0.08830680050064224,0.00998694866437975,-0.00658981875931184,0.14076375333767965,0.14076375333767965,0,0,0,0,0,0,0,0,0,0,0,P,0.4486529493960002,0.4486529493960002,0,0,0,0,0,0.1422734865027116,0.03627746556510604,0.24091199011581463,0.01911506633562095,0.01007494087674703,0,0,0,0,0,-0.09321366357074208,-0.03627746556510604,-0.1526051896151724,-0.009128117671241201,-0.01666475963605887,0,-0.30788919605832055,-0.30788919605832055,-0.30788919605832055,0,0,0,0,0,-5.049212598425201,-4.025229357798171,-4.161719207291578,-0.6431369295729311,-1.1985392256021894,-15.07783731869007,-15.07783731869007
Antonio Senzatela,COL,pitcher,-18.82688436781365,NA,NA,NA,NA,NA,NA,NA,NA,93,4,0,56,5.45916,1.57171,0,0,0,0,0,0,0.09811964586393904,0,0.15453690087612393,-0.02024997172829196,-0.03988284515924305,0.19252372985252797,0.19252372985252797,0,0,0,0,0,0,0,0,0,1,0,P,0.4486529493960002,0.4486529493960002,0,0,0,0,0,0.1422734865027116,0.03627746556510604,0.24091199011581463,0.01911506633562095,0.01007494087674703,0,0,0,0,0,-0.04415384063877256,-0.03627746556510604,-0.0863750892396907,-0.03936503806391291,-0.049957786035990076,0,-0.25612921954347223,-0.25612921954347223,-0.25612921954347223,0,0,0,0,0,-2.3917322834645685,-4.025229357798171,-2.355548122752738,-2.773530165228906,-3.5929930881700898,-15.139033017414473,-15.139033017414473
Coleman Crow,MIL,pitcher,NA,NA,NA,NA,NA,NA,NA,NA,NA,29,1,0,27,3.91026,1.23705,0,0,0,0,0,0,0.02452991146598476,0,0.07450886292241689,0.0137348066028627,0.01240457786858425,0.1251781588598486,0.1251781588598486,0,0,0,0,0,0,0,0,0,1,0,P,0.4486529493960002,0.4486529493960002,0,0,0,0,0,0.1422734865027116,0.03627746556510604,0.24091199011581463,0.01911506633562095,0.01007494087674703,0,0,0,0,0,-0.11774357503672683,-0.03627746556510604,-0.16640312719339773,-0.005380259732758252,0.0023296369918372195,0,-0.3234747905361516,-0.3234747905361516,-0.3234747905361516,0,0,0,0,0,-6.377952755905516,-4.025229357798171,-4.538004849903836,-0.37907527591726503,0.1675488502149874,-15.152713389309797,-15.152713389309797
Scott Alexander,SFG,pitcher,NA,NA,NA,NA,NA,NA,NA,NA,NA,32,2,0,23,4.12069,1.4186,0,0,0,0,0,0,0.04905982293196952,0,0.06347051285983661,0.01215001690264413,-0.00118237484391569,0.12349797785053458,0.12349797785053458,0,0,0,0,0,0,0,0,0,0,0,P,0.4486529493960002,0.4486529493960002,0,0,0,0,0,0.1422734865027116,0.03627746556510604,0.24091199011581463,0.01911506633562095,0.01007494087674703,0,0,0,0,0,-0.09321366357074208,-0.03627746556510604,-0.17744147725597803,-0.006965049432976822,-0.01125731572066272,0,-0.32515497154546574,-0.32515497154546574,-0.32515497154546574,0,0,0,0,0,-5.049212598425201,-4.025229357798171,-4.839033363993644,-0.4907343077709578,-0.8096327076334189,-15.21384233562139,-15.21384233562139
Walker Buehler,SDP,pitcher,NA,NA,NA,NA,NA,NA,NA,NA,NA,35,2,0,30,4.90924,1.41898,0,0,0,0,0,0,0.04905982293196952,0,0.0827876254693521,9.70082029257297e-4,-0.00132726501156677,0.13149026541901215,0.13149026541901215,0,0,0,0,0,0,0,0,0,1,0,P,0.4486529493960002,0.4486529493960002,0,0,0,0,0,0.1422734865027116,0.03627746556510604,0.24091199011581463,0.01911506633562095,0.01007494087674703,0,0,0,0,0,-0.09321366357074208,-0.03627746556510604,-0.1581243646464625,-0.018144984306363653,-0.0114022058883138,0,-0.3171626839769881,-0.3171626839769881,-0.3171626839769881,0,0,0,0,0,-5.049212598425201,-4.025229357798171,-4.312233464336481,-1.278435479716701,-0.82005329293596,-15.485164193212512,-15.485164193212512
Justin Hagenman,NYM,pitcher,NA,NA,NA,NA,NA,NA,NA,NA,NA,27,1,0,24,4.11196,1.20441,0,0,0,0,0,0,0.02452991146598476,0,0.06623010037548169,0.01035678654971227,0.01380480382567495,0.11492160221685369,0.11492160221685369,0,0,0,0,0,0,0,0,0,0,1,P,0.4486529493960002,0.4486529493960002,0,0,0,0,0,0.1422734865027116,0.03627746556510604,0.24091199011581463,0.01911506633562095,0.01007494087674703,0,0,0,0,0,-0.11774357503672683,-0.03627746556510604,-0.17468188974033294,-0.008758279785908681,0.0037298629489279193,0,-0.3337313471791466,-0.3337313471791466,-0.3337313471791466,0,0,0,0,0,-6.377952755905516,-4.025229357798171,-4.763776235471192,-0.6170793774489169,0.26825391713045976,-15.515783809493334,-15.515783809493334
Juan Morillo,ARI,pitcher,NA,NA,NA,NA,NA,NA,NA,NA,NA,30,2,0,27,4.23637,1.51363,0,0,0,0,0,0,0.04905982293196952,0,0.07450886292241689,0.00984161853642418,-0.00840560705303928,0.1250046973377713,0.1250046973377713,0,0,0,0,0,0,0,0,0,0,1,P,0.4486529493960002,0.4486529493960002,0,0,0,0,0,0.1422734865027116,0.03627746556510604,0.24091199011581463,0.01911506633562095,0.01007494087674703,0,0,0,0,0,-0.09321366357074208,-0.03627746556510604,-0.16640312719339773,-0.009273447799196772,-0.01848054792978631,0,-0.3236482520582289,-0.3236482520582289,-0.3236482520582289,0,0,0,0,0,-5.049212598425201,-4.025229357798171,-4.538004849903836,-0.6533764089085516,-1.3291317779671565,-15.594954993002913,-15.594954993002913
Cam Sanders,PIT,pitcher,-9.639010109376926,NA,NA,NA,NA,NA,NA,NA,NA,40,2,0,38,4.74999,1.54725,0,0,0,0,0,0,0.04905982293196952,0,0.10486432559451266,0.00395193169123636,-0.01464961058278909,0.14322646963492944,0.14322646963492944,0,0,0,0,0,0,0,0,0,0,1,P,0.4486529493960002,0.4486529493960002,0,0,0,0,0,0.1422734865027116,0.03627746556510604,0.24091199011581463,0.01911506633562095,0.01007494087674703,0,0,0,0,0,-0.09321366357074208,-0.03627746556510604,-0.13604766452130196,-0.01516313464438459,-0.024724551459536122,0,-0.30542647976107073,-0.30542647976107073,-0.30542647976107073,0,0,0,0,0,-5.049212598425201,-4.025229357798171,-3.710176436156868,-1.0683442314306202,-1.7782041509650024,-15.631166774775862,-15.631166774775862
Austin Love,STL,pitcher,NA,NA,NA,NA,NA,NA,NA,NA,NA,28,2,0,24,4.51621,1.42808,0,0,0,0,0,0,0.04905982293196952,0,0.06623010037548169,0.00568810535249498,-0.00171399513958913,0.11926403352035708,0.11926403352035708,0,0,0,0,0,0,0,0,0,0,1,P,0.4486529493960002,0.4486529493960002,0,0,0,0,0,0.1422734865027116,0.03627746556510604,0.24091199011581463,0.01911506633562095,0.01007494087674703,0,0,0,0,0,-0.09321366357074208,-0.03627746556510604,-0.17468188974033294,-0.013426960983125971,-0.01178893601633616,0,-0.32938891587564323,-0.32938891587564323,-0.32938891587564323,0,0,0,0,0,-5.049212598425201,-4.025229357798171,-4.763776235471192,-0.9460191872185826,-0.8478671491378832,-15.632104528051027,-15.632104528051027
Easton McGee,MIL,pitcher,NA,NA,NA,NA,NA,NA,NA,NA,NA,30,1,0,24,4.12578,1.27614,0,0,0,0,0,0,0.02452991146598476,0,0.06623010037548169,0.01132248279335105,0.00983069258865132,0.11191318722346884,0.11191318722346884,0,0,0,0,0,0,0,0,0,0,1,P,0.4486529493960002,0.4486529493960002,0,0,0,0,0,0.1422734865027116,0.03627746556510604,0.24091199011581463,0.01911506633562095,0.01007494087674703,0,0,0,0,0,-0.11774357503672683,-0.03627746556510604,-0.17468188974033294,-0.007792583542269901,-2.442482880957095e-4,0,-0.33673976217253143,-0.33673976217253143,-0.33673976217253143,0,0,0,0,0,-6.377952755905516,-4.025229357798171,-4.763776235471192,-0.5490396194831865,-0.017566479232947633,-15.73356444789101,-15.73356444789101
Chase Petty,CIN,pitcher,-10.326862995491425,NA,NA,NA,NA,NA,NA,NA,NA,42,2,0,33,5.09852,1.46142,0,0,0,0,0,0,0.04905982293196952,0,0.09106638801628732,-0.00238429817553926,-0.0061551331871956,0.13158677958552198,0.13158677958552198,0,0,0,0,0,0,0,0,0,1,0,P,0.4486529493960002,0.4486529493960002,0,0,0,0,0,0.1422734865027116,0.03627746556510604,0.24091199011581463,0.01911506633562095,0.01007494087674703,0,0,0,0,0,-0.09321366357074208,-0.03627746556510604,-0.1498456020995273,-0.02149936451116021,-0.01623007406394263,0,-0.3170661698104782,-0.3170661698104782,-0.3170661698104782,0,0,0,0,0,-5.049212598425201,-4.025229357798171,-4.086462078769126,-1.514773995852387,-1.1672763859115802,-15.842954416756466,-15.842954416756466
Tristan Beck,SFG,pitcher,NA,NA,NA,NA,NA,NA,NA,NA,NA,28,1,0,24,4.07145,1.29139,0,0,0,0,0,0,0.02452991146598476,0,0.06623010037548169,0.01124666014452025,0.00808236882585997,0.1100890408118467,0.1100890408118467,0,0,0,0,0,0,0,0,0,0,1,P,0.4486529493960002,0.4486529493960002,0,0,0,0,0,0.1422734865027116,0.03627746556510604,0.24091199011581463,0.01911506633562095,0.01007494087674703,0,0,0,0,0,-0.11774357503672683,-0.03627746556510604,-0.17468188974033294,-0.007868406191100701,-0.00199257205088706,0,-0.33856390858415353,-0.33856390858415353,-0.33856390858415353,0,0,0,0,0,-6.377952755905516,-4.025229357798171,-4.763776235471192,-0.5543818321186308,-0.14330694321322565,-15.864647124506734,-15.864647124506734
Juan Burgos,ARI,pitcher,NA,NA,NA,NA,NA,NA,NA,NA,NA,27,2,0,22,4.5865,1.463,0,0,0,0,0,0,0.04905982293196952,0,0.06071092534419154,0.00463785724295878,-0.00406606337677693,0.11034254214234292,0.11034254214234292,0,0,0,0,0,0,0,0,0,0,1,P,0.4486529493960002,0.4486529493960002,0,0,0,0,0,0.1422734865027116,0.03627746556510604,0.24091199011581463,0.01911506633562095,0.01007494087674703,0,0,0,0,0,-0.09321366357074208,-0.03627746556510604,-0.1802010647716231,-0.014477209092662171,-0.014141004253523961,0,-0.3383104072536573,-0.3383104072536573,-0.3383104072536573,0,0,0,0,0,-5.049212598425201,-4.025229357798171,-4.914290492516096,-1.02001618953429,-1.017029267591892,-16.02577790586565,-16.02577790586565
Cristian Mena,ARI,pitcher,NA,NA,NA,NA,NA,NA,NA,NA,NA,23,1,0,22,3.88558,1.30263,0,0,0,0,0,0,0.02452991146598476,0,0.06071092534419154,0.01114649010835884,0.00597738387911346,0.1023647107976486,0.1023647107976486,0,0,0,0,0,0,0,0,0,1,0,P,0.4486529493960002,0.4486529493960002,0,0,0,0,0,0.1422734865027116,0.03627746556510604,0.24091199011581463,0.01911506633562095,0.01007494087674703,0,0,0,0,0,-0.11774357503672683,-0.03627746556510604,-0.1802010647716231,-0.007968576227262112,-0.00409755699763357,0,-0.34628823859835167,-0.34628823859835167,-0.34628823859835167,0,0,0,0,0,-6.377952755905516,-4.025229357798171,-4.914290492516096,-0.5614394810022586,-0.29469868741329275,-16.173610774635332,-16.173610774635332
Jose Suarez,ATL,pitcher,NA,NA,NA,NA,NA,NA,NA,NA,NA,22,1,0,21,3.93259,1.28707,0,0,0,0,0,0,0.02452991146598476,0,0.05795133782854647,0.01020023324413681,0.00659369593266983,0.09927517847133788,0.09927517847133788,0,0,0,0,0,0,0,0,0,1,1,P,0.4486529493960002,0.4486529493960002,0,0,0,0,0,0.1422734865027116,0.03627746556510604,0.24091199011581463,0.01911506633562095,0.01007494087674703,0,0,0,0,0,-0.11774357503672683,-0.03627746556510604,-0.18296065228726816,-0.008914833091484142,-0.0034812449440771998,0,-0.3493777709246624,-0.3493777709246624,-0.3493777709246624,0,0,0,0,0,-6.377952755905516,-4.025229357798171,-4.989547621038547,-0.6281096046971382,-0.2503731653217278,-16.2712125047611,-16.2712125047611
Michael Petersen,MIA,pitcher,NA,NA,NA,NA,NA,NA,NA,NA,NA,28,1,0,26,4.38724,1.35879,0,0,0,0,0,0,0.02452991146598476,0,0.07174927540677183,0.00729995626428448,0.00325191355282413,0.1068310566898652,0.1068310566898652,0,0,0,0,0,0,0,0,0,0,1,P,0.4486529493960002,0.4486529493960002,0,0,0,0,0,0.1422734865027116,0.03627746556510604,0.24091199011581463,0.01911506633562095,0.01007494087674703,0,0,0,0,0,-0.11774357503672683,-0.03627746556510604,-0.16916271470904282,-0.011815110071336472,-0.0068230273239228995,0,-0.34182189270613506,-0.34182189270613506,-0.34182189270613506,0,0,0,0,0,-6.377952755905516,-4.025229357798171,-4.613261978426289,-0.8324535120516595,-0.4907161017421735,-16.339613705923806,-16.339613705923806
Zach Maxwell,CIN,pitcher,NA,NA,NA,NA,NA,NA,NA,NA,NA,34,1,0,35,4.65955,1.45659,0,0,0,0,0,0,0.02452991146598476,0,0.09658556304757746,0.00473165854709361,-0.00456239125489986,0.12128474180575598,0.12128474180575598,0,0,0,0,0,0,0,0,0,0,0,P,0.4486529493960002,0.4486529493960002,0,0,0,0,0,0.1422734865027116,0.03627746556510604,0.24091199011581463,0.01911506633562095,0.01007494087674703,0,0,0,0,0,-0.11774357503672683,-0.03627746556510604,-0.14432642706823717,-0.014383407788527341,-0.01463733213164689,0,-0.3273682075902442,-0.3273682075902442,-0.3273682075902442,0,0,0,0,0,-6.377952755905516,-4.025229357798171,-3.9359478217242234,-1.013407260409584,-1.052725457856951,-16.405262653694443,-16.405262653694443
Ty Adcock,SDP,pitcher,NA,NA,NA,NA,NA,NA,NA,NA,NA,26,1,0,24,4.28902,1.34971,0,0,0,0,0,0,0.02452991146598476,0,0.06623010037548169,0.00791839056009125,0.00362390164838242,0.10230230404994012,0.10230230404994012,0,0,0,0,0,0,0,0,0,0,1,P,0.4486529493960002,0.4486529493960002,0,0,0,0,0,0.1422734865027116,0.03627746556510604,0.24091199011581463,0.01911506633562095,0.01007494087674703,0,0,0,0,0,-0.11774357503672683,-0.03627746556510604,-0.17468188974033294,-0.011196675775529701,-0.006451039228364611,0,-0.3463506453460601,-0.3463506453460601,-0.3463506453460601,0,0,0,0,0,-6.377952755905516,-4.025229357798171,-4.763776235471192,-0.788880680447958,-0.46396250110703685,-16.41980153072987,-16.41980153072987
Joe Jimenez,ATL,pitcher,NA,NA,NA,NA,NA,NA,NA,NA,NA,18,1,0,20,3.99996,1.24746,0,0,0,0,0,0,0.02452991146598476,0,0.0551917503129014,0.00780437135142362,0.00721977748099496,0.09474581061130474,0.09474581061130474,0,0,0,0,0,0,0,0,0,0,1,P,0.4486529493960002,0.4486529493960002,0,0,0,0,0,0.1422734865027116,0.03627746556510604,0.24091199011581463,0.01911506633562095,0.01007494087674703,0,0,0,0,0,-0.11774357503672683,-0.03627746556510604,-0.18572023980291325,-0.011310694984197331,-0.00285516339575207,0,-0.35390713878469554,-0.35390713878469554,-0.35390713878469554,0,0,0,0,0,-6.377952755905516,-4.025229357798171,-5.064804749560999,-0.7969140961439307,-0.2053450154725241,-16.470245974881138,-16.470245974881138
Luis Mey,CIN,pitcher,NA,NA,NA,NA,NA,NA,NA,NA,NA,30,2,0,28,4.96146,1.56369,0,0,0,0,0,0,0.04905982293196952,0,0.07726845043806196,1.3224278766659064e-4,-0.01224959694761602,0.11421091921008208,0.11421091921008208,0,0,0,0,0,0,0,0,0,0,1,P,0.4486529493960002,0.4486529493960002,0,0,0,0,0,0.1422734865027116,0.03627746556510604,0.24091199011581463,0.01911506633562095,0.01007494087674703,0,0,0,0,0,-0.09321366357074208,-0.03627746556510604,-0.16364353967775266,-0.018982823547954362,-0.02232453782436305,0,-0.3344420301859182,-0.3344420301859182,-0.3344420301859182,0,0,0,0,0,-5.049212598425201,-4.025229357798171,-4.462747721381385,-1.337466856909617,-1.6055937715442938,-16.480250306058664,-16.480250306058664
Luke Little,CHC,pitcher,NA,NA,NA,NA,NA,NA,NA,NA,NA,18,1,0,21,3.65171,1.33397,0,0,0,0,0,0,0.02452991146598476,0,0.05795133782854647,0.01060233307024874,0.00323403757951871,0.0963176199442987,0.0963176199442987,0,0,0,0,0,0,0,0,0,0,1,P,0.4486529493960002,0.4486529493960002,0,0,0,0,0,0.1422734865027116,0.03627746556510604,0.24091199011581463,0.01911506633562095,0.01007494087674703,0,0,0,0,0,-0.11774357503672683,-0.03627746556510604,-0.18296065228726816,-0.008512733265372212,-0.006840903297228321,0,-0.35233532945170154,-0.35233532945170154,-0.35233532945170154,0,0,0,0,0,-6.377952755905516,-4.025229357798171,-4.989547621038547,-0.5997789831099307,-0.4920017521607974,-16.48451047001296,-16.48451047001296
Danny Young,ATL,pitcher,NA,NA,NA,NA,NA,NA,NA,NA,NA,20,1,0,21,3.95262,1.31861,0,0,0,0,0,0,0.02452991146598476,0,0.05795133782854647,0.00909413043280676,0.00437968065208697,0.095955060379425,0.095955060379425,0,0,0,0,0,0,0,0,0,0,1,P,0.4486529493960002,0.4486529493960002,0,0,0,0,0,0.1422734865027116,0.03627746556510604,0.24091199011581463,0.01911506633562095,0.01007494087674703,0,0,0,0,0,-0.11774357503672683,-0.03627746556510604,-0.18296065228726816,-0.010020935902814191,-0.00569526022466006,0,-0.35269788901657523,-0.35269788901657523,-0.35269788901657523,0,0,0,0,0,-6.377952755905516,-4.025229357798171,-4.989547621038547,-0.7060419442540695,-0.4096064346765059,-16.508378113672805,-16.508378113672805
Gavin Hollowell,CHC,pitcher,NA,NA,NA,NA,NA,NA,NA,NA,NA,28,1,0,27,4.4934,1.39966,0,0,0,0,0,0,0.02452991146598476,0,0.07450886292241689,0.00597318187647667,3.2282294438237244e-4,0.1053347792092607,0.1053347792092607,0,0,0,0,0,0,0,0,0,0,1,P,0.4486529493960002,0.4486529493960002,0,0,0,0,0,0.1422734865027116,0.03627746556510604,0.24091199011581463,0.01911506633562095,0.01007494087674703,0,0,0,0,0,-0.11774357503672683,-0.03627746556510604,-0.16640312719339773,-0.013141884459144281,-0.009752117932364657,0,-0.3433181701867395,-0.3433181701867395,-0.3433181701867395,0,0,0,0,0,-6.377952755905516,-4.025229357798171,-4.538004849903836,-0.9259336398001323,-0.701378005437694,-16.568498608845346,-16.568498608845346
Trent Thornton,CHC,pitcher,NA,NA,NA,NA,NA,NA,NA,NA,NA,22,1,0,19,4.239,1.27772,0,0,0,0,0,0,0.02452991146598476,0,0.05243216279725633,0.0071913609611609,0.0071202032714063,0.0912736384958083,0.0912736384958083,0,0,0,0,0,0,0,0,0,0,1,P,0.4486529493960002,0.4486529493960002,0,0,0,0,0,0.1422734865027116,0.03627746556510604,0.24091199011581463,0.01911506633562095,0.01007494087674703,0,0,0,0,0,-0.11774357503672683,-0.03627746556510604,-0.1884798273185583,-0.011923705374460051,-0.0029547376053407305,0,-0.35737931090019187,-0.35737931090019187,-0.35737931090019187,0,0,0,0,0,-6.377952755905516,-4.025229357798171,-5.140061878083451,-0.8401047773324503,-0.2125064506601106,-16.595855219779697,-16.595855219779697
DJ Herz,WSN,pitcher,NA,NA,NA,NA,NA,NA,NA,NA,NA,21,1,0,22,4.09659,1.35132,0,0,0,0,0,0,0.02452991146598476,0,0.06071092534419154,0.00819934767920672,0.00284045780062971,0.09628064229001276,0.09628064229001276,0,0,0,0,0,0,0,0,0,1,0,P,0.4486529493960002,0.4486529493960002,0,0,0,0,0,0.1422734865027116,0.03627746556510604,0.24091199011581463,0.01911506633562095,0.01007494087674703,0,0,0,0,0,-0.11774357503672683,-0.03627746556510604,-0.1802010647716231,-0.010915718656414232,-0.007234483076117321,0,-0.35237230710598755,-0.35237230710598755,-0.35237230710598755,0,0,0,0,0,-6.377952755905516,-4.025229357798171,-4.914290492516096,-0.7690853726487533,-0.5203082392451717,-16.606866218113705,-16.606866218113705
Carson Whisenhunt,SFG,pitcher,NA,NA,NA,NA,NA,NA,NA,NA,NA,27,1,0,21,4.28085,1.35952,0,0,0,0,0,0,0.02452991146598476,0,0.05795133782854647,0.00832140497889085,0.00308532429525106,0.09388797856867316,0.09388797856867316,0,0,0,0,0,0,0,0,0,1,0,P,0.4486529493960002,0.4486529493960002,0,0,0,0,0,0.1422734865027116,0.03627746556510604,0.24091199011581463,0.01911506633562095,0.01007494087674703,0,0,0,0,0,-0.11774357503672683,-0.03627746556510604,-0.18296065228726816,-0.010793661356730102,-0.00698961658149597,0,-0.3547649708273271,-0.3547649708273271,-0.3547649708273271,0,0,0,0,0,-6.377952755905516,-4.025229357798171,-4.989547621038547,-0.7604856196900318,-0.502697298238596,-16.655912652670857,-16.655912652670857
Trevor Williams,WSN,pitcher,NA,NA,NA,NA,NA,NA,NA,NA,NA,29,1,0,24,4.6048,1.36447,0,0,0,0,0,0,0.02452991146598476,0,0.06623010037548169,0.00474452286136298,0.00294643791743089,0.09845097262026033,0.09845097262026033,0,0,0,0,0,0,0,0,0,1,0,P,0.4486529493960002,0.4486529493960002,0,0,0,0,0,0.1422734865027116,0.03627746556510604,0.24091199011581463,0.01911506633562095,0.01007494087674703,0,0,0,0,0,-0.11774357503672683,-0.03627746556510604,-0.17468188974033294,-0.014370543474257971,-0.0071285029593161405,0,-0.35020197677573994,-0.35020197677573994,-0.35020197677573994,0,0,0,0,0,-6.377952755905516,-4.025229357798171,-4.763776235471192,-1.0125008834457625,-0.5126860874773617,-16.692145320098003,-16.692145320098003
Derek Law,ARI,pitcher,NA,NA,NA,NA,NA,NA,NA,NA,NA,24,1,0,20,4.12739,1.36373,0,0,0,0,0,0,0.02452991146598476,0,0.0551917503129014,0.00904073916746932,0.0024838896703461,0.0912462906167016,0.0912462906167016,0,0,0,0,0,0,0,0,0,0,1,P,0.4486529493960002,0.4486529493960002,0,0,0,0,0,0.1422734865027116,0.03627746556510604,0.24091199011581463,0.01911506633562095,0.01007494087674703,0,0,0,0,0,-0.11774357503672683,-0.03627746556510604,-0.18572023980291325,-0.01007432716815163,-0.007591051206400931,0,-0.35740665877929867,-0.35740665877929867,-0.35740665877929867,0,0,0,0,0,-6.377952755905516,-4.025229357798171,-5.064804749560999,-0.7098037159239636,-0.5459528269906693,-16.723743406179317,-16.723743406179317
Thomas White,MIA,pitcher,NA,NA,NA,NA,NA,NA,NA,NA,NA,24,1,0,23,4.21517,1.40206,0,0,0,0,0,0,0.02452991146598476,0,0.06347051285983661,0.00810039906819785,1.2927308769925813e-4,0.09623009648171849,0.09623009648171849,0,0,0,0,0,0,0,0,0,1,0,P,0.4486529493960002,0.4486529493960002,0,0,0,0,0,0.1422734865027116,0.03627746556510604,0.24091199011581463,0.01911506633562095,0.01007494087674703,0,0,0,0,0,-0.11774357503672683,-0.03627746556510604,-0.17744147725597803,-0.011014667267423102,-0.009945667789047772,0,-0.35242285291428177,-0.35242285291428177,-0.35242285291428177,0,0,0,0,0,-6.377952755905516,-4.025229357798171,-4.839033363993644,-0.7760569639627266,-0.7152982239353222,-16.733570665595376,-16.733570665595376
Michael Fulmer,SFG,pitcher,NA,NA,NA,NA,NA,NA,NA,NA,NA,18,1,0,18,3.91945,1.31068,0,0,0,0,0,0,0.02452991146598476,0,0.04967257528161126,0.00845121671533636,0.00430706823846429,0.08696077170139668,0.08696077170139668,0,0,0,0,0,0,0,0,0,0,1,P,0.4486529493960002,0.4486529493960002,0,0,0,0,0,0.1422734865027116,0.03627746556510604,0.24091199011581463,0.01911506633562095,0.01007494087674703,0,0,0,0,0,-0.11774357503672683,-0.03627746556510604,-0.19123941483420337,-0.01066384962028459,-0.00576787263828274,0,-0.3616921776946036,-0.3616921776946036,-0.3616921776946036,0,0,0,0,0,-6.377952755905516,-4.025229357798171,-5.215319006605902,-0.751339514807628,-0.4148287617843102,-16.784669396901528,-16.784669396901528
Adam Mazur,MIA,pitcher,NA,NA,NA,NA,NA,NA,NA,NA,NA,25,1,0,19,4.36825,1.32783,0,0,0,0,0,0,0.02452991146598476,0,0.05243216279725633,0.0067297240237185,0.00488461568346672,0.08857641397042632,0.08857641397042632,0,0,0,0,0,0,0,0,0,1,0,P,0.4486529493960002,0.4486529493960002,0,0,0,0,0,0.1422734865027116,0.03627746556510604,0.24091199011581463,0.01911506633562095,0.01007494087674703,0,0,0,0,0,-0.11774357503672683,-0.03627746556510604,-0.1884798273185583,-0.012385342311902452,-0.00519032519328031,0,-0.36007653542557394,-0.36007653542557394,-0.36007653542557394,0,0,0,0,0,-6.377952755905516,-4.025229357798171,-5.140061878083451,-0.8726301865369732,-0.3732912129327841,-16.789165391256894,-16.789165391256894
Bryan Hoeing,SDP,pitcher,NA,NA,NA,NA,NA,NA,NA,NA,NA,22,1,0,18,4.17889,1.31812,0,0,0,0,0,0,0.02452991146598476,0,0.04967257528161126,0.0077816266604843,0.00484524108050218,0.08682935448858252,0.08682935448858252,0,0,0,0,0,0,0,0,0,0,1,P,0.4486529493960002,0.4486529493960002,0,0,0,0,0,0.1422734865027116,0.03627746556510604,0.24091199011581463,0.01911506633562095,0.01007494087674703,0,0,0,0,0,-0.11774357503672683,-0.03627746556510604,-0.19123941483420337,-0.011333439675136652,-0.00522969979624485,0,-0.3618235949074177,-0.3618235949074177,-0.3618235949074177,0,0,0,0,0,-6.377952755905516,-4.025229357798171,-5.215319006605902,-0.7985166117141328,-0.37612305732635104,-16.79314078935007,-16.79314078935007
Drew Smith,WSN,pitcher,NA,NA,NA,NA,NA,NA,NA,NA,NA,24,1,0,24,4.56524,1.38672,0,0,0,0,0,0,0.02452991146598476,0,0.06623010037548169,0.00435028675842381,0.00107161116173533,0.0961819097616256,0.0961819097616256,0,0,0,0,0,0,0,0,0,0,1,P,0.4486529493960002,0.4486529493960002,0,0,0,0,0,0.1422734865027116,0.03627746556510604,0.24091199011581463,0.01911506633562095,0.01007494087674703,0,0,0,0,0,-0.11774357503672683,-0.03627746556510604,-0.17468188974033294,-0.014764779577197141,-0.0090033297150117,0,-0.35247103963437465,-0.35247103963437465,-0.35247103963437465,0,0,0,0,0,-6.377952755905516,-4.025229357798171,-4.763776235471192,-1.040277453150809,-0.6475247204359488,-16.854760522761634,-16.854760522761634
Ryan Rolison,CHC,pitcher,NA,NA,NA,NA,NA,NA,NA,NA,NA,30,1,0,23,4.48092,1.40587,0,0,0,0,0,0,0.02452991146598476,0,0.06347051285983661,0.00656695216485835,-1.3096959719448314e-4,0.09443640689348524,0.09443640689348524,0,0,0,0,0,0,0,0,0,0,1,P,0.4486529493960002,0.4486529493960002,0,0,0,0,0,0.1422734865027116,0.03627746556510604,0.24091199011581463,0.01911506633562095,0.01007494087674703,0,0,0,0,0,-0.11774357503672683,-0.03627746556510604,-0.17744147725597803,-0.012548114170762601,-0.010205910473941513,0,-0.35421654250251505,-0.35421654250251505,-0.35421654250251505,0,0,0,0,0,-6.377952755905516,-4.025229357798171,-4.839033363993644,-0.884098552447506,-0.7340150295078594,-16.860329059652692,-16.860329059652692
Alex Carrillo,NYM,pitcher,NA,NA,NA,NA,NA,NA,NA,NA,NA,20,1,0,21,4.30108,1.35524,0,0,0,0,0,0,0.02452991146598476,0,0.05795133782854647,0.00598340939733799,0.00250452617295065,0.09096918486481988,0.09096918486481988,0,0,0,0,0,0,0,0,0,0,0,P,0.4486529493960002,0.4486529493960002,0,0,0,0,0,0.1422734865027116,0.03627746556510604,0.24091199011581463,0.01911506633562095,0.01007494087674703,0,0,0,0,0,-0.11774357503672683,-0.03627746556510604,-0.18296065228726816,-0.01313165693828296,-0.00757041470379638,0,-0.35768376453118034,-0.35768376453118034,-0.35768376453118034,0,0,0,0,0,-6.377952755905516,-4.025229357798171,-4.989547621038547,-0.9252130425641198,-0.5444686376959568,-16.86241141500231,-16.86241141500231
Riley Cornelio,WSN,pitcher,NA,NA,NA,NA,NA,NA,NA,NA,NA,33,2,0,24,5.20422,1.53042,0,0,0,0,0,0,0.04905982293196952,0,0.06623010037548169,-0.00343029989000697,-0.01066435891621251,0.10119526450123172,0.10119526450123172,0,0,0,0,0,0,0,0,0,1,0,P,0.4486529493960002,0.4486529493960002,0,0,0,0,0,0.1422734865027116,0.03627746556510604,0.24091199011581463,0.01911506633562095,0.01007494087674703,0,0,0,0,0,-0.09321366357074208,-0.03627746556510604,-0.17468188974033294,-0.02254536622562792,-0.02073929979295954,0,-0.3474576848947685,-0.3474576848947685,-0.3474576848947685,0,0,0,0,0,-5.049212598425201,-4.025229357798171,-4.763776235471192,-1.588471811239917,-1.491582528415267,-16.918272531349746,-16.918272531349746
Philip Abner,ARI,pitcher,NA,NA,NA,NA,NA,NA,NA,NA,NA,20,1,0,18,4.06877,1.36648,0,0,0,0,0,0,0.02452991146598476,0,0.04967257528161126,0.00805725317782858,0.00192913069532324,0.08418887062074785,0.08418887062074785,0,0,0,0,0,0,0,0,0,0,1,P,0.4486529493960002,0.4486529493960002,0,0,0,0,0,0.1422734865027116,0.03627746556510604,0.24091199011581463,0.01911506633562095,0.01007494087674703,0,0,0,0,0,-0.11774357503672683,-0.03627746556510604,-0.19123941483420337,-0.01105781315779237,-0.00814581018142379,0,-0.3644640787752524,-0.3644640787752524,-0.3644640787752524,0,0,0,0,0,-6.377952755905516,-4.025229357798171,-5.215319006605902,-0.7790968804553904,-0.585851415799659,-16.98344941656464,-16.98344941656464
Bobby Miller,LAD,pitcher,NA,NA,NA,NA,NA,NA,NA,NA,NA,22,1,0,21,4.56481,1.3657,0,0,0,0,0,0,0.02452991146598476,0,0.05795133782854647,0.00399198535815715,0.0021659663022047,0.08863920095489311,0.08863920095489311,0,0,0,0,0,0,0,0,0,1,1,P,0.4486529493960002,0.4486529493960002,0,0,0,0,0,0.1422734865027116,0.03627746556510604,0.24091199011581463,0.01911506633562095,0.01007494087674703,0,0,0,0,0,-0.11774357503672683,-0.03627746556510604,-0.18296065228726816,-0.015123080977463801,-0.00790897457454233,0,-0.3600137484411071,-0.3600137484411071,-0.3600137484411071,0,0,0,0,0,-6.377952755905516,-4.025229357798171,-4.989547621038547,-1.06552218275757,-0.5688180609199087,-17.02706997841971,-17.02706997841971
Julian Aguiar,CIN,pitcher,NA,NA,NA,NA,NA,NA,NA,NA,NA,33,1,0,24,5.02381,1.36848,0,0,0,0,0,0,0.02452991146598476,0,0.06623010037548169,-7.729258719999706e-4,0.00301413281132512,0.0930012187807916,0.0930012187807916,0,0,0,0,0,0,0,0,0,1,0,P,0.4486529493960002,0.4486529493960002,0,0,0,0,0,0.1422734865027116,0.03627746556510604,0.24091199011581463,0.01911506633562095,0.01007494087674703,0,0,0,0,0,-0.11774357503672683,-0.03627746556510604,-0.17468188974033294,-0.01988799220762092,-0.00706080806542191,0,-0.35565173061520866,-0.35565173061520866,-0.35565173061520866,0,0,0,0,0,-6.377952755905516,-4.025229357798171,-4.763776235471192,-1.4012420418371399,-0.5078174312544627,-17.07601782226648,-17.07601782226648
Yilber Diaz,ARI,pitcher,NA,NA,NA,NA,NA,NA,NA,NA,NA,23,1,0,22,4.3032,1.45412,0,0,0,0,0,0,0.02452991146598476,0,0.06071092534419154,0.00685915665069558,-0.00294091327761642,0.08915908018325547,0.08915908018325547,0,0,0,0,0,0,0,0,0,1,1,P,0.4486529493960002,0.4486529493960002,0,0,0,0,0,0.1422734865027116,0.03627746556510604,0.24091199011581463,0.01911506633562095,0.01007494087674703,0,0,0,0,0,-0.11774357503672683,-0.03627746556510604,-0.1802010647716231,-0.012255909684925372,-0.01301585415436345,0,-0.3594938692127448,-0.3594938692127448,-0.3594938692127448,0,0,0,0,0,-6.377952755905516,-4.025229357798171,-4.914290492516096,-0.8635107924517216,-0.936107816698827,-17.117091215370326,-17.117091215370326
Riley Martin,CHC,pitcher,NA,NA,NA,NA,NA,NA,NA,NA,NA,20,1,0,20,4.15889,1.4355,0,0,0,0,0,0,0.02452991146598476,0,0.0551917503129014,0.00725274712342794,-0.00160412516462731,0.08537028373768678,0.08537028373768678,0,0,0,0,0,0,0,0,0,0,1,P,0.4486529493960002,0.4486529493960002,0,0,0,0,0,0.1422734865027116,0.03627746556510604,0.24091199011581463,0.01911506633562095,0.01007494087674703,0,0,0,0,0,-0.11774357503672683,-0.03627746556510604,-0.18572023980291325,-0.011862319212193011,-0.01167906604137434,0,-0.36328266565831346,-0.36328266565831346,-0.36328266565831346,0,0,0,0,0,-6.377952755905516,-4.025229357798171,-5.064804749560999,-0.835779711712068,-0.8399652365040676,-17.14373181148082,-17.14373181148082
Scott Blewett,STL,pitcher,NA,NA,NA,NA,NA,NA,NA,NA,NA,24,1,0,18,4.37214,1.39105,0,0,0,0,0,0,0.02452991146598476,0,0.04967257528161126,0.00641886357739535,8.056187327538438e-4,0.08142696905774521,0.08142696905774521,0,0,0,0,0,0,0,0,0,0,1,P,0.4486529493960002,0.4486529493960002,0,0,0,0,0,0.1422734865027116,0.03627746556510604,0.24091199011581463,0.01911506633562095,0.01007494087674703,0,0,0,0,0,-0.11774357503672683,-0.03627746556510604,-0.19123941483420337,-0.0126962027582256,-0.009269322143993185,0,-0.367225980338255,-0.367225980338255,-0.367225980338255,0,0,0,0,0,-6.377952755905516,-4.025229357798171,-5.215319006605902,-0.8945323837012168,-0.6666550509543498,-17.179688554965157,-17.179688554965157
Logan Gillaspie,SDP,pitcher,NA,NA,NA,NA,NA,NA,NA,NA,NA,24,1,0,18,4.51227,1.37488,0,0,0,0,0,0,0.02452991146598476,0,0.04967257528161126,0.00491772598214687,0.0017989438081882,0.08091915653793111,0.08091915653793111,0,0,0,0,0,0,0,0,0,1,1,P,0.4486529493960002,0.4486529493960002,0,0,0,0,0,0.1422734865027116,0.03627746556510604,0.24091199011581463,0.01911506633562095,0.01007494087674703,0,0,0,0,0,-0.11774357503672683,-0.03627746556510604,-0.19123941483420337,-0.014197340353474081,-0.00827599706855883,0,-0.3677337928580691,-0.3677337928580691,-0.3677337928580691,0,0,0,0,0,-6.377952755905516,-4.025229357798171,-5.215319006605902,-1.0002975653789554,-0.5952145325981016,-17.214013218286645,-17.214013218286645
Brycen Mautz,STL,pitcher,NA,NA,NA,NA,NA,NA,NA,NA,NA,18,1,0,15,4.22146,1.32382,0,0,0,0,0,0,0.02452991146598476,0,0.04139381273467605,0.00602476325172581,0.00370167438451217,0.0756501618368988,0.0756501618368988,0,0,0,0,0,0,0,0,0,1,0,P,0.4486529493960002,0.4486529493960002,0,0,0,0,0,0.1422734865027116,0.03627746556510604,0.24091199011581463,0.01911506633562095,0.01007494087674703,0,0,0,0,0,-0.11774357503672683,-0.03627746556510604,-0.19951817738113858,-0.013090303083895142,-0.00637326649223486,0,-0.37300278755910143,-0.37300278755910143,-0.37300278755910143,0,0,0,0,0,-6.377952755905516,-4.025229357798171,-5.441090392173257,-0.9222993869896764,-0.4583690405969782,-17.224940933463596,-17.224940933463596
Orlando Ribalta,WSN,pitcher,NA,NA,NA,NA,NA,NA,NA,NA,NA,32,1,0,29,4.80522,1.49637,0,0,0,0,0,0,0.02452991146598476,0,0.08002803795370703,0.00237267949618399,-0.00755226897844722,0.09937835993742856,0.09937835993742856,0,0,0,0,0,0,0,0,0,0,1,P,0.4486529493960002,0.4486529493960002,0,0,0,0,0,0.1422734865027116,0.03627746556510604,0.24091199011581463,0.01911506633562095,0.01007494087674703,0,0,0,0,0,-0.11774357503672683,-0.03627746556510604,-0.1608839521621076,-0.016742386839436962,-0.01762720985519425,0,-0.34927458945857165,-0.34927458945857165,-0.34927458945857165,0,0,0,0,0,-6.377952755905516,-4.025229357798171,-4.387490592858934,-1.1796131090161113,-1.2677592062988916,-17.238045021877625,-17.238045021877625
Garrett Acton,MIA,pitcher,NA,NA,NA,NA,NA,NA,NA,NA,NA,22,1,0,21,4.65449,1.41501,0,0,0,0,0,0,0.02452991146598476,0,0.05795133782854647,0.00311134939217275,-6.107264114953609e-4,0.08498187227520863,0.08498187227520863,0,0,0,0,0,0,0,0,0,0,1,P,0.4486529493960002,0.4486529493960002,0,0,0,0,0,0.1422734865027116,0.03627746556510604,0.24091199011581463,0.01911506633562095,0.01007494087674703,0,0,0,0,0,-0.11774357503672683,-0.03627746556510604,-0.18296065228726816,-0.016003716943448203,-0.010685667288242391,0,-0.3636710771207916,-0.3636710771207916,-0.3636710771207916,0,0,0,0,0,-6.377952755905516,-4.025229357798171,-4.989547621038547,-1.127568875365301,-0.7685194192048675,-17.288818029312402,-17.288818029312402
Carson Seymour,SFG,pitcher,NA,NA,NA,NA,NA,NA,NA,NA,NA,16,1,0,13,3.98225,1.33873,0,0,0,0,0,0,0.02452991146598476,0,0.03587463770338591,0.00706369747192769,0.00267976181634121,0.07014800845763958,0.07014800845763958,0,0,0,0,0,0,0,0,0,0,1,P,0.4486529493960002,0.4486529493960002,0,0,0,0,0,0.1422734865027116,0.03627746556510604,0.24091199011581463,0.01911506633562095,0.01007494087674703,0,0,0,0,0,-0.11774357503672683,-0.03627746556510604,-0.2050373524124287,-0.01205136886369326,-0.00739517906040582,0,-0.3785049409383606,-0.3785049409383606,-0.3785049409383606,0,0,0,0,0,-6.377952755905516,-4.025229357798171,-5.59160464921816,-0.8490995238334393,-0.5318655880922426,-17.375751874847527,-17.375751874847527
Zach Pop,PHI,pitcher,NA,NA,NA,NA,NA,NA,NA,NA,NA,24,1,0,19,4.65254,1.40744,0,0,0,0,0,0,0.02452991146598476,0,0.05243216279725633,0.00341508864192347,-2.0122096955719687e-4,0.08017594193560736,0.08017594193560736,0,0,0,0,0,0,0,0,0,0,1,P,0.4486529493960002,0.4486529493960002,0,0,0,0,0,0.1422734865027116,0.03627746556510604,0.24091199011581463,0.01911506633562095,0.01007494087674703,0,0,0,0,0,-0.11774357503672683,-0.03627746556510604,-0.1884798273185583,-0.015699977693697482,-0.010276161846304227,0,-0.3684770074603928,-0.3684770074603928,-0.3684770074603928,0,0,0,0,0,-6.377952755905516,-4.025229357798171,-5.140061878083451,-1.106168414118957,-0.7390675491521818,-17.388479955058276,-17.388479955058276
Landon Knack,LAD,pitcher,NA,NA,NA,NA,NA,NA,NA,NA,NA,23,1,0,20,4.94047,1.37468,0,0,0,0,0,0,0.02452991146598476,0,0.0551917503129014,3.1687181624067085e-4,0.00173576192292897,0.0817742955180558,0.0817742955180558,0,0,0,0,0,0,0,0,0,1,0,P,0.4486529493960002,0.4486529493960002,0,0,0,0,0,0.1422734865027116,0.03627746556510604,0.24091199011581463,0.01911506633562095,0.01007494087674703,0,0,0,0,0,-0.11774357503672683,-0.03627746556510604,-0.18572023980291325,-0.01879819451938028,-0.00833917895381806,0,-0.3668786538779445,-0.3668786538779445,-0.3668786538779445,0,0,0,0,0,-6.377952755905516,-4.025229357798171,-5.064804749560999,-1.3244585072340567,-0.5997586106096938,-17.392203981108434,-17.392203981108434
Chris Devenski,PIT,pitcher,NA,NA,NA,NA,NA,NA,NA,NA,NA,18,1,0,15,4.42612,1.34385,0,0,0,0,0,0,0.02452991146598476,0,0.04139381273467605,0.00438045357369352,0.00277884037426401,0.07308301814861834,0.07308301814861834,0,0,0,0,0,0,0,0,0,0,1,P,0.4486529493960002,0.4486529493960002,0,0,0,0,0,0.1422734865027116,0.03627746556510604,0.24091199011581463,0.01911506633562095,0.01007494087674703,0,0,0,0,0,-0.11774357503672683,-0.03627746556510604,-0.19951817738113858,-0.014734612761927432,-0.00729610050248302,0,-0.3755699312473819,-0.3755699312473819,-0.3755699312473819,0,0,0,0,0,-6.377952755905516,-4.025229357798171,-5.441090392173257,-1.0381519992898578,-0.5247398004613412,-17.407164305628143,-17.407164305628143
Rolddy Munoz,ATL,pitcher,NA,NA,NA,NA,NA,NA,NA,NA,NA,24,1,0,21,4.49265,1.47633,0,0,0,0,0,0,0.02452991146598476,0,0.05795133782854647,0.00512790452791704,-0.00443314208561619,0.08317601173683209,0.08317601173683209,0,0,0,0,0,0,0,0,0,0,1,P,0.4486529493960002,0.4486529493960002,0,0,0,0,0,0.1422734865027116,0.03627746556510604,0.24091199011581463,0.01911506633562095,0.01007494087674703,0,0,0,0,0,-0.11774357503672683,-0.03627746556510604,-0.18296065228726816,-0.013987161807703912,-0.014508082962363219,0,-0.36547693765916817,-0.36547693765916817,-0.36547693765916817,0,0,0,0,0,-6.377952755905516,-4.025229357798171,-4.989547621038547,-0.9854890813675579,-1.0434297822729006,-17.421648598382692,-17.421648598382692
Jhony Brito,SDP,pitcher,NA,NA,NA,NA,NA,NA,NA,NA,NA,16,1,0,13,4.17698,1.32706,0,0,0,0,0,0,0.02452991146598476,0,0.03587463770338591,0.00567300538161756,0.00315768816679757,0.06923524271778582,0.06923524271778582,0,0,0,0,0,0,0,0,0,0,1,P,0.4486529493960002,0.4486529493960002,0,0,0,0,0,0.1422734865027116,0.03627746556510604,0.24091199011581463,0.01911506633562095,0.01007494087674703,0,0,0,0,0,-0.11774357503672683,-0.03627746556510604,-0.2050373524124287,-0.013442060954003392,-0.00691725270994946,0,-0.37941770667821445,-0.37941770667821445,-0.37941770667821445,0,0,0,0,0,-6.377952755905516,-4.025229357798171,-5.59160464921816,-0.9470830811402551,-0.4974928464217655,-17.439362690483865,-17.439362690483865
Kohl Drake,ARI,pitcher,NA,NA,NA,NA,NA,NA,NA,NA,NA,17,1,0,15,4.31973,1.37314,0,0,0,0,0,0,0.02452991146598476,0,0.04139381273467605,0.00494438187336328,0.00134996448970368,0.07221807056372778,0.07221807056372778,0,0,0,0,0,0,0,0,0,1,0,P,0.4486529493960002,0.4486529493960002,0,0,0,0,0,0.1422734865027116,0.03627746556510604,0.24091199011581463,0.01911506633562095,0.01007494087674703,0,0,0,0,0,-0.11774357503672683,-0.03627746556510604,-0.19951817738113858,-0.01417068446225767,-0.00872497638704335,0,-0.37643487883227245,-0.37643487883227245,-0.37643487883227245,0,0,0,0,0,-6.377952755905516,-4.025229357798171,-5.441090392173257,-0.9984194795950742,-0.6275053868582172,-17.470197372330237,-17.470197372330237
T.J. McFarland,NA,pitcher,NA,NA,NA,NA,NA,NA,NA,NA,NA,24,1,0,16,4.3459,1.42783,0,0,0,0,0,0,0.02452991146598476,0,0.04415340025032112,0.00669995863555077,-0.00145378116053473,0.0739294891913219,0.0739294891913219,0,0,0,0,0,0,0,0,0,0,0,P,0.4486529493960002,0.4486529493960002,0,0,0,0,0,0.1422734865027116,0.03627746556510604,0.24091199011581463,0.01911506633562095,0.01007494087674703,0,0,0,0,0,-0.11774357503672683,-0.03627746556510604,-0.1967585898654935,-0.01241510770007018,-0.01152872203728176,0,-0.37472346020467834,-0.37472346020467834,-0.37472346020467834,0,0,0,0,0,-6.377952755905516,-4.025229357798171,-5.365833263650805,-0.8747273571742505,-0.8291524081060417,-17.47289514263478,-17.47289514263478
Scott McGough,NA,pitcher,NA,NA,NA,NA,NA,NA,NA,NA,NA,24,1,0,21,4.8062,1.43443,0,0,0,0,0,0,0.02452991146598476,0,0.05795133782854647,0.0017690114073136,-0.00185921996683449,0.08239104073501034,0.08239104073501034,0,0,0,0,0,0,0,0,0,0,0,P,0.4486529493960002,0.4486529493960002,0,0,0,0,0,0.1422734865027116,0.03627746556510604,0.24091199011581463,0.01911506633562095,0.01007494087674703,0,0,0,0,0,-0.11774357503672683,-0.03627746556510604,-0.18296065228726816,-0.01734605492830735,-0.01193416084358152,0,-0.3662619086609899,-0.3662619086609899,-0.3662619086609899,0,0,0,0,0,-6.377952755905516,-4.025229357798171,-4.989547621038547,-1.2221455625996624,-0.8583118033534917,-17.473187100695387,-17.473187100695387
Alan Rangel,PHI,pitcher,NA,NA,NA,NA,NA,NA,NA,NA,NA,20,1,0,16,4.77766,1.3388,0,0,0,0,0,0,0.02452991146598476,0,0.04415340025032112,0.00172895427742837,0.00334611884663345,0.0737583848403677,0.0737583848403677,0,0,0,0,0,0,0,0,0,1,0,P,0.4486529493960002,0.4486529493960002,0,0,0,0,0,0.1422734865027116,0.03627746556510604,0.24091199011581463,0.01911506633562095,0.01007494087674703,0,0,0,0,0,-0.11774357503672683,-0.03627746556510604,-0.1967585898654935,-0.01738611205819258,-0.006728822030113581,0,-0.3748945645556325,-0.3748945645556325,-0.3748945645556325,0,0,0,0,0,-6.377952755905516,-4.025229357798171,-5.365833263650805,-1.2249678552617145,-0.4839408021065557,-17.47792403472276,-17.47792403472276
Tink Hence,STL,pitcher,NA,NA,NA,NA,NA,NA,NA,NA,NA,16,1,0,14,4.2424,1.3579,0,0,0,0,0,0,0.02452991146598476,0,0.03863422521903098,0.00520579911371797,0.00189468485505169,0.07026462065378543,0.07026462065378543,0,0,0,0,0,0,0,0,0,1,0,P,0.4486529493960002,0.4486529493960002,0,0,0,0,0,0.1422734865027116,0.03627746556510604,0.24091199011581463,0.01911506633562095,0.01007494087674703,0,0,0,0,0,-0.11774357503672683,-0.03627746556510604,-0.20227776489678365,-0.013909267221902982,-0.00818025602169534,0,-0.37838832874221484,-0.37838832874221484,-0.37838832874221484,0,0,0,0,0,-6.377952755905516,-4.025229357798171,-5.516347520695708,-0.9800008869175455,-0.5883287807077583,-17.4878593020247,-17.4878593020247
Lou Trivino,PHI,pitcher,NA,NA,NA,NA,NA,NA,NA,NA,NA,20,1,0,18,4.59325,1.42104,0,0,0,0,0,0,0.02452991146598476,0,0.04967257528161126,0.00337519219899984,-8.63892192519451e-4,0.07671378675407642,0.07671378675407642,0,0,0,0,0,0,0,0,0,0,1,P,0.4486529493960002,0.4486529493960002,0,0,0,0,0,0.1422734865027116,0.03627746556510604,0.24091199011581463,0.01911506633562095,0.01007494087674703,0,0,0,0,0,-0.11774357503672683,-0.03627746556510604,-0.19123941483420337,-0.01573987413662111,-0.010938833069266482,0,-0.3719391626419238,-0.3719391626419238,-0.3719391626419238,0,0,0,0,0,-6.377952755905516,-4.025229357798171,-5.215319006605902,-1.108979385310052,-0.7867272497265292,-17.514207755346167,-17.514207755346167
Grant Holman,ARI,pitcher,NA,NA,NA,NA,NA,NA,NA,NA,NA,17,1,0,15,4.39397,1.37866,0,0,0,0,0,0,0.02452991146598476,0,0.04139381273467605,0.00438104909421439,0.00110977271203217,0.07141454600690737,0.07141454600690737,0,0,0,0,0,0,0,0,0,0,1,P,0.4486529493960002,0.4486529493960002,0,0,0,0,0,0.1422734865027116,0.03627746556510604,0.24091199011581463,0.01911506633562095,0.01007494087674703,0,0,0,0,0,-0.11774357503672683,-0.03627746556510604,-0.19951817738113858,-0.01473401724140656,-0.00896516816471486,0,-0.37723840338909287,-0.37723840338909287,-0.37723840338909287,0,0,0,0,0,-6.377952755905516,-4.025229357798171,-5.441090392173257,-1.0381100408869226,-0.6447801194972359,-17.527162666261102,-17.527162666261102
Joey Gerber,NYM,pitcher,NA,NA,NA,NA,NA,NA,NA,NA,NA,14,1,0,13,4.33334,1.30402,0,0,0,0,0,0,0.02452991146598476,0,0.03587463770338591,0.00398679585775849,0.00358859798786736,0.06797994301499652,0.06797994301499652,0,0,0,0,0,0,0,0,0,1,1,P,0.4486529493960002,0.4486529493960002,0,0,0,0,0,0.1422734865027116,0.03627746556510604,0.24091199011581463,0.01911506633562095,0.01007494087674703,0,0,0,0,0,-0.11774357503672683,-0.03627746556510604,-0.2050373524124287,-0.01512827047786246,-0.00648634288887967,0,-0.3806730063810037,-0.3806730063810037,-0.3806730063810037,0,0,0,0,0,-6.377952755905516,-4.025229357798171,-5.59160464921816,-1.0658878177627942,-0.4665015609470052,-17.527176141631646,-17.527176141631646
Bryse Wilson,PHI,pitcher,NA,NA,NA,NA,NA,NA,NA,NA,NA,29,1,0,20,5.00722,1.39623,0,0,0,0,0,0,0.02452991146598476,0,0.0551917503129014,-4.6449315391953826e-4,5.889545957495952e-4,0.0798461232207162,0.0798461232207162,0,0,0,0,0,0,0,0,0,1,1,P,0.4486529493960002,0.4486529493960002,0,0,0,0,0,0.1422734865027116,0.03627746556510604,0.24091199011581463,0.01911506633562095,0.01007494087674703,0,0,0,0,0,-0.11774357503672683,-0.03627746556510604,-0.18572023980291325,-0.019579559489540488,-0.009485986280997435,0,-0.36880682617528404,-0.36880682617528404,-0.36880682617528404,0,0,0,0,0,-6.377952755905516,-4.025229357798171,-5.064804749560999,-1.3795108943617906,-0.682237661964169,-17.529735419590644,-17.529735419590644
Josh Ekness,MIA,pitcher,NA,NA,NA,NA,NA,NA,NA,NA,NA,20,1,0,18,4.58946,1.42966,0,0,0,0,0,0,0.02452991146598476,0,0.04967257528161126,0.00340902573146965,-0.00130516523674972,0.07630634724231594,0.07630634724231594,0,0,0,0,0,0,0,0,0,0,1,P,0.4486529493960002,0.4486529493960002,0,0,0,0,0,0.1422734865027116,0.03627746556510604,0.24091199011581463,0.01911506633562095,0.01007494087674703,0,0,0,0,0,-0.11774357503672683,-0.03627746556510604,-0.19123941483420337,-0.015706040604151303,-0.01138010611349675,0,-0.3723466021536843,-0.3723466021536843,-0.3723466021536843,0,0,0,0,0,-6.377952755905516,-4.025229357798171,-5.215319006605902,-1.106595586703052,-0.8184638642508982,-17.543560571263537,-17.543560571263537
Thomas Harrington,PIT,pitcher,NA,NA,NA,NA,NA,NA,NA,NA,NA,18,1,0,14,4.56993,1.34043,0,0,0,0,0,0,0.02452991146598476,0,0.03863422521903098,0.00322503397632312,0.00293640863762141,0.06932557929896029,0.06932557929896029,0,0,0,0,0,0,0,0,0,1,0,P,0.4486529493960002,0.4486529493960002,0,0,0,0,0,0.1422734865027116,0.03627746556510604,0.24091199011581463,0.01911506633562095,0.01007494087674703,0,0,0,0,0,-0.11774357503672683,-0.03627746556510604,-0.20227776489678365,-0.015890032359297833,-0.00713853223912562,0,-0.37932737009703993,-0.37932737009703993,-0.37932737009703993,0,0,0,0,0,-6.377952755905516,-4.025229357798171,-5.516347520695708,-1.1195590362042,-0.5134073991265372,-17.552496069730132,-17.552496069730132
Jack Neely,CHC,pitcher,NA,NA,NA,NA,NA,NA,NA,NA,NA,16,1,0,16,4.46602,1.39456,0,0,0,0,0,0,0.02452991146598476,0,0.04415340025032112,0.00360878496471601,3.9333266929931463e-4,0.07268542935032121,0.07268542935032121,0,0,0,0,0,0,0,0,0,0,1,P,0.4486529493960002,0.4486529493960002,0,0,0,0,0,0.1422734865027116,0.03627746556510604,0.24091199011581463,0.01911506633562095,0.01007494087674703,0,0,0,0,0,-0.11774357503672683,-0.03627746556510604,-0.1967585898654935,-0.01550628137090494,-0.009681608207447715,0,-0.375967520045679,-0.375967520045679,-0.375967520045679,0,0,0,0,0,-6.377952755905516,-4.025229357798171,-5.365833263650805,-1.092521212932798,-0.6963069049270981,-17.557843495214385,-17.557843495214385
Ryan Harbin,PIT,pitcher,NA,NA,NA,NA,NA,NA,NA,NA,NA,26,1,0,25,4.59555,1.5557,0,0,0,0,0,0,0.02452991146598476,0,0.06898968789112675,0.00436105796896769,-0.01008458845547992,0.08779606887059928,0.08779606887059928,0,0,0,0,0,0,0,0,0,0,1,P,0.4486529493960002,0.4486529493960002,0,0,0,0,0,0.1422734865027116,0.03627746556510604,0.24091199011581463,0.01911506633562095,0.01007494087674703,0,0,0,0,0,-0.11774357503672683,-0.03627746556510604,-0.17192230222468788,-0.014754008366653262,-0.02015952933222695,0,-0.3608568805254009,-0.3608568805254009,-0.3608568805254009,0,0,0,0,0,-6.377952755905516,-4.025229357798171,-4.68851910694874,-1.0395185493410126,-1.4498850989768068,-17.581104868970243,-17.581104868970243
Zack Thompson,STL,pitcher,NA,NA,NA,NA,NA,NA,NA,NA,NA,14,1,0,14,4.14801,1.38772,0,0,0,0,0,0,0.02452991146598476,0,0.03863422521903098,0.00514491142526235,5.892722730817446e-4,0.06889832038335984,0.06889832038335984,0,0,0,0,0,0,0,0,0,1,0,P,0.4486529493960002,0.4486529493960002,0,0,0,0,0,0.1422734865027116,0.03627746556510604,0.24091199011581463,0.01911506633562095,0.01007494087674703,0,0,0,0,0,-0.11774357503672683,-0.03627746556510604,-0.20227776489678365,-0.013970154910358601,-0.009485668603665285,0,-0.37975462901264034,-0.37975462901264034,-0.37975462901264034,0,0,0,0,0,-6.377952755905516,-4.025229357798171,-5.516347520695708,-0.9842908317246237,-0.6822148144252916,-17.586035280549307,-17.586035280549307
James Karinchak,ATL,pitcher,NA,NA,NA,NA,NA,NA,NA,NA,NA,14,1,0,16,4.39233,1.40785,0,0,0,0,0,0,0.02452991146598476,0,0.04415340025032112,0.00361817104079926,-1.3207093645988414e-4,0.07216941182064525,0.07216941182064525,0,0,0,0,0,0,0,0,0,0,1,P,0.4486529493960002,0.4486529493960002,0,0,0,0,0,0.1422734865027116,0.03627746556510604,0.24091199011581463,0.01911506633562095,0.01007494087674703,0,0,0,0,0,-0.11774357503672683,-0.03627746556510604,-0.1967585898654935,-0.015496895294821691,-0.010207011813206913,0,-0.37648353757535497,-0.37648353757535497,-0.37648353757535497,0,0,0,0,0,-6.377952755905516,-4.025229357798171,-5.365833263650805,-1.0918599011081338,-0.734094238469711,-17.594969516932338,-17.594969516932338
William Kempner,MIA,pitcher,NA,NA,NA,NA,NA,NA,NA,NA,NA,24,1,0,22,4.78832,1.48765,0,0,0,0,0,0,0.02452991146598476,0,0.06071092534419154,0.00196055026553841,-0.00512853106854242,0.08207285600717229,0.08207285600717229,0,0,0,0,0,0,0,0,0,0,1,P,0.4486529493960002,0.4486529493960002,0,0,0,0,0,0.1422734865027116,0.03627746556510604,0.24091199011581463,0.01911506633562095,0.01007494087674703,0,0,0,0,0,-0.11774357503672683,-0.03627746556510604,-0.1802010647716231,-0.017154516070082542,-0.01520347194528945,0,-0.36658009338882797,-0.36658009338882797,-0.36658009338882797,0,0,0,0,0,-6.377952755905516,-4.025229357798171,-4.914290492516096,-1.2086503692192447,-1.0934425632124647,-17.619565538651493,-17.619565538651493
JR Ritchie,ATL,pitcher,NA,NA,NA,NA,NA,NA,NA,NA,NA,17,1,0,14,4.49389,1.37314,0,0,0,0,0,0,0.02452991146598476,0,0.03863422521903098,0.00362285659296766,0.00134996448970368,0.0681369577676871,0.0681369577676871,0,0,0,0,0,0,0,0,0,1,0,P,0.4486529493960002,0.4486529493960002,0,0,0,0,0,0.1422734865027116,0.03627746556510604,0.24091199011581463,0.01911506633562095,0.01007494087674703,0,0,0,0,0,-0.11774357503672683,-0.03627746556510604,-0.20227776489678365,-0.015492209742653291,-0.00872497638704335,0,-0.3805159916283131,-0.3805159916283131,-0.3805159916283131,0,0,0,0,0,-6.377952755905516,-4.025229357798171,-5.516347520695708,-1.0915297726256281,-0.6275053868582172,-17.63856479388324,-17.63856479388324
Carson Palmquist,COL,pitcher,NA,NA,NA,NA,NA,NA,NA,NA,NA,26,1,0,25,5.12292,1.48375,0,0,0,0,0,0,0.02452991146598476,0,0.06898968789112675,-0.00175916024321652,-0.00529636639143362,0.08646407272246137,0.08646407272246137,0,0,0,0,0,0,0,0,0,1,0,P,0.4486529493960002,0.4486529493960002,0,0,0,0,0,0.1422734865027116,0.03627746556510604,0.24091199011581463,0.01911506633562095,0.01007494087674703,0,0,0,0,0,-0.11774357503672683,-0.03627746556510604,-0.17192230222468788,-0.02087422657883747,-0.01537130726818065,0,-0.36218887667353883,-0.36218887667353883,-0.36218887667353883,0,0,0,0,0,-6.377952755905516,-4.025229357798171,-4.68851910694874,-1.4707288482289833,-1.1055133774528005,-17.66794344633421,-17.66794344633421
Lyon Richardson,CIN,pitcher,NA,NA,NA,NA,NA,NA,NA,NA,NA,18,1,0,16,4.5834,1.43878,0,0,0,0,0,0,0.02452991146598476,0,0.04415340025032112,0.00311681130768687,-0.00159483074869448,0.07020529227529826,0.07020529227529826,0,0,0,0,0,0,0,0,0,0,1,P,0.4486529493960002,0.4486529493960002,0,0,0,0,0,0.1422734865027116,0.03627746556510604,0.24091199011581463,0.01911506633562095,0.01007494087674703,0,0,0,0,0,-0.11774357503672683,-0.03627746556510604,-0.1967585898654935,-0.01599825502793408,-0.01166977162544151,0,-0.37844765712070194,-0.37844765712070194,-0.37844765712070194,0,0,0,0,0,-6.377952755905516,-4.025229357798171,-5.365833263650805,-1.1271840468935552,-0.839296776693195,-17.735496200941242,-17.735496200941242
Genesis Cabrera,PHI,pitcher,NA,NA,NA,NA,NA,NA,NA,NA,NA,16,1,0,15,4.6773,1.40342,0,0,0,0,0,0,0.02452991146598476,0,0.04139381273467605,0.00209989868709714,3.048541436843732e-5,0.0680541083021264,0.0680541083021264,0,0,0,0,0,0,0,0,0,0,1,P,0.4486529493960002,0.4486529493960002,0,0,0,0,0,0.1422734865027116,0.03627746556510604,0.24091199011581463,0.01911506633562095,0.01007494087674703,0,0,0,0,0,-0.11774357503672683,-0.03627746556510604,-0.19951817738113858,-0.017015167648523812,-0.010044455462378593,0,-0.3805988410938738,-0.3805988410938738,-0.3805988410938738,0,0,0,0,0,-6.377952755905516,-4.025229357798171,-5.441090392173257,-1.1988323410988941,-0.7224030909768347,-17.76550793795267,-17.76550793795267
Gabriel Hughes,COL,pitcher,NA,NA,NA,NA,NA,NA,NA,NA,NA,30,1,0,22,4.98616,1.47151,0,0,0,0,0,0,0.02452991146598476,0,0.06071092534419154,-1.9850454162262084e-4,-0.00517131112096632,0.07987102114758736,0.07987102114758736,0,0,0,0,0,0,0,0,0,1,0,P,0.4486529493960002,0.4486529493960002,0,0,0,0,0,0.1422734865027116,0.03627746556510604,0.24091199011581463,0.01911506633562095,0.01007494087674703,0,0,0,0,0,-0.11774357503672683,-0.03627746556510604,-0.1802010647716231,-0.01931357087724357,-0.01524625199771335,0,-0.3687819282484129,-0.3687819282484129,-0.3687819282484129,0,0,0,0,0,-6.377952755905516,-4.025229357798171,-4.914290492516096,-1.3607702179622123,-1.0965193295159172,-17.77476215369791,-17.77476215369791
Sammy Peralta,MIL,pitcher,NA,NA,NA,NA,NA,NA,NA,NA,NA,10,1,0,9,4.0738,1.27218,0,0,0,0,0,0,0.02452991146598476,0,0.02483628764080563,0.00400617504955768,0.00337825723112537,0.05675063138747344,0.05675063138747344,0,0,0,0,0,0,0,0,0,1,1,P,0.4486529493960002,0.4486529493960002,0,0,0,0,0,0.1422734865027116,0.03627746556510604,0.24091199011581463,0.01911506633562095,0.01007494087674703,0,0,0,0,0,-0.11774357503672683,-0.03627746556510604,-0.216075702475009,-0.015108891286063271,-0.0066966836456216604,0,-0.3919023180085268,-0.3919023180085268,-0.3919023180085268,0,0,0,0,0,-6.377952755905516,-4.025229357798171,-5.892633163307967,-1.0645224241120743,-0.48162939076296185,-17.841967091886687,-17.841967091886687
Collin Snider,CHC,pitcher,NA,NA,NA,NA,NA,NA,NA,NA,NA,14,1,0,11,4.43286,1.35239,0,0,0,0,0,0,0.02452991146598476,0,0.03035546267209577,0.00336490160816055,0.00185529589916747,0.06010557164540856,0.06010557164540856,0,0,0,0,0,0,0,0,0,0,1,P,0.4486529493960002,0.4486529493960002,0,0,0,0,0,0.1422734865027116,0.03627746556510604,0.24091199011581463,0.01911506633562095,0.01007494087674703,0,0,0,0,0,-0.11774357503672683,-0.03627746556510604,-0.21055652744371886,-0.0157501647274604,-0.00821964497757956,0,-0.38854737775059167,-0.38854737775059167,-0.38854737775059167,0,0,0,0,0,-6.377952755905516,-4.025229357798171,-5.742118906263064,-1.1097044262477609,-0.5911616573716738,-17.846167103586186,-17.846167103586186
Ronan Kopp,LAD,pitcher,NA,NA,NA,NA,NA,NA,NA,NA,NA,16,1,0,17,4.53184,1.50762,0,0,0,0,0,0,0.02452991146598476,0,0.04691298776596619,0.00313872203972134,-0.00423686040547332,0.07034476086619897,0.07034476086619897,0,0,0,0,0,0,0,0,0,0,1,P,0.4486529493960002,0.4486529493960002,0,0,0,0,0,0.1422734865027116,0.03627746556510604,0.24091199011581463,0.01911506633562095,0.01007494087674703,0,0,0,0,0,-0.11774357503672683,-0.03627746556510604,-0.19399900234984843,-0.01597634429589961,-0.01431180128222035,0,-0.3783081885298013,-0.3783081885298013,-0.3783081885298013,0,0,0,0,0,-6.377952755905516,-4.025229357798171,-5.290576135128354,-1.125640289304875,-1.029313089439882,-17.848711627576797,-17.848711627576797
Spencer Turnbull,NA,pitcher,NA,NA,NA,NA,NA,NA,NA,NA,NA,25,1,0,18,4.90231,1.46646,0,0,0,0,0,0,0.02452991146598476,0,0.04967257528161126,7.702463354528156e-4,-0.0039862778956579,0.07098645518739094,0.07098645518739094,0,0,0,0,0,0,0,0,0,0,0,P,0.4486529493960002,0.4486529493960002,0,0,0,0,0,0.1422734865027116,0.03627746556510604,0.24091199011581463,0.01911506633562095,0.01007494087674703,0,0,0,0,0,-0.11774357503672683,-0.03627746556510604,-0.19123941483420337,-0.018344820000168134,-0.01406121877240493,0,-0.37766649420860926,-0.37766649420860926,-0.37766649420860926,0,0,0,0,0,-6.377952755905516,-4.025229357798171,-5.215319006605902,-1.2925152406445655,-1.0112910492891336,-17.922307410243288,-17.922307410243288
McCade Brown,COL,pitcher,NA,NA,NA,NA,NA,NA,NA,NA,NA,23,1,0,21,5.25703,1.4659,0,0,0,0,0,0,0.02452991146598476,0,0.05795133782854647,-0.00293296841975827,-0.00363440816510917,0.0759138727096638,0.0759138727096638,0,0,0,0,0,0,0,0,0,1,0,P,0.4486529493960002,0.4486529493960002,0,0,0,0,0,0.1422734865027116,0.03627746556510604,0.24091199011581463,0.01911506633562095,0.01007494087674703,0,0,0,0,0,-0.11774357503672683,-0.03627746556510604,-0.18296065228726816,-0.022048034755379222,-0.0137093490418562,0,-0.37273907668633643,-0.37273907668633643,-0.37273907668633643,0,0,0,0,0,-6.377952755905516,-4.025229357798171,-4.989547621038547,-1.553431483510197,-0.9859843731908959,-17.932145591443323,-17.932145591443323
Seth Johnson,PHI,pitcher,NA,NA,NA,NA,NA,NA,NA,NA,NA,18,1,0,16,4.80859,1.46235,0,0,0,0,0,0,0.02452991146598476,0,0.04415340025032112,0.00130755646357424,-0.00268076173329505,0.06731010644658506,0.06731010644658506,0,0,0,0,0,0,0,0,0,0,1,P,0.4486529493960002,0.4486529493960002,0,0,0,0,0,0.1422734865027116,0.03627746556510604,0.24091199011581463,0.01911506633562095,0.01007494087674703,0,0,0,0,0,-0.11774357503672683,-0.03627746556510604,-0.1967585898654935,-0.017807509872046712,-0.01275570261004208,0,-0.3813428429494151,-0.3813428429494151,-0.3813428429494151,0,0,0,0,0,-6.377952755905516,-4.025229357798171,-5.365833263650805,-1.2546581491308162,-0.9173975660093736,-17.94107109249468,-17.94107109249468
Tate Kuehner,MIL,pitcher,NA,NA,NA,NA,NA,NA,NA,NA,NA,12,1,0,11,4.2452,1.41684,0,0,0,0,0,0,0.02452991146598476,0,0.03035546267209577,0.00388935188553933,-3.893320589617523e-4,0.05838539396465812,0.05838539396465812,0,0,0,0,0,0,0,0,0,1,0,P,0.4486529493960002,0.4486529493960002,0,0,0,0,0,0.1422734865027116,0.03627746556510604,0.24091199011581463,0.01911506633562095,0.01007494087674703,0,0,0,0,0,-0.11774357503672683,-0.03627746556510604,-0.21055652744371886,-0.01522571445008162,-0.010464272935708783,0,-0.3902675554313422,-0.3902675554313422,-0.3902675554313422,0,0,0,0,0,-6.377952755905516,-4.025229357798171,-5.742118906263064,-1.0727533972125274,-0.7525966083373067,-17.970651025516585,-17.970651025516585
Joe Ross,ARI,pitcher,NA,NA,NA,NA,NA,NA,NA,NA,NA,12,1,0,10,4.31051,1.37697,0,0,0,0,0,0,0.02452991146598476,0,0.0275958751564507,0.00353953637014049,8.352774264299792e-4,0.05650060041900593,0.05650060041900593,0,0,0,0,0,0,0,0,0,0,1,P,0.4486529493960002,0.4486529493960002,0,0,0,0,0,0.1422734865027116,0.03627746556510604,0.24091199011581463,0.01911506633562095,0.01007494087674703,0,0,0,0,0,-0.11774357503672683,-0.03627746556510604,-0.21331611495936392,-0.01557552996548046,-0.009239663450317051,0,-0.3921523489769943,-0.3921523489769943,-0.3921523489769943,0,0,0,0,0,-6.377952755905516,-4.025229357798171,-5.817376034785515,-1.097400239485321,-0.664521980419444,-17.982480368393965,-17.982480368393965
Dax Fulton,MIA,pitcher,NA,NA,NA,NA,NA,NA,NA,NA,NA,14,1,0,12,4.35832,1.44755,0,0,0,0,0,0,0.02452991146598476,0,0.03311505018774084,0.00383069740161945,-0.00155469018230203,0.05992096887304302,0.05992096887304302,0,0,0,0,0,0,0,0,0,1,0,P,0.4486529493960002,0.4486529493960002,0,0,0,0,0,0.1422734865027116,0.03627746556510604,0.24091199011581463,0.01911506633562095,0.01007494087674703,0,0,0,0,0,-0.11774357503672683,-0.03627746556510604,-0.2077969399280738,-0.0152843689340015,-0.01162963105904906,0,-0.3887319805229572,-0.3887319805229572,-0.3887319805229572,0,0,0,0,0,-6.377952755905516,-4.025229357798171,-5.666861777740612,-1.0768859978266458,-0.836409843763473,-17.98333973303442,-17.98333973303442
Wilber Dotel,PIT,pitcher,NA,NA,NA,NA,NA,NA,NA,NA,NA,14,1,0,11,4.53695,1.39519,0,0,0,0,0,0,0.02452991146598476,0,0.03035546267209577,0.00271444971466528,3.215905157406678e-4,0.05792141436848649,0.05792141436848649,0,0,0,0,0,0,0,0,0,1,0,P,0.4486529493960002,0.4486529493960002,0,0,0,0,0,0.1422734865027116,0.03627746556510604,0.24091199011581463,0.01911506633562095,0.01007494087674703,0,0,0,0,0,-0.11774357503672683,-0.03627746556510604,-0.21055652744371886,-0.016400616620955672,-0.009753350361006363,0,-0.3907315350275138,-0.3907315350275138,-0.3907315350275138,0,0,0,0,0,-6.377952755905516,-4.025229357798171,-5.742118906263064,-1.1555331117099812,-0.7014666424238911,-18.002300774100625,-18.002300774100625
Ken Waldichuk,WSN,pitcher,NA,NA,NA,NA,NA,NA,NA,NA,NA,11,1,0,11,4.47146,1.38698,0,0,0,0,0,0,0.02452991146598476,0,0.03035546267209577,0.0024543299194033,4.838346929038367e-4,0.05782353875038767,0.05782353875038767,0,0,0,0,0,0,0,0,0,1,0,P,0.4486529493960002,0.4486529493960002,0,0,0,0,0,0.1422734865027116,0.03627746556510604,0.24091199011581463,0.01911506633562095,0.01007494087674703,0,0,0,0,0,-0.11774357503672683,-0.03627746556510604,-0.21055652744371886,-0.016660736416217653,-0.009591106183843193,0,-0.3908294106456126,-0.3908294106456126,-0.3908294106456126,0,0,0,0,0,-6.377952755905516,-4.025229357798171,-5.742118906263064,-1.1738602907047258,-0.689797946642954,-18.008959257314434,-18.008959257314434
Jhancarlos Lara,ATL,pitcher,NA,NA,NA,NA,NA,NA,NA,NA,NA,10,1,0,11,4.11129,1.44426,0,0,0,0,0,0,0.02452991146598476,0,0.03035546267209577,0.00383883743316021,-0.00102628252822185,0.05769792904301889,0.05769792904301889,0,0,0,0,0,0,0,0,0,1,1,P,0.4486529493960002,0.4486529493960002,0,0,0,0,0,0.1422734865027116,0.03627746556510604,0.24091199011581463,0.01911506633562095,0.01007494087674703,0,0,0,0,0,-0.11774357503672683,-0.03627746556510604,-0.21055652744371886,-0.015276228902460741,-0.01110122340496888,0,-0.39095502035298135,-0.39095502035298135,-0.39095502035298135,0,0,0,0,0,-6.377952755905516,-4.025229357798171,-5.742118906263064,-1.0763124781722877,-0.7984064573147919,-18.02001995545383,-18.02001995545383
Bradley Blalock,MIA,pitcher,NA,NA,NA,NA,NA,NA,NA,NA,NA,26,1,0,18,5.00398,1.4689,0,0,0,0,0,0,0.02452991146598476,0,0.04967257528161126,-3.7884138898289726e-4,-0.004308109301078,0.06951553605753513,0.06951553605753513,0,0,0,0,0,0,0,0,0,1,0,P,0.4486529493960002,0.4486529493960002,0,0,0,0,0,0.1422734865027116,0.03627746556510604,0.24091199011581463,0.01911506633562095,0.01007494087674703,0,0,0,0,0,-0.11774357503672683,-0.03627746556510604,-0.19123941483420337,-0.019493907724603847,-0.01438305017782503,0,-0.3791374133384651,-0.3791374133384651,-0.3791374133384651,0,0,0,0,0,-6.377952755905516,-4.025229357798171,-5.215319006605902,-1.3734761547694863,-1.0344373515371446,-18.026414626616216,-18.026414626616216
Jeff Criswell,COL,pitcher,NA,NA,NA,NA,NA,NA,NA,NA,NA,14,1,0,13,4.75987,1.44975,0,0,0,0,0,0,0.02452991146598476,0,0.03587463770338591,0.0013214365904654,-0.00163352550574921,0.06009246025408686,0.06009246025408686,0,0,0,0,0,0,0,0,0,0,1,P,0.4486529493960002,0.4486529493960002,0,0,0,0,0,0.1422734865027116,0.03627746556510604,0.24091199011581463,0.01911506633562095,0.01007494087674703,0,0,0,0,0,-0.11774357503672683,-0.03627746556510604,-0.2050373524124287,-0.01779362974515555,-0.01170846638249624,0,-0.3885604891419133,-0.3885604891419133,-0.3885604891419133,0,0,0,0,0,-6.377952755905516,-4.025229357798171,-5.59160464921816,-1.2536802013750605,-0.8420797261726998,-18.090546690469605,-18.090546690469605
Nolan Hoffman,PHI,pitcher,NA,NA,NA,NA,NA,NA,NA,NA,NA,12,1,0,11,4.58825,1.41838,0,0,0,0,0,0,0.02452991146598476,0,0.03035546267209577,0.00205189647966624,-4.3663325303005206e-4,0.05650063736471672,0.05650063736471672,0,0,0,0,0,0,0,0,0,0,1,P,0.4486529493960002,0.4486529493960002,0,0,0,0,0,0.1422734865027116,0.03627746556510604,0.24091199011581463,0.01911506633562095,0.01007494087674703,0,0,0,0,0,-0.11774357503672683,-0.03627746556510604,-0.21055652744371886,-0.017063169855954713,-0.010511574129777082,0,-0.39215231203128353,-0.39215231203128353,-0.39215231203128353,0,0,0,0,0,-6.377952755905516,-4.025229357798171,-5.742118906263064,-1.2022144176026948,-0.7559985377828421,-18.103513975352286,-18.103513975352286
Jake Eder,WSN,pitcher,NA,NA,NA,NA,NA,NA,NA,NA,NA,12,1,0,10,4.61496,1.39291,0,0,0,0,0,0,0.02452991146598476,0,0.0275958751564507,0.00190883152152349,3.456793527619519e-4,0.0543802974967209,0.0543802974967209,0,0,0,0,0,0,0,0,0,0,1,P,0.4486529493960002,0.4486529493960002,0,0,0,0,0,0.1422734865027116,0.03627746556510604,0.24091199011581463,0.01911506633562095,0.01007494087674703,0,0,0,0,0,-0.11774357503672683,-0.03627746556510604,-0.21331611495936392,-0.01720623481409746,-0.009729261523985079,0,-0.3942726518992793,-0.3942726518992793,-0.3942726518992793,0,0,0,0,0,-6.377952755905516,-4.025229357798171,-5.817376034785515,-1.2122943005778335,-0.6997341592258332,-18.13258660829287,-18.13258660829287
Juan Sanchez,SFG,pitcher,NA,NA,NA,NA,NA,NA,NA,NA,NA,12,1,0,10,4.2903,1.4494,0,0,0,0,0,0,0.02452991146598476,0,0.0275958751564507,0.003647785819937,-0.00138941444783445,0.05438415799453801,0.05438415799453801,0,0,0,0,0,0,0,0,0,0,1,P,0.4486529493960002,0.4486529493960002,0,0,0,0,0,0.1422734865027116,0.03627746556510604,0.24091199011581463,0.01911506633562095,0.01007494087674703,0,0,0,0,0,-0.11774357503672683,-0.03627746556510604,-0.21331611495936392,-0.01546728051568395,-0.01146435532458148,0,-0.3942687914014622,-0.3942687914014622,-0.3942687914014622,0,0,0,0,0,-6.377952755905516,-4.025229357798171,-5.817376034785515,-1.0897733418841402,-0.8245231166143466,-18.134854606987687,-18.134854606987687
Wade Miley,NA,pitcher,NA,NA,NA,NA,NA,NA,NA,NA,NA,24,1,0,15,5.05725,1.44366,0,0,0,0,0,0,0.02452991146598476,0,0.04139381273467605,-9.20352706631533e-4,-0.00242621999443245,0.06257715149959682,0.06257715149959682,0,0,0,0,0,0,0,0,0,0,0,P,0.4486529493960002,0.4486529493960002,0,0,0,0,0,0.1422734865027116,0.03627746556510604,0.24091199011581463,0.01911506633562095,0.01007494087674703,0,0,0,0,0,-0.11774357503672683,-0.03627746556510604,-0.19951817738113858,-0.020035419042252485,-0.01250116087117948,0,-0.3860757978964034,-0.3860757978964034,-0.3860757978964034,0,0,0,0,0,-6.377952755905516,-4.025229357798171,-5.441090392173257,-1.4116292481787414,-0.8990907757980289,-18.154992529853715,-18.154992529853715
Jaden Woods,PIT,pitcher,NA,NA,NA,NA,NA,NA,NA,NA,NA,16,1,0,13,4.70869,1.4929,0,0,0,0,0,0,0.02452991146598476,0,0.03587463770338591,0.00187572252156109,-0.00363402613994481,0.05864624555098696,0.05864624555098696,0,0,0,0,0,0,0,0,0,0,0,P,0.4486529493960002,0.4486529493960002,0,0,0,0,0,0.1422734865027116,0.03627746556510604,0.24091199011581463,0.01911506633562095,0.01007494087674703,0,0,0,0,0,-0.11774357503672683,-0.03627746556510604,-0.2050373524124287,-0.017239343814059862,-0.01370896701669184,0,-0.39000670384501324,-0.39000670384501324,-0.39000670384501324,0,0,0,0,0,-6.377952755905516,-4.025229357798171,-5.59160464921816,-1.214627051024745,-0.9859568977184228,-18.195370711665014,-18.195370711665014
Tejay Antone,CIN,pitcher,NA,NA,NA,NA,NA,NA,NA,NA,NA,22,1,0,18,5.1388,1.50522,0,0,0,0,0,0,0.02452991146598476,0,0.04967257528161126,-0.00164445797497603,-0.00569053678875924,0.06686749198386074,0.06686749198386074,0,0,0,0,0,0,0,0,0,0,1,P,0.4486529493960002,0.4486529493960002,0,0,0,0,0,0.1422734865027116,0.03627746556510604,0.24091199011581463,0.01911506633562095,0.01007494087674703,0,0,0,0,0,-0.11774357503672683,-0.03627746556510604,-0.19123941483420337,-0.02075952431059698,-0.015765477665506268,0,-0.3817854574121395,-0.3817854574121395,-0.3817854574121395,0,0,0,0,0,-6.377952755905516,-4.025229357798171,-5.215319006605902,-1.46264730641849,-1.1338623421593612,-18.21501076888744,-18.21501076888744
Dale Stanavich,MIA,pitcher,NA,NA,NA,NA,NA,NA,NA,NA,NA,12,1,0,11,4.41131,1.50498,0,0,0,0,0,0,0.02452991146598476,0,0.03035546267209577,0.00299962817917122,-0.00309655754284504,0.05478844477440671,0.05478844477440671,0,0,0,0,0,0,0,0,0,0,1,P,0.4486529493960002,0.4486529493960002,0,0,0,0,0,0.1422734865027116,0.03627746556510604,0.24091199011581463,0.01911506633562095,0.01007494087674703,0,0,0,0,0,-0.11774357503672683,-0.03627746556510604,-0.21055652744371886,-0.01611543815644973,-0.01317149841959207,0,-0.39386450462159356,-0.39386450462159356,-0.39386450462159356,0,0,0,0,0,-6.377952755905516,-4.025229357798171,-5.742118906263064,-1.1354403818999221,-0.947301842966862,-18.228043244833536,-18.228043244833536
Jose Franco,CIN,pitcher,NA,NA,NA,NA,NA,NA,NA,NA,NA,12,1,0,11,4.92406,1.42547,0,0,0,0,0,0,0.02452991146598476,0,0.03035546267209577,2.532201938588044e-4,-6.544030361107496e-4,0.05448419129582858,0.05448419129582858,0,0,0,0,0,0,0,0,0,1,0,P,0.4486529493960002,0.4486529493960002,0,0,0,0,0,0.1422734865027116,0.03627746556510604,0.24091199011581463,0.01911506633562095,0.01007494087674703,0,0,0,0,0,-0.11774357503672683,-0.03627746556510604,-0.21055652744371886,-0.018861846141762145,-0.01072934391285778,0,-0.39416875810017166,-0.39416875810017166,-0.39416875810017166,0,0,0,0,0,-6.377952755905516,-4.025229357798171,-5.742118906263064,-1.3289431896686381,-0.7716606675028733,-18.245904877138265,-18.245904877138265
John Brebbia,COL,pitcher,NA,NA,NA,NA,NA,NA,NA,NA,NA,12,1,0,11,4.95144,1.43037,0,0,0,0,0,0,0.02452991146598476,0,0.03035546267209577,1.065665602403666e-4,-8.049068354189853e-4,0.05418703386290191,0.05418703386290191,0,0,0,0,0,0,0,0,0,0,1,P,0.4486529493960002,0.4486529493960002,0,0,0,0,0,0.1422734865027116,0.03627746556510604,0.24091199011581463,0.01911506633562095,0.01007494087674703,0,0,0,0,0,-0.11774357503672683,-0.03627746556510604,-0.21055652744371886,-0.019008499775380584,-0.010879847712166015,0,-0.39446591553309834,-0.39446591553309834,-0.39446591553309834,0,0,0,0,0,-6.377952755905516,-4.025229357798171,-5.742118906263064,-1.3392759188284773,-0.7824849884659413,-18.26706192726117,-18.26706192726117
Yunior Marte,CIN,pitcher,NA,NA,NA,NA,NA,NA,NA,NA,NA,14,1,0,12,4.96428,1.47529,0,0,0,0,0,0,0.02452991146598476,0,0.03311505018774084,4.409129745582979e-5,-0.00254873194249502,0.0551403210086864,0.0551403210086864,0,0,0,0,0,0,0,0,0,1,1,P,0.4486529493960002,0.4486529493960002,0,0,0,0,0,0.1422734865027116,0.03627746556510604,0.24091199011581463,0.01911506633562095,0.01007494087674703,0,0,0,0,0,-0.11774357503672683,-0.03627746556510604,-0.2077969399280738,-0.01907097503816512,-0.01262367281924205,0,-0.3935126283873138,-0.3935126283873138,-0.3935126283873138,0,0,0,0,0,-6.377952755905516,-4.025229357798171,-5.666861777740612,-1.3436777188631217,-0.9079019065052614,-18.321623516812686,-18.321623516812686
Corbin Martin,CHC,pitcher,NA,NA,NA,NA,NA,NA,NA,NA,NA,10,1,0,9,4.6148,1.46263,0,0,0,0,0,0,0.02452991146598476,0,0.02483628764080563,0.00159140709887668,-0.00149647892163891,0.04946112728402815,0.04946112728402815,0,0,0,0,0,0,0,0,0,0,1,P,0.4486529493960002,0.4486529493960002,0,0,0,0,0,0.1422734865027116,0.03627746556510604,0.24091199011581463,0.01911506633562095,0.01007494087674703,0,0,0,0,0,-0.11774357503672683,-0.03627746556510604,-0.216075702475009,-0.01752365923674427,-0.01157141979838594,0,-0.39919182211197207,-0.39919182211197207,-0.39919182211197207,0,0,0,0,0,-6.377952755905516,-4.025229357798171,-5.892633163307967,-1.2346589737673248,-0.8322232559698189,-18.362697506748795,-18.362697506748795
Luis Peralta,COL,pitcher,NA,NA,NA,NA,NA,NA,NA,NA,NA,34,1,0,32,5.39678,1.62122,0,0,0,0,0,0,0.02452991146598476,0,0.08830680050064224,-0.00645653716335717,-0.01888948268898016,0.08749069211428967,0.08749069211428967,0,0,0,0,0,0,0,0,0,0,1,P,0.4486529493960002,0.4486529493960002,0,0,0,0,0,0.1422734865027116,0.03627746556510604,0.24091199011581463,0.01911506633562095,0.01007494087674703,0,0,0,0,0,-0.11774357503672683,-0.03627746556510604,-0.1526051896151724,-0.02557160349897812,-0.02896442356572719,0,-0.3611622572817106,-0.3611622572817106,-0.3611622572817106,0,0,0,0,0,-6.377952755905516,-4.025229357798171,-4.161719207291578,-1.8016904635666195,-2.083138223930027,-18.449730008491912,-18.449730008491912
Ryan Lambert,NYM,pitcher,NA,NA,NA,NA,NA,NA,NA,NA,NA,12,0,0,13,4.23697,1.36392,0,0,0,0,0,0,0,0,0.03587463770338591,0.00393343367533771,0.00123610897356722,0.04104418035229085,0.04104418035229085,0,0,0,0,0,0,0,0,0,0,1,P,0.4486529493960002,0.4486529493960002,0,0,0,0,0,0.1422734865027116,0.03627746556510604,0.24091199011581463,0.01911506633562095,0.01007494087674703,0,0,0,0,0,-0.1422734865027116,-0.03627746556510604,-0.2050373524124287,-0.015181632660283242,-0.00883883190317981,0,-0.40760876904370935,-0.40760876904370935,-0.40760876904370935,0,0,0,0,0,-7.706692913385832,-4.025229357798171,-5.59160464921816,-1.0696475403467325,-0.6356939419361712,-19.02886840268507,-19.02886840268507
AJ Smith-Shawver,ATL,pitcher,NA,NA,NA,NA,NA,NA,NA,NA,NA,8,0,0,9,3.84754,1.27608,0,0,0,0,0,0,0,0,0.02483628764080563,0.00401287408256087,0.00262274662608368,0.03147190834945018,0.03147190834945018,0,0,0,0,0,0,0,0,0,1,0,P,0.4486529493960002,0.4486529493960002,0,0,0,0,0,0.1422734865027116,0.03627746556510604,0.24091199011581463,0.01911506633562095,0.01007494087674703,0,0,0,0,0,-0.1422734865027116,-0.03627746556510604,-0.216075702475009,-0.01510219225306008,-0.00745219425066335,0,-0.41718104104655007,-0.41718104104655007,-0.41718104104655007,0,0,0,0,0,-7.706692913385832,-4.025229357798171,-5.892633163307967,-1.064050432440631,-0.5359661538052314,-19.22457202073783,-19.22457202073783
Bryce Montes de Oca,WSN,pitcher,NA,NA,NA,NA,NA,NA,NA,NA,NA,10,0,0,11,4.04207,1.41093,0,0,0,0,0,0,0,0,0.03035546267209577,0.00414780275209947,-1.731717066328034e-4,0.03433009371756244,0.03433009371756244,0,0,0,0,0,0,0,0,0,0,0,P,0.4486529493960002,0.4486529493960002,0,0,0,0,0,0.1422734865027116,0.03627746556510604,0.24091199011581463,0.01911506633562095,0.01007494087674703,0,0,0,0,0,-0.1422734865027116,-0.03627746556510604,-0.21055652744371886,-0.014967263583521481,-0.010248112583379834,0,-0.41432285567843774,-0.41432285567843774,-0.41432285567843774,0,0,0,0,0,-7.706692913385832,-4.025229357798171,-5.742118906263064,-1.0545438054049374,-0.7370502298149516,-19.265635212666957,-19.265635212666957
Mitch Bratt,ARI,pitcher,NA,NA,NA,NA,NA,NA,NA,NA,NA,9,0,0,7,4.13582,1.27455,0,0,0,0,0,0,0,0,0.01931711260951549,0.00335641241064422,0.00298583548693724,0.02565936050709696,0.02565936050709696,0,0,0,0,0,0,0,0,0,1,0,P,0.4486529493960002,0.4486529493960002,0,0,0,0,0,0.1422734865027116,0.03627746556510604,0.24091199011581463,0.01911506633562095,0.01007494087674703,0,0,0,0,0,-0.1422734865027116,-0.03627746556510604,-0.22159487750629914,-0.01575865392497673,-0.00708910538980979,0,-0.42299358888890326,-0.42299358888890326,-0.42299358888890326,0,0,0,0,0,-7.706692913385832,-4.025229357798171,-6.04314742035287,-1.1103025469799674,-0.5098525913167223,-19.395224829833563,-19.395224829833563
Nick Burdi,NYM,pitcher,NA,NA,NA,NA,NA,NA,NA,NA,NA,8,0,0,9,4.11865,1.35401,0,0,0,0,0,0,0,0,0.02483628764080563,0.00304478870125347,0.00102699681926858,0.02890807316132768,0.02890807316132768,0,0,0,0,0,0,0,0,0,0,1,P,0.4486529493960002,0.4486529493960002,0,0,0,0,0,0.1422734865027116,0.03627746556510604,0.24091199011581463,0.01911506633562095,0.01007494087674703,0,0,0,0,0,-0.1422734865027116,-0.03627746556510604,-0.216075702475009,-0.016070277634367483,-0.00904794405747845,0,-0.41974487623467255,-0.41974487623467255,-0.41974487623467255,0,0,0,0,0,-7.706692913385832,-4.025229357798171,-5.892633163307967,-1.1322585211312564,-0.6507334099483464,-19.407547365571574,-19.407547365571574
Vince Velasquez,CHC,pitcher,NA,NA,NA,NA,NA,NA,NA,NA,NA,8,0,0,8,4.39388,1.39447,0,0,0,0,0,0,0,0,0.02207670012516056,0.00206199153590644,1.985092383146546e-4,0.02433720089938165,0.02433720089938165,0,0,0,0,0,0,0,0,0,1,0,P,0.4486529493960002,0.4486529493960002,0,0,0,0,0,0.1422734865027116,0.03627746556510604,0.24091199011581463,0.01911506633562095,0.01007494087674703,0,0,0,0,0,-0.1422734865027116,-0.03627746556510604,-0.21883528999065407,-0.01705307479971451,-0.009876431638432376,0,-0.42431574849661863,-0.42431574849661863,-0.42431574849661863,0,0,0,0,0,-7.706692913385832,-4.025229357798171,-5.967890291830419,-1.2015031533850298,-0.7103187196307598,-19.61163443603021,-19.61163443603021
Daison Acosta,SDP,pitcher,NA,NA,NA,NA,NA,NA,NA,NA,NA,8,0,0,8,4.43233,1.44253,0,0,0,0,0,0,0,0,0.02207670012516056,0.00192469345427437,-7.856013187947259e-4,0.0232157922606402,0.0232157922606402,0,0,0,0,0,0,0,0,0,0,1,P,0.4486529493960002,0.4486529493960002,0,0,0,0,0,0.1422734865027116,0.03627746556510604,0.24091199011581463,0.01911506633562095,0.01007494087674703,0,0,0,0,0,-0.1422734865027116,-0.03627746556510604,-0.21883528999065407,-0.01719037288134658,-0.010860542195541755,0,-0.42543715713536007,-0.42543715713536007,-0.42543715713536007,0,0,0,0,0,-7.706692913385832,-4.025229357798171,-5.967890291830419,-1.2111767213469442,-0.7810965244586583,-19.692085808820025,-19.692085808820025
Matt Waldron,SDP,pitcher,NA,NA,NA,NA,NA,NA,NA,NA,NA,9,0,0,7,4.8285,1.34349,0,0,0,0,0,0,0,0,0.01931711260951549,5.737962966517162e-4,0.00139771325362449,0.0212886221597917,0.0212886221597917,0,0,0,0,0,0,0,0,0,1,0,P,0.4486529493960002,0.4486529493960002,0,0,0,0,0,0.1422734865027116,0.03627746556510604,0.24091199011581463,0.01911506633562095,0.01007494087674703,0,0,0,0,0,-0.1422734865027116,-0.03627746556510604,-0.22159487750629914,-0.018541270038969236,-0.00867722762312254,0,-0.42736432723620854,-0.42736432723620854,-0.42736432723620854,0,0,0,0,0,-7.706692913385832,-4.025229357798171,-6.04314742035287,-1.3063564595375998,-0.6240712679280361,-19.705497419002512,-19.705497419002512
K.C. Hunt,MIL,pitcher,NA,NA,NA,NA,NA,NA,NA,NA,NA,6,0,0,5,4.19951,1.27794,0,0,0,0,0,0,0,0,0.01379793757822535,0.00206703906402654,0.00193849496275528,0.01780347160500717,0.01780347160500717,0,0,0,0,0,0,0,0,0,0,0,P,0.4486529493960002,0.4486529493960002,0,0,0,0,0,0.1422734865027116,0.03627746556510604,0.24091199011581463,0.01911506633562095,0.01007494087674703,0,0,0,0,0,-0.1422734865027116,-0.03627746556510604,-0.2271140525375893,-0.01704802727159441,-0.00813644591399175,0,-0.4308494777909931,-0.4308494777909931,-0.4308494777909931,0,0,0,0,0,-7.706692913385832,-4.025229357798171,-6.193661677397774,-1.2011475212761973,-0.5851779322282522,-19.711909402086228,-19.711909402086228
Josh Staumont,CIN,pitcher,NA,NA,NA,NA,NA,NA,NA,NA,NA,10,0,0,10,4.78827,1.49018,0,0,0,0,0,0,0,0,0.0275958751564507,8.17119120309891e-4,-0.00220164553234333,0.02621134874441725,0.02621134874441725,0,0,0,0,0,0,0,0,0,0,1,P,0.4486529493960002,0.4486529493960002,0,0,0,0,0,0.1422734865027116,0.03627746556510604,0.24091199011581463,0.01911506633562095,0.01007494087674703,0,0,0,0,0,-0.1422734865027116,-0.03627746556510604,-0.21331611495936392,-0.01829794721531106,-0.01227658640909036,0,-0.422441600651583,-0.422441600651583,-0.422441600651583,0,0,0,0,0,-7.706692913385832,-4.025229357798171,-5.817376034785515,-1.2892127395135284,-0.8829392495977999,-19.721450295080846,-19.721450295080846
Shinnosuke Ogasawara,WSN,pitcher,NA,NA,NA,NA,NA,NA,NA,NA,NA,8,0,0,6,4.62373,1.36376,0,0,0,0,0,0,0,0,0.01655752509387042,0.00124123824427756,8.273489222270369e-4,0.01862611226037502,0.01862611226037502,0,0,0,0,0,0,0,0,0,0,1,P,0.4486529493960002,0.4486529493960002,0,0,0,0,0,0.1422734865027116,0.03627746556510604,0.24091199011581463,0.01911506633562095,0.01007494087674703,0,0,0,0,0,-0.1422734865027116,-0.03627746556510604,-0.2243544650219442,-0.017873828091343393,-0.009247591954519994,0,-0.43002683713562523,-0.43002683713562523,-0.43002683713562523,0,0,0,0,0,-7.706692913385832,-4.025229357798171,-6.118404548875322,-1.259330711149554,-0.6650922030626207,-19.774749734271502,-19.774749734271502
Tucker Davidson,PHI,pitcher,NA,NA,NA,NA,NA,NA,NA,NA,NA,8,0,0,6,4.51167,1.39314,0,0,0,0,0,0,0,0,0.01655752509387042,0.00164138448687026,2.257432591418608e-4,0.01842465283988255,0.01842465283988255,0,0,0,0,0,0,0,0,0,1,0,P,0.4486529493960002,0.4486529493960002,0,0,0,0,0,0.1422734865027116,0.03627746556510604,0.24091199011581463,0.01911506633562095,0.01007494087674703,0,0,0,0,0,-0.1422734865027116,-0.03627746556510604,-0.2243544650219442,-0.017473681848750693,-0.009849197617605169,0,-0.43022829655611766,-0.43022829655611766,-0.43022829655611766,0,0,0,0,0,-7.706692913385832,-4.025229357798171,-6.118404548875322,-1.2311377325848702,-0.7083600329802997,-19.789824585624494,-19.789824585624494
Michael Darrell-Hicks,PIT,pitcher,NA,NA,NA,NA,NA,NA,NA,NA,NA,8,0,0,6,4.5637,1.38808,0,0,0,0,0,0,0,0,0.01655752509387042,0.00145559465104929,3.2935539852957466e-4,0.01834247514344928,0.01834247514344928,0,0,0,0,0,0,0,0,0,0,1,P,0.4486529493960002,0.4486529493960002,0,0,0,0,0,0.1422734865027116,0.03627746556510604,0.24091199011581463,0.01911506633562095,0.01007494087674703,0,0,0,0,0,-0.1422734865027116,-0.03627746556510604,-0.2243544650219442,-0.017659471684571663,-0.009745585478217456,0,-0.4303104742525509,-0.4303104742525509,-0.4303104742525509,0,0,0,0,0,-7.706692913385832,-4.025229357798171,-6.118404548875322,-1.2442278688932809,-0.7009081875281739,-19.79546287648078,-19.79546287648078
Ryder Ryan,LAD,pitcher,NA,NA,NA,NA,NA,NA,NA,NA,NA,10,0,0,8,4.67886,1.47482,0,0,0,0,0,0,0,0,0.02207670012516056,0.00130547357776646,-0.00180849275047691,0.02157368095245011,0.02157368095245011,0,0,0,0,0,0,0,0,0,0,1,P,0.4486529493960002,0.4486529493960002,0,0,0,0,0,0.1422734865027116,0.03627746556510604,0.24091199011581463,0.01911506633562095,0.01007494087674703,0,0,0,0,0,-0.1422734865027116,-0.03627746556510604,-0.21883528999065407,-0.01780959275785449,-0.01188343362722394,0,-0.42707926844355015,-0.42707926844355015,-0.42707926844355015,0,0,0,0,0,-7.706692913385832,-4.025229357798171,-5.967890291830419,-1.2548049023642114,-0.8546634723881525,-19.809280937766786,-19.809280937766786
Pete Hansen,STL,pitcher,NA,NA,NA,NA,NA,NA,NA,NA,NA,9,0,0,6,4.59709,1.40028,0,0,0,0,0,0,0,0,0.01655752509387042,0.00150341054123652,8.948201443344864e-5,0.01815041764954039,0.01815041764954039,0,0,0,0,0,0,0,0,0,1,0,P,0.4486529493960002,0.4486529493960002,0,0,0,0,0,0.1422734865027116,0.03627746556510604,0.24091199011581463,0.01911506633562095,0.01007494087674703,0,0,0,0,0,-0.1422734865027116,-0.03627746556510604,-0.2243544650219442,-0.01761165579438443,-0.00998545886231358,0,-0.4305025317464598,-0.4305025317464598,-0.4305025317464598,0,0,0,0,0,-7.706692913385832,-4.025229357798171,-6.118404548875322,-1.240858919685198,-0.7181600211156841,-19.809345760860207,-19.809345760860207
Valente Bellozo,COL,pitcher,NA,NA,NA,NA,NA,NA,NA,NA,NA,10,0,0,7,5.02368,1.41451,0,0,0,0,0,0,0,0,0.01931711260951549,-2.336397027396733e-4,-2.6480497219802135e-4,0.01881866793457779,0.01881866793457779,0,0,0,0,0,0,0,0,0,1,1,P,0.4486529493960002,0.4486529493960002,0,0,0,0,0,0.1422734865027116,0.03627746556510604,0.24091199011581463,0.01911506633562095,0.01007494087674703,0,0,0,0,0,-0.1422734865027116,-0.03627746556510604,-0.22159487750629914,-0.019348706038360624,-0.010339745848945052,0,-0.42983428146142244,-0.42983428146142244,-0.42983428146142244,0,0,0,0,0,-7.706692913385832,-4.025229357798171,-6.04314742035287,-1.363245725011389,-0.7436405476802208,-19.881955964228485,-19.881955964228485
Marco Gonzales,SDP,pitcher,NA,NA,NA,NA,NA,NA,NA,NA,NA,9,0,0,6,4.8701,1.41511,0,0,0,0,0,0,0,0,0.01655752509387042,4.066818565898005e-4,-2.5214625246571415e-4,0.01671206069799451,0.01671206069799451,0,0,0,0,0,0,0,0,0,1,0,P,0.4486529493960002,0.4486529493960002,0,0,0,0,0,0.1422734865027116,0.03627746556510604,0.24091199011581463,0.01911506633562095,0.01007494087674703,0,0,0,0,0,-0.1422734865027116,-0.03627746556510604,-0.2243544650219442,-0.01870838447903115,-0.010327087129212745,0,-0.43194088869800573,-0.43194088869800573,-0.43194088869800573,0,0,0,0,0,-7.706692913385832,-4.025229357798171,-6.118404548875322,-1.318130789332595,-0.7427301251793018,-19.911187734571225,-19.911187734571225
Sean Sullivan,COL,pitcher,NA,NA,NA,NA,NA,NA,NA,NA,NA,9,0,0,6,5.28676,1.40119,0,0,0,0,0,0,0,0,0.01655752509387042,-0.00126711387889573,6.85189852440876e-5,0.01535893020021877,0.01535893020021877,0,0,0,0,0,0,0,0,0,0,0,P,0.4486529493960002,0.4486529493960002,0,0,0,0,0,0.1422734865027116,0.03627746556510604,0.24091199011581463,0.01911506633562095,0.01007494087674703,0,0,0,0,0,-0.1422734865027116,-0.03627746556510604,-0.2243544650219442,-0.020382180214516682,-0.010006421891502942,0,-0.43329401919578137,-0.43329401919578137,-0.43329401919578137,0,0,0,0,0,-7.706692913385832,-4.025229357798171,-6.118404548875322,-1.4360608915533366,-0.7196676943926829,-20.006055406005345,-20.006055406005345
Jean Cabrera,PHI,pitcher,NA,NA,NA,NA,NA,NA,NA,NA,NA,9,0,0,6,5.02915,1.46251,0,0,0,0,0,0,0,0,0.01655752509387042,-2.3224967446423145e-4,-0.00134406667397752,0.01498120874542866,0.01498120874542866,0,0,0,0,0,0,0,0,0,1,0,P,0.4486529493960002,0.4486529493960002,0,0,0,0,0,0.1422734865027116,0.03627746556510604,0.24091199011581463,0.01911506633562095,0.01007494087674703,0,0,0,0,0,-0.1422734865027116,-0.03627746556510604,-0.2243544650219442,-0.019347316010085183,-0.01141900755072455,0,-0.4336717406505715,-0.4336717406505715,-0.4336717406505715,0,0,0,0,0,-7.706692913385832,-4.025229357798171,-6.118404548875322,-1.3631477882242786,-0.8212616782889077,-20.034736286572514,-20.034736286572514
Yoniel Curet,PHI,pitcher,NA,NA,NA,NA,NA,NA,NA,NA,NA,8,0,0,7,5.2793,1.49982,0,0,0,0,0,0,0,0,0.01931711260951549,-0.00109968512049573,-0.00195871188510342,0.01625871560391632,0.01625871560391632,0,0,0,0,0,0,0,0,0,1,0,P,0.4486529493960002,0.4486529493960002,0,0,0,0,0,0.1422734865027116,0.03627746556510604,0.24091199011581463,0.01911506633562095,0.01007494087674703,0,0,0,0,0,-0.1422734865027116,-0.03627746556510604,-0.22159487750629914,-0.020214751456116682,-0.01203365276185045,0,-0.43239423379208386,-0.43239423379208386,-0.43239423379208386,0,0,0,0,0,-7.706692913385832,-4.025229357798171,-6.04314742035287,-1.4242644159295794,-0.865467320101402,-20.064801427567854,-20.064801427567854
Jared Lyons,CIN,pitcher,NA,NA,NA,NA,NA,NA,NA,NA,NA,9,0,0,6,5.30674,1.48646,0,0,0,0,0,0,0,0,0.01655752509387042,-0.00134737701621392,-0.00189578595868655,0.01331436211896994,0.01331436211896994,0,0,0,0,0,0,0,0,0,0,0,P,0.4486529493960002,0.4486529493960002,0,0,0,0,0,0.1422734865027116,0.03627746556510604,0.24091199011581463,0.01911506633562095,0.01007494087674703,0,0,0,0,0,-0.1422734865027116,-0.03627746556510604,-0.2243544650219442,-0.02046244335183487,-0.011970726835433581,0,-0.4353385872770303,-0.4353385872770303,-0.4353385872770303,0,0,0,0,0,-7.706692913385832,-4.025229357798171,-6.118404548875322,-1.4417159662962207,-0.8609416507989307,-20.15298443715448,-20.15298443715448
Francis Pena,SDP,pitcher,NA,NA,NA,NA,NA,NA,NA,NA,NA,0,0,0,0,0,0,0,0,0,0,0,0,0,0,0,0,0,0,0,0,0,0,0,0,0,0,0,0,0,1,P,0.4486529493960002,0.4486529493960002,0,0,0,0,0,0.1422734865027116,0.03627746556510604,0.24091199011581463,0.01911506633562095,0.01007494087674703,0,0,0,0,0,-0.1422734865027116,-0.03627746556510604,-0.24091199011581463,-0.01911506633562095,-0.01007494087674703,0,-0.4486529493960002,-0.4486529493960002,-0.4486529493960002,0,0,0,0,0,-7.706692913385832,-4.025229357798171,-6.569947320010033,-1.3467842456069619,-0.7245956197457616,-20.373249456546763,-20.373249456546763
