Name,Team,player_type,fg_auction_dollars,PA,AB,H,HR,R,RBI,SB,AVG,IP,W,SV,SO,ERA,WHIP,sgp_R,sgp_HR,sgp_RBI,sgp_SB,sgp_AVG,sgp_hitting,sgp_W,sgp_SV,sgp_SO,sgp_ERA,sgp_WHIP,sgp_pitching,sgp_total,p_c,p_1b,p_2b,p_3b,p_ss,p_of,p_ci,p_mi,p_dh,p_sp,p_rp,replacement_position,replacement_level_sgp,repl_sgp_total,repl_sgp_R,repl_sgp_HR,repl_sgp_RBI,repl_sgp_SB,repl_sgp_AVG,repl_sgp_W,repl_sgp_SV,repl_sgp_SO,repl_sgp_ERA,repl_sgp_WHIP,sgpar_R,sgpar_HR,sgpar_RBI,sgpar_SB,sgpar_AVG,sgpar_W,sgpar_SV,sgpar_SO,sgpar_ERA,sgpar_WHIP,sgpar_hitting,sgpar_pitching,sgpar_total,sgpar,$_R,$_RBI,$_HR,$_SB,$_AVG,$_W,$_SV,$_SO,$_ERA,$_WHIP,$_cat,standings_value,billikenTeam,slot,contract,salary,sgpar_random_delta,sgpar_randomized
Trea Turner,PHI,hitter,28.140965770229364,644,591,167,19,92,73,28,0.282596,NA,NA,NA,NA,NA,NA,0.31629527668764457,0.22844935852165427,0.4110073188706007,0.23101508040836707,0.1772838870115463,1.3640509214998129,0,0,0,0,0,0,1.3640509214998129,0,0,0,0,1,0,0,1,1,0,0,SS,0.24912776719314625,0.24912776719314625,0.06738464590301993,0.04328514161462923,0.10021822295748894,0.0379524774956603,2.872792223478263e-4,0,0,0,0,0,0.24891063078462464,0.18516421690702503,0.31078909591311177,0.19306260291270677,0.17699660778919846,0,0,0,0,0,1.1149231543066669,0,1.1149231543066669,1.1149231543066669,3.8214020408961185,3.0603696098562625,3.1202161188653763,6.549865229110513,5.784796081828349,0,0,0,0,0,22.33664908055662,22.33664908055662,Blue Socks,IL,2,30,0,1.1149231543066669
Marcus Semien,NYM,hitter,13.4323245410387,644,576,140,20,82,75,9,0.242427,NA,NA,NA,NA,NA,NA,0.2819153553085528,0.2404730089701624,0.42226779336020626,0.07425484727411799,0.00156304361346943,1.020474048526509,0,0,0,0,0,0,1.020474048526509,0,0,1,0,0,0,0,1,1,0,0,2B,0.3590039845822357,0.3590039845822357,0.09007539401322052,0.07695136287045197,0.14526012091591095,0.04125269293006554,0.00546441385258677,0,0,0,0,0,0.19183996129533223,0.16352164609971043,0.2770076724442953,0.03300215434405245,-0.00390137023911734,0,0,0,0,0,0.6614700639442731,0,0.6614700639442731,0.6614700639442731,2.94522422488955,2.7277207392197127,2.75551553354345,1.1196350818992336,-0.1275088350839287,0,0,0,0,0,9.420586744468016,9.420586744468016,Blue Socks,2B/SS,1,24,0,0.6614700639442731
Luis Robert Jr.,NYM,hitter,18.35821594069192,567,515,121,21,69,76,29,0.235309,NA,NA,NA,NA,NA,NA,0.23722145751573345,0.2524966594186705,0.42789803060500897,0.23926561899438015,-0.02572996245009766,1.1311518040836954,0,0,0,0,0,0,1.1311518040836954,0,0,0,0,0,1,0,0,1,0,0,OF,0.5234999294017727,0.5234999294017727,0.1388948823715309,0.14668853547179908,0.2319657744858733,0.03960258521286292,-0.03365184814029351,0,0,0,0,0,0.09832657514420257,0.10580812394687142,0.19593225611913567,0.19966303378151723,0.00792188569019585,0,0,0,0,0,0.6076518746819227,0,0.6076518746819227,0.6076518746819227,1.5095593697462568,1.9293634496919916,1.7829806393516432,6.773792245490359,0.25891170386675444,0,0,0,0,0,12.254607408147006,12.254607408147006,Blue Socks,Bench,1,21,0,0.6076518746819227
Dylan Crews,WSN,hitter,17.012043876963208,595,539,131,18,72,68,26,0.243673,NA,NA,NA,NA,NA,NA,0.24753543392946095,0.21642570807314615,0.38285613264658697,0.21451400323634084,0.00643257779578155,1.0677638556813167,0,0,0,0,0,0,1.0677638556813167,0,0,0,0,0,1,0,0,1,0,0,OF,0.5234999294017727,0.5234999294017727,0.1388948823715309,0.14668853547179908,0.2319657744858733,0.03960258521286292,-0.03365184814029351,0,0,0,0,0,0.10864055155793008,0.06973717260134707,0.15089035816071367,0.17491141802347793,0.04008442593607506,0,0,0,0,0,0.5442639262795439,0,0.5442639262795439,0.5442639262795439,1.6679047581811783,1.485831622176591,1.1751463304817649,5.934065934065935,1.310082904941959,0,0,0,0,0,11.57303154984743,11.57303154984743,Blue Socks,Util,2030,21,0,0.5442639262795439
Nolan Arenado,ARI,hitter,10.28306139261282,609,556,141,18,65,77,4,0.253586,NA,NA,NA,NA,NA,NA,0.2234694889640967,0.21642570807314615,0.43352826784981174,0.03300215434405244,0.04742267663926842,0.9538482958703756,0,0,0,0,0,0,0.9538482958703756,0,0,0,1,0,0,1,0,1,0,0,3B,0.4172493965587398,0.4172493965587398,0.10864055155793008,0.09137974340866171,0.1756634020378458,0.03960258521286293,0.0019631143414393,0,0,0,0,0,0.11482893740616663,0.12504596466448442,0.25786486581196594,-0.00660043086881049,0.04545956229782912,0,0,0,0,0,0.5365988993116356,0,0.5365988993116356,0.5365988993116356,1.7629119912421325,2.5392197125256675,2.1071589374155786,-0.2239270163798468,1.4857589710155004,0,0,0,0,0,7.671122595819033,7.671122595819033,Blue Socks,3B,1,10,0,0.5365988993116356
Zack Wheeler,PHI,pitcher,23.224096998816226,NA,NA,NA,NA,NA,NA,NA,NA,157,11,0,171,3.31477,1.1074600000000001,0,0,0,0,0,0,0.26982902612583237,0,0.471889465175307,0.11608777394608662,0.11923225713517065,0.9770385223823966,0.9770385223823966,0,0,0,0,0,0,0,0,0,1,0,P,0.4486529493960002,0.4486529493960002,0,0,0,0,0,0.1422734865027116,0.03627746556510604,0.24091199011581463,0.01911506633562095,0.01007494087674703,0,0,0,0,0,0.12755553962312077,-0.03627746556510604,0.23097747505949237,0.09697270761046568,0.10915731625842362,0,0.5283855729863964,0.5283855729863964,0.5283855729863964,0,0,0,0,0,6.909448818897644,-4.025229357798171,6.299021657329206,6.832375706708889,7.850657804514532,23.8662746296521,23.8662746296521,Blue Socks,IL,2027,33,0,0.5283855729863964
J.T. Realmuto,PHI,hitter,14.04006608827354,500,454,114,15,56,58,7,0.251445,NA,NA,NA,NA,NA,NA,0.19252755972291408,0.1803547567276218,0.3265537601985595,0.05775377010209177,0.03152972334726786,0.7887195700984551,0,0,0,0,0,0,0.7887195700984551,1,0,0,0,0,0,0,0,1,0,0,C,0.3011983569402915,0.3011983569402915,0.08182421288223848,0.06011825224254059,0.13850383622214765,0.01650107717202622,0.00425097842133855,0,0,0,0,0,0.1107033468406756,0.12023650448508122,0.18804992397641185,0.04125269293006554,0.02727874492592931,0,0,0,0,0,0.4875212131581635,0,0.4875212131581635,0.4875212131581635,1.6995738358681631,1.8517453798767964,2.0261143628995955,1.399543852374041,0.8915536785464936,0,0,0,0,0,7.86853110956509,7.86853110956509,Blue Socks,C,2,13,0,0.4875212131581635
Jhoan Duran,PHI,pitcher,19.455551097872817,NA,NA,NA,NA,NA,NA,NA,NA,70,7,29,84,2.67226,1.0988,0,0,0,0,0,0,0.1717093802618933,0.40463326976464425,0.2318053513141859,0.0718339039331924,0.05471250147985671,0.9346944067537728,0.9346944067537728,0,0,0,0,0,0,0,0,0,0,1,P,0.4486529493960002,0.4486529493960002,0,0,0,0,0,0.1422734865027116,0.03627746556510604,0.24091199011581463,0.01911506633562095,0.01007494087674703,0,0,0,0,0,0.0294358937591817,0.36835580419953823,-0.00910663880162873,0.05271883759757145,0.04463756060310968,0,0.4860414573577723,0.4860414573577723,0.4860414573577723,0,0,0,0,0,1.594488188976379,40.87155963302758,-0.24834852412409067,3.7143946391026086,3.210359374296641,49.14245331127912,49.14245331127912,Blue Socks,P,2,17,0,0.4860414573577723
Mickey Moniak,COL,hitter,15.602023278244316,483,451,120,21,62,69,9,0.266341,NA,NA,NA,NA,NA,NA,0.21315551255036916,0.2524966594186705,0.38848636989138974,0.07425484727411799,0.08103671227035805,1.0094301014049054,0,0,0,0,0,0,1.0094301014049054,0,0,0,0,0,1,0,0,1,0,0,OF,0.5234999294017727,0.5234999294017727,0.1388948823715309,0.14668853547179908,0.2319657744858733,0.03960258521286292,-0.03365184814029351,0,0,0,0,0,0.07426063017883827,0.10580812394687142,0.15652059540551644,0.03465226206125507,0.11468856041065156,0,0,0,0,0,0.4859301720031327,0,0.4859301720031327,0.4859301720031327,1.1400867967314383,1.5412731006160163,1.7829806393516432,1.1756168359941952,3.748376554675187,0,0,0,0,0,9.38833392736848,9.38833392736848,Blue Socks,OF,2,1,0,0.4859301720031327
Tommy Edman,LAD,hitter,10.11301732302063,497,454,114,15,62,59,10,0.250391,NA,NA,NA,NA,NA,NA,0.21315551255036916,0.1803547567276218,0.33218399744336224,0.08250538586013109,0.02798860346795302,0.8361882560494374,0,0,0,0,0,0,0.8361882560494374,0,0,1,0,0,1,0,1,1,0,0,2B,0.3590039845822357,0.3590039845822357,0.09007539401322052,0.07695136287045197,0.14526012091591095,0.04125269293006554,0.00546441385258677,0,0,0,0,0,0.12308011853714863,0.10340339385716985,0.1869238765274513,0.04125269293006555,0.02252418961536625,0,0,0,0,0,0.4771842714672015,0,0.4771842714672015,0.4771842714672015,1.8895883019900697,1.8406570841889116,1.742458352093652,1.3995438523740416,0.7361601188906014,0,0,0,0,0,7.608407709537276,7.608407709537276,Blue Socks,SS,1,5,0,0.4771842714672015
Aaron Nola,PHI,pitcher,11.779269749226351,NA,NA,NA,NA,NA,NA,NA,NA,180,11,0,177,4.11623,1.20953,0,0,0,0,0,0,0.26982902612583237,0,0.4884469902691774,0.06870217700173678,0.08967310881330115,0.9166513022100476,0.9166513022100476,0,0,0,0,0,0,0,0,0,1,0,P,0.4486529493960002,0.4486529493960002,0,0,0,0,0,0.1422734865027116,0.03627746556510604,0.24091199011581463,0.01911506633562095,0.01007494087674703,0,0,0,0,0,0.12755553962312077,-0.03627746556510604,0.24753500015336272,0.04958711066611583,0.07959816793655412,0,0.4679983528140474,0.4679983528140474,0.4679983528140474,0,0,0,0,0,6.909448818897644,-4.025229357798171,6.750564428463915,3.493743534954062,5.724746629504497,18.85327405402195,18.85327405402195,Blue Socks,P,2,20,0,0.4679983528140474
Connor Norby,MIA,hitter,6.258832842547882,504,458,112,15,62,59,9,0.244915,NA,NA,NA,NA,NA,NA,0.21315551255036916,0.1803547567276218,0.33218399744336224,0.07425484727411799,0.00967540801772835,0.8096245220131996,0,0,0,0,0,0,0.8096245220131996,0,0,0,1,0,0,1,0,1,0,0,3B,0.4172493965587398,0.4172493965587398,0.10864055155793008,0.09137974340866171,0.1756634020378458,0.03960258521286293,0.0019631143414393,0,0,0,0,0,0.10451496099243908,0.08897501331896009,0.15652059540551644,0.03465226206125506,0.00771229367628904,0,0,0,0,0,0.3923751254544597,0,0.3923751254544597,0.3923751254544597,1.60456660280721,1.5412731006160163,1.4993246285457005,1.1756168359941948,0.252061589189559,0,0,0,0,0,6.07284275715268,6.07284275715268,Blue Socks,2B,2026,1,0,0.3923751254544597
Jung Hoo Lee,SFG,hitter,13.450459156103893,609,552,150,10,68,64,9,0.271432,NA,NA,NA,NA,NA,NA,0.23378346537782424,0.1202365044850812,0.360335183667376,0.07425484727411799,0.1199809362123922,0.9085909370167916,0,0,0,0,0,0,0.9085909370167916,0,0,0,0,0,1,0,0,1,0,0,OF,0.5234999294017727,0.5234999294017727,0.1388948823715309,0.14668853547179908,0.2319657744858733,0.03960258521286292,-0.03365184814029351,0,0,0,0,0,0.09488858300629335,-0.02645203098671787,0.1283694091815027,0.03465226206125507,0.1536327843526857,0,0,0,0,0,0.38509100761501897,0,0.38509100761501897,0.38509100761501897,1.4567775736012825,1.264065708418891,-0.44574515983791113,1.1756168359941952,5.021194135100439,0,0,0,0,0,8.471909093276896,8.471909093276896,Blue Socks,OF,1,10,0,0.38509100761501897
Harrison Bader,SFG,hitter,11.687631455451893,532,484,122,15,62,59,15,0.251302,NA,NA,NA,NA,NA,NA,0.21315551255036916,0.1803547567276218,0.33218399744336224,0.12375807879019664,0.03310100176461139,0.8825533472761612,0,0,0,0,0,0,0.8825533472761612,0,0,0,0,0,1,0,0,1,0,0,OF,0.5234999294017727,0.5234999294017727,0.1388948823715309,0.14668853547179908,0.2319657744858733,0.03960258521286292,-0.03365184814029351,0,0,0,0,0,0.07426063017883827,0.03366622125582272,0.10021822295748894,0.08415549357733372,0.0667528499049049,0,0,0,0,0,0.3590534178743886,0,0.3590534178743886,0.3590534178743886,1.1400867967314383,0.986858316221766,0.5673120216118864,2.8550694588430443,2.1816894086505503,0,0,0,0,0,7.731016002058685,7.731016002058685,Blue Socks,OF,2,2,0,0.3590534178743886
Emmet Sheehan,LAD,pitcher,10.853684058909812,NA,NA,NA,NA,NA,NA,NA,NA,143,9,0,162,3.96519,1.19913,0,0,0,0,0,0,0.22076920319386284,0,0.44705317753450136,0.06422070920472941,0.07504692301638129,0.8070900129494749,0.8070900129494749,0,0,0,0,0,0,0,0,0,1,0,P,0.4486529493960002,0.4486529493960002,0,0,0,0,0,0.1422734865027116,0.03627746556510604,0.24091199011581463,0.01911506633562095,0.01007494087674703,0,0,0,0,0,0.07849571669115124,-0.03627746556510604,0.20614118741868673,0.04510564286910847,0.06497198213963426,0,0.3584370635534746,0.3584370635534746,0.3584370635534746,0,0,0,0,0,4.251968503937012,-4.025229357798171,5.62170750062714,3.17799416112337,4.6728228225374355,13.699263630426788,13.699263630426788,Blue Socks,P,2,1,0,0.3584370635534746
Kyle Tucker,LAD,hitter,34.38905391745959,651,555,149,33,101,99,22,0.268407,NA,NA,NA,NA,NA,NA,0.3472372059288272,0.3967804648007679,0.5573934872354722,0.1815118488922884,0.10820897547737596,1.5911319823347316,0,0,0,0,0,0,1.5911319823347316,0,0,0,0,0,1,0,0,1,0,0,OF,0.5234999294017727,0.5234999294017727,0.1388948823715309,0.14668853547179908,0.2319657744858733,0.03960258521286292,-0.03365184814029351,0,0,0,0,0,0.2083423235572963,0.25009192932896884,0.3254277127495989,0.1419092636794255,0.14186082361766947,0,0,0,0,0,1.067632052932959,0,1.067632052932959,1.067632052932959,3.1985768463854245,3.2045174537987675,4.214317874831157,4.814430852166702,4.636450081607257,0,0,0,0,0,20.06829310878931,20.06829310878931,Melonheads,Bench,2,40,0,1.067632052932959
CJ Abrams,WSN,hitter,22.25140003247086,630,573,146,20,84,72,30,0.254379,NA,NA,NA,NA,NA,NA,0.28879133958437114,0.2404730089701624,0.405377081625798,0.24751615758039328,0.05223522552796982,1.2343928132886948,0,0,0,0,0,0,1.2343928132886948,0,0,0,0,1,0,0,1,1,0,0,SS,0.24912776719314625,0.24912776719314625,0.06738464590301993,0.04328514161462923,0.10021822295748894,0.0379524774956603,2.872792223478263e-4,0,0,0,0,0,0.2214066936813512,0.1971878673555332,0.30515885866830905,0.20956368008473297,0.05194794630562199,0,0,0,0,0,0.9852650460955484,0,0.9852650460955484,0.9852650460955484,3.3991476717363263,3.004928131416838,3.322827555155337,7.10968277006013,1.6978194102210955,0,0,0,0,0,18.534405538589727,18.534405538589727,Melonheads,SS,2027,16,0,0.9852650460955484
Pete Crow-Armstrong,CHC,hitter,29.865241902217075,644,591,150,26,88,92,34,0.253587,NA,NA,NA,NA,NA,NA,0.3025433081360078,0.31261491166121114,0.517981826521853,0.2805183119244457,0.0504122906005276,1.4640706488440451,0,0,0,0,0,0,1.4640706488440451,0,0,0,0,0,1,0,0,1,0,0,OF,0.5234999294017727,0.5234999294017727,0.1388948823715309,0.14668853547179908,0.2319657744858733,0.03960258521286292,-0.03365184814029351,0,0,0,0,0,0.16364842576447694,0.16592637618941206,0.2860160520359797,0.2409157267115828,0.08406413874082111,0,0,0,0,0,0.9405707194422726,0,0.9405707194422726,0.9405707194422726,2.5124134965007623,2.8164271047227927,2.7960378208014416,8.1733360978644,2.747475821623366,0,0,0,0,0,19.045690341512763,19.045690341512763,Melonheads,OF,2027,11,0,0.9405707194422726
Paul Skenes,PIT,pitcher,38.034262285935114,NA,NA,NA,NA,NA,NA,NA,NA,189,13,0,223,2.84096,1.06713,0,0,0,0,0,0,0.31888884905780185,0,0.6153880159888506,0.17971989814828895,0.16304450325162287,1.2770412664465642,1.2770412664465642,0,0,0,0,0,0,0,0,0,1,0,P,0.4486529493960002,0.4486529493960002,0,0,0,0,0,0.1422734865027116,0.03627746556510604,0.24091199011581463,0.01911506633562095,0.01007494087674703,0,0,0,0,0,0.17661536255509025,-0.03627746556510604,0.374476025873036,0.160604831812668,0.15296956237487583,0,0.828388317050564,0.828388317050564,0.828388317050564,0,0,0,0,0,9.566929133858274,-4.025229357798171,10.212392340496692,11.315684364149009,11.001660079919908,38.07143656062571,38.07143656062571,Melonheads,P,2028,17,0,0.828388317050564
William Contreras,MIL,hitter,24.885481143142712,610,531,143,20,80,77,6,0.270079,NA,NA,NA,NA,NA,NA,0.2750393710327344,0.2404730089701624,0.43352826784981174,0.04950323151607866,0.11009981351302962,1.1086436928818166,0,0,0,0,0,0,1.1086436928818166,1,0,0,0,0,0,0,0,1,0,0,C,0.3011983569402915,0.3011983569402915,0.08182421288223848,0.06011825224254059,0.13850383622214765,0.01650107717202622,0.00425097842133855,0,0,0,0,0,0.19321515815049592,0.18035475672762183,0.2950244316276641,0.03300215434405244,0.10584883509169107,0,0,0,0,0,0.8074453359415253,0,0.8074453359415253,0.8074453359415253,2.9663369433475393,2.905133470225873,3.039171544349393,1.119635081899233,3.459467015513487,0,0,0,0,0,13.489744055335526,13.489744055335526,Melonheads,C,2026,11,0,0.8074453359415253
Seiya Suzuki,CHC,hitter,20.175675302408507,616,540,139,26,77,86,7,0.256436,NA,NA,NA,NA,NA,NA,0.26472539461900685,0.31261491166121114,0.48420040305303647,0.05775377010209177,0.05744692167423366,1.17674140110958,0,0,0,0,0,0,1.17674140110958,0,0,0,0,0,1,0,0,1,0,0,OF,0.5234999294017727,0.5234999294017727,0.1388948823715309,0.14668853547179908,0.2319657744858733,0.03960258521286292,-0.03365184814029351,0,0,0,0,0,0.12583051224747596,0.16592637618941206,0.25223462856716317,0.01815118488922885,0.09109876981452716,0,0,0,0,0,0.6532414717078072,0,0.6532414717078072,0.6532414717078072,1.9318137389060483,2.483778234086242,2.7960378208014416,0.6157992950445785,2.9773893029074188,0,0,0,0,0,10.804818391745728,10.804818391745728,Melonheads,OF,2,21,0,0.6532414717078072
Noelvi Marte,CIN,hitter,11.442694327692267,539,494,125,17,65,66,15,0.252992,NA,NA,NA,NA,NA,NA,0.2234694889640967,0.20440205762463803,0.3715956581569815,0.12375807879019664,0.03996304780925255,0.9631883313451652,0,0,0,0,0,0,0.9631883313451652,0,0,0,1,0,1,1,0,1,0,0,3B,0.4172493965587398,0.4172493965587398,0.10864055155793008,0.09137974340866171,0.1756634020378458,0.03960258521286293,0.0019631143414393,0,0,0,0,0,0.11482893740616663,0.11302231421597632,0.19593225611913567,0.0841554935773337,0.03799993346781324,0,0,0,0,0,0.5459389347864255,0,0.5459389347864255,0.5459389347864255,1.7629119912421325,1.9293634496919916,1.9045475011256192,2.855069458843044,1.2419552497647304,0,0,0,0,0,9.693847650667518,9.693847650667518,Melonheads,3B,2028,26,0,0.5459389347864255
Willi Castro,COL,hitter,8.911344102835772,539,479,123,13,67,54,14,0.256538,NA,NA,NA,NA,NA,NA,0.23034547323991503,0.15630745583060557,0.3040328112193485,0.11550754020418354,0.05131910675017057,0.8575123872442233,0,0,0,0,0,0,0.8575123872442233,0,0,1,1,0,1,1,1,1,0,0,2B,0.3590039845822357,0.3590039845822357,0.09007539401322052,0.07695136287045197,0.14526012091591095,0.04125269293006554,0.00546441385258677,0,0,0,0,0,0.1402700792266945,0.0793560929601536,0.15877269030343755,0.07425484727411799,0.0458546928975838,0,0,0,0,0,0.4985084026619875,0,0.4985084026619875,0.4985084026619875,2.153497282714939,1.5634496919917864,1.337235479513733,2.5191789342732744,1.4986730600131477,0,0,0,0,0,9.07203444850688,9.07203444850688,Melonheads,OF,2,17,0,0.4985084026619875
Ramon Laureano,SDP,hitter,12.96824837012114,560,505,122,21,69,71,9,0.242412,NA,NA,NA,NA,NA,NA,0.23722145751573345,0.2524966594186705,0.3997468443809952,0.07425484727411799,0.00131432017273319,0.9650341287622504,0,0,0,0,0,0,0.9650341287622504,0,0,0,0,0,1,0,0,1,0,0,OF,0.5234999294017727,0.5234999294017727,0.1388948823715309,0.14668853547179908,0.2319657744858733,0.03960258521286292,-0.03365184814029351,0,0,0,0,0,0.09832657514420257,0.10580812394687142,0.16778106989512193,0.03465226206125507,0.0349661683130267,0,0,0,0,0,0.44153419936047766,0,0.44153419936047766,0.44153419936047766,1.5095593697462568,1.6521560574948664,1.7829806393516432,1.1756168359941952,1.142802429833299,0,0,0,0,0,7.263115332420261,7.263115332420261,Melonheads,Util,2,1,0,0.44153419936047766
Jacob Misiorowski,MIL,pitcher,7.128853591830487,NA,NA,NA,NA,NA,NA,NA,NA,134,9,0,154,3.98298,1.28173,0,0,0,0,0,0,0.22076920319386284,0,0.4249764774093408,0.05911480410910689,0.04199314159138698,0.7468536263036974,0.7468536263036974,0,0,0,0,0,0,0,0,0,1,0,P,0.4486529493960002,0.4486529493960002,0,0,0,0,0,0.1422734865027116,0.03627746556510604,0.24091199011581463,0.01911506633562095,0.01007494087674703,0,0,0,0,0,0.07849571669115124,-0.03627746556510604,0.18406448729352615,0.03999973777348593,0.03191820071463995,0,0.29820067690769725,0.29820067690769725,0.29820067690769725,0,0,0,0,0,4.251968503937012,-4.025229357798171,5.019650472447528,2.818249003999104,2.2955755980040635,10.360214220589535,10.360214220589535,Melonheads,P,2,1,0,0.29820067690769725
Shota Imanaga,CHC,pitcher,9.28466572820309,NA,NA,NA,NA,NA,NA,NA,NA,147,9,0,134,4.04117,1.17639,0,0,0,0,0,0,0.22076920319386284,0,0.3697847270964394,0.06103175291424947,0.08570227863688348,0.7372879618414352,0.7372879618414352,0,0,0,0,0,0,0,0,0,1,0,P,0.4486529493960002,0.4486529493960002,0,0,0,0,0,0.1422734865027116,0.03627746556510604,0.24091199011581463,0.01911506633562095,0.01007494087674703,0,0,0,0,0,0.07849571669115124,-0.03627746556510604,0.12887273698062476,0.04191668657862851,0.07562733776013646,0,0.28863501244543494,0.28863501244543494,0.28863501244543494,0,0,0,0,0,4.251968503937012,-4.025229357798171,3.5145079019984933,2.9533108659393936,5.439162208932142,12.133720123008873,12.133720123008873,Melonheads,P,2027,18,0,0.28863501244543494
Zack Littell,NA,pitcher,NA,NA,NA,NA,NA,NA,NA,NA,NA,143,7,0,108,4.61597,1.26991,0,0,0,0,0,0,0.1717093802618933,0,0.29803545168966755,0.02268244224853386,0.04913994640328076,0.5415672206033755,0.5415672206033755,0,0,0,0,0,0,0,0,0,1,0,P,0.4486529493960002,0.4486529493960002,0,0,0,0,0,0.1422734865027116,0.03627746556510604,0.24091199011581463,0.01911506633562095,0.01007494087674703,0,0,0,0,0,0.0294358937591817,-0.03627746556510604,0.05712346157385292,0.0035673759129129,0.03906500552653373,0,0.09291427120737523,0.09291427120737523,0.09291427120737523,0,0,0,0,0,1.594488188976379,-4.025229357798171,1.557822560414749,0.2513454880727091,2.809577965385518,2.188004845051184,2.188004845051184,Melonheads,P,2,2,0,0.09291427120737523
Carlos Santana,ARI,hitter,-4.187369169724988,357,312,70,10,38,40,3,0.224232,NA,NA,NA,NA,NA,NA,0.13064370124054883,0.1202365044850812,0.22520948979211,0.02475161575803933,-0.04116317126855849,0.4596781400072209,0,0,0,0,0,0,0.4596781400072209,0,1,0,0,0,0,1,0,1,0,0,1B,0.44297870877619505,0.44297870877619505,0.11345374055100294,0.11783177439537958,0.19480620867017517,0.03465226206125506,-0.01776527690161768,0,0,0,0,0,0.01718996068954589,0.00240473008970162,0.03040328112193482,-0.00990064630321573,-0.02339789436694081,0,0,0,0,0,0.01669943123102581,0,0.01669943123102581,0.01669943123102581,0.26390898072487,0.2993839835728951,0.04052228725799198,-0.3358905245697698,-0.7647154900172777,0,0,0,0,0,-0.4967907630312904,-0.4967907630312904,Melonheads,1B,2,9,0,0.01669943123102581
Juan Soto,NYM,hitter,39.28784449577553,686,548,149,38,114,102,23,0.272204,NA,NA,NA,NA,NA,NA,0.3919311037216465,0.45689871704330853,0.5742841989698805,0.18976238747830151,0.12224221325625252,1.7351186204693896,0,0,0,0,0,0,1.7351186204693896,0,0,0,0,0,1,0,0,1,0,0,OF,0.5234999294017727,0.5234999294017727,0.1388948823715309,0.14668853547179908,0.2319657744858733,0.03960258521286292,-0.03365184814029351,0,0,0,0,0,0.2530362213501156,0.3102101815715095,0.3423184244840072,0.1501598022654386,0.15589406139654605,0,0,0,0,0,1.211618691067617,0,1.211618691067617,1.211618691067617,3.8847401962700863,3.370841889117043,5.227375056280955,5.0943396226415105,5.095099656492302,0,0,0,0,0,22.672396420801896,22.672396420801896,Erie Lakers,OF,2,37,0,1.211618691067617
Mookie Betts,LAD,hitter,25.291262734135532,651,567,155,24,95,90,9,0.273981,NA,NA,NA,NA,NA,NA,0.3266092531013721,0.2885676107641949,0.5067213520322474,0.07425484727411799,0.13393668844235734,1.33008975161429,0,0,0,0,0,0,1.33008975161429,0,0,0,0,1,0,0,1,1,0,0,SS,0.24912776719314625,0.24912776719314625,0.06738464590301993,0.04328514161462923,0.10021822295748894,0.0379524774956603,2.872792223478263e-4,0,0,0,0,0,0.25922460719835216,0.24528246914956567,0.4065031290747585,0.03630236977845769,0.1336494092200095,0,0,0,0,0,1.0809619844211436,0,1.0809619844211436,1.0809619844211436,3.97974742933104,4.002874743326489,4.1332733003151745,1.2315985900891566,4.3680756849045475,0,0,0,0,0,17.715569747966406,17.715569747966406,Erie Lakers,OF,2026,35,0,1.0809619844211436
Ezequiel Tovar,COL,hitter,18.922800163490447,651,605,161,21,81,76,9,0.266104,NA,NA,NA,NA,NA,NA,0.2784773631706436,0.2524966594186705,0.42789803060500897,0.07425484727411799,0.10764670534513456,1.1407736058135756,0,0,0,0,0,0,1.1407736058135756,0,0,0,0,1,0,0,1,1,0,0,SS,0.24912776719314625,0.24912776719314625,0.06738464590301993,0.04328514161462923,0.10021822295748894,0.0379524774956603,2.872792223478263e-4,0,0,0,0,0,0.2110927172676237,0.2092115178040413,0.32767980764752,0.03630236977845769,0.10735942612278672,0,0,0,0,0,0.8916458386204293,0,0.8916458386204293,0.8916458386204293,3.240802283301404,3.2266940451745376,3.5254389914452955,1.2315985900891566,3.508837798304616,0,0,0,0,0,14.733371708315008,14.733371708315008,Erie Lakers,SS,2027,11,0,0.8916458386204293
Austin Riley,ATL,hitter,21.333453228073925,672,608,159,30,88,93,3,0.261243,NA,NA,NA,NA,NA,NA,0.3025433081360078,0.3607095134552436,0.5236120637666557,0.02475161575803933,0.08630925268791988,1.2979257538038664,0,0,0,0,0,0,1.2979257538038664,0,0,0,1,0,0,1,0,1,0,0,3B,0.4172493965587398,0.4172493965587398,0.10864055155793008,0.09137974340866171,0.1756634020378458,0.03960258521286293,0.0019631143414393,0,0,0,0,0,0.19390275657807776,0.2693297700465819,0.3479486617288099,-0.0148509694548236,0.08434613834648058,0,0,0,0,0,0.8806763572451266,0,0.8806763572451266,0.8806763572451266,2.976893302576534,3.4262833675564677,4.538496172895093,-0.503835786854655,2.75669244014658,0,0,0,0,0,13.19452949632002,13.19452949632002,Erie Lakers,IL,1,20,0,0.8806763572451266
James Wood,WSN,hitter,25.679059771083875,644,558,146,27,89,86,16,0.261265,NA,NA,NA,NA,NA,NA,0.305981300273917,0.32463856210971925,0.48420040305303647,0.13200861737620975,0.0793022973057825,1.326131180118665,0,0,0,0,0,0,1.326131180118665,0,0,0,0,0,1,0,0,1,0,0,OF,0.5234999294017727,0.5234999294017727,0.1388948823715309,0.14668853547179908,0.2319657744858733,0.03960258521286292,-0.03365184814029351,0,0,0,0,0,0.16708641790238613,0.17795002663792017,0.25223462856716317,0.09240603216334684,0.11295414544607602,0,0,0,0,0,0.8026312507168925,0,0.8026312507168925,0.8026312507168925,2.5651952926457366,2.483778234086242,2.998649257091401,3.1349782293178525,3.691690514096994,0,0,0,0,0,14.874291527238226,14.874291527238226,Erie Lakers,OF,2029,17,0,0.8026312507168925
Ryan O'Hearn,PIT,hitter,11.58896442668293,546,486,130,15,64,63,3,0.267228,NA,NA,NA,NA,NA,NA,0.22003149682618753,0.1803547567276218,0.3547049464225732,0.02475161575803933,0.09051569059997532,0.8703585063343972,0,0,0,0,0,0,0.8703585063343972,0,1,0,0,0,1,1,0,1,0,0,1B,0.44297870877619505,0.44297870877619505,0.11345374055100294,0.11783177439537958,0.19480620867017517,0.03465226206125506,-0.01776527690161768,0,0,0,0,0,0.10657775627518461,0.06252298233224222,0.15989873775239805,-0.00990064630321573,0.108280967501593,0,0,0,0,0,0.4273797975582021,0,0.4273797975582021,0.4273797975582021,1.6362356804941944,1.574537987679671,1.0535794687077895,-0.3358905245697698,3.5389566182297427,0,0,0,0,0,7.467419230541627,7.467419230541627,Erie Lakers,1B/3B,1,12,0,0.4273797975582021
Daylen Lile,WSN,hitter,14.432237355372433,574,524,140,11,67,64,15,0.267276,NA,NA,NA,NA,NA,NA,0.23034547323991503,0.1322601549335893,0.360335183667376,0.12375807879019664,0.09777917925826024,0.9444780698893374,0,0,0,0,0,0,0.9444780698893374,0,0,0,0,0,1,0,0,1,0,0,OF,0.5234999294017727,0.5234999294017727,0.1388948823715309,0.14668853547179908,0.2319657744858733,0.03960258521286292,-0.03365184814029351,0,0,0,0,0,0.09145059086838414,-0.01442838053820977,0.1283694091815027,0.08415549357733372,0.13143102739855375,0,0,0,0,0,0.42097814048756454,0,0.42097814048756454,0.42097814048756454,1.403995777456308,1.264065708418891,-0.24313372354795193,2.8550694588430443,4.295572111931893,0,0,0,0,0,9.575569333102184,9.575569333102184,Erie Lakers,Util,2,1,0,0.42097814048756454
Brady Singer,CIN,pitcher,2.873650720770592,NA,NA,NA,NA,NA,NA,NA,NA,171,10,0,162,4.37762,1.29715,0,0,0,0,0,0,0.2452991146598476,0,0.44705317753450136,0.04531613482790227,0.04683908882992646,0.7845075158521778,0.7845075158521778,0,0,0,0,0,0,0,0,0,1,0,P,0.4486529493960002,0.4486529493960002,0,0,0,0,0,0.1422734865027116,0.03627746556510604,0.24091199011581463,0.01911506633562095,0.01007494087674703,0,0,0,0,0,0.103025628157136,-0.03627746556510604,0.20614118741868673,0.02620106849228131,0.03676414795317943,0,0.33585456645617745,0.33585456645617745,0.33585456645617745,0,0,0,0,0,5.580708661417328,-4.025229357798171,5.62170750062714,1.846040481571111,2.644098947721081,11.667326233538487,11.667326233538487,Erie Lakers,P,2,2,0,0.33585456645617745
Lourdes Gurriel Jr.,ARI,hitter,10.221962617867211,469,433,115,15,52,61,7,0.265972,NA,NA,NA,NA,NA,NA,0.17877559117127736,0.1803547567276218,0.34344447193296773,0.05775377010209177,0.07662004738704675,0.8369486373210054,0,0,0,0,0,0,0.8369486373210054,0,0,0,0,0,1,0,0,1,0,0,OF,0.5234999294017727,0.5234999294017727,0.1388948823715309,0.14668853547179908,0.2319657744858733,0.03960258521286292,-0.03365184814029351,0,0,0,0,0,0.03988070879974648,0.03366622125582272,0.11147869744709445,0.01815118488922885,0.11027189552734026,0,0,0,0,0,0.31344870791923274,0,0.31344870791923274,0.31344870791923274,0.6122688352816984,1.0977412731006158,0.5673120216118864,0.6157992950445785,3.604026298301023,0,0,0,0,0,6.497147723339802,6.497147723339802,Erie Lakers,IL,1,4,0,0.31344870791923274
Brandon Marsh,PHI,hitter,10.2050448566468,497,440,113,14,59,59,10,0.256105,NA,NA,NA,NA,NA,NA,0.20284153613664163,0.16833110627911368,0.33218399744336224,0.08250538586013109,0.04573083595966729,0.831592861678916,0,0,0,0,0,0,0.831592861678916,0,0,0,0,0,1,0,0,1,0,0,OF,0.5234999294017727,0.5234999294017727,0.1388948823715309,0.14668853547179908,0.2319657744858733,0.03960258521286292,-0.03365184814029351,0,0,0,0,0,0.06394665376511074,0.0216425708073146,0.10021822295748894,0.04290280064726817,0.0793826840999608,0,0,0,0,0,0.3080929322771433,0,0.3080929322771433,0.3080929322771433,0.9817414082965163,0.986858316221766,0.36470058532192695,1.455525606469003,2.59447141774259,0,0,0,0,0,6.383297334051802,6.383297334051802,Erie Lakers,OF,2,8,0,0.3080929322771433
Francisco Lindor,NYM,hitter,25.561568623273224,630,558,146,26,94,78,22,0.2612,NA,NA,NA,NA,NA,NA,0.32317126096346294,0.31261491166121114,0.4391585050946145,0.1815118488922884,0.0790338916139711,1.335490418225548,0,0,0,0,0,0,1.335490418225548,0,0,0,0,1,0,0,1,1,0,0,SS,0.24912776719314625,0.24912776719314625,0.06738464590301993,0.04328514161462923,0.10021822295748894,0.0379524774956603,2.872792223478263e-4,0,0,0,0,0,0.255786615060443,0.26932977004658193,0.33894028213712557,0.1435593713966281,0.07874661239162328,0,0,0,0,0,1.086362651032402,0,1.086362651032402,1.086362651032402,3.926965633186066,3.337577002053388,4.538496172895094,4.870412606261664,2.573682628781532,0,0,0,0,0,19.247134043177745,19.247134043177745,National Pastime,SS,2,33,0,1.086362651032402
Willy Adames,SFG,hitter,18.103605311807787,679,596,141,27,85,87,12,0.23639,NA,NA,NA,NA,NA,NA,0.29222933172228033,0.32463856210971925,0.4898306402978392,0.09900646303215732,-0.02500903188093688,1.1806959652810591,0,0,0,0,0,0,1.1806959652810591,0,0,0,0,1,0,0,1,1,0,0,SS,0.24912776719314625,0.24912776719314625,0.06738464590301993,0.04328514161462923,0.10021822295748894,0.0379524774956603,2.872792223478263e-4,0,0,0,0,0,0.2248446858192604,0.28135342049509005,0.38961241734035024,0.06105398553649702,-0.0252963111032847,0,0,0,0,0,0.931568198087913,0,0.931568198087913,0.931568198087913,3.4519294678813006,3.836550308008213,4.741107609185054,2.0713249015135813,-0.826761615280644,0,0,0,0,0,13.274150671307504,13.274150671307504,National Pastime,2B/SS,2026,27,0,0.931568198087913
Brice Turang,MIL,hitter,19.227735789454783,651,582,151,14,83,68,28,0.258848,NA,NA,NA,NA,NA,NA,0.28535334744646196,0.16833110627911368,0.38285613264658697,0.23101508040836707,0.07230331488395442,1.1398589816644842,0,0,0,0,0,0,1.1398589816644842,0,0,1,0,0,0,0,1,1,0,0,2B,0.3590039845822357,0.3590039845822357,0.09007539401322052,0.07695136287045197,0.14526012091591095,0.04125269293006554,0.00546441385258677,0,0,0,0,0,0.19527795343324145,0.09137974340866171,0.237596011730676,0.18976238747830151,0.06683890103136765,0,0,0,0,0,0.7808549970822484,0,0.7808549970822484,0.7808549970822484,2.998006021034524,2.339630390143737,1.5398469158036925,6.437901720920591,2.18450182537094,0,0,0,0,0,15.499886873273486,15.499886873273486,National Pastime,2B,2029,22,0,0.7808549970822484
Michael Harris II,ATL,hitter,23.14735641525368,581,546,150,22,71,78,18,0.275215,NA,NA,NA,NA,NA,NA,0.2440974417915518,0.2645203098671786,0.4391585050946145,0.14850969454823598,0.133962066837632,1.230248018139213,0,0,0,0,0,0,1.230248018139213,0,0,0,0,0,1,0,0,1,0,0,OF,0.5234999294017727,0.5234999294017727,0.1388948823715309,0.14668853547179908,0.2319657744858733,0.03960258521286292,-0.03365184814029351,0,0,0,0,0,0.10520255942002092,0.11783177439537952,0.2071927306087412,0.10890710933537306,0.16761391497792552,0,0,0,0,0,0.7067480887374403,0,0.7067480887374403,0.7067480887374403,1.6151229620362046,2.040246406570842,1.9855920756416023,3.6947957702674694,5.478140687187712,0,0,0,0,0,14.813897901703829,14.813897901703829,National Pastime,OF,2028,21,0,0.7067480887374403
Alec Burleson,STL,hitter,19.897094289445853,602,551,152,22,70,79,6,0.275849,NA,NA,NA,NA,NA,NA,0.2406594496536426,0.2645203098671786,0.4447887423394172,0.04950323151607866,0.13777397137502947,1.1372457047513465,0,0,0,0,0,0,1.1372457047513465,0,1,0,0,0,1,1,0,1,0,0,1B,0.44297870877619505,0.44297870877619505,0.11345374055100294,0.11783177439537958,0.19480620867017517,0.03465226206125506,-0.01776527690161768,0,0,0,0,0,0.12720570910263967,0.14668853547179905,0.249982533669242,0.0148509694548236,0.15553924827664717,0,0,0,0,0,0.6942669959751515,0,0.6942669959751515,0.6942669959751515,1.9529264573640384,2.461601642710471,2.471859522737506,0.503835786854655,5.083503267321856,0,0,0,0,0,12.473726676988528,12.473726676988528,National Pastime,OF,2028,11,0,0.6942669959751515
Ivan Herrera,STL,hitter,17.212312382046274,601,520,142,19,78,74,10,0.273532,NA,NA,NA,NA,NA,NA,0.26816338675691603,0.22844935852165427,0.4166375561154035,0.08250538586013109,0.1211065512017832,1.1168622384558882,0,0,0,0,0,0,1.1168622384558882,0,0,0,0,0,0,0,0,1,0,0,Util,0.5234999294017727,0.5234999294017727,0.1388948823715309,0.14668853547179908,0.2319657744858733,0.03960258521286292,-0.03365184814029351,0,0,0,0,0,0.12926850438538515,0.08176082304985519,0.1846717816295302,0.04290280064726817,0.1547583993420767,0,0,0,0,0,0.5933623090541154,0,0.5933623090541154,0.5933623090541154,1.9845955350510225,1.8184804928131415,1.3777577667717242,1.455525606469003,5.057982711229713,0,0,0,0,0,11.694342112334605,11.694342112334605,National Pastime,C,2028,12,0,0.5933623090541154
Nick Pivetta,SDP,pitcher,15.660222701645893,NA,NA,NA,NA,NA,NA,NA,NA,173,10,0,190,3.91589,1.16883,0,0,0,0,0,0,0.2452991146598476,0,0.5243216279725633,0.08150048255825774,0.10420813929781628,0.9553293644884848,0.9553293644884848,0,0,0,0,0,0,0,0,0,1,0,P,0.4486529493960002,0.4486529493960002,0,0,0,0,0,0.1422734865027116,0.03627746556510604,0.24091199011581463,0.01911506633562095,0.01007494087674703,0,0,0,0,0,0.103025628157136,-0.03627746556510604,0.28340963785674866,0.0623854162226368,0.09413319842106924,0,0.5066764150924847,0.5066764150924847,0.5066764150924847,0,0,0,0,0,5.580708661417328,-4.025229357798171,7.728907099255787,4.395469743555606,6.770114493276153,20.449970639706702,20.449970639706702,National Pastime,P,2,13,0,0.5066764150924847
Nolan Gorman,STL,hitter,6.342289102995065,532,472,104,24,63,68,4,0.220376,NA,NA,NA,NA,NA,NA,0.21659350468827832,0.2885676107641949,0.38285613264658697,0.03300215434405244,-0.07574111264362848,0.8452782897994842,0,0,0,0,0,0,0.8452782897994842,0,0,1,1,0,0,1,1,1,0,0,2B,0.3590039845822357,0.3590039845822357,0.09007539401322052,0.07695136287045197,0.14526012091591095,0.04125269293006554,0.00546441385258677,0,0,0,0,0,0.1265181106750578,0.21161624789374295,0.237596011730676,-0.0082505385860131,-0.08120552649621525,0,0,0,0,0,0.4862743052172483,0,0.4862743052172483,0.4862743052172483,1.9423700981350431,2.339630390143737,3.565961278703288,-0.27990877047480794,-2.654047540038685,0,0,0,0,0,4.914005456468575,4.914005456468575,National Pastime,Bench,2,6,0,0.4862743052172483
Freddy Peralta,NYM,pitcher,13.639447120500996,NA,NA,NA,NA,NA,NA,NA,NA,162,11,0,177,3.82902,1.21816,0,0,0,0,0,0,0.26982902612583237,0,0.4884469902691774,0.08259986530981535,0.07712733974045957,0.9180032214452848,0.9180032214452848,0,0,0,0,0,0,0,0,0,1,0,P,0.4486529493960002,0.4486529493960002,0,0,0,0,0,0.1422734865027116,0.03627746556510604,0.24091199011581463,0.01911506633562095,0.01007494087674703,0,0,0,0,0,0.12755553962312077,-0.03627746556510604,0.24753500015336272,0.0634847989741944,0.06705239886371255,0,0.4693502720492844,0.4693502720492844,0.4693502720492844,0,0,0,0,0,6.909448818897644,-4.025229357798171,6.750564428463915,4.472928609964594,4.82244760584432,18.930160105372305,18.930160105372305,National Pastime,P,2026,24,0,0.4693502720492844
Matthew Boyd,CHC,pitcher,11.150949567328244,NA,NA,NA,NA,NA,NA,NA,NA,167,11,0,149,3.8894,1.22574,0,0,0,0,0,0,0.26982902612583237,0,0.4111785398311154,0.08064846456377432,0.0762677325873288,0.8379237631080508,0.8379237631080508,0,0,0,0,0,0,0,0,0,1,0,P,0.4486529493960002,0.4486529493960002,0,0,0,0,0,0.1422734865027116,0.03627746556510604,0.24091199011581463,0.01911506633562095,0.01007494087674703,0,0,0,0,0,0.12755553962312077,-0.03627746556510604,0.17026654971530078,0.06153339822815337,0.06619279171058177,0,0.38927081371205063,0.38927081371205063,0.38927081371205063,0,0,0,0,0,6.909448818897644,-4.025229357798171,4.643364829835268,4.335439378408215,4.7606241583937985,16.623647827736754,16.623647827736754,National Pastime,P,2,7,0,0.38927081371205063
Mark Vientos,NYM,hitter,5.607938342399475,441,401,100,20,52,63,1,0.250223,NA,NA,NA,NA,NA,NA,0.17877559117127736,0.2404730089701624,0.3547049464225732,0.00825053858601311,0.02422267394635609,0.8064267590963822,0,0,0,0,0,0,0.8064267590963822,0,0,0,1,0,0,1,0,1,0,0,3B,0.4172493965587398,0.4172493965587398,0.10864055155793008,0.09137974340866171,0.1756634020378458,0.03960258521286293,0.0019631143414393,0,0,0,0,0,0.07013503961334729,0.1490932655615007,0.1790415443847274,-0.03135204662684982,0.02225955960491679,0,0,0,0,0,0.38917736253764235,0,0.38917736253764235,0.38917736253764235,1.07674864135747,1.7630390143737162,2.512381809995498,-1.0636533278042717,0.7275111924128383,0,0,0,0,0,5.016027330335251,5.016027330335251,National Pastime,3B,2026,1,0,0.38917736253764235
Tyler Stephenson,CIN,hitter,8.085647739103882,450,398,93,14,50,53,1,0.233894,NA,NA,NA,NA,NA,NA,0.171899606895459,0.16833110627911368,0.2984025739745457,0.00825053858601311,-0.02405209210213665,0.6228317336329948,0,0,0,0,0,0,0.6228317336329948,1,0,0,0,0,0,0,0,1,0,0,C,0.3011983569402915,0.3011983569402915,0.08182421288223848,0.06011825224254059,0.13850383622214765,0.01650107717202622,0.00425097842133855,0,0,0,0,0,0.09007539401322052,0.1082128540365731,0.15989873775239807,-0.00825053858601311,-0.0283030705234752,0,0,0,0,0,0.32163337669270337,0,0.32163337669270337,0.32163337669270337,1.382883058998319,1.5745379876796712,1.823502926609636,-0.2799087704748083,-0.9250318043547416,0,0,0,0,0,3.575983398458076,3.575983398458076,National Pastime,C,2,12,0,0.32163337669270337
Raisel Iglesias,ATL,pitcher,11.236943233503109,NA,NA,NA,NA,NA,NA,NA,NA,66,5,26,71,3.61191,1.15066,0,0,0,0,0,0,0.1226495573299238,0.3627746556510604,0.19593071361079997,0.04004770045403877,0.04282521595107124,0.7642278429968942,0.7642278429968942,0,0,0,0,0,0,0,0,0,0,1,P,0.4486529493960002,0.4486529493960002,0,0,0,0,0,0.1422734865027116,0.03627746556510604,0.24091199011581463,0.01911506633562095,0.01007494087674703,0,0,0,0,0,-0.01962392917278779,0.32649719008595435,-0.04498127650501465,0.02093263411841782,0.03275027507432421,0,0.31557489360089397,0.31557489360089397,0.31557489360089397,0,0,0,0,0,-1.062992125984252,36.227064220183536,-1.226691194915963,1.4748440499630673,2.3554188709032133,37.7676438201496,37.7676438201496,National Pastime,P,1,15,0,0.31557489360089397
Dennis Santana,PIT,pitcher,7.205901396664605,NA,NA,NA,NA,NA,NA,NA,NA,68,4,26,63,3.72195,1.24679,0,0,0,0,0,0,0.09811964586393904,0.3627746556510604,0.17385401348563942,0.03792133507532929,0.02739132977678283,0.700060979852751,0.700060979852751,0,0,0,0,0,0,0,0,0,0,1,P,0.4486529493960002,0.4486529493960002,0,0,0,0,0,0.1422734865027116,0.03627746556510604,0.24091199011581463,0.01911506633562095,0.01007494087674703,0,0,0,0,0,-0.04415384063877256,0.32649719008595435,-0.06705797663017521,0.01880626873970834,0.0173163889000358,0,0.2514080304567507,0.2514080304567507,0.2514080304567507,0,0,0,0,0,-2.3917322834645685,36.227064220183536,-1.828748223095576,1.3250273900484013,1.2454047820508236,34.57701588572262,34.57701588572262,National Pastime,P,2,3,0,0.2514080304567507
Matthew Liberatore,STL,pitcher,1.1859774681813544,NA,NA,NA,NA,NA,NA,NA,NA,150,9,0,125,4.22171,1.31326,0,0,0,0,0,0,0.22076920319386284,0,0.34494843945563375,0.05018962220588204,0.0349016746005989,0.6508089394559775,0.6508089394559775,0,0,0,0,0,0,0,0,0,1,0,P,0.4486529493960002,0.4486529493960002,0,0,0,0,0,0.1422734865027116,0.03627746556510604,0.24091199011581463,0.01911506633562095,0.01007494087674703,0,0,0,0,0,0.07849571669115124,-0.03627746556510604,0.10403644933981912,0.03107455587026108,0.02482673372385186,0,0.20215599005997725,0.20215599005997725,0.20215599005997725,0,0,0,0,0,4.251968503937012,-4.025229357798171,2.837193745296428,2.1894102563124296,1.785553158968591,7.038896306716288,7.038896306716288,National Pastime,P,2,1,0,0.20215599005997725
Fernando Tatis Jr.,SDP,hitter,33.419128812328836,672,586,158,30,102,90,25,0.269948,NA,NA,NA,NA,NA,NA,0.35067519806673636,0.3607095134552436,0.5067213520322474,0.20626346465032777,0.12093566431947925,1.5453051925240344,0,0,0,0,0,0,1.5453051925240344,0,0,0,0,0,1,0,0,1,0,0,OF,0.5234999294017727,0.5234999294017727,0.1388948823715309,0.14668853547179908,0.2319657744858733,0.03960258521286292,-0.03365184814029351,0,0,0,0,0,0.21178031569520547,0.21402097798344452,0.27475557754637414,0.16666087943746483,0.15458751245977276,0,0,0,0,0,1.0218052631222618,0,1.0218052631222618,1.0218052631222618,3.251358642530399,2.705544147843942,3.606483565961279,5.654157163591128,5.052397599856477,0,0,0,0,0,20.269941119783223,20.269941119783223,Big Red Machine,OF,2026,31,0,1.0218052631222618
Ketel Marte,ARI,hitter,24.195854464580034,637,554,152,27,94,86,6,0.273566,NA,NA,NA,NA,NA,NA,0.32317126096346294,0.32463856210971925,0.48420040305303647,0.04950323151607866,0.12916444686723627,1.3106779045095336,0,0,0,0,0,0,1.3106779045095336,0,0,1,0,0,0,0,1,1,0,0,2B,0.3590039845822357,0.3590039845822357,0.09007539401322052,0.07695136287045197,0.14526012091591095,0.04125269293006554,0.00546441385258677,0,0,0,0,0,0.23309586695024245,0.2476871992392673,0.3389402821371255,0.00825053858601312,0.1237000330146495,0,0,0,0,0,0.951673919927298,0,0.951673919927298,0.951673919927298,3.578605778629238,3.3375770020533877,4.173795587573166,0.27990877047480867,4.042899325830195,0,0,0,0,0,15.412786464560796,15.412786464560796,Big Red Machine,2B,2,29,0,0.951673919927298
Dansby Swanson,CHC,hitter,16.823716873582974,686,619,149,22,82,80,16,0.241001,NA,NA,NA,NA,NA,NA,0.2819153553085528,0.2645203098671786,0.45041897958422,0.13200861737620975,-0.00485239363270101,1.1240108685034602,0,0,0,0,0,0,1.1240108685034602,0,0,0,0,1,0,0,1,1,0,0,SS,0.24912776719314625,0.24912776719314625,0.06738464590301993,0.04328514161462923,0.10021822295748894,0.0379524774956603,2.872792223478263e-4,0,0,0,0,0,0.21453070940553284,0.22123516825254935,0.35020075662673106,0.09405613988054944,-0.00513967285504883,0,0,0,0,0,0.874883101310314,0,0.874883101310314,0.874883101310314,3.2935840794463784,3.4484599589322382,3.728050427735255,3.190959983412814,-0.16798039106589294,0,0,0,0,0,13.493074058460792,13.493074058460792,Big Red Machine,SS,2,19,0,0.874883101310314
Otto Lopez,MIA,hitter,13.425088892683466,609,557,148,12,67,65,16,0.265908,NA,NA,NA,NA,NA,NA,0.23034547323991503,0.14428380538209745,0.3659654209121787,0.13200861737620975,0.0982982443407551,0.970901561251156,0,0,0,0,0,0,0.970901561251156,0,0,1,0,1,0,0,1,1,0,0,SS,0.24912776719314625,0.24912776719314625,0.06738464590301993,0.04328514161462923,0.10021822295748894,0.0379524774956603,2.872792223478263e-4,0,0,0,0,0,0.1629608273368951,0.10099866376746822,0.26574719795468976,0.09405613988054944,0.09801096511840728,0,0,0,0,0,0.7217737940580099,0,0.7217737940580099,0.7217737940580099,2.5018571372717675,2.616837782340862,1.70193606483566,3.190959983412814,3.203301204893363,0,0,0,0,0,13.214892172754466,13.214892172754466,Big Red Machine,Util,2,1,0,0.7217737940580099
Michael Busch,CHC,hitter,17.919649130301185,602,526,133,28,84,82,4,0.252787,NA,NA,NA,NA,NA,NA,0.28879133958437114,0.33666221255822737,0.4616794540738255,0.03300215434405244,0.04175378239487919,1.1618889429553556,0,0,0,0,0,0,1.1618889429553556,0,1,0,0,0,0,1,0,1,0,0,1B,0.44297870877619505,0.44297870877619505,0.11345374055100294,0.11783177439537958,0.19480620867017517,0.03465226206125506,-0.01776527690161768,0,0,0,0,0,0.1753375990333682,0.2188304381628478,0.2668732454036503,-0.00165010771720262,0.05951905929649687,0,0,0,0,0,0.7189102341791607,0,0.7189102341791607,0.7189102341791607,2.691871603393675,2.627926078028747,3.687528140477264,-0.05598175409496164,1.9452667783472408,0,0,0,0,0,10.896610846151964,10.896610846151964,Big Red Machine,1B,2027,11,0,0.7189102341791607
Joey Ortiz,MIL,hitter,11.282734917026822,630,570,141,12,73,66,15,0.248205,NA,NA,NA,NA,NA,NA,0.25097342606737016,0.14428380538209745,0.3715956581569815,0.12375807879019664,0.0259190643561616,0.9165300327528072,0,0,0,0,0,0,0.9165300327528072,0,0,0,0,1,0,0,1,1,0,0,SS,0.24912776719314625,0.24912776719314625,0.06738464590301993,0.04328514161462923,0.10021822295748894,0.0379524774956603,2.872792223478263e-4,0,0,0,0,0,0.18358878016435023,0.10099866376746822,0.27137743519949253,0.085805601294536335,0.02563178513381377,0,0,0,0,0,0.6674022655596611,0,0.6674022655596611,0.6674022655596611,2.8185479141416123,2.672279260780287,1.70193606483566,2.9110512129380055,0.8377259432505394,0,0,0,0,0,10.941540395946106,10.941540395946106,Big Red Machine,3B,1,7,0,0.6674022655596611
Kyle Stowers,MIA,hitter,16.332825292775205,609,537,131,27,73,84,4,0.242985,NA,NA,NA,NA,NA,NA,0.25097342606737016,0.32463856210971925,0.472939928563431,0.03300215434405244,0.00367465648166854,1.0852287275662411,0,0,0,0,0,0,1.0852287275662411,0,0,0,0,0,1,0,0,1,0,0,OF,0.5234999294017727,0.5234999294017727,0.1388948823715309,0.14668853547179908,0.2319657744858733,0.03960258521286292,-0.03365184814029351,0,0,0,0,0,0.11207854369583928,0.17795002663792017,0.24097415407755768,-0.00660043086881047,0.03732650462196205,0,0,0,0,0,0.5617287981644687,0,0.5617287981644687,0.5617287981644687,1.720686554326153,2.372895277207392,2.998649257091401,-0.22392701637984633,1.2199455141120004,0,0,0,0,0,8.0882495863571,8.0882495863571,Big Red Machine,OF,2,3,0,0.5617287981644687
Michael King,SDP,pitcher,12.294853824580985,NA,NA,NA,NA,NA,NA,NA,NA,161,10,0,170,3.68143,1.24547,0,0,0,0,0,0,0.2452991146598476,0,0.4691298776596619,0.0926962173053096,0.06539696511505073,0.8725221747398699,0.8725221747398699,0,0,0,0,0,0,0,0,0,1,0,P,0.4486529493960002,0.4486529493960002,0,0,0,0,0,0.1422734865027116,0.03627746556510604,0.24091199011581463,0.01911506633562095,0.01007494087674703,0,0,0,0,0,0.103025628157136,-0.03627746556510604,0.22821788754384728,0.07358115096968865,0.05532202423830371,0,0.4238692253438696,0.4238692253438696,0.4238692253438696,0,0,0,0,0,5.580708661417328,-4.025229357798171,6.223764528806754,5.184284122254651,3.978792226072756,16.942320180753317,16.942320180753317,Big Red Machine,P,2028,12,0,0.4238692253438696
Sandy Alcantara,MIA,pitcher,7.878017363652617,NA,NA,NA,NA,NA,NA,NA,NA,188,11,0,156,4.07594,1.25789,0,0,0,0,0,0,0.26982902612583237,0,0.4304956524406309,0.07513651432504521,0.07038762143695254,0.845848814328461,0.845848814328461,0,0,0,0,0,0,0,0,0,1,0,P,0.4486529493960002,0.4486529493960002,0,0,0,0,0,0.1422734865027116,0.03627746556510604,0.24091199011581463,0.01911506633562095,0.01007494087674703,0,0,0,0,0,0.12755553962312077,-0.03627746556510604,0.1895836623248163,0.05602144798942427,0.06031268056020551,0,0.3971958649324608,0.3971958649324608,0.3971958649324608,0,0,0,0,0,6.909448818897644,-4.025229357798171,5.170164729492431,3.9470856257321727,4.337723137404727,16.339192953728805,16.339192953728805,Big Red Machine,P,1,12,0,0.3971958649324608
Marcell Ozuna,PIT,hitter,8.291273805356823,525,452,111,23,63,70,0,0.246317,NA,NA,NA,NA,NA,NA,0.21659350468827832,0.27654396031568673,0.3941166071361925,0,0.01423819993779953,0.9014922720779572,0,0,0,0,0,0,0.9014922720779572,0,0,0,0,0,0,0,0,1,0,0,Util,0.5234999294017727,0.5234999294017727,0.1388948823715309,0.14668853547179908,0.2319657744858733,0.03960258521286292,-0.03365184814029351,0,0,0,0,0,0.07769862231674743,0.12985542484388765,0.1621508326503192,-0.03960258521286292,0.04789004807809304,0,0,0,0,0,0.3779923426761844,0,0.3779923426761844,0.3779923426761844,1.192868592876412,1.5967145790554416,2.188203511931562,-1.3435620982790792,1.565194756786917,0,0,0,0,0,5.199419342371254,5.199419342371254,Big Red Machine,Bench,2026,22,0,0.3779923426761844
Ryan Walker,SFG,pitcher,10.560564184206775,NA,NA,NA,NA,NA,NA,NA,NA,63,5,24,68,3.27067,1.18208,0,0,0,0,0,0,0.1226495573299238,0.3348689129086711,0.18765195106386476,0.04782309371914819,0.03581201232502449,0.7288055273466324,0.7288055273466324,0,0,0,0,0,0,0,0,0,0,1,P,0.4486529493960002,0.4486529493960002,0,0,0,0,0,0.1422734865027116,0.03627746556510604,0.24091199011581463,0.01911506633562095,0.01007494087674703,0,0,0,0,0,-0.01962392917278779,0.2985914473435651,-0.05326003905194987,0.02870802738352724,0.02573707144827746,0,0.2801525779506321,0.2801525779506321,0.2801525779506321,0,0,0,0,0,-1.062992125984252,33.13073394495417,-1.452462580483318,2.0226724994690817,1.8510251786734933,34.488976916629184,34.488976916629184,Big Red Machine,P,2,1,0,0.2801525779506321
Sean Murphy,ATL,hitter,6.022629527345459,390,341,75,17,44,48,0,0.221555,NA,NA,NA,NA,NA,NA,0.1512716540680039,0.20440205762463803,0.270251387750532,0,-0.05174457065507248,0.5741805287881014,0,0,0,0,0,0,0.5741805287881014,1,0,0,0,0,0,0,0,1,0,0,C,0.3011983569402915,0.3011983569402915,0.08182421288223848,0.06011825224254059,0.13850383622214765,0.01650107717202622,0.00425097842133855,0,0,0,0,0,0.06944744118576543,0.14428380538209745,0.13174755152838433,-0.01650107717202622,-0.05599554907641103,0,0,0,0,0,0.27298217184781,0,0.27298217184781,0.27298217184781,1.0661922821284748,1.297330595482546,2.431337235479514,-0.5598175409496166,-1.8301075763149035,0,0,0,0,0,2.404934995826016,2.404934995826016,Big Red Machine,C,1,4,0,0.27298217184781
Braxton Ashcraft,PIT,pitcher,6.272791179654895,NA,NA,NA,NA,NA,NA,NA,NA,151,9,0,133,3.83327,1.28233,0,0,0,0,0,0,0.22076920319386284,0,0.3670251395807943,0.07670478565345451,0.04708873099254812,0.7115878594206597,0.7115878594206597,0,0,0,0,0,0,0,0,0,1,1,P,0.4486529493960002,0.4486529493960002,0,0,0,0,0,0.1422734865027116,0.03627746556510604,0.24091199011581463,0.01911506633562095,0.01007494087674703,0,0,0,0,0,0.07849571669115124,-0.03627746556510604,0.12611314946497967,0.05758971931783356,0.03701379011580109,0,0.2629349100246595,0.2629349100246595,0.2629349100246595,0,0,0,0,0,4.251968503937012,-4.025229357798171,3.439250773476042,4.057580827833711,2.6620533575536,10.385624105002192,10.385624105002192,Big Red Machine,P,2,1,0,0.2629349100246595
Bubba Chandler,PIT,pitcher,2.3873075359408977,NA,NA,NA,NA,NA,NA,NA,NA,149,9,0,137,4.1137,1.3284,0,0,0,0,0,0,0.22076920319386284,0,0.3780634896433746,0.0570383969734199,0.02889492362864454,0.6847660134393019,0.6847660134393019,0,0,0,0,0,0,0,0,0,1,0,P,0.4486529493960002,0.4486529493960002,0,0,0,0,0,0.1422734865027116,0.03627746556510604,0.24091199011581463,0.01911506633562095,0.01007494087674703,0,0,0,0,0,0.07849571669115124,-0.03627746556510604,0.13715149952755998,0.03792333063779894,0.01881998275189751,0,0.2361130640433016,0.2361130640433016,0.2361130640433016,0,0,0,0,0,4.251968503937012,-4.025229357798171,3.7402792875658486,2.671952236375657,1.3535441282032374,7.992514798283584,7.992514798283584,Big Red Machine,P,2,4,0,0.2361130640433016
Pavin Smith,ARI,hitter,1.428855664522511,455,393,93,13,52,52,3,0.236819,NA,NA,NA,NA,NA,NA,0.17877559117127736,0.15630745583060557,0.292772336729743,0.02475161575803933,-0.01524320136026267,0.6373637981294026,0,0,0,0,0,0,0.6373637981294026,0,1,0,0,0,0,1,0,1,0,0,1B,0.44297870877619505,0.44297870877619505,0.11345374055100294,0.11783177439537958,0.19480620867017517,0.03465226206125506,-0.01776527690161768,0,0,0,0,0,0.06532185062027443,0.03847568143522599,0.09796612805956784,-0.00990064630321573,0.00252207554135501,0,0,0,0,0,0.1943850893532075,0,0.1943850893532075,0.1943850893532075,1.0028541267545064,0.9646817248459958,0.6483565961278707,-0.3358905245697698,0.0824292221864601,0,0,0,0,0,2.362431145345063,2.362431145345063,Big Red Machine,OF,1,5,0,0.1943850893532075
Geraldo Perdomo,ARI,hitter,22.26660076148332,686,581,154,15,96,72,23,0.266039,NA,NA,NA,NA,NA,NA,0.3300472452392813,0.1803547567276218,0.405377081625798,0.18976238747830151,0.10309695381018943,1.208638424881192,0,0,0,0,0,0,1.208638424881192,0,0,0,0,1,0,0,1,1,0,0,SS,0.24912776719314625,0.24912776719314625,0.06738464590301993,0.04328514161462923,0.10021822295748894,0.0379524774956603,2.872792223478263e-4,0,0,0,0,0,0.26266259933626135,0.13706961511299257,0.30515885866830905,0.1518099099826412,0.1028096745878416,0,0,0,0,0,0.9595106576880458,0,0.9595106576880458,0.9595106576880458,4.032529225476014,3.004928131416838,2.3097703737055384,5.150321376736472,3.3601378589024486,0,0,0,0,0,17.85768696623731,17.85768696623731,Free At Last,SS,1,1,0,0.9595106576880458
Kyle Schwarber,PHI,hitter,24.438170349048537,686,573,130,44,103,105,7,0.226876,NA,NA,NA,NA,NA,NA,0.35411319020464554,0.5290406197343572,0.5911749107042887,0.05775377010209177,-0.06438633714365675,1.4676961536017266,0,0,0,0,0,0,1.4676961536017266,0,0,0,0,0,0,0,0,1,0,0,Util,0.5234999294017727,0.5234999294017727,0.1388948823715309,0.14668853547179908,0.2319657744858733,0.03960258521286292,-0.03365184814029351,0,0,0,0,0,0.21521830783311463,0.3823520842625582,0.35920913621841544,0.01815118488922885,-0.03073448900336324,0,0,0,0,0,0.944196224199954,0,0.944196224199954,0.944196224199954,3.3041404386753728,3.537166324435318,6.443043674020712,0.6157992950445785,-1.0044980736320208,0,0,0,0,0,12.89565165854396,12.89565165854396,Free At Last,Bench,2,24,0,0.944196224199954
Matt Chapman,SFG,hitter,16.974760624635653,672,583,141,27,89,84,9,0.24152,NA,NA,NA,NA,NA,NA,0.305981300273917,0.32463856210971925,0.472939928563431,0.07425484727411799,-0.00233105260389726,1.175483585617288,0,0,0,0,0,0,1.175483585617288,0,0,0,1,0,0,1,0,1,0,0,3B,0.4172493965587398,0.4172493965587398,0.10864055155793008,0.09137974340866171,0.1756634020378458,0.03960258521286293,0.0019631143414393,0,0,0,0,0,0.19734074871598695,0.23325881870105752,0.29727652652558517,0.03465226206125506,-0.00429416694533656,0,0,0,0,0,0.7582341890585481,0,0.7582341890585481,0.7582341890585481,3.0296750987215084,2.9273100616016423,3.9306618640252142,1.1756168359941948,-0.14034664522884546,0,0,0,0,0,10.922917215113712,10.922917215113712,Free At Last,3B,2027,23,0,0.7582341890585481
Ozzie Albies,ATL,hitter,14.620690078997164,630,571,145,19,75,74,11,0.253998,NA,NA,NA,NA,NA,NA,0.25784941034318853,0.22844935852165427,0.4166375561154035,0.0907559244461442,0.05044298008762358,1.044135229514014,0,0,0,0,0,0,1.044135229514014,0,0,1,0,0,0,0,1,1,0,0,2B,0.3590039845822357,0.3590039845822357,0.09007539401322052,0.07695136287045197,0.14526012091591095,0.04125269293006554,0.00546441385258677,0,0,0,0,0,0.16777401632996802,0.1514979956512023,0.27137743519949253,0.04950323151607867,0.04497856623503681,0,0,0,0,0,0.6851312449317785,0,0.6851312449317785,0.6851312449317785,2.5757516518747323,2.672279260780287,2.55290409725349,1.6794526228488498,1.470038533351917,0,0,0,0,0,10.950426166109278,10.950426166109278,Free At Last,2B,1,14,0,0.6851312449317785
Ian Happ,CHC,hitter,16.616038276525764,658,565,137,23,84,79,8,0.242799,NA,NA,NA,NA,NA,NA,0.28879133958437114,0.27654396031568673,0.4447887423394172,0.06600430868810488,0.00308857039529994,1.0792169213228795,0,0,0,0,0,0,1.0792169213228795,0,0,0,0,0,1,0,0,1,0,0,OF,0.5234999294017727,0.5234999294017727,0.1388948823715309,0.14668853547179908,0.2319657744858733,0.03960258521286292,-0.03365184814029351,0,0,0,0,0,0.14989645721284026,0.12985542484388765,0.21282296785354388,0.02640172347524196,0.03674041853559345,0,0,0,0,0,0.5557169919211071,0,0.5557169919211071,0.5557169919211071,2.301286311920867,2.0956878850102663,2.188203511931562,0.8957080655193866,1.200790409738039,0,0,0,0,0,8.68167618412012,8.68167618412012,Free At Last,OF,2027,23,0,0.5557169919211071
Yoshinobu Yamamoto,LAD,pitcher,23.23211005559589,NA,NA,NA,NA,NA,NA,NA,NA,155,12,0,165,3.37777,1.11193,0,0,0,0,0,0,0.2943589375918171,0,0.45533194008143657,0.11025031496693095,0.1159399640393738,0.9758811566795584,0.9758811566795584,0,0,0,0,0,0,0,0,0,1,0,P,0.4486529493960002,0.4486529493960002,0,0,0,0,0,0.1422734865027116,0.03627746556510604,0.24091199011581463,0.01911506633562095,0.01007494087674703,0,0,0,0,0,0.15208545108910548,-0.03627746556510604,0.21441994996562191,0.09113524863131,0.10586502316262678,0,0.5272282072835581,0.5272282072835581,0.5272282072835581,0,0,0,0,0,8.238188976377957,-4.025229357798171,5.847478886194496,6.421087686596017,7.61387416624629,24.09540035761659,24.09540035761659,Free At Last,P,2027,31,0,0.5272282072835581
Victor Scott II,STL,hitter,11.137697229686296,581,515,117,9,65,50,38,0.226331,NA,NA,NA,NA,NA,NA,0.2234694889640967,0.10821285403657308,0.28151186224013747,0.31352046626849817,-0.05994610099591761,0.8667685705133878,0,0,0,0,0,0,0.8667685705133878,0,0,0,0,0,1,0,0,1,0,0,OF,0.5234999294017727,0.5234999294017727,0.1388948823715309,0.14668853547179908,0.2319657744858733,0.03960258521286292,-0.03365184814029351,0,0,0,0,0,0.08457460659256583,-0.038475681435226,0.04954608775426417,0.27391788105563525,-0.02629425285562409,0,0,0,0,0,0.34326864111161515,0,0.34326864111161515,0.34326864111161515,1.2984321851663605,0.48788501026694014,-0.6483565961278709,9.292971179763637,-0.8593774354985166,0,0,0,0,0,9.571554343570549,9.571554343570549,Free At Last,OF,2,5,0,0.34326864111161515
Patrick Bailey,SFG,hitter,6.712068755279029,525,473,108,11,53,53,3,0.227901,NA,NA,NA,NA,NA,NA,0.18221358330918655,0.1322601549335893,0.2984025739745457,0.02475161575803933,-0.04956182127339247,0.5880661067019683,0,0,0,0,0,0,0.5880661067019683,1,0,0,0,0,0,0,0,1,0,0,C,0.3011983569402915,0.3011983569402915,0.08182421288223848,0.06011825224254059,0.13850383622214765,0.01650107717202622,0.00425097842133855,0,0,0,0,0,0.10038937042694808,0.07214190269104873,0.15989873775239807,0.00825053858601311,-0.05381279969473102,0,0,0,0,0,0.28686774976167695,0,0.28686774976167695,0.28686774976167695,1.5412284474332412,1.5745379876796712,1.215668617739757,0.27990877047480833,-1.7587685815823368,0,0,0,0,0,2.852575241745141,2.852575241745141,Free At Last,C,2,6,0,0.28686774976167695
Gavin Sheets,SDP,hitter,4.665033848835037,490,441,106,16,49,59,2,0.24021700000000001,NA,NA,NA,NA,NA,NA,0.16846161475754984,0.19237840717612992,0.33218399744336224,0.01650107717202622,-0.00601561541984922,0.7035094811292191,0,0,0,0,0,0,0.7035094811292191,0,0,0,0,0,1,0,0,1,0,0,OF,0.5234999294017727,0.5234999294017727,0.1388948823715309,0.14668853547179908,0.2319657744858733,0.03960258521286292,-0.03365184814029351,0,0,0,0,0,0.02956673238601895,0.04568987170433084,0.10021822295748894,-0.0231015080408367,0.02763623272044429,0,0,0,0,0,0.18000955172744634,0,0.18000955172744634,0.18000955172744634,0.45392344684677655,0.986858316221766,0.7699234579018459,-0.7837445573294628,0.9032374843484368,0,0,0,0,0,2.3301981479893623,2.3301981479893623,Free At Last,1B/3B,2,1,0,0.18000955172744634
Roki Sasaki,LAD,pitcher,2.0577269010660606,NA,NA,NA,NA,NA,NA,NA,NA,113,7,0,118,4.16332,1.2867,0,0,0,0,0,0,0.1717093802618933,0,0.3256313268461183,0.04075458156373918,0.03397463640979527,0.5720699250815461,0.5720699250815461,0,0,0,0,0,0,0,0,0,1,0,P,0.4486529493960002,0.4486529493960002,0,0,0,0,0,0.1422734865027116,0.03627746556510604,0.24091199011581463,0.01911506633562095,0.01007494087674703,0,0,0,0,0,0.0294358937591817,-0.03627746556510604,0.08471933673030366,0.02163951522811822,0.02389969553304824,0,0.1234169756855458,0.1234169756855458,0.1234169756855458,0,0,0,0,0,1.594488188976379,-4.025229357798171,2.310393845639267,1.5246485510485588,1.7188800319883926,3.1231812598544257,3.1231812598544257,Free At Last,IL,2,14,0,0.1234169756855458
Miguel Amaya,CHC,hitter,2.397795096109645,298,267,64,8,32,36,1,0.239991,NA,NA,NA,NA,NA,NA,0.11001574841309376,0.09618920358806496,0.202688540812899,0.00825053858601311,-0.00408865089179251,0.41305538050827834,0,0,0,0,0,0,0.41305538050827834,1,0,0,0,0,0,0,0,1,0,0,C,0.3011983569402915,0.3011983569402915,0.08182421288223848,0.06011825224254059,0.13850383622214765,0.01650107717202622,0.00425097842133855,0,0,0,0,0,0.02819153553085528,0.03607095134552437,0.06418470459075135,-0.00825053858601311,-0.00833962931313106,0,0,0,0,0,0.1118570235679868,0,0.1118570235679868,0.1118570235679868,0.4328107283887869,0.6320328542094455,0.6078343088698788,-0.2799087704748083,-0.2725648563387073,0,0,0,0,0,1.1202042646545958,1.1202042646545958,Free At Last,IL,1,5,0,0.1118570235679868
Miles Mikolas,WSN,pitcher,-7.895471441569855,NA,NA,NA,NA,NA,NA,NA,NA,141,7,0,93,4.7664,1.33551,0,0,0,0,0,0,0.1717093802618933,0,0.25664163895499154,0.01289778393767749,0.0247775053425941,0.4660263084971564,0.4660263084971564,0,0,0,0,0,0,0,0,0,1,0,P,0.4486529493960002,0.4486529493960002,0,0,0,0,0,0.1422734865027116,0.03627746556510604,0.24091199011581463,0.01911506633562095,0.01007494087674703,0,0,0,0,0,0.0294358937591817,-0.03627746556510604,0.0157296488391769,-0.00621728239794346,0.01470256446584707,0,0.01737335910115618,0.01737335910115618,0.01737335910115618,0,0,0,0,0,1.594488188976379,-4.025229357798171,0.4289656325779748,-0.4380491198419751,1.0574170053514216,-1.382407650734371,-1.382407650734371,Free At Last,P,2,1,0,0.01737335910115618
Matt Olson,ATL,hitter,21.7835565412266,686,595,151,32,91,97,1,0.253266,NA,NA,NA,NA,NA,NA,0.3128572845497354,0.38475681435225983,0.5461330127458668,0.00825053858601311,0.04934008703243016,1.3013377372663053,0,0,0,0,0,0,1.3013377372663053,0,1,0,0,0,0,1,0,1,0,0,1B,0.44297870877619505,0.44297870877619505,0.11345374055100294,0.11783177439537958,0.19480620867017517,0.03465226206125506,-0.01776527690161768,0,0,0,0,0,0.19940354399873245,0.2669250399568803,0.3513268040756916,-0.02640172347524195,0.06710536393404784,0,0,0,0,0,0.8583590284901103,0,0.8583590284901103,0.8583590284901103,3.0613441764084928,3.4595482546201235,4.497973885637101,-0.8957080655193864,2.193210656430645,0,0,0,0,0,12.316368907576978,12.316368907576978,Free Birds,1B,2027,38,0,0.8583590284901103
Nico Hoerner,CHC,hitter,20.7967881398202,665,607,171,9,79,65,27,0.281193,NA,NA,NA,NA,NA,NA,0.2716013788948252,0.10821285403657308,0.3659654209121787,0.22276454182235397,0.17578127478448374,1.1443254704504149,0,0,0,0,0,0,1.1443254704504149,0,0,1,0,0,0,0,1,1,0,0,2B,0.3590039845822357,0.3590039845822357,0.09007539401322052,0.07695136287045197,0.14526012091591095,0.04125269293006554,0.00546441385258677,0,0,0,0,0,0.1815259848816047,0.0312614911661211,0.22070529999626776,0.18151184889228844,0.17031686093189696,0,0,0,0,0,0.785321485868179,0,0.785321485868179,0.785321485868179,2.7868788364546275,2.1733059548254614,0.5267897343538946,6.157992950445783,5.566481313368244,0,0,0,0,0,17.21144878944801,17.21144878944801,Free Birds,2B,2026,23,0,0.785321485868179
Drake Baldwin,ATL,hitter,22.81671467946948,571,509,136,23,71,78,1,0.266641,NA,NA,NA,NA,NA,NA,0.2440974417915518,0.27654396031568673,0.4391585050946145,0.00825053858601311,0.09258829740675574,1.0606387431946218,0,0,0,0,0,0,1.0606387431946218,1,0,0,0,0,0,0,0,1,0,0,C,0.3011983569402915,0.3011983569402915,0.08182421288223848,0.06011825224254059,0.13850383622214765,0.01650107717202622,0.00425097842133855,0,0,0,0,0,0.1622732289093133,0.21642570807314615,0.30065466887246683,-0.00825053858601311,0.08833731898541719,0,0,0,0,0,0.7594403862543304,0,0.7594403862543304,0.7594403862543304,2.4913007780427736,2.9605749486652977,3.6470058532192713,-0.2799087704748083,2.8871365566207645,0,0,0,0,0,11.7061093660733,11.7061093660733,Free Birds,C,2,1,0,0.7594403862543304
Teoscar Hernandez,LAD,hitter,21.99369504706165,595,546,142,29,75,92,6,0.260817,NA,NA,NA,NA,NA,NA,0.25784941034318853,0.3486858630067355,0.517981826521853,0.04950323151607866,0.07578672048303435,1.24980705187089,0,0,0,0,0,0,1.24980705187089,0,0,0,0,0,1,0,0,1,0,0,OF,0.5234999294017727,0.5234999294017727,0.1388948823715309,0.14668853547179908,0.2319657744858733,0.03960258521286292,-0.03365184814029351,0,0,0,0,0,0.11895452797165763,0.2019973275349364,0.2860160520359797,0.00990064630321574,0.10943856862332786,0,0,0,0,0,0.7263071224691174,0,0.7263071224691174,0.7263071224691174,1.826250146616101,2.8164271047227927,3.4038721296713197,0.3358905245697703,3.576790600004735,0,0,0,0,0,11.959230505584715,11.959230505584715,Free Birds,OF,2027,25,0,0.7263071224691174
Spencer Strider,ATL,pitcher,15.13452561515073,NA,NA,NA,NA,NA,NA,NA,NA,159,11,0,187,3.84571,1.20673,0,0,0,0,0,0,0.26982902612583237,0,0.516042865425628,0.07988574762760889,0.08035077488460693,0.9461084140636764,0.9461084140636764,0,0,0,0,0,0,0,0,0,1,0,P,0.4486529493960002,0.4486529493960002,0,0,0,0,0,0.1422734865027116,0.03627746556510604,0.24091199011581463,0.01911506633562095,0.01007494087674703,0,0,0,0,0,0.12755553962312077,-0.03627746556510604,0.2751308753098134,0.06077068129198794,0.0702758340078599,0,0.497455464667676,0.497455464667676,0.497455464667676,0,0,0,0,0,6.909448818897644,-4.025229357798171,7.5031357136884305,4.281700869974635,5.054278940098052,19.72333498486059,19.72333498486059,Free Birds,P,2,17,0,0.497455464667676
Bryan Reynolds,PIT,hitter,14.434263365003364,644,576,146,19,73,76,5,0.252714,NA,NA,NA,NA,NA,NA,0.25097342606737016,0.22844935852165427,0.42789803060500897,0.04125269293006554,0.04541160899966907,0.993985117123768,0,0,0,0,0,0,0.993985117123768,0,0,0,0,0,1,0,0,1,0,0,OF,0.5234999294017727,0.5234999294017727,0.1388948823715309,0.14668853547179908,0.2319657744858733,0.03960258521286292,-0.03365184814029351,0,0,0,0,0,0.11207854369583928,0.08176082304985519,0.19593225611913567,0.00165010771720262,0.07906345713996257,0,0,0,0,0,0.4704851877219953,0,0.4704851877219953,0.4704851877219953,1.720686554326153,1.9293634496919916,1.3777577667717242,0.05598175409496164,2.584038094242904,0,0,0,0,0,7.667827619127734,7.667827619127734,Free Birds,OF,2026,22,0,0.4704851877219953
Robbie Ray,SFG,pitcher,5.5571785126098865,NA,NA,NA,NA,NA,NA,NA,NA,174,10,0,176,4.12049,1.29856,0,0,0,0,0,0,0.2452991146598476,0,0.48568740275353234,0.06608124998108193,0.04703285780660317,0.844100625201065,0.844100625201065,0,0,0,0,0,0,0,0,0,1,0,P,0.4486529493960002,0.4486529493960002,0,0,0,0,0,0.1422734865027116,0.03627746556510604,0.24091199011581463,0.01911506633562095,0.01007494087674703,0,0,0,0,0,0.103025628157136,-0.03627746556510604,0.2447754126377177,0.04696618364546098,0.03695791692985614,0,0.3954476758050648,0.3954476758050648,0.3954476758050648,0,0,0,0,0,5.580708661417328,-4.025229357798171,6.675307299941464,3.309081700235461,2.658034925456356,14.197903229252438,14.197903229252438,Free Birds,P,2027,10,0,0.3954476758050648
Ha-Seong Kim,ATL,hitter,3.103801143586189,413,360,88,9,47,42,15,0.244386,NA,NA,NA,NA,NA,NA,0.16158563048173147,0.10821285403657308,0.2364699642817155,0.12375807879019664,0.00619582781929405,0.6362223554095108,0,0,0,0,0,0,0.6362223554095108,0,0,0,0,1,0,0,1,1,0,0,SS,0.24912776719314625,0.24912776719314625,0.06738464590301993,0.04328514161462923,0.10021822295748894,0.0379524774956603,2.872792223478263e-4,0,0,0,0,0,0.09420098457871154,0.06492771242194384,0.13625174132422654,0.085805601294536335,0.00590854859694622,0,0,0,0,0,0.3870945882163645,0,0.3870945882163645,0.3870945882163645,1.446221214372288,1.3416837782340862,1.0941017559657813,2.9110512129380055,0.19310962622297664,0,0,0,0,0,6.986167587733138,6.986167587733138,Free Birds,SS,1,1,0,0.3870945882163645
TJ Friedl,CIN,hitter,12.250934944007358,623,537,132,15,76,61,13,0.244807,NA,NA,NA,NA,NA,NA,0.26128740248109766,0.1803547567276218,0.34344447193296773,0.10725700161817042,0.01091512757479798,0.9032587603346556,0,0,0,0,0,0,0.9032587603346556,0,0,0,0,0,1,0,0,1,0,0,OF,0.5234999294017727,0.5234999294017727,0.1388948823715309,0.14668853547179908,0.2319657744858733,0.03960258521286292,-0.03365184814029351,0,0,0,0,0,0.12239252010956678,0.03366622125582272,0.11147869744709445,0.0676544164053075,0.04456697571509149,0,0,0,0,0,0.379758830932883,0,0.379758830932883,0.379758830932883,1.8790319427610744,1.0977412731006158,0.5673120216118864,2.295251917893428,1.456586483299449,0,0,0,0,0,7.295923638666453,7.295923638666453,Free Birds,OF,2026,11,0,0.379758830932883
Max Muncy,LAD,hitter,3.723048360493244,455,375,82,21,60,62,3,0.2198,NA,NA,NA,NA,NA,NA,0.2062795282745508,0.2524966594186705,0.3490747091777705,0.02475161575803933,-0.06177411792883947,0.7708283947001917,0,0,0,0,0,0,0.7708283947001917,0,0,0,1,0,0,1,0,1,0,0,3B,0.4172493965587398,0.4172493965587398,0.10864055155793008,0.09137974340866171,0.1756634020378458,0.03960258521286293,0.0019631143414393,0,0,0,0,0,0.09763897671662072,0.16111691601000877,0.1734113071399247,-0.0148509694548236,-0.06373723227027876,0,0,0,0,0,0.3535789981414518,0,0.3535789981414518,0.3535789981414518,1.4990030105172618,1.7075975359342916,2.714993246285457,-0.503835786854655,-2.083129705755824,0,0,0,0,0,3.334628300126531,3.334628300126531,Free Birds,3B,2026,19,0,0.3535789981414518
Mitch Keller,PIT,pitcher,3.296966362011928,NA,NA,NA,NA,NA,NA,NA,NA,175,10,0,152,4.19255,1.29666,0,0,0,0,0,0,0.2452991146598476,0,0.4194573023780506,0.06083229692084732,0.04815422473795106,0.7737429386966966,0.7737429386966966,0,0,0,0,0,0,0,0,0,1,0,P,0.4486529493960002,0.4486529493960002,0,0,0,0,0,0.1422734865027116,0.03627746556510604,0.24091199011581463,0.01911506633562095,0.01007494087674703,0,0,0,0,0,0.103025628157136,-0.03627746556510604,0.178545312262236,0.04171723058522637,0.03807928386120403,0,0.3250899893006963,0.3250899893006963,0.3250899893006963,0,0,0,0,0,5.580708661417328,-4.025229357798171,4.869136215402623,2.939257857443927,2.738684288715426,12.102557665181132,12.102557665181132,Free Birds,P,2,6,0,0.3250899893006963
Andrew Abbott,CIN,pitcher,4.3913648799877105,NA,NA,NA,NA,NA,NA,NA,NA,166,9,0,151,4.17496,1.27062,0,0,0,0,0,0,0.22076920319386284,0,0.4166977148624056,0.0590071018119574,0.05674190105485916,0.7532159209230851,0.7532159209230851,0,0,0,0,0,0,0,0,0,1,0,P,0.4486529493960002,0.4486529493960002,0,0,0,0,0,0.1422734865027116,0.03627746556510604,0.24091199011581463,0.01911506633562095,0.01007494087674703,0,0,0,0,0,0.07849571669115124,-0.03627746556510604,0.17578572474659096,0.03989203547633645,0.04666696017811213,0,0.3045629715270847,0.3045629715270847,0.3045629715270847,0,0,0,0,0,4.251968503937012,-4.025229357798171,4.793879086880172,2.81066065696071,3.356314974508111,11.187593864487834,11.187593864487834,Free Birds,P,2,2,0,0.3045629715270847
Reynaldo Lopez,ATL,pitcher,8.385092268219168,NA,NA,NA,NA,NA,NA,NA,NA,144,9,0,145,3.82501,1.25567,0,0,0,0,0,0,0.22076920319386284,0,0.4001401897685352,0.07367984438401683,0.0547321720300316,0.7493214093764464,0.7493214093764464,0,0,0,0,0,0,0,0,0,1,0,P,0.4486529493960002,0.4486529493960002,0,0,0,0,0,0.1422734865027116,0.03627746556510604,0.24091199011581463,0.01911506633562095,0.01007494087674703,0,0,0,0,0,0.07849571669115124,-0.03627746556510604,0.1592281996527206,0.05456477804839588,0.04465723115328457,0,0.3006684599804462,0.3006684599804462,0.3006684599804462,0,0,0,0,0,4.251968503937012,-4.025229357798171,4.342336315745463,3.84445348764901,3.211774091729635,11.62530304126295,11.62530304126295,Free Birds,IL,2027,9,0,0.3006684599804462
Miguel Andujar,SDP,hitter,2.9830947792553335,364,339,93,9,39,44,2,0.273982,NA,NA,NA,NA,NA,NA,0.13408169337845802,0.10821285403657308,0.247730438771321,0.01650107717202622,0.0800810578464232,0.5866071212048015,0,0,0,0,0,0,0.5866071212048015,0,0,0,1,0,1,1,0,1,0,0,3B,0.4172493965587398,0.4172493965587398,0.10864055155793008,0.09137974340866171,0.1756634020378458,0.03960258521286293,0.0019631143414393,0,0,0,0,0,0.02544114182052793,0.01683311062791136,0.0720670367334752,-0.02310150804083671,0.07811794350498391,0,0,0,0,0,0.1693577246460617,0,0.1693577246460617,0.1693577246460617,0.39058529147280774,0.7096509240246407,0.2836560108059432,-0.7837445573294632,2.5531357869091154,0,0,0,0,0,3.153283455883044,3.153283455883044,Free Birds,1B/3B,1,7,0,0.1693577246460617
Logan Henderson,MIL,pitcher,4.5704435469959925,NA,NA,NA,NA,NA,NA,NA,NA,113,8,0,114,4.14067,1.21916,0,0,0,0,0,0,0.19623929172787807,0,0.314592976783538,0.04189699890780025,0.05350946645055142,0.6062387338697678,0.6062387338697678,0,0,0,0,0,0,0,0,0,1,0,P,0.4486529493960002,0.4486529493960002,0,0,0,0,0,0.1422734865027116,0.03627746556510604,0.24091199011581463,0.01911506633562095,0.01007494087674703,0,0,0,0,0,0.05396580522516647,-0.03627746556510604,0.07368098666772335,0.02278193257217929,0.04343452557380439,0,0.15758578447376748,0.15758578447376748,0.15758578447376748,0,0,0,0,0,2.9232283464566953,-4.025229357798171,2.0093653315494593,1.6051394922713176,3.1238363938345683,5.63634020631387,5.63634020631387,Free Birds,IL,1,6,0,0.15758578447376748
Ronald Acuna Jr.,ATL,hitter,37.94156987027011,651,548,157,31,115,84,26,0.285816,NA,NA,NA,NA,NA,NA,0.3953690958595557,0.3727331639037517,0.472939928563431,0.21451400323634084,0.1774431775727727,1.632999369135852,0,0,0,0,0,0,1.632999369135852,0,0,0,0,0,1,0,0,1,0,0,OF,0.5234999294017727,0.5234999294017727,0.1388948823715309,0.14668853547179908,0.2319657744858733,0.03960258521286292,-0.03365184814029351,0,0,0,0,0,0.2564742134880248,0.22604462843195264,0.24097415407755768,0.17491141802347793,0.2110950257130662,0,0,0,0,0,1.1094994397340792,0,1.1094994397340792,1.1094994397340792,3.9375219924150606,2.372895277207392,3.809095002251239,5.934065934065935,6.899237747498359,0,0,0,0,0,22.952815953437984,22.952815953437984,Westside Marauders,OF,2026,46,0,1.1094994397340792
Masyn Winn,STL,hitter,14.438086919462412,644,587,150,15,79,68,13,0.255446,NA,NA,NA,NA,NA,NA,0.2716013788948252,0.1803547567276218,0.38285613264658697,0.10725700161817042,0.05814644628290042,1.0002157161701049,0,0,0,0,0,0,1.0002157161701049,0,0,0,0,1,0,0,1,1,0,0,SS,0.24912776719314625,0.24912776719314625,0.06738464590301993,0.04328514161462923,0.10021822295748894,0.0379524774956603,2.872792223478263e-4,0,0,0,0,0,0.2042167329918053,0.13706961511299257,0.282637909689098,0.06930452412251012,0.05785916706055259,0,0,0,0,0,0.7510879489769586,0,0.7510879489769586,0.7510879489769586,3.135238691011456,2.7831622176591373,2.3097703737055384,2.3512336719883895,1.8910163708242684,0,0,0,0,0,12.470421325188788,12.470421325188788,Westside Marauders,IL,2026,11,0,0.7510879489769586
Andy Pages,LAD,hitter,20.512008148055063,602,549,141,26,75,85,10,0.25661,NA,NA,NA,NA,NA,NA,0.25784941034318853,0.31261491166121114,0.47857016580823375,0.08250538586013109,0.05911128302708825,1.1906511566998528,0,0,0,0,0,0,1.1906511566998528,0,0,0,0,0,1,0,0,1,0,0,OF,0.5234999294017727,0.5234999294017727,0.1388948823715309,0.14668853547179908,0.2319657744858733,0.03960258521286292,-0.03365184814029351,0,0,0,0,0,0.11895452797165763,0.16592637618941206,0.24660439132236045,0.04290280064726817,0.09276313116738176,0,0,0,0,0,0.6671512272980801,0,0.6671512272980801,0.6671512272980801,1.826250146616101,2.4283367556468174,2.7960378208014416,1.455525606469003,3.0317857749810906,0,0,0,0,0,11.537936104514452,11.537936104514452,Westside Marauders,OF,2,3,0,0.6671512272980801
Chris Sale,ATL,pitcher,28.296783247383686,NA,NA,NA,NA,NA,NA,NA,NA,165,12,0,200,3.14754,1.10269,0,0,0,0,0,0,0.2943589375918171,0,0.551917503129014,0.1343192614655085,0.1273223102299685,1.1079180124163082,1.1079180124163082,0,0,0,0,0,0,0,0,0,1,0,P,0.4486529493960002,0.4486529493960002,0,0,0,0,0,0.1422734865027116,0.03627746556510604,0.24091199011581463,0.01911506633562095,0.01007494087674703,0,0,0,0,0,0.15208545108910548,-0.03627746556510604,0.31100551301319934,0.11520419512988754,0.11724736935322148,0,0.6592650630203077,0.6592650630203077,0.6592650630203077,0,0,0,0,0,8.238188976377957,-4.025229357798171,8.481478384480303,8.116905916231685,8.432499138147637,29.24384305743941,29.24384305743941,Westside Marauders,P,2027,18,0,0.6592650630203077
Will Smith,LAD,hitter,17.412245387671764,500,428,109,19,67,67,2,0.255441,NA,NA,NA,NA,NA,NA,0.23034547323991503,0.22844935852165427,0.37722589540178425,0.01650107717202622,0.04238055027373443,0.8949023546091142,0,0,0,0,0,0,0.8949023546091142,1,0,0,0,0,0,0,0,1,0,0,C,0.3011983569402915,0.3011983569402915,0.08182421288223848,0.06011825224254059,0.13850383622214765,0.01650107717202622,0.00425097842133855,0,0,0,0,0,0.14852126035767654,0.16833110627911368,0.2387220591796366,0,0.03812957185239588,0,0,0,0,0,0.5937039976688226,0,0.5937039976688226,0.5937039976688226,2.2801735934628766,2.3507186858316222,2.836560108059434,0,1.2461922327699717,0,0,0,0,0,8.713644620123903,8.713644620123903,Westside Marauders,IL,2,15,0,0.5937039976688226
Oneil Cruz,PIT,hitter,18.197639192968815,539,473,112,22,73,65,29,0.237442,NA,NA,NA,NA,NA,NA,0.25097342606737016,0.2645203098671786,0.3659654209121787,0.23926561899438015,-0.01616545602014965,1.1045593198209582,0,0,0,0,0,0,1.1045593198209582,0,0,0,0,0,1,0,0,1,0,0,OF,0.5234999294017727,0.5234999294017727,0.1388948823715309,0.14668853547179908,0.2319657744858733,0.03960258521286292,-0.03365184814029351,0,0,0,0,0,0.11207854369583928,0.11783177439537952,0.1339996464263054,0.19966303378151723,0.01748639212014386,0,0,0,0,0,0.5810593904191853,0,0.5810593904191853,0.5810593904191853,1.720686554326153,1.319507186858316,1.9855920756416023,6.773792245490359,0.5715093293900715,0,0,0,0,0,12.371087391706505,12.371087391706505,Westside Marauders,OF,2026,22,0,0.5810593904191853
Sal Stewart,CIN,hitter,11.9309598809419,504,454,120,18,65,69,8,0.263845,NA,NA,NA,NA,NA,NA,0.2234694889640967,0.21642570807314615,0.38848636989138974,0.06600430868810488,0.07318995722156006,0.9675758328382976,0,0,0,0,0,0,0.9675758328382976,0,1,0,1,0,0,1,0,1,0,0,3B,0.4172493965587398,0.4172493965587398,0.10864055155793008,0.09137974340866171,0.1756634020378458,0.03960258521286293,0.0019631143414393,0,0,0,0,0,0.11482893740616663,0.12504596466448442,0.21282296785354393,0.02640172347524194,0.07122684288012077,0,0,0,0,0,0.5503264362795577,0,0.5503264362795577,0.5503264362795577,1.7629119912421325,2.0956878850102667,2.1071589374155786,0.8957080655193862,2.327913324218359,0,0,0,0,0,9.189380203405722,9.189380203405722,Westside Marauders,1B/3B,2,1,0,0.5503264362795577
Mason Miller,SDP,pitcher,22.247695336459255,NA,NA,NA,NA,NA,NA,NA,NA,66,4,32,106,2.43273,0.962613,0,0,0,0,0,0,0.09811964586393904,0.44649188387822814,0.29251627665837743,0.07478548987317842,0.07459252895450795,0.986505825228231,0.986505825228231,0,0,0,0,0,0,0,0,0,0,1,P,0.4486529493960002,0.4486529493960002,0,0,0,0,0,0.1422734865027116,0.03627746556510604,0.24091199011581463,0.01911506633562095,0.01007494087674703,0,0,0,0,0,-0.04415384063877256,0.4102144183131221,0.0516042865425628,0.05567042353755747,0.06451758807776092,0,0.5378528758322307,0.5378528758322307,0.5378528758322307,0,0,0,0,0,-2.3917322834645685,45.516055045871624,1.407308303369846,3.9223536058010646,4.640142536776968,53.094127208354934,53.094127208354934,Westside Marauders,P,2,21,0,0.5378528758322307
Brenton Doyle,COL,hitter,16.66238190401799,595,548,136,19,69,70,21,0.247663,NA,NA,NA,NA,NA,NA,0.23722145751573345,0.22844935852165427,0.3941166071361925,0.1732613103062753,0.02272069802765117,1.0557694315075066,0,0,0,0,0,0,1.0557694315075066,0,0,0,0,0,1,0,0,1,0,0,OF,0.5234999294017727,0.5234999294017727,0.1388948823715309,0.14668853547179908,0.2319657744858733,0.03960258521286292,-0.03365184814029351,0,0,0,0,0,0.09832657514420257,0.08176082304985519,0.1621508326503192,0.1336587250934124,0.05637254616794468,0,0,0,0,0,0.532269502105734,0,0.532269502105734,0.532269502105734,1.5095593697462568,1.5967145790554416,1.3777577667717242,4.534522081691894,1.8424290062293227,0,0,0,0,0,10.860982803494638,10.860982803494638,Westside Marauders,OF,2,10,0,0.532269502105734
Francisco Alvarez,NYM,hitter,13.440062049380236,446,395,94,22,54,63,1,0.237978,NA,NA,NA,NA,NA,NA,0.1856515754470957,0.2645203098671786,0.3547049464225732,0.00825053858601311,-0.01193292081696623,0.8011944495058944,0,0,0,0,0,0,0.8011944495058944,1,0,0,0,0,0,0,0,1,0,0,C,0.3011983569402915,0.3011983569402915,0.08182421288223848,0.06011825224254059,0.13850383622214765,0.01650107717202622,0.00425097842133855,0,0,0,0,0,0.10382736256485722,0.20440205762463803,0.21620111020042557,-0.00825053858601311,-0.01618389923830478,0,0,0,0,0,0.49999609256560296,0,0.49999609256560296,0.49999609256560296,1.5940102435782149,2.1289527720739216,3.444394416929312,-0.2799087704748083,-0.5289398371631598,0,0,0,0,0,6.358508824943481,6.358508824943481,Westside Marauders,Util,2027,11,0,0.49999609256560296
Zac Gallen,ARI,pitcher,10.121734901935856,NA,NA,NA,NA,NA,NA,NA,NA,182,13,0,170,4.02788,1.28002,0,0,0,0,0,0,0.31888884905780185,0,0.4691298776596619,0.07664275156955415,0.05783205607660199,0.92249353436362,0.92249353436362,0,0,0,0,0,0,0,0,0,1,0,P,0.4486529493960002,0.4486529493960002,0,0,0,0,0,0.1422734865027116,0.03627746556510604,0.24091199011581463,0.01911506633562095,0.01007494087674703,0,0,0,0,0,0.17661536255509025,-0.03627746556510604,0.22821788754384728,0.0575276852339332,0.04775711519985495,0,0.4738405849676197,0.4738405849676197,0.4738405849676197,0,0,0,0,0,9.566929133858274,-4.025229357798171,6.223764528806754,4.053210111801615,3.4347195590374193,19.25339397570589,19.25339397570589,Westside Marauders,P,1,10,0,0.4738405849676197
Hunter Greene,CIN,pitcher,17.097363603411214,NA,NA,NA,NA,NA,NA,NA,NA,147,9,0,174,3.72853,1.1122,0,0,0,0,0,0,0.22076920319386284,0,0.48016822772224216,0.08154526468113182,0.10985437583087308,0.8923370714281099,0.8923370714281099,0,0,0,0,0,0,0,0,0,1,0,P,0.4486529493960002,0.4486529493960002,0,0,0,0,0,0.1422734865027116,0.03627746556510604,0.24091199011581463,0.01911506633562095,0.01007494087674703,0,0,0,0,0,0.07849571669115124,-0.03627746556510604,0.23925623760642753,0.06243019834551087,0.09977943495412606,0,0.44368412203210966,0.44368412203210966,0.44368412203210966,0,0,0,0,0,4.251968503937012,-4.025229357798171,6.52479304289656,4.398624943569704,7.1761951154805015,18.326352248085605,18.326352248085605,Westside Marauders,P,2028,24,0,0.44368412203210966
Andrew Vaughn,MIL,hitter,8.025899189621178,560,509,125,20,57,74,1,0.245988,NA,NA,NA,NA,NA,NA,0.1959655518608233,0.2404730089701624,0.4166375561154035,0.00825053858601311,0.01479447823759102,0.8761211337699933,0,0,0,0,0,0,0.8761211337699933,0,1,0,0,0,0,1,0,1,0,0,1B,0.44297870877619505,0.44297870877619505,0.11345374055100294,0.11783177439537958,0.19480620867017517,0.03465226206125506,-0.01776527690161768,0,0,0,0,0,0.08251181130982035,0.12264123457478283,0.2218313474452283,-0.02640172347524195,0.03255975513920869,0,0,0,0,0,0.4331424249937983,0,0.4331424249937983,0.4331424249937983,1.2667631074793768,2.1843942505133467,2.0666366501575872,-0.8957080655193864,1.064153411227576,0,0,0,0,0,5.6862393538585,5.6862393538585,Westside Marauders,Bench,1,12,0,0.4331424249937983
Brady House,WSN,hitter,5.001489169103002,546,512,125,15,57,63,6,0.244777,NA,NA,NA,NA,NA,NA,0.1959655518608233,0.1803547567276218,0.3547049464225732,0.04950323151607866,0.01029330726455862,0.7908217937916556,0,0,0,0,0,0,0.7908217937916556,0,0,0,1,0,0,1,0,1,0,0,3B,0.4172493965587398,0.4172493965587398,0.10864055155793008,0.09137974340866171,0.1756634020378458,0.03960258521286293,0.0019631143414393,0,0,0,0,0,0.08732500030289321,0.08897501331896009,0.1790415443847274,0.00990064630321573,0.00833019292311931,0,0,0,0,0,0.3735723972329158,0,0.3735723972329158,0.3735723972329158,1.3406576220823403,1.7630390143737162,1.4993246285457005,0.3358905245697698,0.272256445953625,0,0,0,0,0,5.211168235525152,5.211168235525152,Westside Marauders,3B,2,1,0,0.3735723972329158
Brandon Pfaadt,ARI,pitcher,5.3188571592334135,NA,NA,NA,NA,NA,NA,NA,NA,163,10,0,145,4.2157,1.2506,0,0,0,0,0,0,0.2452991146598476,0,0.4001401897685352,0.05497664993092027,0.06406904753092706,0.7644850018902302,0.7644850018902302,0,0,0,0,0,0,0,0,0,1,0,P,0.4486529493960002,0.4486529493960002,0,0,0,0,0,0.1422734865027116,0.03627746556510604,0.24091199011581463,0.01911506633562095,0.01007494087674703,0,0,0,0,0,0.103025628157136,-0.03627746556510604,0.1592281996527206,0.03586158359529931,0.05399410665418003,0,0.31583205249422985,0.31583205249422985,0.31583205249422985,0,0,0,0,0,5.580708661417328,-4.025229357798171,4.342336315745463,2.5266883703491594,3.8832876194839314,12.30779160919771,12.30779160919771,Westside Marauders,P,1,5,0,0.31583205249422985
Shohei Ohtani,LAD,two-way,47.736566976856594,679,575,162,48,129,119,26,0.282114,116,8,0,138,3.51338,1.13306,0.44350098579028424,0.5771352215283898,0.6699982321315272,0.21451400323634084,0.1704333544591361,2.075581797145678,0.19623929172787807,0,0.3808230771590197,0.0754884463920216,0.08049421709419063,0.7330450323731099,2.808626829518788,0,0,0,0,0,0,0,0,1,1,0,P,0.4486529493960002,0.4486529493960002,0,0,0,0,0,0.1422734865027116,0.03627746556510604,0.24091199011581463,0.01911506633562095,0.01007494087674703,0.44350098579028424,0.5771352215283898,0.6699982321315272,0.21451400323634084,0.1704333544591361,0.05396580522516647,-0.03627746556510604,0.13991108704320507,0.05637338005640065,0.07041927621744361,2.075581797145678,0.2843920829771097,2.3599738801227876,2.3599738801227876,6.808851702701648,6.597535934291581,9.72534894191806,7.277628032345015,5.570288681816423,2.9232283464566953,-4.025229357798171,3.815536416088301,3.971881593216964,5.064595387412487,47.729665678448995,47.729665678448995,Louisville Sluggers,Bench,2028,44,0,2.3599738801227876
Jackson Chourio,MIL,hitter,30.09646393349794,651,601,163,25,92,88,24,0.271592,NA,NA,NA,NA,NA,NA,0.31629527668764457,0.300591261212703,0.495460877542642,0.19801292606431464,0.13134302226166392,1.441703363768968,0,0,0,0,0,0,1.441703363768968,0,0,0,0,0,1,0,0,1,0,0,OF,0.5234999294017727,0.5234999294017727,0.1388948823715309,0.14668853547179908,0.2319657744858733,0.03960258521286292,-0.03365184814029351,0,0,0,0,0,0.17740039431611368,0.15390272574090394,0.2634951030567687,0.15841034085145173,0.16499487040195743,0,0,0,0,0,0.9182034343671954,0,0.9182034343671954,0.9182034343671954,2.723540681080659,2.5946611909650925,2.593426384511482,5.37424839311632,5.392542217304954,0,0,0,0,0,18.678418866978507,18.678418866978507,Louisville Sluggers,OF,2029,30,0,0.9182034343671954
Hunter Goodman,COL,hitter,25.731159651809445,583,538,139,29,74,89,2,0.258764,NA,NA,NA,NA,NA,NA,0.25441141820527935,0.3486858630067355,0.5010911147874447,0.01650107717202622,0.06650265450881977,1.1871921276803057,0,0,0,0,0,0,1.1871921276803057,1,0,0,0,0,0,0,0,1,0,0,C,0.3011983569402915,0.3011983569402915,0.08182421288223848,0.06011825224254059,0.13850383622214765,0.01650107717202622,0.00425097842133855,0,0,0,0,0,0.1725872053230409,0.2885676107641949,0.36258727856529704,0,0.06225167608748122,0,0,0,0,0,0.8859937707400141,0,0.8859937707400141,0.8859937707400141,2.649646166477696,3.5704312114989727,4.862674470959029,0,2.0345771391675536,0,0,0,0,0,13.11732898810325,13.11732898810325,Louisville Sluggers,C,2,7,0,0.8859937707400141
Xavier Edwards,MIA,hitter,15.30231575884707,602,539,151,5,72,50,27,0.280709,NA,NA,NA,NA,NA,NA,0.24753543392946095,0.06011825224254059,0.28151186224013747,0.22276454182235397,0.15415860084059904,0.966088691075092,0,0,0,0,0,0,0.966088691075092,0,0,1,0,1,0,0,1,1,0,0,SS,0.24912776719314625,0.24912776719314625,0.06738464590301993,0.04328514161462923,0.10021822295748894,0.0379524774956603,2.872792223478263e-4,0,0,0,0,0,0.18015078802644105,0.01683311062791136,0.18129363928264852,0.18481206432669367,0.1538713216182512,0,0,0,0,0,0.7169609238819459,0,0.7169609238819459,0.7169609238819459,2.765766117996638,1.7852156057494863,0.2836560108059432,6.269956458635705,5.0289902700459,0,0,0,0,0,16.13358446323367,16.13358446323367,Louisville Sluggers,SS,2026,1,0,0.7169609238819459
Jackson Merrill,SDP,hitter,22.21386300673932,630,576,155,24,82,84,7,0.269646,NA,NA,NA,NA,NA,NA,0.2819153553085528,0.2885676107641949,0.472939928563431,0.05775377010209177,0.11758463409144831,1.218761298829719,0,0,0,0,0,0,1.218761298829719,0,0,0,0,0,1,0,0,1,0,0,OF,0.5234999294017727,0.5234999294017727,0.1388948823715309,0.14668853547179908,0.2319657744858733,0.03960258521286292,-0.03365184814029351,0,0,0,0,0,0.1430204729370219,0.14187907529239582,0.24097415407755768,0.01815118488922885,0.15123648223174185,0,0,0,0,0,0.695261369427946,0,0.695261369427946,0.695261369427946,2.195722719630919,2.372895277207392,2.3908149482215224,0.6157992950445785,4.942875576946925,0,0,0,0,0,12.518107817051336,12.518107817051336,Louisville Sluggers,OF,2028,17,0,0.695261369427946
Cristopher Sanchez,PHI,pitcher,26.63057308972391,NA,NA,NA,NA,NA,NA,NA,NA,200,12,0,193,3.21424,1.16095,0,0,0,0,0,0,0.2943589375918171,0,0.5326003905194985,0.15685688138625015,0.12450574869412456,1.1083219581916903,1.1083219581916903,0,0,0,0,0,0,0,0,0,1,0,P,0.4486529493960002,0.4486529493960002,0,0,0,0,0,0.1422734865027116,0.03627746556510604,0.24091199011581463,0.01911506633562095,0.01007494087674703,0,0,0,0,0,0.15208545108910548,-0.03627746556510604,0.2916884004036838,0.13774181505062918,0.11443080781737754,0,0.65966900879569,0.65966900879569,0.65966900879569,0,0,0,0,0,8.238188976377957,-4.025229357798171,7.954678484823141,9.7048319484929,8.229930390937692,30.102400442833517,30.102400442833517,Louisville Sluggers,P,2026,6,0,0.65966900879569
Luis Garcia Jr.,WSN,hitter,12.911634935800612,497,463,126,15,59,64,13,0.272108,NA,NA,NA,NA,NA,NA,0.20284153613664163,0.1803547567276218,0.360335183667376,0.10725700161817042,0.10295236139147326,0.9537408395412832,0,0,0,0,0,0,0.9537408395412832,0,0,1,0,0,0,0,1,1,0,0,2B,0.3590039845822357,0.3590039845822357,0.09007539401322052,0.07695136287045197,0.14526012091591095,0.04125269293006554,0.00546441385258677,0,0,0,0,0,0.1127661421234211,0.10340339385716985,0.21507506275146504,0.06600430868810489,0.0974879475388865,0,0,0,0,0,0.5947368549590474,0,0.5947368549590474,0.5947368549590474,1.7312429135551477,2.117864476386037,1.742458352093652,2.2392701637984667,3.1862073742119152,0,0,0,0,0,11.017043280045218,11.017043280045218,Louisville Sluggers,2B,1,14,0,0.5947368549590474
Jesus Luzardo,PHI,pitcher,18.22452504779397,NA,NA,NA,NA,NA,NA,NA,NA,179,12,0,197,3.77601,1.19264,0,0,0,0,0,0,0.2943589375918171,0,0.5436387405820788,0.09550309917228766,0.09691335415243237,1.030414131498616,1.030414131498616,0,0,0,0,0,0,0,0,0,1,0,P,0.4486529493960002,0.4486529493960002,0,0,0,0,0,0.1422734865027116,0.03627746556510604,0.24091199011581463,0.01911506633562095,0.01007494087674703,0,0,0,0,0,0.15208545108910548,-0.03627746556510604,0.3027267504662642,0.07638803283666672,0.08683841327568534,0,0.5817611821026157,0.5817611821026157,0.5817611821026157,0,0,0,0,0,8.238188976377957,-4.025229357798171,8.255706998912949,5.38204771937497,6.245469294063998,24.0961836309317,24.0961836309317,Louisville Sluggers,P,2027,19,0,0.5817611821026157
Brandon Lowe,PIT,hitter,10.528522190342857,546,492,120,23,69,68,4,0.243266,NA,NA,NA,NA,NA,NA,0.23722145751573345,0.27654396031568673,0.38285613264658697,0.03300215434405244,0.00438981849349109,0.9340135233155504,0,0,0,0,0,0,0.9340135233155504,0,0,1,0,0,0,0,1,1,0,0,2B,0.3590039845822357,0.3590039845822357,0.09007539401322052,0.07695136287045197,0.14526012091591095,0.04125269293006554,0.00546441385258677,0,0,0,0,0,0.1471460635025129,0.1995925974452348,0.237596011730676,-0.0082505385860131,-0.00107459535909567,0,0,0,0,0,0.575009538733315,0,0.575009538733315,0.575009538733315,2.2590608750048875,2.339630390143737,3.363349842413328,-0.27990877047480794,-0.03512109695487044,0,0,0,0,0,7.647011240132274,7.647011240132274,Louisville Sluggers,Bench,1,15,0,0.575009538733315
Edwin Diaz,LAD,pitcher,19.36249239871072,NA,NA,NA,NA,NA,NA,NA,NA,66,5,36,93,2.98114,1.06968,0,0,0,0,0,0,0.1226495573299238,0.5023033693630067,0.25664163895499154,0.05862972816135293,0.05650539700696847,0.9967296908162434,0.9967296908162434,0,0,0,0,0,0,0,0,0,0,1,P,0.4486529493960002,0.4486529493960002,0,0,0,0,0,0.1422734865027116,0.03627746556510604,0.24091199011581463,0.01911506633562095,0.01007494087674703,0,0,0,0,0,-0.01962392917278779,0.46602590379790065,0.0157296488391769,0.03951466182573197,0.04643045613022144,0,0.5480767414202432,0.5480767414202432,0.5480767414202432,0,0,0,0,0,-1.062992125984252,51.70871559633035,0.4289656325779748,2.784072159781698,3.3393054655442165,57.19806672824999,57.19806672824999,Louisville Sluggers,P,2027,33,0,0.5480767414202432
Jared Triolo,PIT,hitter,4.569435343093493,532,467,114,9,59,49,14,0.244754,NA,NA,NA,NA,NA,NA,0.20284153613664163,0.10821285403657308,0.27588162499533475,0.11550754020418354,0.0093091363779061,0.711752691750639,0,0,0,0,0,0,0.711752691750639,0,1,0,1,1,0,1,1,1,0,0,SS,0.24912776719314625,0.24912776719314625,0.06738464590301993,0.04328514161462923,0.10021822295748894,0.0379524774956603,2.872792223478263e-4,0,0,0,0,0,0.1354568902336217,0.06492771242194384,0.1756634020378458,0.07755506270852323,0.00902185715555827,0,0,0,0,0,0.4626249245574929,0,0.4626249245574929,0.4626249245574929,2.079602768111976,1.7297741273100615,1.0941017559657813,2.6311424424631977,0.29486217038942325,0,0,0,0,0,7.829483264240441,7.829483264240441,Louisville Sluggers,1B,1,5,0,0.4626249245574929
Elly De La Cruz,CIN,hitter,33.115607141249065,672,598,157,25,97,89,41,0.262256,NA,NA,NA,NA,NA,NA,0.3334852373771905,0.300591261212703,0.5010911147874447,0.33827208202653747,0.08937254867784823,1.562812244081724,0,0,0,0,0,0,1.562812244081724,0,0,0,0,1,0,0,1,1,0,0,SS,0.24912776719314625,0.24912776719314625,0.06738464590301993,0.04328514161462923,0.10021822295748894,0.0379524774956603,2.872792223478263e-4,0,0,0,0,0,0.26610059147417053,0.2573061195980738,0.4008728918299558,0.30031960453087714,0.08908526945550041,0,0,0,0,0,1.3136844768885778,0,1.3136844768885778,1.3136844768885778,4.0853110216209885,3.947433264887064,4.335884736605134,10.18867924528302,2.9115818892335352,0,0,0,0,0,25.46889015762974,25.46889015762974,Hoosiers,SS,2030,30,0,1.3136844768885778
Corbin Carroll,ARI,hitter,32.040574277744305,630,548,142,27,100,88,33,0.258546,NA,NA,NA,NA,NA,NA,0.343799213790918,0.32463856210971925,0.495460877542642,0.2722677733384326,0.06685470439384932,1.503021131175561,0,0,0,0,0,0,1.503021131175561,0,0,0,0,0,1,0,0,1,0,0,OF,0.5234999294017727,0.5234999294017727,0.1388948823715309,0.14668853547179908,0.2319657744858733,0.03960258521286292,-0.03365184814029351,0,0,0,0,0,0.2049043314193871,0.17795002663792017,0.2634951030567687,0.2326651881255697,0.10050655253414284,0,0,0,0,0,0.9795212017737884,0,0.9795212017737884,0.9795212017737884,3.1457950502404506,2.5946611909650925,2.998649257091401,7.893427327389593,3.284864713283314,0,0,0,0,0,19.91739753896985,19.91739753896985,Hoosiers,OF,2029,26,0,0.9795212017737884
Manny Machado,SDP,hitter,20.259012328082765,644,583,153,26,80,90,9,0.263052,NA,NA,NA,NA,NA,NA,0.2750393710327344,0.31261491166121114,0.5067213520322474,0.07425484727411799,0.0905649639550898,1.259195445955401,0,0,0,0,0,0,1.259195445955401,0,0,0,1,0,0,1,0,1,0,0,3B,0.4172493965587398,0.4172493965587398,0.10864055155793008,0.09137974340866171,0.1756634020378458,0.03960258521286293,0.0019631143414393,0,0,0,0,0,0.16639881947480434,0.2212351682525494,0.33105794999440163,0.03465226206125506,0.0886018496136505,0,0,0,0,0,0.8419460493966608,0,0.8419460493966608,0.8419460493966608,2.5546389334167423,3.259958932238193,3.7280504277352553,1.1756168359941948,2.8957822349806013,0,0,0,0,0,13.614047364364986,13.614047364364986,Hoosiers,3B,2026,25,0,0.8419460493966608
Rafael Devers,SFG,hitter,21.416496153615785,686,589,149,31,94,93,2,0.252589,NA,NA,NA,NA,NA,NA,0.32317126096346294,0.3727331639037517,0.5236120637666557,0.01650107717202622,0.04589168317240059,1.281909248978297,0,0,0,0,0,0,1.281909248978297,0,1,0,0,0,0,1,0,1,0,0,1B,0.44297870877619505,0.44297870877619505,0.11345374055100294,0.11783177439537958,0.19480620867017517,0.03465226206125506,-0.01776527690161768,0,0,0,0,0,0.20971752041246,0.25490138950837216,0.3288058550964805,-0.01815118488922884,0.06365696007401828,0,0,0,0,0,0.8389305402021021,0,0.8389305402021021,0.8389305402021021,3.219689564843415,3.2377823408624224,4.2953624493471425,-0.6157992950445782,2.0805061623319836,0,0,0,0,0,12.217541222340383,12.217541222340383,Hoosiers,1B/3B,2,30,0,0.8389305402021021
Logan Webb,SFG,pitcher,28.83101615079319,NA,NA,NA,NA,NA,NA,NA,NA,202,15,0,191,3.18556,1.16831,0,0,0,0,0,0,0.3679486719897714,0,0.5270812154882084,0.16101133191078867,0.12194541487991706,1.1779866342686856,1.1779866342686856,0,0,0,0,0,0,0,0,0,1,0,P,0.4486529493960002,0.4486529493960002,0,0,0,0,0,0.1422734865027116,0.03627746556510604,0.24091199011581463,0.01911506633562095,0.01007494087674703,0,0,0,0,0,0.22567518548705975,-0.03627746556510604,0.28616922537239375,0.1418962655751677,0.11187047400317005,0,0.7293336848726854,0.7293336848726854,0.7293336848726854,0,0,0,0,0,12.224409448818909,-4.025229357798171,7.804164227778239,9.997540768716844,8.045789690802811,34.04667477831863,34.04667477831863,Hoosiers,P,2026,16,0,0.7293336848726854
Matt McLain,CIN,hitter,12.858129697152377,623,549,129,19,79,68,18,0.235419,NA,NA,NA,NA,NA,NA,0.2716013788948252,0.22844935852165427,0.38285613264658697,0.14850969454823598,-0.02698174077576431,1.0044348238355385,0,0,0,0,0,0,1.0044348238355385,0,0,1,0,0,0,0,1,1,0,0,2B,0.3590039845822357,0.3590039845822357,0.09007539401322052,0.07695136287045197,0.14526012091591095,0.04125269293006554,0.00546441385258677,0,0,0,0,0,0.1815259848816047,0.1514979956512023,0.237596011730676,0.10725700161817044,-0.03244615462835108,0,0,0,0,0,0.6454308392533024,0,0.6454308392533024,0.6454308392533024,2.7868788364546275,2.339630390143737,2.55290409725349,3.638814016172508,-1.0604405954944889,0,0,0,0,0,10.257786744529874,10.257786744529874,Hoosiers,2B/SS,2028,16,0,0.6454308392533024
JJ Wetherholt,STL,hitter,10.746448172129949,560,491,125,12,72,58,13,0.254423,NA,NA,NA,NA,NA,NA,0.24753543392946095,0.14428380538209745,0.3265537601985595,0.10725700161817042,0.04491990164097424,0.8705499027692626,0,0,0,0,0,0,0.8705499027692626,0,0,1,0,1,0,0,1,1,0,0,SS,0.24912776719314625,0.24912776719314625,0.06738464590301993,0.04328514161462923,0.10021822295748894,0.0379524774956603,2.872792223478263e-4,0,0,0,0,0,0.18015078802644105,0.10099866376746822,0.22633553724107053,0.06930452412251012,0.04463262241862641,0,0,0,0,0,0.6214221355761163,0,0.6214221355761163,0.6214221355761163,2.765766117996638,2.228747433264887,1.70193606483566,2.3512336719883895,1.4587320204266123,0,0,0,0,0,10.506415308512189,10.506415308512189,Hoosiers,Bench,2,1,0,0.6214221355761163
Agustin Ramirez,MIA,hitter,16.454560290999765,481,437,106,18,60,62,12,0.243727,NA,NA,NA,NA,NA,NA,0.2062795282745508,0.21642570807314615,0.3490747091777705,0.09900646303215732,0.00538991127449813,0.876176319832123,0,0,0,0,0,0,0.876176319832123,1,0,0,0,0,0,0,0,1,0,0,C,0.3011983569402915,0.3011983569402915,0.08182421288223848,0.06011825224254059,0.13850383622214765,0.01650107717202622,0.00425097842133855,0,0,0,0,0,0.1244553153923123,0.15630745583060557,0.21057087295562285,0.0825053858601311,0.00113893285315958,0,0,0,0,0,0.5749779628918315,0,0.5749779628918315,0.5749779628918315,1.910701020448059,2.073511293634497,2.633948671769474,2.799087704748083,0.03722384507091777,0,0,0,0,0,9.45447253567103,9.45447253567103,Hoosiers,C,2,2,0,0.5749779628918315
Heliot Ramos,SFG,hitter,17.494483976694198,637,573,147,22,77,78,7,0.257364,NA,NA,NA,NA,NA,NA,0.26472539461900685,0.2645203098671786,0.4391585050946145,0.05775377010209177,0.06489258525508323,1.091050564937975,0,0,0,0,0,0,1.091050564937975,0,0,0,0,0,1,0,0,1,0,0,OF,0.5234999294017727,0.5234999294017727,0.1388948823715309,0.14668853547179908,0.2319657744858733,0.03960258521286292,-0.03365184814029351,0,0,0,0,0,0.12583051224747596,0.11783177439537952,0.2071927306087412,0.01815118488922885,0.09854443339537676,0,0,0,0,0,0.5675506355362023,0,0.5675506355362023,0.5675506355362023,1.9318137389060483,2.040246406570842,1.9855920756416023,0.6157992950445785,3.2207365966612556,0,0,0,0,0,9.794188112824328,9.794188112824328,Hoosiers,OF,1,13,0,0.5675506355362023
Jordan Beck,COL,hitter,14.345714767721104,581,528,133,17,66,65,17,0.252056,NA,NA,NA,NA,NA,NA,0.2269074811020059,0.20440205762463803,0.3659654209121787,0.14025915596222285,0.03905629697117919,0.9765904125722248,0,0,0,0,0,0,0.9765904125722248,0,0,0,0,0,1,0,0,1,0,0,OF,0.5234999294017727,0.5234999294017727,0.1388948823715309,0.14668853547179908,0.2319657744858733,0.03960258521286292,-0.03365184814029351,0,0,0,0,0,0.08801259873047501,0.05771352215283895,0.1339996464263054,0.10065657074935994,0.0727081451114727,0,0,0,0,0,0.4530904831704521,0,0.4530904831704521,0.4530904831704521,1.3512139813113346,1.319507186858316,0.9725348941918054,3.4148869997926607,2.376326858528202,0,0,0,0,0,9.434469920682318,9.434469920682318,Hoosiers,OF,1,13,0,0.4530904831704521
Jakob Marsee,MIA,hitter,14.481541590729408,574,492,114,13,73,57,34,0.231039,NA,NA,NA,NA,NA,NA,0.25097342606737016,0.15630745583060557,0.32092352295375676,0.2805183119244457,-0.04012751885797927,0.9685951979181988,0,0,0,0,0,0,0.9685951979181988,0,0,0,0,0,1,0,0,1,0,0,OF,0.5234999294017727,0.5234999294017727,0.1388948823715309,0.14668853547179908,0.2319657744858733,0.03960258521286292,-0.03365184814029351,0,0,0,0,0,0.11207854369583928,0.00961892035880648,0.08895774846788346,0.2409157267115828,-0.00647567071768576,0,0,0,0,0,0.4450952685164262,0,0.4450952685164262,0.4450952685164262,1.720686554326153,0.8759753593429159,0.16208914903196747,8.1733360978644,-0.21164492959940928,0,0,0,0,0,10.720442230966029,10.720442230966029,Hoosiers,OF,2,1,0,0.4450952685164262
Jake Cronenworth,SDP,hitter,5.84043394942638,630,541,127,15,71,65,4,0.234486,NA,NA,NA,NA,NA,NA,0.2440974417915518,0.1803547567276218,0.3659654209121787,0.03300215434405244,-0.03032384346871658,0.7930959303066882,0,0,0,0,0,0,0.7930959303066882,0,0,1,0,0,0,0,1,1,0,0,2B,0.3590039845822357,0.3590039845822357,0.09007539401322052,0.07695136287045197,0.14526012091591095,0.04125269293006554,0.00546441385258677,0,0,0,0,0,0.15402204777833128,0.10340339385716985,0.22070529999626776,-0.0082505385860131,-0.03578825732130335,0,0,0,0,0,0.4340919457244524,0,0.4340919457244524,0.4340919457244524,2.364624467294836,2.1733059548254614,1.742458352093652,-0.27990877047480794,-1.1696708389705903,0,0,0,0,0,4.83080916476855,4.83080916476855,Hoosiers,2B,1,8,0,0.4340919457244524
