team,n,total_salary,sgpar,PA,AB,H,HR,R,RBI,SB,AVG,IP,W,SV,SO,ER,WH,ERA,WHIP,hr_pts,r_pts,rbi_pts,sb_pts,avg_pts,w_pts,sv_pts,so_pts,era_pts,whip_pts,hit_pts,pit_pts,total_pts,rank,sim_num
LOUISVILLE SLUGGERS,23,209,10.749355823701217,7571,6834,1761,274,968,960,166,0.25768217734855137,1055,67,66,1091,443.9913744444445,1325.0675099999999,3.7876041421800952,1.2559881611374406,10,9,10,7,9,6,9,5,8,4,45,32,77,1,1
WESTSIDE MARAUDERS,23,267,10.894610212847173,7470,6655,1703,256,949,928,152,0.2558978211870774,1335,84,32,1359,577.5702766666666,1638.7781660000003,3.8937322022471905,1.2275491880149816,8,7,7,6,5,10,7,10,7,8,33,42,75,2,1
MELONHEADS,23,259,10.482498466396649,7706,6847,1731,252,976,938,195,0.2528114502701913,1273,78,27,1204,553.0077755555556,1574.64508,3.9097171877454833,1.2369560722702277,7,10,9,9,4,9,5,8,4,7,39,33,72,3,1
NATIONAL PASTIME,23,270,10.418629020850554,7444,6692,1717,239,900,891,130,0.2565750149432158,1112,71,111,1118,458.27325,1341.50267,3.7090460881294964,1.2063872931654678,6,3,4,5,7,7,10,6,10,9,25,42,67,4,1
HOOSIERS,23,238,10.2568966297242,7643,6754,1704,238,966,912,228,0.2522949363340243,1171,73,41,1118,507.0769155555556,1454.42976,3.897260666097353,1.2420407856532878,5,8,6,10,3,8,8,6,5,6,32,33,65,5,1
BIG RED MACHINE,23,209,9.746226255359447,7531,6667,1675,264,947,932,128,0.25123743812809357,1264,78,27,1173,547.192988888889,1605.726,3.8961526107594944,1.2703528481012658,9,6,8,4,2,9,5,7,6,3,29,30,59,6,1
BLUE SOCKS,18,270,9.554183491111118,7465,6724,1732,235,919,907,172,0.2575847709696609,707,46,29,721,296.11083444444444,840.5500900000001,3.7694448514851486,1.188896874115983,3,5,5,8,8,3,6,2,9,10,29,30,59,6,1
FREE BIRDS,23,248,9.22829137094069,7365,6529,1674,225,899,877,121,0.25639454740389034,1279,78,19,1301,569.59785,1593.01539,4.008116223612197,1.245516333072713,2,2,2,2,6,9,3,9,3,5,14,29,43,7,1
ERIE LAKERS,23,190,8.055102232676061,7234,6460,1680,238,901,887,125,0.26006191950464397,1118,65,19,1032,520.8639255555555,1481.0461800000003,4.193001189624328,1.32472824686941,5,4,3,3,10,4,3,3,1,1,25,12,37,8,1
FREE AT LAST,22,221,8.147976651654709,7340,6463,1605,236,901,868,125,0.24833668574965187,1183,66,22,1053,540.1374377777777,1513.2420000000002,4.109245088757396,1.2791563820794591,4,4,1,3,1,5,4,4,2,2,13,17,30,9,1
WESTSIDE MARAUDERS,23,269,11.15460424080154,7400,6607,1690,253,940,915,177,0.2557893143635538,1381,86,32,1387,592.9775144444444,1685.3471460000003,3.86444433743664,1.2203817132512673,7,6,6,9,6,10,7,10,6,7,34,40,74,1,2
MELONHEADS,23,264,10.40894329617303,7475,6643,1687,253,952,923,159,0.25395152792413067,1288,81,19,1260,546.9884555555557,1557.56909,3.8221243012422366,1.2092927717391304,7,8,7,6,5,8,4,8,7,8,33,35,68,2,2
HOOSIERS,23,247,10.465372441996335,8073,7158,1805,263,1019,990,220,0.2521654093322157,1146,68,27,1090,496.97495777777783,1430.7302099999997,3.902944694589878,1.248455680628272,9,10,10,10,3,4,5,5,5,6,42,25,67,3,2
LOUISVILLE SLUGGERS,23,206,10.83652203450238,7578,6799,1750,262,972,934,166,0.2573907927636417,975,65,102,1020,410.5549233333333,1229.43207,3.7897377538461536,1.2609559692307692,8,9,8,7,7,3,9,2,8,3,39,25,64,4,2
BIG RED MACHINE,23,210,9.853324824655218,7678,6811,1702,270,951,954,124,0.24988988401115841,1187,70,54,1117,521.7006,1486.7909,3.955606908171862,1.2525618365627633,10,7,9,4,1,6,8,6,4,5,31,29,60,5,2
NATIONAL PASTIME,22,270,10.339834292670027,7031,6302,1627,227,866,837,122,0.2581720088860679,1112,71,111,1118,458.27325,1341.50267,3.7090460881294964,1.2063872931654678,3,2,1,3,9,7,10,7,9,9,18,42,60,5,2
BLUE SOCKS,17,270,9.117804433377271,6940,6257,1612,213,855,839,175,0.25763145277289434,672,47,29,747,272.1833977777778,792.95328,3.6453133630952386,1.1799899999999999,2,1,2,8,8,1,6,1,10,10,21,28,49,6,2
FREE BIRDS,23,244,9.389564772157247,7494,6644,1682,249,899,910,109,0.25316074653823,1368,84,0,1338,612.7488433333334,1724.1343900000002,4.031242390350878,1.2603321564327488,6,3,5,1,4,9,2,9,3,4,19,27,46,7,2
ERIE LAKERS,23,180,8.16060693026034,7375,6535,1688,246,927,905,119,0.25830145371078805,1227,69,8,1037,573.6482355555555,1657.04462,4.207688769356153,1.3504846128769354,5,5,4,2,10,5,3,3,1,1,26,13,39,8,2
FREE AT LAST,22,222,8.199562851571333,7445,6599,1661,228,913,878,148,0.2517048037581452,1119,64,19,1039,519.4508400000001,1441.9889900000003,4.1778887935656845,1.2886407417336911,4,4,3,5,2,2,4,4,2,2,18,14,32,9,2
LOUISVILLE SLUGGERS,23,213,10.819835026421446,7681,6897,1794,260,980,940,161,0.2601130926489778,950,60,104,1006,398.41437333333334,1147.31317,3.7744519578947373,1.2076980736842104,9,9,9,7,9,4,10,3,8,9,43,34,77,1,3
WESTSIDE MARAUDERS,23,268,11.150103603075095,7575,6732,1718,258,969,934,178,0.2551990493166964,1347,85,32,1331,576.8915944444444,1675.8118860000004,3.8545095397178915,1.2441068195991094,8,8,6,9,5,10,6,10,7,5,36,38,74,2,3
MELONHEADS,23,261,10.445493457458877,7580,6783,1725,250,949,935,164,0.254312251216276,1210,76,41,1209,507.0973,1478.59993,3.7717980991735542,1.2219834132231406,6,6,7,8,4,7,7,7,9,8,31,38,69,3,3
HOOSIERS,23,229,10.34561449376515,7879,6989,1758,255,993,957,229,0.2515381313492631,1226,78,16,1102,531.4363733333333,1556.41548,3.901245807504078,1.26950691680261,7,10,10,10,3,9,3,5,5,3,40,25,65,4,3
NATIONAL PASTIME,23,261,10.42512676881743,7521,6756,1739,250,927,919,154,0.257400828892836,1211,78,52,1226,525.4288366666667,1497.9676000000002,3.904921164327003,1.2369674649050373,6,4,5,6,6,9,8,8,4,7,27,36,63,5,3
BIG RED MACHINE,23,212,9.802695627971119,7622,6736,1663,276,951,936,107,0.24688242280285036,1167,71,59,1157,500.09886,1451.7575800000002,3.85680354755784,1.2440082090831193,10,7,8,1,1,6,9,6,6,6,27,33,60,6,3
FREE BIRDS,23,254,9.394160580806725,7459,6606,1708,225,917,896,137,0.25855283075991525,1269,77,27,1228,572.3563233333334,1593.7583300000001,4.059264704491726,1.255916729708432,3,3,3,4,8,8,4,9,3,4,21,28,49,7,3
BLUE SOCKS,17,270,9.026310036006912,6317,5701,1468,199,782,771,150,0.25749868444132606,903,58,29,922,361.34766333333334,1081.04639,3.601471727574751,1.1971720819490588,2,1,1,5,7,3,5,1,10,10,16,29,45,8,3
ERIE LAKERS,23,200,8.109268164301204,7242,6457,1683,233,897,880,120,0.2606473594548552,1011,58,41,969,465.8952066666666,1292.1130799999999,4.147435074183975,1.278054480712166,4,2,2,2,10,3,7,2,2,2,20,16,36,9,3
FREE AT LAST,22,216,8.222659890886895,7627,6734,1663,244,930,899,136,0.24695574695574696,1270,70,0,1090,601.3484188888889,1673.1571,4.261524228346457,1.3174465354330709,5,5,4,3,2,5,2,4,1,1,19,13,32,10,3
WESTSIDE MARAUDERS,23,267,11.098202104095748,7638,6812,1749,259,965,947,137,0.2567527891955373,1347,85,32,1364,583.2381755555555,1641.068136,3.8969143132887893,1.2183133897550111,8,8,9,4,7,9,6,10,6,9,36,40,76,1,4
LOUISVILLE SLUGGERS,23,217,10.688891794590031,7562,6790,1770,253,971,926,171,0.2606774668630339,975,60,107,1002,406.8513955555556,1189.8256099999999,3.755551343589744,1.220333958974359,7,9,6,8,10,4,10,4,9,8,40,35,75,2,4
NATIONAL PASTIME,23,263,10.53509069416207,7713,6938,1771,261,935,940,140,0.2552608820985875,1207,77,52,1235,520.0967122222223,1486.0145400000001,3.878103073736538,1.2311636619718311,9,6,8,5,5,6,8,7,7,7,33,35,68,3,4
MELONHEADS,23,251,10.316799590183365,7387,6570,1658,246,931,901,183,0.25235920852359206,1375,86,0,1332,584.7744344444444,1705.1482199999998,3.82761448,1.2401077963636362,5,5,4,9,4,10,2,9,8,6,27,35,62,4,4
HOOSIERS,23,233,10.284057029448835,7911,7001,1755,259,1003,963,223,0.25067847450364233,1298,78,2,1162,585.6557311111111,1675.8572199999999,4.060787041602465,1.2911072573189522,8,10,10,10,2,7,3,5,2,2,40,19,59,5,4
BIG RED MACHINE,23,209,9.823706999453693,7615,6737,1699,264,960,936,130,0.25218940181089505,1259,75,27,1189,560.1780366666667,1586.64848,4.004449825258141,1.2602450198570294,10,7,7,3,3,5,4,6,4,4,30,23,53,6,4
FREE BIRDS,23,248,9.120680141602971,7358,6516,1666,219,893,864,127,0.25567833026396564,1281,80,32,1254,568.1285011111112,1613.53851,3.9915351366120224,1.2595929039812648,3,2,3,2,6,8,6,8,5,5,16,32,48,7,4
BLUE SOCKS,17,270,9.112497423192282,6870,6244,1613,209,831,837,145,0.25832799487508007,740,49,29,776,291.5907266666667,860.92304,3.546373702702703,1.1634095135135136,2,1,1,6,8,2,5,1,10,10,18,28,46,8,4
ERIE LAKERS,23,200,8.299881547118403,7263,6461,1682,250,918,909,123,0.26033121807769694,1030,58,38,950,464.0018744444444,1345.5543200000002,4.054385310679611,1.3063634174757284,6,4,5,1,9,3,7,3,3,1,25,17,42,9,4
FREE AT LAST,22,232,8.178405771899968,7179,6293,1551,233,898,852,159,0.24646432544096616,985,58,74,906,449.3070411111111,1263.42477,4.10534352284264,1.2826647411167513,4,3,2,7,1,3,9,2,1,3,17,18,35,10,4
WESTSIDE MARAUDERS,23,265,11.194601299036663,7729,6912,1782,257,970,951,151,0.2578125,1339,85,32,1345,569.4339322222222,1659.7578160000003,3.8274125392083644,1.2395502733383124,8,8,9,4,7,10,6,10,7,7,36,40,76,1,5
HOOSIERS,23,244,10.528344369408481,7795,6898,1725,263,988,955,206,0.2500724847781966,1161,70,60,1067,480.3910644444445,1468.09451,3.7239617398794143,1.2645086218776915,9,10,10,10,2,6,8,5,10,3,41,32,73,2,5
LOUISVILLE SLUGGERS,23,215,10.788509695074598,7681,6887,1807,252,987,933,167,0.262378394075795,1075,68,80,1058,464.19729333333333,1336.1625,3.886302920930232,1.2429418604651161,6,9,7,8,10,5,9,4,6,6,40,30,70,3,5
MELONHEADS,23,263,10.423403923163578,7458,6637,1669,254,950,922,165,0.2514690372156095,1251,77,27,1277,529.3492966666668,1488.81581,3.8082683213429265,1.1901005675459633,7,7,5,7,3,8,4,8,8,10,29,38,67,4,5
NATIONAL PASTIME,23,265,10.582214978309588,7594,6831,1760,252,935,923,152,0.2576489533011272,1151,74,84,1141,497.4782177777778,1422.91902,3.8899252476107735,1.236245890529974,6,5,6,5,6,7,10,6,5,8,28,36,64,5,5
BIG RED MACHINE,23,210,9.789679475557053,7622,6768,1703,266,945,945,124,0.2516252955082742,1275,77,27,1160,557.6869955555555,1608.3592700000002,3.93661408627451,1.2614582509803922,10,6,8,2,4,8,4,7,4,5,30,28,58,6,5
BLUE SOCKS,18,270,9.24286848393713,6926,6251,1616,208,854,835,172,0.2585186370180771,812,55,29,878,340.9177977777778,971.52608,3.7786455418719216,1.1964606896551724,2,1,1,9,8,2,5,1,9,9,21,26,47,7,5
FREE BIRDS,23,241,9.0262314556894,7358,6534,1649,229,879,885,131,0.2523722069176615,1338,83,0,1342,592.7112188888889,1690.0374900000002,3.9868467638266067,1.2631072421524665,3,2,4,3,5,9,2,9,3,4,17,27,44,8,5
ERIE LAKERS,23,188,8.00056302111684,7280,6486,1683,235,901,884,119,0.25948196114708605,1165,65,2,1054,543.47609,1509.2557199999999,4.198527733905579,1.2954984721030043,4,3,3,1,9,4,3,3,2,2,20,14,34,9,5
FREE AT LAST,22,231,8.204313338907086,7424,6509,1603,243,932,875,157,0.24627438930711323,1032,58,52,948,482.80198222222225,1343.01243,4.210482403100776,1.3013686337209303,5,4,2,6,1,3,7,2,1,1,18,14,32,10,5
WESTSIDE MARAUDERS,23,263,11.166763512660644,7659,6814,1727,268,970,950,142,0.2534487819195773,1265,78,59,1292,541.9138188888888,1528.508426,3.8555133359683795,1.2083070561264824,10,9,10,5,6,8,8,10,7,9,40,42,82,1,6
MELONHEADS,23,262,10.283912814924474,7337,6503,1644,249,937,905,175,0.2528063970475165,1286,84,11,1291,538.5359088888889,1561.34679,3.7689138258164854,1.214111034214619,6,6,6,8,4,10,2,9,8,7,30,36,66,2,6
NATIONAL PASTIME,23,259,10.280704421864733,7454,6662,1667,258,902,914,127,0.2502251576103272,1187,76,84,1199,494.6840188888889,1438.0061600000001,3.750763411962932,1.211462645324347,8,3,7,3,2,7,10,7,9,8,23,41,64,3,6
LOUISVILLE SLUGGERS,23,220,10.559469355634578,7521,6788,1805,236,969,904,178,0.26591043017088983,1206,74,38,1169,536.1245588888889,1496.83265,4.000929543946932,1.241154767827529,4,8,5,9,10,5,6,6,4,6,36,27,63,4,6
HOOSIERS,23,225,10.250694717956566,7890,6994,1758,252,994,943,223,0.2513583071203889,1273,75,14,1120,560.3746611111112,1653.53343,3.9618004320502753,1.298926496465043,7,10,9,10,3,6,3,4,5,2,39,20,59,5,6
BIG RED MACHINE,23,218,9.789560680326012,7545,6691,1694,259,948,924,119,0.25317590793603345,1231,75,27,1164,530.4613566666667,1539.12814,3.87827149471974,1.2503071811535338,9,7,8,1,5,6,4,5,6,5,30,26,56,6,6
BLUE SOCKS,18,270,9.310540180612406,6856,6178,1588,222,847,847,155,0.25704111362900617,828,56,29,888,344.5505844444445,993.54432,3.7451150483091795,1.1999327536231883,1,1,1,6,8,3,5,1,10,10,17,29,46,7,6
FREE BIRDS,23,252,9.291948415864097,7344,6530,1662,229,881,883,139,0.2545176110260337,1278,79,27,1261,570.9256300000001,1606.16697,4.020603028169014,1.2567816666666667,2,2,3,4,7,9,4,8,2,4,18,27,45,8,6
ERIE LAKERS,23,202,8.246421710124784,7235,6451,1698,242,913,903,120,0.2632150054255154,992,57,43,920,442.04360444444444,1286.82136,4.01047625,1.2971989516129032,5,4,4,2,9,4,7,2,3,3,24,19,43,9,6
FREE AT LAST,22,222,8.154886070128475,7396,6510,1614,230,916,870,158,0.24792626728110598,1018,57,69,936,480.70080777777775,1344.0523,4.249810677799607,1.3202871316306484,3,5,2,7,1,4,9,3,1,1,18,18,36,10,6
LOUISVILLE SLUGGERS,23,214,10.796472300521717,7655,6889,1782,261,978,943,177,0.25867324720569024,1061,69,61,1056,453.13786111111114,1314.02883,3.843770735155514,1.2384814608859567,9,9,9,9,9,5,9,4,7,6,45,31,76,1,7
WESTSIDE MARAUDERS,22,270,11.049182009196487,7127,6331,1617,269,915,917,132,0.25540988785341967,1269,79,59,1302,542.5562666666666,1534.1055760000002,3.847916784869976,1.2089090433412137,10,5,8,4,6,8,8,9,6,9,33,40,73,2,7
MELONHEADS,23,259,10.306763642334776,7295,6480,1634,250,932,910,176,0.2521604938271605,1308,82,19,1287,553.1172300000001,1591.68792,3.8058525000000003,1.2168867889908257,5,7,6,8,3,9,4,8,9,7,29,37,66,3,7
NATIONAL PASTIME,23,270,10.585395980043755,7387,6608,1680,253,908,913,141,0.2542372881355932,1279,79,52,1258,541.6788277777778,1548.8814100000002,3.8116571149335416,1.2110097028928852,6,3,7,6,5,8,7,7,8,8,27,38,65,4,7
HOOSIERS,23,225,10.394768960893526,8033,7138,1801,257,1009,969,223,0.2523115718688708,1296,77,2,1145,581.1800477777778,1666.75381,4.0359725540123454,1.2860754706790123,7,10,10,10,4,7,3,6,3,3,41,22,63,5,7
BIG RED MACHINE,23,209,9.769861514181716,7454,6617,1657,259,934,913,133,0.2504155961916276,1214,74,59,1139,527.0500555555556,1532.84957,3.9072903624382205,1.2626437973640858,8,8,7,5,2,6,8,5,5,4,30,28,58,6,7
BLUE SOCKS,17,270,9.117804433377271,6940,6257,1612,213,855,839,175,0.25763145277289434,672,47,29,747,272.1833977777778,792.95328,3.6453133630952386,1.1799899999999999,1,2,2,7,8,2,6,1,10,10,20,29,49,7,7
FREE BIRDS,23,252,9.286332554114477,7502,6645,1709,225,915,875,117,0.25718585402558314,1352,83,0,1350,602.3813366666667,1700.32032,4.0099349334319525,1.2576333727810651,2,5,3,1,7,10,2,10,4,5,18,31,49,7,7
ERIE LAKERS,23,195,8.260720608183716,7392,6573,1707,242,923,903,120,0.25969876768598815,918,52,85,849,413.5672955555556,1217.65677,4.054581328976035,1.3264234967320263,4,6,5,2,10,3,10,2,2,1,27,18,45,8,7
FREE AT LAST,22,220,8.183844362113696,7529,6653,1666,233,910,890,123,0.2504133473620923,1128,64,27,1037,526.97031,1468.7653599999999,4.204550345744681,1.3020969503546098,3,4,4,3,1,4,5,3,1,2,15,15,30,9,7
WESTSIDE MARAUDERS,23,266,11.037438843328866,7477,6647,1689,281,949,955,144,0.25409959380171504,1347,84,32,1335,585.5819255555555,1658.415636,3.912574112843355,1.2311920089086859,10,7,10,5,6,10,6,10,6,7,38,39,77,1,8
NATIONAL PASTIME,23,266,10.452675550578176,7710,6904,1766,263,951,940,136,0.2557937427578216,1109,71,79,1116,472.35265111111113,1360.2487,3.8333398196573487,1.226554283137962,8,8,8,4,7,5,10,6,8,8,35,37,72,2,8
HOOSIERS,23,242,10.450372404566645,7650,6791,1717,246,960,935,196,0.2528346340745104,1265,77,38,1144,531.7027733333333,1582.6596800000002,3.782865581027668,1.251114371541502,5,9,7,10,4,7,7,7,9,5,35,35,70,3,8
LOUISVILLE SLUGGERS,23,225,10.770623059799304,7812,7034,1847,252,1002,948,193,0.26258174580608473,1094,67,66,1045,493.41685555555557,1389.42609,4.05918802559415,1.270042129798903,6,10,9,9,10,4,9,5,3,3,44,24,68,4,8
MELONHEADS,23,261,10.402837697902726,7429,6621,1662,254,941,920,178,0.2510194834617127,1302,83,11,1307,540.5168533333334,1590.27446,3.7362916129032264,1.221408955453149,7,5,5,8,2,9,3,9,10,9,27,40,67,5,8
BIG RED MACHINE,23,213,9.770958313205067,7531,6667,1675,264,947,932,128,0.25123743812809357,1187,72,46,1144,509.9916322222223,1494.38166,3.8668278770008433,1.258956748104465,9,6,6,3,3,6,8,7,7,4,27,32,59,6,8
BLUE SOCKS,20,270,9.839796138096485,7493,6800,1757,223,904,905,170,0.25838235294117645,1003,63,29,993,437.2124211111111,1219.71393,3.9231423629112663,1.2160657328015951,2,3,4,7,8,3,5,3,5,10,24,26,50,7,8
FREE BIRDS,23,248,9.153949333531967,7386,6538,1654,228,888,868,123,0.2529825634750688,1258,79,32,1286,559.9960055555556,1572.8628800000001,4.0063307233704295,1.2502884578696345,3,1,2,2,5,8,6,8,4,6,13,32,45,8,8
ERIE LAKERS,23,193,8.028094050262464,7354,6525,1689,242,924,898,122,0.25885057471264367,1073,63,22,969,491.1726366666666,1407.23646,4.119807763280521,1.3114971668219946,4,4,3,1,9,3,4,2,1,1,21,11,32,9,8
FREE AT LAST,22,220,8.052395337994575,7179,6287,1569,223,902,844,148,0.2495625894703356,1050,59,46,1004,479.5318533333334,1341.03369,4.11027302857143,1.2771749428571428,2,2,1,6,1,2,8,4,2,2,12,18,30,10,8
WESTSIDE MARAUDERS,23,266,10.952509043459266,7267,6462,1662,267,935,927,145,0.25719591457753016,1368,86,32,1360,594.9960622222221,1678.892376,3.9144477777777773,1.22726050877193,10,5,7,6,7,10,6,10,5,6,35,37,72,1,9
NATIONAL PASTIME,23,270,10.498156761498855,7583,6780,1709,260,918,935,134,0.25206489675516225,1181,74,79,1188,490.42033444444445,1428.0425,3.737326850127011,1.2091807790008469,8,2,9,5,4,7,10,7,9,9,28,42,70,2,9
LOUISVILLE SLUGGERS,23,233,10.581693453777577,7550,6820,1807,242,967,917,164,0.2649560117302053,1078,70,50,1148,454.99798555555554,1317.2724999999998,3.7986844805194804,1.2219596474953616,4,9,5,7,10,5,8,6,8,7,35,34,69,3,9
MELONHEADS,23,266,10.372853527245304,7517,6721,1705,251,943,926,166,0.25368248772504093,1272,82,11,1269,537.9573711111111,1525.86638,3.806302154088051,1.1995804874213836,6,7,6,8,5,9,2,8,7,10,32,36,68,4,9
HOOSIERS,23,224,10.308044383142304,7865,6967,1749,253,995,939,218,0.25104062006602557,1190,72,46,1083,525.523778888889,1529.35602,3.974549588235295,1.2851731260504202,7,10,10,10,3,6,7,4,4,3,40,24,64,5,9
BIG RED MACHINE,23,210,9.85060210970625,7587,6750,1688,265,944,934,134,0.25007407407407406,1203,72,59,1108,522.7300633333333,1518.0254200000002,3.910698728179551,1.2618665170407317,9,8,8,5,2,6,9,5,6,5,32,31,63,6,9
BLUE SOCKS,18,270,9.529614128267294,7409,6681,1722,224,922,894,198,0.2577458464301751,693,47,29,708,286.33136111111116,838.09293,3.718589105339106,1.2093693073593075,2,3,2,9,8,2,5,1,10,8,24,26,50,7,9
FREE BIRDS,23,246,9.3081667637726,7351,6527,1659,235,889,895,131,0.25417496552780755,1309,79,27,1273,583.6551733333333,1663.2630000000001,4.012907990832697,1.2706363636363638,3,1,3,4,6,8,4,9,3,4,17,28,45,8,9
ERIE LAKERS,23,191,8.149479426526918,7492,6637,1714,246,938,914,117,0.25824920897996084,999,56,46,936,456.28471111111105,1323.2369700000002,4.110673073073073,1.3245615315315318,5,6,4,2,9,3,7,2,2,1,26,15,41,9,9
FREE AT LAST,22,220,8.194878700629305,7431,6520,1619,235,924,866,130,0.24831288343558283,1182,67,22,1080,552.6041766666667,1525.4452700000002,4.207646015228427,1.2905628341793571,3,4,1,3,1,4,3,3,1,2,12,13,25,10,9
WESTSIDE MARAUDERS,23,263,11.087774534535546,7463,6644,1698,274,952,950,135,0.2555689343768814,1354,85,32,1370,585.0500555555554,1662.5692760000002,3.888811299852289,1.2278945908419499,10,8,9,3,6,10,7,10,6,7,36,40,76,1,10
LOUISVILLE SLUGGERS,23,208,10.831411665082078,7767,6979,1805,265,995,948,166,0.2586330419830921,1005,63,82,1067,427.93895222222227,1222.80705,3.83228912437811,1.2167234328358207,8,9,8,8,8,4,9,4,8,9,41,34,75,2,10
MELONHEADS,23,255,10.288449714711094,7482,6667,1698,249,941,919,163,0.2546872656367182,1355,84,0,1300,579.59234,1663.88337,3.8496908191881922,1.2279582066420665,6,6,6,7,5,9,4,8,7,6,30,34,64,3,10
NATIONAL PASTIME,23,270,10.51080258919245,7615,6842,1762,241,920,904,142,0.2575270388775212,1198,77,82,1183,501.69165777777783,1464.56178,3.7689690484140237,1.2225056594323873,5,4,5,4,7,6,9,6,9,8,25,38,63,4,10
HOOSIERS,23,227,10.336585174157118,8019,7097,1781,268,1018,984,205,0.2509511061011695,1319,79,0,1178,599.0549488888889,1728.9237899999998,4.0875621986353305,1.310783768006065,9,10,10,10,2,7,4,5,2,1,41,19,60,5,10
BIG RED MACHINE,23,214,9.836634226601138,7503,6661,1692,254,947,925,146,0.25401591352649755,1272,75,27,1188,557.6998044444445,1609.1013200000002,3.9459891823899373,1.2650167610062895,7,7,7,5,4,5,6,7,5,4,30,27,57,6,10
BLUE SOCKS,18,270,9.405522517076527,6933,6291,1632,203,846,830,170,0.25941821649976154,767,51,61,814,312.1551477777778,921.55223,3.6628374576271194,1.201502255541069,1,1,1,9,10,1,8,1,10,10,22,30,52,7,10
FREE BIRDS,23,254,9.297415923265262,7389,6556,1659,237,893,899,130,0.25305064063453325,1332,83,0,1336,593.4247666666666,1663.9956300000001,4.009626801801802,1.2492459684684685,2,2,4,2,3,8,4,9,3,5,13,29,42,8,10
FREE AT LAST,22,238,8.206442993996113,7200,6317,1548,240,900,859,159,0.2450530315022954,889,53,93,836,392.80747444444444,1128.6503,3.976678593925759,1.269572890888639,4,3,2,6,1,2,10,2,4,3,16,21,37,9,10
ERIE LAKERS,23,193,8.081135109859833,7419,6564,1699,238,925,896,113,0.25883607556368066,1073,61,24,968,490.8998022222222,1381.8957999999998,4.117519310344828,1.2878805219012113,3,5,3,1,9,3,5,3,1,2,21,14,35,10,10
WESTSIDE MARAUDERS,23,265,11.11211836477637,7687,6837,1736,272,974,951,144,0.25391253473745795,1331,83,32,1328,569.2562311111111,1620.5659460000002,3.849215687453043,1.2175551810668672,10,9,9,5,6,9,7,9,7,7,39,39,78,1,11
LOUISVILLE SLUGGERS,23,223,10.644791696757917,7513,6751,1752,254,973,926,170,0.25951710857650717,862,56,126,960,352.8033511111111,1039.452,3.683561670533643,1.205860788863109,7,8,7,8,9,4,10,2,10,9,39,35,74,2,11
MELONHEADS,23,256,10.351529943730545,7395,6609,1678,247,933,918,165,0.25389620214858527,1324,84,0,1352,569.9738377777778,1600.15566,3.874444516616314,1.2085767824773412,5,6,6,7,5,10,4,10,6,8,29,38,67,3,11
HOOSIERS,23,232,10.42053489337722,8130,7222,1816,266,1021,998,220,0.2514538908889504,1191,73,30,1038,517.7567666666667,1549.7933699999999,3.912519647355164,1.301253879093199,9,10,10,10,2,7,6,4,4,2,41,23,64,4,11
NATIONAL PASTIME,23,263,10.418168019453935,7549,6762,1730,250,925,907,136,0.2558414670215912,1298,81,52,1246,550.23121,1593.60319,3.815162473035439,1.227737434514638,6,4,4,4,7,8,9,7,9,6,25,39,64,4,11
BIG RED MACHINE,23,215,9.80389803644069,7622,6768,1703,263,947,942,134,0.2516252955082742,1177,70,46,1137,506.7132611111112,1484.17531,3.8746128717077326,1.2609815717926933,8,7,8,3,3,6,8,6,5,4,29,29,58,5,11
BLUE SOCKS,18,270,9.543137227677542,7549,6803,1756,226,927,899,192,0.2581214170219021,680,45,29,714,288.9175711111111,807.34184,3.8239090294117646,1.187267411764706,2,5,3,9,8,3,5,1,8,10,27,27,54,6,11
FREE BIRDS,23,247,9.368761601115978,7540,6684,1693,241,912,909,118,0.2532914422501496,1374,84,0,1312,621.0244833333334,1729.97837,4.0678459606986905,1.2590817831149927,4,3,5,1,4,10,4,8,2,5,17,29,46,7,11
ERIE LAKERS,23,197,8.203339814728015,7196,6431,1680,236,897,883,126,0.26123464468978386,1057,60,46,990,494.88493555555556,1378.7951499999997,4.2137790160832544,1.3044419583727527,3,2,2,2,10,5,8,3,1,1,19,18,37,8,11
FREE AT LAST,22,223,7.875051845125524,6945,6081,1514,211,862,807,147,0.2489722085183358,1203,70,32,1093,542.260981111111,1564.1420100000003,4.056815320033249,1.3002011720698257,1,1,1,6,1,6,7,5,3,3,10,24,34,9,11
WESTSIDE MARAUDERS,23,265,10.853264084510117,7218,6427,1641,257,921,905,150,0.2553290804418858,1371,88,32,1402,586.9516622222221,1668.3667560000001,3.853074369073668,1.21689770678337,8,5,6,7,6,10,6,10,7,8,32,41,73,1,12
LOUISVILLE SLUGGERS,23,208,10.763868527439291,7647,6871,1800,252,975,924,176,0.2619706010769903,1047,66,83,1070,449.5200566666666,1310.28127,3.8640692550143263,1.2514625310410696,7,9,8,8,10,4,9,5,6,5,42,29,71,2,12
MELONHEADS,23,263,10.263987459578596,7258,6465,1627,251,922,904,178,0.2516627996906419,1278,82,19,1295,536.8838155555555,1551.0596,3.7808719405320814,1.2136616588419407,6,6,5,9,3,9,4,8,9,10,29,40,69,3,12
HOOSIERS,23,237,10.333726865273395,8115,7189,1810,266,1025,992,206,0.2517735429127834,1165,72,19,1062,508.55821000000003,1470.48113,3.9287758712446355,1.2622155622317595,9,10,10,10,4,6,4,4,5,3,43,22,65,4,12
NATIONAL PASTIME,22,270,10.358468178916311,6919,6226,1620,217,853,826,138,0.26019916479280436,1209,77,84,1194,504.54520333333335,1469.32085,3.755919627791563,1.2153191480562449,1,1,2,5,9,7,10,7,10,9,18,43,61,5,12
BIG RED MACHINE,23,210,9.845474976544057,7720,6815,1702,277,971,953,110,0.24974321349963316,1181,69,54,1109,517.6382722222222,1476.6567,3.944745512277731,1.2503443691786622,10,8,9,2,2,5,7,6,4,6,31,28,59,6,12
BLUE SOCKS,20,270,9.931739748746033,7325,6602,1698,233,914,902,178,0.2571947894577401,996,64,29,985,424.8226977777778,1236.78908,3.8387593172690764,1.2417561044176706,3,4,4,9,7,3,5,2,8,7,27,25,52,7,12
FREE BIRDS,23,253,9.330322096966988,7491,6656,1691,232,898,895,140,0.25405649038461536,1327,81,0,1323,594.1238055555556,1664.70324,4.029475697061041,1.2544862396382819,2,2,3,6,5,8,2,9,2,4,18,25,43,8,12
ERIE LAKERS,23,191,8.127780973044585,7473,6624,1707,247,937,913,120,0.25769927536231885,1130,63,14,1004,530.8900488888888,1478.40062,4.228327823008849,1.3083191327433628,5,7,7,3,8,2,3,3,1,1,30,10,40,9,12
FREE AT LAST,22,228,8.172107214822006,7564,6706,1672,237,913,895,136,0.2493289591410677,922,53,79,860,411.2295377777778,1201.1737199999998,4.014171193058568,1.3027914533622558,4,3,3,4,1,1,8,1,3,2,15,15,30,10,12
MELONHEADS,23,260,10.435870002669871,7538,6697,1683,255,949,922,186,0.2513065551739585,1139,72,58,1145,478.09651222222226,1373.92919,3.7777599736611065,1.2062591659350308,7,9,7,8,4,7,8,7,9,8,35,39,74,1,13
LOUISVILLE SLUGGERS,23,229,10.647136753196285,7317,6587,1747,237,941,884,160,0.2652193714892971,1020,68,74,1105,420.55914888888896,1219.38036,3.7108160196078437,1.1954709411764708,4,7,3,7,10,5,10,5,10,9,31,39,70,2,13
NATIONAL PASTIME,23,257,10.473558930274859,7583,6780,1709,263,916,938,124,0.25206489675516225,1300,80,52,1268,551.8960333333333,1595.7525,3.820818692307692,1.227501923076923,9,4,9,3,5,8,7,8,7,6,30,36,66,3,13
BIG RED MACHINE,23,216,9.897410058690856,7549,6721,1688,260,942,927,145,0.251153102216932,1173,72,59,1116,506.4966488888889,1477.3971000000001,3.886163546462063,1.2595030690537086,8,8,8,5,3,7,9,6,5,5,32,32,64,4,13
HOOSIERS,23,230,10.360928886777065,7883,6972,1737,275,998,982,204,0.24913941480206542,1217,71,38,1058,539.4354277777778,1569.44083,3.9892513147082993,1.289598052588332,10,10,10,10,2,6,5,4,4,3,42,22,64,4,13
WESTSIDE MARAUDERS,22,270,11.026505609058486,7050,6314,1642,241,898,882,150,0.2600570161545771,1363,88,32,1388,576.1042155555556,1671.564996,3.8040630520909757,1.2263866441672782,5,2,2,6,9,10,4,10,8,7,24,39,63,5,13
BLUE SOCKS,18,270,9.543137227677542,7549,6803,1756,226,927,899,192,0.2581214170219021,680,45,29,714,288.9175711111111,807.34184,3.8239090294117646,1.187267411764706,3,6,6,9,7,2,3,1,6,10,31,22,53,6,13
FREE BIRDS,23,246,9.251433279337567,7438,6601,1696,224,908,891,131,0.2569307680654446,1338,82,0,1331,597.5429344444447,1693.3083800000002,4.019347092675637,1.2655518535127057,2,3,4,4,6,9,1,9,3,4,19,26,45,7,13
ERIE LAKERS,23,187,8.091520162511044,7354,6525,1689,242,924,898,122,0.25885057471264367,1156,66,2,1049,534.1536766666667,1509.47719,4.158635891003461,1.305776115916955,6,5,5,1,8,4,2,3,2,1,25,12,37,8,13
FREE AT LAST,22,222,8.222236722844883,7466,6553,1616,242,924,881,123,0.24660460857622463,1111,62,49,996,520.62046,1450.41046,4.217447470747075,1.3054999639963998,6,5,1,2,1,3,6,2,1,2,15,14,29,9,13
WESTSIDE MARAUDERS,23,266,11.181729486532538,7421,6618,1685,276,940,949,140,0.2546086430945905,1295,81,51,1319,546.8011799999999,1575.745096,3.800162640926641,1.21679157992278,10,7,9,5,5,9,7,10,8,8,36,42,78,1,14
LOUISVILLE SLUGGERS,23,213,10.815428384504713,7617,6842,1795,245,971,918,177,0.26235019000292314,1039,67,77,1086,439.3033066666667,1285.65695,3.8053221944177094,1.2373984119345525,6,9,6,9,10,4,9,5,7,6,40,31,71,2,14
MELONHEADS,23,258,10.309294234421733,7412,6615,1696,246,935,919,159,0.2563869992441421,1315,84,0,1318,558.2552511111112,1608.3133400000002,3.820758372623575,1.2230519695817492,7,6,7,7,6,10,1,9,6,7,33,33,66,3,14
NATIONAL PASTIME,23,268,10.398297641965085,7447,6685,1715,236,907,882,135,0.25654450261780104,1187,76,84,1199,494.6840188888889,1438.0061600000001,3.750763411962932,1.211462645324347,2,3,3,4,7,7,10,7,10,9,19,43,62,4,14
HOOSIERS,23,238,10.423813580282502,8088,7181,1803,267,1023,991,213,0.25107923687508704,1205,73,22,1057,527.7934166666666,1528.3605899999998,3.9420255186721986,1.2683490373443982,9,10,10,10,2,6,2,4,4,3,41,19,60,5,14
BIG RED MACHINE,23,211,9.805774788985914,7622,6768,1703,266,945,945,124,0.2516252955082742,1192,71,54,1105,518.9882944444445,1504.6908600000002,3.9185357802013425,1.2623245469798658,8,8,8,2,3,5,8,6,5,4,29,28,57,6,14
BLUE SOCKS,18,270,9.24286848393713,6926,6251,1616,208,854,835,172,0.2585186370180771,812,55,29,878,340.9177977777778,971.52608,3.7786455418719216,1.1964606896551724,1,1,1,8,8,1,5,1,9,10,19,26,45,7,14
FREE BIRDS,23,249,9.329016610565048,7327,6485,1635,239,890,891,134,0.25212027756360833,1297,79,27,1281,583.2626033333333,1624.57521,4.047311819583655,1.252563770239013,3,2,4,3,4,8,4,8,3,5,16,28,44,8,14
FREE AT LAST,22,222,8.267731697063342,7424,6509,1603,243,932,875,157,0.24627438930711323,1103,61,33,1017,507.1871177777778,1440.78038,4.1384261650045335,1.3062378785131459,5,5,2,6,1,2,6,3,2,2,19,15,34,9,14
ERIE LAKERS,23,197,8.08777898182343,7373,6538,1696,241,925,899,119,0.2594065463444478,1119,64,24,980,523.1219633333333,1470.28588,4.207415254691688,1.3139284003574618,4,4,5,1,9,3,3,2,1,1,23,10,33,10,14
WESTSIDE MARAUDERS,23,264,11.001010981508657,7498,6673,1712,259,952,936,137,0.2565562715420351,1376,87,32,1357,588.0082499999999,1698.213946,3.8459841933139525,1.2341671119186046,8,8,9,5,6,10,5,9,8,7,36,39,75,1,15
MELONHEADS,23,270,10.442830232267603,7391,6592,1662,252,937,916,179,0.252123786407767,1191,75,46,1229,493.30635444444454,1426.12723,3.727755827036105,1.1974200083963056,7,5,5,8,4,8,7,8,10,9,29,42,71,2,15
LOUISVILLE SLUGGERS,23,206,10.704435644336945,7517,6757,1765,249,969,921,180,0.26121059641852895,1029,66,77,1078,447.0156777777778,1280.2225,3.9097581146744416,1.2441423712342081,6,9,7,9,10,5,9,4,5,6,41,29,70,3,15
NATIONAL PASTIME,23,270,10.455598341219225,7612,6849,1777,244,940,920,165,0.25945393488100454,1116,72,82,1087,481.9421222222223,1367.57643,3.8866300179211475,1.2254269086021505,5,6,6,6,9,6,10,5,7,8,32,36,68,4,15
HOOSIERS,23,240,10.392658343943536,7991,7090,1775,263,1007,979,222,0.25035260930888575,1231,74,22,1106,537.5843488888889,1596.18762,3.930348610885459,1.2966593176279446,9,10,10,10,2,7,3,6,4,2,41,22,63,5,15
BIG RED MACHINE,23,210,9.795739124939649,7531,6667,1675,264,947,932,128,0.25123743812809357,1257,75,27,1211,556.2897155555556,1568.42595,3.982981256961019,1.247753341288783,10,7,8,4,3,8,4,7,3,5,32,27,59,6,15
BLUE SOCKS,18,270,9.361215819976582,6926,6247,1612,212,854,831,167,0.25804386105330557,757,51,61,787,317.16455111111117,893.1746,3.770780660501982,1.1798871862615588,1,1,1,7,7,3,8,1,9,10,17,31,48,7,15
FREE BIRDS,23,248,9.217186369583015,7344,6516,1651,228,871,875,117,0.25337630448127685,1412,86,0,1374,611.9781155555556,1785.7950200000002,3.9007103682719553,1.2647273512747876,2,2,2,1,5,9,1,10,6,4,12,30,42,8,15
ERIE LAKERS,23,191,8.120843750403367,7353,6559,1698,243,914,902,123,0.2588809269705748,1055,60,33,983,490.0383188888889,1385.1018399999998,4.180421677725119,1.3128927393364926,4,3,4,3,8,4,6,2,1,1,22,14,36,9,15
FREE AT LAST,22,223,8.203728795482894,7508,6576,1626,241,929,876,122,0.24726277372262773,1175,66,13,1058,535.1164344444445,1497.11551,4.098764178723404,1.274140859574468,3,4,3,2,1,5,2,3,2,3,13,15,28,10,15
WESTSIDE MARAUDERS,23,264,11.17690865908252,7729,6896,1773,260,968,951,137,0.25710556844547566,1337,84,32,1361,574.1637611111111,1623.957116,3.86497670157068,1.2146276110695589,9,8,9,4,6,10,5,10,8,8,36,41,77,1,16
LOUISVILLE SLUGGERS,23,217,10.843861698020147,7801,7029,1827,264,988,962,165,0.2599231754161332,1038,65,77,1063,451.74270222222225,1286.81542,3.9168442389210023,1.239706570327553,10,10,10,8,9,4,9,4,4,7,47,28,75,2,16
MELONHEADS,23,267,10.468254097033741,7435,6619,1671,250,945,921,176,0.25245505363347936,1216,76,46,1219,507.23902777777784,1458.8485799999999,3.754236225328948,1.1997110032894736,6,6,6,9,4,8,7,8,9,9,31,41,72,3,16
NATIONAL PASTIME,23,259,10.494202639248272,7776,6994,1803,251,949,939,156,0.25779239348012584,1134,73,82,1095,491.0340355555556,1425.6628000000003,3.8970955202821873,1.25719823633157,7,7,8,7,8,7,10,5,6,4,37,32,69,4,16
HOOSIERS,23,231,10.269138190440556,7687,6792,1695,251,970,930,224,0.2495583038869258,1202,76,24,1153,520.7289222222222,1539.31766,3.8989686356073214,1.280630332778702,7,9,7,10,2,8,3,7,5,3,35,26,61,5,16
BIG RED MACHINE,23,215,9.791374077866863,7416,6588,1657,257,930,909,134,0.25151791135397694,1199,72,59,1150,515.4172233333334,1500.7718300000001,3.8688532193494587,1.2516862635529609,8,4,5,3,3,6,8,6,7,5,23,32,55,6,16
BLUE SOCKS,17,270,9.026310036006912,6317,5701,1468,199,782,771,150,0.25749868444132606,903,58,29,922,361.34766333333334,1081.04639,3.601471727574751,1.1971720819490588,3,1,2,5,7,3,4,1,10,10,18,28,46,7,16
FREE BIRDS,23,247,9.13158329214001,7466,6605,1687,228,900,890,116,0.2554125662376987,1326,82,0,1317,594.2993644444444,1656.65023,4.033706093514328,1.2493591478129713,4,2,4,1,5,9,1,9,3,6,16,28,44,8,16
ERIE LAKERS,23,205,8.260933446988995,7263,6461,1682,250,918,909,123,0.26033121807769694,1004,58,35,933,450.33733111111104,1288.4865499999999,4.03688842629482,1.283353137450199,6,3,5,2,10,3,6,2,2,2,26,15,41,9,16
FREE AT LAST,22,219,8.101743030016271,7410,6503,1607,238,931,871,154,0.24711671536214055,1205,67,17,1027,574.0049188888889,1586.38397,4.2871736680497925,1.3165012199170125,5,5,3,6,1,5,2,3,1,1,20,12,32,10,16
WESTSIDE MARAUDERS,23,260,11.121788952786911,7764,6947,1775,264,966,959,146,0.255505973801641,1276,81,54,1287,544.2589033333333,1589.1633460000003,3.83881671630094,1.2454258197492165,8,8,9,4,5,9,8,10,8,8,34,43,77,1,17
LOUISVILLE SLUGGERS,23,213,10.859981576354894,7959,7163,1859,273,1010,980,159,0.2595281306715064,1162,71,38,1127,518.5036799999999,1461.40231,4.015949328743545,1.257661196213425,10,10,10,8,9,6,6,5,3,5,47,25,72,2,17
NATIONAL PASTIME,23,264,10.519767512806427,7902,7119,1839,256,962,953,157,0.258322798145807,1127,70,71,1103,492.6570088888889,1408.7347200000002,3.9342618278615795,1.2499864418811004,7,7,8,7,8,5,10,4,5,7,37,31,68,3,17
MELONHEADS,23,269,10.47705765232699,7528,6706,1704,244,952,915,183,0.2541008052490307,1293,82,11,1268,546.5579200000001,1546.63467,3.8043474709976803,1.1961598375870068,4,6,5,9,4,10,2,8,9,10,28,39,67,4,17
HOOSIERS,23,232,10.282380334122527,7756,6861,1722,251,982,938,207,0.2509838216003498,1218,76,30,1135,532.2929144444445,1539.9537999999998,3.9331988752052545,1.2643298850574711,6,9,7,10,3,8,5,6,6,3,35,28,63,5,17
BIG RED MACHINE,23,207,9.738057171017331,7504,6634,1638,272,939,931,116,0.24690985830569792,1188,72,59,1153,511.85674666666665,1489.58182,3.8777026262626264,1.2538567508417509,9,5,6,2,1,7,9,7,7,6,23,36,59,6,17
FREE BIRDS,23,252,9.208257630644669,7186,6370,1634,217,878,864,146,0.2565149136577708,1270,81,30,1276,563.2942400000001,1603.47891,3.99184894488189,1.2625818188976379,2,2,3,4,6,9,5,9,4,4,17,31,48,7,17
BLUE SOCKS,17,270,9.026310036006912,6317,5701,1468,199,782,771,150,0.25749868444132606,903,58,29,922,361.34766333333334,1081.04639,3.601471727574751,1.1971720819490588,1,1,1,5,7,3,4,2,10,9,15,28,43,8,17
ERIE LAKERS,23,203,8.284934799118352,7282,6474,1689,249,919,910,120,0.2608897126969416,983,54,52,915,450.1749077777777,1266.2969,4.121642085452695,1.2881962360122077,5,4,4,3,10,2,7,1,1,1,26,12,38,9,17
FREE AT LAST,22,224,8.045773501659276,7102,6213,1542,223,891,832,151,0.24818928054080155,1144,66,27,1054,519.3709655555556,1461.6476799999998,4.085960393356644,1.2776640559440557,3,3,2,6,2,4,3,3,2,2,16,14,30,10,17
WESTSIDE MARAUDERS,23,265,11.203813486512326,7589,6750,1713,275,961,956,162,0.25377777777777777,1284,81,54,1288,548.7118977777777,1595.4428160000004,3.846111433021806,1.2425567102803743,10,8,9,7,5,10,8,9,7,7,39,41,80,1,18
LOUISVILLE SLUGGERS,23,213,10.868185713490805,7994,7213,1881,266,1014,981,176,0.2607791487591848,1201,71,36,1128,555.8683122222222,1533.2956899999997,4.165541057452123,1.2766825062447957,8,10,10,9,10,6,6,5,2,3,47,22,69,2,18
NATIONAL PASTIME,23,267,10.523947839783837,7639,6858,1764,254,939,924,145,0.2572178477690289,1123,72,84,1146,486.6801166666667,1372.94448,3.9003749332146045,1.2225685485307214,7,5,7,5,7,7,10,6,6,8,31,37,68,3,18
HOOSIERS,23,242,10.331627580987501,7715,6821,1718,243,976,924,229,0.2518692273860138,1162,74,30,1121,484.44056111111115,1454.1910399999997,3.752121385542169,1.251455283993115,5,9,7,10,3,8,5,4,9,6,34,32,66,4,18
MELONHEADS,22,270,10.405772232330934,7176,6379,1618,242,918,885,174,0.25364477190782253,1256,81,11,1315,528.800238888889,1482.6333300000001,3.7891736863057335,1.1804405493630574,4,4,4,8,4,10,2,10,8,10,24,40,64,5,18
BIG RED MACHINE,23,206,9.814318992440427,7587,6710,1674,271,951,944,118,0.24947839046199702,1291,76,27,1206,565.56937,1628.7030300000001,3.9427763981409765,1.2615825174283501,9,7,8,2,1,9,3,8,5,4,27,29,56,6,18
FREE BIRDS,23,252,9.26587780598034,7463,6627,1698,232,912,896,118,0.25622453598913536,1201,74,46,1169,527.5175300000001,1509.45605,3.95308723563697,1.2568326810990842,3,3,5,2,6,8,7,7,4,5,19,31,50,7,18
BLUE SOCKS,17,270,9.026310036006912,6317,5701,1468,199,782,771,150,0.25749868444132606,903,58,29,922,361.34766333333334,1081.04639,3.601471727574751,1.1971720819490588,1,1,2,6,8,4,4,2,10,9,18,29,47,8,18
ERIE LAKERS,23,198,8.2947962676587,7492,6626,1707,247,941,915,120,0.25762149109568366,959,57,57,893,429.61957555555557,1249.2275,4.031883399374348,1.3026355578727842,6,6,6,3,9,3,9,1,3,1,30,17,47,8,18
FREE AT LAST,22,217,8.145627361437736,7312,6459,1616,228,892,866,134,0.2501935284099706,1184,67,27,1052,551.7596844444445,1541.0002200000001,4.194119222972973,1.3015204560810811,2,2,3,4,2,5,3,3,1,2,13,14,27,9,18
LOUISVILLE SLUGGERS,23,201,10.867718853428748,7690,6927,1809,259,993,953,182,0.2611520138588133,1080,63,74,1075,465.6788577777778,1363.88169,3.8806571481481487,1.2628534166666665,8,9,9,9,10,4,9,5,4,3,45,25,70,1,19
MELONHEADS,23,256,10.395918165477307,7477,6650,1676,253,951,923,162,0.25203007518796994,1308,83,19,1265,548.5417166666667,1599.53356,3.7743696100917434,1.2228849847094803,6,8,7,8,4,10,3,8,9,7,33,37,70,1,19
WESTSIDE MARAUDERS,22,270,11.141926803145116,7351,6555,1685,258,937,910,152,0.2570556826849733,1331,83,32,1328,569.2562311111111,1620.5659460000002,3.849215687453043,1.2175551810668672,7,7,6,5,6,10,6,10,5,8,31,39,70,1,19
HOOSIERS,23,249,10.530258419901894,8061,7170,1807,267,1010,994,208,0.2520223152022315,1084,70,27,1041,459.7275411111111,1343.25504,3.8169260793357935,1.2391651660516605,9,10,10,10,3,7,4,3,7,6,42,27,69,2,19
NATIONAL PASTIME,23,270,10.390888649450016,7514,6748,1744,235,920,893,159,0.25844694724362777,1257,78,52,1253,536.7876833333333,1524.0527100000002,3.843348568019093,1.2124524343675418,4,4,4,7,8,8,8,7,6,9,27,38,65,3,19
BIG RED MACHINE,23,213,9.7910868974361,7591,6738,1667,273,934,938,112,0.24740279014544375,1094,67,86,1077,462.77304,1363.64002,3.8070908226691036,1.2464716819012798,10,6,8,1,1,6,10,6,8,5,26,35,61,4,19
FREE BIRDS,23,249,9.12199023374551,7228,6393,1644,216,883,859,145,0.2571562646644768,1269,79,27,1272,565.5658688888889,1599.45351,4.011105453112687,1.260404657210402,1,2,3,4,7,9,4,9,3,4,17,29,46,5,19
BLUE SOCKS,18,270,9.310540180612406,6856,6178,1588,222,847,847,155,0.25704111362900617,828,56,29,888,344.5505844444445,993.54432,3.7451150483091795,1.1999327536231883,2,1,1,6,5,3,5,1,10,10,15,29,44,6,19
ERIE LAKERS,23,190,8.193594457568953,7430,6602,1707,244,927,907,119,0.25855801272341716,1147,65,38,977,552.4486822222223,1552.92929,4.3348196512641675,1.3539052223190933,5,5,5,2,9,5,7,2,1,1,26,16,42,7,19
FREE AT LAST,22,223,8.155575965319404,7291,6380,1580,233,901,855,137,0.2476489028213166,1166,67,17,1064,534.9847444444445,1487.08446,4.1293848198970835,1.2753726072041167,3,3,2,3,2,6,2,4,2,2,13,16,29,8,19
WESTSIDE MARAUDERS,23,265,11.177073604578938,7715,6929,1812,249,966,947,151,0.26150959734449414,1272,79,54,1278,541.2905266666666,1573.8072360000003,3.8298858018867916,1.2372698396226418,6,9,9,5,9,8,8,8,7,6,38,37,75,1,20
MELONHEADS,23,261,10.514713485759682,7566,6719,1679,257,960,924,187,0.24988837624646526,1266,79,19,1282,535.9953288888889,1531.31272,3.8103933333333337,1.2095677093206951,7,7,8,9,3,8,4,9,8,9,34,38,72,2,20
LOUISVILLE SLUGGERS,23,219,10.569774968760608,7576,6835,1809,245,963,918,162,0.2646671543525969,888,58,121,953,368.25854111111113,1090.83499,3.732350078828829,1.2284177815315316,5,8,6,6,10,3,10,3,10,7,35,33,68,3,20
HOOSIERS,23,232,10.474970817080271,7662,6795,1694,260,972,947,209,0.2493009565857248,1435,85,0,1269,632.8578666666667,1837.7462999999998,3.969143414634147,1.2806594425087106,9,10,9,10,2,9,2,7,4,2,40,24,64,4,20
NATIONAL PASTIME,23,254,10.358426618112189,7514,6730,1685,271,916,948,135,0.25037147102526003,1053,67,111,1077,452.93620333333337,1284.5664000000002,3.8712496011396014,1.2199111111111112,10,3,10,4,4,5,9,5,6,8,31,33,64,4,20
BIG RED MACHINE,23,208,9.747352068724812,7461,6621,1670,259,935,920,117,0.252227760157076,1271,75,27,1205,556.6058366666667,1595.20431,3.9413473878835568,1.2550781353265146,8,6,7,2,5,7,5,6,5,5,28,28,56,5,20
BLUE SOCKS,18,270,9.24286848393713,6926,6251,1616,208,854,835,172,0.2585186370180771,812,55,29,878,340.9177977777778,971.52608,3.7786455418719216,1.1964606896551724,1,1,2,7,8,2,6,1,9,10,19,28,47,6,20
FREE BIRDS,23,242,9.286413147136031,7491,6624,1692,232,907,882,120,0.2554347826086957,1381,86,0,1337,618.1345000000001,1752.645,4.028392831281681,1.269112961622013,2,2,4,3,6,10,2,10,2,4,17,28,45,7,20
ERIE LAKERS,23,201,8.096137836710732,7476,6628,1710,241,927,904,113,0.2579963789981895,973,59,38,909,431.9126344444444,1258.79821,3.9950808941418288,1.2937288900308324,4,5,5,1,7,4,7,2,3,1,22,17,39,8,20
FREE AT LAST,22,233,8.22935461501902,7312,6433,1596,233,919,864,173,0.24809575625680086,1213,68,2,1052,561.4057144444445,1551.4993,4.165417502061006,1.279059604286892,3,4,3,8,1,6,3,4,1,3,19,17,36,9,20
WESTSIDE MARAUDERS,23,270,11.210548770668456,7379,6568,1676,265,942,929,155,0.2551766138855055,1293,81,51,1331,538.6465255555555,1590.3838260000002,3.7492797602474863,1.2299952250580048,9,7,7,6,6,9,8,10,9,7,35,43,78,1,21
LOUISVILLE SLUGGERS,23,206,10.821526061916552,7700,6897,1796,260,995,944,176,0.260403073800203,1037,64,82,1038,453.80286666666666,1294.9325999999999,3.9385012536162005,1.2487296046287366,7,9,8,9,10,4,9,3,6,6,43,28,71,2,21
HOOSIERS,23,237,10.43632846597199,7893,7001,1760,262,1001,973,222,0.2513926581916869,1140,72,47,1045,499.7445766666667,1444.06622,3.945351921052632,1.2667247543859648,8,10,10,10,3,6,7,4,5,4,41,26,67,3,21
MELONHEADS,23,258,10.304880325531487,7335,6541,1669,246,924,907,162,0.25515976150435715,1280,82,27,1249,536.1793244444444,1568.47334,3.7700108749999997,1.225369796875,6,5,5,7,5,10,4,8,7,8,28,37,65,4,21
NATIONAL PASTIME,21,270,10.292155163327447,6756,6078,1580,215,830,810,143,0.25995393221454427,1187,76,84,1199,494.6840188888889,1438.0061600000001,3.750763411962932,1.211462645324347,2,1,1,5,9,8,10,7,8,9,18,42,60,5,21
BIG RED MACHINE,23,209,9.881607059921016,7720,6815,1702,274,973,950,120,0.24974321349963316,1261,75,27,1191,554.1393277777778,1597.9113100000002,3.954999167327518,1.2671778826328313,10,8,9,3,2,7,4,6,4,3,32,24,56,6,21
FREE BIRDS,23,247,9.373200470972515,7572,6713,1691,244,910,914,115,0.2518992998659318,1341,82,0,1328,602.59135,1677.63478,4.044237248322148,1.2510326472781508,5,4,6,1,4,10,2,9,3,5,20,29,49,7,21
BLUE SOCKS,17,270,9.117804433377271,6940,6257,1612,213,855,839,175,0.25763145277289434,672,47,29,747,272.1833977777778,792.95328,3.6453133630952386,1.1799899999999999,1,2,2,8,7,2,5,1,10,10,20,28,48,8,21
ERIE LAKERS,23,193,8.174393528737845,7299,6488,1683,235,905,886,119,0.2594019728729963,1178,66,2,1087,547.9143766666666,1517.3286999999998,4.1861030475382,1.2880549235993206,3,3,3,2,8,5,3,5,1,2,19,16,35,9,21
FREE AT LAST,22,225,8.270536988843935,7592,6699,1670,237,934,891,141,0.24929093894611137,1108,61,44,955,513.9368644444445,1446.3126300000001,4.1745774187725635,1.30533630866426,4,6,4,4,1,3,6,2,2,1,19,14,33,10,21
MELONHEADS,23,263,10.4963693414491,7400,6592,1668,245,934,913,183,0.2530339805825243,1212,76,54,1191,513.1394622222223,1445.22677,3.810441551155116,1.1924313283828383,6,6,6,9,4,8,8,7,7,9,31,39,70,1,22
LOUISVILLE SLUGGERS,23,206,10.768173855532638,7463,6689,1729,252,959,914,183,0.25848407833756915,1051,68,77,1095,451.3323611111112,1302.6667300000001,3.8648822549952437,1.2394545480494767,7,8,7,9,8,5,9,5,5,6,39,30,69,2,22
HOOSIERS,23,236,10.54059693781892,8109,7225,1809,274,1015,1006,216,0.2503806228373702,1134,72,32,1053,484.31387222222224,1453.99707,3.843760890652557,1.282184365079365,10,10,10,10,2,7,6,4,6,3,42,26,68,3,22
NATIONAL PASTIME,22,270,10.358468178916311,6919,6226,1620,217,853,826,138,0.26019916479280436,1209,77,84,1194,504.54520333333335,1469.32085,3.755919627791563,1.2153191480562449,3,1,1,7,10,9,10,8,9,7,22,43,65,4,22
WESTSIDE MARAUDERS,20,270,10.784466945163949,6721,5972,1531,256,868,869,128,0.2563630274614869,1183,76,32,1253,499.7985322222222,1415.741496,3.8023556973795434,1.1967383736263737,8,3,3,4,6,8,6,9,8,8,24,39,63,5,22
BIG RED MACHINE,23,208,9.726197496771176,7531,6667,1675,267,945,935,118,0.25123743812809357,1200,72,46,1146,519.9149511111111,1515.73008,3.8993621333333333,1.2631084000000001,9,7,8,2,3,7,7,6,4,4,29,28,57,6,22
FREE BIRDS,23,246,9.287145083223688,7505,6645,1693,229,904,885,129,0.25477802859292703,1352,82,0,1361,599.4114244444445,1704.0478100000003,3.990164807692308,1.2603903920118344,4,4,4,5,5,10,2,10,3,5,22,30,52,7,22
BLUE SOCKS,17,270,9.117804433377271,6940,6257,1612,213,855,839,175,0.25763145277289434,672,47,29,747,272.1833977777778,792.95328,3.6453133630952386,1.1799899999999999,2,2,2,8,7,3,5,1,10,10,21,29,50,8,22
FREE AT LAST,22,226,8.363041919170874,8117,7134,1775,256,1002,947,134,0.2488085225679843,1012,55,22,892,468.5616177777778,1299.7244400000002,4.1670499604743085,1.2843126877470357,8,9,9,6,1,4,4,2,2,2,33,14,47,9,22
ERIE LAKERS,23,182,8.225953907757075,7392,6573,1707,242,923,903,120,0.25969876768598815,1251,69,17,1043,604.3741944444445,1689.4442199999999,4.348015787370104,1.3504749960031974,5,5,5,3,9,6,3,3,1,1,27,14,41,10,22
WESTSIDE MARAUDERS,23,267,11.178416327704266,7582,6748,1720,280,966,956,140,0.25489033787788973,1335,84,32,1349,574.74762,1634.2420960000002,3.8747030561797753,1.2241513827715358,10,9,9,5,6,9,5,10,5,7,39,36,75,1,23
HOOSIERS,23,237,10.257715012528639,7948,7045,1770,258,1007,967,214,0.2512420156139106,1167,76,10,1121,499.3097022222222,1443.71288,3.8507174978577545,1.2371147215081406,8,10,10,10,4,8,2,6,7,6,42,29,71,2,23
MELONHEADS,23,269,10.35589922177677,7360,6584,1681,239,919,905,159,0.25531591737545567,1182,75,46,1226,484.9392933333334,1416.69758,3.692431167512691,1.1985597123519458,3,3,5,7,7,7,7,8,10,10,25,42,67,3,23
NATIONAL PASTIME,23,261,10.424598834768425,7548,6745,1716,256,920,930,129,0.2544106745737583,1208,74,79,1180,514.8016566666668,1473.4988700000001,3.835442806291391,1.219783832781457,7,4,7,3,5,6,9,7,9,9,26,40,66,4,23
LOUISVILLE SLUGGERS,23,210,10.560610793188689,7576,6835,1809,245,963,918,162,0.2646671543525969,1050,63,88,1051,453.0423622222222,1302.95175,3.8832202476190476,1.2409064285714284,6,8,6,8,10,3,10,3,4,5,38,25,63,5,23
BIG RED MACHINE,23,220,9.849982106305886,7619,6775,1697,263,946,932,138,0.25047970479704795,1162,72,59,1094,498.31427222222226,1452.58831,3.859576979345955,1.2500759982788296,9,7,8,4,2,5,8,5,6,4,30,28,58,6,23
BLUE SOCKS,19,270,9.654678178827153,7395,6675,1726,219,921,890,195,0.25857677902621723,833,55,29,839,355.06576111111116,1016.66573,3.8362447178871553,1.2204870708283313,1,5,3,9,8,1,4,1,8,8,26,22,48,7,23
FREE BIRDS,23,241,9.271698991716118,7327,6493,1630,243,891,898,121,0.2510395810873248,1366,85,0,1347,605.6630655555556,1740.86262,3.9904594363103953,1.2744235871156662,5,1,4,1,3,10,1,9,3,3,14,26,40,8,23
ERIE LAKERS,23,196,8.153347305176457,7354,6525,1689,242,924,898,122,0.25885057471264367,1090,61,41,956,506.4707144444444,1443.29057,4.18186828440367,1.3241197889908256,4,6,4,2,9,2,6,2,2,1,25,13,38,9,23
FREE AT LAST,22,222,8.196087750936533,7340,6428,1597,231,910,852,157,0.2484443061605476,1171,66,17,1077,547.9605022222223,1523.43014,4.21148122971819,1.3009651067463706,2,2,2,6,1,4,3,4,1,2,13,14,27,10,23
MELONHEADS,23,268,10.40139344592413,7433,6612,1682,250,946,921,173,0.2543859649122807,1306,83,0,1330,555.5098177777779,1580.2771300000002,3.8281687289433397,1.2100131163859114,7,7,7,8,5,10,2,9,8,9,34,38,72,1,24
LOUISVILLE SLUGGERS,23,202,10.80670319158593,7569,6781,1749,266,983,940,170,0.2579265595044979,1134,68,66,1106,498.98624666666666,1404.29478,3.960208306878307,1.238355185185185,10,9,9,7,7,5,10,4,3,6,42,28,70,2,24
NATIONAL PASTIME,23,264,10.578764818215845,7709,6933,1814,247,950,939,157,0.26164719457666236,1222,75,52,1174,536.2027288888889,1525.7085200000001,3.9491199345335524,1.2485339770867432,5,8,8,6,10,8,7,7,4,5,37,31,68,3,24
WESTSIDE MARAUDERS,22,270,11.001631245006234,7106,6357,1641,248,902,894,140,0.2581406323737612,1292,83,51,1336,538.6014677777778,1579.177416,3.751867809597523,1.2222735417956656,6,3,4,4,8,10,6,10,9,8,25,43,68,3,24
HOOSIERS,23,227,10.369326135383936,7941,7056,1776,256,995,958,218,0.25170068027210885,1181,74,17,1125,508.58619333333337,1486.6080899999997,3.8757626926333617,1.2587706096528364,8,10,10,10,3,7,3,5,7,3,41,25,66,4,24
BIG RED MACHINE,23,206,9.724264667340705,7434,6588,1633,264,929,916,115,0.2478749241044323,1193,73,59,1143,515.2921688888889,1495.0253300000002,3.887367577535625,1.253164568315172,9,5,6,1,1,6,8,6,6,4,22,30,52,5,24
BLUE SOCKS,17,270,9.117804433377271,6940,6257,1612,213,855,839,175,0.25763145277289434,672,47,29,747,272.1833977777778,792.95328,3.6453133630952386,1.1799899999999999,1,1,1,9,6,2,5,1,10,10,18,28,46,6,24
FREE BIRDS,23,256,9.264410606206456,7267,6442,1624,228,860,863,120,0.25209562247749145,1334,82,27,1327,578.7384655555556,1650.19679,3.904532376311845,1.2370290779610196,2,2,2,3,4,9,4,8,5,7,13,33,46,6,24
ERIE LAKERS,23,186,8.107734152543717,7400,6551,1692,239,924,895,116,0.25828117844603876,1028,57,65,904,490.9559544444444,1385.68646,4.298252519455253,1.347944027237354,4,4,5,2,9,3,9,2,1,1,24,16,40,7,24
FREE AT LAST,22,230,8.221838249982204,7508,6627,1652,235,930,882,148,0.24928323524973592,1135,64,27,978,518.7661877777779,1468.07505,4.113564484581499,1.293458193832599,3,6,3,5,2,4,4,3,2,2,19,15,34,8,24
WESTSIDE MARAUDERS,23,270,11.146747694299927,7533,6695,1705,258,955,931,162,0.2546676624346527,1337,86,32,1351,564.2180333333333,1634.426326,3.7980271503365746,1.2224579850411368,7,8,7,8,6,10,6,10,9,8,36,43,79,1,25
LOUISVILLE SLUGGERS,23,220,10.957574813169789,7814,7050,1882,244,1010,943,187,0.26695035460992905,1025,62,64,1087,443.43389222222225,1258.94974,3.8935658829268296,1.2282436487804878,5,10,8,9,10,3,10,5,6,7,42,31,73,2,25
NATIONAL PASTIME,23,255,10.480331372415655,7758,6971,1774,268,944,971,151,0.2544828575527184,1184,75,52,1161,522.9571433333333,1486.75294,3.9751809881756754,1.2557034966216216,10,7,10,6,5,7,7,7,4,5,38,30,68,3,25
HOOSIERS,23,226,10.36768473099178,7767,6869,1713,261,990,957,218,0.24938127820643471,1198,74,52,1085,528.1838111111111,1537.20325,3.9679919031719533,1.2831412771285475,8,9,9,10,3,6,7,4,5,3,39,25,64,4,25
MELONHEADS,23,254,10.270960567669395,7343,6537,1649,250,926,911,161,0.2522563867217378,1272,79,27,1244,540.9009855555556,1549.4524099999999,3.827129614779875,1.218122963836478,6,4,5,7,4,8,4,8,8,9,26,37,63,5,25
BIG RED MACHINE,23,214,9.77082026630427,7542,6685,1665,264,940,923,127,0.24906507105459985,1168,71,59,1152,502.89321333333334,1456.0831,3.875033321917808,1.2466464897260274,9,6,6,3,2,5,9,6,7,6,26,33,59,6,25
BLUE SOCKS,17,270,9.026310036006912,6317,5701,1468,199,782,771,150,0.25749868444132606,903,58,29,922,361.34766333333334,1081.04639,3.601471727574751,1.1971720819490588,1,1,1,5,8,2,5,2,10,10,16,29,45,7,25
FREE BIRDS,23,242,9.305676095276143,7484,6627,1695,226,899,870,128,0.2557718424626528,1373,85,0,1350,617.9434333333334,1731.61314,4.050612454479243,1.2611894683175529,2,2,2,4,7,9,3,9,3,4,17,28,45,7,25
ERIE LAKERS,23,203,8.155702278564888,7234,6460,1680,238,901,887,125,0.26006191950464397,1067,63,29,1004,488.82810666666666,1381.35367,4.123198650421743,1.2946144985941892,3,3,3,2,9,4,5,3,1,1,20,14,34,8,25
FREE AT LAST,22,230,8.239019236416372,7578,6670,1661,240,933,893,128,0.2490254872563718,1037,58,57,884,469.60866777777784,1331.05958,4.075677926711669,1.2835675795564128,4,5,4,4,1,2,8,1,2,2,18,15,33,9,25
WESTSIDE MARAUDERS,23,259,11.156368381774962,7659,6850,1768,252,958,936,136,0.2581021897810219,1358,85,32,1357,585.9216477777777,1661.781356,3.8831331590574365,1.2236976111929307,6,8,8,3,8,10,6,10,7,8,33,41,74,1,26
LOUISVILLE SLUGGERS,23,219,10.684436865620517,7641,6890,1834,241,982,919,172,0.26618287373004357,1080,68,68,1085,468.5439977777778,1346.9715099999999,3.904533314814815,1.2471958425925924,4,9,5,8,10,4,9,4,6,7,36,30,66,2,26
MELONHEADS,23,264,10.413596858593683,7339,6514,1627,251,938,905,202,0.24976972674240097,1273,80,27,1257,538.1663455555556,1528.01856,3.8047895600942656,1.2003287981146897,5,7,4,10,2,9,3,8,9,9,28,38,66,2,26
NATIONAL PASTIME,23,247,10.408471840884012,7597,6806,1721,270,928,961,137,0.2528651190126359,1251,79,52,1178,544.9718444444445,1570.77308,3.920660751398881,1.2556139728217426,10,3,10,4,5,8,7,6,5,4,32,30,62,3,26
BIG RED MACHINE,23,215,9.805539921891086,7545,6718,1685,258,934,923,139,0.25081869604048823,1203,73,59,1104,518.0321,1507.7059100000001,3.87555187032419,1.2532883707398172,9,5,6,5,4,5,8,5,8,5,29,31,60,4,26
HOOSIERS,23,231,10.262939721430765,7879,6980,1748,257,992,955,198,0.2504297994269341,1247,77,11,1186,552.5941977777778,1582.87512,3.9882500240577388,1.2693465276663993,8,10,9,9,3,6,1,7,3,3,39,20,59,5,26
BLUE SOCKS,17,270,9.026310036006912,6317,5701,1468,199,782,771,150,0.25749868444132606,903,58,29,922,361.34766333333334,1081.04639,3.601471727574751,1.1971720819490588,1,1,1,7,7,2,4,2,10,10,17,28,45,6,26
ERIE LAKERS,23,199,8.323526788520468,7401,6573,1707,254,932,925,118,0.25969876768598815,926,51,74,849,429.31765222222214,1223.38962,4.172633768898487,1.3211550971922246,7,4,7,1,9,1,10,1,1,1,28,14,42,7,26
FREE BIRDS,23,251,9.214574467178513,7337,6509,1664,224,892,873,129,0.2556460285758181,1263,78,19,1303,553.6805566666667,1579.16543,3.9454671496437053,1.2503289231987331,2,2,2,2,6,7,2,9,4,6,14,28,42,7,26
FREE AT LAST,22,229,8.203685053021065,7550,6625,1641,240,936,876,148,0.24769811320754717,1060,62,30,999,487.7389444444445,1366.21357,4.141179716981132,1.2888807264150943,3,6,3,6,1,3,5,3,2,2,19,15,34,8,26
WESTSIDE MARAUDERS,23,269,11.208871581863423,7596,6784,1736,267,958,951,156,0.25589622641509435,1332,85,32,1350,573.0123122222222,1619.245656,3.8717048123123123,1.2156498918918919,10,8,9,7,5,10,6,10,7,9,39,42,81,1,27
HOOSIERS,23,228,10.294749308030257,7996,7090,1773,267,1010,982,198,0.25007052186177714,1070,64,60,1013,453.49861444444446,1349.7432099999999,3.814474327102804,1.2614422523364486,10,10,10,10,2,4,9,4,8,4,42,29,71,2,27
LOUISVILLE SLUGGERS,23,210,10.72005548387405,7823,7040,1839,255,989,942,176,0.2612215909090909,1082,66,69,1040,478.05776000000003,1365.02627,3.9764508687615527,1.2615769593345656,8,9,7,9,10,5,10,5,4,3,43,27,70,3,27
MELONHEADS,23,258,10.394893620562435,7513,6709,1706,248,941,922,161,0.25428528841854225,1293,83,14,1282,543.92831,1576.34215,3.786043921113689,1.219135460170147,6,6,6,8,4,9,3,8,9,8,30,37,67,4,27
NATIONAL PASTIME,23,263,10.537825426320047,7797,7008,1795,261,948,944,142,0.2561358447488584,1192,77,52,1198,514.7366144444444,1473.8298200000002,3.8864341694630866,1.236434412751678,9,7,8,3,6,7,7,7,5,7,33,33,66,5,27
BIG RED MACHINE,23,220,9.874256638636956,7420,6585,1656,255,935,912,144,0.25148063781321184,1192,72,59,1147,514.0315333333333,1484.4789300000002,3.881110570469798,1.245368229865772,8,5,5,4,3,6,8,6,6,6,25,32,57,6,27
FREE BIRDS,23,248,9.160785401214534,7389,6539,1689,218,898,880,135,0.25829637559259827,1336,82,0,1329,603.5816433333334,1682.04555,4.066044004491018,1.259016130239521,4,3,3,2,8,8,2,9,3,5,20,27,47,7,27
BLUE SOCKS,17,270,9.026310036006912,6317,5701,1468,199,782,771,150,0.25749868444132606,903,58,29,922,361.34766333333334,1081.04639,3.601471727574751,1.1971720819490588,3,1,1,6,7,2,5,1,10,10,18,28,46,8,27
ERIE LAKERS,23,201,8.258218862135104,7263,6461,1682,250,918,909,123,0.26033121807769694,1100,62,27,973,511.13288,1450.0052699999999,4.181996290909091,1.318186609090909,7,4,4,1,9,3,4,2,1,1,25,11,36,9,27
FREE AT LAST,22,219,8.106155340400646,7109,6221,1520,236,893,846,145,0.24433370840700852,1064,62,59,986,486.98761888888896,1366.1773,4.119256174812031,1.2840012218045114,5,2,2,5,1,3,8,3,2,2,15,18,33,10,27
LOUISVILLE SLUGGERS,23,210,10.813213650116076,7508,6746,1775,248,978,922,182,0.26311888526534244,1099,68,66,1114,474.5915522222223,1349.7694399999998,3.886555022747953,1.228179654231119,7,9,8,8,10,6,9,6,5,6,42,32,74,1,28
MELONHEADS,23,260,10.245416263744989,7307,6503,1633,258,925,913,168,0.2511148700599723,1320,85,0,1317,560.5295988888889,1609.97433,3.8217927196969703,1.2196775227272727,8,4,7,7,4,10,1,9,9,8,30,37,67,2,28
HOOSIERS,23,242,10.57243959969511,8085,7188,1795,287,1014,1020,202,0.24972175848636616,1177,74,13,1081,504.0282422222223,1486.2586099999999,3.8540817162276984,1.2627515802888698,10,10,10,10,3,7,2,4,6,3,43,22,65,3,28
NATIONAL PASTIME,23,270,10.409386253005138,7325,6585,1706,227,902,871,152,0.2590736522399393,1263,82,52,1272,526.3037733333333,1546.00638,3.750383182897862,1.2240747268408552,4,3,2,6,8,9,7,8,10,7,23,41,64,4,28
WESTSIDE MARAUDERS,20,270,10.773684097941059,6266,5599,1455,226,810,801,126,0.2598678335417039,1366,85,32,1411,581.51135,1649.9187960000002,3.8313339311859442,1.2078468491947292,3,1,1,3,9,10,5,10,7,9,17,41,58,5,28
BIG RED MACHINE,23,207,9.800157180399218,7622,6736,1663,276,951,936,107,0.24688242280285036,1116,67,86,1082,484.1515422222222,1389.94091,3.904447921146953,1.245466765232975,9,8,9,1,1,5,10,5,4,5,28,29,57,6,28
BLUE SOCKS,18,270,9.543137227677542,7549,6803,1756,226,927,899,192,0.2581214170219021,680,45,29,714,288.9175711111111,807.34184,3.8239090294117646,1.187267411764706,3,5,5,9,6,2,4,1,8,10,28,25,53,7,28
ERIE LAKERS,23,181,8.207123000611142,7534,6660,1724,245,943,909,116,0.25885885885885884,1163,63,33,991,560.3705666666667,1573.27323,4.336487618228719,1.352771478933792,6,7,6,2,7,4,6,3,1,1,28,15,43,8,28
FREE BIRDS,23,250,9.142282424554514,7305,6477,1645,226,878,881,134,0.2539756059904277,1278,79,27,1271,565.9555900000001,1599.68098,3.9856027464788744,1.2517065571205008,3,2,3,4,5,8,3,7,3,4,17,25,42,9,28
FREE AT LAST,22,225,8.23948292880526,7592,6699,1670,237,934,891,141,0.24929093894611137,1035,58,55,917,467.46284222222226,1355.83833,4.064894280193237,1.3099887246376811,5,6,4,5,2,3,8,2,2,2,22,17,39,10,28
WESTSIDE MARAUDERS,23,266,11.192102917335015,7589,6779,1724,279,953,962,144,0.25431479569258003,1351,85,32,1340,575.7651744444444,1656.0294160000003,3.835593316062176,1.2257804707623985,10,9,8,5,6,10,5,10,7,7,38,39,77,1,29
LOUISVILLE SLUGGERS,23,210,10.876230945391036,7927,7134,1858,265,1008,968,169,0.2604429492570788,1141,67,52,1102,503.3931333333334,1422.3345199999999,3.970673269062227,1.2465683786152497,8,10,9,7,10,4,9,5,4,6,44,28,72,2,29
HOOSIERS,23,223,10.394119347090951,7947,7030,1767,263,1008,972,204,0.25135135135135134,1157,73,38,1085,492.1147966666666,1494.73008,3.8280321261884183,1.2919015384615384,7,10,10,10,2,7,6,4,8,2,39,27,66,3,29
MELONHEADS,23,258,10.399558117372257,7395,6609,1678,247,933,918,165,0.25389620214858527,1284,80,27,1269,547.7214466666667,1544.8356700000002,3.8391690186915888,1.2031430451713396,6,6,6,6,5,8,3,8,6,9,29,34,63,4,29
BIG RED MACHINE,23,210,9.8321450055987,7587,6710,1674,271,951,944,118,0.24947839046199702,1203,73,46,1153,518.7466988888889,1513.0504199999998,3.8808979966749795,1.25773102244389,9,8,7,2,1,7,7,7,5,5,27,31,58,5,29
NATIONAL PASTIME,21,270,10.368979375073952,6681,5967,1502,244,831,834,123,0.25171778112954585,1112,71,111,1118,458.27325,1341.50267,3.7090460881294964,1.2063872931654678,5,2,1,3,3,6,10,6,9,8,14,39,53,6,29
BLUE SOCKS,17,270,9.117804433377271,6940,6257,1612,213,855,839,175,0.25763145277289434,672,47,29,747,272.1833977777778,792.95328,3.6453133630952386,1.1799899999999999,1,3,2,8,8,2,4,1,10,10,22,27,49,7,29
FREE BIRDS,23,249,9.25246671337253,7470,6624,1698,225,910,887,136,0.2563405797101449,1318,81,0,1330,588.5794011111111,1659.8096600000001,4.019130963581183,1.259339650986343,3,4,4,4,7,9,1,9,3,4,22,26,48,8,29
FREE AT LAST,22,239,8.237270405546187,7592,6696,1697,218,942,867,179,0.2534348864994026,958,55,47,903,439.1479277777778,1215.7274400000001,4.125606837160752,1.2690265553235909,2,7,3,9,4,3,8,2,2,3,25,18,43,9,29
ERIE LAKERS,23,200,8.129212402380384,7438,6599,1710,239,923,900,114,0.25913017123806636,1169,68,11,1015,556.4637222222223,1548.32677,4.284151839178786,1.3244882549187338,4,5,5,1,9,5,2,3,1,1,24,12,36,10,29
WESTSIDE MARAUDERS,23,270,10.957078585490352,7267,6462,1662,267,935,927,145,0.25719591457753016,1368,85,32,1350,590.6532055555555,1663.558146,3.8858763523391806,1.2160512763157896,10,6,8,5,7,10,5,10,5,8,36,38,74,1,30
LOUISVILLE SLUGGERS,23,223,10.621291372011601,7342,6585,1714,246,935,897,167,0.26028853454821566,1230,76,36,1230,527.6811211111112,1518.9671899999998,3.8610813739837404,1.2349326747967477,4,6,3,7,9,7,6,8,8,7,29,36,65,2,30
MELONHEADS,23,256,10.246188249137102,7283,6479,1629,250,929,908,178,0.2514276894582497,1271,80,27,1273,545.3118400000001,1538.85839,3.861374162077105,1.2107461762391818,7,5,4,9,2,9,3,9,7,9,27,37,64,3,30
BLUE SOCKS,19,270,9.609200646278302,7960,7224,1860,234,951,952,173,0.2574750830564784,693,47,29,708,286.33136111111116,838.09293,3.718589105339106,1.2093693073593075,2,9,10,8,8,1,4,1,10,10,37,26,63,4,30
NATIONAL PASTIME,23,251,10.417020226496183,7626,6834,1742,263,938,936,134,0.2549019607843137,1183,73,82,1134,514.4398855555555,1476.6836300000002,3.913743846153846,1.2482532797971262,9,7,9,3,6,5,10,5,4,5,34,29,63,4,30
HOOSIERS,23,226,10.165412466996337,7623,6790,1714,247,960,924,217,0.2524300441826215,1248,79,16,1153,532.3673744444444,1592.96114,3.8391877964743584,1.2764111698717948,5,10,6,10,3,8,2,6,9,3,34,28,62,5,30
BIG RED MACHINE,23,214,9.80008888635787,7489,6658,1686,253,941,922,135,0.25322919795734455,1193,71,46,1124,512.2788733333334,1507.46701,3.8646352556580057,1.2635934702430847,8,8,5,4,5,4,7,4,6,4,30,25,55,6,30
ERIE LAKERS,23,212,8.261918936947412,7426,6588,1717,249,941,926,109,0.2606253794778385,981,55,52,903,457.2204211111111,1285.78397,4.194682762487258,1.3106870234454637,6,8,7,2,10,2,8,2,1,1,33,14,47,7,30
FREE BIRDS,23,248,9.125756616445171,7361,6495,1644,228,893,867,109,0.2531177829099307,1198,75,59,1219,529.5459500000001,1490.70263,3.978225,1.2443260684474124,1,3,2,2,4,6,9,7,3,6,12,31,43,8,30
FREE AT LAST,22,225,8.13588720256544,7319,6413,1574,238,905,864,151,0.245438952128489,1132,65,14,1076,517.9925966666667,1454.92781,4.11831569787986,1.2852719169611306,3,4,1,6,1,3,1,3,2,2,15,11,26,9,30
WESTSIDE MARAUDERS,23,266,11.151257970425323,7743,6933,1801,257,975,949,142,0.2597721044280975,1263,81,46,1293,541.4257355555555,1547.922016,3.8581406334125097,1.2255914615993666,8,9,9,4,10,9,6,9,8,8,40,40,80,1,31
LOUISVILLE SLUGGERS,23,211,10.73553647635585,7653,6903,1788,263,983,959,165,0.2590178183398522,1126,67,63,1082,487.02915222222225,1389.49772,3.8927729751332154,1.2340121847246892,10,10,10,7,9,3,9,4,5,7,46,28,74,2,31
MELONHEADS,23,260,10.416794279500813,7391,6592,1662,252,937,916,179,0.252123786407767,1349,84,0,1358,580.8525944444445,1632.3063100000002,3.8752211638250564,1.210012090437361,6,7,6,9,4,10,3,10,7,10,32,40,72,3,31
HOOSIERS,23,245,10.48056183489702,7631,6742,1694,252,968,932,209,0.25126075348561255,1268,77,19,1211,540.0249722222222,1585.68519,3.8329848186119877,1.2505403706624605,6,8,7,10,3,6,4,7,9,4,34,30,64,4,31
NATIONAL PASTIME,23,257,10.423010840789136,7671,6893,1764,256,936,935,145,0.2559117945742057,1216,79,52,1198,529.6625577777778,1505.5981,3.9201998519736843,1.238156332236842,7,6,8,5,6,8,7,6,4,6,32,31,63,5,31
BLUE SOCKS,18,270,9.33178567203727,6940,6257,1612,213,855,839,175,0.25763145277289434,760,52,59,783,313.71947222222224,920.83257,3.7150990131578947,1.211621802631579,2,2,2,8,7,2,8,2,10,9,21,31,52,6,31
BIG RED MACHINE,23,208,9.804282733468614,7454,6617,1657,259,934,913,133,0.2504155961916276,1213,73,59,1157,524.2487388888889,1531.35002,3.8897268342951357,1.262448491343776,9,5,5,3,2,5,8,5,6,3,24,27,51,7,31
FREE AT LAST,22,234,8.19392348843965,7942,6978,1741,243,975,916,162,0.24949842361708227,833,47,68,768,378.2011177777778,1086.2108,4.086206554621849,1.303974549819928,5,9,6,6,1,1,10,1,2,2,27,16,43,8,31
FREE BIRDS,23,248,9.118111578211492,7347,6508,1650,229,884,883,120,0.2535341118623233,1276,78,27,1270,566.8706411111112,1591.2950500000002,3.998303894984327,1.2470964341692792,3,3,3,1,5,7,5,8,3,5,15,28,43,8,31
ERIE LAKERS,23,192,8.086066569058568,7354,6525,1689,242,924,898,122,0.25885057471264367,1193,68,0,1050,551.7876466666667,1577.30507,4.162689706621961,1.3221333361274097,4,4,4,2,8,4,3,3,1,1,22,12,34,9,31
WESTSIDE MARAUDERS,23,268,10.900659495071332,7589,6762,1714,265,949,945,140,0.25347530316474415,1316,84,32,1354,562.7435933333334,1608.4892660000003,3.848550410334347,1.2222562811550155,9,8,8,5,6,10,7,10,7,7,36,41,77,1,32
LOUISVILLE SLUGGERS,23,209,10.804289863824783,8019,7203,1871,266,1015,964,169,0.2597528807441344,1082,67,52,1072,483.39921111111113,1365.8473399999998,4.020880683918669,1.2623358040665433,10,10,10,8,9,4,8,4,3,4,47,23,70,2,32
HOOSIERS,23,239,10.391984108742886,7842,6921,1753,251,1003,949,220,0.2532870972402832,1319,81,0,1200,579.2567855555556,1668.69132,3.952472380591357,1.265118514025777,7,9,9,10,5,8,2,6,6,3,40,25,65,3,32
MELONHEADS,23,257,10.250479680972909,7230,6451,1626,253,912,909,164,0.25205394512478685,1299,82,19,1284,544.750168888889,1582.25827,3.7742505927636647,1.218058714395689,8,4,6,7,3,9,3,9,8,8,28,37,65,3,32
NATIONAL PASTIME,23,269,10.395334326497798,7513,6735,1730,241,915,896,135,0.25686711210096513,1116,70,111,1124,464.64951,1345.5676700000001,3.7471734677419355,1.2057057974910395,5,5,5,4,7,5,10,5,9,10,26,39,65,3,32
BLUE SOCKS,18,270,9.529614128267294,7409,6681,1722,224,922,894,198,0.2577458464301751,693,47,29,708,286.33136111111116,838.09293,3.718589105339106,1.2093693073593075,2,6,4,9,8,1,6,1,10,9,29,27,56,4,32
BIG RED MACHINE,23,206,9.761922872351528,7412,6586,1666,253,928,915,127,0.25296082599453384,1277,76,27,1212,565.253248888889,1601.92467,3.9837738762725143,1.2544437509788569,8,7,7,2,4,6,4,7,4,5,28,26,54,5,32
FREE BIRDS,23,254,9.31863599034295,7369,6516,1640,242,896,893,120,0.25168815224063845,1253,78,27,1281,552.0229166666668,1566.95963,3.965048882681565,1.250566344772546,6,2,3,1,2,7,4,8,5,6,14,30,44,6,32
ERIE LAKERS,23,187,8.025682987869798,7158,6383,1662,236,898,878,128,0.26037913206955976,981,55,68,892,446.7270822222222,1294.64072,4.098413598369011,1.3197153109072377,4,3,2,3,10,2,9,2,1,1,22,15,37,7,32
FREE AT LAST,22,222,8.15516670132055,7228,6387,1598,226,888,857,141,0.25019571003601065,1161,66,28,1043,528.6887511111112,1495.53103,4.09836241171404,1.288140422049957,3,1,1,6,1,3,5,3,2,2,12,15,27,8,32
LOUISVILLE SLUGGERS,23,204,10.72608418714466,7431,6694,1739,252,964,921,179,0.2597848819838661,1040,65,93,1062,447.36424888888894,1275.18389,3.871421384615385,1.2261383557692307,7,9,7,8,10,5,10,5,5,6,41,31,72,1,33
WESTSIDE MARAUDERS,22,270,11.10941767362722,7267,6476,1661,267,929,918,132,0.25648548486720196,1314,82,32,1349,557.8935444444444,1595.912546,3.821188660578386,1.214545316590563,9,5,5,4,6,10,6,9,8,7,29,40,69,2,33
HOOSIERS,23,242,10.392631781027797,7998,7087,1772,269,1015,991,214,0.2500352758572033,1171,72,32,1040,501.4640188888889,1480.87964,3.8541214090520928,1.2646282152006834,10,10,10,10,2,6,6,4,6,4,42,26,68,3,33
MELONHEADS,23,263,10.405180047191083,7517,6721,1705,251,943,926,166,0.25368248772504093,1283,80,19,1266,541.1775177777778,1554.3731299999997,3.7962569446609513,1.2115145206547153,6,6,8,7,3,8,3,7,9,9,30,36,66,4,33
NATIONAL PASTIME,22,270,10.40749792122445,7211,6472,1670,231,886,860,147,0.2580346106304079,1269,81,52,1286,534.1393233333333,1539.81339,3.788222151300236,1.213406926713948,3,2,2,6,8,9,8,8,10,8,21,43,64,5,33
BIG RED MACHINE,23,207,9.80967459255822,7587,6733,1710,256,951,934,139,0.25397296895885935,1284,78,27,1161,563.11364,1649.91191,3.9470582242990653,1.2849781230529596,8,8,9,5,5,7,4,6,4,3,35,24,59,6,33
BLUE SOCKS,18,270,9.543137227677542,7549,6803,1756,226,927,899,192,0.2581214170219021,680,45,29,714,288.9175711111111,807.34184,3.8239090294117646,1.187267411764706,1,4,4,9,9,2,5,1,7,10,27,25,52,7,33
FREE BIRDS,23,257,9.303164699383503,7393,6558,1664,238,895,897,117,0.25373589508996647,1306,81,0,1350,578.2314577777778,1620.7278800000001,3.9847497090352224,1.2409861255742727,4,3,3,2,4,9,2,10,3,5,16,29,45,8,33
ERIE LAKERS,23,190,8.208633333667573,7610,6726,1735,248,949,919,116,0.25795420755278026,1100,59,44,944,533.7429255555555,1474.37308,4.366987572727273,1.3403391636363637,5,7,6,1,7,3,7,2,1,1,26,14,40,9,33
FREE AT LAST,22,223,7.954242418569485,7113,6235,1533,228,872,839,131,0.2458700882117081,1050,63,65,998,467.7783811111111,1369.4855400000004,4.009528980952381,1.3042719428571432,2,1,1,3,1,4,9,3,2,2,8,20,28,10,33
WESTSIDE MARAUDERS,23,268,10.868600384789797,7358,6585,1694,252,927,917,151,0.25725132877752466,1261,79,59,1311,540.9259288888888,1532.362176,3.8606925931800156,1.2151960158604282,7,6,7,6,6,9,10,9,7,9,32,44,76,1,34
LOUISVILLE SLUGGERS,23,221,10.72527634610373,7410,6673,1721,254,937,910,154,0.25790499025925373,1161,77,50,1237,471.67278000000005,1418.3605400000001,3.656378139534884,1.2216714384151595,9,7,5,7,8,7,8,7,10,7,36,39,75,2,34
NATIONAL PASTIME,23,267,10.601402314899605,7723,6934,1797,254,953,938,137,0.25915777329102974,1199,76,52,1174,523.9971988888889,1482.29976,3.9332567055879903,1.2362800333611343,9,8,9,4,10,6,9,6,5,6,40,32,72,3,34
MELONHEADS,23,251,10.34287455816784,7267,6451,1613,253,923,902,187,0.2500387536815998,1375,86,0,1344,590.3416677777777,1679.51845,3.8640545527272723,1.2214679636363637,8,5,3,8,2,10,2,10,6,8,26,36,62,4,34
HOOSIERS,23,225,10.266424205598788,7858,6943,1746,251,995,942,208,0.25147630707187096,1171,71,47,1081,519.0098911111111,1487.5318,3.9889743979504693,1.2703089666951324,6,10,10,10,3,4,7,4,4,3,39,22,61,5,34
BIG RED MACHINE,23,204,9.6570101406163,7395,6559,1636,261,923,911,126,0.24942826650404026,1220,73,59,1148,523.17917,1541.8354800000002,3.859518467213115,1.263799573770492,10,5,6,3,1,5,10,5,8,4,25,32,57,6,34
BLUE SOCKS,18,270,9.529614128267294,7409,6681,1722,224,922,894,198,0.2577458464301751,693,47,29,708,286.33136111111116,838.09293,3.718589105339106,1.2093693073593075,2,4,2,9,7,1,4,1,9,10,24,25,49,7,34
FREE AT LAST,22,234,8.219196507226133,7942,7030,1777,239,972,932,150,0.252773826458037,945,53,33,841,430.8682655555556,1224.36409,4.103507291005291,1.2956233756613758,4,9,8,5,4,2,5,2,2,2,30,13,43,8,34
FREE BIRDS,23,244,9.190851287007389,7369,6528,1657,234,892,889,119,0.2538296568627451,1269,78,27,1279,567.9402100000001,1580.80959,4.02794475177305,1.2457128368794326,3,3,1,2,5,8,3,8,3,5,14,27,41,9,34
ERIE LAKERS,23,191,8.110124964784896,7430,6602,1707,244,927,907,119,0.25855801272341716,1114,60,37,960,524.7422233333333,1482.38085,4.23938959605027,1.3306829892280072,5,6,4,2,9,3,6,3,1,1,26,14,40,10,34
LOUISVILLE SLUGGERS,23,222,10.746907738554654,7753,7007,1851,246,994,932,200,0.26416440702154986,1006,65,63,1044,424.2968566666667,1250.57524,3.7958963320079526,1.2431165407554672,7,10,9,9,10,3,8,3,8,6,45,28,73,1,35
WESTSIDE MARAUDERS,22,270,11.070372119970402,7239,6493,1679,241,910,894,131,0.25858616972123827,1214,76,78,1238,507.0286355555555,1463.4088160000001,3.758861383855024,1.2054438352553543,6,4,6,4,8,7,9,8,9,10,28,43,71,2,35
MELONHEADS,23,255,10.280343180160065,7486,6644,1685,254,958,929,173,0.2536122817579771,1335,83,0,1288,577.6452511111112,1651.2269099999999,3.8942376479400753,1.2368740898876402,8,8,8,7,5,9,2,9,6,7,36,33,69,3,35
NATIONAL PASTIME,23,264,10.267956713860006,7394,6584,1665,246,903,884,133,0.2528857837181045,1182,77,84,1217,486.9899966666667,1431.0376700000002,3.708045659898478,1.2106917681895095,7,3,4,5,4,8,10,7,10,9,23,44,67,4,35
HOOSIERS,23,236,10.500897315221378,7825,6930,1732,270,990,976,208,0.24992784992784992,1148,68,44,1067,503.0552655555556,1441.60322,3.9438130574912895,1.2557519337979093,10,9,10,10,2,4,6,4,4,3,41,21,62,5,35
BIG RED MACHINE,23,214,9.786515210691533,7531,6667,1675,264,947,932,128,0.25123743812809357,1239,74,27,1212,541.2874733333334,1546.1900600000001,3.9318702663438265,1.2479338660209847,9,7,9,3,3,6,4,6,5,5,31,26,57,6,35
BLUE SOCKS,19,270,9.654678178827153,7395,6675,1726,219,921,890,195,0.25857677902621723,833,55,29,839,355.06576111111116,1016.66573,3.8362447178871553,1.2204870708283313,3,6,5,8,7,1,5,1,7,8,29,22,51,7,35
FREE BIRDS,23,239,9.27110808323119,7498,6663,1691,235,895,895,111,0.25378958427134923,1376,84,0,1353,619.6693422222222,1726.32733,4.053069825581395,1.2545983502906977,4,2,7,1,6,10,2,10,3,4,20,29,49,8,35
ERIE LAKERS,23,195,8.145678127868981,7343,6557,1709,239,914,895,127,0.2606374866554827,1075,61,46,926,503.74933,1428.69786,4.21743625116279,1.3290212651162792,5,5,7,2,9,2,7,2,1,1,28,13,41,9,35
FREE AT LAST,22,217,7.950533023101298,7102,6219,1523,239,872,852,134,0.24489467760090047,1191,69,22,1086,539.6559766666667,1542.20781,4.078004861460958,1.2948848110831235,5,1,3,6,1,5,3,5,2,2,16,17,33,10,35
WESTSIDE MARAUDERS,23,269,11.267176388216672,7827,7009,1795,263,972,968,144,0.25609930089884436,1346,84,32,1341,575.9901255555554,1640.7206360000002,3.8513455646359573,1.2189603536404163,7,8,9,4,5,10,7,9,8,9,33,43,76,1,36
MELONHEADS,23,257,10.396051410309017,7486,6655,1670,259,955,926,165,0.25093914350112695,1263,81,27,1245,537.3830200000001,1546.55183,3.8293326840855113,1.2245065954077594,6,7,6,9,4,8,5,8,9,8,32,38,70,2,36
LOUISVILLE SLUGGERS,23,204,10.789948323599393,7847,7050,1833,264,999,948,163,0.26,903,55,126,942,389.3343766666667,1127.19584,3.8804090697674423,1.2482788925802881,8,9,8,8,9,2,10,2,7,6,42,27,69,3,36
NATIONAL PASTIME,23,265,10.547194738023778,7688,6926,1795,246,943,929,162,0.2591683511406295,1222,77,52,1190,530.9700288888889,1514.4581400000002,3.9105812274959084,1.2393274468085107,5,6,7,7,8,7,8,7,5,7,33,34,67,4,36
HOOSIERS,23,245,10.34023678796912,7907,7007,1751,265,1004,978,216,0.24989296417867846,1173,74,27,1091,512.5958400000001,1474.60556,3.9329604092071615,1.2571232395566923,9,10,10,10,3,6,5,5,4,4,42,24,66,5,36
BIG RED MACHINE,23,204,9.736068555639024,7542,6685,1665,267,938,926,117,0.24906507105459985,1203,74,59,1136,520.6399922222222,1520.5505600000001,3.8950622859517874,1.263965552784705,10,5,6,2,2,6,9,6,6,3,25,30,55,6,36
BLUE SOCKS,17,270,9.026310036006912,6317,5701,1468,199,782,771,150,0.25749868444132606,903,58,29,922,361.34766333333334,1081.04639,3.601471727574751,1.1971720819490588,2,1,2,5,7,3,6,1,10,10,17,30,47,7,36
FREE BIRDS,23,252,9.100368112020057,7277,6441,1653,214,879,861,142,0.25663716814159293,1327,82,0,1346,589.9893444444446,1658.55212,4.001434890730972,1.249850881688018,3,2,4,3,6,9,2,10,3,5,18,29,47,7,36
ERIE LAKERS,23,199,8.27878235939913,7328,6500,1692,246,919,907,114,0.2603076923076923,1099,61,22,997,513.4676411111111,1429.3680399999998,4.204921537761602,1.3006078616924475,5,4,5,1,10,4,4,3,1,1,25,13,38,8,36
FREE AT LAST,22,226,8.100957618119883,7214,6340,1575,227,905,849,161,0.24842271293375395,1160,66,19,1060,526.7258566666667,1504.89153,4.086666129310345,1.2973202844827587,4,3,3,6,1,5,3,4,2,2,17,16,33,9,36
LOUISVILLE SLUGGERS,23,215,10.92410705626022,7919,7126,1867,258,1005,962,176,0.2619983160258209,1113,68,47,1119,483.2690655555556,1376.34545,3.907836109613657,1.236608670260557,9,10,10,9,10,5,8,5,5,7,48,30,78,1,37
WESTSIDE MARAUDERS,23,265,11.161843191315295,7747,6905,1776,256,972,944,136,0.25720492396813904,1358,87,32,1327,578.6205922222222,1681.8732860000002,3.8347461929307807,1.238492846833579,7,9,9,5,6,10,5,10,8,6,36,39,75,2,37
NATIONAL PASTIME,23,268,10.416169801103035,7521,6756,1739,250,927,919,154,0.257400828892836,1172,77,52,1220,501.63862,1434.1799800000001,3.8521737030716725,1.2237030546075087,4,3,5,7,7,6,9,7,7,8,26,37,63,3,37
MELONHEADS,23,257,10.27017316006439,7293,6484,1630,255,930,907,165,0.2513880320789636,1285,80,27,1274,553.3384566666667,1553.6972600000001,3.87552226459144,1.209102926070039,6,4,4,8,4,9,2,8,6,9,26,34,60,4,37
HOOSIERS,23,224,10.255475826485975,7606,6749,1693,254,970,939,219,0.2508519780708253,1255,78,30,1136,549.7002544444445,1581.62113,3.9420735378486054,1.2602558804780877,5,8,8,10,3,7,4,6,4,3,34,24,58,5,37
BIG RED MACHINE,23,212,9.764971890469303,7517,6664,1669,266,939,932,107,0.2504501800720288,1127,67,73,1069,479.43179333333336,1410.55657,3.828647861579415,1.251602990239574,10,5,6,2,2,4,10,4,9,4,25,31,56,6,37
BLUE SOCKS,17,270,9.026310036006912,6317,5701,1468,199,782,771,150,0.25749868444132606,903,58,29,922,361.34766333333334,1081.04639,3.601471727574751,1.1971720819490588,1,1,2,6,8,3,3,3,10,10,18,29,47,7,37
ERIE LAKERS,23,197,8.403560893517831,7609,6757,1757,257,952,936,119,0.26002663904099454,1017,56,43,913,477.4371133333333,1362.1633,4.225107197640118,1.3393936086529006,8,6,7,3,9,2,7,2,2,1,33,14,47,7,37
FREE BIRDS,23,246,9.082777737915883,7319,6498,1646,218,866,859,135,0.2533087103724223,1274,79,32,1296,563.6274144444444,1594.4085400000001,3.9816693328100468,1.2514980690737834,2,2,3,4,5,8,5,9,3,5,16,30,46,8,37
FREE AT LAST,22,224,8.151224465587358,7676,6761,1679,240,961,907,176,0.24833604496376277,971,55,36,877,457.09004444444446,1271.6014599999999,4.23667394438723,1.3095792584963952,3,7,4,9,1,1,6,1,1,2,24,11,35,9,37
WESTSIDE MARAUDERS,22,270,11.124988308725598,7708,6902,1784,254,972,951,156,0.25847580411474935,1212,77,32,1220,515.8314288888888,1464.9318560000002,3.8304314026402633,1.2086896501650166,8,9,9,7,8,8,6,8,8,9,41,39,80,1,38
LOUISVILLE SLUGGERS,23,206,10.755929296913827,7671,6890,1795,251,968,927,169,0.260522496371553,1054,69,80,1062,453.71251333333333,1315.1601799999999,3.874205521821632,1.247780056925996,7,8,8,8,9,4,10,4,6,6,40,30,70,2,38
NATIONAL PASTIME,23,267,10.509609190795306,7639,6858,1764,254,939,924,145,0.2572178477690289,1142,72,79,1155,491.3219388888889,1396.8590900000002,3.8720643169877413,1.2231690805604205,8,7,7,4,6,5,9,7,7,7,32,35,67,3,38
MELONHEADS,23,264,10.294580823144612,7391,6582,1657,249,933,905,188,0.25174718930416284,1297,83,0,1322,549.9610611111111,1570.97827,3.8162294140323825,1.2112399922898998,6,6,4,9,3,10,1,10,9,8,28,38,66,4,38
HOOSIERS,23,227,10.384746604776636,8096,7187,1810,266,1021,990,206,0.25184360651175736,1249,75,17,1104,553.5820555555556,1625.52061,3.988981985588471,1.3014576541232987,10,10,10,10,4,7,2,5,3,2,44,19,63,5,38
BIG RED MACHINE,23,201,9.672224540068328,7385,6553,1629,261,920,914,115,0.2485884327788799,1214,74,59,1139,527.0500555555556,1532.84957,3.9072903624382205,1.2626437973640858,9,4,5,1,2,6,8,6,5,4,21,29,50,6,38
BLUE SOCKS,18,270,9.15137408656677,6303,5695,1472,194,781,767,147,0.25847234416154524,1043,66,29,1053,430.08206333333334,1259.61919,3.7111587440076703,1.207688581016299,3,2,1,5,7,3,5,3,10,10,18,31,49,7,38
FREE BIRDS,23,246,9.023027149436825,7256,6399,1627,226,883,866,127,0.2542584778871699,1283,78,27,1273,568.2563311111112,1607.58795,3.986209649259549,1.2529913873733438,4,3,2,3,5,9,4,9,4,5,17,31,48,8,38
ERIE LAKERS,23,209,8.329808554132033,7301,6498,1693,251,920,915,124,0.2605417051400431,1044,60,21,984,481.6446199999999,1332.5851400000001,4.152108793103448,1.2764225478927205,7,4,6,2,10,2,3,2,1,3,29,11,40,9,38
FREE AT LAST,22,224,8.232720821966323,7382,6476,1605,238,922,875,153,0.24783817171093267,1026,57,57,928,468.8728822222222,1341.84869,4.112920019493177,1.3078447270955167,5,5,3,6,1,1,7,1,2,1,20,12,32,10,38
WESTSIDE MARAUDERS,23,268,11.16089453048017,7750,6927,1801,253,975,951,144,0.25999711274722104,1347,83,32,1325,581.2390688888888,1643.081406,3.883557253155159,1.219808022271715,7,9,9,5,8,10,6,10,6,8,38,40,78,1,39
NATIONAL PASTIME,23,255,10.462514129843582,7751,6942,1764,271,948,970,138,0.2541054451166811,1193,76,52,1158,520.5899555555555,1489.1562300000003,3.927334115674769,1.248244953897737,10,6,10,4,5,7,8,7,4,7,35,33,68,2,39
HOOSIERS,23,232,10.249831994043936,7770,6873,1716,255,980,948,211,0.24967263203841117,1089,67,58,1082,471.65436555555556,1365.98981,3.897969963269054,1.2543524426078971,8,10,8,10,3,4,9,4,5,5,39,27,66,3,39
LOUISVILLE SLUGGERS,23,213,10.638458521204992,7532,6814,1812,239,959,907,157,0.26592309950102727,1122,73,58,1127,482.58976666666666,1418.2721800000002,3.871040909090909,1.2640572014260252,4,8,5,8,10,6,9,6,7,3,35,31,66,3,39
MELONHEADS,23,262,10.437895031065182,7332,6517,1630,245,930,893,210,0.25011508362743595,1312,81,19,1289,551.51615,1586.55074,3.783266272865854,1.2092612347560976,5,5,4,9,4,9,2,9,9,9,27,38,65,4,39
BIG RED MACHINE,23,212,9.77739607913059,7656,6773,1680,269,951,935,123,0.2480437029381367,1169,71,59,1125,501.1645244444444,1465.44404,3.8584095124037634,1.2535877159965783,9,7,7,2,2,5,10,5,8,6,27,34,61,5,39
BLUE SOCKS,17,270,9.026310036006912,6317,5701,1468,199,782,771,150,0.25749868444132606,903,58,29,922,361.34766333333334,1081.04639,3.601471727574751,1.1971720819490588,1,1,1,7,7,1,4,1,10,10,17,26,43,6,39
FREE BIRDS,23,248,9.255315064778944,7292,6466,1649,228,902,881,129,0.25502629137024435,1278,79,27,1261,570.9256300000001,1606.16697,4.020603028169014,1.2567816666666667,2,2,3,3,6,8,3,8,3,4,16,26,42,7,39
ERIE LAKERS,23,202,8.291249478794994,7301,6509,1700,250,917,914,121,0.2611768320786603,1039,59,37,939,483.7533855555555,1353.5337099999997,4.190356564003849,1.3027273435996147,6,4,6,1,9,2,7,2,1,1,26,13,39,8,39
FREE AT LAST,22,222,8.179144511176954,7431,6518,1616,235,915,864,147,0.24792881251917767,1112,64,30,1012,515.53444,1438.69907,4.172490971223022,1.2937941276978415,3,3,2,6,1,3,5,3,2,2,15,15,30,9,39
WESTSIDE MARAUDERS,23,270,11.246829105547986,7645,6798,1732,270,981,958,153,0.25478081788761403,1331,84,32,1339,566.801641111111,1622.5306960000003,3.8326181592787374,1.2190313268219386,10,9,9,5,7,10,5,10,6,6,40,37,77,1,40
LOUISVILLE SLUGGERS,23,227,10.60432099941948,7588,6846,1813,241,973,912,166,0.26482617586912066,966,61,104,1008,411.25136333333336,1176.73514,3.831534440993789,1.2181523188405796,4,8,6,8,10,6,10,4,7,8,36,35,71,2,40
HOOSIERS,23,223,10.35841793504515,8054,7122,1791,265,1027,977,211,0.2514743049705139,1203,72,33,1079,536.2004755555556,1571.32638,4.011474879467997,1.306173216957606,9,10,10,10,3,8,6,6,4,2,42,26,68,3,40
MELONHEADS,23,259,10.322826164921468,7398,6613,1681,241,923,909,158,0.25419628005443823,1296,81,19,1284,538.1506522222222,1578.41652,3.737157307098766,1.2179139814814814,4,5,4,7,6,9,3,9,9,9,26,39,65,4,40
BIG RED MACHINE,23,212,9.800520344390852,7507,6689,1685,256,930,919,140,0.2519061145163702,1187,72,59,1124,516.1667666666666,1487.67993,3.9136486099410273,1.2533108087615838,8,6,8,4,4,8,9,7,5,5,30,34,64,5,40
BLUE SOCKS,18,270,9.381533320053183,7493,6800,1757,223,904,905,170,0.25838235294117645,602,41,56,648,243.46665111111113,703.41828,3.6398668770764124,1.168468903654485,3,2,3,9,8,4,8,2,10,10,25,34,59,6,40
NATIONAL PASTIME,23,264,10.330468392940977,7436,6597,1669,252,921,896,135,0.2529937850538123,1255,81,52,1278,524.4692055555556,1529.5305600000002,3.7611337450199205,1.2187494501992033,7,4,2,2,5,9,7,8,8,7,20,39,59,6,40
FREE AT LAST,22,223,8.272375079496548,7788,6836,1691,247,956,914,155,0.24736688121708603,1048,58,22,975,494.5971633333333,1354.3161,4.2474947232824425,1.292286354961832,5,7,7,6,1,5,4,3,1,3,26,16,42,7,40
ERIE LAKERS,23,198,8.31824381424595,7282,6474,1689,249,919,910,120,0.2608897126969416,1138,66,16,1009,527.1293177777777,1504.6288,4.168861036906854,1.3221694200351493,6,3,5,1,9,7,2,5,2,1,24,17,41,8,40
FREE BIRDS,23,246,9.183007135440892,7222,6400,1605,241,879,887,137,0.25078125,1382,84,0,1339,620.7754600000001,1738.9732600000002,4.042676657018814,1.258301924746744,4,1,1,3,2,10,1,10,3,4,11,28,39,9,40
HOOSIERS,23,242,10.373120534596632,8026,7126,1782,269,1014,992,213,0.25007016559079426,1015,64,47,1012,413.2683288888889,1247.61587,3.664448236453202,1.229178197044335,9,10,10,10,4,4,6,3,9,7,43,29,72,1,41
LOUISVILLE SLUGGERS,23,217,10.78679005790789,7585,6800,1773,253,975,920,173,0.26073529411764707,1034,64,90,1076,441.9418555555556,1264.19,3.8466892649903293,1.2226208897485493,5,9,7,8,10,4,10,5,6,8,39,33,72,1,41
WESTSIDE MARAUDERS,23,267,11.21544857312585,7596,6775,1746,257,962,939,150,0.2577121771217712,1374,87,32,1369,579.8535955555556,1712.8526760000002,3.798167656477438,1.246617668122271,7,7,8,7,5,10,5,10,8,5,34,38,72,1,41
NATIONAL PASTIME,23,265,10.616657828023582,7793,6980,1802,259,965,950,148,0.2581661891117478,1210,76,52,1178,534.3708877777779,1506.30919,3.9746594958677695,1.2448836280991735,8,8,9,6,6,7,8,7,4,6,37,32,69,2,41
MELONHEADS,23,263,10.42029058391351,7324,6515,1624,256,925,910,187,0.24927091327705295,1334,84,0,1337,565.3780411111112,1592.37845,3.8143945802098957,1.1936869940029984,6,4,6,9,2,9,1,9,7,9,27,35,62,3,41
BIG RED MACHINE,23,212,9.829525827329485,7738,6864,1696,276,951,950,113,0.24708624708624707,1178,72,59,1114,504.09942666666666,1474.98456,3.851353853989813,1.2521091341256367,10,6,9,2,1,6,9,6,5,4,28,30,58,4,41
BLUE SOCKS,17,270,8.941984213323167,6303,5695,1472,194,781,767,147,0.25847234416154524,896,58,29,917,363.95791333333335,1061.51408,3.6558272544642856,1.1847255357142856,1,1,2,5,8,2,4,1,10,10,17,27,44,5,41
FREE BIRDS,23,248,9.248680446062309,7393,6575,1699,216,896,875,140,0.25840304182509505,1281,78,19,1279,573.4861711111112,1611.23792,4.029176846213896,1.2577969711163155,2,2,3,4,7,8,2,8,3,3,18,24,42,6,41
ERIE LAKERS,23,203,8.089202922967626,7277,6472,1676,241,913,895,124,0.2589616810877627,1050,61,51,923,496.03791888888884,1393.0992599999997,4.2517535904761905,1.3267611999999998,4,3,5,3,9,3,7,2,2,2,24,16,40,7,41
FREE AT LAST,22,217,8.220739277911864,7508,6627,1652,235,930,882,148,0.24928323524973592,1192,67,22,1035,567.9208111111111,1583.75854,4.287992701342282,1.3286564932885907,3,5,4,6,3,5,3,4,1,1,21,14,35,8,41
WESTSIDE MARAUDERS,23,268,11.061187880841988,7568,6733,1714,266,960,945,139,0.2545670577751374,1315,84,32,1364,561.2598388888889,1598.781656,3.841322091254753,1.2158035406844108,10,8,10,5,6,9,4,10,6,9,39,38,77,1,42
NATIONAL PASTIME,23,261,10.466542721470637,7667,6850,1733,260,931,939,136,0.252992700729927,1290,79,52,1219,550.3773577777778,1582.4279000000001,3.8398420310077515,1.2266882945736435,9,5,9,4,5,7,8,7,7,7,32,36,68,2,42
LOUISVILLE SLUGGERS,23,208,10.739259078409003,7443,6701,1739,256,951,918,167,0.25951350544694823,1041,67,93,1063,444.88781222222224,1273.9422299999999,3.8462923246878002,1.2237677521613832,7,7,7,6,9,4,10,4,5,8,36,31,67,3,42
HOOSIERS,23,232,10.281716582694271,7764,6849,1720,252,990,938,207,0.25113155205139437,1117,69,33,1149,467.9599811111112,1394.86138,3.7704922381378703,1.2487568307967771,6,10,8,10,3,5,5,5,9,5,37,29,66,4,42
MELONHEADS,23,254,10.36674528578023,7314,6515,1645,251,930,914,177,0.25249424405218723,1408,89,0,1313,596.2924355555556,1742.34239,3.811528352272727,1.2374590838068182,5,4,5,8,4,10,2,8,8,6,26,34,60,5,42
BIG RED MACHINE,23,213,9.780078364084286,7454,6617,1657,259,934,913,133,0.2504155961916276,1188,72,59,1153,511.85674666666665,1489.58182,3.8777026262626264,1.2538567508417509,8,6,4,3,2,6,9,6,4,4,23,29,52,6,42
BLUE SOCKS,17,270,9.2251322367776,7556,6869,1810,209,919,888,179,0.263502693259572,540,37,29,583,220.18317111111114,628.76904,3.669719518518519,1.164387111111111,1,3,2,9,10,1,3,1,10,10,25,25,50,7,42
FREE AT LAST,22,236,8.196392987159014,7816,6862,1703,246,971,915,171,0.2481783736519965,879,52,44,828,398.8698566666667,1145.3328199999999,4.083991706484642,1.3029952445961317,4,9,6,7,1,2,6,2,3,2,27,15,42,8,42
FREE BIRDS,23,246,9.291328628865454,7477,6656,1702,234,895,905,118,0.25570913461538464,1345,82,0,1332,611.9487044444445,1691.4752,4.094824044609666,1.2576023791821562,2,1,3,1,7,8,2,9,2,3,14,24,38,9,42
ERIE LAKERS,23,186,8.110378868612823,7172,6390,1658,237,902,881,125,0.2594679186228482,1153,63,51,971,553.9391122222223,1541.3383099999999,4.323895932350391,1.336806860364267,3,2,1,2,8,3,7,3,1,1,16,15,31,10,42
WESTSIDE MARAUDERS,23,269,10.938624492854283,7428,6627,1707,251,942,921,136,0.25758261656858306,1329,85,32,1354,571.2058455555556,1615.104756,3.8682111437170805,1.2152782212189617,8,8,8,4,7,10,5,10,7,8,35,40,75,1,43
LOUISVILLE SLUGGERS,23,213,10.86424825294711,7973,7192,1885,262,1011,972,181,0.2620967741935484,1130,70,47,1051,492.23394222222225,1443.77357,3.9204473274336284,1.2776757256637168,9,10,9,9,10,5,7,4,5,3,47,24,71,2,43
MELONHEADS,23,263,10.252531304146382,7258,6465,1627,251,922,904,178,0.2516627996906419,1281,81,27,1258,544.13954,1545.09619,3.8229944262295086,1.2061640827478533,8,5,6,8,4,9,4,8,8,10,31,39,70,3,43
NATIONAL PASTIME,23,270,10.41970173269462,7591,6787,1737,249,936,900,140,0.2559304552821571,1203,76,71,1195,499.2446666666667,1468.67718,3.7349975062344143,1.220845536159601,7,7,5,5,6,7,9,6,10,7,30,39,69,4,43
HOOSIERS,23,236,10.490538645983305,7940,7026,1757,277,1008,989,211,0.25007116424708226,1236,73,8,1129,540.6693022222222,1557.19851,3.9369123948220066,1.259869344660194,10,9,10,10,3,6,3,5,4,5,42,23,65,5,43
BIG RED MACHINE,23,201,9.652472639906847,7399,6556,1635,262,926,917,126,0.24938987187309336,1281,78,27,1236,554.0339255555556,1622.87442,3.8925100156128027,1.2668808899297426,9,6,7,3,2,8,4,7,6,4,27,29,56,6,43
BLUE SOCKS,19,270,9.550519125641022,6933,6291,1632,203,846,830,170,0.25941821649976154,897,60,61,924,377.28080111111115,1089.32557,3.785426098104794,1.2144097770345597,3,1,1,7,8,3,8,2,9,9,20,31,51,7,43
FREE BIRDS,23,248,9.14159669083848,7466,6605,1687,228,900,890,116,0.2554125662376987,1317,81,0,1335,585.7850477777779,1655.4841400000003,4.003086886864086,1.2570114958238423,4,2,4,1,5,9,2,9,3,6,16,29,45,8,43
ERIE LAKERS,23,200,8.15014866589131,7280,6486,1683,235,901,884,119,0.25948196114708605,872,50,99,810,400.35603,1131.95632,4.13211498853211,1.2981150458715596,6,3,3,2,9,2,10,1,2,1,23,16,39,9,43
FREE AT LAST,22,218,8.170271183056974,7242,6355,1571,232,904,861,157,0.24720692368214003,1080,61,41,1012,500.2142088888889,1397.74231,4.168451740740741,1.2942058425925926,5,4,2,6,1,4,6,3,1,2,18,16,34,10,43
LOUISVILLE SLUGGERS,23,216,10.697172524581182,7520,6761,1765,262,966,941,157,0.2610560567963319,1113,71,58,1126,474.8410833333333,1396.11066,3.8396853099730457,1.2543671698113208,9,9,9,7,9,5,8,5,8,6,43,32,75,1,44
WESTSIDE MARAUDERS,23,263,10.92711427434872,7484,6694,1714,251,940,922,172,0.25605019420376457,1196,74,76,1244,509.8058,1457.0693060000003,3.8363312709030097,1.2182853729096992,6,5,7,9,6,7,10,7,9,8,33,41,74,2,44
MELONHEADS,23,255,10.273172784237625,7440,6610,1659,258,947,919,166,0.2509833585476551,1364,85,0,1298,591.0027377777778,1659.2638099999997,3.8995781818181823,1.2164690689149558,8,6,6,8,3,10,2,9,5,9,31,35,66,3,44
BIG RED MACHINE,23,208,9.77819891757787,7584,6707,1663,271,949,929,118,0.24794990308632772,1180,73,59,1137,510.0599055555556,1484.51198,3.890287415254238,1.258061,10,8,8,2,1,6,9,6,6,5,29,32,61,4,44
HOOSIERS,23,230,10.286750137609612,7785,6876,1719,257,988,952,212,0.25,1247,74,30,1124,548.0400766666667,1587.50778,3.9553814675220527,1.2730615717722533,7,10,10,10,2,7,4,4,4,3,39,22,61,4,44
NATIONAL PASTIME,22,270,10.39779456152946,7002,6302,1656,216,865,839,140,0.26277372262773724,1272,80,52,1248,533.2850444444445,1562.71715,3.773243238993711,1.228551218553459,1,1,1,5,10,8,6,8,10,7,18,39,57,5,44
BLUE SOCKS,19,270,9.735872974912677,7465,6724,1732,235,919,907,172,0.2575847709696609,836,54,29,855,361.28475777777777,1007.9328800000001,3.8894292105263157,1.2056613397129188,3,3,4,9,7,3,3,2,7,10,26,25,51,6,44
FREE BIRDS,23,237,9.22438466766574,7347,6542,1655,226,880,880,138,0.25298073983491287,1372,84,0,1361,613.4986155555556,1734.66963,4.024407827988338,1.2643364650145774,2,2,2,4,5,9,2,10,2,4,15,27,42,7,44
FREE AT LAST,22,234,8.137469191477551,7788,6884,1730,239,948,913,145,0.25130737943056364,848,51,57,809,374.6884055555556,1083.68002,3.9766458136792457,1.2779245518867925,4,7,5,6,4,2,7,1,3,2,26,15,41,8,44
ERIE LAKERS,23,208,8.068532072019988,7335,6502,1678,243,925,899,123,0.2580744386342664,1069,60,32,968,497.3162022222222,1394.5396299999998,4.186946510757717,1.3045272497661364,5,4,3,3,8,4,5,3,1,1,23,14,37,9,44
WESTSIDE MARAUDERS,23,269,11.056028914800832,7519,6670,1698,263,963,938,151,0.2545727136431784,1351,85,32,1381,583.6333755555555,1654.238976,3.888009163582531,1.224455200592154,10,8,9,7,5,10,6,10,7,7,39,40,79,1,45
LOUISVILLE SLUGGERS,23,201,10.758763245802877,7541,6777,1760,258,974,938,179,0.2597019330087059,1043,62,79,1075,454.68192999999997,1272.87998,3.923429884947267,1.2204026653883029,8,9,9,9,10,5,10,4,5,9,45,33,78,2,45
NATIONAL PASTIME,23,263,10.519819939643732,7706,6907,1767,262,948,934,136,0.2558274214564934,1204,78,52,1219,513.8777155555556,1494.74739,3.841278604651163,1.2414845431893688,9,7,8,3,7,7,7,7,9,6,34,36,70,3,45
MELONHEADS,23,257,10.215156880861151,7472,6659,1701,249,945,926,158,0.25544376032437305,1304,81,0,1299,556.88513111111115,1596.4735699999999,3.843532346625767,1.2242895475460123,5,6,7,8,6,9,1,9,8,8,32,35,67,4,45
HOOSIERS,23,222,10.34247156749516,7865,6979,1758,254,992,949,221,0.25189855280126094,1270,80,14,1120,560.4367366666667,1630.15622,3.9715989212598424,1.2835875748031496,7,10,10,10,2,8,2,5,3,3,39,21,60,5,45
BLUE SOCKS,17,270,9.026310036006912,6317,5701,1468,199,782,771,150,0.25749868444132606,903,58,29,922,361.34766333333334,1081.04639,3.601471727574751,1.1971720819490588,2,1,3,6,8,3,5,2,10,10,20,30,50,6,45
BIG RED MACHINE,23,212,9.750516785460128,7412,6586,1666,253,928,915,127,0.25296082599453384,1277,76,27,1190,555.7118266666666,1597.63676,3.9165281440877053,1.251085951448708,6,4,6,2,4,6,4,6,6,5,22,27,49,7,45
FREE BIRDS,23,250,9.179853496452768,7351,6521,1648,219,868,855,140,0.2527219751571845,1189,76,62,1221,523.9804633333334,1488.5102000000002,3.966210403700589,1.2519009251471827,3,2,4,4,3,6,8,8,4,4,16,30,46,8,45
ERIE LAKERS,23,204,8.300071436699593,7385,6564,1703,249,921,915,114,0.25944546008531383,1101,61,21,978,507.74348888888886,1432.39557,4.1504917347865575,1.300995068119891,5,3,6,1,9,4,3,3,1,2,24,13,37,9,45
FREE AT LAST,22,233,8.226540738157924,7508,6627,1652,235,930,882,148,0.24928323524973592,957,55,77,865,440.1455577777778,1249.8555900000001,4.139299916405434,1.3060142006269593,4,5,5,5,1,2,9,1,2,1,20,15,35,10,45
WESTSIDE MARAUDERS,23,265,11.235313818932038,7792,6974,1802,256,976,960,149,0.25838829939776314,1274,81,49,1295,537.9271888888888,1578.2493060000004,3.800113579277865,1.2388142119309264,8,9,9,5,7,9,7,9,7,6,38,38,76,1,46
LOUISVILLE SLUGGERS,23,201,10.849752832001348,7836,7083,1842,265,987,967,165,0.26005929690808977,1209,72,36,1183,547.2025466666666,1514.6462599999998,4.073468089330024,1.2528091480562447,9,10,10,8,9,6,5,7,3,5,46,26,72,2,46
MELONHEADS,23,263,10.44680305261759,7500,6660,1679,253,955,917,164,0.2521021021021021,1212,77,46,1210,505.8531355555556,1467.25641,3.7563351650165013,1.210607599009901,7,6,5,7,4,8,6,8,8,9,29,39,68,3,46
HOOSIERS,23,248,10.440585938741172,7578,6710,1691,248,956,924,209,0.2520119225037258,1203,75,29,1176,501.0254933333334,1474.68317,3.748320399002494,1.225838046550291,6,7,6,10,3,7,4,6,9,8,32,34,66,4,46
NATIONAL PASTIME,23,265,10.418659111372303,7836,7029,1802,265,966,951,147,0.2563664817185944,1167,72,52,1138,508.5989644444445,1438.33294,3.92235705227078,1.2325046615252786,9,8,8,4,5,6,8,5,5,7,34,31,65,5,46
BIG RED MACHINE,23,209,9.823890028447167,7738,6864,1696,276,951,950,113,0.24708624708624707,1169,71,59,1135,503.9871811111111,1469.9801100000002,3.880140829769034,1.257468015397776,10,5,7,1,2,5,9,4,6,4,25,28,53,6,46
FREE BIRDS,23,249,9.156410584224991,7305,6467,1671,216,894,871,142,0.25838874284830676,1383,83,0,1311,620.5804888888889,1742.1133200000002,4.038484743311641,1.2596625596529285,3,3,3,3,8,10,2,10,4,3,20,29,49,7,46
BLUE SOCKS,17,270,9.117804433377271,6940,6257,1612,213,855,839,175,0.25763145277289434,672,47,29,747,272.1833977777778,792.95328,3.6453133630952386,1.1799899999999999,2,1,1,9,6,2,4,1,10,10,19,27,46,8,46
ERIE LAKERS,23,196,8.120357187904293,7177,6396,1669,235,899,879,125,0.2609443402126329,997,58,66,913,460.95562555555557,1311.84326,4.1610838816449345,1.3157906318956871,5,4,4,2,10,3,10,2,1,1,25,17,42,9,46
FREE AT LAST,22,214,8.090636668938977,7060,6186,1516,230,886,841,155,0.2450695118008406,1211,70,27,1062,555.5086066666667,1577.94479,4.128470239471511,1.3030097357555739,4,2,2,6,1,4,3,3,2,2,15,14,29,10,46
LOUISVILLE SLUGGERS,23,214,10.88723572004976,7519,6749,1755,255,959,921,169,0.26003852422581125,1148,75,47,1187,492.1531188888889,1431.61807,3.858343266550523,1.2470540679442508,7,9,6,8,10,7,7,8,7,5,40,34,74,1,47
NATIONAL PASTIME,23,266,10.614488061267018,7681,6904,1795,252,950,942,154,0.2599942062572422,1244,78,52,1155,543.4335211111111,1547.44297,3.931592998392283,1.2439252170418007,6,7,9,7,9,9,8,7,5,7,38,36,74,1,47
WESTSIDE MARAUDERS,20,270,10.825757454833655,7267,6467,1649,271,924,929,138,0.2549868563476109,992,64,59,1043,411.10138888888883,1186.4949960000001,3.7297505040322574,1.1960635040322583,9,4,7,5,5,3,9,4,9,10,30,35,65,2,47
HOOSIERS,23,225,10.370647620633434,8071,7160,1802,264,1017,986,220,0.2516759776536313,1276,76,2,1152,572.5770699999999,1636.8318,4.038553001567398,1.2827835423197491,8,10,10,10,3,8,3,6,4,2,41,23,64,3,47
MELONHEADS,23,267,10.490259814448219,7437,6602,1660,243,941,897,207,0.251438957891548,1191,74,41,1248,496.3827311111112,1426.5393000000001,3.7510030058774144,1.1977659949622168,4,6,4,9,2,6,6,9,8,8,25,37,62,4,47
BIG RED MACHINE,23,208,9.812980500959165,7622,6736,1663,273,953,933,117,0.24688242280285036,1186,72,59,1151,517.8954555555555,1478.31899,3.9300666947723437,1.2464746964586846,10,8,8,2,1,5,9,5,6,6,29,31,60,5,47
FREE BIRDS,23,239,9.251182533231558,7463,6627,1698,232,912,896,118,0.25622453598913536,1348,84,0,1309,605.0231233333334,1723.4239400000004,4.039471891691395,1.27850440652819,3,3,3,3,6,10,2,10,3,3,18,28,46,6,47
BLUE SOCKS,17,270,9.026310036006912,6317,5701,1468,199,782,771,150,0.25749868444132606,903,58,29,922,361.34766333333334,1081.04639,3.601471727574751,1.1971720819490588,1,1,1,6,7,2,4,2,10,9,16,27,43,7,47
ERIE LAKERS,23,194,8.209694326240829,7492,6637,1714,246,938,914,117,0.25824920897996084,945,54,74,855,438.19635555555556,1251.59981,4.173298624338624,1.3244442433862433,5,5,5,2,8,1,10,1,1,1,25,14,39,8,47
FREE AT LAST,22,231,8.270215808241149,7333,6500,1638,220,892,861,129,0.252,1132,65,30,1040,514.2785211111111,1425.98366,4.088786828621909,1.2597028798586574,2,2,2,4,4,4,5,3,2,4,14,18,32,9,47
WESTSIDE MARAUDERS,23,269,10.857689962036067,7393,6583,1683,256,936,921,144,0.25565851435515724,1286,81,51,1326,541.2567755555556,1570.8515160000002,3.78795566096423,1.2215019564541214,9,6,6,6,6,9,7,10,8,8,33,42,75,1,48
LOUISVILLE SLUGGERS,23,210,10.836222663338996,7709,6928,1817,252,985,937,178,0.2622690531177829,1090,66,66,1123,480.7990066666667,1342.53922,3.969900055045872,1.231687357798165,7,9,8,8,10,5,9,4,4,6,42,28,70,2,48
MELONHEADS,23,258,10.217832431338561,7496,6674,1692,255,945,928,161,0.2535211267605634,1300,82,0,1290,559.6477488888889,1594.91229,3.8744844153846154,1.2268556076923076,8,8,7,7,4,10,2,9,7,7,34,35,69,3,48
HOOSIERS,23,240,10.341016529834844,7865,6949,1744,256,998,950,214,0.2509713627860124,1226,77,13,1134,528.0299622222223,1530.5084399999998,3.8762395269168026,1.2483755628058726,9,10,10,10,3,7,3,5,6,5,42,26,68,4,48
NATIONAL PASTIME,23,269,10.40274988252974,7429,6663,1712,239,911,887,142,0.2569413177247486,1195,77,84,1193,496.5185866666667,1454.48198,3.7394705271966533,1.2171397322175732,5,4,3,5,7,7,10,6,9,9,24,41,65,5,48
BLUE SOCKS,18,270,9.529614128267294,7409,6681,1722,224,922,894,198,0.2577458464301751,693,47,29,708,286.33136111111116,838.09293,3.718589105339106,1.2093693073593075,2,5,5,9,8,2,5,1,10,10,29,28,57,6,48
BIG RED MACHINE,23,204,9.82181013412245,7608,6765,1697,262,941,939,123,0.250849963045085,1268,75,27,1196,551.5290777777778,1617.4436200000002,3.9146385646687705,1.275586451104101,10,7,9,2,2,6,4,7,5,3,30,25,55,7,48
FREE BIRDS,23,252,9.271175517965089,7306,6488,1649,235,879,889,120,0.2541615289765721,1278,79,27,1271,565.9555900000001,1599.68098,3.9856027464788744,1.2517065571205008,3,2,4,1,5,8,4,8,3,4,15,27,42,8,48
ERIE LAKERS,23,189,8.085808352302116,7158,6383,1662,236,898,878,128,0.26037913206955976,1122,63,38,991,531.8031066666666,1477.7178400000003,4.265800320855615,1.317039073083779,4,3,2,3,9,4,6,3,1,1,21,15,36,9,48
FREE AT LAST,22,220,8.169850553526668,7396,6511,1604,242,911,877,134,0.2463523268315159,1039,59,58,938,471.9514133333334,1341.77403,4.088125813282002,1.2914090760346488,6,4,1,4,1,3,8,2,2,2,16,17,33,10,48
MELONHEADS,23,266,10.474575161712488,7566,6728,1690,264,966,940,183,0.25118906064209273,1135,72,52,1132,470.0487666666667,1367.7602100000001,3.7272589427312774,1.205075074889868,10,8,9,8,2,6,7,5,10,9,37,37,74,1,49
HOOSIERS,23,238,10.370303539843057,7767,6855,1715,256,994,945,221,0.25018234865062,1213,78,19,1184,513.9949777777778,1543.42929,3.8136478153338826,1.2724066694146743,8,10,10,10,1,9,4,7,8,2,39,30,69,2,49
LOUISVILLE SLUGGERS,23,216,10.692770319157887,7690,6931,1825,255,988,934,153,0.26330976771028713,1060,67,80,1044,454.94780333333335,1323.8383,3.8627643679245285,1.2489040566037735,7,9,8,7,10,5,9,4,4,6,41,28,69,2,49
NATIONAL PASTIME,23,262,10.31370615874405,7443,6644,1677,258,909,923,128,0.25240818783865143,1185,73,79,1194,496.79659444444445,1432.1075,3.7731386919831227,1.208529535864979,9,3,7,5,4,7,8,8,9,8,28,40,68,3,49
WESTSIDE MARAUDERS,21,270,10.868372391509121,7253,6475,1663,256,921,911,153,0.25683397683397685,1203,76,32,1241,515.7191833333333,1459.9274060000002,3.8582482543640895,1.2135722410640069,8,4,4,7,7,8,6,9,5,7,30,35,65,4,49
BIG RED MACHINE,23,219,9.853948759234434,7493,6678,1689,256,936,918,145,0.2529200359389039,1089,67,86,1042,464.54147555555556,1376.0000300000002,3.839185748393021,1.2635445638200185,8,6,6,6,6,5,10,3,6,4,32,28,60,5,49
BLUE SOCKS,18,270,9.543137227677542,7549,6803,1756,226,927,899,192,0.2581214170219021,680,45,29,714,288.9175711111111,807.34184,3.8239090294117646,1.187267411764706,4,5,2,9,8,3,5,1,7,10,28,26,54,6,49
FREE BIRDS,23,251,9.320434768788276,7431,6587,1664,240,899,901,116,0.2526187945954152,1342,85,0,1331,594.3442833333334,1688.85738,3.9859154619970196,1.2584630253353204,5,2,3,2,5,10,2,10,3,5,17,30,47,7,49
ERIE LAKERS,23,180,8.147448218611446,7492,6637,1714,246,938,914,117,0.25824920897996084,1216,64,16,1040,587.8493666666667,1635.6292299999998,4.350858799342105,1.3450898273026315,6,7,5,3,9,4,3,2,1,1,30,11,41,8,49
FREE AT LAST,22,218,8.180348550098273,7165,6341,1595,217,875,841,127,0.2515376123639804,1285,73,0,1161,591.8486744444444,1632.66448,4.145243634241245,1.2705560155642022,3,1,1,4,3,7,2,6,2,3,12,20,32,9,49
WESTSIDE MARAUDERS,22,270,11.097936598248205,7568,6704,1710,269,971,938,163,0.25507159904534604,1203,76,32,1241,515.7191833333333,1459.9274060000002,3.8582482543640895,1.2135722410640069,10,8,7,7,6,8,6,8,6,7,38,35,73,1,50
LOUISVILLE SLUGGERS,23,208,10.862983440832554,7850,7079,1853,256,1000,956,187,0.26176013561237466,1062,63,83,1044,487.5608955555556,1346.25129,4.131871996233522,1.2676565819209038,7,10,10,9,10,6,10,4,1,5,46,26,72,2,50
NATIONAL PASTIME,23,270,10.64455003311541,7587,6813,1710,268,918,942,125,0.2509907529722589,1216,75,71,1200,506.0106477777778,1472.96965,3.7451445970394737,1.2113237253289473,9,4,8,4,2,7,9,7,10,9,27,42,69,3,50
MELONHEADS,23,266,10.309330204444068,7435,6623,1703,247,944,911,162,0.2571342292012683,1333,83,0,1305,561.9326500000001,1617.18961,3.793993885971493,1.213195506376594,6,6,5,6,7,10,3,9,8,8,30,38,68,4,50
HOOSIERS,23,231,10.388600611611276,7631,6738,1694,245,973,923,223,0.25140991392104484,1170,75,54,1111,496.5697422222222,1500.05427,3.8197672478632474,1.2820976666666668,5,9,6,10,3,7,7,5,7,3,33,29,62,5,50
BIG RED MACHINE,23,204,9.792153862713361,7622,6768,1703,266,945,945,124,0.2516252955082742,1270,76,27,1187,560.7745088888889,1610.71755,3.9739925826771656,1.268281535433071,8,7,9,3,4,8,4,6,5,4,31,27,58,6,50
BLUE SOCKS,18,270,9.24286848393713,6926,6251,1616,208,854,835,172,0.2585186370180771,812,55,29,878,340.9177977777778,971.52608,3.7786455418719216,1.1964606896551724,1,1,1,8,8,3,5,1,9,10,19,28,47,7,50
FREE BIRDS,23,246,9.189126631008756,7313,6460,1638,231,900,878,120,0.25356037151702787,1326,82,0,1361,589.3487366666667,1655.0771900000002,4.000104547511312,1.248172843137255,2,3,3,2,5,9,3,10,4,6,15,32,47,7,50
ERIE LAKERS,23,196,8.120495423510068,7392,6573,1707,242,923,903,120,0.25969876768598815,1077,61,29,946,486.7429333333333,1404.26082,4.0674896935933145,1.3038633426183843,4,5,4,2,9,5,5,3,3,1,24,17,41,8,50
FREE AT LAST,22,226,8.151774533255123,7333,6483,1613,235,894,873,134,0.2488045657874441,1028,60,68,897,468.24553333333336,1330.02898,4.099425875486382,1.2938025097276264,3,2,2,5,1,4,8,2,2,2,13,18,31,9,50
WESTSIDE MARAUDERS,23,269,11.108524635799416,7586,6787,1751,249,954,926,151,0.25799322233682037,1332,85,32,1350,573.0123122222222,1619.245656,3.8717048123123123,1.2156498918918919,5,8,8,5,8,10,6,10,6,9,34,41,75,1,51
HOOSIERS,23,249,10.548339881231799,7842,6961,1769,253,989,960,196,0.2541301537135469,1216,75,25,1162,510.29536555555563,1498.62915,3.776857146381579,1.2324252878289474,7,9,9,10,4,7,4,7,9,7,39,34,73,2,51
LOUISVILLE SLUGGERS,23,217,10.786234651609991,7945,7130,1852,268,1025,974,176,0.2597475455820477,1143,69,38,1107,511.9486600000001,1456.0063899999998,4.031091811023623,1.273846360454943,10,10,10,8,10,4,7,4,4,3,48,22,70,3,51
MELONHEADS,23,264,10.295290464404763,7251,6453,1625,252,924,905,179,0.2518208585154192,1285,80,19,1305,542.3900611111112,1552.06903,3.798840894941635,1.2078358210116733,6,5,3,9,3,8,3,8,8,10,26,37,63,4,51
NATIONAL PASTIME,23,258,10.349123320533067,7555,6788,1740,254,926,920,143,0.2563347083087802,1147,73,82,1136,498.92001888888893,1410.0134500000001,3.9148039843068876,1.2293055361813428,8,6,7,4,5,5,9,5,5,8,30,32,62,5,51
BIG RED MACHINE,23,203,9.61130288876662,7385,6553,1629,261,920,914,115,0.2485884327788799,1174,74,54,1141,499.7249188888889,1483.5933,3.8309406047700167,1.2637080919931858,9,4,6,2,2,6,8,6,7,4,23,31,54,6,51
BLUE SOCKS,19,270,9.790604524808227,7465,6724,1732,235,919,907,172,0.2575847709696609,856,56,29,854,356.0882977777778,1058.21628,3.743919018691589,1.236233971962617,3,3,4,7,7,3,5,2,10,6,24,26,50,7,51
ERIE LAKERS,23,193,8.139972415702909,7515,6647,1717,246,942,908,119,0.25831202046035806,856,47,90,795,386.20068555555554,1122.00939,4.0605212266355135,1.31075863317757,4,7,5,3,9,2,10,1,3,1,28,17,45,8,51
FREE BIRDS,23,245,9.099436328135276,7179,6373,1637,211,870,852,154,0.2568648987917778,1375,83,0,1347,623.3787466666668,1722.26692,4.080297250909092,1.25255776,1,1,1,6,6,9,2,9,2,5,15,27,42,9,51
FREE AT LAST,22,228,7.988933763058209,7207,6345,1562,233,881,854,143,0.24617809298660362,1180,69,32,1043,538.3558833333334,1525.8909800000001,4.106104194915255,1.2931279491525425,2,2,2,4,1,4,6,3,1,2,11,16,27,10,51
LOUISVILLE SLUGGERS,23,210,10.691869173453822,7497,6746,1765,254,974,923,178,0.2616365253483546,1090,69,65,1084,464.96532666666667,1351.50657,3.8391632477064217,1.2399142844036697,9,9,8,9,10,5,8,4,7,5,45,29,74,1,52
HOOSIERS,23,244,10.269981018665723,7875,6974,1755,250,993,952,222,0.2516489819328936,956,62,79,935,394.0082511111111,1164.49192,3.70928269874477,1.2180877824267782,8,10,10,10,2,4,9,2,10,8,40,33,73,2,52
WESTSIDE MARAUDERS,23,267,10.843502342002271,7274,6513,1676,250,923,908,158,0.25733149086442497,1352,84,32,1375,578.1194377777778,1648.317966,3.848428210059171,1.2191700931952663,8,5,5,7,7,10,5,10,6,7,32,38,70,3,52
MELONHEADS,23,260,10.215986449291893,7400,6592,1687,244,935,914,157,0.25591626213592233,1334,84,0,1309,564.2851866666667,1631.1839000000002,3.8070214992503755,1.2227765367316343,6,6,7,6,5,10,2,9,8,6,30,35,65,4,52
NATIONAL PASTIME,23,268,10.398297641965085,7447,6685,1715,236,907,882,135,0.25654450261780104,1187,76,84,1199,494.6840188888889,1438.0061600000001,3.750763411962932,1.211462645324347,4,3,3,4,6,8,10,7,9,9,20,43,63,5,52
BIG RED MACHINE,23,215,9.82158417688007,7608,6757,1707,266,951,944,129,0.2526269054314045,1170,70,46,1124,504.5933755555556,1478.3127900000002,3.8814875042735046,1.2635152051282053,10,8,9,3,4,6,7,5,5,4,34,27,61,6,52
BLUE SOCKS,19,270,9.735872974912677,7465,6724,1732,235,919,907,172,0.2575847709696609,836,54,29,855,361.28475777777777,1007.9328800000001,3.8894292105263157,1.2056613397129188,3,4,4,8,8,2,4,1,4,10,27,21,48,7,52
ERIE LAKERS,23,192,8.114223142410795,7473,6624,1707,247,937,913,120,0.25769927536231885,1040,59,39,953,494.14063,1379.93758,4.276216990384615,1.3268630576923077,7,7,6,2,9,3,6,3,1,1,31,14,45,8,52
FREE BIRDS,23,251,9.31622088339303,7320,6488,1638,233,882,879,142,0.25246609124537606,1287,81,27,1261,569.0507933333334,1626.7032,3.9793761771561784,1.2639496503496503,2,1,2,5,3,9,3,8,3,3,13,26,39,9,52
FREE AT LAST,22,210,8.184035215156467,7410,6522,1600,242,905,878,129,0.24532352039251762,1282,72,0,1137,598.3707522222222,1672.78246,4.2007307098283935,1.304822511700468,5,2,1,3,1,7,2,6,2,2,12,19,31,10,52
WESTSIDE MARAUDERS,23,269,11.17005928840065,7460,6684,1728,244,944,915,172,0.2585278276481149,1361,87,32,1363,574.4917444444444,1681.2359060000003,3.7989902277736958,1.2352945672299782,5,8,6,9,10,10,5,10,9,7,38,41,79,1,53
LOUISVILLE SLUGGERS,23,217,10.75451513217772,7779,7002,1806,282,991,984,148,0.2579263067694944,964,61,85,1012,410.22807222222224,1208.5836199999999,3.829930134854772,1.25371744813278,10,9,10,6,9,3,10,4,7,6,44,30,74,2,53
MELONHEADS,23,267,10.266517116231043,7293,6484,1630,255,930,907,165,0.2513880320789636,1327,83,0,1331,562.1992,1579.6263399999998,3.8129561416729465,1.190374031650339,8,5,5,8,2,9,2,9,8,10,28,38,66,3,53
NATIONAL PASTIME,23,266,10.324764160186264,7517,6731,1720,244,917,897,136,0.25553409597385235,1253,80,52,1277,525.3842566666667,1521.1446300000002,3.773709744612929,1.2140020989624902,5,3,4,4,6,8,8,8,10,8,22,42,64,4,53
HOOSIERS,23,223,10.250319128555187,7851,6971,1766,252,993,956,203,0.25333524601922247,1213,74,32,1093,531.0339144444443,1527.68172,3.940070263808738,1.259424336356142,7,10,9,10,4,5,5,5,4,4,40,23,63,5,53
BLUE SOCKS,19,270,9.735872974912677,7465,6724,1732,235,919,907,172,0.2575847709696609,836,54,29,855,361.28475777777777,1007.9328800000001,3.8894292105263157,1.2056613397129188,4,4,5,9,8,1,4,1,6,9,30,21,51,6,53
BIG RED MACHINE,23,207,9.786440183575575,7552,6722,1698,258,935,930,123,0.2526033918476644,1272,75,27,1188,557.6998044444445,1609.1013200000002,3.9459891823899373,1.2650167610062895,9,6,8,3,3,6,3,6,3,3,29,21,50,7,53
FREE BIRDS,23,251,9.144680752089508,7243,6416,1626,220,869,850,144,0.253428927680798,1192,76,59,1205,521.7104,1496.89562,3.939088590604027,1.2557849161073826,3,1,3,5,5,7,9,7,5,5,17,33,50,7,53
ERIE LAKERS,23,192,8.114919295683919,7549,6701,1725,249,940,922,117,0.2574242650350694,1063,58,36,951,501.6902822222222,1415.40828,4.247612925682032,1.3315223706491064,6,7,7,2,7,2,6,2,1,1,29,12,41,8,53
FREE AT LAST,22,221,8.06638135331346,7193,6316,1578,220,903,842,161,0.2498416719442685,1118,64,41,995,512.7214566666667,1450.33033,4.1274535867620745,1.2972543202146691,3,2,2,7,1,4,7,3,2,2,15,18,33,9,53
WESTSIDE MARAUDERS,23,269,11.233206026968087,7624,6782,1735,269,984,947,162,0.2558242406369802,1279,83,46,1283,540.6459922222222,1582.8140060000003,3.80438931196247,1.237540270523847,10,9,9,6,6,9,8,9,9,7,40,42,82,1,54
MELONHEADS,23,266,10.381119300304807,7370,6595,1676,248,926,914,165,0.2541319181197877,1358,84,0,1329,574.72321,1624.3150699999999,3.808916708394698,1.1961082989690721,6,5,6,8,5,10,2,10,8,10,30,40,70,2,54
LOUISVILLE SLUGGERS,23,213,10.639953509659177,7765,7018,1849,255,982,945,164,0.2634653747506412,994,61,87,1008,429.48515333333336,1233.8594699999999,3.888698571428572,1.2413073138832997,7,8,8,7,10,4,10,3,6,6,40,29,69,3,54
HOOSIERS,23,238,10.354045170663447,7907,7007,1751,265,1004,978,216,0.24989296417867846,1229,74,16,1150,538.4142922222222,1559.51741,3.9428223189585023,1.2689319853539462,9,10,10,10,2,6,3,5,4,4,41,22,63,4,54
NATIONAL PASTIME,23,270,10.398716905075252,7352,6550,1681,240,906,885,144,0.2566412213740458,1209,77,84,1194,504.54520333333335,1469.32085,3.755919627791563,1.2153191480562449,4,2,3,5,7,7,9,7,10,8,21,41,62,5,54
BIG RED MACHINE,23,214,9.759639635070931,7570,6722,1681,261,944,928,135,0.250074382624219,1246,77,27,1193,533.8846133333334,1566.5089600000001,3.856309406099519,1.257230304975923,8,7,7,3,3,7,4,6,7,5,28,29,57,6,54
BLUE SOCKS,19,270,9.735872974912677,7465,6724,1732,235,919,907,172,0.2575847709696609,836,54,29,855,361.28475777777777,1007.9328800000001,3.8894292105263157,1.2056613397129188,3,4,5,9,8,2,5,1,5,9,29,22,51,7,54
FREE BIRDS,23,246,9.348267674473608,7278,6465,1628,234,877,884,143,0.25181747873163185,1296,81,30,1276,573.3569277777779,1652.44953,3.981645331790124,1.2750382175925927,2,1,2,4,4,8,6,8,3,3,13,28,41,8,54
ERIE LAKERS,23,200,8.088165153038075,7476,6628,1710,241,927,904,113,0.2579963789981895,999,58,46,912,469.1554033333333,1299.7708799999998,4.226625255255255,1.3010719519519518,5,6,4,1,9,3,8,2,1,1,25,15,40,9,54
FREE AT LAST,22,218,8.136529758452152,7389,6487,1621,230,914,866,126,0.24988438415292122,1088,62,36,1032,498.0069766666667,1402.6863700000001,4.119543005514706,1.2892337959558824,1,3,1,2,1,5,7,4,2,2,8,20,28,10,54
WESTSIDE MARAUDERS,23,263,11.17656011583308,7757,6916,1771,265,979,953,142,0.2560728744939271,1339,85,32,1345,569.4339322222222,1659.7578160000003,3.8274125392083644,1.2395502733383124,10,9,9,4,6,9,6,9,8,6,38,38,76,1,55
NATIONAL PASTIME,23,264,10.456716131514703,7797,7018,1800,261,949,949,146,0.2564833285836421,1133,73,63,1137,490.32723777777784,1393.95406,3.8949206884377765,1.2303213239187998,8,6,8,6,7,6,9,6,7,7,35,35,70,2,55
MELONHEADS,23,265,10.482950165269564,7549,6709,1695,254,960,928,176,0.2526456998062304,1288,81,14,1267,543.0155611111112,1554.66153,3.7943633928571434,1.2070353493788821,6,7,6,8,5,8,3,8,9,9,32,37,69,3,55
LOUISVILLE SLUGGERS,23,204,10.631681624389953,7461,6721,1756,244,965,915,181,0.26127064424936763,1114,67,53,1158,487.3961855555556,1363.2135799999999,3.937671157989228,1.2237105745062835,4,8,5,9,10,3,7,7,4,8,36,29,65,4,55
HOOSIERS,23,230,10.321598335546401,7886,7000,1754,258,995,958,216,0.25057142857142856,1210,75,18,1127,529.6039377777778,1528.9189299999998,3.939202842975207,1.2635693636363634,7,10,10,10,2,7,4,5,3,3,39,22,61,5,55
BIG RED MACHINE,23,216,9.790132582147466,7531,6667,1675,264,947,932,128,0.25123743812809357,1176,70,54,1123,509.44390333333337,1464.56995,3.8988053826530615,1.2453826105442178,9,5,7,3,3,5,8,4,6,5,27,28,55,6,55
BLUE SOCKS,17,270,9.117804433377271,6940,6257,1612,213,855,839,175,0.25763145277289434,672,47,29,747,272.1833977777778,792.95328,3.6453133630952386,1.1799899999999999,1,1,2,7,8,1,5,1,10,10,19,27,46,7,55
FREE BIRDS,23,250,9.292649015843148,7368,6526,1648,227,880,873,113,0.25252834814587805,1443,88,0,1395,625.402988888889,1816.7027600000001,3.9006423423423433,1.2589762716562718,3,3,3,1,4,10,2,10,5,4,14,31,45,8,55
ERIE LAKERS,23,193,8.301829676726362,7301,6509,1700,250,917,914,121,0.2611768320786603,1236,68,0,1068,593.7854355555555,1647.75011,4.3236803559870545,1.3331311569579287,5,4,4,2,9,4,2,3,1,1,24,11,35,9,55
FREE AT LAST,22,235,7.971773651638357,7102,6226,1547,221,879,834,144,0.24847414070028911,886,52,130,803,393.23004888888886,1145.5208300000002,3.994436162528216,1.292912900677201,2,2,1,5,1,2,10,2,2,2,11,18,29,10,55
WESTSIDE MARAUDERS,23,266,11.118378255082472,7568,6733,1714,266,960,945,139,0.2545670577751374,1346,86,32,1368,570.705958888889,1655.4961260000002,3.816013098068351,1.2299376864784548,9,9,8,6,6,10,5,10,9,8,38,42,80,1,56
HOOSIERS,23,254,10.36887428495751,7711,6811,1696,264,982,953,203,0.24900895610042578,1178,73,33,1154,487.78628333333336,1450.94281,3.7267203310696093,1.2317001782682513,7,10,9,10,1,7,6,6,10,7,37,36,73,2,56
LOUISVILLE SLUGGERS,23,212,10.648528365319471,7494,6769,1793,246,957,914,162,0.26488403013739104,1098,69,63,1135,477.6010455555556,1362.98708,3.9147626684881605,1.2413361384335155,6,8,6,7,10,6,9,5,5,6,37,31,68,3,56
NATIONAL PASTIME,23,258,10.537838101101935,7870,7047,1781,278,957,982,135,0.25273165886192706,1175,73,52,1172,511.1971322222223,1459.8274300000003,3.9155525021276603,1.2424063234042555,10,8,10,4,4,7,7,7,4,5,36,30,66,4,56
MELONHEADS,23,259,10.387246853073295,7423,6602,1671,245,938,907,185,0.25310511966070887,1249,80,22,1276,529.9796266666667,1509.24208,3.8189084387510017,1.2083603522818254,5,6,5,8,5,8,3,8,8,9,29,36,65,5,56
BIG RED MACHINE,23,216,9.8380970699289,7579,6721,1681,265,951,928,134,0.25011159053712245,1098,67,86,1035,470.08588,1380.89361,3.8531629508196716,1.2576444535519127,8,7,7,3,3,5,10,4,6,4,28,29,57,6,56
BLUE SOCKS,18,270,9.543137227677542,7549,6803,1756,226,927,899,192,0.2581214170219021,680,45,29,714,288.9175711111111,807.34184,3.8239090294117646,1.187267411764706,3,5,4,9,8,2,4,1,7,10,29,24,53,7,56
FREE BIRDS,23,240,9.202832266495724,7333,6500,1657,226,897,884,130,0.2549230769230769,1402,84,0,1339,631.2727111111112,1766.2511000000002,4.052392582025678,1.2598082025677604,3,2,2,2,7,9,1,9,2,3,16,24,40,8,56
ERIE LAKERS,23,193,8.190540565652196,7427,6620,1723,237,916,898,122,0.26027190332326283,1199,66,16,1006,571.5402388888889,1593.0880000000002,4.290126897414512,1.328680567139283,4,4,3,1,9,4,2,3,1,1,21,11,32,9,56
FREE AT LAST,22,230,8.18224025645915,7242,6372,1592,225,898,848,138,0.24984306340238543,1072,63,60,971,474.7361811111112,1381.9327700000001,3.985658236940299,1.2891163899253733,2,3,1,5,2,3,8,2,3,2,13,18,31,10,56
LOUISVILLE SLUGGERS,23,211,10.872486709014133,7574,6798,1772,257,965,922,171,0.2606649014416005,1214,78,36,1201,528.0972055555555,1510.5665199999999,3.9150534184514005,1.2442887314662272,6,9,6,8,10,8,5,8,5,7,39,33,72,1,57
NATIONAL PASTIME,23,266,10.578856894843964,7815,7005,1805,258,964,944,147,0.25767309064953603,1110,71,84,1098,481.5638677777778,1385.1098700000002,3.904571900900901,1.24784672972973,7,8,9,6,8,7,10,5,7,5,38,34,72,1,57
WESTSIDE MARAUDERS,21,270,10.94238328666436,7372,6556,1665,263,932,924,142,0.2539658328248932,1125,70,59,1161,473.17941888888885,1349.9356260000002,3.7854353511111105,1.1999427786666668,8,5,7,5,5,6,9,7,9,8,30,39,69,2,57
MELONHEADS,23,265,10.52480680683818,7395,6579,1650,244,936,902,208,0.2507979936160511,1289,81,27,1251,545.8138066666667,1544.0903099999998,3.8109575329712957,1.1978978355314196,5,6,5,10,3,9,3,9,8,9,29,38,67,3,57
BIG RED MACHINE,23,214,9.804315676063108,7531,6667,1675,264,947,932,128,0.25123743812809357,1193,71,46,1158,517.8271822222223,1488.18867,3.9064917351215427,1.247433922883487,9,7,8,2,4,7,7,6,6,6,30,32,62,4,57
HOOSIERS,23,219,10.325263140767794,8010,7088,1771,271,1012,988,195,0.2498589164785553,1182,69,38,1080,519.00934,1511.72802,3.9518477664974614,1.2789577157360406,10,10,10,9,1,5,6,4,4,3,40,22,62,4,57
FREE BIRDS,23,245,9.217939391608821,7463,6626,1707,223,917,890,140,0.25762149109568366,1322,82,0,1287,588.8570566666667,1683.6386400000001,4.008860446293495,1.2735541906202723,2,4,4,4,7,10,1,10,3,4,21,28,49,5,57
BLUE SOCKS,17,270,9.026310036006912,6317,5701,1468,199,782,771,150,0.25749868444132606,903,58,29,922,361.34766333333334,1081.04639,3.601471727574751,1.1971720819490588,1,1,1,7,6,2,4,1,10,10,16,27,43,6,57
ERIE LAKERS,23,195,8.174632676574568,7280,6486,1683,235,901,884,119,0.25948196114708605,1005,59,57,943,475.17003111111114,1307.72082,4.2552540099502485,1.3012147462686567,4,3,3,1,9,3,8,2,1,1,20,15,35,7,57
FREE AT LAST,22,227,8.16860252227759,7354,6524,1635,227,894,868,129,0.2506131207847946,1089,66,25,1031,488.01569777777786,1407.2127600000001,4.033187584940313,1.2922063911845731,3,2,2,3,2,4,2,3,2,2,12,13,25,8,57
WESTSIDE MARAUDERS,23,260,11.137357523947184,7463,6616,1670,265,950,929,164,0.25241837968561065,1376,87,32,1367,590.8309066666666,1702.7500160000002,3.8644463372093014,1.2374636744186047,9,8,6,8,4,10,6,10,8,7,35,41,76,1,58
MELONHEADS,23,258,10.374312257876884,7437,6632,1688,246,938,913,164,0.2545235223160434,1262,81,27,1262,536.2890522222223,1532.65482,3.824565348652932,1.2144649920760697,6,6,5,8,5,9,4,9,9,9,30,40,70,2,58
LOUISVILLE SLUGGERS,23,225,10.815853238770611,7814,7023,1833,258,1006,951,192,0.26099957283212305,1109,69,47,1109,493.62360555555557,1392.2376299999999,4.005962533814247,1.2553991253381422,7,9,9,9,10,5,7,5,3,5,44,25,69,3,58
NATIONAL PASTIME,23,264,10.530907486523502,7626,6834,1742,263,938,936,134,0.2549019607843137,1144,73,84,1146,493.7469477777778,1399.9336500000002,3.8843728409090907,1.2237182255244756,8,6,7,5,6,6,10,6,7,8,32,37,69,3,58
HOOSIERS,23,228,10.358944737790148,8092,7197,1804,270,1014,999,210,0.25065999722106436,1183,69,19,1096,512.8925544444445,1488.70217,3.901972096365174,1.258412654268808,10,10,10,10,2,5,3,4,6,4,42,22,64,4,58
BIG RED MACHINE,23,209,9.827731820802663,7622,6768,1703,263,947,942,134,0.2516252955082742,1297,76,27,1168,568.8098211111111,1637.2866000000001,3.9470226599845795,1.2623643793369315,8,7,8,5,3,7,4,7,5,3,31,26,57,5,58
FREE BIRDS,23,251,9.254316244944627,7393,6575,1699,216,896,875,140,0.25840304182509505,1290,79,19,1258,573.5984166666667,1616.24237,4.001849418604651,1.2529010620155039,4,3,3,6,8,8,3,8,4,6,24,29,53,6,58
BLUE SOCKS,17,270,9.026310036006912,6317,5701,1468,199,782,771,150,0.25749868444132606,903,58,29,922,361.34766333333334,1081.04639,3.601471727574751,1.1971720819490588,3,2,1,7,7,3,5,2,10,10,20,30,50,7,58
ERIE LAKERS,23,204,8.17981690253989,7280,6486,1683,235,901,884,119,0.25948196114708605,953,58,65,897,432.7278133333333,1238.6420899999998,4.086621532004197,1.2997293704092339,5,4,4,3,9,3,9,1,2,1,25,16,41,8,58
FREE AT LAST,22,225,8.235534554087522,7431,6520,1619,235,924,866,130,0.24831288343558283,1047,61,52,1015,476.44816888888886,1358.44481,4.09554299904489,1.2974640019102197,5,5,2,4,1,4,8,3,1,2,17,18,35,9,58
LOUISVILLE SLUGGERS,23,200,10.815278892931163,7718,6937,1814,255,1002,942,187,0.26149632405939166,1159,70,58,1087,518.6262911111111,1464.58654,4.0272964797238995,1.2636639689387403,8,9,8,8,10,5,9,5,3,5,43,27,70,1,59
MELONHEADS,23,255,10.302381261056325,7338,6545,1641,257,925,916,166,0.2507257448433919,1345,84,0,1338,577.3888677777778,1622.6456699999999,3.8635686319702605,1.206428007434944,9,5,7,7,2,10,1,10,7,8,30,36,66,2,59
BIG RED MACHINE,23,216,9.862993342461863,7692,6809,1719,267,971,946,128,0.2524599794389778,1180,72,38,1128,512.4349155555556,1487.3201100000001,3.908401898305085,1.2604407711864407,10,8,9,4,5,6,6,6,5,6,36,29,65,3,59
HOOSIERS,23,231,10.497312237966225,8134,7224,1821,267,1023,996,207,0.2520764119601329,1145,70,30,1075,492.03631555555563,1465.0894099999998,3.8675343580786032,1.2795540698689956,10,10,10,10,3,5,4,4,6,2,43,21,64,4,59
NATIONAL PASTIME,22,270,10.463619935939738,7251,6508,1666,236,877,864,128,0.2559926244622004,1209,77,84,1194,504.54520333333335,1469.32085,3.755919627791563,1.2153191480562449,5,2,2,4,7,7,10,7,9,7,20,40,60,5,59
WESTSIDE MARAUDERS,20,270,10.72320376183717,6812,6036,1538,248,874,858,127,0.25480450629555995,1179,78,32,1277,488.3951055555555,1412.8334160000002,3.7282069126378286,1.1983319898218832,7,1,1,3,6,8,5,9,10,9,18,41,59,6,59
BLUE SOCKS,18,270,9.543137227677542,7549,6803,1756,226,927,899,192,0.2581214170219021,680,45,29,714,288.9175711111111,807.34184,3.8239090294117646,1.187267411764706,2,6,5,9,8,2,3,1,8,10,30,24,54,7,59
FREE BIRDS,23,249,9.309588166423573,7327,6485,1635,239,890,891,134,0.25212027756360833,1304,79,27,1271,576.0182777777779,1648.6516000000001,3.975586273006136,1.2643033742331289,6,3,4,5,4,9,2,8,4,4,22,27,49,8,59
FREE AT LAST,22,226,8.13803982907859,7620,6736,1684,235,930,904,145,0.25,952,55,44,907,430.10444777777786,1206.2686600000002,4.066113476890757,1.2670889285714289,4,7,6,6,1,3,7,2,2,3,24,17,41,9,59
ERIE LAKERS,23,191,8.230739713101972,7223,6422,1672,232,899,876,119,0.2603550295857988,1123,64,51,984,529.1080211111112,1504.79465,4.240402662511131,1.3399774265360642,3,4,3,2,9,4,8,3,1,1,21,17,38,10,59
WESTSIDE MARAUDERS,22,270,11.127982366618005,7512,6706,1728,259,971,936,178,0.257679689830003,1198,76,32,1236,513.0726555555556,1457.7888360000002,3.8544690317195327,1.216852116861436,8,8,9,8,7,9,5,9,6,8,40,37,77,1,60
HOOSIERS,23,233,10.39940599819724,7828,6915,1733,260,995,952,199,0.25061460592913953,1190,74,41,1137,520.9312755555555,1500.94285,3.939816369747899,1.261296512605042,9,10,10,10,3,7,6,5,4,4,42,26,68,2,60
LOUISVILLE SLUGGERS,23,220,10.744920176522715,7704,6925,1841,243,993,917,172,0.26584837545126355,1122,71,53,1129,477.42129000000006,1417.71539,3.829582540106952,1.263560953654189,6,9,7,7,10,6,8,4,7,3,39,28,67,3,60
MELONHEADS,23,261,10.285474754528108,7223,6439,1624,254,914,910,165,0.25221307656468395,1212,75,46,1224,509.16229333333337,1456.6341099999997,3.7809081188118814,1.201843325082508,7,4,5,6,4,8,7,8,9,9,26,41,67,3,60
NATIONAL PASTIME,23,262,10.291119330821584,7387,6601,1678,254,903,914,128,0.25420390849871233,1207,76,79,1174,505.61364333333336,1471.31025,3.7701100165700083,1.2189811516155757,7,2,6,3,6,9,10,7,10,7,24,43,67,3,60
BIG RED MACHINE,23,210,9.759261046001335,7510,6686,1658,261,921,922,120,0.2479808555189949,1167,71,59,1157,500.09886,1451.7575800000002,3.85680354755784,1.2440082090831193,10,5,8,2,1,6,9,6,5,6,26,32,58,4,60
BLUE SOCKS,18,270,9.543137227677542,7549,6803,1756,226,927,899,192,0.2581214170219021,680,45,29,714,288.9175711111111,807.34184,3.8239090294117646,1.187267411764706,3,6,2,9,8,3,4,1,8,10,28,26,54,5,60
FREE BIRDS,23,248,9.374243289989822,7498,6653,1688,238,906,907,132,0.2537201262588306,1376,83,0,1320,621.6500577777779,1731.62786,4.066025087209303,1.2584504796511629,5,3,3,4,5,10,2,10,3,5,20,30,50,6,60
ERIE LAKERS,23,190,8.120952176567613,7491,6631,1713,243,935,908,114,0.2583320766098628,1097,62,32,935,512.5529288888889,1465.4929999999997,4.205083281677302,1.3359097538742022,6,7,4,1,9,4,5,2,1,1,27,13,40,7,60
FREE AT LAST,22,217,8.18544227679371,7333,6483,1613,235,894,873,134,0.2488045657874441,1159,67,22,1057,529.5881211111111,1506.94395,4.112418541846419,1.300210483175151,4,1,1,5,2,5,3,3,2,2,13,15,28,8,60
WESTSIDE MARAUDERS,23,265,11.191549422541561,7456,6662,1713,269,946,947,146,0.2571299909936956,1277,81,59,1294,539.7563988888888,1571.4435660000001,3.8040779874706336,1.2305744447924825,9,6,8,5,7,10,9,10,8,6,35,43,78,1,61
LOUISVILLE SLUGGERS,23,218,10.81012911970148,7760,7001,1835,253,985,941,184,0.2621054135123554,1055,66,55,1060,450.64835111111114,1282.8231699999997,3.8443935165876777,1.2159461327014214,7,9,7,9,10,4,8,4,6,8,42,30,72,2,61
MELONHEADS,23,269,10.411182390654357,7547,6719,1711,243,953,916,180,0.2546509897306147,1189,76,30,1235,495.84464888888897,1425.9592499999999,3.7532395626576966,1.1992928931875524,5,7,4,8,5,6,4,8,9,9,29,36,65,3,61
NATIONAL PASTIME,23,267,10.510371081708712,7695,6901,1763,258,945,933,145,0.255470221706999,1180,78,52,1214,503.4731877777778,1450.6558,3.840049737288136,1.2293693220338984,8,5,6,4,6,8,7,7,7,7,29,36,65,3,61
HOOSIERS,23,225,10.355165792726662,8068,7157,1787,272,1020,994,199,0.24968562246751433,1308,77,0,1161,580.5338855555556,1685.3748,3.9944992125382264,1.2885128440366973,10,10,10,10,2,7,1,5,4,2,42,19,61,4,61
BIG RED MACHINE,23,214,9.852141714583611,7692,6811,1713,269,962,951,119,0.25150491851416823,1250,75,27,1169,545.28804,1569.41704,3.9260738880000003,1.2555336320000001,9,8,9,2,3,5,2,6,5,4,31,22,53,5,61
FREE BIRDS,23,244,9.12773236497368,7358,6518,1645,225,876,867,132,0.2523780300705738,1303,80,32,1292,582.1901333333333,1627.83444,4.021267229470452,1.249297344589409,4,2,3,3,4,9,5,9,3,5,16,31,47,6,61
BLUE SOCKS,17,270,9.026310036006912,6317,5701,1468,199,782,771,150,0.25749868444132606,903,58,29,922,361.34766333333334,1081.04639,3.601471727574751,1.1971720819490588,3,1,1,6,8,1,3,1,10,10,19,25,44,7,61
ERIE LAKERS,23,189,8.33965428715018,7431,6593,1725,248,939,923,114,0.26164113453662974,1107,60,38,971,536.227301111111,1485.65784,4.359571553748871,1.342057669376694,6,4,5,1,9,2,6,3,1,1,25,13,38,8,61
FREE AT LAST,22,225,8.067142691973988,6997,6128,1512,225,880,828,154,0.24673629242819844,1027,61,71,952,463.13427888888896,1317.7283499999999,4.058625618305745,1.2830850535540408,4,3,2,7,1,3,10,2,2,3,17,20,37,9,61
WESTSIDE MARAUDERS,23,264,11.192866030615802,7589,6781,1747,273,959,963,131,0.2576316177554933,1332,84,32,1363,575.7638099999999,1634.6372660000002,3.890296013513513,1.2272051546546547,10,8,9,4,7,10,6,10,7,8,38,41,79,1,62
LOUISVILLE SLUGGERS,23,219,10.971676911280953,7694,6881,1775,265,991,943,183,0.2579566923412295,1104,68,66,1099,483.0107022222223,1379.0847999999999,3.937587246376812,1.2491710144927535,8,9,8,9,8,4,9,5,4,4,42,26,68,2,62
MELONHEADS,23,260,10.369599736218701,7331,6547,1659,249,923,916,162,0.25339850313120516,1295,80,19,1318,544.0165900000001,1569.18481,3.7808102779922783,1.211725722007722,6,6,6,6,4,7,4,8,9,9,28,37,65,3,62
HOOSIERS,23,228,10.456413683989792,8054,7145,1798,264,1018,989,223,0.2516445066480056,1243,76,16,1098,539.5779655555556,1613.29687,3.9068396540627512,1.297905768302494,7,10,10,10,3,6,3,4,6,3,40,22,62,4,62
NATIONAL PASTIME,23,263,10.410445980287742,7436,6667,1725,236,914,891,136,0.25873706314684264,1287,81,52,1249,546.6707333333334,1582.41318,3.8228722610722614,1.2295362703962704,4,3,4,5,9,8,7,7,8,7,25,37,62,4,62
BIG RED MACHINE,23,205,9.713497945881832,7451,6616,1636,270,915,926,116,0.24727932285368803,1185,72,59,1156,515.1011022222222,1473.9934700000001,3.9121602700421936,1.2438763459915614,9,4,7,2,1,5,8,6,5,6,23,30,53,5,62
ERIE LAKERS,23,203,8.138271658293176,7373,6538,1696,241,925,899,119,0.2594065463444478,1022,58,52,905,470.9196655555555,1326.4654399999997,4.147042064579256,1.297911389432485,5,7,5,3,10,3,7,3,2,2,30,17,47,6,62
BLUE SOCKS,17,270,9.117804433377271,6940,6257,1612,213,855,839,175,0.25763145277289434,672,47,29,747,272.1833977777778,792.95328,3.6453133630952386,1.1799899999999999,2,1,1,8,6,1,5,1,10,10,18,27,45,7,62
FREE BIRDS,23,248,9.233829172466622,7491,6633,1699,228,904,878,115,0.2561435248002412,1363,83,0,1333,607.4824944444445,1702.4634800000001,4.011256382978724,1.2490561115187089,3,2,3,1,5,9,2,9,3,5,14,28,42,8,62
FREE AT LAST,22,227,8.19541427026406,7298,6427,1600,228,918,860,170,0.24894974327057726,994,57,68,902,459.0961677777778,1293.51025,4.156806348088532,1.3013181589537224,3,5,2,7,2,2,10,2,1,1,19,16,35,9,62
LOUISVILLE SLUGGERS,23,204,10.865342047076592,7798,6998,1828,260,993,946,169,0.2612174907116319,1106,68,53,1135,481.32678666666675,1377.33583,3.9167640867992772,1.2453307685352621,8,9,8,8,10,5,8,5,5,6,43,29,72,1,63
WESTSIDE MARAUDERS,23,265,10.815450089622614,7218,6427,1641,257,921,905,150,0.2553290804418858,1370,86,32,1402,586.8434744444444,1661.8718560000002,3.8551761094890504,1.2130451503649637,7,4,6,6,6,10,6,10,7,9,29,42,71,2,63
MELONHEADS,23,256,10.31377140862797,7338,6559,1661,248,921,915,161,0.2532398231437719,1302,80,27,1281,550.0640433333333,1586.75224,3.802286013824885,1.218703717357911,6,4,7,7,5,9,4,8,8,7,29,36,65,3,63
HOOSIERS,23,232,10.403560993991746,7987,7092,1777,269,1004,990,210,0.2505640157924422,1318,80,2,1145,585.9085444444445,1688.65188,4.000892943854325,1.2812229742033383,9,10,10,10,2,9,1,6,4,3,41,23,64,4,63
BIG RED MACHINE,23,220,9.89870351933206,7818,6936,1749,271,977,962,130,0.2521626297577855,1153,71,41,1082,497.99313000000006,1453.18155,3.8871970251517785,1.2603482653946227,10,8,9,3,4,6,7,4,6,4,34,27,61,5,63
NATIONAL PASTIME,22,270,10.382989231557659,7092,6391,1661,220,867,843,146,0.25989672977624784,1195,77,84,1193,496.5185866666667,1454.48198,3.7394705271966533,1.2171397322175732,1,2,1,5,9,7,9,7,9,8,18,40,58,6,63
BLUE SOCKS,18,270,9.529614128267294,7409,6681,1722,224,922,894,198,0.2577458464301751,693,47,29,708,286.33136111111116,838.09293,3.718589105339106,1.2093693073593075,2,5,4,9,7,2,5,1,10,10,27,28,55,7,63
FREE BIRDS,23,248,9.203059449743163,7236,6409,1614,242,874,887,122,0.2518333593384303,1279,78,19,1301,569.59785,1593.01539,4.008116223612197,1.245516333072713,5,3,3,2,3,8,2,9,3,5,16,27,43,8,63
ERIE LAKERS,23,185,8.140096407879806,7419,6553,1692,239,928,897,116,0.2582023500686708,1116,63,24,1009,522.3291011111112,1479.1314699999998,4.212331460573478,1.325386621863799,4,7,5,1,8,4,3,3,1,1,25,12,37,9,63
FREE AT LAST,22,235,8.295369145706077,7438,6535,1624,236,924,870,131,0.24850803366488142,943,55,90,897,428.58814,1214.9782400000001,4.090448844114528,1.2884180699893957,3,6,2,4,1,3,10,2,2,2,16,19,35,10,63
LOUISVILLE SLUGGERS,23,218,10.799493173748434,7749,6982,1824,257,987,947,162,0.26124319679175023,1005,63,82,1067,427.93895222222227,1222.80705,3.83228912437811,1.2167234328358207,7,9,8,7,10,4,10,4,8,9,41,35,76,1,64
WESTSIDE MARAUDERS,23,263,11.092545612949504,7708,6869,1746,268,969,957,145,0.2541854709564711,1318,83,32,1350,567.5671477777778,1622.7272560000001,3.875648201820941,1.2312042913505312,8,8,9,5,6,9,5,10,7,7,36,38,74,2,64
NATIONAL PASTIME,23,270,10.644934528687191,7681,6904,1795,249,952,939,164,0.2599942062572422,1130,72,79,1103,490.67709222222226,1405.30671,3.908047637168142,1.243634256637168,6,6,6,8,9,6,9,5,5,6,35,31,66,3,64
MELONHEADS,23,255,10.420821002101617,7332,6517,1630,245,930,893,210,0.25011508362743595,1364,88,0,1331,577.7504411111111,1678.93767,3.8121363416422285,1.230892719941349,5,5,4,9,3,10,1,9,9,8,26,37,63,4,64
HOOSIERS,23,232,10.351880064582165,8173,7229,1808,276,1038,1004,212,0.25010374878959746,1122,67,52,983,505.0720655555556,1473.1599199999998,4.051380204991088,1.3129767557932261,10,10,10,10,2,5,7,3,3,1,42,19,61,5,64
BIG RED MACHINE,23,212,9.875952524669529,7703,6829,1703,269,955,942,118,0.24937765412212623,1196,73,59,1113,519.1016688888889,1497.22045,3.906283461538461,1.2518565635451506,9,7,7,1,1,7,8,6,6,5,25,32,57,6,64
BLUE SOCKS,17,270,9.026310036006912,6317,5701,1468,199,782,771,150,0.25749868444132606,903,58,29,922,361.34766333333334,1081.04639,3.601471727574751,1.1971720819490588,1,1,1,6,7,2,4,1,10,10,16,27,43,7,64
FREE BIRDS,23,241,9.230921410645907,7424,6582,1671,234,905,888,120,0.2538742023701003,1316,79,19,1281,587.9190333333333,1661.18512,4.020722872340426,1.2622987234042553,3,3,3,2,5,8,3,8,4,3,16,26,42,8,64
ERIE LAKERS,23,201,8.231883611469087,7296,6495,1687,240,912,894,123,0.25973826020015395,1046,61,38,972,476.1113322222222,1344.36337,4.096560219885277,1.2852422275334607,4,4,5,3,8,3,6,2,1,2,24,14,38,9,64
FREE AT LAST,22,232,8.075006349602964,7179,6344,1601,218,881,844,138,0.25236443883984866,1164,67,11,1118,526.8295533333334,1461.18661,4.073424381443299,1.2553149570446736,2,2,2,4,4,5,2,7,2,4,14,20,34,10,64
WESTSIDE MARAUDERS,23,269,11.131608634533197,7365,6550,1687,254,944,916,168,0.25755725190839696,1356,88,32,1363,571.6254755555556,1680.3578760000003,3.793974395280236,1.2392019734513275,7,7,6,7,6,10,6,10,9,7,33,42,75,1,65
LOUISVILLE SLUGGERS,23,216,10.851421687316856,7609,6849,1785,256,986,939,190,0.2606219886114761,1185,74,38,1161,521.9962288888889,1477.8508499999998,3.964528320675106,1.2471315189873415,8,9,8,9,9,6,7,6,4,5,43,28,71,2,65
HOOSIERS,23,237,10.39452301359422,8026,7126,1782,269,1014,992,213,0.25007016559079426,1119,67,54,1017,492.5336955555556,1423.34331,3.9613970151921363,1.2719779356568364,9,10,10,10,3,5,8,4,5,3,42,25,67,3,65
MELONHEADS,23,258,10.389794710936192,7517,6721,1705,251,943,926,166,0.25368248772504093,1350,84,0,1325,584.2691744444445,1643.28738,3.89512782962963,1.217249911111111,6,6,7,6,5,9,1,8,6,8,30,32,62,4,65
BIG RED MACHINE,23,201,9.871773313905484,7678,6811,1702,270,951,954,124,0.24988988401115841,1289,76,27,1203,570.768098888889,1637.26298,3.9851923118696666,1.2701807447633824,10,8,9,4,2,7,4,7,3,4,33,25,58,5,65
NATIONAL PASTIME,21,270,10.301044450954844,7330,6599,1721,236,909,890,161,0.2607970904682528,967,63,84,995,412.15918444444446,1171.50285,3.8360213650465362,1.2114817476732163,2,4,4,5,10,4,9,3,8,9,25,33,58,5,65
BLUE SOCKS,17,270,9.117804433377271,6940,6257,1612,213,855,839,175,0.25763145277289434,672,47,29,747,272.1833977777778,792.95328,3.6453133630952386,1.1799899999999999,1,1,1,8,7,2,5,1,10,10,18,28,46,6,65
FREE BIRDS,23,255,9.335297907148249,7424,6552,1662,237,893,876,102,0.25366300366300365,1360,82,19,1333,586.9594022222223,1692.74808,3.8842901617647065,1.244667705882353,3,2,3,1,4,8,3,9,7,6,13,33,46,6,65
ERIE LAKERS,23,184,8.183083014503648,7419,6553,1692,239,928,897,116,0.2582023500686708,1169,63,17,1044,544.2189000000001,1547.92592,4.189880325064157,1.324145355004277,4,5,5,2,8,4,2,5,1,1,24,13,37,7,65
FREE AT LAST,22,229,8.21961676515402,7368,6487,1597,241,908,875,118,0.24618467704640049,941,56,93,895,422.29513888888886,1200.32314,4.038954569606801,1.2755825079702443,5,3,2,3,1,3,10,2,2,2,14,19,33,8,65
WESTSIDE MARAUDERS,23,270,11.190876235921312,7470,6643,1702,266,961,939,174,0.25620954388077677,1356,86,32,1332,582.0519422222221,1689.7727260000004,3.863176607669616,1.2461450781710917,9,8,8,8,7,10,7,10,4,5,40,36,76,1,66
LOUISVILLE SLUGGERS,23,216,10.642672766820079,7396,6669,1749,251,945,910,153,0.26225820962663066,1064,70,77,1102,452.1978944444445,1293.95608,3.8249821898496243,1.2161241353383458,6,7,4,6,10,5,9,4,8,9,33,35,68,2,66
HOOSIERS,23,250,10.394007880240382,7722,6806,1701,244,974,921,208,0.2499265354099324,1205,76,30,1169,483.3775833333334,1489.7280299999998,3.6102890041493776,1.2362888215767633,4,9,6,10,2,7,6,7,10,6,31,36,67,3,66
NATIONAL PASTIME,23,263,10.469080623824054,7615,6834,1725,268,924,949,136,0.252414398595259,1104,72,84,1141,471.8534333333334,1342.65558,3.84663125,1.2161735326086958,10,3,9,4,3,6,10,6,6,8,29,36,65,4,66
MELONHEADS,23,259,10.315320605343533,7440,6644,1688,250,936,924,164,0.2540638169777243,1292,81,22,1244,554.03914,1573.27131,3.859405773993808,1.2177022523219816,5,6,7,7,6,9,3,8,5,7,31,32,63,5,66
BLUE SOCKS,18,270,9.543137227677542,7549,6803,1756,226,927,899,192,0.2581214170219021,680,45,29,714,288.9175711111111,807.34184,3.8239090294117646,1.187267411764706,1,4,3,9,8,1,5,1,9,10,25,26,51,6,66
BIG RED MACHINE,23,216,9.750990243177169,7412,6586,1666,253,928,915,127,0.25296082599453384,1127,67,73,1069,479.43179333333336,1410.55657,3.828647861579415,1.251602990239574,7,5,5,3,4,3,8,3,7,4,24,25,49,7,66
FREE AT LAST,22,213,8.189150807250597,8124,7165,1779,255,989,953,138,0.24829030006978367,1028,56,17,912,491.84396777777783,1363.8622500000001,4.306026955252919,1.3267142509727627,8,10,10,5,1,2,2,2,1,1,34,8,42,8,66
FREE BIRDS,23,239,9.231159332172487,7389,6531,1658,232,906,881,125,0.25386617669575867,1301,78,27,1286,583.4641066666668,1642.23114,4.036262075326673,1.2622837355880092,2,2,2,2,5,8,4,9,3,3,13,27,40,9,66
ERIE LAKERS,23,186,8.126402995742295,7177,6396,1669,235,899,879,125,0.2609443402126329,1251,69,2,1114,591.8312644444445,1654.18014,4.257778880895285,1.322286282973621,3,1,1,2,9,4,1,5,2,2,16,14,30,10,66
WESTSIDE MARAUDERS,22,270,11.094005002181127,7400,6611,1714,247,932,915,130,0.2592648615943125,1278,81,43,1291,542.3136122222222,1540.1607060000001,3.819109945226917,1.2051335727699533,6,6,7,4,8,10,6,10,7,9,31,42,73,1,67
MELONHEADS,23,258,10.422841761931219,7443,6630,1671,255,936,920,163,0.2520361990950226,1267,81,27,1262,531.8668966666668,1546.45751,3.7780600394632997,1.2205663062352012,7,7,8,7,4,10,4,8,10,7,33,39,72,2,67
LOUISVILLE SLUGGERS,23,204,10.80135158522652,7379,6609,1699,258,948,914,187,0.2570736873959752,1085,68,83,1086,464.2000266666667,1365.1061599999998,3.8505071336405536,1.2581623594470044,8,9,6,9,6,5,10,4,6,4,38,29,67,3,67
HOOSIERS,23,237,10.405093561324717,7984,7081,1781,266,1012,986,220,0.2515181471543567,1250,76,0,1165,552.2760622222222,1595.85774,3.9763876479999998,1.2766861919999999,9,10,10,10,3,8,2,7,4,3,42,24,66,4,67
BIG RED MACHINE,23,209,9.775124069587802,7598,6728,1664,271,944,935,117,0.2473246135552913,1193,72,59,1142,516.8258866666666,1488.80445,3.8989379547359593,1.2479500838222968,10,8,9,2,1,7,9,6,5,6,30,33,63,5,67
NATIONAL PASTIME,21,270,10.310334010949676,7212,6484,1693,226,884,866,147,0.26110425663170883,1123,71,52,1114,472.46897888888896,1365.34632,3.7864833570792524,1.2158026001780944,2,2,2,5,10,6,7,5,8,8,21,34,55,6,67
FREE BIRDS,23,242,9.180427747358223,7351,6510,1653,234,903,884,113,0.25391705069124426,1281,78,27,1272,574.5075366666667,1605.9064500000002,4.036352716627635,1.253635011709602,3,4,5,1,5,9,4,9,3,5,18,30,48,7,67
BLUE SOCKS,18,270,9.24286848393713,6926,6251,1616,208,854,835,172,0.2585186370180771,812,55,29,878,340.9177977777778,971.52608,3.7786455418719216,1.1964606896551724,1,1,1,8,7,2,5,1,9,10,18,27,45,8,67
FREE AT LAST,22,229,8.246959287095516,7536,6627,1648,237,928,878,160,0.2486796438810925,1006,57,57,908,459.3999933333334,1306.44049,4.109940298210736,1.2986485984095426,5,5,3,6,2,3,8,2,2,2,21,17,38,9,67
ERIE LAKERS,23,189,8.132189613582801,7177,6396,1669,235,899,879,125,0.2609443402126329,1202,67,16,1052,559.0458377777778,1582.3969399999999,4.185867337770383,1.3164699999999998,4,3,4,3,9,4,3,3,1,1,23,12,35,10,67
WESTSIDE MARAUDERS,23,267,11.180214361169703,7582,6748,1720,280,966,956,140,0.25489033787788973,1326,84,32,1356,569.2032155555555,1629.3485160000002,3.8633702413272997,1.2287696199095024,10,8,9,4,5,10,6,10,7,7,36,40,76,1,68
LOUISVILLE SLUGGERS,23,231,10.665853976729906,7196,6480,1692,244,925,889,161,0.2611111111111111,1226,79,36,1294,506.6843766666667,1495.5443799999998,3.719542732463296,1.219856753670473,5,4,2,7,10,8,8,9,9,8,28,42,70,2,68
HOOSIERS,23,232,10.36931096120394,7935,7046,1761,265,1003,979,215,0.249929037751916,1247,76,11,1143,547.6018555555556,1564.44879,3.952218684843625,1.25457,8,10,10,10,3,6,3,5,4,4,41,22,63,3,68
NATIONAL PASTIME,23,260,10.429792136704027,7646,6889,1768,253,926,930,149,0.2566410219190013,1071,68,109,1056,464.40595222222225,1320.01951,3.902571027077498,1.232511213818861,7,5,7,5,7,5,10,4,6,6,31,31,62,4,68
MELONHEADS,23,267,10.35044701746029,7360,6584,1681,239,919,905,159,0.25531591737545567,1274,80,27,1252,537.3633833333333,1517.8664099999999,3.796130651491366,1.1914179042386184,4,3,4,6,6,9,4,7,8,10,23,38,61,5,68
BLUE SOCKS,18,270,9.513542954889347,7535,6797,1760,221,926,895,189,0.25893776666176255,693,47,29,708,286.33136111111116,838.09293,3.718589105339106,1.2093693073593075,3,5,3,9,9,2,5,1,10,9,29,27,56,6,68
BIG RED MACHINE,23,204,9.81484497513499,7587,6710,1674,271,951,944,118,0.24947839046199702,1292,77,27,1204,562.8340655555555,1642.4888400000002,3.9206707352941175,1.2712761919504645,9,7,8,2,2,7,4,6,5,3,28,25,53,7,68
FREE AT LAST,22,229,8.19685376480734,7893,6936,1730,246,982,927,168,0.2494232987312572,831,48,57,779,381.84199222222225,1092.91604,4.135472839951865,1.3151817569193742,6,9,6,8,1,3,9,2,2,2,30,18,48,8,68
FREE BIRDS,23,244,9.075152535735612,7187,6348,1613,220,877,848,129,0.2540957781978576,1303,80,32,1292,582.1901333333333,1627.83444,4.021267229470452,1.249297344589409,2,2,1,3,4,9,6,8,3,5,12,31,43,9,68
ERIE LAKERS,23,194,8.221855682310963,7492,6637,1714,246,938,914,117,0.25824920897996084,1102,61,33,978,513.9326133333334,1460.7400699999998,4.1972717967332125,1.325535453720508,6,6,5,1,8,4,7,3,1,1,26,16,42,10,68
MELONHEADS,23,258,10.389755442388488,7514,6706,1715,246,949,925,161,0.255741127348643,1328,83,0,1317,564.9554266666667,1613.1521899999998,3.8287641867469877,1.214723034638554,7,7,8,7,6,9,1,9,8,8,35,35,70,1,69
WESTSIDE MARAUDERS,22,270,11.074148768373252,7141,6337,1613,274,916,921,135,0.2545368470885277,1337,85,32,1355,575.6588399999999,1621.3842260000001,3.8750408077786087,1.2127032356020944,10,3,7,4,5,10,5,10,6,9,29,40,69,2,69
NATIONAL PASTIME,23,270,10.526468952679336,7615,6842,1762,241,920,904,142,0.2575270388775212,1203,77,84,1178,501.13796,1476.1773200000002,3.749161795511222,1.2270800665004158,4,4,4,6,7,8,10,7,9,7,25,41,66,3,69
HOOSIERS,23,226,10.386154609701684,7905,7029,1767,259,990,963,208,0.2513871105420401,1243,76,19,1132,531.5768055555556,1598.24645,3.8489068785197103,1.2857976267095736,8,10,10,10,2,7,3,5,7,3,40,25,65,4,69
LOUISVILLE SLUGGERS,23,207,10.732845732255846,7529,6756,1765,246,975,914,194,0.26124925991711073,1030,64,75,1089,451.7774744444444,1297.74472,3.9475701650485435,1.2599463300970872,7,9,6,9,10,3,9,4,4,4,41,24,65,4,69
BIG RED MACHINE,23,219,9.829470259757727,7608,6757,1707,263,953,941,139,0.2526269054314045,1172,71,38,1139,510.9529422222223,1464.1839900000002,3.9237000682593863,1.2493037457337886,9,8,9,5,4,5,6,6,5,5,35,27,62,5,69
BLUE SOCKS,18,270,9.311853114032633,6926,6251,1616,208,854,835,172,0.2585186370180771,770,51,59,804,317.3282188888889,931.63203,3.7090311298701297,1.2099117272727273,2,1,1,8,8,1,8,1,10,10,20,30,50,6,69
FREE BIRDS,23,253,9.291327661234096,7327,6485,1635,239,890,891,134,0.25212027756360833,1207,73,54,1196,535.9210811111112,1507.24249,3.9960975393537708,1.2487510273405138,3,2,3,3,3,6,7,8,3,6,14,30,44,7,69
ERIE LAKERS,23,198,8.1655684769411,7430,6602,1707,244,927,907,119,0.25855801272341716,1062,63,24,982,494.16927,1372.21001,4.187875169491526,1.2920998210922787,6,6,5,1,9,2,4,2,1,1,27,10,37,8,69
FREE AT LAST,22,220,8.19832287640871,7466,6553,1616,242,924,881,123,0.24660460857622463,1212,68,16,1048,556.8369311111111,1565.96712,4.134927706270627,1.2920520792079209,5,5,2,2,1,4,2,3,2,2,15,13,28,9,69
LOUISVILLE SLUGGERS,23,202,10.847951542836809,7830,7036,1844,259,1002,950,177,0.26208072768618534,1182,70,36,1158,516.3976211111112,1487.49628,3.931961582064299,1.258457089678511,9,10,10,8,10,5,7,4,6,5,47,27,74,1,70
WESTSIDE MARAUDERS,23,269,10.92173650984909,7470,6655,1703,256,949,928,152,0.2558978211870774,1253,79,59,1291,533.6528355555555,1536.8295360000002,3.833100973663208,1.22651998084597,8,7,8,6,6,8,8,9,7,7,35,39,74,1,70
MELONHEADS,23,257,10.164003989913429,7205,6418,1606,256,910,904,165,0.2502337176690558,1267,81,27,1257,536.1129233333334,1530.25732,3.808221239147593,1.207780047355959,8,5,7,7,2,9,4,8,8,10,29,39,68,2,70
NATIONAL PASTIME,23,268,10.398297641965085,7447,6685,1715,236,907,882,135,0.25654450261780104,1187,76,84,1199,494.6840188888889,1438.0061600000001,3.750763411962932,1.211462645324347,5,4,4,5,7,6,9,7,9,8,25,39,64,3,70
HOOSIERS,23,232,10.343428059892558,7879,6976,1760,251,995,950,209,0.25229357798165136,1270,78,17,1161,572.8143477777778,1625.5642199999998,4.059314275590551,1.2799718267716533,7,9,10,10,5,7,3,5,1,3,41,19,60,4,70
BIG RED MACHINE,23,205,9.81416372894701,7615,6737,1699,267,958,939,120,0.25218940181089505,1279,76,27,1190,569.14157,1620.1472,4.004905496481626,1.2667296325254105,10,8,9,2,4,6,4,6,5,4,33,25,58,5,70
BLUE SOCKS,18,270,9.529614128267294,7409,6681,1722,224,922,894,198,0.2577458464301751,693,47,29,708,286.33136111111116,838.09293,3.718589105339106,1.2093693073593075,2,6,5,9,8,2,5,1,10,9,30,27,57,6,70
FREE BIRDS,23,248,9.278025952206827,7285,6462,1625,240,885,896,135,0.25147013308573196,1381,83,0,1343,619.5148244444445,1728.4268600000003,4.037388428674873,1.2515762925416367,6,2,6,5,3,10,2,10,2,6,22,30,52,7,70
ERIE LAKERS,23,200,8.133312822076475,7177,6396,1669,235,899,879,125,0.2609443402126329,886,53,90,837,394.6903644444444,1159.66465,4.00927006772009,1.30887658013544,4,3,3,3,9,3,10,2,4,1,22,20,42,8,70
FREE AT LAST,22,228,8.101453896065173,7452,6579,1639,233,899,878,126,0.24912600699194407,1077,62,32,1009,482.1611511111112,1383.00821,4.02920181987001,1.2841301857010212,3,3,2,4,1,4,6,3,3,2,13,18,31,9,70
WESTSIDE MARAUDERS,23,267,11.031127579419278,7442,6670,1722,253,939,927,143,0.2581709145427286,1269,81,59,1309,535.1370255555555,1549.7482260000002,3.7952980535855003,1.2212357966903074,6,7,7,4,7,10,8,10,7,8,31,43,74,1,71
LOUISVILLE SLUGGERS,23,225,10.717486520563934,7296,6556,1717,244,937,899,164,0.2618974984746797,1145,72,77,1144,474.4914966666667,1403.1799400000002,3.7296274847161577,1.2254846637554586,5,6,4,7,10,5,10,7,10,7,32,39,71,2,71
NATIONAL PASTIME,23,259,10.461632950592618,7720,6928,1768,259,945,937,145,0.25519630484988454,1208,78,52,1204,527.82799,1489.12228,3.932493302980132,1.2327171192052981,8,8,8,5,6,9,7,8,6,6,35,36,71,2,71
MELONHEADS,23,261,10.303697477337305,7248,6438,1606,254,922,901,190,0.24945635290462875,1267,81,19,1280,531.1466255555556,1529.41059,3.772943670086819,1.2071117521704815,7,4,6,9,1,10,3,9,9,10,27,41,68,3,71
HOOSIERS,23,229,10.360288694503314,8068,7157,1787,272,1020,994,199,0.24968562246751433,1244,73,24,1105,563.2664455555555,1597.24362,4.075078786173632,1.2839578938906753,10,10,10,10,2,6,4,5,2,2,42,19,61,4,71
BIG RED MACHINE,23,213,9.845988780676398,7741,6862,1735,269,973,950,131,0.25284173710288543,1252,74,27,1130,553.8789655555556,1590.33167,3.981558059105432,1.2702329632587859,9,9,9,3,4,7,5,6,4,4,34,26,60,5,71
BLUE SOCKS,19,270,9.550519125641022,6933,6291,1632,203,846,830,170,0.25941821649976154,897,60,61,924,377.28080111111115,1089.32557,3.785426098104794,1.2144097770345597,2,1,1,8,9,3,9,3,8,9,21,32,53,6,71
FREE BIRDS,23,249,9.21701512636316,7396,6562,1662,231,893,887,129,0.25327644010972267,1251,77,27,1280,552.9379677777779,1558.5737000000001,3.977970991207035,1.245862270183853,3,2,3,2,5,8,5,9,5,5,15,32,47,7,71
ERIE LAKERS,23,197,8.077386552565114,7438,6599,1710,239,923,900,114,0.25913017123806636,953,58,38,907,423.42728777777774,1221.72352,3.9987886568730318,1.2819764113326337,4,5,5,1,8,2,6,2,3,3,23,16,39,8,71
FREE AT LAST,22,217,8.18412068618006,7417,6502,1624,231,921,864,154,0.24976930175330667,1172,64,17,1052,545.2685822222222,1538.8289499999998,4.187216075085324,1.312993984641638,3,3,2,6,3,4,2,4,1,1,17,12,29,9,71
WESTSIDE MARAUDERS,23,266,11.083182312753609,7568,6768,1744,255,953,935,150,0.2576832151300236,1261,80,59,1296,539.8804155555555,1539.777656,3.8532305630452015,1.2210766502775574,8,8,7,6,8,8,8,9,7,9,37,41,78,1,72
LOUISVILLE SLUGGERS,23,215,10.68943012931722,7777,7006,1828,259,1004,956,180,0.26091921210391095,1083,66,65,1026,469.80973444444453,1371.7667199999999,3.904236020313944,1.2666359372114495,9,9,9,9,9,4,9,3,6,4,45,26,71,2,72
MELONHEADS,23,267,10.323909216928628,7434,6613,1670,247,942,915,173,0.25253288976258886,1247,82,11,1274,522.2064822222223,1504.91028,3.768932109061749,1.2068246030473135,6,5,6,8,4,9,2,8,9,10,29,38,67,3,72
NATIONAL PASTIME,23,261,10.45644715742342,7807,7033,1806,255,943,946,150,0.25678942129958765,1200,76,52,1170,523.8355111111111,1477.34518,3.928766333333334,1.2311209833333334,8,6,8,6,6,6,7,6,5,8,34,32,66,4,72
HOOSIERS,23,224,10.305189394781578,7991,7082,1766,266,1006,975,220,0.24936458627506355,1163,68,33,1088,507.7932488888889,1484.25057,3.9296124161650905,1.276225769561479,10,10,10,10,2,5,6,5,4,3,42,23,65,5,72
BIG RED MACHINE,23,222,9.888121105537014,7626,6760,1699,249,952,913,135,0.2513313609467456,1321,79,27,1230,558.745308888889,1652.7659700000002,3.8067432096896296,1.2511475927327784,7,7,5,5,3,7,4,7,8,6,27,32,59,6,72
BLUE SOCKS,19,270,9.790604524808227,7465,6724,1732,235,919,907,172,0.2575847709696609,856,56,29,854,356.0882977777778,1058.21628,3.743919018691589,1.236233971962617,4,4,4,7,7,1,5,1,10,7,26,24,50,7,72
FREE BIRDS,23,244,9.267273016783276,7326,6462,1638,241,894,887,115,0.25348189415041783,1375,83,0,1347,623.3787466666668,1722.26692,4.080297250909092,1.25255776,5,2,3,2,5,10,1,10,2,5,17,28,45,8,72
ERIE LAKERS,23,203,8.08902573187493,7177,6396,1669,235,899,879,125,0.2609443402126329,1075,63,22,1029,498.6831011111111,1375.14525,4.175021311627907,1.2792048837209302,4,3,2,3,10,3,3,4,1,2,22,13,35,9,72
FREE AT LAST,22,224,7.910062920381315,6955,6104,1506,224,859,827,132,0.24672346002621232,983,58,103,926,439.8941033333333,1261.4957200000003,4.02751467955239,1.2833120244150562,3,1,1,4,1,2,10,2,3,1,10,18,28,10,72
WESTSIDE MARAUDERS,23,260,11.064605950560303,7554,6765,1738,254,947,932,139,0.25691056910569104,1264,79,59,1300,542.3426088888889,1540.6924760000002,3.86161667721519,1.2189022753164558,8,8,7,5,6,7,9,9,7,7,34,39,73,1,73
LOUISVILLE SLUGGERS,23,208,10.80057528651144,7798,7010,1842,254,1005,945,196,0.26276747503566333,1140,67,52,1065,498.5761755555556,1446.6462199999999,3.936127701754386,1.2689879122807017,8,10,9,9,10,4,8,5,5,4,46,26,72,2,73
MELONHEADS,23,258,10.251234035298278,7318,6498,1632,254,937,911,165,0.25115420129270544,1266,80,27,1246,531.964748888889,1530.5495099999998,3.7817399210110585,1.208964857819905,8,6,5,7,2,8,6,7,8,10,28,39,67,3,73
HOOSIERS,23,221,10.339613502610229,7905,7029,1767,259,990,963,208,0.2513871105420401,1232,77,14,1142,542.6417288888889,1567.19038,3.964103538961039,1.2720701136363637,9,9,10,10,4,6,5,6,4,3,42,24,66,4,73
NATIONAL PASTIME,22,270,10.318552184774926,6989,6272,1625,222,865,838,149,0.2590880102040816,1255,81,52,1278,524.4692055555556,1529.5305600000002,3.7611337450199205,1.2187494501992033,4,2,2,6,8,9,8,8,9,8,22,42,64,5,73
BIG RED MACHINE,23,211,9.770523757921111,7531,6667,1675,267,945,935,118,0.25123743812809357,1232,72,46,1142,532.0759766666666,1547.68838,3.8869186607142856,1.2562405681818183,10,7,8,1,3,5,7,6,6,6,29,30,59,6,73
FREE BIRDS,23,249,9.320283063074992,7498,6653,1688,238,906,907,132,0.2537201262588306,1353,83,0,1309,609.3171144444444,1707.97099,4.053107191426459,1.2623584552845528,6,4,4,4,5,10,4,10,3,5,23,32,55,7,73
BLUE SOCKS,18,270,9.311853114032633,6926,6251,1616,208,854,835,172,0.2585186370180771,770,51,59,804,317.3282188888889,931.63203,3.7090311298701297,1.2099117272727273,3,1,1,8,7,1,9,2,10,9,20,31,51,8,73
ERIE LAKERS,23,205,8.283522762252444,7339,6538,1700,252,921,918,120,0.26001835423676967,1028,61,27,962,473.4248955555555,1337.78912,4.144770486381323,1.3013512840466925,7,5,6,2,9,3,6,3,1,1,29,14,43,9,73
FREE AT LAST,22,232,8.018245719489899,7274,6357,1553,236,889,850,131,0.24429762466572283,1024,60,65,992,468.1742766666667,1308.25088,4.1148129785156256,1.27758875,5,3,3,3,1,2,10,4,2,2,15,20,35,10,73
MELONHEADS,23,268,10.412832272487332,7535,6703,1701,250,960,927,175,0.25376697001342685,1119,71,57,1159,460.9810222222223,1338.7565100000002,3.7076221626452197,1.1963865147453085,7,8,5,8,5,7,9,7,10,9,33,42,75,1,74
WESTSIDE MARAUDERS,23,270,10.947579975996256,7414,6569,1668,266,945,928,134,0.2539199269295174,1280,82,64,1296,543.3772155555555,1549.0721760000001,3.8206210468749995,1.2102126375000002,10,6,6,4,6,9,10,9,6,8,32,42,74,2,74
LOUISVILLE SLUGGERS,23,208,10.83920113562112,7756,6991,1820,261,997,955,186,0.2603347160635102,1137,68,52,1083,494.31218555555563,1414.1866999999997,3.912761363236588,1.243787774846086,8,9,9,9,9,6,7,3,5,6,44,27,71,3,74
HOOSIERS,23,237,10.324177525925153,7960,7012,1752,263,1016,960,200,0.24985738733599544,1088,68,39,1085,460.0838455555555,1369.59548,3.8058406341911764,1.2588193749999999,9,10,10,10,2,6,6,4,7,5,41,28,69,4,74
NATIONAL PASTIME,23,265,10.621169442503726,7531,6762,1707,266,920,940,143,0.2524401064773736,1276,81,52,1239,538.617168888889,1574.6702100000002,3.799023918495298,1.234067562695925,10,5,7,5,4,8,7,8,8,7,31,38,69,4,74
BIG RED MACHINE,23,213,9.837117587950907,7622,6768,1703,263,947,942,134,0.2516252955082742,1192,71,54,1105,518.9882944444445,1504.6908600000002,3.9185357802013425,1.2623245469798658,9,7,8,4,3,7,8,5,4,4,31,28,59,5,74
BLUE SOCKS,18,270,9.554183491111118,7465,6724,1732,235,919,907,172,0.2575847709696609,707,46,29,721,296.11083444444444,840.5500900000001,3.7694448514851486,1.188896874115983,6,4,4,7,7,4,5,1,9,10,28,29,57,6,74
FREE BIRDS,23,245,9.220822935488435,7410,6610,1715,206,884,855,147,0.2594553706505295,1391,84,0,1356,626.1715533333333,1764.10794,4.0514334867002155,1.2682300071890726,4,2,1,6,8,10,4,10,3,3,21,30,51,7,74
ERIE LAKERS,23,200,8.160604959339299,7177,6396,1669,235,899,879,125,0.2609443402126329,1020,63,54,939,473.87822555555556,1338.60712,4.181278460784314,1.3123599215686272,6,3,3,3,10,5,8,2,1,1,25,17,42,8,74
FREE AT LAST,22,216,8.077310398551596,7221,6356,1580,231,880,856,124,0.2485840151038389,1222,71,0,1149,566.3609244444444,1575.00054,4.171234304418985,1.2888711456628479,5,1,2,2,1,7,4,6,2,2,11,21,32,9,74
LOUISVILLE SLUGGERS,23,214,10.842288356123364,7596,6821,1775,255,972,928,177,0.2602257733470166,999,66,82,1043,423.41756333333336,1235.25723,3.814572642642643,1.2364937237237237,8,8,9,9,9,5,10,5,7,6,43,33,76,1,75
HOOSIERS,23,244,10.329806643969269,7739,6837,1722,246,983,924,234,0.25186485300570427,980,64,77,1000,400.42967555555555,1194.82985,3.677415387755102,1.2192141326530612,5,10,7,10,3,4,9,4,9,8,35,34,69,2,75
NATIONAL PASTIME,23,260,10.600672891934389,7800,7011,1806,261,950,959,142,0.25759520753102266,1241,77,52,1176,546.8948977777778,1550.99792,3.966199903303788,1.2497968734891216,9,7,10,4,7,7,7,7,4,4,37,29,66,3,75
MELONHEADS,23,260,10.359204773819227,7356,6546,1650,254,936,916,163,0.2520623281393217,1354,87,0,1315,574.9214022222222,1637.9905999999999,3.8214864254062038,1.209741949778434,7,6,5,7,5,10,1,9,6,9,30,35,65,4,75
WESTSIDE MARAUDERS,22,270,10.955224947959731,7050,6314,1642,241,898,882,150,0.2600570161545771,1338,86,32,1383,566.0865855555555,1633.8007860000002,3.807757301943199,1.2210768206278029,4,3,2,6,8,9,6,10,8,7,23,40,63,5,75
BIG RED MACHINE,23,210,9.760528931514962,7528,6682,1659,263,934,920,116,0.24827895839568992,1168,71,59,1152,502.89321333333334,1456.0831,3.875033321917808,1.2466464897260274,10,5,6,1,1,6,8,6,5,5,23,30,53,6,75
BLUE SOCKS,18,270,9.331085170634875,6940,6276,1615,204,844,827,149,0.2573295092415551,903,58,29,922,361.34766333333334,1081.04639,3.601471727574751,1.1971720819490588,2,1,1,5,6,3,5,2,10,10,15,30,45,7,75
FREE AT LAST,22,228,8.177715612063235,7893,6936,1730,246,982,927,168,0.2494232987312572,1005,54,19,885,474.7625211111112,1314.3648799999999,4.251604666666667,1.307825751243781,5,9,8,8,2,2,2,1,2,2,32,9,41,8,75
FREE BIRDS,23,239,9.048361135748706,7382,6542,1648,234,886,886,121,0.2519107306634057,1301,78,27,1272,585.0047877777779,1633.1842900000001,4.046920130668717,1.2553299692544198,3,2,3,3,4,8,4,8,3,3,15,26,41,8,75
ERIE LAKERS,23,189,8.207386747652002,7282,6474,1689,249,919,910,120,0.2608897126969416,1143,64,24,984,543.12296,1531.68258,4.276558740157481,1.340054750656168,6,4,4,2,10,4,3,3,1,1,26,12,38,9,75
LOUISVILLE SLUGGERS,23,212,10.813245548198841,7648,6885,1787,260,966,936,170,0.2595497458242556,1120,71,49,1125,488.89429555555563,1374.48418,3.9286148750000005,1.2272180178571428,8,9,8,7,10,7,8,5,5,8,42,33,75,1,76
WESTSIDE MARAUDERS,23,267,11.014082605069982,7568,6730,1709,268,956,946,145,0.2539375928677563,1327,84,32,1358,573.1172822222222,1632.498696,3.8870049284099473,1.2302175553880936,10,8,9,5,5,10,5,10,6,7,37,38,75,1,76
MELONHEADS,23,267,10.282569689699933,7421,6589,1673,248,946,916,171,0.25390802853240246,1306,84,0,1301,550.0733066666667,1575.98272,3.7907042572741196,1.206724900459418,7,6,7,8,4,10,3,9,8,10,32,40,72,2,76
NATIONAL PASTIME,23,264,10.329495672804226,7461,6688,1721,237,913,885,146,0.25732655502392343,1281,81,52,1278,534.5318933333333,1578.5011800000002,3.755493395784543,1.2322413583138174,5,4,4,6,7,9,9,8,10,6,26,42,68,3,76
HOOSIERS,23,234,10.381986812513425,8004,7094,1778,266,1010,980,204,0.250634338877925,1150,70,49,1033,504.7491522222222,1462.64773,3.9502107565217393,1.2718675913043478,9,10,10,10,2,6,8,4,4,3,41,25,66,4,76
BIG RED MACHINE,23,212,9.776779202763992,7601,6734,1693,266,952,936,109,0.2514107514107514,1177,70,46,1127,503.89060444444453,1479.63924,3.853029260832626,1.2571276465590484,9,7,8,2,3,6,7,6,7,5,29,31,60,5,76
BLUE SOCKS,19,270,9.550519125641022,6933,6291,1632,203,846,830,170,0.25941821649976154,897,60,61,924,377.28080111111115,1089.32557,3.785426098104794,1.2144097770345597,2,1,2,7,9,5,10,2,9,9,21,35,56,6,76
FREE BIRDS,23,245,9.214895591974436,7306,6488,1649,235,879,889,120,0.2541615289765721,1284,80,27,1261,571.8625466666667,1624.82682,4.008382336448599,1.265441448598131,4,2,5,3,6,8,4,7,3,4,20,26,46,7,76
ERIE LAKERS,23,187,8.058704362720793,7277,6482,1680,241,911,893,126,0.2591792656587473,1024,57,52,924,474.4206822222221,1351.2488899999998,4.169713027343749,1.3195789941406249,6,3,6,4,8,4,9,2,1,1,27,17,44,8,76
FREE AT LAST,22,229,8.212804208297339,7291,6409,1599,226,917,857,173,0.24949290060851928,1100,60,33,1009,506.11564555555566,1408.7233199999998,4.1409461909090926,1.2806575636363635,3,5,3,9,1,5,6,3,2,2,21,18,39,9,76
WESTSIDE MARAUDERS,23,270,11.096541414216395,7477,6733,1757,245,937,925,157,0.2609535125501262,1251,78,59,1308,531.8515144444444,1515.2511560000003,3.8262698880895285,1.2112319392486013,5,7,8,5,10,8,8,9,7,9,35,41,76,1,77
LOUISVILLE SLUGGERS,23,218,11.003651737567711,7907,7125,1849,268,995,972,170,0.2595087719298246,962,63,86,1021,399.0247233333333,1181.85168,3.7330795322245325,1.2285360498960498,9,9,9,7,9,3,10,4,9,6,43,32,75,2,77
MELONHEADS,23,262,10.317673510538237,7388,6568,1659,246,934,908,174,0.25258830694275275,1287,81,19,1280,549.4975888888889,1567.0390699999998,3.8426404817404824,1.2175905749805749,6,6,6,8,4,9,5,8,6,8,30,36,66,3,77
HOOSIERS,23,230,10.63217546445563,8074,7164,1795,280,1021,1009,208,0.25055834729201565,1275,77,2,1148,565.44592,1651.76341,3.9913829647058825,1.2955007137254901,10,10,10,10,3,7,3,6,4,2,43,22,65,4,77
NATIONAL PASTIME,23,263,10.294856857317065,7391,6634,1712,237,907,883,143,0.25806451612903225,1220,76,82,1181,516.0905044444445,1488.7142800000001,3.8072250327868855,1.2202576065573771,3,3,3,4,7,6,9,7,8,7,20,37,57,5,77
BIG RED MACHINE,23,201,9.665681057218961,7294,6466,1602,261,910,904,119,0.2477575007732756,1220,73,59,1148,523.17917,1541.8354800000002,3.859518467213115,1.263799573770492,8,4,5,2,2,5,8,6,5,4,21,28,49,6,77
BLUE SOCKS,17,270,9.117804433377271,6940,6257,1612,213,855,839,175,0.25763145277289434,672,47,29,747,272.1833977777778,792.95328,3.6453133630952386,1.1799899999999999,1,1,1,9,6,1,6,2,10,10,18,29,47,7,77
FREE AT LAST,22,228,8.27490094335431,7788,6837,1686,250,974,918,160,0.24659938569548048,967,57,41,851,451.8329,1245.67284,4.205270010341262,1.2881828748707342,7,8,7,6,1,2,7,3,2,3,29,17,46,8,77
FREE BIRDS,23,243,8.974088818818155,7193,6352,1629,219,876,854,123,0.2564546599496222,1347,83,0,1357,601.1066233333333,1692.9014300000001,4.016302605790646,1.2567939346696364,2,2,2,3,5,10,2,10,3,5,14,30,44,9,77
ERIE LAKERS,23,189,8.164457640988003,7387,6545,1692,242,929,902,116,0.2585179526355997,1207,65,16,1042,568.7963544444444,1589.5730399999998,4.241232137531068,1.316961922120961,4,5,4,1,8,4,4,5,1,1,22,15,37,10,77
LOUISVILLE SLUGGERS,23,202,10.776893802368143,7666,6889,1796,250,978,922,181,0.26070547249237913,1191,73,36,1185,520.68211,1481.77046,3.9346255163727957,1.2441397649034425,6,9,6,9,10,6,5,6,5,6,40,28,68,1,78
MELONHEADS,23,260,10.242554488371324,7331,6513,1630,257,934,911,164,0.2502686933824658,1345,86,0,1312,566.2043722222222,1632.40431,3.788728141263941,1.213683501858736,8,6,5,8,3,10,2,8,9,9,30,38,68,1,78
NATIONAL PASTIME,23,263,10.446604349429215,7626,6834,1742,260,940,933,144,0.2549019607843137,1050,67,109,1060,452.6480655555556,1282.1952700000002,3.8798405619047625,1.2211383523809525,9,7,9,5,5,5,10,4,6,7,35,32,67,2,78
HOOSIERS,23,228,10.338692574303657,7987,7069,1773,257,1003,957,224,0.2508134106662894,1277,79,2,1191,570.4137688888889,1641.8968799999998,4.020144025058731,1.2857454032889584,8,10,10,10,4,7,3,7,3,2,42,22,64,3,78
WESTSIDE MARAUDERS,22,270,11.054344396731123,7232,6453,1663,246,918,899,133,0.2577095924376259,1295,81,51,1319,546.8011799999999,1575.745096,3.800162640926641,1.21679157992278,5,4,4,3,6,8,7,9,8,8,22,40,62,4,78
BIG RED MACHINE,23,209,9.781329336366833,7619,6765,1692,266,943,930,124,0.2501108647450111,1172,73,59,1117,502.78681222222224,1488.97934,3.860990878839591,1.2704601877133106,10,8,8,2,2,6,8,5,7,4,30,30,60,5,78
FREE BIRDS,23,247,9.163633667559841,7389,6539,1689,218,898,880,135,0.25829637559259827,1345,82,0,1332,611.9487044444445,1691.4752,4.094824044609666,1.2576023791821562,3,3,3,4,7,9,2,10,2,5,20,28,48,6,78
BLUE SOCKS,17,270,9.112497423192282,6870,6244,1613,209,831,837,145,0.25832799487508007,740,49,29,776,291.5907266666667,860.92304,3.546373702702703,1.1634095135135136,2,1,1,6,8,2,4,1,10,10,18,27,45,7,78
ERIE LAKERS,23,196,8.363047628663256,7401,6573,1707,254,932,925,118,0.25969876768598815,1024,54,60,902,483.1145222222222,1355.6587499999998,4.24612373046875,1.3238854980468748,7,5,7,1,9,3,9,2,1,1,29,16,45,7,78
FREE AT LAST,22,234,8.157938200530825,7144,6287,1558,229,897,850,161,0.24781294735167805,1058,62,47,976,467.6323666666667,1356.9545,3.9779690926275997,1.2825656899810964,4,2,2,7,1,4,6,3,4,3,16,20,36,8,78
WESTSIDE MARAUDERS,23,265,11.22211676177803,7813,6953,1785,260,994,950,155,0.2567237163814181,1360,85,32,1324,596.3906255555555,1679.4856360000001,3.9467026691176468,1.2349159088235295,8,9,9,5,7,10,6,9,4,8,38,37,75,1,79
LOUISVILLE SLUGGERS,23,205,10.760728756632966,7676,6914,1810,252,972,930,175,0.26178767717674284,1116,66,52,1140,480.0508655555556,1378.5426999999997,3.871377948028674,1.235253315412186,7,8,7,9,10,4,8,6,6,7,41,31,72,2,79
NATIONAL PASTIME,23,263,10.55446745123851,7835,7037,1795,263,952,948,141,0.25508028989626264,1209,79,52,1181,519.5060844444445,1499.84616,3.867290951199338,1.2405675434243177,9,7,8,4,5,8,8,7,7,6,33,36,69,3,79
MELONHEADS,23,261,10.248632757480431,7274,6483,1648,246,921,908,162,0.2542033009409224,1259,78,27,1278,535.3224911111112,1505.89344,3.826769197776013,1.1961028117553614,5,5,4,8,4,7,4,8,9,10,26,38,64,4,79
HOOSIERS,23,237,10.39712488944284,7977,7084,1784,260,1004,974,228,0.2518351214003388,1177,74,14,1115,506.34027000000003,1508.4496,3.8717607731520816,1.281605437553101,8,10,10,10,3,6,3,5,5,3,41,22,63,5,79
BIG RED MACHINE,23,210,9.770982235183645,7528,6682,1659,266,932,923,106,0.24827895839568992,1119,68,86,1067,476.70571333333334,1396.36137,3.8340942091152814,1.2478653887399465,10,6,6,1,2,5,10,4,8,5,25,32,57,6,79
BLUE SOCKS,18,270,9.174532937361446,6751,6100,1568,208,827,816,160,0.25704918032786883,893,59,29,901,357.7389166666667,1070.24693,3.6054314109742442,1.198484804031355,2,1,1,7,8,2,5,1,10,9,19,27,46,7,79
FREE BIRDS,23,242,9.131446744298973,7284,6438,1650,220,887,873,134,0.25629077353215285,1395,84,0,1348,632.3422800000001,1755.76564,4.079627612903226,1.2586133620071684,3,2,3,3,6,9,2,10,3,4,17,28,45,8,79
ERIE LAKERS,23,202,8.280849116936455,7263,6461,1682,250,918,909,123,0.26033121807769694,985,57,46,933,454.2671233333333,1281.7672499999999,4.1506640710659894,1.3012865482233502,6,4,5,2,9,1,7,2,1,1,26,12,38,9,79
FREE AT LAST,22,231,8.13165223253492,7165,6287,1555,228,897,848,156,0.24733577222840783,1021,61,63,945,464.8381600000001,1322.8167,4.097496023506367,1.2956089128305583,4,3,2,6,1,3,9,3,2,2,16,19,35,10,79
WESTSIDE MARAUDERS,23,270,10.983227066876522,7253,6459,1656,266,929,924,134,0.2563864375290293,1316,84,43,1323,553.9213555555556,1610.1442960000004,3.7882159574468086,1.2235139027355626,8,5,7,4,5,10,7,10,8,7,29,42,71,1,80
MELONHEADS,23,263,10.427797683200312,7566,6719,1679,257,960,924,187,0.24988837624646526,1261,81,14,1253,531.685048888889,1521.32405,3.794738651863601,1.206442545598731,6,8,7,9,2,9,3,8,7,9,32,36,68,2,80
LOUISVILLE SLUGGERS,23,209,10.716890458592868,7673,6887,1776,271,984,951,165,0.25787715986641496,1130,69,38,1153,493.2589544444445,1410.9433499999998,3.9286111415929206,1.2486224336283185,10,9,9,7,8,4,5,4,6,5,43,24,67,3,80
NATIONAL PASTIME,23,270,10.426243679054638,7528,6738,1733,243,923,900,136,0.25719798159691304,1184,75,79,1203,494.4346966666667,1437.0920700000001,3.7583718496621628,1.2137601942567569,4,4,5,5,6,5,10,7,9,8,24,39,63,4,80
HOOSIERS,23,224,10.356510047314995,7945,7071,1775,267,997,987,209,0.2510253146655353,1345,80,0,1194,618.25474,1739.88616,4.137020565055762,1.2935956579925652,9,10,10,10,3,8,2,6,2,2,42,20,62,5,80
BIG RED MACHINE,23,209,9.815386475639727,7622,6768,1703,263,947,942,134,0.2516252955082742,1266,76,27,1181,557.57475,1603.3548200000002,3.96380154028436,1.266473001579779,7,7,8,4,4,6,4,5,4,4,30,23,53,6,80
BLUE SOCKS,18,270,9.405522517076527,6933,6291,1632,203,846,830,170,0.25941821649976154,767,51,61,814,312.1551477777778,921.55223,3.6628374576271194,1.201502255541069,1,1,2,8,10,1,8,1,10,10,22,30,52,7,80
FREE BIRDS,23,254,9.153327627230807,7256,6458,1665,218,882,868,127,0.25781975843914523,1233,77,27,1270,540.9056377777779,1532.61032,3.948216334144364,1.2429929602595295,2,2,4,3,7,7,4,9,5,6,18,31,49,8,80
ERIE LAKERS,23,193,8.263674315994688,7492,6637,1714,246,938,914,117,0.25824920897996084,943,54,71,863,425.16317111111107,1238.69483,4.057760911983033,1.3135682184517496,5,6,6,2,9,2,9,2,3,1,28,17,45,9,80
FREE AT LAST,22,225,8.207895800713096,7333,6415,1599,230,908,853,145,0.24925954793452845,1132,64,41,999,522.7687755555555,1461.82904,4.156288851590106,1.291368409893993,3,3,3,6,1,3,6,3,1,3,16,16,32,10,80
WESTSIDE MARAUDERS,23,270,10.880908572911533,7435,6615,1708,251,948,920,146,0.2582010582010582,1319,84,32,1362,566.9803722222222,1606.072736,3.868706103108415,1.217644227445034,8,8,7,6,7,10,6,10,8,8,36,42,78,1,81
LOUISVILLE SLUGGERS,23,211,10.6707445773714,7616,6874,1800,253,989,939,207,0.2618562700029095,1068,65,52,1076,462.0072411111111,1346.7468999999999,3.893319447565543,1.260998970037453,9,9,9,9,10,4,7,3,6,4,46,24,70,2,81
HOOSIERS,23,231,10.222767799281302,7851,6961,1755,249,995,938,217,0.25211894842695015,1200,75,13,1148,517.13161,1507.1305899999998,3.8784870750000007,1.2559421583333332,7,10,8,10,4,7,2,5,7,6,39,27,66,3,81
NATIONAL PASTIME,23,268,10.409596220519433,7531,6745,1732,242,918,894,141,0.25678280207561155,1189,75,82,1183,503.5664944444445,1444.02555,3.811689192598823,1.2144874264087469,5,4,3,5,6,7,10,6,10,9,23,42,65,4,81
MELONHEADS,23,261,10.224341490268738,7328,6514,1637,247,925,901,157,0.2513048817930611,1295,80,19,1293,548.5964522222223,1552.69122,3.812639436293437,1.1989893590733591,6,5,4,7,2,9,3,9,9,10,24,40,64,5,81
BIG RED MACHINE,23,211,9.794260526577304,7622,6768,1703,266,945,945,124,0.2516252955082742,1240,74,27,1195,542.3814411111111,1560.0870700000003,3.936639491935484,1.2581347338709679,10,7,10,4,3,6,4,7,4,5,34,26,60,6,81
BLUE SOCKS,21,270,9.964825141352506,7493,6800,1757,223,904,905,170,0.25838235294117645,1142,73,29,1087,497.0699911111111,1416.32956,3.9173642031523643,1.2402185288966725,2,3,6,8,8,5,5,4,5,7,27,26,53,7,81
ERIE LAKERS,23,196,8.188696802336766,7443,6596,1717,253,937,920,117,0.2603092783505155,925,53,59,850,426.0256422222222,1225.37918,4.145114356756757,1.3247342486486486,9,6,7,3,9,2,8,1,1,1,34,13,47,8,81
FREE BIRDS,23,248,9.23037228820745,7299,6492,1642,241,885,902,114,0.2529266789895256,1304,79,27,1271,576.0182777777778,1648.6516000000001,3.9755862730061358,1.2643033742331289,4,2,5,2,5,8,4,8,3,3,18,26,44,9,81
FREE AT LAST,22,225,7.968922983004208,7109,6222,1519,232,880,833,146,0.24413371906139505,1046,63,73,939,470.0070477777778,1350.05636,4.044037695984704,1.2906848565965583,3,1,2,6,1,3,9,2,2,2,13,18,31,10,81
LOUISVILLE SLUGGERS,23,224,10.787706327753343,7688,6930,1832,241,983,924,183,0.26435786435786435,961,58,110,1005,414.47037,1180.4651000000001,3.881616368366285,1.2283715920915714,4,9,8,9,10,4,10,4,7,6,40,31,71,1,82
NATIONAL PASTIME,23,267,10.474100375963479,7548,6743,1722,254,929,925,138,0.25537594542488506,1277,81,52,1210,538.9134133333333,1567.81592,3.7981368206734536,1.2277336883320282,8,5,9,4,6,8,7,7,9,7,32,38,70,2,82
WESTSIDE MARAUDERS,23,263,11.073928773675252,7372,6626,1717,249,927,915,156,0.2591306972532448,1398,88,32,1379,604.5068688888888,1706.649936,3.8916751216022885,1.2207796394849786,6,4,5,5,9,10,6,10,6,8,29,40,69,3,82
HOOSIERS,23,241,10.634077223296625,7988,7073,1767,272,1016,992,221,0.24982327159621096,1087,65,65,1000,477.52824111111113,1395.3105,3.953775685372585,1.283634314627415,10,10,10,10,3,6,9,3,4,2,43,24,67,4,82
MELONHEADS,23,257,10.194889242105658,7304,6488,1643,253,931,912,163,0.2532367447595561,1297,83,0,1316,554.377818888889,1574.59923,3.846877694680032,1.2140317887432537,7,6,4,7,4,9,2,8,8,9,28,36,64,5,82
BIG RED MACHINE,23,202,9.757120019814709,7528,6682,1659,263,934,920,116,0.24827895839568992,1203,74,59,1136,520.6399922222222,1520.5505600000001,3.8950622859517874,1.263965552784705,9,7,7,2,1,7,8,6,5,4,26,30,56,6,82
BLUE SOCKS,17,270,9.117804433377271,6940,6257,1612,213,855,839,175,0.25763145277289434,672,47,29,747,272.1833977777778,792.95328,3.6453133630952386,1.1799899999999999,1,1,1,8,7,3,4,1,10,10,18,28,46,7,82
ERIE LAKERS,23,189,8.185717545568304,7511,6672,1725,247,936,918,118,0.2585431654676259,1116,65,24,962,519.4804311111111,1493.1682599999997,4.1893583154121865,1.3379643906810033,5,8,6,3,8,6,3,2,1,1,30,13,43,8,82
FREE BIRDS,23,241,9.265043172466202,7578,6715,1701,236,904,894,109,0.25331347728965004,1381,83,0,1343,619.5148244444445,1728.4268600000003,4.037388428674873,1.2515762925416367,3,2,3,1,5,9,2,9,2,5,14,27,41,9,82
FREE AT LAST,22,235,8.13870853039463,7214,6340,1575,227,905,849,161,0.24842271293375395,1053,61,30,1047,467.0732400000001,1338.7886,3.9920789743589755,1.2714041785375119,2,3,2,6,2,5,5,5,3,3,15,21,36,10,82
LOUISVILLE SLUGGERS,23,210,10.720537439124474,7459,6702,1747,250,947,909,168,0.2606684571769621,1020,69,80,1085,429.06771444444445,1261.0929099999998,3.785891598039216,1.2363655980392156,6,8,5,8,10,6,10,4,8,6,37,34,71,1,83
MELONHEADS,23,265,10.379204943619868,7533,6719,1722,245,950,926,158,0.25628813811579104,1199,76,46,1171,500.90756888888893,1450.78277,3.7599400500417017,1.209993969974979,4,9,7,7,5,8,6,6,10,9,32,39,71,1,83
NATIONAL PASTIME,23,270,10.551790504971835,7632,6860,1760,254,939,927,151,0.2565597667638484,1186,76,52,1239,508.3388255555556,1448.1903000000002,3.8575458937605402,1.2210710792580104,7,6,8,5,7,8,7,8,6,7,33,36,69,2,83
WESTSIDE MARAUDERS,21,270,10.894795559108799,6721,5972,1531,256,868,869,128,0.2563630274614869,1215,77,70,1250,516.2715822222222,1459.4993160000001,3.8242339423868303,1.2012340049382717,8,2,4,4,6,9,9,9,7,10,24,44,68,3,83
HOOSIERS,23,241,10.380630799304356,8145,7225,1819,268,1029,1002,221,0.25176470588235295,1227,73,2,1114,550.9750655555555,1561.57352,4.041381898940505,1.2726760554197227,10,10,10,10,3,7,2,5,3,3,43,20,63,4,83
BIG RED MACHINE,23,208,9.800524369945935,7622,6768,1703,266,945,945,124,0.2516252955082742,1268,77,27,1172,553.8370422222222,1607.20468,3.9310200157728707,1.2675115772870662,9,7,9,3,2,9,3,7,5,4,30,28,58,5,83
BLUE SOCKS,19,270,9.550519125641022,6933,6291,1632,203,846,830,170,0.25941821649976154,897,60,61,924,377.28080111111115,1089.32557,3.785426098104794,1.2144097770345597,1,1,1,9,9,4,8,1,9,8,21,30,51,6,83
FREE BIRDS,23,256,9.345033672933228,7386,6538,1654,228,888,868,123,0.2529825634750688,1424,86,0,1386,625.4219355555556,1772.9853600000001,3.9528071769662927,1.245073988764045,2,3,3,2,4,10,1,10,4,5,14,30,44,7,83
ERIE LAKERS,23,182,8.136976976191216,7473,6624,1707,247,937,913,120,0.25769927536231885,1127,62,30,962,527.5713211111112,1505.55737,4.213080647737357,1.3358982874889087,5,5,6,1,8,5,4,2,1,1,25,13,38,8,83
FREE AT LAST,22,219,8.181331481038635,7298,6384,1567,238,919,861,156,0.24545739348370926,1125,62,33,1040,511.8037511111112,1460.0413899999999,4.09443000888889,1.2978145688888887,3,4,2,6,1,5,5,3,2,2,16,17,33,9,83
LOUISVILLE SLUGGERS,23,215,10.883487875666104,7569,6821,1771,261,969,945,187,0.25963934906905145,960,60,107,1003,414.3876911111111,1178.59187,3.8848846041666665,1.2276998645833332,9,9,10,8,9,4,10,4,5,7,45,30,75,1,84
WESTSIDE MARAUDERS,23,263,10.923862618788252,7526,6728,1720,260,949,930,142,0.2556480380499406,1322,85,32,1357,556.4474977777777,1628.632826,3.7882204841149765,1.2319461618759455,8,8,7,5,6,10,5,10,8,6,34,39,73,2,84
HOOSIERS,23,231,10.330131443265152,7736,6820,1697,260,984,944,202,0.24882697947214077,1156,72,49,1099,503.5590277777777,1476.57288,3.9204422577854663,1.2773121799307958,8,10,9,10,1,7,8,5,4,3,38,27,65,3,84
MELONHEADS,23,263,10.229905664722194,7223,6439,1624,254,914,910,165,0.25221307656468395,1319,83,0,1320,559.6292133333334,1571.55839,3.8185465655799855,1.1914771721000756,7,3,5,7,4,9,2,8,7,10,26,36,62,4,84
NATIONAL PASTIME,21,270,10.31100746773695,6756,6078,1580,215,830,810,143,0.25995393221454427,1209,77,84,1194,504.54520333333335,1469.32085,3.755919627791563,1.2153191480562449,2,1,1,6,10,8,9,7,9,8,20,41,61,5,84
BIG RED MACHINE,23,209,9.772784278751493,7531,6667,1675,267,945,935,118,0.25123743812809357,1228,72,46,1150,525.90525,1556.03068,3.8543544381107493,1.2671259609120522,10,7,8,1,2,7,7,6,6,4,28,30,58,6,84
BLUE SOCKS,18,270,9.529614128267294,7409,6681,1722,224,922,894,198,0.2577458464301751,693,47,29,708,286.33136111111116,838.09293,3.718589105339106,1.2093693073593075,3,5,4,9,8,3,4,1,10,9,29,27,56,7,84
FREE BIRDS,23,241,9.251106702110526,7505,6645,1693,229,904,885,129,0.25477802859292703,1364,83,0,1350,619.81827,1711.07691,4.089709992668621,1.2544552126099706,4,2,2,4,5,9,2,9,3,5,17,28,45,8,84
ERIE LAKERS,23,195,8.09596570927355,7444,6598,1696,246,934,911,119,0.2570475901788421,1144,66,13,991,533.1715622222222,1499.73544,4.19453152097902,1.3109575524475523,6,6,6,2,7,6,3,3,1,1,27,14,41,9,84
FREE AT LAST,22,221,8.178980988349307,7515,6642,1670,233,916,889,128,0.25143029208069856,1072,61,33,990,493.2151322222223,1389.62495,4.140798684701493,1.296291930970149,5,4,3,3,3,5,6,2,2,2,18,17,35,10,84
WESTSIDE MARAUDERS,23,262,11.130509742030622,7547,6748,1723,260,948,939,139,0.255334914048607,1264,80,59,1281,536.837941111111,1535.839556,3.8224220490506324,1.2150629398734176,9,8,9,5,7,8,8,9,7,9,38,41,79,1,85
HOOSIERS,23,236,10.305921816972676,7788,6865,1724,255,997,938,212,0.25112891478514204,1192,78,14,1162,504.42227999999994,1486.7011699999998,3.808557483221476,1.2472325251677852,8,10,8,10,3,7,3,7,8,6,39,31,70,2,85
NATIONAL PASTIME,23,258,10.424922047338928,7674,6868,1750,269,944,958,139,0.25480489225393127,1150,75,63,1122,493.0717744444445,1436.18563,3.858822582608696,1.2488570695652172,10,7,10,5,6,6,9,5,6,5,38,31,69,3,85
MELONHEADS,23,265,10.405995979814557,7426,6615,1685,244,938,909,181,0.254724111866969,1283,81,19,1260,538.5240866666668,1561.76935,3.7776436321122375,1.2172793063133283,6,6,5,8,5,9,4,8,9,8,30,38,68,4,85
LOUISVILLE SLUGGERS,23,229,10.788258596933119,7760,6997,1846,246,993,936,184,0.2638273545805345,1009,60,95,1018,447.0167055555556,1250.6120999999998,3.9872649653121908,1.2394569871159562,7,9,6,9,10,2,10,3,4,7,41,26,67,5,85
BIG RED MACHINE,23,206,9.778093806613251,7580,6732,1663,269,931,937,121,0.2470291146761735,1224,73,59,1140,529.3498966666666,1533.4931800000002,3.8922786519607837,1.2528539052287584,10,5,7,4,1,5,8,6,5,4,27,28,55,6,85
BLUE SOCKS,17,270,9.026310036006912,6317,5701,1468,199,782,771,150,0.25749868444132606,903,58,29,922,361.34766333333334,1081.04639,3.601471727574751,1.1971720819490588,2,1,1,6,8,1,6,1,10,10,18,28,46,7,85
FREE BIRDS,23,240,9.158917692767716,7386,6563,1665,234,901,890,139,0.2536949565747372,1350,82,0,1319,614.9515244444445,1710.6306800000002,4.09967682962963,1.2671338370370373,4,2,3,5,4,10,2,10,3,3,18,28,46,7,85
ERIE LAKERS,23,198,8.260399542374744,7300,6490,1708,238,914,901,111,0.26317411402157165,1100,63,24,985,507.1782355555555,1452.7151299999998,4.1496401090909085,1.320650118181818,5,3,4,3,9,4,5,2,2,1,24,14,38,8,85
FREE AT LAST,22,228,8.163391310083766,7361,6459,1602,231,917,856,153,0.24802601021830004,1089,61,39,1031,507.61484222222225,1398.94736,4.195163985307622,1.2846164921946739,3,4,2,7,2,3,7,4,1,2,18,17,35,9,85
LOUISVILLE SLUGGERS,23,209,10.764158495173685,7645,6846,1784,253,980,920,168,0.2605901256208005,968,62,99,1031,411.2061177777778,1194.2006900000001,3.823197376033058,1.2336783987603308,8,9,8,8,10,5,10,3,8,6,43,32,75,1,86
MELONHEADS,23,260,10.350111964537941,7344,6543,1650,253,929,917,164,0.2521779000458505,1281,80,19,1291,538.9921400000001,1541.8620099999998,3.7868300234192045,1.203639352068696,8,7,7,7,5,9,2,9,9,10,34,39,73,2,86
WESTSIDE MARAUDERS,23,265,10.77932649184332,7274,6513,1676,250,923,908,158,0.25733149086442497,1323,84,32,1366,562.9799911111111,1621.5866560000004,3.829795857898715,1.2256890823885114,7,5,6,6,6,10,5,10,7,7,30,39,69,3,86
HOOSIERS,23,231,10.335840789459317,7963,7048,1773,260,1015,971,215,0.25156072644721905,1168,72,33,1086,499.37522,1501.92877,3.8479254965753427,1.285897919520548,9,10,10,10,3,6,6,4,6,3,42,25,67,4,86
NATIONAL PASTIME,23,268,10.492887469249352,7562,6779,1765,236,928,908,148,0.2603628853813247,1306,80,52,1225,563.4687333333334,1597.72036,3.883015773353752,1.2233693415007658,4,6,6,5,9,9,8,7,5,8,30,37,67,4,86
BIG RED MACHINE,23,204,9.797489454948852,7573,6724,1668,268,934,930,121,0.2480666270077335,1213,73,59,1157,524.2487388888889,1531.35002,3.8897268342951357,1.262448491343776,10,8,9,3,1,7,9,6,4,4,31,30,61,5,86
BLUE SOCKS,18,270,9.529614128267294,7409,6681,1722,224,922,894,198,0.2577458464301751,693,47,29,708,286.33136111111116,838.09293,3.718589105339106,1.2093693073593075,2,4,3,9,7,3,4,1,10,9,25,27,52,6,86
FREE BIRDS,23,259,9.33639897227661,7463,6610,1666,241,901,897,121,0.2520423600605144,1233,77,27,1270,540.9056377777779,1532.61032,3.948216334144364,1.2429929602595295,5,3,4,3,4,8,3,8,3,5,19,27,46,7,86
ERIE LAKERS,23,196,8.113829820807615,7392,6573,1707,242,923,903,120,0.25969876768598815,1021,57,51,921,484.3942611111111,1338.00937,4.2698808521057785,1.3104890989226248,6,5,5,2,8,4,7,2,1,1,26,15,41,8,86
FREE AT LAST,22,217,8.154592183059648,7333,6483,1613,235,894,873,134,0.2488045657874441,1269,73,0,1098,593.5988166666667,1650.1322400000001,4.209920685579196,1.3003406146572105,3,2,2,4,2,7,1,5,2,2,13,17,30,9,86
WESTSIDE MARAUDERS,23,270,11.213687769116929,7582,6719,1709,276,974,950,158,0.25435332638785535,1354,85,32,1318,575.6522155555555,1666.5171760000003,3.8263441211225993,1.2308103220088629,10,8,7,7,5,10,6,9,7,8,37,40,77,1,87
MELONHEADS,23,259,10.456931084059134,7685,6834,1726,256,971,934,163,0.25256072578285044,1209,74,41,1205,508.30918222222226,1473.9527199999998,3.7839393217535156,1.2191503060380477,7,7,6,8,4,9,7,8,9,9,32,42,74,2,87
LOUISVILLE SLUGGERS,23,206,10.818514363476378,7676,6908,1790,262,986,952,180,0.25911986103068907,1138,71,66,1088,500.95285,1462.6899599999997,3.9618415202108963,1.2853163093145867,9,9,9,9,9,8,9,4,4,1,45,26,71,3,87
HOOSIERS,23,246,10.341771577600841,7919,7023,1761,258,997,967,221,0.25074754378470737,1169,74,27,1090,513.4394077777778,1462.14529,3.9529124636441404,1.250765859709153,8,10,10,10,2,9,4,5,6,5,40,29,69,4,87
NATIONAL PASTIME,23,264,10.566917243588613,7765,6976,1813,254,954,951,147,0.25989105504587157,1125,69,79,1109,498.92818888888894,1388.8354800000002,3.9914255111111117,1.2345204266666667,6,6,8,5,10,7,10,6,3,7,35,33,68,5,87
BIG RED MACHINE,23,222,9.757482159306003,7367,6553,1653,251,923,904,144,0.252250877460705,1149,71,59,1147,488.06653,1425.7942,3.8229754308093993,1.240900087032202,5,4,5,4,3,8,8,7,8,6,21,37,58,6,87
BLUE SOCKS,17,270,9.026310036006912,6317,5701,1468,199,782,771,150,0.25749868444132606,903,58,29,922,361.34766333333334,1081.04639,3.601471727574751,1.1971720819490588,1,1,1,6,7,4,5,1,10,10,16,30,46,7,87
ERIE LAKERS,23,199,8.231194222809915,7400,6551,1692,239,924,895,116,0.25828117844603876,946,59,41,958,415.82690777777776,1215.6922399999999,3.956069947145877,1.2850869344608877,4,5,4,2,8,5,7,2,5,2,23,21,44,8,87
FREE BIRDS,23,242,9.290146553450958,7522,6657,1695,234,909,894,114,0.25461919783686343,1380,85,0,1341,616.8738644444445,1742.0986,4.023090420289856,1.2623902898550725,2,3,3,1,6,10,3,10,2,4,15,29,44,8,87
FREE AT LAST,22,224,8.219107391996543,7333,6483,1613,235,894,873,134,0.2488045657874441,1161,65,27,1054,544.10572,1480.40337,4.217873798449612,1.2751105684754522,3,2,2,3,1,6,4,3,1,3,11,17,28,9,87
WESTSIDE MARAUDERS,22,270,11.111689182630748,7134,6371,1633,261,909,909,140,0.2563176895306859,1304,82,51,1308,549.7360822222222,1585.2856160000001,3.794190751533742,1.215709828220859,8,4,6,5,6,9,7,9,8,8,29,41,70,1,88
LOUISVILLE SLUGGERS,23,207,10.765725751220979,7568,6782,1754,259,979,931,165,0.25862577410793275,1078,68,77,1070,467.23797222222225,1333.53076,3.9008736085343236,1.2370415213358072,7,8,8,7,8,5,9,4,5,6,38,29,67,2,88
MELONHEADS,23,256,10.444404234011591,7433,6657,1696,247,932,923,163,0.2547694156526964,1370,86,0,1337,585.7719177777778,1669.43499,3.8481366861313875,1.218565686131387,6,6,7,6,5,10,3,10,7,7,30,37,67,2,88
HOOSIERS,23,227,10.420109629650854,7949,7037,1753,273,1006,988,214,0.24911183743072332,1344,79,0,1176,610.9542155555556,1739.28874,4.091211264880952,1.2941136458333333,10,10,10,10,1,8,3,6,2,3,41,22,63,3,88
BIG RED MACHINE,23,214,9.86645064715523,7692,6823,1702,269,961,943,124,0.24945038839220285,1248,75,27,1208,535.6084266666667,1573.25771,3.862560769230769,1.2606231650641027,9,7,9,3,2,7,5,7,6,4,30,29,59,4,88
NATIONAL PASTIME,21,270,10.307566916145701,6761,6079,1583,213,825,806,129,0.26040467182102317,1116,70,111,1124,464.64951,1345.5676700000001,3.7471734677419355,1.2057057974910395,2,1,2,4,10,6,10,5,10,9,19,40,59,4,88
BLUE SOCKS,18,270,9.24286848393713,6926,6251,1616,208,854,835,172,0.2585186370180771,812,55,29,878,340.9177977777778,971.52608,3.7786455418719216,1.1964606896551724,1,2,3,9,7,3,6,2,9,10,22,30,52,5,88
FREE AT LAST,22,232,8.265258491351778,7949,6986,1746,246,983,923,169,0.24992842828514172,857,50,52,783,385.9116344444445,1124.0087999999998,4.0527476196032675,1.3115621936989497,5,9,7,8,3,2,8,1,3,1,32,15,47,6,88
FREE BIRDS,23,249,9.30425971753944,7333,6493,1642,240,881,893,119,0.2528877252425689,1271,79,27,1280,567.025158888889,1589.19552,4.015127010228167,1.2503505271439812,3,3,4,2,4,8,5,8,4,5,16,30,46,7,88
ERIE LAKERS,23,188,8.066995315009128,7373,6538,1696,241,925,899,119,0.2594065463444478,1097,62,19,1006,506.0099133333333,1436.9069599999998,4.1514031175934365,1.3098513764813124,4,5,5,2,9,4,4,3,1,2,25,14,39,8,88
WESTSIDE MARAUDERS,23,261,11.123068522659699,7764,6947,1775,264,966,959,146,0.255505973801641,1343,85,32,1335,580.5659022222222,1654.0019160000002,3.8906128965003726,1.2315725361131795,9,8,9,5,5,9,5,10,6,8,36,38,74,1,89
LOUISVILLE SLUGGERS,23,225,10.76539603790716,7732,6922,1814,250,995,927,185,0.2620629875758451,909,57,113,969,381.2984566666667,1124.89447,3.7752322442244233,1.2375076677667767,5,9,6,9,10,1,10,3,9,7,39,30,69,2,89
MELONHEADS,23,255,10.365215859467327,7394,6575,1650,256,940,920,162,0.2509505703422053,1386,86,0,1331,596.7837233333333,1682.228,3.8752189826839825,1.2137287157287158,7,6,5,8,3,10,2,9,7,9,29,37,66,3,89
HOOSIERS,23,236,10.359577873953077,7998,7103,1778,271,1009,995,209,0.25031676756300153,1136,72,24,1088,494.93066444444446,1435.27858,3.921105616197183,1.263449454225352,10,10,10,10,2,6,3,5,4,3,42,21,63,4,89
NATIONAL PASTIME,23,259,10.464174391150282,7664,6885,1769,255,939,928,145,0.2569353667392883,1216,80,52,1204,521.0444077777778,1523.17627,3.8564142023026315,1.2526120641447367,6,5,7,4,6,8,7,7,8,5,28,35,63,4,89
BIG RED MACHINE,23,215,9.843623354083824,7594,6754,1701,262,947,938,128,0.2518507551080841,1164,70,54,1080,505.75897222222227,1458.64271,3.910507517182131,1.2531294759450173,8,7,8,2,4,5,8,4,5,4,29,26,55,5,89
FREE BIRDS,23,255,9.108143370087754,7162,6362,1635,207,862,838,148,0.25699465576862623,1205,75,59,1210,528.4763811111112,1501.18809,3.947126497925312,1.2457992448132782,2,2,2,6,7,7,9,8,3,6,19,33,52,6,89
BLUE SOCKS,17,270,9.026310036006912,6317,5701,1468,199,782,771,150,0.25749868444132606,903,58,29,922,361.34766333333334,1081.04639,3.601471727574751,1.1971720819490588,1,1,1,7,8,2,4,1,10,10,18,27,45,7,89
ERIE LAKERS,23,197,8.307315105997061,7328,6500,1692,246,919,907,114,0.2603076923076923,1092,60,38,940,499.32723444444446,1440.6979500000002,4.11533434981685,1.3193204670329672,4,4,4,1,9,3,6,2,2,1,22,14,36,8,89
FREE AT LAST,22,221,8.136442537387973,7284,6378,1571,236,916,860,143,0.24631545939165883,1210,68,0,1161,570.7815444444444,1546.7861699999999,4.24548256198347,1.2783356776859502,3,3,3,3,1,4,2,6,1,2,13,15,28,9,89
WESTSIDE MARAUDERS,23,269,10.855797689213922,7393,6583,1683,256,936,921,144,0.25565851435515724,1338,84,32,1376,573.5058266666666,1618.1581360000002,3.857662511210762,1.2093857518684605,8,7,7,6,7,10,6,10,6,9,35,41,76,1,90
LOUISVILLE SLUGGERS,23,212,10.856297778995405,8015,7210,1891,262,1018,967,176,0.2622746185852982,1023,63,66,1022,437.4475744444445,1279.58505,3.8485123851417407,1.250816275659824,9,10,10,8,10,4,8,3,7,6,47,28,75,2,90
NATIONAL PASTIME,23,270,10.44152529716117,7541,6739,1719,246,926,895,136,0.25508235643270516,1187,76,84,1199,494.6840188888889,1438.0061600000001,3.750763411962932,1.211462645324347,6,6,5,4,6,6,10,6,9,7,27,38,65,3,90
HOOSIERS,23,229,10.336239076224262,7799,6897,1737,248,990,943,225,0.2518486298390605,1298,79,0,1221,575.6903833333333,1647.3462399999999,3.991689869029276,1.269141941448382,7,9,9,10,4,8,2,7,4,4,39,25,64,4,90
MELONHEADS,23,261,10.21305410676506,7281,6495,1650,245,919,907,161,0.2540415704387991,1277,80,19,1304,537.9370666666667,1545.78956,3.791255755677369,1.2104851683633515,5,4,6,7,5,9,3,9,8,8,27,37,64,4,90
BLUE SOCKS,18,270,9.529614128267294,7409,6681,1722,224,922,894,198,0.2577458464301751,693,47,29,708,286.33136111111116,838.09293,3.718589105339106,1.2093693073593075,1,5,4,9,8,2,5,1,10,10,27,28,55,5,90
BIG RED MACHINE,23,201,9.785886284137206,7608,6765,1697,265,939,942,113,0.250849963045085,1303,78,27,1161,566.8346322222222,1665.7158200000001,3.9152046738296242,1.2783697774366847,10,8,8,1,2,7,4,5,5,3,29,24,53,6,90
FREE BIRDS,23,247,9.231292709544343,7236,6409,1614,242,874,887,122,0.2518333593384303,1308,79,27,1263,582.1890044444444,1640.3093000000001,4.005887645259938,1.2540590978593273,4,1,3,2,3,8,4,8,3,5,13,28,41,7,90
ERIE LAKERS,23,195,8.148386127690852,7196,6431,1680,236,897,883,126,0.26123464468978386,990,55,76,892,465.8669233333334,1303.6059600000003,4.235153848484848,1.3167736969696973,3,2,2,3,9,3,9,2,1,1,19,16,35,8,90
FREE AT LAST,22,227,8.135676957262312,7291,6415,1589,233,905,861,141,0.24770070148090412,1080,65,33,1024,493.3358377777778,1391.39369,4.111131981481481,1.288327490740741,2,3,1,5,1,5,7,4,2,2,12,20,32,9,90
WESTSIDE MARAUDERS,23,268,11.12453920807984,7470,6643,1702,266,961,939,174,0.25620954388077677,1349,84,32,1332,587.4435855555555,1672.1631260000001,3.9191936767976276,1.239557543365456,10,7,7,8,6,10,7,9,4,7,38,37,75,1,91
LOUISVILLE SLUGGERS,23,215,10.703199606774598,7703,6928,1797,259,983,943,178,0.2593822170900693,896,59,118,931,378.36654666666664,1120.40549,3.8005568303571424,1.2504525558035715,8,8,10,9,9,6,10,2,7,5,44,30,74,2,91
HOOSIERS,23,238,10.251202908330104,7755,6840,1710,255,984,942,197,0.25,1195,75,22,1130,497.4650522222222,1472.9118899999999,3.7465987196652715,1.232562251046025,6,9,9,10,2,8,4,5,10,8,36,35,71,3,91
MELONHEADS,23,263,10.182034996278231,7237,6468,1641,247,911,902,164,0.2537105751391466,1259,80,19,1297,527.5972377777778,1516.7682,3.7715449880857825,1.2047404289118349,5,4,4,6,5,9,3,8,9,10,24,39,63,4,91
BIG RED MACHINE,23,213,9.861893095369544,7608,6757,1707,263,953,941,139,0.2526269054314045,1252,75,27,1166,542.9212666666667,1590.5113000000001,3.902788658146965,1.2703764376996807,9,6,8,4,3,8,5,6,6,3,30,28,58,5,91
NATIONAL PASTIME,22,270,10.374945800268717,7097,6392,1664,218,862,839,132,0.26032540675844806,1186,75,84,1193,498.3934233333334,1433.94575,3.7820748819561554,1.209060497470489,1,1,1,3,10,8,9,7,8,9,16,41,57,6,91
BLUE SOCKS,21,270,9.964825141352506,7493,6800,1757,223,904,905,170,0.25838235294117645,1142,73,29,1087,497.0699911111111,1416.32956,3.9173642031523643,1.2402185288966725,2,3,5,7,7,7,6,4,5,6,24,28,52,7,91
FREE AT LAST,22,222,8.212221331481931,7984,6972,1721,257,990,925,142,0.24684452094090648,1078,59,16,936,520.7960677777778,1407.9184099999998,4.348019118738404,1.3060467625231909,7,10,6,5,1,6,2,3,1,1,29,13,42,8,91
ERIE LAKERS,23,188,8.0663097056308235,7354,6525,1689,242,924,898,122,0.25885057471264367,954,53,54,917,431.94184777777775,1237.5473699999998,4.0749230922431865,1.2972194654088047,4,5,3,2,8,5,8,1,2,2,22,18,40,9,91
FREE BIRDS,23,248,9.099859903227209,7159,6353,1605,241,872,891,114,0.2526365496615772,1355,84,0,1351,602.9411911111113,1709.37725,4.004775439114392,1.2615330258302584,3,2,2,1,4,10,1,10,3,4,12,28,40,9,91
LOUISVILLE SLUGGERS,23,211,10.932308515430375,7900,7094,1845,269,1008,966,166,0.2600789399492529,1128,70,47,1113,495.09226222222225,1397.11319,3.950204219858156,1.2385755230496454,10,10,9,7,9,5,6,4,4,6,45,25,70,1,92
MELONHEADS,23,267,10.456909669876827,7503,6691,1688,250,943,920,187,0.25227918098938873,1284,82,0,1328,536.2618755555557,1549.5955600000002,3.758844922118381,1.206850124610592,6,6,6,9,4,9,2,9,7,9,31,36,67,2,92
HOOSIERS,23,239,10.467647114985226,7889,7021,1763,264,996,974,223,0.2511038313630537,1185,72,19,1176,517.48909,1496.4356599999999,3.9302968860759497,1.2628149029535864,9,9,10,10,2,6,4,6,6,4,40,26,66,3,92
NATIONAL PASTIME,22,270,10.339615874506809,6919,6226,1620,217,853,826,138,0.26019916479280436,1187,76,84,1199,494.6840188888889,1438.0061600000001,3.750763411962932,1.211462645324347,3,1,1,6,10,7,10,7,8,8,21,40,61,4,92
WESTSIDE MARAUDERS,20,270,10.798720413948539,6721,5972,1531,256,868,869,128,0.2563630274614869,1068,67,78,1136,442.41876888888885,1277.415036,3.7282480524344566,1.1960814943820226,8,3,3,3,6,4,9,5,9,10,23,37,60,5,92
BIG RED MACHINE,23,205,9.817350055051339,7531,6667,1675,264,947,932,128,0.25123743812809357,1312,77,27,1204,573.3313166666667,1669.7666800000002,3.9329129954268294,1.272688018292683,9,7,7,3,3,8,5,8,5,3,29,29,58,6,92
FREE BIRDS,23,239,9.247562272057868,7396,6562,1662,231,893,887,129,0.25327644010972267,1384,85,0,1347,621.5039100000001,1742.80315,4.041571669075146,1.2592508309248556,4,4,4,4,5,10,2,10,3,5,21,30,51,7,92
BLUE SOCKS,18,270,9.33178567203727,6940,6257,1612,213,855,839,175,0.25763145277289434,760,52,59,783,313.71947222222224,920.83257,3.7150990131578947,1.211621802631579,2,2,2,8,7,2,7,1,10,7,21,27,48,8,92
FREE AT LAST,22,225,8.267778686497202,7984,7029,1747,253,980,941,132,0.2485417555840091,879,52,63,787,401.13955222222216,1150.80286,4.107230910125141,1.3092182707622297,7,8,8,5,1,2,8,2,2,1,29,15,44,9,92
ERIE LAKERS,23,188,8.095291001034084,7419,6564,1699,238,925,896,113,0.25883607556368066,1150,65,16,979,528.9718733333334,1498.0703799999999,4.13977987826087,1.3026698956521738,5,5,5,2,8,3,3,3,1,2,25,12,37,10,92
LOUISVILLE SLUGGERS,23,209,10.870932390321752,8085,7287,1907,262,1020,978,178,0.26169891587759025,1023,62,66,1031,449.57303,1279.82587,3.9551879472140765,1.2510516813294232,10,10,10,8,10,5,9,4,4,6,48,28,76,1,93
MELONHEADS,23,257,10.466834995633949,7604,6783,1722,246,955,924,180,0.25386996904024767,1357,85,0,1300,588.453808888889,1656.96185,3.9027887103905683,1.2210477892409726,7,8,7,9,4,10,2,10,5,8,35,35,70,2,93
HOOSIERS,23,229,10.295797212419725,7671,6788,1703,250,971,937,210,0.2508839127872717,1302,82,0,1238,559.0142166666667,1647.0553699999998,3.8641535714285715,1.265019485407066,8,9,9,10,3,9,2,8,8,3,39,30,69,3,93
NATIONAL PASTIME,23,256,10.475507216827078,7706,6907,1767,262,948,934,136,0.2558274214564934,1151,75,82,1115,496.43229222222226,1441.7316700000001,3.881746854908775,1.2525905039096439,10,7,8,5,6,7,10,5,6,5,36,33,69,3,93
WESTSIDE MARAUDERS,21,270,10.96668320834881,7330,6568,1705,242,929,904,150,0.2595919610231425,1131,72,51,1187,472.8036555555555,1373.410656,3.7623633068081346,1.2143330291777188,6,5,5,6,9,6,6,7,9,9,31,37,68,4,93
BIG RED MACHINE,23,211,9.703752209058985,7399,6556,1635,262,926,917,126,0.24938987187309336,1192,72,59,1147,514.0315333333333,1484.4789300000002,3.881110570469798,1.245368229865772,10,4,6,4,2,6,7,6,7,7,26,33,59,5,93
BLUE SOCKS,17,270,9.026310036006912,6317,5701,1468,199,782,771,150,0.25749868444132606,903,58,29,922,361.34766333333334,1081.04639,3.601471727574751,1.1971720819490588,3,1,2,6,7,3,5,1,10,10,19,29,48,6,93
ERIE LAKERS,23,203,8.366297403714023,7382,6560,1700,255,931,924,121,0.25914634146341464,1103,62,19,993,513.0978122222222,1438.33113,4.186654859474161,1.3040173436083409,9,6,7,3,8,5,3,3,2,1,33,14,47,7,93
FREE BIRDS,23,248,9.140136631728328,7389,6531,1660,228,889,878,119,0.2541724085132445,1283,78,27,1273,568.2563311111112,1607.58795,3.986209649259549,1.2529913873733438,4,2,4,2,5,8,4,9,3,4,17,28,45,8,93
FREE AT LAST,22,225,8.169466567148381,7186,6311,1552,235,899,855,156,0.24591982253208683,1052,60,60,964,490.8122855555556,1357.57303,4.198964420152092,1.2904686596958175,5,3,3,7,1,4,8,2,1,2,19,17,36,9,93
LOUISVILLE SLUGGERS,23,212,10.74061548277624,7723,6938,1813,256,992,947,175,0.26131449985586624,1000,65,82,998,422.35998666666666,1233.02065,3.8012398800000002,1.2330206499999998,9,10,10,9,10,5,9,3,9,6,48,32,80,1,94
WESTSIDE MARAUDERS,22,270,10.94247763125493,7274,6481,1659,251,925,906,149,0.2559790155840148,1256,79,59,1281,534.0990655555555,1541.319156,3.827142985668789,1.227164933121019,8,6,5,6,6,8,8,8,7,8,31,39,70,2,94
MELONHEADS,23,254,10.284804980304818,7293,6518,1659,247,919,912,163,0.254525928198834,1348,87,0,1329,570.6388755555556,1655.71287,3.809903471810089,1.2282736424332346,6,5,7,7,5,10,3,9,8,7,30,37,67,3,94
NATIONAL PASTIME,23,269,10.384040516658095,7391,6642,1716,232,901,873,135,0.25835591689250226,1209,77,84,1194,504.54520333333335,1469.32085,3.755919627791563,1.2153191480562449,2,4,1,5,8,7,10,7,10,9,20,43,63,4,94
HOOSIERS,23,224,10.25830713441732,7813,6924,1737,249,984,938,233,0.25086655112651646,1357,79,0,1178,615.0405977777777,1728.9436699999999,4.079119661016948,1.274092608695652,7,9,9,10,3,8,3,6,2,3,38,22,60,5,94
BIG RED MACHINE,23,211,9.714063436973158,7447,6588,1643,268,932,932,122,0.24939283545840923,1176,70,54,1123,509.44390333333337,1464.56995,3.8988053826530615,1.2453826105442178,10,7,8,1,2,6,7,5,5,5,28,28,56,6,94
BLUE SOCKS,19,270,9.735872974912677,7465,6724,1732,235,919,907,172,0.2575847709696609,836,54,29,855,361.28475777777777,1007.9328800000001,3.8894292105263157,1.2056613397129188,3,5,6,8,7,2,4,1,6,10,29,23,52,7,94
FREE BIRDS,23,245,9.328424811345023,7327,6485,1635,239,890,891,134,0.25212027756360833,1372,84,0,1361,613.4986155555556,1734.66963,4.024407827988338,1.2643364650145774,5,3,4,4,4,9,3,10,3,4,20,29,49,8,94
ERIE LAKERS,23,200,8.148183663493153,7234,6460,1680,238,901,887,125,0.26006191950464397,965,56,52,943,421.3630533333333,1251.05069,3.929810860103627,1.296425585492228,4,4,3,2,9,3,6,2,4,2,22,17,39,9,94
FREE AT LAST,22,227,8.138199059351248,7599,6679,1662,238,941,886,132,0.24883964665369068,1080,61,33,1008,506.16983000000005,1411.4003,4.218081916666667,1.3068521296296296,4,8,2,3,1,4,5,4,1,1,18,15,33,10,94
WESTSIDE MARAUDERS,23,262,11.167106166527473,7729,6896,1773,260,968,951,137,0.25710556844547566,1337,84,32,1372,579.0127022222222,1632.0361160000002,3.8976172924457737,1.2206702438294692,9,8,9,3,6,10,6,10,4,8,35,38,73,1,95
LOUISVILLE SLUGGERS,23,212,10.838756607592007,7672,6857,1777,257,980,922,170,0.25915123231733994,982,64,97,1008,414.2471366666667,1205.23163,3.796562352342159,1.2273234521384928,7,9,8,8,8,3,10,3,9,7,40,32,72,2,95
MELONHEADS,23,265,10.273395351794543,7414,6577,1671,249,948,917,172,0.25406720389235216,1183,75,38,1212,499.44355555555563,1418.9937900000002,3.7996551141166535,1.199487565511412,5,7,6,9,5,8,7,8,8,9,32,40,72,2,95
HOOSIERS,23,239,10.366926742305516,7858,6943,1731,264,1006,965,206,0.24931585769840126,1141,69,38,1130,484.37904,1438.3947199999998,3.8206935670464506,1.260643926380368,10,10,10,10,2,5,7,6,7,4,42,29,71,3,95
NATIONAL PASTIME,23,270,10.58737854794317,7612,6849,1777,244,940,920,165,0.25945393488100454,1146,73,84,1114,494.81261222222224,1413.62011,3.8859629232111694,1.2335254013961605,4,6,7,7,9,7,9,5,6,6,33,33,66,4,95
BIG RED MACHINE,23,210,9.758465792380303,7461,6621,1670,259,935,920,117,0.252227760157076,1232,72,46,1142,532.0759766666666,1547.68838,3.8869186607142856,1.2562405681818183,8,5,7,1,3,6,8,7,5,5,24,31,55,5,95
BLUE SOCKS,17,270,8.941984213323167,6303,5695,1472,194,781,767,147,0.25847234416154524,896,58,29,917,363.95791333333335,1061.51408,3.6558272544642856,1.1847255357142856,1,1,2,5,7,2,5,1,10,10,16,28,44,6,95
FREE BIRDS,23,239,9.041350268053845,7351,6537,1652,223,871,873,139,0.2527153128346336,1287,80,27,1259,573.4791,1627.36668,4.010343356643357,1.264465174825175,2,2,3,4,4,9,4,9,3,3,15,28,43,7,95
ERIE LAKERS,23,205,8.29430193710891,7301,6509,1700,250,917,914,121,0.2611768320786603,1120,67,10,1002,526.6240633333333,1466.4235599999997,4.231800508928572,1.3093067499999997,6,3,5,2,10,4,3,2,1,2,26,12,38,8,95
FREE AT LAST,22,222,8.202743635588988,7431,6540,1607,242,919,881,161,0.24571865443425076,1240,69,0,1084,572.28285,1636.67148,4.153665846774193,1.3198963548387097,3,4,4,6,1,5,2,4,2,1,18,14,32,9,95
WESTSIDE MARAUDERS,23,268,11.092773573439192,7449,6624,1693,255,953,923,150,0.25558574879227053,1296,80,59,1318,551.7322066666666,1591.6726760000004,3.8314736574074066,1.2281424969135806,8,8,7,6,7,9,8,9,7,7,36,40,76,1,96
LOUISVILLE SLUGGERS,23,210,10.825489521536191,7560,6810,1771,259,973,939,168,0.26005873715124816,920,60,126,942,382.3385044444445,1155.51253,3.74026797826087,1.2559918804347825,9,9,9,7,9,3,10,2,8,5,43,28,71,2,96
MELONHEADS,23,257,10.443109598866274,7429,6600,1654,254,936,914,184,0.2506060606060606,1364,86,0,1325,588.6768822222223,1661.33923,3.8842316275659825,1.2179906378299121,7,6,6,9,2,10,3,10,6,8,30,37,67,3,96
NATIONAL PASTIME,23,269,10.491330410804501,7563,6773,1726,250,919,908,131,0.2548353757566809,1195,77,84,1193,496.5185866666667,1454.48198,3.7394705271966533,1.2171397322175732,5,4,5,3,6,7,9,7,9,9,23,41,64,4,96
HOOSIERS,23,228,10.45828257789862,8096,7176,1803,267,1024,991,209,0.2512541806020067,1280,76,0,1179,569.7033288888889,1648.23686,4.00572653125,1.287685046875,10,10,10,10,3,6,3,6,3,2,43,20,63,5,96
BIG RED MACHINE,23,216,9.830287476783345,7503,6661,1692,254,947,925,146,0.25401591352649755,1265,75,27,1175,553.4914577777778,1588.2723500000002,3.9378838893280634,1.2555512648221345,7,7,8,5,5,5,5,5,5,6,32,26,58,6,96
BLUE SOCKS,17,270,9.117804433377271,6940,6257,1612,213,855,839,175,0.25763145277289434,672,47,29,747,272.1833977777778,792.95328,3.6453133630952386,1.1799899999999999,2,1,2,8,8,2,6,1,10,10,21,29,50,7,96
FREE BIRDS,23,248,9.367463980008473,7561,6718,1701,251,907,923,112,0.25320035724918133,1306,79,19,1242,580.1617133333334,1646.58786,3.9980516232771826,1.2607870290964778,6,3,7,1,4,8,4,8,4,4,21,28,49,8,96
FREE AT LAST,22,233,8.276245416668171,7557,6675,1668,238,926,889,132,0.2498876404494382,1075,63,30,999,488.6778866666667,1372.48561,4.091256725581395,1.2767308,4,5,4,4,1,4,7,3,2,3,18,19,37,9,96
ERIE LAKERS,23,186,8.066435644872252,7223,6422,1672,232,899,876,119,0.2603550295857988,1124,63,19,1050,530.3386644444445,1456.4604699999998,4.246483967971531,1.2957833362989322,3,2,3,2,10,4,4,4,1,1,20,14,34,10,96
LOUISVILLE SLUGGERS,23,215,10.66301711354095,7718,6982,1851,248,983,935,171,0.26511028358636496,1040,63,72,1064,448.1616422222223,1298.25172,3.878321903846155,1.2483189615384616,6,9,10,8,10,4,9,4,6,6,43,29,72,1,97
MELONHEADS,23,262,10.271704265314495,7282,6485,1628,248,920,897,186,0.2510408635312259,1259,80,27,1263,534.2783555555555,1513.7814999999998,3.8193051628276407,1.2023681493248608,6,6,6,9,3,9,5,9,8,9,30,40,70,2,97
NATIONAL PASTIME,23,251,10.296854249587348,7416,6648,1672,261,904,923,147,0.25150421179302046,1080,69,114,1081,460.72726222222224,1337.5624200000002,3.839393851851852,1.2384837222222225,9,4,7,6,4,6,10,5,7,7,30,35,65,3,97
WESTSIDE MARAUDERS,20,270,11.001191086942947,6805,6076,1575,249,875,877,131,0.25921658986175117,1218,78,32,1248,514.5753988888889,1483.9364460000002,3.802281272577997,1.2183386256157638,7,2,5,3,8,8,7,8,9,8,25,40,65,3,97
HOOSIERS,23,230,10.281800344813856,7844,6942,1747,249,989,930,214,0.25165658311725725,1235,75,16,1159,541.8296311111111,1566.9245399999998,3.9485560161943316,1.2687648097165989,7,10,9,10,5,7,3,6,4,3,41,23,64,4,97
BIG RED MACHINE,23,199,9.695745121018716,7528,6682,1659,266,932,923,106,0.24827895839568992,1274,78,27,1231,556.6441755555556,1603.34211,3.9323371899529045,1.2585102904238619,10,7,7,1,1,8,5,7,5,5,26,30,56,5,97
ERIE LAKERS,23,203,8.473725203345339,7513,6634,1723,254,957,928,111,0.259722640940609,1123,64,25,979,522.6056977777778,1486.31612,4.18829143365984,1.3235228138913624,8,8,8,2,9,5,4,3,2,1,35,15,50,6,97
FREE BIRDS,23,244,9.027897741803702,7207,6364,1623,220,876,861,137,0.25502828409805156,1366,84,0,1348,606.5016677777778,1720.56726,3.9959846339677894,1.2595660761346998,4,3,4,4,6,10,2,10,3,4,21,29,50,6,97
BLUE SOCKS,17,270,9.112497423192282,6870,6244,1613,209,831,837,145,0.25832799487508007,740,49,29,776,291.5907266666667,860.92304,3.546373702702703,1.1634095135135136,3,1,2,5,7,2,6,1,10,10,18,29,47,7,97
FREE AT LAST,22,223,8.145150257780179,7277,6380,1590,229,916,859,160,0.24921630094043887,1073,60,51,934,502.0941388888889,1395.9505100000001,4.211414026095061,1.3009790400745573,5,5,3,7,2,3,8,2,1,2,22,16,38,8,97
LOUISVILLE SLUGGERS,23,218,10.712509402871365,7681,6887,1807,252,987,933,167,0.262378394075795,964,59,102,1013,405.51497111111115,1191.02243,3.7859281535269713,1.2355004460580912,5,9,7,8,10,3,10,4,9,6,39,32,71,1,98
WESTSIDE MARAUDERS,23,270,10.882915871246041,7302,6531,1685,253,926,916,143,0.25800030623181747,1321,86,32,1375,557.9683222222222,1610.987586,3.801449583648751,1.2195212611657835,6,5,5,5,7,9,6,9,8,8,28,40,68,2,98
HOOSIERS,23,229,10.349589746633436,8026,7126,1782,269,1014,992,213,0.25007016559079426,1245,74,2,1149,537.6357144444445,1582.20509,3.8865232369477916,1.2708474618473895,10,10,10,10,2,5,4,6,6,4,42,25,67,3,98
MELONHEADS,23,262,10.432106159427883,7433,6623,1667,255,943,918,165,0.25169862600030196,1369,85,0,1334,584.5253166666668,1648.50077,3.8427522644265895,1.2041641855368883,7,6,6,7,4,8,3,8,7,10,30,36,66,4,98
NATIONAL PASTIME,23,260,10.45837403140454,7716,6932,1778,256,943,936,144,0.25649163300634736,1206,77,52,1203,528.7430411111111,1480.7363500000001,3.945843590381426,1.2278079187396354,8,6,8,6,6,7,7,7,4,7,34,32,66,4,98
BIG RED MACHINE,23,211,9.829443460087603,7692,6809,1719,264,973,943,138,0.2524599794389778,1267,76,27,1142,560.5536722222223,1628.2017700000001,3.9818335043409636,1.2850842699289662,9,8,9,4,5,6,5,5,3,2,35,21,56,5,98
BLUE SOCKS,19,270,9.550519125641022,6933,6291,1632,203,846,830,170,0.25941821649976154,897,60,61,924,377.28080111111115,1089.32557,3.785426098104794,1.2144097770345597,1,2,1,9,9,4,8,3,10,9,22,34,56,5,98
FREE BIRDS,23,248,9.24160705618955,7225,6419,1614,229,855,868,121,0.2514410344290388,1435,87,0,1408,625.2119222222223,1795.6709,3.9211897560975615,1.251338606271777,2,3,2,3,3,10,3,10,5,5,13,33,46,6,98
FREE AT LAST,22,236,8.200958771865157,7655,6718,1665,244,954,899,170,0.24784161952962191,903,53,52,836,413.3923344444445,1157.8962299999998,4.120189379844962,1.2822771096345513,4,7,4,9,1,1,7,1,2,3,25,14,39,7,98
ERIE LAKERS,23,189,8.078524411142373,7400,6551,1692,239,924,895,116,0.25828117844603876,992,55,65,886,467.6177933333334,1313.39395,4.242500141129033,1.3239858366935482,3,4,3,2,8,2,9,2,1,1,20,15,35,8,98
MELONHEADS,23,268,10.436781496730328,7435,6619,1671,250,945,921,176,0.25245505363347936,1212,74,46,1214,504.8194366666667,1441.2998799999998,3.7486591831683174,1.189191320132013,8,8,8,8,4,7,6,8,10,10,36,41,77,1,99
LOUISVILLE SLUGGERS,23,211,10.723233853969125,7357,6593,1707,248,952,904,178,0.25891096617624754,1129,72,53,1201,486.4344644444444,1401.34917,3.8776883790965453,1.2412304428697962,7,9,6,9,8,6,8,7,6,6,39,33,72,2,99
WESTSIDE MARAUDERS,22,270,11.003307770489593,7127,6386,1662,241,911,889,158,0.2602568117757595,1349,86,32,1357,575.3549955555555,1664.7236160000002,3.8385433358042995,1.234042710155671,5,3,4,6,10,10,5,10,8,7,28,40,68,3,99
NATIONAL PASTIME,23,269,10.386544543127098,7517,6754,1756,229,917,887,157,0.2599940775836541,1206,76,82,1162,514.9291811111111,1468.67895,3.8427550829187394,1.2178100746268656,3,5,3,5,9,8,10,6,7,8,25,39,64,4,99
HOOSIERS,23,234,10.52422545182396,8012,7093,1771,282,1018,1001,212,0.24968278584519948,1113,65,52,1011,482.33222333333333,1453.23252,3.9002605660377356,1.3056895956873316,10,10,10,10,3,5,7,3,4,1,43,20,63,5,99
BIG RED MACHINE,23,207,9.77362749579277,7591,6738,1667,273,934,938,112,0.24740279014544375,1188,72,59,1153,511.85674666666665,1489.58182,3.8777026262626264,1.2538567508417509,9,7,9,2,2,6,9,5,5,5,29,30,59,6,99
BLUE SOCKS,19,270,9.606716743043332,7493,6800,1757,223,904,905,170,0.25838235294117645,828,55,29,853,346.9406611111111,1000.85973,3.7710941425120774,1.2087677898550724,2,1,7,7,6,4,4,1,9,9,23,27,50,7,99
FREE BIRDS,23,243,9.142548631095181,7459,6574,1683,229,913,884,112,0.2560085184058412,1345,82,0,1332,611.9487044444445,1691.4752,4.094824044609666,1.2576023791821562,3,4,2,2,5,9,1,9,2,4,16,25,41,8,99
ERIE LAKERS,23,193,7.987722943842955,7354,6525,1689,242,924,898,122,0.25885057471264367,1113,65,13,975,520.1725288888889,1444.9132499999998,4.206246864330638,1.298214959568733,6,6,5,3,7,5,2,2,1,2,27,12,39,9,99
FREE AT LAST,22,227,8.175580551890345,7389,6505,1607,240,908,871,148,0.24704073789392775,1116,65,27,1012,503.6549466666668,1441.82651,4.061733440860216,1.2919592383512546,4,2,1,4,1,5,3,4,3,3,12,18,30,10,99
WESTSIDE MARAUDERS,23,267,11.144702748256188,7358,6542,1657,264,933,917,164,0.25328645674105776,1303,83,64,1323,557.1664755555555,1576.842356,3.8484253875671524,1.2101629746738296,9,7,6,7,5,9,8,9,8,9,34,43,77,1,100
NATIONAL PASTIME,23,270,10.740237819250138,7650,6882,1763,254,933,925,134,0.25617553036907875,1298,82,52,1234,548.4783533333334,1605.9849,3.8030086132511567,1.237276502311248,7,7,7,6,7,8,7,7,9,7,34,38,72,2,100
LOUISVILLE SLUGGERS,23,210,10.838405879919028,7816,7020,1850,254,1007,947,182,0.26353276353276356,1029,63,82,1025,450.84500333333335,1310.3969499999998,3.9432507580174927,1.2734664237123419,7,9,9,9,10,4,10,4,6,3,44,27,71,3,100
MELONHEADS,23,251,10.282954477782944,7261,6468,1624,256,918,914,164,0.2510822510822511,1372,86,0,1340,591.5797633333334,1671.9252000000001,3.8806252696793004,1.2186043731778426,8,5,5,7,2,10,2,10,7,8,27,37,64,4,100
BIG RED MACHINE,23,215,9.84325569107194,7615,6737,1699,264,960,936,130,0.25218940181089505,1250,74,27,1183,548.5878322222222,1560.70926,3.9498323920000002,1.248567408,9,8,8,5,4,6,5,6,5,6,34,28,62,5,100
HOOSIERS,23,233,10.459086467536629,8096,7176,1803,267,1024,991,209,0.2512541806020067,1253,73,19,1124,560.619368888889,1616.3852799999997,4.026795147645651,1.2900121947326415,10,10,10,10,3,5,3,5,1,2,43,16,59,6,100
BLUE SOCKS,18,270,9.24286848393713,6926,6251,1616,208,854,835,172,0.2585186370180771,812,55,29,878,340.9177977777778,971.52608,3.7786455418719216,1.1964606896551724,3,2,1,8,8,3,6,1,10,10,22,30,52,7,100
FREE BIRDS,23,247,9.215978447225257,7358,6533,1662,229,889,883,130,0.2544007347313638,1257,77,27,1287,558.3991766666668,1571.0246300000001,3.998084797136039,1.2498207080350041,4,3,3,5,6,7,5,8,3,5,21,28,49,8,100
ERIE LAKERS,23,194,8.106863282772713,7419,6564,1699,238,925,896,113,0.25883607556368066,1050,63,24,961,465.3456933333333,1371.3353699999998,3.9886773714285715,1.3060336857142856,6,6,4,4,9,4,4,3,4,1,29,16,45,9,100
FREE AT LAST,22,235,8.16415622877512,7333,6483,1613,235,894,873,134,0.2488045657874441,940,55,77,885,418.3754855555556,1191.81052,4.005722734042553,1.2678835319148936,5,4,2,6,1,3,9,2,2,4,18,20,38,10,100
