Name,Team,W,L,QS,ERA,G,GS,SV,HLD,BS,IP,TBF,H,R,ER,HR,BB,IBB,HBP,SO,K/9,BB/9,K/BB,HR/9,K%,BB%,K-BB%,AVG,WHIP,BABIP,LOB%,GB%,HR/FB,FIP,WAR,RA9-WAR,ADP,InterSD,InterSK,IntraSD,Vol,Skew,Dim,FPTS,FPTS/IP,SPTS,SPTS/IP,P10,P20,P30,P40,P50,P60,P70,P80,P90,TT10,TT20,TT30,TT40,TT50,TT60,TT70,TT80,TT90,NameASCII,PlayerId,MLBAMID
"Tarik Skubal","DET",10,5,14,2.8896,21,21,0,0,,128,508,103,45,41,12,27,,5,148,10.3726,1.88392,5.50587,0.846909,0.29114,0.0528781,0.23826152458786964,0.216425,1.01307,0.28764,0.753504,,,2.73226,3.70269,3.24239,13.8100004196167,,,,,,,731.8,5.7171875,684,5.34375,,,,,,,,,,,,,,,,,,,"Tarik Skubal","22267",669373
"Paul Skenes","PIT",8,5,13,2.93104,20,20,0,0,,118,473,94,42,38,10,31,,4,138,10.5483,2.39362,4.40683,0.787719,0.292401,0.0663517,0.2260490208864212,0.214586,1.06101,0.289319,0.75337,,,2.78285,3.25026,3.3172,10.890000343322754,,,,,,,676.8000000000001,5.735593220338983,631,5.3474576271186445,,,,,,,,,,,,,,,,,,,"Paul Skenes","33677",694973
"Zack Wheeler","PHI",9,5,13,3.2935,21,21,0,0,,133,535,110,53,49,15,33,,5,146,9.87181,2.25284,4.38193,1.01241,0.272358,0.0621548,0.21020324155688286,0.221015,1.07595,0.28229,0.738389,,,3.22296,3.10713,2.98035,21.649999618530273,,,,,,,691.7,5.200751879699249,648,4.87218045112782,,,,,,,,,,,,,,,,,,,"Zack Wheeler","10310",554430
"Logan Webb","SFG",9,6,13,3.35103,21,21,0,0,,134,553,127,54,50,10,32,,4,119,7.96584,2.12274,3.75261,0.647381,0.214782,0.0572353,0.15754670649766922,0.245719,1.18384,0.301986,0.719323,,,3.03299,2.85482,2.77197,98.33999633789062,,,,,,,668.3999999999999,4.988059701492536,670,5,,,,,,,,,,,,,,,,,,,"Logan Webb","17995",657277
"Garrett Crochet","BOS",8,5,12,3.22364,20,20,0,0,,105,424,83,41,38,11,32,,4,132,11.3501,2.78634,4.07349,0.934478,0.311792,0.0765418,0.23525014519691467,0.213329,1.09926,0.293509,0.744243,,,2.93626,2.76727,2.47729,23.670000076293945,,,,,,,581.9000000000001,5.541904761904763,538,5.123809523809523,,,,,,,,,,,,,,,,,,,"Garrett Crochet","27463",676979
"Chris Sale","ATL",9,5,12,3.22887,20,20,0,0,,118,480,99,46,42,12,31,,6,141,10.7718,2.35851,4.56719,0.941683,0.294435,0.0644675,0.22996797412633896,0.223759,1.10107,0.299975,0.744941,,,2.9917,2.70462,2.7877,35.97999954223633,,,,,,,639.2,5.416949152542373,605,5.127118644067797,,,,,,,,,,,,,,,,,,,"Chris Sale","10603",519242
"Yoshinobu Yamamoto","LAD",8,4,11,3.31778,18,18,0,0,,106,427,89,42,39,10,28,,3,114,9.70497,2.37843,4.08041,0.859195,0.266717,0.0653654,0.2013520672917366,0.224149,1.10499,0.289203,0.725074,,,3.04048,2.54425,2.28515,59.349998474121094,,,,,,,565.0000000000001,5.330188679245284,535,5.047169811320755,,,,,,,,,,,,,,,,,,,"Yoshinobu Yamamoto","33825",808967
"Max Fried","NYY",9,6,12,3.374,20,20,0,0,,124,512,110,51,47,12,36,,5,116,8.4,2.58566,3.24868,0.857761,0.226197,0.0696272,0.15656936913728714,0.234206,1.17727,0.286746,0.737451,,,3.4304,2.5055,2.34167,96.06999969482422,,,,,,,592.9999999999999,4.782258064516128,573,4.620967741935484,,,,,,,,,,,,,,,,,,,"Max Fried","13743",608331
"Cole Ragans","KCR",7,5,11,3.46137,19,19,0,0,,111,459,91,46,43,12,40,,3,132,10.6883,3.27054,3.26805,0.93253,0.287231,0.0878905,0.1993403136730194,0.220211,1.18694,0.294018,0.737993,,,3.23556,2.49854,2.27275,45.599998474121094,,,,,,,572.2,5.154954954954955,534,4.8108108108108105,,,,,,,,,,,,,,,,,,,"Cole Ragans","21846",666142
"Jacob deGrom","TEX",6,4,11,3.24217,18,18,0,0,,98,388,79,38,35,12,21,,3,116,10.6474,1.98009,5.37724,1.11695,0.297976,0.0554144,0.24256176501512527,0.217629,1.02855,0.284225,0.745181,,,3.09177,2.46707,2.10792,49.810001373291016,,,,,,,532.2,5.43061224489796,494,5.040816326530612,,,,,,,,,,,,,,,,,,,"Jacob deGrom","10954",594798
"Spencer Strider","ATL",8,5,10,3.46327,18,18,0,0,,104,423,81,44,40,12,36,,4,139,11.981,3.06709,3.90631,1.03154,0.327598,0.083864,0.2437344193458557,0.210743,1.1178,0.295557,0.730704,,,3.03658,2.39123,2.07062,101.01000213623047,,,,,,,569.3999999999999,5.474999999999999,522,5.019230769230769,,,,,,,,,,,,,,,,,,,"Spencer Strider","27498",675911
"Framber Valdez","HOU",9,6,12,3.4111,20,20,0,0,,127,529,112,52,48,11,41,,6,123,8.72058,2.89049,3.01699,0.812713,0.232816,0.0771684,0.15564803779125214,0.232148,1.20225,0.289019,0.734579,,,3.41495,2.36335,2.33525,61.900001525878906,,,,,,,618.3000000000002,4.868503937007875,597,4.700787401574803,,,,,,,,,,,,,,,,,,,"Framber Valdez","17295",664285
"Hunter Brown","HOU",9,6,11,3.63232,20,20,0,0,,117,488,103,51,47,13,40,,4,127,9.75174,3.08197,3.16413,0.96998,0.259868,0.0821295,0.17773888260126114,0.232991,1.22606,0.298263,0.732323,,,3.44437,2.30498,1.80166,98.58000183105469,,,,,,,560.1000000000001,4.787179487179488,538,4.598290598290598,,,,,,,,,,,,,,,,,,,"Hunter Brown","25880",686613
"Pablo López","MIN",8,6,11,3.76637,20,20,0,0,,122,500,111,55,51,15,30,,5,125,9.28171,2.19285,4.23272,1.12488,0.251052,0.0593122,0.19173986837267876,0.238793,1.15652,0.295467,0.714842,,,3.49669,2.30017,1.72972,73.29000091552734,,,,,,,574.7000000000002,4.710655737704919,560,4.590163934426229,,,,,,,,,,,,,,,,,,,"Pablo Lopez","17085",641154
"Hunter Greene","CIN",7,6,11,3.85002,20,20,0,0,,118,488,95,55,51,17,41,,8,141,10.7218,3.1277,3.42802,1.29297,0.288405,0.0841316,0.20427318662405014,0.216271,1.1502,0.277309,0.721992,,,3.82207,2.29544,2.10251,94.69999694824219,,,,,,,552.1,4.678813559322034,504,4.271186440677966,,,,,,,,,,,,,,,,,,,"Hunter Greene","22182",668881
"Dylan Cease","SDP",8,6,12,3.61677,21,21,0,0,,124,513,101,54,50,14,47,,4,144,10.4148,3.41471,3.04997,1.02844,0.279633,0.0916838,0.18794917315244675,0.21931,1.19688,0.286319,0.733024,,,3.48287,2.28032,1.99969,47.27000045776367,,,,,,,617.7999999999998,4.982258064516127,573,4.620967741935484,,,,,,,,,,,,,,,,,,,"Dylan Cease","18525",656302
"George Kirby","SEA",8,6,11,3.53103,19,19,0,0,,115,461,106,49,45,14,17,,4,106,8.32468,1.35711,6.13414,1.11849,0.229908,0.0374802,0.19242825359106064,0.24156,1.07761,0.2879,0.720607,,,3.40409,2.22471,1.62354,100.83999633789062,,,,,,,552.1999999999999,4.801739130434782,542,4.71304347826087,,,,,,,,,,,,,,,,,,,"George Kirby","25436",669923
"Sonny Gray","STL",7,6,11,3.68405,20,20,0,0,,119,489,106,53,49,13,34,,4,124,9.38845,2.55011,3.68159,1.01961,0.253212,0.0687778,0.18443384021520615,0.234783,1.17563,0.294626,0.718465,,,3.4236,2.19073,1.92423,122.05000305175781,,,,,,,579.0999999999999,4.866386554621848,560,4.705882352941177,,,,,,,,,,,,,,,,,,,"Sonny Gray","12768",543243
"Logan Gilbert","SEA",7,5,11,3.31452,18,18,0,0,,110,435,89,44,40,14,24,,3,118,9.73501,1.95285,4.98503,1.12862,0.272549,0.0546735,0.21787527576088905,0.217471,1.02695,0.271932,0.736031,,,3.2789,2.17521,1.88855,26.360000610351562,,,,,,,565.4,5.14,523,4.754545454545455,,,,,,,,,,,,,,,,,,,"Logan Gilbert","22250",669302
"Spencer Schwellenbach","ATL",8,6,11,3.6772,20,20,0,0,,117,480,108,52,48,13,26,,5,113,8.67204,1.96165,4.42079,1.023,0.235763,0.0533306,0.18243252858519554,0.239809,1.13602,0.292394,0.708284,,,3.40601,2.11545,2.05824,78.30000305175781,,,,,,,558.1000000000001,4.770085470085471,549,4.6923076923076925,,,,,,,,,,,,,,,,,,,"Spencer Schwellenbach","31846",680885
"Joe Ryan","MIN",7,6,10,3.79263,18,18,0,0,,106,427,91,49,45,16,23,,5,118,9.97341,1.92695,5.17575,1.38642,0.275094,0.0531505,0.22194334492087364,0.228127,1.07415,0.281517,0.717664,,,3.64033,2.0958,1.37143,93.91999816894531,,,,,,,503.0000000000001,4.745283018867926,474,4.471698113207547,,,,,,,,,,,,,,,,,,,"Joe Ryan","21390",657746
"Kevin Gausman","TOR",8,7,11,3.90042,21,21,0,0,,126,524,117,60,55,17,37,,3,126,8.96442,2.62715,3.41222,1.18725,0.239977,0.0703286,0.1696481630206108,0.241698,1.21943,0.29363,0.723234,,,3.74137,1.94896,1.40019,166.66000366210938,,,,,,,551.1000000000001,4.373809523809525,541,4.2936507936507935,,,,,,,,,,,,,,,,,,,"Kevin Gausman","14107",592332
"Cristopher Sánchez","PHI",7,5,10,3.56304,23,18,0,0,,106,443,101,46,42,10,29,,3,96,8.12155,2.48121,3.27323,0.875412,0.216592,0.0661707,0.1504208743572235,0.246136,1.22528,0.298189,0.72992,,,3.46411,1.90524,1.96329,144.05999755859375,,,,,,,494.80000000000007,4.667924528301888,496,4.679245283018868,,,,,,,,,,,,,,,,,,,"Cristopher Sanchez","20778",650911
"Tyler Glasnow","LAD",6,3,8,3.53215,15,15,0,0,,85,341,66,36,33,10,27,,2,104,11.0407,2.83853,3.88957,1.09419,0.304563,0.0783025,0.22626038640737534,0.212191,1.09918,0.282336,0.724017,,,3.20859,1.90343,1.56905,91.72000122070312,,,,,,,455.4,5.357647058823529,416,4.894117647058824,,,,,,,,,,,,,,,,,,,"Tyler Glasnow","14374",607192
"Corbin Burnes","ARI",8,6,11,3.67517,20,20,0,0,,122,506,109,54,50,13,37,,4,117,8.64509,2.76859,3.12256,0.990544,0.231434,0.0741167,0.15731707960367203,0.235724,1.20515,0.287722,0.724301,,,3.6179,1.89163,2.19711,37.04999923706055,,,,,,,570.5000000000002,4.676229508196723,552,4.524590163934426,,,,,,,,,,,,,,,,,,,"Corbin Burnes","19361",669203
"Freddy Peralta","MIL",7,6,11,3.79188,20,20,0,0,,114,472,93,52,48,16,41,,5,129,10.1844,3.2309,3.1522,1.24399,0.273751,0.0868446,0.18690679222345352,0.219777,1.17869,0.277039,0.731575,,,3.82495,1.86355,1.81607,103.55999755859375,,,,,,,525,4.605263157894737,482,4.228070175438597,,,,,,,,,,,,,,,,,,,"Freddy Peralta","18679",642547
"MacKenzie Gore","WSN",7,7,11,3.75299,20,20,0,0,,112,470,98,51,47,14,41,,4,126,10.0844,3.28409,3.07068,1.08609,0.26735,0.0870653,0.18028437346220016,0.231594,1.24201,0.297094,0.735046,,,3.6186,1.86122,1.75207,200.7899932861328,,,,,,,518.8000000000002,4.632142857142859,495,4.419642857142857,,,,,,,,,,,,,,,,,,,"MacKenzie Gore","22201",669022
"Nathan Eovaldi","TEX",7,5,10,3.77837,18,18,0,0,,107,438,97,49,45,14,26,,4,104,8.73631,2.23262,3.91303,1.14049,0.236731,0.0604981,0.17623307928442955,0.238076,1.15562,0.28764,0.714871,,,3.65055,1.81601,1.46836,203.2899932861328,,,,,,,485.40000000000015,4.536448598130843,471,4.401869158878505,,,,,,,,,,,,,,,,,,,"Nathan Eovaldi","9132",543135
"Bryan Woo","SEA",7,5,10,3.62423,19,19,0,0,,106,427,92,46,43,14,22,,5,101,8.58821,1.84957,4.64335,1.14591,0.23709,0.0510601,0.1860298477113247,0.229547,1.07241,0.274426,0.709831,,,3.57077,1.8143,1.4005,130.55999755859375,,,,,,,494.00000000000006,4.660377358490567,469,4.4245283018867925,,,,,,,,,,,,,,,,,,,"Bryan Woo","30279",693433
"Tanner Bibee","CLE",7,6,10,3.82477,19,19,0,0,,112,462,100,52,47,16,32,,5,112,9.04717,2.55984,3.53428,1.25456,0.243021,0.0687612,0.17425991594791412,0.234476,1.17811,0.282847,0.728599,,,3.85607,1.76637,1.39343,88.16000366210938,,,,,,,485.0000000000002,4.330357142857145,465,4.151785714285714,,,,,,,,,,,,,,,,,,,"Tanner Bibee","30134",676440
"Clay Holmes","NYM",7,5,9,3.62924,24,18,0,0,,108,460,99,47,43,8,42,,6,103,8.59865,3.49008,2.46374,0.674941,0.223657,0.0907793,0.13287758082151413,0.238941,1.30326,0.300067,0.72183,,,3.46452,1.7657,1.62633,205.64999389648438,,,,,,,505.4000000000001,4.6796296296296305,498,4.611111111111111,,,,,,,,,,,,,,,,,,,"Clay Holmes","13649",605280
"Jack Flaherty","DET",7,6,10,3.81155,19,19,0,0,,107,445,95,49,45,13,34,,5,115,9.72636,2.88006,3.37714,1.13756,0.259319,0.0767867,0.1825326755642891,0.234526,1.21157,0.294924,0.726103,,,3.65877,1.74054,1.4073,138.3800048828125,,,,,,,497.9000000000001,4.653271028037384,479,4.4766355140186915,,,,,,,,,,,,,,,,,,,"Jack Flaherty","17479",656427
"Aaron Nola","PHI",7,6,9,3.93594,18,18,0,0,,112,460,104,53,49,16,28,,3,111,8.91879,2.28238,3.90768,1.29505,0.240099,0.061443,0.17865649610757828,0.243017,1.1878,0.2917,0.722307,,,3.81746,1.725,1.59413,88.30000305175781,,,,,,,490.60000000000025,4.380357142857145,481,4.294642857142857,,,,,,,,,,,,,,,,,,,"Aaron Nola","16149",605400
"Seth Lugo","KCR",7,7,10,4.04751,20,20,0,0,,120,504,117,59,54,15,33,,5,103,7.76994,2.49524,3.1139,1.11288,0.205329,0.0659395,0.13938959687948227,0.251859,1.25689,0.294898,0.70869,,,3.90504,1.71384,1.47842,179.72999572753906,,,,,,,491.3,4.094166666666667,497,4.141666666666667,,,,,,,,,,,,,,,,,,,"Seth Lugo","12447",607625
"Luis Castillo","SEA",8,6,11,3.7298,20,20,0,0,,121,500,107,55,50,16,36,,4,117,8.72603,2.69569,3.23703,1.18763,0.234686,0.0725003,0.16218554973602295,0.233743,1.1872,0.280295,0.734935,,,3.85655,1.70377,1.31691,100.88999938964844,,,,,,,534.4000000000001,4.4165289256198355,511,4.223140495867769,,,,,,,,,,,,,,,,,,,"Luis Castillo","15689",622491
"Zach Eflin","BAL",8,7,10,3.95871,20,20,0,0,,119,490,119,57,53,17,21,,4,97,7.31754,1.56405,4.67858,1.29378,0.197997,0.0423199,0.15567726641893387,0.254439,1.16688,0.288277,0.713296,,,3.93196,1.68041,1.20964,192.4199981689453,,,,,,,481.0999999999999,4.042857142857142,493,4.142857142857143,,,,,,,,,,,,,,,,,,,"Zach Eflin","13774",621107
"Carlos Rodón","NYY",9,7,10,4.10082,20,20,0,0,,116,483,98,58,53,18,41,,5,133,10.2486,3.18318,3.21961,1.4078,0.274524,0.0852663,0.1892581582069397,0.225543,1.19982,0.280784,0.718323,,,4.02479,1.66618,1.07789,140.91000366210938,,,,,,,510.2000000000001,4.398275862068966,474,4.086206896551724,,,,,,,,,,,,,,,,,,,"Carlos Rodon","16137",607074
"Drew Rasmussen","TBR",6,5,8,3.40682,32,15,0,0,,96,393,85,40,36,9,24,,3,95,8.85191,2.2443,3.94418,0.880265,0.241423,0.06121,0.18021315336227417,0.233559,1.13614,0.290549,0.72526,,,3.21527,1.65721,1.36034,241.27999877929688,,,,,,,487.70000000000005,5.080208333333334,472,4.916666666666667,,,,,,,,,,,,,,,,,,,"Drew Rasmussen","25385",656876
"Michael King","SDP",6,4,9,3.50534,15,15,0,0,,87,360,74,37,34,10,31,,4,96,9.9141,3.17683,3.12075,1.00785,0.265211,0.0849832,0.18022800236940384,0.225873,1.20206,0.289564,0.744973,,,3.51539,1.64922,1.50248,62.720001220703125,,,,,,,415.4000000000001,4.774712643678162,392,4.505747126436781,,,,,,,,,,,,,,,,,,,"Michael King","19853",650633
"Sandy Alcantara","MIA",6,7,10,3.92675,19,19,0,0,,119,502,115,57,52,13,34,,4,101,7.57144,2.59764,2.91474,0.98069,0.200297,0.0687187,0.1315782219171524,0.249091,1.25393,0.292758,0.707917,,,3.78779,1.64496,1.74371,137.64999389648438,,,,,,,509.69999999999993,4.283193277310923,514,4.319327731092437,,,,,,,,,,,,,,,,,,,"Sandy Alcantara","18684",645261
"Bailey Ober","MIN",7,6,10,4.05237,19,19,0,0,,112,458,101,55,50,18,27,,4,110,8.85091,2.19214,4.03756,1.43229,0.240111,0.0594694,0.18064191937446594,0.23777,1.15132,0.279834,0.712858,,,4.01531,1.63586,1.10633,84.66999816894531,,,,,,,471.8000000000002,4.212500000000001,453,4.044642857142857,,,,,,,,,,,,,,,,,,,"Bailey Ober","21224",641927
"Zac Gallen","ARI",9,6,11,3.8603,20,20,0,0,,118,492,107,55,51,14,39,,4,118,9.04774,2.94384,3.07345,1.06481,0.240421,0.0782251,0.16219616681337357,0.237994,1.23596,0.293315,0.719167,,,3.69446,1.62478,1.82962,119.88999938964844,,,,,,,529.8,4.489830508474576,515,4.364406779661017,,,,,,,,,,,,,,,,,,,"Zac Gallen","19291",668678
"Nick Pivetta","SDP",7,6,10,3.89223,19,19,0,0,,110,448,93,52,47,17,33,,3,124,10.2075,2.72078,3.75168,1.38524,0.277576,0.0739871,0.203588604927063,0.22536,1.14859,0.280633,0.727155,,,3.80403,1.6218,1.32396,173.72000122070312,,,,,,,503.09999999999997,4.573636363636363,469,4.263636363636364,,,,,,,,,,,,,,,,,,,"Nick Pivetta","15454",601713
"Ranger Suárez","PHI",7,5,8,3.73175,26,17,0,0,,102,430,97,46,42,11,33,,3,93,8.18527,2.85975,2.86223,0.926548,0.216395,0.0756036,0.14079151302576065,0.244854,1.26131,0.29587,0.72559,,,3.64658,1.61929,1.54467,278.0299987792969,,,,,,,445.3,4.365686274509804,445,4.362745098039215,,,,,,,,,,,,,,,,,,,"Ranger Suarez","17277",624133
"Brandon Woodruff","MIL",7,5,10,3.81351,18,18,0,0,,105,432,93,48,44,15,30,,4,108,9.28224,2.55233,3.63677,1.24604,0.250427,0.0688598,0.18156754970550537,0.233243,1.1688,0.284436,0.726412,,,3.78603,1.61664,1.66164,254.5399932861328,,,,,,,464.7,4.425714285714285,444,4.228571428571429,,,,,,,,,,,,,,,,,,,"Brandon Woodruff","16162",605540
"Kris Bubic","KCR",6,6,8,3.962,32,17,0,0,,106,448,101,51,47,11,35,,4,102,8.67739,2.93759,2.95391,0.967006,0.228336,0.0772995,0.15103654563426971,0.246355,1.27763,0.302473,0.708945,,,3.63168,1.61617,1.30353,319.5799865722656,,,,,,,473.5000000000001,4.466981132075473,474,4.471698113207547,,,,,,,,,,,,,,,,,,,"Kris Bubic","21455",663460
"Jesús Luzardo","PHI",7,6,9,3.89808,24,18,0,0,,106,439,94,50,46,14,34,,3,111,9.44325,2.89858,3.25789,1.18483,0.25289,0.0776237,0.17526614665985107,0.233171,1.20691,0.288146,0.719857,,,3.75483,1.60086,1.38809,235.11000061035156,,,,,,,478.80000000000007,4.516981132075473,459,4.330188679245283,,,,,,,,,,,,,,,,,,,"Jesus Luzardo","19959",666200
"Chris Bassitt","TOR",7,7,10,4.02527,20,20,0,0,,118,502,112,58,53,15,38,,7,112,8.51484,2.92401,2.91204,1.1627,0.223017,0.0765844,0.1464322954416275,0.245257,1.27051,0.293644,0.719834,,,4.0265,1.56719,1.11967,344.04998779296875,,,,,,,486.50000000000006,4.122881355932204,484,4.101694915254237,,,,,,,,,,,,,,,,,,,"Chris Bassitt","12304",605135
"Michael Wacha","KCR",7,6,9,4.09347,18,18,0,0,,103,432,99,51,47,13,31,,3,87,7.63638,2.68756,2.84138,1.16923,0.201415,0.0708861,0.13052859157323837,0.249237,1.26651,0.288458,0.711882,,,4.05892,1.52554,1.2325,278.1300048828125,,,,,,,416.9000000000001,4.047572815533981,418,4.058252427184466,,,,,,,,,,,,,,,,,,,"Michael Wacha","14078",608379
"Yusei Kikuchi","LAA",6,7,10,4.0673,20,20,0,0,,113,474,104,56,51,18,37,,3,120,9.55744,2.96957,3.21846,1.43708,0.253672,0.0788178,0.1748543679714203,0.239355,1.24581,0.290309,0.738156,,,4.11097,1.51148,1.20092,170.38999938964844,,,,,,,464.4000000000001,4.109734513274337,451,3.9911504424778763,,,,,,,,,,,,,,,,,,,"Yusei Kikuchi","20633",579328
"Nick Martinez","CIN",6,6,7,4.22409,28,17,0,0,,105,445,106,54,49,15,28,,4,88,7.48894,2.4203,3.09422,1.25644,0.196929,0.0636443,0.13328517973423004,0.257823,1.27982,0.295434,0.709777,,,4.14348,1.46363,1.25567,315.4200134277344,,,,,,,396.9,3.78,410,3.9047619047619047,,,,,,,,,,,,,,,,,,,"Nick Martinez","12730",607259
"Brady Singer","CIN",6,7,9,4.36362,19,19,0,0,,109,465,108,58,53,16,34,,5,103,8.50223,2.76232,3.07793,1.28034,0.221757,0.0720473,0.1497092768549919,0.254372,1.29967,0.302042,0.702099,,,4.1112,1.46261,1.22655,331.239990234375,,,,,,,417.99999999999994,3.8348623853211006,426,3.908256880733945,,,,,,,,,,,,,,,,,,,"Brady Singer","25377",663903
"Kodai Senga","NYM",8,5,10,3.70481,18,18,0,0,,104,440,87,46,43,12,45,,5,112,9.71121,3.91361,2.48139,1.03415,0.254976,0.102755,0.1522207334637642,0.224043,1.27408,0.283835,0.742572,,,3.87305,1.46159,1.60682,155.4199981689453,,,,,,,469.8,4.517307692307693,438,4.211538461538462,,,,,,,,,,,,,,,,,,,"Kodai Senga","31838",673540
"Mitch Keller","PIT",7,7,10,4.30251,20,20,0,0,,118,506,117,62,57,14,37,,7,104,7.88461,2.78022,2.83597,1.09206,0.205141,0.0723354,0.13280540704727173,0.253669,1.29799,0.299046,0.689968,,,4.0191,1.42616,1.17156,298.9200134277344,,,,,,,472.8,4.0067796610169495,484,4.101694915254237,,,,,,,,,,,,,,,,,,,"Mitch Keller","17594",656605
"Reese Olson","DET",5,5,8,3.85497,16,16,0,0,,85,356,78,39,36,9,28,,3,79,8.41091,3.01102,2.79337,0.918118,0.222622,0.0796964,0.1429252251982689,0.239442,1.25069,0.291845,0.70867,,,3.65173,1.40171,1.10981,246.61000061035156,,,,,,,380.49999999999994,4.476470588235293,373,4.3882352941176475,,,,,,,,,,,,,,,,,,,"Reese Olson","24968",681857
"José Soriano","LAA",6,6,9,3.88864,18,18,0,0,,100,431,91,47,43,9,42,,6,90,8.09604,3.79871,2.13126,0.843644,0.209058,0.0980911,0.11096663028001785,0.237704,1.32949,0.288117,0.717583,,,3.95534,1.39056,1.3293,324.3900146484375,,,,,,,428.69999999999993,4.286999999999999,419,4.19,,,,,,,,,,,,,,,,,,,"Jose Soriano","22100",667755
"Nick Lodolo","CIN",6,6,8,4.09922,17,17,0,0,,95,404,88,47,43,13,29,,10,96,9.10224,2.72314,3.34256,1.25634,0.238471,0.071344,0.16712742298841476,0.240623,1.22531,0.291801,0.70905,,,4.08999,1.3735,1.41749,235.97999572753906,,,,,,,389.3,4.097894736842106,381,4.010526315789473,,,,,,,,,,,,,,,,,,,"Nick Lodolo","26378",666157
"Clarke Schmidt","NYY",6,6,8,4.04894,24,17,0,0,,97,411,89,48,44,13,34,,6,96,8.87581,3.11795,2.84668,1.24894,0.232919,0.0818211,0.15109754353761673,0.240118,1.26608,0.288678,0.725021,,,4.12334,1.36706,1.00797,249.11000061035156,,,,,,,398.5000000000001,4.108247422680414,388,4,,,,,,,,,,,,,,,,,,,"Clarke Schmidt","19899",657376
"Matthew Boyd","CHC",6,5,9,3.94745,18,18,0,0,,96,405,89,46,42,13,31,,4,97,9.03922,2.92535,3.08996,1.17762,0.239258,0.0774308,0.1618269830942154,0.239843,1.24319,0.292359,0.723059,,,3.88057,1.36276,1.14807,323.04998779296875,,,,,,,408.10000000000014,4.251041666666668,400,4.166666666666667,,,,,,,,,,,,,,,,,,,"Matthew Boyd","15440",571510
"Shane Bieber","CLE",4,3,7,3.64598,17,13,0,0,,78,321,73,34,31,9,20,,2,75,8.75347,2.28346,3.83343,1.00248,0.235239,0.0613652,0.1738736517727375,0.244558,1.19577,0.300089,0.726497,,,3.42965,1.35856,1.17194,448.3999938964844,,,,,,,360.7,4.624358974358974,357,4.576923076923077,,,,,,,,,,,,,,,,,,,"Shane Bieber","19427",669456
"Brayan Bello","BOS",8,7,9,4.13984,19,19,0,0,,105,452,103,53,48,12,37,,5,95,8.11018,3.1897,2.54262,1.03939,0.20988,0.0825448,0.1273350864648819,0.251905,1.33485,0.300802,0.711637,,,3.98273,1.35025,1.21988,372.8999938964844,,,,,,,425.59999999999997,4.053333333333333,433,4.123809523809523,,,,,,,,,,,,,,,,,,,"Brayan Bello","23920",678394
"Mason Miller","ATH",2,1,0,2.76633,42,0,20,1,,42,168,28,14,13,4,15,,2,63,13.3861,3.08012,4.34597,0.847201,0.375014,0.0862901,0.28872358798980713,0.187714,1.01472,0.289029,0.770864,,,2.47925,1.33225,1.10563,45.09000015258789,,,,,,,367.8,8.757142857142858,337,8.023809523809524,,,,,,,,,,,,,,,,,,,"Mason Miller","31757",695243
"Gavin Williams","CLE",6,5,9,4.05881,19,19,0,0,,101,427,88,49,45,12,41,,4,104,9.33185,3.70425,2.51923,1.10477,0.244479,0.0970452,0.14743351936340332,0.23194,1.29035,0.287552,0.715385,,,3.95853,1.29102,1.03155,195.02999877929688,,,,,,,444.00000000000006,4.396039603960396,422,4.178217821782178,,,,,,,,,,,,,,,,,,,"Gavin Williams","30122",668909
"Bryce Miller","SEA",7,6,10,3.81205,18,18,0,0,,104,427,91,48,44,14,30,,4,98,8.51671,2.63148,3.23647,1.21484,0.230352,0.0711737,0.15917795151472092,0.23049,1.16402,0.272797,0.721636,,,3.92083,1.28731,1.05068,78.69999694824219,,,,,,,454.80000000000007,4.3730769230769235,432,4.153846153846154,,,,,,,,,,,,,,,,,,,"Bryce Miller","29837",682243
"Brandon Pfaadt","ARI",7,6,8,4.06187,26,18,0,0,,108,449,105,53,49,16,26,,4,106,8.82029,2.12945,4.14206,1.3009,0.235797,0.0569274,0.17886927351355553,0.25051,1.20903,0.300261,0.713707,,,3.82184,1.27591,1.29673,178.5399932861328,,,,,,,451.4000000000001,4.1796296296296305,454,4.203703703703703,,,,,,,,,,,,,,,,,,,"Brandon Pfaadt","27782",694297
"Tyler Mahle","TEX",5,5,9,4.07371,18,18,0,0,,97,405,87,48,44,13,32,,4,88,8.19429,2.98827,2.74216,1.1641,0.218025,0.0795086,0.13851628452539444,0.235536,1.22862,0.277308,0.703197,,,4.04815,1.25963,0.952006,452.010009765625,,,,,,,399.7000000000001,4.120618556701032,384,3.9587628865979383,,,,,,,,,,,,,,,,,,,"Tyler Mahle","16358",641816
"Roki Sasaki","LAD",5,3,7,3.68664,13,13,0,0,,70,292,59,31,29,8,25,,3,78,9.97766,3.14389,3.17367,1.07572,0.267458,0.0842741,0.18318410962820053,0.222203,1.18185,0.283102,0.726063,,,3.61096,1.24822,1.14235,999,,,,,,,338.20000000000005,4.831428571428572,318,4.542857142857143,,,,,,,,,,,,,,,,,,,"Roki Sasaki","35323",808963
"Blake Snell","LAD",5,2,7,3.51908,12,12,0,0,,64,265,49,27,25,7,29,,2,79,11.1417,4.08501,2.72747,1.00443,0.298125,0.109305,0.1888202354311943,0.20777,1.21707,0.280415,0.746645,,,3.49225,1.21465,1.19242,44.5099983215332,,,,,,,325.1,5.0796875,294,4.59375,,,,,,,,,,,,,,,,,,,"Blake Snell","13543",605483
"David Peterson","NYM",6,5,9,3.83479,17,17,0,0,,95,407,90,44,40,10,36,,4,88,8.33422,3.46316,2.40654,0.922318,0.215504,0.0895494,0.1259545460343361,0.247418,1.3412,0.300992,0.733106,,,3.85391,1.20857,1.25024,326.9200134277344,,,,,,,402,4.231578947368421,401,4.221052631578948,,,,,,,,,,,,,,,,,,,"David Peterson","20302",656849
"Eduardo Rodriguez","ARI",6,5,8,4.0011,21,16,0,0,,90,380,86,44,40,11,29,,2,86,8.53945,2.88608,2.95884,1.14134,0.225096,0.0760756,0.149020217359066,0.247687,1.27874,0.297681,0.72241,,,3.87173,1.19768,1.15522,376.4800109863281,,,,,,,386.1,4.29,386,4.288888888888889,,,,,,,,,,,,,,,,,,,"Eduardo Rodriguez","13164",593958
"Shota Imanaga","CHC",7,4,9,3.78187,16,16,0,0,,95,387,87,43,40,15,22,,3,91,8.6433,2.10732,4.10155,1.43012,0.235104,0.0573207,0.17778311297297478,0.238757,1.14684,0.278829,0.746549,,,4.01082,1.17272,1.40806,78.08999633789062,,,,,,,399.3,4.203157894736842,387,4.073684210526316,,,,,,,,,,,,,,,,,,,"Shota Imanaga","33829",684007
"Lance McCullers Jr.","HOU",6,5,8,3.97073,28,17,0,0,,102,438,91,49,45,11,45,,5,97,8.59266,4.01909,2.13796,1.01031,0.221638,0.103668,0.11797025054693222,0.235965,1.34529,0.286851,0.728652,,,4.12597,1.16443,0.955795,587.7899780273438,,,,,,,426.9,4.185294117647058,411,4.029411764705882,,,,,,,,,,,,,,,,,,,"Lance McCullers Jr.","14120",621121
"Ben Brown","CHC",5,4,6,3.85024,25,13,0,0,,80,338,70,37,34,9,31,,3,88,9.83456,3.45996,2.84239,1.00367,0.260071,0.0914972,0.16857337951660156,0.229781,1.25258,0.293961,0.718295,,,3.61418,1.16162,0.860029,428.55999755859375,,,,,,,373.29999999999995,4.66625,357,4.4625,,,,,,,,,,,,,,,,,,,"Ben Brown","23590",676962
"Casey Mize","DET",5,6,8,4.2586,18,18,0,0,,96,408,97,49,45,12,27,,4,75,7.008,2.54835,2.75001,1.1424,0.183579,0.0667557,0.11682340502738953,0.257439,1.29202,0.292684,0.697915,,,4.14029,1.14259,0.729149,357.7300109863281,,,,,,,367.6000000000001,3.8291666666666675,381,3.96875,,,,,,,,,,,,,,,,,,,"Casey Mize","20492",663554
"Cade Smith","CLE",3,1,0,2.92649,44,0,3,9,,44,181,34,16,14,3,15,,2,57,11.6157,3.01883,3.84774,0.666034,0.31784,0.0826045,0.23523567616939545,0.208448,1.10175,0.299487,0.7497,,,2.61303,1.13666,0.850523,368.2799987792969,,,,,,,314.30000000000007,7.143181818181819,295,6.704545454545454,,,,,,,,,,,,,,,,,,,"Cade Smith","27867",671922
"Shane McClanahan","TBR",5,4,7,3.51375,18,13,0,0,,73,299,63,31,28,9,23,,2,78,9.66023,2.80743,3.44096,1.15134,0.261417,0.075972,0.18544454127550125,0.227864,1.1707,0.284652,0.752655,,,3.60717,1.13244,1.04206,154.27000427246094,,,,,,,346.70000000000005,4.749315068493151,329,4.506849315068493,,,,,,,,,,,,,,,,,,,"Shane McClanahan","21483",663556
"Zebby Matthews","MIN",4,4,6,4.12451,26,14,0,0,,80,332,79,40,37,12,17,,3,76,8.49721,1.87518,4.53141,1.37388,0.228252,0.0503709,0.17788058146834373,0.252551,1.1916,0.297015,0.709153,,,3.90496,1.12505,0.650736,406.510009765625,,,,,,,331,4.1375,336,4.2,,,,,,,,,,,,,,,,,,,"Zebby Matthews","31827",805673
"José Berríos","TOR",7,7,10,4.26585,21,21,0,0,,126,535,123,65,60,19,38,,7,108,7.68377,2.6868,2.85982,1.38246,0.201742,0.0705434,0.13119826465845108,0.250364,1.27042,0.284665,0.715597,,,4.41879,1.12468,0.876921,242.77000427246094,,,,,,,459.90000000000003,3.6500000000000004,464,3.6825396825396823,,,,,,,,,,,,,,,,,,,"Jose Berrios","14168",621244
"Emmanuel Clase","CLE",3,2,0,2.74751,43,0,20,2,,43,173,38,14,13,3,9,,1,41,8.4876,1.80564,4.70061,0.583618,0.234803,0.0499517,0.1848517507314682,0.231303,1.07625,0.291888,0.755406,,,2.72854,1.0904,1.16401,35.18000030517578,,,,,,,342.5,7.965116279069767,336,7.813953488372093,,,,,,,,,,,,,,,,,,,"Emmanuel Clase","21032",661403
"Taj Bradley","TBR",7,6,9,4.08693,19,19,0,0,,107,449,97,53,49,17,36,,3,110,9.26806,3.02525,3.06357,1.41926,0.245746,0.0802156,0.16553057730197906,0.238155,1.24668,0.28562,0.734073,,,4.17117,1.08731,0.820849,198.11000061035156,,,,,,,433.50000000000006,4.051401869158879,417,3.897196261682243,,,,,,,,,,,,,,,,,,,"Taj Bradley","22543",671737
"Landen Roupp","SFG",4,4,7,3.9817,23,16,0,0,,91,390,83,44,40,9,39,,3,90,8.86875,3.83536,2.31236,0.903273,0.230147,0.0995288,0.13061797618865967,0.238918,1.33965,0.297013,0.716153,,,3.78778,1.0871,1.06469,431.4800109863281,,,,,,,400.8999999999999,4.405494505494505,392,4.3076923076923075,,,,,,,,,,,,,,,,,,,"Landen Roupp","30076",694738
"Erick Fedde","STL",6,7,9,4.34337,19,19,0,0,,108,461,106,57,52,14,36,,3,87,7.24424,3.02932,2.39137,1.19538,0.189155,0.079099,0.11005605012178421,0.251903,1.31646,0.286928,0.700478,,,4.29252,1.06835,0.810068,335.6700134277344,,,,,,,408.4,3.781481481481481,415,3.8425925925925926,,,,,,,,,,,,,,,,,,,"Erick Fedde","17425",607200
"Luis Severino","ATH",6,8,9,4.3831,20,20,0,0,,118,500,113,62,57,17,38,,6,99,7.55988,2.93578,2.57509,1.31885,0.198139,0.0769444,0.12119417637586594,0.247095,1.28123,0.280872,0.698713,,,4.42745,1.065,0.773266,302.3599853515625,,,,,,,436.3,3.697457627118644,435,3.6864406779661016,,,,,,,,,,,,,,,,,,,"Luis Severino","15890",622663
"Jameson Taillon","CHC",7,6,9,4.30007,19,19,0,0,,111,463,111,58,53,17,26,,3,89,7.1893,2.10321,3.41825,1.34328,0.191644,0.0560649,0.13557913154363632,0.255384,1.23174,0.286758,0.696538,,,4.20245,1.05715,0.824996,341.82000732421875,,,,,,,414.70000000000005,3.7360360360360363,425,3.828828828828829,,,,,,,,,,,,,,,,,,,"Jameson Taillon","11674",592791
"Miles Mikolas","STL",6,7,8,4.58777,19,19,0,0,,108,457,117,60,55,15,22,,4,73,6.0799,1.7885,3.39943,1.26204,0.159971,0.047058,0.11291269585490227,0.270288,1.27663,0.295592,0.668835,,,4.25604,1.05004,0.509687,584.2000122070312,,,,,,,378.50000000000006,3.50462962962963,413,3.824074074074074,,,,,,,,,,,,,,,,,,,"Miles Mikolas","9803",571945
"Max Scherzer","TOR",5,4,7,3.93654,19,14,0,0,,79,325,70,38,35,13,21,,3,81,9.18778,2.35595,3.89982,1.50766,0.249653,0.0640165,0.18563652783632278,0.231774,1.13972,0.273289,0.733867,,,4.11888,1.04757,0.855648,273.1400146484375,,,,,,,332.70000000000005,4.211392405063291,316,4,,,,,,,,,,,,,,,,,,,"Max Scherzer","3137",453286
"Jhoan Duran","MIN",3,3,0,2.81675,43,0,17,2,,43,175,34,14,13,3,14,,2,51,10.8535,3.04077,3.56932,0.657725,0.293303,0.0821735,0.21112985908985138,0.216759,1.1432,0.300558,0.771468,,,2.80625,1.03901,1.17684,68.86000061035156,,,,,,,339.9,7.904651162790697,323,7.511627906976744,,,,,,,,,,,,,,,,,,,"Jhoan Duran","21029",661395
"Shane Smith","CHW",5,5,7,4.28509,23,17,0,0,,97,415,90,50,46,12,36,,6,82,7.64063,3.32396,2.29865,1.13973,0.198782,0.0864777,0.11230457574129105,0.242197,1.29938,0.280476,0.696787,,,4.31995,1.03689,0.706313,558.8499755859375,,,,,,,374.20000000000005,3.857731958762887,367,3.783505154639175,,,,,,,,,,,,,,,,,,,"Shane Smith","31687",681343
"Max Meyer","MIA",5,6,8,4.19012,22,17,0,0,,96,411,94,49,45,13,34,,4,92,8.56211,3.14049,2.72636,1.21376,0.222453,0.0815934,0.14085952192544937,0.250936,1.32486,0.300066,0.720747,,,4.09237,1.03022,1.06935,352.9200134277344,,,,,,,376.10000000000014,3.917708333333335,381,3.96875,,,,,,,,,,,,,,,,,,,"Max Meyer","27474",676974
"Merrill Kelly","ARI",7,5,9,4.16111,19,19,0,0,,111,467,105,56,51,15,35,,3,97,7.85183,2.86567,2.73996,1.21539,0.207318,0.0756647,0.13165351748466492,0.246326,1.26949,0.285968,0.709849,,,4.13123,1.02651,1.28024,300.7300109863281,,,,,,,443.9000000000001,3.9990990990990998,440,3.963963963963964,,,,,,,,,,,,,,,,,,,"Merrill Kelly","11156",518876
"Justin Verlander","SFG",5,6,8,4.2426,16,16,0,0,,91,385,90,47,43,12,27,,4,76,7.51352,2.61946,2.86834,1.2049,0.197311,0.0687891,0.12852175533771515,0.254057,1.28215,0.29233,0.703156,,,4.13996,1.01974,0.762058,334.260009765625,,,,,,,350.79999999999995,3.8549450549450546,358,3.934065934065934,,,,,,,,,,,,,,,,,,,"Justin Verlander","8700",434378
"Shane Baz","TBR",6,5,8,4.04759,25,17,0,0,,99,417,88,49,45,14,35,,5,97,8.77017,3.20776,2.73405,1.27723,0.231835,0.0847953,0.1470392942428589,0.233244,1.24271,0.277393,0.722079,,,4.18548,1.01267,0.749776,198.6699981689453,,,,,,,405.6000000000001,4.096969696969698,387,3.909090909090909,,,,,,,,,,,,,,,,,,,"Shane Baz","22264",669358
"Edwin Díaz","NYM",3,2,0,3.08273,42,0,23,1,,42,171,30,16,14,4,16,,2,61,13.0782,3.47943,3.75873,0.905347,0.357773,0.0951845,0.26258834451436996,0.19593,1.09569,0.29462,0.757579,,,2.80836,1.00498,0.795696,43.040000915527344,,,,,,,370.6,8.823809523809524,345,8.214285714285714,,,,,,,,,,,,,,,,,,,"Edwin Diaz","14710",621242
"Jeffrey Springs","ATH",6,6,9,4.15925,19,19,0,0,,96,404,91,48,44,15,31,,2,89,8.30355,2.91929,2.84437,1.37648,0.219669,0.0772294,0.1424395516514778,0.244245,1.26482,0.283798,0.725702,,,4.27109,0.99132,0.878885,268.7900085449219,,,,,,,368.30000000000007,3.836458333333334,364,3.7916666666666665,,,,,,,,,,,,,,,,,,,"Jeffrey Springs","17677",605488
"Matthew Liberatore","STL",5,6,6,4.104,35,15,0,0,,99,422,96,49,45,11,32,,4,88,7.94857,2.91713,2.7248,1.01901,0.208381,0.076476,0.1319054812192917,0.248747,1.28765,0.295539,0.70142,,,3.87908,0.989625,0.86212,653.6400146484375,,,,,,,415.69999999999993,4.198989898989899,420,4.242424242424242,,,,,,,,,,,,,,,,,,,"Matthew Liberatore","22294",669461
"Félix Bautista","BAL",3,2,0,2.72606,39,0,17,2,,39,159,27,13,12,4,17,,2,55,12.7207,3.85383,3.30079,0.839999,0.3487,0.105641,0.24305836111307144,0.188606,1.10462,0.280373,0.796122,,,2.8667,0.961265,0.976583,64.93000030517578,,,,,,,315.20000000000005,8.082051282051284,289,7.410256410256411,,,,,,,,,,,,,,,,,,,"Felix Bautista","20666",642585
"Jeff Hoffman","TOR",3,2,0,2.99903,42,0,19,2,,42,170,32,15,14,5,14,,2,53,11.3728,2.95678,3.84634,0.972674,0.312672,0.0812907,0.23138102889060974,0.208119,1.09188,0.285382,0.775778,,,3.07783,0.95796,0.917105,94.0199966430664,,,,,,,327.1,7.788095238095239,306,7.285714285714286,,,,,,,,,,,,,,,,,,,"Jeff Hoffman","17432",656546
"Griffin Jax","MIN",3,3,0,3.21956,43,0,1,9,,43,175,36,17,15,4,12,,2,52,10.917,2.43499,4.4834,0.876083,0.299285,0.066754,0.2325308471918106,0.22231,1.10241,0.30208,0.738588,,,2.85224,0.954102,0.638212,286.989990234375,,,,,,,278.4,6.474418604651162,266,6.186046511627907,,,,,,,,,,,,,,,,,,,"Griffin Jax","20253",643377
"Chris Paddack","MIN",5,5,6,4.57952,31,15,0,0,,97,411,99,53,49,14,27,,3,85,7.87561,2.5414,3.09892,1.34786,0.206011,0.0664783,0.13953285664319992,0.261186,1.31112,0.30165,0.688216,,,4.20289,0.951537,0.251081,524.5900268554688,,,,,,,368.20000000000016,3.7958762886597954,383,3.948453608247423,,,,,,,,,,,,,,,,,,,"Chris Paddack","20099",663978
"Ryan Helsley","STL",3,2,0,2.96759,43,0,22,1,,43,175,33,15,14,4,17,,1,51,10.7268,3.518,3.04913,0.767415,0.290993,0.0954347,0.19555791467428207,0.208152,1.15584,0.283459,0.769381,,,3.06687,0.949729,1.09363,53.880001068115234,,,,,,,345.2,8.027906976744186,325,7.558139534883721,,,,,,,,,,,,,,,,,,,"Ryan Helsley","18138",664854
"Eury Pérez","MIA",4,4,6,3.90383,13,13,0,0,,66,273,57,31,29,10,22,,2,74,10.0359,2.98153,3.36602,1.32094,0.269088,0.0799425,0.1891453117132187,0.22948,1.19795,0.286264,0.731984,,,3.85914,0.934501,1.02998,503.1199951171875,,,,,,,293.2000000000001,4.442424242424244,276,4.181818181818182,,,,,,,,,,,,,,,,,,,"Eury Perez","27768",691587
"Matt Strahm","PHI",3,2,0,3.24766,42,0,6,7,,42,169,34,17,15,5,11,,2,50,10.6652,2.35514,4.52847,1.03687,0.294581,0.0650508,0.22952988743782043,0.215488,1.0606,0.28402,0.743206,,,3.15269,0.931783,0.694057,566.0499877929688,,,,,,,279.9,6.664285714285714,264,6.285714285714286,,,,,,,,,,,,,,,,,,,"Matt Strahm","13799",621381
"Kyle Freeland","COL",4,8,8,5.04351,19,19,0,0,,107,465,122,65,60,17,28,,3,77,6.46991,2.36709,2.73328,1.42567,0.165341,0.0604919,0.10484902933239937,0.281927,1.40552,0.309932,0.67278,,,4.58693,0.931583,0.808476,724.9400024414062,,,,,,,326.50000000000006,3.051401869158879,375,3.5046728971962615,,,,,,,,,,,,,,,,,,,"Kyle Freeland","16256",607536
"Grant Holmes","ATL",6,5,8,4.29639,22,17,0,0,,99,424,95,52,47,13,36,,4,96,8.71819,3.26598,2.6694,1.17233,0.226871,0.0849897,0.14188162982463837,0.2483,1.32334,0.2998,0.705057,,,4.04025,0.92316,0.884372,271.4800109863281,,,,,,,397.70000000000005,4.017171717171718,398,4.02020202020202,,,,,,,,,,,,,,,,,,,"Grant Holmes","16944",656550
"Clayton Kershaw","LAD",5,3,7,3.78064,13,13,0,0,,65,273,62,30,27,9,19,,2,59,8.17054,2.5506,3.20339,1.17818,0.217708,0.0679618,0.14974617958068848,0.245784,1.23029,0.289994,0.738947,,,3.91786,0.920407,0.928974,559.469970703125,,,,,,,264.1,4.063076923076923,263,4.046153846153846,,,,,,,,,,,,,,,,,,,"Clayton Kershaw","2036",477132
"Mitchell Parker","WSN",5,7,8,4.35647,26,18,0,0,,104,443,100,55,50,13,38,,3,84,7.3279,3.32782,2.20201,1.14314,0.190769,0.086634,0.10413526743650436,0.248184,1.33039,0.284568,0.697785,,,4.29435,0.919532,0.776837,502.9800109863281,,,,,,,394.70000000000005,3.795192307692308,396,3.8076923076923075,,,,,,,,,,,,,,,,,,,"Mitchell Parker","27636",680730
"Andrés Muñoz","SEA",3,2,0,2.66298,42,0,20,2,,42,171,30,13,12,3,17,,2,54,11.4992,3.5559,3.23383,0.663424,0.313719,0.0970117,0.21670755743980408,0.197802,1.1121,0.282956,0.783511,,,2.82573,0.915973,1.13361,60.88999938964844,,,,,,,354.90000000000003,8.450000000000001,330,7.857142857142857,,,,,,,,,,,,,,,,,,,"Andres Munoz","20373",662253
"Sean Manaea","NYM",5,4,7,4.12763,14,14,0,0,,78,325,69,39,36,11,27,,3,78,8.99629,3.12191,2.88166,1.2602,0.238583,0.0827937,0.15578950941562653,0.233552,1.23431,0.280969,0.708679,,,4.07027,0.915321,0.719292,251.00999450683594,,,,,,,328.5,4.211538461538462,313,4.012820512820513,,,,,,,,,,,,,,,,,,,"Sean Manaea","15873",640455
"Robbie Ray","SFG",7,6,9,4.10655,19,19,0,0,,105,443,92,52,48,16,41,,5,115,9.85881,3.48881,2.82584,1.36005,0.259208,0.0917279,0.16748052835464478,0.231759,1.26552,0.285975,0.730162,,,4.16748,0.911801,1.11046,132.1699981689453,,,,,,,433.00000000000006,4.123809523809524,409,3.895238095238095,,,,,,,,,,,,,,,,,,,"Robbie Ray","11486",592662
"Ryan Pepiot","TBR",7,7,9,4.17919,19,19,0,0,,103,437,93,52,48,17,38,,5,104,9.0607,3.28556,2.75773,1.43687,0.238161,0.0863612,0.1518000140786171,0.236396,1.26594,0.280291,0.730225,,,4.39015,0.894868,0.685771,166.35000610351562,,,,,,,390.3,3.789320388349515,373,3.621359223300971,,,,,,,,,,,,,,,,,,,"Ryan Pepiot","26221",686752
"Alex Cobb","DET",3,3,5,3.84924,10,10,0,0,,57,238,56,26,24,5,16,,2,46,7.30981,2.54397,2.87339,0.862146,0.192706,0.0670657,0.1256401464343071,0.253743,1.27213,0.298739,0.709342,,,3.64601,0.893031,0.760842,620.6199951171875,,,,,,,252.69999999999996,4.433333333333333,258,4.526315789473684,,,,,,,,,,,,,,,,,,,"Alex Cobb","6562",502171
"Tanner Houck","BOS",4,4,4,4.05882,27,10,0,0,,75,321,73,37,34,8,23,,5,65,7.79206,2.80393,2.77898,0.916391,0.203362,0.0731787,0.13018327951431274,0.249984,1.28147,0.298079,0.694757,,,3.80375,0.892011,0.769087,225.72999572753906,,,,,,,312.8,4.1706666666666665,317,4.226666666666667,,,,,,,,,,,,,,,,,,,"Tanner Houck","19879",656557
"Andrew Heaney","PIT",5,6,7,4.36776,22,17,0,0,,93,394,90,49,45,13,29,,5,85,8.29101,2.84528,2.91395,1.28743,0.216572,0.0743224,0.14224965125322342,0.25,1.28614,0.29369,0.698637,,,4.21747,0.88399,0.879803,451.3800048828125,,,,,,,362.30000000000007,3.8956989247311835,364,3.913978494623656,,,,,,,,,,,,,,,,,,,"Andrew Heaney","15423",571760
"Grayson Rodriguez","BAL",4,3,5,3.74895,10,10,0,0,,56,232,50,25,23,7,18,,2,60,9.67253,2.92429,3.30765,1.17618,0.258413,0.078126,0.18028724938631058,0.23413,1.21459,0.292537,0.738462,,,3.70593,0.874371,0.76759,218.6699981689453,,,,,,,258.30000000000007,4.612500000000002,249,4.446428571428571,,,,,,,,,,,,,,,,,,,"Grayson Rodriguez","24492",680570
"Josh Hader","HOU",3,3,0,3.20871,44,0,21,1,,44,178,31,17,16,6,17,,2,62,12.5896,3.48911,3.60826,1.15221,0.346423,0.0960084,0.2504146546125412,0.194257,1.08925,0.275124,0.771113,,,3.22513,0.869906,0.745435,40.11000061035156,,,,,,,347.20000000000005,7.8909090909090915,318,7.2272727272727275,,,,,,,,,,,,,,,,,,,"Josh Hader","14212",623352
"Aaron Civale","MIL",5,6,7,4.4077,20,17,0,0,,91,385,88,49,45,15,28,,4,84,8.31395,2.72361,3.05255,1.46088,0.218772,0.0716687,0.1471034437417984,0.249587,1.27049,0.288542,0.707562,,,4.37596,0.869121,0.728685,368.0899963378906,,,,,,,332.09999999999997,3.649450549450549,332,3.6483516483516483,,,,,,,,,,,,,,,,,,,"Aaron Civale","19479",650644
"Tanner Scott","LAD",3,2,0,3.04042,43,0,17,5,,43,178,33,16,14,3,19,,2,51,10.7409,3.92477,2.7367,0.715608,0.286155,0.104562,0.18159300833940506,0.211498,1.21687,0.289933,0.768546,,,3.16285,0.850951,0.926752,102.88999938964844,,,,,,,339.5,7.895348837209302,320,7.441860465116279,,,,,,,,,,,,,,,,,,,"Tanner Scott","17586",656945
"Will Warren","NYY",5,6,6,4.59229,28,16,0,0,,91,388,87,50,46,13,34,,4,86,8.57334,3.386,2.532,1.25431,0.222006,0.0876803,0.13432610034942627,0.247843,1.3351,0.295114,0.684636,,,4.25181,0.849072,0.227733,382.8500061035156,,,,,,,345.3,3.794505494505495,344,3.78021978021978,,,,,,,,,,,,,,,,,,,"Will Warren","30182",701542
"Andrew Abbott","CIN",5,6,7,4.55252,17,17,0,0,,92,394,88,50,46,16,36,,2,85,8.38294,3.55936,2.35518,1.59655,0.21689,0.0920906,0.12479963153600693,0.24749,1.35406,0.28259,0.727352,,,4.78653,0.821275,0.934593,505.7099914550781,,,,,,,311.2,3.382608695652174,308,3.347826086956522,,,,,,,,,,,,,,,,,,,"Andrew Abbott","29911",671096
"Luis Gil","NYY",5,4,5,4.14374,20,12,0,0,,70,299,57,35,32,10,34,,3,77,9.88097,4.3974,2.247,1.26989,0.258003,0.114821,0.14318224787712097,0.21794,1.29954,0.269885,0.725125,,,4.32098,0.820973,0.578899,472.3699951171875,,,,,,,289.8,4.140000000000001,263,3.757142857142857,,,,,,,,,,,,,,,,,,,"Luis Gil","21052",661563
"JP Sears","ATH",6,8,9,4.59364,20,20,0,0,,116,490,114,64,59,20,32,,7,93,7.21713,2.49359,2.89428,1.54896,0.189537,0.0654866,0.12404990196228027,0.252729,1.26124,0.278089,0.692403,,,4.72299,0.819179,0.454287,463.79998779296875,,,,,,,385.0000000000001,3.3189655172413803,389,3.353448275862069,,,,,,,,,,,,,,,,,,,"JP Sears","23429",676664
"Stephen Kolek","SDP",6,4,5,4.45948,25,13,0,0,,92,400,98,49,45,10,30,,5,71,7.00331,2.94565,2.37751,0.953061,0.178399,0.0750359,0.10336273163557053,0.268074,1.39311,0.310475,0.686444,,,4.05776,0.814177,0.326132,694.02001953125,,,,,,,340.00000000000006,3.695652173913044,367,3.989130434782609,,,,,,,,,,,,,,,,,,,"Stephen Kolek","21487",663568
"Luis L. Ortiz","CLE",6,6,8,4.32726,23,18,0,0,,109,469,105,57,52,15,42,,5,94,7.78597,3.5033,2.22247,1.20922,0.2011,0.0904849,0.11061502248048782,0.247968,1.34877,0.287507,0.711791,,,4.39285,0.812029,0.669292,395.9599914550781,,,,,,,396.1,3.6339449541284408,397,3.6422018348623855,,,,,,,,,,,,,,,,,,,"Luis L. Ortiz","27646",682847
"Shohei Ohtani","LAD",3,2,4,3.55373,7,7,0,0,,43,176,35,18,17,5,15,,2,49,10.4287,3.10313,3.36069,1.10271,0.281067,0.0836337,0.19743283838033676,0.220023,1.16567,0.285088,0.74082,,,3.52999,0.80941,0.81826,1.5499999523162842,,,,,,,212.7,4.946511627906976,197,4.5813953488372094,,,,,,,,,,,,,,,,,,,"Shohei Ohtani","19755",660271
"Ryan Feltner","COL",3,6,7,4.9797,17,17,0,0,,92,402,96,55,51,13,34,,4,77,7.49057,3.35198,2.23467,1.29225,0.190859,0.0854082,0.10545071959495544,0.263055,1.41118,0.301107,0.669138,,,4.51736,0.807108,0.77343,680.2999877929688,,,,,,,311.30000000000007,3.383695652173914,331,3.597826086956522,,,,,,,,,,,,,,,,,,,"Ryan Feltner","21446",663372
"Andre Pallante","STL",6,6,7,4.14679,29,16,0,0,,99,429,99,49,46,9,39,,3,69,6.28382,3.56892,1.76071,0.776862,0.160824,0.0913405,0.06948354095220566,0.256213,1.39896,0.292878,0.702706,,,4.09206,0.801255,0.891405,532.9000244140625,,,,,,,376.5,3.803030303030303,390,3.9393939393939394,,,,,,,,,,,,,,,,,,,"Andre Pallante","26108",669467
"Robert Garcia","TEX",2,2,0,3.37989,39,0,12,4,,39,160,33,16,14,4,13,,1,43,10.0206,3.08904,3.24393,0.836229,0.268842,0.0828756,0.1859668642282486,0.226492,1.19531,0.297042,0.738911,,,3.19858,0.795781,0.547751,461.9599914550781,,,,,,,273.6,7.015384615384616,263,6.743589743589744,,,,,,,,,,,,,,,,,,,"Robert Garcia","23363",676395
"David Festa","MIN",4,4,4,3.98338,33,10,0,0,,71,300,65,34,31,9,26,,3,74,9.37782,3.25812,2.8783,1.10501,0.246651,0.0856935,0.1609577164053917,0.238875,1.2747,0.297404,0.71963,,,3.80271,0.795534,0.467477,365.7699890136719,,,,,,,306.7,4.319718309859155,299,4.211267605633803,,,,,,,,,,,,,,,,,,,"David Festa","30056",701581
"Aroldis Chapman","BOS",3,2,0,3.34375,40,0,15,3,,40,170,28,16,15,4,24,,2,59,13.3689,5.29779,2.52349,0.7961,0.349535,0.138513,0.2110225409269333,0.196154,1.29855,0.303853,0.761645,,,3.15029,0.791724,0.765754,257.5400085449219,,,,,,,301,7.525,275,6.875,,,,,,,,,,,,,,,,,,,"Aroldis Chapman","10233",547973
"Lucas Giolito","BOS",6,7,7,4.56415,25,18,0,0,,101,434,98,56,51,16,38,,4,101,8.93811,3.33887,2.67699,1.43728,0.232163,0.0867252,0.1454373449087143,0.248467,1.33307,0.295075,0.704686,,,4.38602,0.781466,0.640302,412.3500061035156,,,,,,,371.8000000000001,3.6811881188118822,373,3.6930693069306932,,,,,,,,,,,,,,,,,,,"Lucas Giolito","15474",608337
"Edward Cabrera","MIA",4,6,7,4.38689,24,16,0,0,,90,388,79,47,44,11,43,,5,94,9.40263,4.35354,2.15977,1.12288,0.241575,0.111852,0.1297227442264557,0.231974,1.36266,0.287913,0.701052,,,4.21906,0.779298,0.820189,455.3800048828125,,,,,,,369.30000000000007,4.103333333333334,351,3.9,,,,,,,,,,,,,,,,,,,"Edward Cabrera","21690",665795
"Ryan Weathers","MIA",5,7,8,4.23466,21,17,0,0,,96,411,93,49,45,13,34,,4,86,8.01396,3.18322,2.51756,1.25525,0.20796,0.0826038,0.1253562644124031,0.249311,1.32161,0.290432,0.719296,,,4.30983,0.777437,1.04695,367.19000244140625,,,,,,,366.7000000000001,3.8197916666666676,369,3.84375,,,,,,,,,,,,,,,,,,,"Ryan Weathers","23796",677960
"Tony Gonsolin","LAD",6,4,7,4.38305,16,16,0,0,,85,356,78,45,41,13,28,,4,76,8.01821,2.98931,2.6823,1.38788,0.212011,0.0790407,0.13297002017498016,0.239875,1.25046,0.274544,0.697014,,,4.42388,0.77541,0.612042,483.1099853515625,,,,,,,322.3,3.791764705882353,312,3.6705882352941175,,,,,,,,,,,,,,,,,,,"Tony Gonsolin","19388",664062
"Adrian Houser","CHW",4,7,6,4.66282,22,15,0,0,,91,396,95,51,47,11,34,,4,65,6.41492,3.34706,1.91658,1.10263,0.162917,0.0850039,0.07791323214769363,0.264783,1.41991,0.296376,0.686299,,,4.49755,0.755331,0.214278,745.6300048828125,,,,,,,307.0999999999999,3.374725274725274,328,3.6043956043956045,,,,,,,,,,,,,,,,,,,"Adrian Houser","12718",605288
"Colin Rea","CHC",6,5,7,4.47482,21,17,0,0,,99,418,100,53,49,15,27,,4,80,7.28301,2.4962,2.91764,1.34583,0.190718,0.0653673,0.1253506764769554,0.258079,1.2896,0.291113,0.69351,,,4.36722,0.751057,0.562017,582.760009765625,,,,,,,355.1,3.586868686868687,367,3.707070707070707,,,,,,,,,,,,,,,,,,,"Colin Rea","12317",607067
"J.T. Ginn","ATH",4,5,6,4.4838,19,14,0,0,,78,338,79,42,39,10,27,,4,64,7.35984,3.15115,2.3356,1.14987,0.188625,0.0807607,0.10786429792642593,0.259194,1.36828,0.298525,0.695098,,,4.32639,0.746374,0.343542,747.030029296875,,,,,,,283.80000000000007,3.6384615384615393,295,3.782051282051282,,,,,,,,,,,,,,,,,,,"J.T. Ginn","27889",669372
"Walker Buehler","BOS",5,5,6,4.40388,24,15,0,0,,90,387,91,48,44,13,28,,4,76,7.55555,2.83608,2.66408,1.2859,0.196143,0.0736249,0.12251809239387512,0.257869,1.32626,0.295452,0.705353,,,4.33451,0.741314,0.690181,242.38999938964844,,,,,,,325.5,3.6166666666666667,337,3.7444444444444445,,,,,,,,,,,,,,,,,,,"Walker Buehler","19374",621111
"Hayden Birdsong","SFG",6,5,7,4.05604,25,16,0,0,,92,393,79,45,41,11,42,,5,96,9.43058,4.09137,2.30499,1.07641,0.244636,0.106133,0.1385030746459961,0.229355,1.32066,0.286151,0.720418,,,4.06009,0.740992,0.999159,378.8699951171875,,,,,,,391.1,4.251086956521739,368,4,,,,,,,,,,,,,,,,,,,"Hayden Birdsong","31635",806185
"Bubba Chandler","PIT",4,4,6,4.32352,12,12,0,0,,64,273,59,33,31,8,25,,3,59,8.39969,3.55963,2.35971,1.07018,0.21806,0.0924095,0.1256503313779831,0.241656,1.32282,0.290258,0.692401,,,4.08667,0.740245,0.697917,317.3299865722656,,,,,,,255.80000000000004,3.9968750000000006,250,3.90625,,,,,,,,,,,,,,,,,,,"Bubba Chandler","sa3017428",696149
"Frankie Montas","NYM",5,5,7,4.33587,15,15,0,0,,77,331,73,41,37,11,30,,3,73,8.43957,3.5087,2.40533,1.24025,0.219075,0.0910792,0.12799625098705292,0.244632,1.33256,0.289738,0.709794,,,4.27585,0.739821,0.450076,515.3300170898438,,,,,,,291.70000000000005,3.7883116883116887,289,3.7532467532467533,,,,,,,,,,,,,,,,,,,"Frankie Montas","14309",593423
"Kumar Rocker","TEX",4,4,4,4.1668,19,10,0,0,,60,252,58,30,28,7,18,,3,55,8.37002,2.72469,3.07192,1.1206,0.219978,0.0716094,0.14836867898702621,0.250182,1.27368,0.29947,0.700809,,,3.87826,0.737559,0.409899,311.8500061035156,,,,,,,254.09999999999997,4.234999999999999,256,4.266666666666667,,,,,,,,,,,,,,,,,,,"Kumar Rocker","31843",677958
"Jose Quintana","MIL",5,5,8,4.28702,16,16,0,0,,87,373,86,45,41,11,32,,3,69,7.20184,3.30236,2.18082,1.13408,0.185814,0.085204,0.1006103903055191,0.25545,1.36378,0.292609,0.712521,,,4.32942,0.734034,0.832998,476.9200134277344,,,,,,,317.9,3.654022988505747,325,3.735632183908046,,,,,,,,,,,,,,,,,,,"Jose Quintana","11423",500779
"Devin Williams","NYY",3,2,0,3.09272,41,0,10,5,,41,171,29,15,14,4,20,,2,54,11.7443,4.33487,2.70925,0.814868,0.314393,0.116044,0.19834894686937332,0.195244,1.18806,0.27709,0.767492,,,3.24409,0.733594,0.806555,40.70000076293945,,,,,,,290.80000000000007,7.09268292682927,265,6.463414634146342,,,,,,,,,,,,,,,,,,,"Devin Williams","15816",642207
"Bryan Abreu","HOU",2,2,0,3.16749,47,0,1,10,,47,195,36,18,16,5,20,,3,61,11.7535,3.94045,2.98279,0.907389,0.312828,0.104878,0.2079504057765007,0.208465,1.20485,0.293144,0.77306,,,3.2639,0.728131,0.761962,442.7799987792969,,,,,,,290.70000000000005,6.1851063829787245,268,5.702127659574468,,,,,,,,,,,,,,,,,,,"Bryan Abreu","16609",650556
"Germán Márquez","COL",4,8,7,5.20013,18,18,0,0,,98,433,109,62,57,15,35,,3,74,6.80834,3.23284,2.10599,1.41155,0.171808,0.0815803,0.09022735804319382,0.275347,1.46492,0.305853,0.67201,,,4.76735,0.717499,0.524788,623.6199951171875,,,,,,,291.30000000000007,2.9724489795918374,329,3.357142857142857,,,,,,,,,,,,,,,,,,,"German Marquez","15038",608566
"Davis Martin","CHW",3,5,7,4.6089,16,16,0,0,,83,359,84,46,42,12,30,,5,67,7.24254,3.24152,2.2343,1.31381,0.185559,0.0830502,0.10250889509916306,0.25755,1.36962,0.290855,0.697696,,,4.61953,0.703072,0.336422,601.75,,,,,,,277.20000000000005,3.339759036144579,288,3.4698795180722892,,,,,,,,,,,,,,,,,,,"Davis Martin","21448",663436
"Tyler Anderson","LAA",6,8,8,4.68524,19,19,0,0,,113,487,110,64,59,18,43,,4,91,7.21717,3.44545,2.09469,1.44793,0.186147,0.0888659,0.09728080779314041,0.25123,1.3592,0.278936,0.699625,,,4.83164,0.69192,0.402891,491.44000244140625,,,,,,,369.80000000000007,3.2725663716814166,372,3.2920353982300883,,,,,,,,,,,,,,,,,,,"Tyler Anderson","12880",542881
"Jake Irvin","WSN",5,7,9,4.48413,19,19,0,0,,109,462,106,59,54,17,34,,4,88,7.29861,2.83389,2.57548,1.39576,0.191421,0.0743245,0.11709658801555634,0.250314,1.2865,0.280061,0.696608,,,4.53815,0.684099,0.736888,444.760009765625,,,,,,,383.9,3.522018348623853,386,3.541284403669725,,,,,,,,,,,,,,,,,,,"Jake Irvin","21504",663623
"Dustin May","LAD",4,3,4,3.89389,20,9,0,1,,61,257,54,29,26,6,23,,3,55,8.0619,3.32219,2.42668,0.938659,0.2127,0.0876506,0.12504942715168,0.232535,1.25084,0.278477,0.706502,,,3.90275,0.681072,0.668058,321.8900146484375,,,,,,,273.20000000000005,4.478688524590165,263,4.311475409836065,,,,,,,,,,,,,,,,,,,"Dustin May","19716",669160
"Jonathan Cannon","CHW",4,7,7,4.80997,17,17,0,0,,94,406,96,54,50,14,34,,4,70,6.70989,3.27724,2.04742,1.36296,0.17162,0.0838224,0.08779717236757278,0.261364,1.39383,0.288641,0.687855,,,4.77038,0.67394,0.19605,688.1699829101562,,,,,,,299.80000000000007,3.1893617021276603,314,3.3404255319148937,,,,,,,,,,,,,,,,,,,"Jonathan Cannon","31730",686563
"Lucas Erceg","KCR",2,2,0,3.48062,35,0,3,6,,35,148,30,15,14,3,13,,2,39,9.89174,3.27004,3.02496,0.665069,0.261472,0.0864381,0.17503362894058228,0.227422,1.22083,0.301673,0.716379,,,3.14076,0.66696,0.452957,188.22999572753906,,,,,,,216.10000000000002,6.174285714285715,208,5.942857142857143,,,,,,,,,,,,,,,,,,,"Lucas Erceg","19360",668674
"Matt Brash","SEA",3,2,0,3.22339,41,0,1,8,,41,170,33,16,15,3,18,,2,51,11.2555,3.9243,2.86816,0.723034,0.297796,0.103828,0.19396771490573883,0.217019,1.2426,0.30442,0.755048,,,3.07148,0.661934,0.497016,680.780029296875,,,,,,,259.70000000000005,6.334146341463415,245,5.975609756097561,,,,,,,,,,,,,,,,,,,"Matt Brash","25756",666374
"Will Vest","DET",2,2,0,3.40062,42,0,9,6,,42,176,38,17,16,4,13,,2,42,8.88919,2.81574,3.15696,0.764762,0.237445,0.0752131,0.16223163902759552,0.23515,1.20753,0.296373,0.731995,,,3.27357,0.659637,0.595314,716.6500244140625,,,,,,,270.8,6.447619047619048,266,6.333333333333333,,,,,,,,,,,,,,,,,,,"Will Vest","19769",676684
"Jeremiah Estrada","SDP",3,2,0,3.25028,42,0,1,10,,42,170,31,16,15,5,17,,1,58,12.4839,3.64399,3.42588,1.01041,0.338642,0.0988483,0.23979374021291733,0.205112,1.15578,0.29545,0.764301,,,3.0701,0.659031,0.618288,417.7699890136719,,,,,,,275.70000000000005,6.564285714285715,252,6,,,,,,,,,,,,,,,,,,,"Jeremiah Estrada","22210",669093
"Ryan Walker","SFG",3,2,0,3.08837,42,0,4,9,,42,173,34,16,14,3,13,,3,49,10.4976,2.77336,3.78515,0.710456,0.284561,0.0751784,0.20938289910554886,0.219479,1.12638,0.297774,0.741623,,,2.88535,0.65135,0.655928,75.5999984741211,,,,,,,291.5,6.940476190476191,277,6.595238095238095,,,,,,,,,,,,,,,,,,,"Ryan Walker","20423",676254
"Bailey Falter","PIT",5,6,6,4.61961,28,16,0,0,,92,394,95,52,47,14,28,,2,69,6.6993,2.70285,2.47861,1.33481,0.174323,0.0703308,0.10399170964956284,0.262034,1.33359,0.290094,0.688897,,,4.49902,0.646122,0.467403,694.25,,,,,,,309.60000000000014,3.3652173913043493,326,3.5434782608695654,,,,,,,,,,,,,,,,,,,"Bailey Falter","20070",663559
"Jason Adam","SDP",3,2,0,3.0956,44,0,3,8,,44,180,33,17,15,5,15,,3,52,10.4934,3.07988,3.40708,0.93058,0.286958,0.084224,0.20273353904485703,0.202488,1.08122,0.267029,0.755347,,,3.33197,0.640714,0.732084,341.82000732421875,,,,,,,275.3,6.256818181818182,252,5.7272727272727275,,,,,,,,,,,,,,,,,,,"Jason Adam","11861",592094
"Kutter Crawford","BOS",4,5,3,4.32501,35,8,0,0,,74,306,67,38,35,12,22,,3,72,8.80467,2.6363,3.33978,1.458,0.235123,0.0704007,0.1647222563624382,0.239481,1.20926,0.280835,0.699178,,,4.2321,0.637874,0.487547,412.79998779296875,,,,,,,294.8,3.983783783783784,283,3.824324324324324,,,,,,,,,,,,,,,,,,,"Kutter Crawford","20531",676710
"Yu Darvish","SDP",4,3,5,4.13638,10,10,0,0,,56,230,51,28,26,8,16,,3,53,8.65917,2.53262,3.41905,1.33933,0.231979,0.0678488,0.16412972658872604,0.238276,1.19169,0.281054,0.703845,,,4.07129,0.633418,0.511288,285.7200012207031,,,,,,,232.40000000000012,4.150000000000002,225,4.017857142857143,,,,,,,,,,,,,,,,,,,"Yu Darvish","13074",506433
"Bryce Elder","ATL",6,6,7,4.53047,25,17,0,0,,100,436,103,55,51,12,37,,4,79,7.11824,3.28256,2.1685,1.09684,0.1822,0.0840214,0.09817902743816376,0.260994,1.39245,0.299462,0.691824,,,4.29139,0.630475,0.637365,746.8400268554688,,,,,,,359.59999999999997,3.5959999999999996,379,3.79,,,,,,,,,,,,,,,,,,,"Bryce Elder","27779",693821
"Orion Kerkering","PHI",3,2,0,3.25705,40,0,3,8,,40,164,33,16,14,4,13,,2,45,10.1414,2.99447,3.38671,0.802557,0.27145,0.0801516,0.19129838794469833,0.225114,1.17811,0.297794,0.745059,,,3.17213,0.63002,0.580475,321.30999755859375,,,,,,,253,6.325,240,6,,,,,,,,,,,,,,,,,,,"Orion Kerkering","31776",689147
"Dean Kremer","BAL",6,6,8,4.52484,18,18,0,0,,101,431,101,55,51,16,34,,3,83,7.42082,3.02797,2.45076,1.46398,0.192612,0.0785927,0.11401929706335068,0.255946,1.33745,0.286729,0.712766,,,4.65431,0.615733,0.337378,446.1499938964844,,,,,,,343.0000000000001,3.3960396039603973,352,3.485148514851485,,,,,,,,,,,,,,,,,,,"Dean Kremer","19350",665152
"Cade Cavalli","WSN",4,5,5,4.30224,22,13,0,0,,79,340,72,41,38,10,33,,5,71,8.08072,3.76734,2.14494,1.11305,0.208505,0.097208,0.11129716038703918,0.239481,1.33493,0.282608,0.701792,,,4.33085,0.613966,0.592296,679.1799926757812,,,,,,,302.40000000000003,3.827848101265823,293,3.7088607594936707,,,,,,,,,,,,,,,,,,,"Cade Cavalli","27473",676917
"Noah Cameron","KCR",3,4,3,4.16512,29,8,0,0,,60,257,60,30,28,7,19,,2,55,8.22348,2.86377,2.87156,1.07473,0.214603,0.0747339,0.13986925035715103,0.253918,1.30857,0.303763,0.70575,,,3.87631,0.612555,0.457869,646.5800170898438,,,,,,,248.89999999999998,4.1483333333333325,256,4.266666666666667,,,,,,,,,,,,,,,,,,,"Noah Cameron","30184",702070
"Zack Littell","TBR",5,6,7,4.4565,22,16,0,0,,93,390,96,50,46,16,21,,3,74,7.23705,2.04465,3.53951,1.56182,0.190933,0.0539434,0.1369899921119213,0.262128,1.26255,0.289964,0.7104,,,4.51204,0.607635,0.290496,407.0299987792969,,,,,,,317.80000000000007,3.4172043010752695,333,3.5806451612903225,,,,,,,,,,,,,,,,,,,"Zack Littell","15823",641793
"Marcus Stroman","NYY",4,5,6,4.61622,14,14,0,0,,74,322,75,41,38,10,28,,3,56,6.81629,3.45183,1.97469,1.19393,0.174019,0.0881246,0.08589426428079605,0.259156,1.40181,0.291401,0.694272,,,4.5582,0.607219,0.281471,493.20001220703125,,,,,,,248.60000000000002,3.3594594594594596,259,3.5,,,,,,,,,,,,,,,,,,,"Marcus Stroman","13431",573186
"Justin Martinez","ARI",2,2,0,3.31204,40,0,18,3,,40,172,32,16,15,2,21,,2,49,10.9582,4.62897,2.36731,0.54121,0.284834,0.12032,0.164513997733593,0.213425,1.30404,0.301172,0.741103,,,3.14951,0.603292,0.76949,181.0800018310547,,,,,,,319.2,7.9799999999999995,305,7.625,,,,,,,,,,,,,,,,,,,"Justin Martinez","24453",679885
"Pete Fairbanks","TBR",3,2,0,3.48536,40,0,17,3,,40,167,33,17,16,4,16,,1,44,9.86735,3.52738,2.79736,0.893115,0.26314,0.0940673,0.169072687625885,0.221351,1.21917,0.286433,0.738941,,,3.46441,0.59422,0.356153,151.47999572753906,,,,,,,295,7.375,282,7.05,,,,,,,,,,,,,,,,,,,"Pete Fairbanks","17998",664126
"Chase Dollander","COL",3,5,5,5.01883,18,13,0,0,,71,310,71,43,40,10,30,,4,67,8.46378,3.75489,2.25407,1.324,0.214879,0.0953293,0.11954979598522186,0.254836,1.41239,0.300985,0.668293,,,4.52492,0.593902,0.49767,999,,,,,,,249.79999999999998,3.5183098591549293,257,3.619718309859155,,,,,,,,,,,,,,,,,,,"Chase Dollander","33482",801403
"Gunnar Hoglund","ATH",5,6,6,4.67623,21,16,0,0,,94,401,96,53,49,15,28,,4,75,7.14965,2.68456,2.66325,1.42893,0.18604,0.0698545,0.11618533730506897,0.258993,1.31537,0.288616,0.686685,,,4.5835,0.59043,0.235883,999,,,,,,,315.5,3.356382978723404,329,3.5,,,,,,,,,,,,,,,,,,,"Gunnar Hoglund","31318",680684
"Jack Leiter","TEX",4,5,6,4.63592,21,16,0,0,,89,383,81,50,46,13,38,,5,86,8.67861,3.89569,2.22775,1.34327,0.223693,0.100412,0.12328080087900162,0.239211,1.34783,0.282405,0.691854,,,4.54842,0.589246,0.249888,403.1099853515625,,,,,,,331.1,3.720224719101124,319,3.5842696629213484,,,,,,,,,,,,,,,,,,,"Jack Leiter","30146",683004
"Ryne Nelson","ARI",5,4,4,4.22539,35,9,0,0,,83,351,84,42,39,11,22,,3,69,7.45686,2.36505,3.15294,1.18073,0.19651,0.0623258,0.13418389111757278,0.258042,1.27484,0.297356,0.700648,,,4.01042,0.583093,0.616612,469.8399963378906,,,,,,,323.5000000000001,3.8975903614457845,335,4.036144578313253,,,,,,,,,,,,,,,,,,,"Ryne Nelson","26253",669194
"Raisel Iglesias","ATL",3,2,0,3.35183,44,0,19,2,,44,180,38,18,17,5,11,,2,48,9.71357,2.13601,4.54754,1.09875,0.267141,0.0587442,0.2083970531821251,0.227548,1.09456,0.286509,0.746769,,,3.32657,0.582343,0.771985,52.099998474121094,,,,,,,325.3,7.3931818181818185,315,7.159090909090909,,,,,,,,,,,,,,,,,,,"Raisel Iglesias","17130",628452
"Slade Cecconi","CLE",3,4,4,4.4542,20,10,0,0,,58,242,57,31,29,9,14,,2,52,8.05806,2.26062,3.56454,1.37371,0.213834,0.0599892,0.15384439006447792,0.253055,1.23705,0.292579,0.683144,,,4.14655,0.581312,0.203079,714.3599853515625,,,,,,,226.30000000000007,3.9017241379310357,229,3.9482758620689653,,,,,,,,,,,,,,,,,,,"Slade Cecconi","27500",677944
"Chris Martin","TEX",2,2,0,3.24438,31,0,3,7,,31,125,29,12,11,3,5,,1,32,9.45393,1.50324,6.28904,0.907787,0.259327,0.0412347,0.21809212490916252,0.243317,1.10227,0.309898,0.739223,,,2.91043,0.576633,0.429762,262.17999267578125,,,,,,,206.1,6.648387096774194,205,6.612903225806452,,,,,,,,,,,,,,,,,,,"Chris Martin","11847",455119
"Cade Povich","BAL",4,5,7,4.52401,15,15,0,0,,77,331,74,42,39,12,30,,3,69,8.08362,3.45249,2.34139,1.3785,0.209748,0.0895828,0.1201651394367218,0.246796,1.33711,0.284597,0.704327,,,4.53021,0.572783,0.24828,438.20001220703125,,,,,,,268.80000000000007,3.4909090909090916,268,3.4805194805194803,,,,,,,,,,,,,,,,,,,"Cade Povich","30055",700249
"Jon Gray","TEX",3,3,3,4.31255,22,8,0,0,,59,248,57,30,28,8,19,,2,52,7.95783,2.86356,2.779,1.26626,0.208877,0.0751626,0.13371450453996658,0.249547,1.28583,0.289882,0.702565,,,4.20637,0.570343,0.331519,584.6599731445312,,,,,,,231.00000000000006,3.9152542372881367,232,3.9322033898305087,,,,,,,,,,,,,,,,,,,"Jon Gray","14916",592351
"Mike Burrows","PIT",4,3,3,4.32904,26,8,0,0,,68,293,65,35,33,9,28,,3,63,8.28533,3.65254,2.26838,1.17924,0.213337,0.0940483,0.11928876489400864,0.248327,1.3672,0.294472,0.713292,,,4.27301,0.56164,0.514868,750.719970703125,,,,,,,256.50000000000006,3.7720588235294126,256,3.764705882352941,,,,,,,,,,,,,,,,,,,"Mike Burrows","24728",681347
"Trevor Megill","MIL",2,2,0,3.56457,41,0,15,3,,41,172,35,18,16,5,16,,2,49,10.8383,3.44432,3.14671,1.04285,0.288102,0.0915565,0.1965455487370491,0.226124,1.233,0.300972,0.749451,,,3.43616,0.559871,0.505644,127.13999938964844,,,,,,,281.90000000000003,6.875609756097562,271,6.609756097560975,,,,,,,,,,,,,,,,,,,"Trevor Megill","17722",656730
"Spencer Arrighetti","HOU",4,4,5,4.44095,10,10,0,0,,57,244,51,31,28,8,24,,3,59,9.37649,3.8102,2.46089,1.31031,0.244033,0.0991644,0.1448681578040123,0.233772,1.31118,0.284337,0.699715,,,4.30257,0.553859,0.228227,200.63999938964844,,,,,,,227.79999999999998,3.996491228070175,218,3.824561403508772,,,,,,,,,,,,,,,,,,,"Spencer Arrighetti","29921",681293
"Andrew Painter","PHI",3,2,4,4.3048,17,9,0,0,,55,233,52,29,26,8,19,,2,51,8.36977,3.05486,2.73982,1.25289,0.220124,0.0803425,0.1397816389799118,0.244487,1.27944,0.288511,0.700326,,,4.16899,0.552144,0.379773,999,,,,,,,212.40000000000003,3.8618181818181823,210,3.8181818181818183,,,,,,,,,,,,,,,,,,,"Andrew Painter","sa3017880",691725
"Bowden Francis","TOR",7,7,6,4.47205,30,16,0,0,,103,429,97,55,51,19,28,,5,90,7.93697,2.49958,3.17533,1.70559,0.210846,0.0664015,0.1444448158144951,0.246048,1.22552,0.272698,0.713823,,,4.77084,0.548321,0.292003,257.2300109863281,,,,,,,357.3,3.4689320388349514,349,3.3883495145631066,,,,,,,,,,,,,,,,,,,"Bowden Francis","20548",670102
"David Bednar","PIT",2,3,0,3.94364,41,0,16,3,,41,173,37,20,18,4,15,,2,43,9.44063,3.38715,2.78719,0.978454,0.248464,0.0891451,0.1593189537525177,0.234352,1.26723,0.295849,0.709351,,,3.65568,0.542879,0.263739,145.8800048828125,,,,,,,285.00000000000006,6.951219512195124,280,6.829268292682927,,,,,,,,,,,,,,,,,,,"David Bednar","19569",670280
"Jack Kochanowicz","LAA",4,7,6,4.77872,21,16,0,0,,96,416,105,55,51,14,27,,7,53,5.01436,2.49433,2.0103,1.2798,0.128112,0.0637277,0.06438431143760681,0.273147,1.37071,0.287924,0.677321,,,4.84976,0.529476,0.199133,664.3900146484375,,,,,,,269.20000000000005,2.804166666666667,302,3.1458333333333335,,,,,,,,,,,,,,,,,,,"Jack Kochanowicz","27688",686799
"Jacob Lopez","ATH",3,3,2,4.1422,25,6,0,0,,57,245,50,28,26,7,26,,4,57,9.01377,4.06845,2.21553,1.04527,0.231719,0.104589,0.12713024765253067,0.234054,1.34127,0.288296,0.713519,,,4.15497,0.525529,0.243587,999,,,,,,,229.69999999999993,4.029824561403507,218,3.824561403508772,,,,,,,,,,,,,,,,,,,"Jacob Lopez","25098",682052
"Michael Lorenzen","KCR",5,6,5,4.50124,37,14,0,0,,96,418,94,52,48,13,40,,4,75,6.99031,3.72715,1.87551,1.2012,0.179108,0.0954981,0.08360942453145981,0.250969,1.38915,0.282889,0.703255,,,4.61546,0.52215,0.426805,539.6599731445312,,,,,,,324.10000000000014,3.376041666666668,329,3.4270833333333335,,,,,,,,,,,,,,,,,,,"Michael Lorenzen","14843",547179
"Rhett Lowder","CIN",3,3,3,4.35737,16,7,0,0,,47,201,47,25,23,6,16,,2,38,7.32136,2.9861,2.45182,1.21597,0.189657,0.0773538,0.11230352520942688,0.256408,1.33663,0.292807,0.706223,,,4.31974,0.517916,0.435231,537.4199829101562,,,,,,,173.8,3.697872340425532,179,3.8085106382978724,,,,,,,,,,,,,,,,,,,"Rhett Lowder","33876",695076
"Steven Matz","STL",4,3,3,3.98123,33,7,0,0,,65,274,64,31,29,8,18,,2,55,7.62418,2.5539,2.98531,1.08496,0.200844,0.0672775,0.13356663286685944,0.253427,1.27158,0.29598,0.717036,,,3.91236,0.509566,0.458461,635.280029296875,,,,,,,266.20000000000005,4.095384615384616,271,4.1692307692307695,,,,,,,,,,,,,,,,,,,"Steven Matz","13361",571927
"Ryan Gusto","HOU",5,4,4,4.4412,38,10,0,0,,87,371,85,46,43,12,30,,4,76,7.8953,3.14899,2.50725,1.27306,0.204831,0.0816956,0.12313561886548996,0.252172,1.33116,0.292358,0.701405,,,4.33834,0.50767,0.166575,750.3699951171875,,,,,,,325.20000000000005,3.737931034482759,329,3.781609195402299,,,,,,,,,,,,,,,,,,,"Ryan Gusto","26440",687473
"Michael Soroka","WSN",4,8,5,4.58272,36,14,0,0,,97,420,90,54,50,14,42,,5,92,8.46016,3.8443,2.2007,1.28106,0.217832,0.0989828,0.118849016726017,0.241195,1.35212,0.284325,0.692768,,,4.4908,0.504944,0.398405,409.3599853515625,,,,,,,354.60000000000014,3.6556701030927847,346,3.5670103092783507,,,,,,,,,,,,,,,,,,,"Michael Soroka","18383",647336
"Nestor Cortes","MIL",3,2,3,3.95747,13,6,0,0,,41,170,37,20,18,6,11,,1,40,8.80073,2.50723,3.51014,1.38113,0.237068,0.0675381,0.16953032463788986,0.237039,1.18314,0.279765,0.728271,,,4.0448,0.504671,0.443502,261.0199890136719,,,,,,,177.40000000000003,4.326829268292684,171,4.170731707317073,,,,,,,,,,,,,,,,,,,"Nestor Cortes","17874",641482
"Cole Sands","MIN",3,2,0,3.75688,41,0,2,10,,41,172,37,19,17,5,13,,2,44,9.55001,2.83637,3.36698,1.0021,0.254636,0.0756274,0.1790086328983307,0.233357,1.20128,0.295172,0.715088,,,3.51412,0.503568,0.152463,677.9600219726562,,,,,,,238.70000000000005,5.821951219512196,233,5.682926829268292,,,,,,,,,,,,,,,,,,,"Cole Sands","21461",663485
"Spencer Turnbull","TOR",3,3,3,4.06236,31,8,0,0,,67,285,62,33,30,8,25,,4,63,8.4899,3.38676,2.50679,1.07742,0.220609,0.0880047,0.13260455429553986,0.241662,1.30365,0.29111,0.715659,,,4.06489,0.501418,0.356464,720.97998046875,,,,,,,275.2,4.107462686567164,270,4.029850746268656,,,,,,,,,,,,,,,,,,,"Spencer Turnbull","16207",605513
"Camilo Doval","SFG",3,3,0,3.5256,41,0,20,3,,41,176,34,18,16,3,19,,2,47,10.1627,4.14827,2.44986,0.637092,0.26617,0.108647,0.15752273052930832,0.219227,1.27816,0.295292,0.722919,,,3.28481,0.499076,0.436778,381.8999938964844,,,,,,,321.1,7.831707317073171,309,7.536585365853658,,,,,,,,,,,,,,,,,,,"Camilo Doval","21992",666808
"Patrick Corbin","TEX",4,6,6,5.00887,15,15,0,0,,78,342,87,47,44,13,25,,2,60,6.82493,2.85314,2.39207,1.45057,0.173843,0.0726746,0.10116837173700333,0.275811,1.4253,0.30564,0.683834,,,4.68949,0.497334,-0.0735033,739.8800048828125,,,,,,,230.10000000000008,2.950000000000001,260,3.3333333333333335,,,,,,,,,,,,,,,,,,,"Patrick Corbin","9323",571578
"Tylor Megill","NYM",4,3,2,3.96817,35,5,0,0,,58,245,52,28,25,7,22,,2,61,9.57632,3.48705,2.74625,1.0381,0.250659,0.0912732,0.15938588976860046,0.237083,1.29176,0.299425,0.718861,,,3.74267,0.488264,0.353486,373.1199951171875,,,,,,,257.90000000000003,4.446551724137931,249,4.293103448275862,,,,,,,,,,,,,,,,,,,"Tylor Megill","21318",656731
"Garrett Whitlock","BOS",2,2,0,3.68061,43,0,1,10,,43,176,40,19,17,5,11,,2,43,9.14642,2.22883,4.1037,1.03547,0.246082,0.0599659,0.1861160211265087,0.242395,1.17867,0.30114,0.721455,,,3.40914,0.481733,0.424725,541.22998046875,,,,,,,244.7,5.690697674418605,242,5.627906976744186,,,,,,,,,,,,,,,,,,,"Garrett Whitlock","20191",676477
"Yennier Cano","BAL",2,2,0,3.4082,44,0,1,9,,44,184,40,18,17,4,15,,2,43,8.77496,3.01777,2.90776,0.839354,0.232339,0.079903,0.15243613719940186,0.238593,1.24718,0.297286,0.7483,,,3.46542,0.477249,0.509096,658.75,,,,,,,248.40000000000003,5.645454545454546,244,5.545454545454546,,,,,,,,,,,,,,,,,,,"Yennier Cano","25911",666974
"Alex Vesia","LAD",2,2,0,3.41185,38,0,2,11,,38,156,29,15,14,5,16,,1,48,11.5455,3.93625,2.93312,1.14165,0.308861,0.105301,0.2035594955086708,0.208731,1.205,0.282539,0.771785,,,3.59012,0.474045,0.531507,586.8200073242188,,,,,,,243.29999999999998,6.402631578947368,224,5.894736842105263,,,,,,,,,,,,,,,,,,,"Alex Vesia","25007",681911
"Kyle Hendricks","LAA",4,6,6,5.05053,16,16,0,0,,85,367,91,52,48,14,25,,3,56,5.96604,2.69973,2.20987,1.51665,0.153572,0.0694937,0.0840780958533287,0.268616,1.36873,0.286032,0.669807,,,4.95751,0.469698,-0.0684371,666.8300170898438,,,,,,,248.20000000000002,2.9200000000000004,271,3.1882352941176473,,,,,,,,,,,,,,,,,,,"Kyle Hendricks","12049",543294
"Yimi García","TOR",2,2,0,3.62987,34,0,1,7,,34,141,28,15,14,4,11,,2,40,10.3505,2.78265,3.71967,1.12525,0.280824,0.0754969,0.20532673597335815,0.221452,1.13652,0.285389,0.726099,,,3.48261,0.468779,0.255484,550.469970703125,,,,,,,203.60000000000002,5.988235294117648,192,5.647058823529412,,,,,,,,,,,,,,,,,,,"Yimi Garcia","12095",554340
"Mark Leiter Jr.","NYY",3,3,0,3.8155,41,0,1,11,,41,170,34,19,17,5,15,,3,50,11.1407,3.41176,3.26539,1.16608,0.294881,0.090305,0.20457569509744644,0.224219,1.22014,0.298491,0.731007,,,3.62825,0.467476,0.168644,749.6300048828125,,,,,,,248.50000000000003,6.060975609756098,235,5.7317073170731705,,,,,,,,,,,,,,,,,,,"Mark Leiter Jr.","15551",643410
"Robert Suarez","SDP",3,2,0,3.59813,43,0,19,2,,43,177,37,19,17,5,14,,1,43,8.94866,2.95598,3.02731,1.07125,0.240853,0.07956,0.1612928807735443,0.227246,1.18426,0.277749,0.736722,,,3.72464,0.463881,0.383314,103.19000244140625,,,,,,,304.5,7.0813953488372094,294,6.837209302325581,,,,,,,,,,,,,,,,,,,"Robert Suarez","30115",663158
"Charlie Morton","BAL",5,6,5,4.5156,26,14,0,0,,90,392,85,49,45,13,40,,7,90,9.08894,3.97322,2.28755,1.28985,0.230911,0.100943,0.12996861338615417,0.24538,1.38771,0.297046,0.709606,,,4.47435,0.463758,0.286355,387.1400146484375,,,,,,,324.1,3.6011111111111114,320,3.5555555555555554,,,,,,,,,,,,,,,,,,,"Charlie Morton","4676",450203
"Abner Uribe","MIL",2,2,0,3.48016,40,0,4,7,,40,172,32,17,15,3,23,,1,47,10.6126,5.21749,2.03403,0.678103,0.272794,0.134115,0.13867928087711334,0.215295,1.37812,0.294657,0.752619,,,3.543,0.463716,0.537501,628.8300170898438,,,,,,,245.90000000000003,6.147500000000001,231,5.775,,,,,,,,,,,,,,,,,,,"Abner Uribe","25327",682842
"Trevor Williams","WSN",4,5,5,4.50705,27,14,0,0,,83,358,86,45,42,13,26,,3,67,7.20784,2.82765,2.54906,1.37852,0.186622,0.0732122,0.11340980231761932,0.262672,1.35087,0.295229,0.709711,,,4.50296,0.461645,0.448222,505.3800048828125,,,,,,,277.70000000000005,3.345783132530121,293,3.5301204819277108,,,,,,,,,,,,,,,,,,,"Trevor Williams","16977",592866
"Colton Gordon","HOU",3,3,5,4.2076,30,12,0,0,,64,273,62,33,30,9,21,,3,58,8.08285,2.94794,2.74186,1.28298,0.211817,0.0772531,0.1345640942454338,0.248159,1.28805,0.289042,0.716493,,,4.24468,0.452456,0.360072,999,,,,,,,245.70000000000005,3.8390625000000007,247,3.859375,,,,,,,,,,,,,,,,,,,"Colton Gordon","31312",676467
"Luke Weaver","NYY",2,2,0,3.87106,44,0,13,6,,44,181,38,20,19,6,14,,2,47,9.72274,2.85162,3.40956,1.26303,0.261071,0.0765703,0.18450039625167847,0.230026,1.18611,0.284921,0.726115,,,3.82002,0.44405,0.307434,374.45001220703125,,,,,,,288,6.545454545454546,277,6.295454545454546,,,,,,,,,,,,,,,,,,,"Luke Weaver","16918",596133
"Justin Slaten","BOS",3,2,0,3.95897,41,0,4,7,,41,174,38,20,18,5,15,,2,42,9.22269,3.18295,2.89753,1.06901,0.243118,0.0839052,0.15921268612146378,0.23894,1.26753,0.296548,0.716823,,,3.74497,0.436964,0.218914,441.3500061035156,,,,,,,224.10000000000002,5.465853658536586,221,5.390243902439025,,,,,,,,,,,,,,,,,,,"Justin Slaten","25648",686580
"Reed Garrett","NYM",3,3,0,3.70771,43,0,1,10,,43,183,37,19,18,5,20,,2,50,10.539,4.17252,2.52581,0.99439,0.27364,0.108337,0.16530217230319977,0.229558,1.33066,0.303163,0.750754,,,3.68056,0.433786,0.357777,744.1500244140625,,,,,,,239.5,5.569767441860465,229,5.325581395348837,,,,,,,,,,,,,,,,,,,"Reed Garrett","16866",657585
"Carlos Estévez","KCR",2,3,0,3.86246,41,0,17,2,,41,173,37,19,18,5,15,,2,40,8.74694,3.25324,2.68869,1.06771,0.231011,0.0859197,0.1450916975736618,0.233836,1.25039,0.284139,0.722962,,,3.89471,0.431864,0.354804,182.1300048828125,,,,,,,267.70000000000005,6.529268292682928,262,6.390243902439025,,,,,,,,,,,,,,,,,,,"Carlos Estevez","14542",608032
"Keegan Akin","BAL",2,1,0,3.55115,41,0,1,9,,41,169,35,18,16,5,13,,1,46,10.0611,2.77394,3.62701,1.11783,0.272132,0.0750291,0.19710253179073334,0.228322,1.16922,0.291351,0.743806,,,3.46899,0.429201,0.184414,690.469970703125,,,,,,,241.90000000000003,5.900000000000001,231,5.634146341463414,,,,,,,,,,,,,,,,,,,"Keegan Akin","19362",669211
"Aaron Bummer","ATL",3,2,0,3.45978,38,0,1,7,,38,161,34,16,15,2,15,,2,43,10.2775,3.62004,2.83905,0.481835,0.268359,0.0945241,0.17383445799350739,0.235489,1.29858,0.32281,0.719772,,,2.83823,0.427206,0.287078,744.719970703125,,,,,,,236.19999999999996,6.215789473684209,232,6.105263157894737,,,,,,,,,,,,,,,,,,,"Aaron Bummer","16258",607481
"Simeon Woods Richardson","MIN",2,2,4,4.58831,8,8,0,0,,44,188,43,24,22,6,16,,1,38,7.84113,3.36237,2.33202,1.2877,0.202547,0.0868546,0.11569245159626007,0.251783,1.35485,0.29074,0.693528,,,4.40941,0.426362,0.189379,476.45001220703125,,,,,,,165,3.75,167,3.7954545454545454,,,,,,,,,,,,,,,,,,,"Simeon Woods Richardson","24494",680573
"Bryan King","HOU",2,1,0,3.46534,41,0,1,10,,41,172,35,17,16,4,16,,2,43,9.53024,3.44837,2.76369,0.89593,0.250834,0.0907605,0.16007379442453384,0.229608,1.25045,0.293165,0.748757,,,3.58844,0.424793,0.390438,999,,,,,,,240.20000000000005,5.858536585365854,230,5.609756097560975,,,,,,,,,,,,,,,,,,,"Bryan King","25890",687911
"Antonio Senzatela","COL",3,7,5,5.33751,24,17,0,0,,92,409,112,59,55,14,26,,3,54,5.28752,2.56922,2.05803,1.39206,0.131955,0.0641171,0.06783770024776459,0.295902,1.50841,0.315053,0.668633,,,4.87314,0.424039,0.314234,735.7000122070312,,,,,,,238.40000000000015,2.5913043478260884,299,3.25,,,,,,,,,,,,,,,,,,,"Antonio Senzatela","15488",622608
"Kirby Yates","LAD",3,1,0,3.23819,32,0,3,7,,32,134,23,13,12,4,15,,2,42,11.6528,4.16867,2.79534,0.98133,0.312505,0.111795,0.2007097229361534,0.197919,1.18125,0.27381,0.768194,,,3.45261,0.423731,0.476437,235.38999938964844,,,,,,,203.8,6.36875,184,5.75,,,,,,,,,,,,,,,,,,,"Kirby Yates","9073",489446
"Logan Allen","CLE",5,6,7,4.63402,17,17,0,0,,92,402,94,52,47,14,37,,3,75,7.32834,3.60797,2.03115,1.40708,0.186719,0.0919276,0.09479131549596786,0.258835,1.41714,0.290937,0.715599,,,4.78717,0.423415,0.186281,625.010009765625,,,,,,,294.20000000000016,3.1978260869565234,308,3.347826086956522,,,,,,,,,,,,,,,,,,,"Logan Allen","27589",671106
"Pierce Johnson","ATL",3,3,0,3.66275,41,0,1,8,,41,175,36,18,17,5,17,,1,50,10.8147,3.8124,2.8367,1.00892,0.283413,0.0999094,0.18350408226251602,0.230614,1.29584,0.307933,0.74939,,,3.5062,0.416102,0.489031,692.2999877929688,,,,,,,231.30000000000004,5.641463414634147,223,5.439024390243903,,,,,,,,,,,,,,,,,,,"Pierce Johnson","13435",572955
"Kyle Harrison","SFG",4,4,3,3.99271,33,7,0,0,,64,270,57,31,28,8,24,,3,66,9.3146,3.34638,2.78349,1.15504,0.244403,0.0878045,0.15659809857606888,0.236066,1.27122,0.291334,0.722836,,,3.95181,0.412653,0.457274,453.6499938964844,,,,,,,278.00000000000006,4.343750000000001,267,4.171875,,,,,,,,,,,,,,,,,,,"Kyle Harrison","27758",690986
"Gabe Speier","SEA",2,2,0,3.66049,40,0,1,10,,40,166,34,18,16,4,13,,2,44,9.96082,2.98324,3.33892,0.959168,0.266646,0.0798597,0.18678590655326843,0.227673,1.18931,0.294093,0.718409,,,3.39978,0.409059,0.0808185,999,,,,,,,246.4,6.16,236,5.9,,,,,,,,,,,,,,,,,,,"Gabe Speier","17170",642100
"Reid Detmers","LAA",3,4,1,4.18161,40,4,0,5,,59,247,52,30,27,8,21,,3,66,10.1718,3.27675,3.10424,1.26749,0.268264,0.0864186,0.18184565752744675,0.234868,1.25735,0.297143,0.709617,,,3.87903,0.408253,0.126704,391.6099853515625,,,,,,,283.00000000000006,4.796610169491526,271,4.593220338983051,,,,,,,,,,,,,,,,,,,"Reid Detmers","27468",672282
"Dylan Lee","ATL",3,2,0,3.3007,40,0,1,10,,40,163,35,16,15,5,12,,1,45,10.1448,2.62227,3.8687,1.11903,0.275256,0.0711495,0.2041066586971283,0.229203,1.15792,0.293459,0.771751,,,3.38428,0.406402,0.592763,737.219970703125,,,,,,,239.5,5.9875,231,5.775,,,,,,,,,,,,,,,,,,,"Dylan Lee","19996",669276
"Kenley Jansen","LAA",2,2,0,3.9759,39,0,19,2,,39,163,33,19,17,6,14,,1,44,10.1695,3.30383,3.07811,1.30814,0.272099,0.0883983,0.18370117992162704,0.22412,1.20767,0.28087,0.724461,,,3.91533,0.402579,0.121453,142.47000122070312,,,,,,,275,7.051282051282051,263,6.743589743589744,,,,,,,,,,,,,,,,,,,"Kenley Jansen","3096",445276
"Griffin Canning","NYM",4,4,5,4.43413,24,12,0,0,,75,321,73,40,37,11,27,,3,68,8.11628,3.29955,2.45981,1.36323,0.210421,0.0855435,0.12487740814685822,0.250784,1.34074,0.290584,0.713414,,,4.44912,0.399251,0.27264,455.0400085449219,,,,,,,275.9,3.6786666666666665,278,3.7066666666666666,,,,,,,,,,,,,,,,,,,"Griffin Canning","19867",656288
"Tomoyuki Sugano","BAL",6,7,9,4.45357,19,19,0,0,,108,458,112,58,54,18,25,,5,73,6.04345,2.0926,2.88801,1.52897,0.159095,0.0550881,0.1040068231523037,0.261659,1.26378,0.277875,0.707555,,,4.7832,0.394849,0.443429,322.70001220703125,,,,,,,342.6000000000001,3.172222222222223,362,3.3518518518518516,,,,,,,,,,,,,,,,,,,"Tomoyuki Sugano","35321",608372
"Tyler Rogers","SFG",2,2,0,3.64303,45,0,1,10,,45,190,46,20,18,4,9,,2,33,6.54005,1.87586,3.48643,0.803669,0.173836,0.0498608,0.12397518381476402,0.257033,1.21516,0.295873,0.71108,,,3.57731,0.385515,0.405924,740.75,,,,,,,242.20000000000002,5.3822222222222225,251,5.5777777777777775,,,,,,,,,,,,,,,,,,,"Tyler Rogers","15541",643511
"Tobias Myers","MIL",3,3,4,4.32962,8,8,0,0,,44,186,42,23,21,7,14,,2,39,7.99428,2.89071,2.76551,1.44989,0.209496,0.0757534,0.13374298065900803,0.24891,1.28678,0.28428,0.719798,,,4.47914,0.373356,0.396901,355.45001220703125,,,,,,,160.3,3.6431818181818185,159,3.6136363636363638,,,,,,,,,,,,,,,,,,,"Tobias Myers","22191",668964
"Randy Vásquez","SDP",5,7,6,4.75239,25,17,0,0,,95,421,101,55,50,13,37,,6,65,6.15143,3.49664,1.75924,1.24956,0.154865,0.0880295,0.06683526933193207,0.265964,1.4429,0.291384,0.695973,,,4.86453,0.371512,0.144449,695.4099731445312,,,,,,,281.5,2.963157894736842,307,3.231578947368421,,,,,,,,,,,,,,,,,,,"Randy Vasquez","24719",681190
"Jose A. Ferrer","WSN",2,1,0,3.79716,40,0,2,10,,40,167,38,18,17,3,12,,2,34,7.8249,2.83583,2.7593,0.754141,0.205405,0.074441,0.13096433877944946,0.248505,1.27673,0.300995,0.705643,,,3.51898,0.367393,0.308989,651.9000244140625,,,,,,,236.3,5.907500000000001,237,5.925,,,,,,,,,,,,,,,,,,,"Jose A. Ferrer","24017",678606
"Reynaldo López","ATL",2,2,2,3.66355,14,4,0,0,,32,135,29,14,13,4,11,,1,33,9.32226,3.04864,3.05784,1.03386,0.24813,0.0811457,0.16698473691940308,0.235444,1.23487,0.294209,0.737781,,,3.606,0.365312,0.387077,172.38999938964844,,,,,,,142.20000000000002,4.4437500000000005,138,4.3125,,,,,,,,,,,,,,,,,,,"Reynaldo Lopez","16400",625643
"Tim Herrin","CLE",3,2,0,3.41867,41,0,1,9,,41,170,34,17,15,3,16,,2,43,9.6278,3.61365,2.66429,0.750524,0.254993,0.0957077,0.1592850387096405,0.221789,1.23086,0.288437,0.734197,,,3.39159,0.360701,0.318962,750.2999877929688,,,,,,,251.10000000000005,6.1243902439024405,239,5.829268292682927,,,,,,,,,,,,,,,,,,,"Tim Herrin","25139",682120
"Cade Horton","CHC",3,3,4,4.44709,10,10,0,0,,50,212,47,27,25,7,19,,2,45,8.21573,3.39937,2.41684,1.29138,0.214165,0.0886139,0.12555141001939774,0.244039,1.31711,0.284963,0.698802,,,4.35794,0.360059,0.281779,999,,,,,,,188.7,3.7739999999999996,186,3.72,,,,,,,,,,,,,,,,,,,"Cade Horton","31872",690990
"Adrian Morejon","SDP",2,2,0,3.54798,40,0,1,8,,40,168,37,17,16,4,13,,1,41,9.09771,2.87017,3.16974,0.89595,0.242295,0.07644,0.1658550351858139,0.239124,1.23345,0.300277,0.735732,,,3.39416,0.354476,0.287492,667.3300170898438,,,,,,,227.60000000000002,5.69,225,5.625,,,,,,,,,,,,,,,,,,,"Adrian Morejon","20039",670970
"Noah Schultz","CHW",1,2,2,4.18105,5,5,0,0,,26,111,25,13,12,3,9,,1,23,7.90952,3.17137,2.49404,1.11484,0.204953,0.0821769,0.12277569621801376,0.251758,1.33149,0.2963,0.713715,,,4.12863,0.351471,0.248156,999,,,,,,,106.5,4.096153846153846,107,4.115384615384615,,,,,,,,,,,,,,,,,,,"Noah Schultz","sa3020949",702273
"Luis Garcia","HOU",3,3,3,4.10935,14,6,0,0,,41,171,37,20,19,6,14,,1,41,9.00253,2.99545,3.0054,1.4067,0.239607,0.0797254,0.15988152474164963,0.236007,1.23176,0.279991,0.726067,,,4.20788,0.341616,0.319606,591.6799926757812,,,,,,,170.40000000000003,4.156097560975611,164,4,,,,,,,,,,,,,,,,,,,"Luis Garcia","23735",677651
"Hunter Dobbins","BOS",3,3,2,4.43002,20,6,0,0,,48,209,49,26,24,6,17,,2,37,6.87606,3.14016,2.18972,1.0771,0.176667,0.0806805,0.09598688036203384,0.258769,1.36481,0.294596,0.693069,,,4.30307,0.340511,0.303751,999,,,,,,,171.00000000000003,3.5625000000000004,179,3.7291666666666665,,,,,,,,,,,,,,,,,,,"Hunter Dobbins","30240",690928
"Quinn Priester","MIL",4,4,3,4.23856,28,7,0,0,,61,263,59,31,29,7,23,,3,49,7.23345,3.32687,2.17425,1.0775,0.187233,0.0861135,0.10111909359693527,0.249485,1.33699,0.286948,0.705577,,,4.2741,0.329127,0.420769,676.8200073242188,,,,,,,231.90000000000006,3.801639344262296,234,3.8360655737704916,,,,,,,,,,,,,,,,,,,"Quinn Priester","25977",682990
"Ryan Pressly","CHC",2,2,0,3.60015,38,0,5,9,,38,160,36,17,15,4,12,,1,37,8.82495,2.88807,3.05566,0.859931,0.233656,0.0764666,0.15718941390514374,0.241871,1.2502,0.301426,0.73036,,,3.42365,0.327521,0.25697,169.14999389648438,,,,,,,234.4,6.1684210526315795,234,6.157894736842105,,,,,,,,,,,,,,,,,,,"Ryan Pressly","7005",519151
"Caleb Ferguson","PIT",2,2,0,3.85713,41,0,1,10,,41,178,39,19,18,4,17,,3,41,9.06764,3.80021,2.38609,0.787974,0.232639,0.0974982,0.1351413056254387,0.244174,1.3605,0.309628,0.72271,,,3.66722,0.325859,0.318187,999,,,,,,,219.80000000000004,5.360975609756099,220,5.365853658536586,,,,,,,,,,,,,,,,,,,"Caleb Ferguson","19349",657571
"Trevor Rogers","BAL",2,4,2,4.24504,24,5,0,0,,48,209,48,25,23,6,19,,2,44,8.15423,3.46962,2.35018,1.06193,0.208968,0.0889159,0.12005255371332169,0.254349,1.37814,0.303841,0.713512,,,4.1004,0.320285,0.2048,726.5700073242188,,,,,,,181.60000000000002,3.7833333333333337,187,3.8958333333333335,,,,,,,,,,,,,,,,,,,"Trevor Rogers","22286",669432
"Robert Stephenson","LAA",2,2,0,3.87741,36,0,1,9,,36,148,31,17,16,6,12,,1,42,10.5267,2.93643,3.58486,1.47465,0.28378,0.0791607,0.20461949706077576,0.226177,1.17682,0.282935,0.747848,,,3.95332,0.319671,0.144367,738.4500122070312,,,,,,,198.00000000000003,5.500000000000001,188,5.222222222222222,,,,,,,,,,,,,,,,,,,"Robert Stephenson","13594",596112
"Michael McGreevy","STL",3,3,2,3.93507,29,4,0,0,,49,208,50,23,22,5,13,,2,37,6.70944,2.2898,2.93014,0.93814,0.176622,0.0602776,0.11634417995810509,0.260333,1.27863,0.298257,0.709262,,,3.80336,0.318292,0.342185,452.6199951171875,,,,,,,200.10000000000002,4.083673469387755,209,4.26530612244898,,,,,,,,,,,,,,,,,,,"Michael McGreevy","29869",700241
"Chad Patrick","MIL",3,2,3,4.18161,23,7,0,0,,54,230,52,27,25,8,18,,2,47,7.8169,2.90375,2.692,1.33789,0.205287,0.0762583,0.12902911007404327,0.247269,1.27856,0.283379,0.722631,,,4.3696,0.317814,0.417606,999,,,,,,,200.00000000000006,3.7037037037037046,200,3.7037037037037037,,,,,,,,,,,,,,,,,,,"Chad Patrick","30113",694477
"Jackson Jobe","DET",3,3,4,4.52817,19,10,0,0,,63,270,60,35,32,9,24,,2,50,7.15197,3.4929,2.04758,1.25104,0.185781,0.090732,0.09504881501197815,0.245152,1.33318,0.27592,0.6906,,,4.56409,0.317342,0.132131,245.6699981689453,,,,,,,221.50000000000006,3.5158730158730167,220,3.492063492063492,,,,,,,,,,,,,,,,,,,"Jackson Jobe","30203",695549
"Fernando Cruz","NYY",2,2,0,3.5548,36,0,0,7,,36,150,27,15,14,4,16,,2,51,12.6575,4.02008,3.14856,1.07086,0.338518,0.107515,0.23100288212299347,0.206194,1.20256,0.297545,0.74638,,,3.27932,0.312142,0.185544,728.9600219726562,,,,,,,223.00000000000006,6.194444444444446,204,5.666666666666667,,,,,,,,,,,,,,,,,,,"Fernando Cruz","7048",518585
"Porter Hodge","CHC",2,2,0,3.68317,31,0,8,5,,31,133,25,14,13,3,15,,2,35,10.0357,4.32836,2.31859,0.767649,0.26178,0.112905,0.1488749235868454,0.219401,1.29876,0.289861,0.724073,,,3.55404,0.309246,0.233902,281.7099914550781,,,,,,,206.5,6.661290322580645,195,6.290322580645161,,,,,,,,,,,,,,,,,,,"Porter Hodge","26413",687863
"Anthony Bender","MIA",3,3,0,3.87872,40,0,4,8,,40,172,37,19,17,4,15,,2,40,8.92554,3.34172,2.67095,0.845909,0.232316,0.086979,0.14533710479736328,0.241354,1.29708,0.302462,0.710974,,,3.61701,0.301816,0.254898,641.22998046875,,,,,,,231.60000000000002,5.790000000000001,229,5.725,,,,,,,,,,,,,,,,,,,"Anthony Bender","19742",669622
"Brock Stewart","MIN",2,1,0,3.70468,39,0,1,8,,39,166,32,18,16,5,18,,2,51,11.5798,4.06787,2.84665,1.12166,0.3045,0.106968,0.19753240048885345,0.218563,1.26589,0.29805,0.749917,,,3.6308,0.30109,0.0803,750.3300170898438,,,,,,,222.90000000000003,5.715384615384616,209,5.358974358974359,,,,,,,,,,,,,,,,,,,"Brock Stewart","16727",592779
"Kyle Bradish","BAL",1,1,1,3.3711,11,2,0,0,,21,86,18,8,8,2,7,,1,23,9.77141,2.82853,3.45459,0.930995,0.262949,0.0761157,0.18683325499296188,0.22798,1.17361,0.29296,0.745025,,,3.33163,0.300355,0.237115,681.0800170898438,,,,,,,106.00000000000001,5.047619047619048,101,4.809523809523809,,,,,,,,,,,,,,,,,,,"Kyle Bradish","24586",680694
"Sean Burke","CHW",4,7,7,4.85015,17,17,0,0,,89,389,85,52,48,16,41,,4,79,7.97609,4.17898,1.90862,1.57883,0.202712,0.106209,0.09650339186191559,0.247681,1.42237,0.27887,0.710929,,,5.09891,0.300023,0.099157,407.3900146484375,,,,,,,263.8,2.964044943820225,260,2.9213483146067416,,,,,,,,,,,,,,,,,,,"Sean Burke","29878",680732
"Emilio Pagán","CIN",2,3,0,4.2667,41,0,16,3,,41,171,37,21,19,7,13,,1,44,9.54681,2.89165,3.30151,1.56089,0.254747,0.0771607,0.17758626490831375,0.237025,1.22531,0.283192,0.722651,,,4.26225,0.295625,0.231536,702.97998046875,,,,,,,259.1000000000001,6.319512195121953,252,6.146341463414634,,,,,,,,,,,,,,,,,,,"Emilio Pagan","14771",641941
"John Schreiber","KCR",2,2,0,3.87322,39,0,1,8,,39,168,36,18,17,4,16,,2,37,8.46573,3.57178,2.37017,0.845549,0.219113,0.0924462,0.12666700035333633,0.242529,1.3286,0.298447,0.719105,,,3.77299,0.28952,0.209825,999,,,,,,,202.80000000000004,5.200000000000001,200,5.128205128205129,,,,,,,,,,,,,,,,,,,"John Schreiber","20020",670167
"Jared Koenig","MIL",3,2,0,3.61235,39,0,1,9,,39,166,35,17,16,4,14,,2,38,8.7402,3.28197,2.66309,0.892421,0.229707,0.0862559,0.14345157891511917,0.237414,1.27063,0.293846,0.737187,,,3.66132,0.289464,0.386422,733.3800048828125,,,,,,,217.40000000000003,5.574358974358975,212,5.435897435897436,,,,,,,,,,,,,,,,,,,"Jared Koenig","27517",657649
"Hunter Gaddis","CLE",2,2,0,3.6718,43,0,2,11,,43,176,37,19,17,5,13,,2,42,8.81028,2.67059,3.299,1.15425,0.236456,0.0716749,0.16478102654218674,0.231756,1.17459,0.279632,0.73478,,,3.84506,0.288715,0.265001,699.7000122070312,,,,,,,253.5,5.895348837209302,243,5.651162790697675,,,,,,,,,,,,,,,,,,,"Hunter Gaddis","25636",683769
"Joey Cantillo","CLE",2,2,1,3.87387,20,3,0,0,,34,145,29,16,15,4,16,,1,38,9.96071,4.27629,2.32929,0.972118,0.258722,0.111074,0.14764858037233353,0.228078,1.33496,0.29424,0.732508,,,3.79379,0.278451,0.188271,510.5400085449219,,,,,,,152.00000000000003,4.470588235294119,143,4.205882352941177,,,,,,,,,,,,,,,,,,,"Joey Cantillo","23335",676282
"Seth Halvorsen","COL",2,3,0,4.47479,40,0,6,5,,40,173,40,21,20,5,16,,2,37,8.52907,3.75387,2.27208,1.04628,0.21614,0.0951291,0.12101131677627563,0.255411,1.41773,0.309895,0.699054,,,4.09569,0.27651,0.308362,376.1700134277344,,,,,,,200.5,5.0125,205,5.125,,,,,,,,,,,,,,,,,,,"Seth Halvorsen","33294",678020
"David Robertson",,1,1,0,3.35079,25,0,0,0,,25,102,20,10,9,2,10,,1,30,10.7871,3.47462,3.10453,0.905392,0.288458,0.0929152,0.19554263353347778,0.217979,1.1972,0.293369,0.750231,,,3.29182,0.275719,0.301671,528.8499755859375,,,,,,,135.4,5.416,126,5.04,,,,,,,,,,,,,,,,,,,"David Robertson","8241",502085
"Brandon Walter","HOU",0,0,2,4.05317,21,5,0,0,,37,159,34,18,16,4,14,,2,35,8.54515,3.38206,2.52661,1.08758,0.217948,0.0862609,0.13168705999851227,0.236037,1.3051,0.282006,0.71569,,,4.00899,0.274877,0.204408,999,,,,,,,158.20000000000002,4.275675675675676,155,4.1891891891891895,,,,,,,,,,,,,,,,,,,"Brandon Walter","26056",687888
"Kyle Wright","KCR",3,2,1,4.31861,21,4,0,0,,39,170,39,21,19,5,14,,2,34,7.80268,3.20222,2.43664,1.04276,0.200839,0.0824244,0.11841445416212082,0.254404,1.34872,0.300352,0.697125,,,4.09301,0.274713,0.124768,711.4000244140625,,,,,,,145.70000000000002,3.7358974358974364,150,3.8461538461538463,,,,,,,,,,,,,,,,,,,"Kyle Wright","19665",657140
"Dennis Santana","PIT",2,2,0,4.18014,40,0,6,6,,40,173,38,20,19,4,16,,2,37,8.19313,3.45201,2.37344,0.828043,0.213024,0.0897535,0.12327087670564651,0.241801,1.3116,0.294827,0.682074,,,3.7609,0.274584,0.166576,549.3599853515625,,,,,,,222,5.55,222,5.55,,,,,,,,,,,,,,,,,,,"Dennis Santana","17878",642701
"Cal Quantrill","MIA",4,7,6,4.95719,16,16,0,0,,87,386,94,52,48,12,34,,5,61,6.28497,3.51331,1.7889,1.2862,0.157401,0.0879872,0.06941342353820801,0.270483,1.46931,0.297369,0.685937,,,4.88361,0.262029,0.258571,685.75,,,,,,,256.80000000000007,2.951724137931035,284,3.264367816091954,,,,,,,,,,,,,,,,,,,"Cal Quantrill","19312",615698
"Carson Whisenhunt","SFG",2,2,2,3.99183,15,4,0,0,,31,133,29,15,14,3,11,,1,30,8.53891,3.29407,2.5922,0.994978,0.223176,0.0860951,0.13708097487688065,0.242337,1.29677,0.294886,0.713369,,,3.85033,0.261116,0.252325,999,,,,,,,141.09999999999997,4.551612903225806,140,4.516129032258065,,,,,,,,,,,,,,,,,,,"Carson Whisenhunt","sa3020529",687931
"Graham Ashcraft","CIN",2,3,0,4.32376,39,0,3,8,,39,169,40,20,19,4,13,,2,33,7.53025,3.00545,2.50553,1.00627,0.19365,0.077289,0.1163610890507698,0.258867,1.3508,0.303748,0.69382,,,4.03699,0.26054,0.197716,631.1699829101562,,,,,,,203.40000000000003,5.215384615384616,211,5.410256410256411,,,,,,,,,,,,,,,,,,,"Graham Ashcraft","27552",668933
"Manuel Rodríguez","TBR",2,2,0,3.5253,39,0,1,9,,39,165,35,17,15,4,14,,3,38,8.84765,3.18139,2.78106,0.837018,0.231885,0.0833798,0.14850475639104843,0.238095,1.26286,0.297587,0.739058,,,3.58257,0.259847,0.16188,745.9099731445312,,,,,,,214.40000000000003,5.497435897435898,209,5.358974358974359,,,,,,,,,,,,,,,,,,,"Manuel Rodriguez","20794",655889
"Tony Santillan","CIN",2,2,0,4.21099,40,0,2,9,,40,170,36,20,19,5,17,,2,44,9.92851,3.84995,2.57886,1.24089,0.257544,0.0998671,0.15767667442560196,0.23469,1.32035,0.294555,0.720092,,,4.10601,0.256493,0.223719,596.0999755859375,,,,,,,217.9,5.4475,212,5.3,,,,,,,,,,,,,,,,,,,"Tony Santillan","19926",663574
"Ronny Henriquez","MIA",2,2,0,4.17516,42,0,11,5,,42,181,42,21,19,5,16,,2,38,8.25925,3.46184,2.3858,1.04024,0.210688,0.088309,0.12237872928380966,0.256489,1.38851,0.308367,0.720851,,,4.07206,0.255475,0.193741,999,,,,,,,237.10000000000002,5.645238095238096,242,5.761904761904762,,,,,,,,,,,,,,,,,,,"Ronny Henriquez","24094",678692
"Louis Varland","MIN",3,3,0,4.08917,41,1,1,8,,46,195,45,23,21,7,14,,2,47,9.13579,2.66829,3.42383,1.27578,0.241067,0.0704085,0.17065855115652084,0.248626,1.25938,0.302332,0.721559,,,3.90566,0.24972,0.010485,740.0999755859375,,,,,,,220.30000000000007,4.78913043478261,222,4.826086956521739,,,,,,,,,,,,,,,,,,,"Louis Varland","27691",686973
"Johan Oviedo","PIT",2,2,2,4.46435,16,5,0,0,,39,170,38,21,19,4,17,,2,33,7.7064,3.93654,1.95766,1.00787,0.196138,0.10019,0.09594772756099701,0.248586,1.40009,0.2929,0.69244,,,4.30142,0.248256,0.229188,748.280029296875,,,,,,,149.60000000000002,3.8358974358974365,152,3.8974358974358974,,,,,,,,,,,,,,,,,,,"Johan Oviedo","22487",670912
"Logan Henderson","MIL",2,2,2,4.19661,16,4,0,0,,30,125,27,15,14,5,9,,1,33,9.73835,2.61177,3.72864,1.43475,0.26317,0.0705808,0.19258934259414673,0.230606,1.16239,0.28054,0.697987,,,3.97575,0.244183,0.194196,600.6900024414062,,,,,,,126.3,4.21,121,4.033333333333333,,,,,,,,,,,,,,,,,,,"Logan Henderson","31475",701656
"Javier Assad","CHC",2,2,3,4.28552,14,7,0,0,,46,197,45,24,22,6,18,,2,37,7.4043,3.59897,2.05734,1.17838,0.189986,0.0923456,0.0976405069231987,0.252027,1.3804,0.28928,0.720765,,,4.45545,0.243306,0.320919,649.3900146484375,,,,,,,163.60000000000002,3.556521739130435,166,3.608695652173913,,,,,,,,,,,,,,,,,,,"Javier Assad","21741",665871
"Garrett Cleavinger","TBR",3,2,0,3.73519,40,0,1,10,,40,167,32,18,16,5,17,,2,48,10.8458,3.98248,2.72338,1.10511,0.284859,0.104598,0.18026152998209,0.218814,1.2576,0.288799,0.742835,,,3.78154,0.242611,0.138463,729.8800048828125,,,,,,,235.3,5.8825,219,5.475,,,,,,,,,,,,,,,,,,,"Garrett Cleavinger","17897",664076
"Jonathan Loáisiga","NYY",3,2,0,3.6255,40,0,1,9,,40,168,39,17,16,4,12,,2,32,7.19509,2.65605,2.70895,0.978076,0.189683,0.0700211,0.11966215074062347,0.249894,1.26457,0.289695,0.743158,,,3.89888,0.241297,0.288795,748.239990234375,,,,,,,208.4,5.21,211,5.275,,,,,,,,,,,,,,,,,,,"Jonathan Loaisiga","19753",642528
"Nick Mears","MIL",2,2,0,3.93548,39,0,1,8,,39,163,33,18,17,4,17,,1,45,10.447,3.96608,2.63409,0.994835,0.273907,0.103985,0.16992150992155075,0.225554,1.28934,0.296287,0.717477,,,3.62062,0.239157,0.206924,745.6900024414062,,,,,,,226.60000000000002,5.810256410256411,216,5.538461538461538,,,,,,,,,,,,,,,,,,,"Nick Mears","25376",683232
"Paul Blackburn","NYM",3,3,1,4.29276,35,4,0,0,,53,228,53,28,25,7,17,,2,46,7.74483,2.86753,2.70087,1.18285,0.201374,0.0745589,0.1268150433897972,0.256443,1.32223,0.298526,0.706168,,,4.14595,0.238302,0.141673,672.1300048828125,,,,,,,203.3,3.8358490566037737,209,3.943396226415094,,,,,,,,,,,,,,,,,,,"Paul Blackburn","14739",621112
"Ryan Zeferjahn","LAA",2,2,0,4.24839,41,0,2,8,,41,178,36,21,19,5,19,,3,47,10.3,4.16014,2.47589,1.16207,0.26531,0.107158,0.15815217792987823,0.230604,1.33442,0.296206,0.711939,,,4.06332,0.237827,-0.0344769,744.52001953125,,,,,,,218.30000000000004,5.32439024390244,210,5.121951219512195,,,,,,,,,,,,,,,,,,,"Ryan Zeferjahn","25420",666171
"Tyler Holton","DET",2,2,0,3.37065,37,0,1,7,,37,152,33,15,14,4,9,,1,32,7.85071,2.24669,3.49434,0.938126,0.214193,0.0612972,0.1528957560658455,0.231162,1.12456,0.274426,0.733146,,,3.55251,0.237184,0.247593,448.07000732421875,,,,,,,205.8,5.562162162162163,200,5.405405405405405,,,,,,,,,,,,,,,,,,,"Tyler Holton","26231",663947
"Tommy Kahnle","DET",1,1,0,3.4463,40,0,8,5,,40,170,33,17,15,4,17,,2,41,9.13467,3.72022,2.45541,0.935355,0.241665,0.0984213,0.14324373751878738,0.221514,1.24138,0.276464,0.752966,,,3.78603,0.232322,0.402193,614.5700073242188,,,,,,,246,6.15,233,5.825,,,,,,,,,,,,,,,,,,,"Tommy Kahnle","11384",592454
"Phil Maton","STL",2,2,0,3.94753,42,0,2,9,,42,179,38,20,18,5,15,,4,41,8.69787,3.24783,2.67806,0.995198,0.226934,0.0847384,0.1421956792473793,0.236561,1.26257,0.289291,0.709372,,,3.9248,0.230814,0.196514,746.3599853515625,,,,,,,221.5,5.273809523809524,216,5.142857142857143,,,,,,,,,,,,,,,,,,,"Phil Maton","18064",664208
"Keider Montero","DET",3,3,3,4.52215,21,7,0,0,,50,214,49,27,25,7,18,,2,42,7.67816,3.23691,2.37206,1.33637,0.198468,0.0836692,0.11479927599430084,0.252638,1.34335,0.288792,0.702086,,,4.51798,0.230305,0.0708927,719.6599731445312,,,,,,,180.49999999999997,3.6099999999999994,183,3.66,,,,,,,,,,,,,,,,,,,"Keider Montero","22630",672456
"Greg Weissert","BOS",2,2,0,3.88732,38,0,0,8,,38,163,36,18,16,4,14,,2,38,8.96613,3.28246,2.73152,1.01819,0.233101,0.0853374,0.14776384830474854,0.247202,1.3203,0.305654,0.732253,,,3.78235,0.223476,0.17991,999,,,,,,,198.4,5.221052631578948,198,5.2105263157894735,,,,,,,,,,,,,,,,,,,"Greg Weissert","20375",669711
"Calvin Faucher","MIA",2,2,0,4.1519,41,0,8,6,,41,179,39,21,19,4,19,,2,42,9.24628,4.18632,2.20869,0.857821,0.234595,0.106214,0.1283802092075348,0.247734,1.42346,0.314317,0.714735,,,3.79669,0.221809,0.101256,299.3699951171875,,,,,,,237.80000000000004,5.800000000000001,238,5.804878048780488,,,,,,,,,,,,,,,,,,,"Calvin Faucher","20116",676534
"Tanner Banks","PHI",2,1,0,3.83138,38,0,0,7,,38,158,35,17,16,4,12,,2,38,9.05086,2.87728,3.14563,1.05804,0.239546,0.0761518,0.163393996655941,0.241819,1.24783,0.298563,0.724769,,,3.67637,0.221411,0.195873,999,,,,,,,203,5.342105263157895,200,5.2631578947368425,,,,,,,,,,,,,,,,,,,"Tanner Banks","16990",621383
"Carmen Mlodzinski","PIT",2,3,1,4.3928,29,3,0,0,,42,185,43,23,21,4,17,,2,36,7.63686,3.56253,2.14366,0.932006,0.195108,0.0910162,0.10409191995859146,0.256234,1.39836,0.303661,0.69239,,,4.03815,0.220065,0.119537,724.4099731445312,,,,,,,164.8,3.923809523809524,173,4.119047619047619,,,,,,,,,,,,,,,,,,,"Carmen Mlodzinski","27572",669387
"Taylor Rogers","CIN",2,2,0,4.11256,39,0,1,8,,39,165,35,19,18,5,15,,2,41,9.49716,3.57242,2.65847,1.18742,0.246729,0.0928086,0.1539200395345688,0.239262,1.31293,0.296854,0.723478,,,4.02963,0.215319,0.219177,493.0799865722656,,,,,,,204.10000000000002,5.233333333333334,198,5.076923076923077,,,,,,,,,,,,,,,,,,,"Taylor Rogers","13449",573124
"Edwin Uceta","TBR",2,2,0,3.86654,41,0,3,8,,41,172,34,19,18,6,16,,2,44,9.71818,3.43255,2.83118,1.21457,0.256433,0.0905746,0.165858656167984,0.223853,1.22518,0.27747,0.731686,,,3.99843,0.211438,0.092697,318.20001220703125,,,,,,,222.20000000000002,5.419512195121952,208,5.073170731707317,,,,,,,,,,,,,,,,,,,"Edwin Uceta","20539",670955
"Jordan Romano","PHI",2,3,0,4.13333,40,0,14,4,,40,170,37,20,18,6,15,,2,41,9.24236,3.33893,2.76806,1.31215,0.242282,0.0875276,0.1547539159655571,0.238121,1.2805,0.288543,0.725858,,,4.17801,0.210453,0.121708,158.24000549316406,,,,,,,243,6.075,239,5.975,,,,,,,,,,,,,,,,,,,"Jordan Romano","16122",605447
"Brenan Hanifee","DET",2,2,0,3.7878,39,0,1,8,,39,164,39,18,16,4,11,,1,30,6.94806,2.58976,2.6829,0.852307,0.181525,0.0676603,0.11386516690254211,0.258891,1.3043,0.301273,0.72273,,,3.74544,0.209945,0.107591,999,,,,,,,199.00000000000003,5.102564102564103,204,5.230769230769231,,,,,,,,,,,,,,,,,,,"Brenan Hanifee","22304",669724
"Hoby Milner","TEX",2,1,0,3.74022,35,0,0,7,,35,147,33,16,15,4,9,,2,33,8.35755,2.36153,3.53904,0.943254,0.223189,0.0630649,0.16012414544820786,0.244723,1.20528,0.297249,0.711882,,,3.50792,0.2074,0.0746115,999,,,,,,,185,5.285714285714286,184,5.257142857142857,,,,,,,,,,,,,,,,,,,"Hoby Milner","13346",571948
"Austin Gomber","COL",3,4,4,5.27249,10,10,0,0,,59,256,66,37,34,11,17,,1,41,6.26197,2.60399,2.40476,1.65167,0.159777,0.0664422,0.09333525598049164,0.279921,1.42055,0.299723,0.673565,,,5.01381,0.205706,0.344922,746.3800048828125,,,,,,,157.70000000000002,2.6728813559322036,180,3.0508474576271185,,,,,,,,,,,,,,,,,,,"Austin Gomber","16561",596295
"Jordan Hicks","SFG",3,3,2,4.10619,37,4,0,3,,54,237,52,27,25,5,24,,3,48,7.96041,3.93512,2.02291,0.810258,0.202456,0.100081,0.1023745909333229,0.248021,1.39703,0.300408,0.708985,,,3.97776,0.201241,0.195013,465.57000732421875,,,,,,,229.90000000000003,4.257407407407408,232,4.296296296296297,,,,,,,,,,,,,,,,,,,"Jordan Hicks","19618",663855
"Randy Rodríguez","SFG",3,2,0,3.91091,40,0,1,8,,40,169,35,19,17,4,16,,2,41,9.3129,3.67808,2.532,0.874649,0.24254,0.0957897,0.14674998819828033,0.234991,1.30255,0.298173,0.711722,,,3.66068,0.200706,0.108328,999,,,,,,,220.8,5.5200000000000005,213,5.325,,,,,,,,,,,,,,,,,,,"Randy Rodriguez","23974",678495
"Tyler Ferguson","ATH",2,2,0,4.09684,40,0,1,9,,40,175,35,20,18,4,20,,3,43,9.51378,4.48987,2.11894,0.997708,0.243903,0.115106,0.12879687547683716,0.227811,1.35738,0.287496,0.717524,,,4.10292,0.19989,-0.0204903,748.760009765625,,,,,,,213.8,5.345000000000001,206,5.15,,,,,,,,,,,,,,,,,,,"Tyler Ferguson","19481",621053
"Parker Messick","CLE",1,1,2,4.39159,4,4,0,0,,23,100,23,12,11,3,8,,1,21,7.89877,3.21636,2.45581,1.24324,0.204903,0.0834358,0.12146700918674469,0.249027,1.32234,0.289184,0.701499,,,4.34455,0.199647,0.147407,999,,,,,,,88.50000000000001,3.8478260869565224,91,3.9565217391304346,,,,,,,,,,,,,,,,,,,"Parker Messick","sa3020748",800048
"Nathan Wiles","ATL",0,0,2,4.10724,27,4,0,0,,40,175,37,20,18,5,16,,2,38,8.64655,3.50712,2.46543,1.06362,0.218229,0.0885157,0.1297132670879364,0.234506,1.31974,0.281207,0.70881,,,4.00328,0.195096,0.220449,999,,,,,,,160.3,4.0075,157,3.925,,,,,,,,,,,,,,,,,,,"Nathan Wiles","25474",686249
"Richard Fitts","BOS",3,3,2,4.54747,27,5,0,0,,50,212,51,27,25,7,15,,2,39,7.04426,2.75314,2.55862,1.2929,0.183089,0.0715577,0.11153163015842438,0.260895,1.3331,0.293453,0.692493,,,4.39469,0.194878,0.136302,476.5799865722656,,,,,,,178.29999999999998,3.566,186,3.72,,,,,,,,,,,,,,,,,,,"Richard Fitts","30160",690916
"Matt Waldron","SDP",2,2,1,4.61216,14,4,0,0,,34,142,33,19,17,5,10,,2,28,7.44279,2.60801,2.85382,1.39135,0.19505,0.0683469,0.1267026588320732,0.254013,1.28065,0.286465,0.679961,,,4.45197,0.194642,0.0694095,657.5499877929688,,,,,,,124.30000000000003,3.6558823529411772,125,3.676470588235294,,,,,,,,,,,,,,,,,,,"Matt Waldron","25550",663362
"Brad Lord","WSN",2,3,1,4.4733,37,3,0,4,,52,225,53,28,26,6,18,,3,41,7.04461,3.15577,2.23229,0.989941,0.180482,0.0808505,0.09963152557611465,0.259753,1.37176,0.299872,0.682812,,,4.16115,0.193432,0.033584,999,,,,,,,208.2,4.003846153846154,217,4.173076923076923,,,,,,,,,,,,,,,,,,,"Brad Lord","31972",695418
"Luke Jackson","TEX",2,3,0,4.2111,40,0,4,7,,40,174,36,21,19,5,18,,2,42,9.28376,4.015,2.31227,1.05732,0.239812,0.103713,0.1360994130373001,0.236603,1.34784,0.294594,0.709206,,,4.01428,0.190218,-0.160755,684.6699829101562,,,,,,,212.9,5.3225,207,5.175,,,,,,,,,,,,,,,,,,,"Luke Jackson","11752",592426
"Shawn Armstrong","TEX",2,1,0,4.17269,38,0,1,8,,38,162,36,19,18,5,14,,2,38,8.97857,3.25696,2.75674,1.08113,0.233748,0.0847914,0.14895612001419067,0.245813,1.31035,0.302233,0.706023,,,3.87414,0.187042,-0.0357001,999,,,,,,,191.1,5.028947368421052,190,5,,,,,,,,,,,,,,,,,,,"Shawn Armstrong","12857",542888
"Daniel Palencia","CHC",2,2,0,3.9479,40,0,13,5,,40,171,33,19,17,4,20,,2,44,10.1242,4.53329,2.23331,0.885516,0.260663,0.116716,0.14394676685333252,0.225221,1.34961,0.295158,0.720222,,,3.78762,0.185667,0.178891,999,,,,,,,268,6.7,255,6.375,,,,,,,,,,,,,,,,,,,"Daniel Palencia","27914",694037
"Brandon Eisert","CHW",2,2,0,4.03526,36,0,1,6,,36,152,35,17,16,4,12,,1,35,8.80263,3.04082,2.89482,1.05438,0.230032,0.0794632,0.1505686342716217,0.249796,1.30682,0.305991,0.717068,,,3.76501,0.185209,0.0429481,999,,,,,,,186.20000000000005,5.172222222222223,188,5.222222222222222,,,,,,,,,,,,,,,,,,,"Brandon Eisert","27668",685126
"Ryan Yarbrough","NYY",2,2,1,4.36013,30,3,0,0,,46,196,45,24,22,7,14,,3,35,6.86357,2.69824,2.54372,1.28351,0.17849,0.0701688,0.10832099616527557,0.25327,1.28679,0.282235,0.699275,,,4.53493,0.180647,0.070998,742.9099731445312,,,,,,,156.30000000000007,3.397826086956523,158,3.4347826086956523,,,,,,,,,,,,,,,,,,,"Ryan Yarbrough","16502",642232
"Jalen Beeks","ARI",3,2,0,3.93513,39,0,1,8,,39,168,38,18,17,4,15,,2,36,8.28847,3.47089,2.388,0.895524,0.213684,0.0894827,0.12420163303613663,0.250562,1.35856,0.305124,0.724461,,,3.81172,0.179281,0.23075,999,,,,,,,198.60000000000002,5.092307692307693,201,5.153846153846154,,,,,,,,,,,,,,,,,,,"Jalen Beeks","17192",656222
"Yuki Matsui","SDP",2,2,0,3.58781,37,0,0,7,,37,155,30,16,15,4,16,,1,44,10.6368,3.82486,2.78097,1.07287,0.282458,0.101568,0.18089008331298828,0.220611,1.24854,0.289618,0.753691,,,3.61878,0.177178,0.145986,725.6599731445312,,,,,,,211.60000000000002,5.718918918918919,198,5.351351351351352,,,,,,,,,,,,,,,,,,,"Yuki Matsui","33826",673513
"Justin Wilson","BOS",2,2,0,4.16127,36,0,2,6,,36,153,35,18,16,4,13,,1,35,8.94247,3.19032,2.803,1.13691,0.23178,0.0826899,0.1490899920463562,0.252758,1.3388,0.309256,0.719681,,,3.91195,0.168412,0.0339845,999,,,,,,,188.20000000000005,5.227777777777779,190,5.277777777777778,,,,,,,,,,,,,,,,,,,"Justin Wilson","4301",458677
"Gregory Soto","BAL",2,3,0,3.71898,39,0,0,7,,39,166,33,17,16,3,18,,2,42,9.90474,4.1291,2.39877,0.805063,0.255997,0.10672,0.14927653223276138,0.229335,1.32475,0.300276,0.729958,,,3.61023,0.166505,0.111734,740.4500122070312,,,,,,,217.90000000000003,5.587179487179488,208,5.333333333333333,,,,,,,,,,,,,,,,,,,"Gregory Soto","19677",642397
"Sawyer Gipson-Long","DET",1,1,1,4.02399,17,2,0,0,,26,109,25,13,12,3,8,,1,24,8.4158,2.62637,3.20435,1.17064,0.223416,0.0697227,0.15369302779436111,0.2449,1.23562,0.2918,0.711547,,,3.89495,0.16495,0.140398,724.25,,,,,,,111.5,4.288461538461538,112,4.3076923076923075,,,,,,,,,,,,,,,,,,,"Sawyer Gipson-Long","26048",687830
"Erik Miller","SFG",2,2,0,3.59925,38,0,1,8,,38,165,31,17,15,3,22,,1,45,10.5916,5.0659,2.09076,0.769213,0.272798,0.130478,0.14231990277767181,0.216143,1.36529,0.292618,0.747087,,,3.6414,0.163838,0.158092,999,,,,,,,221.70000000000002,5.83421052631579,209,5.5,,,,,,,,,,,,,,,,,,,"Erik Miller","26252",669062
"Jesus Tinoco","MIA",2,2,0,3.92147,40,0,1,8,,40,168,36,19,17,5,15,,2,38,8.73451,3.33334,2.62035,1.0954,0.228507,0.0872047,0.14130207151174545,0.239087,1.28554,0.290055,0.728096,,,3.97877,0.163576,0.200812,463.9800109863281,,,,,,,202.9,5.0725,197,4.925,,,,,,,,,,,,,,,,,,,"Jesus Tinoco","16300",622786
"Ryan Thompson","ARI",3,2,0,3.7636,38,0,0,8,,38,159,37,17,16,3,11,,2,31,7.31948,2.65243,2.75954,0.795433,0.192598,0.0697936,0.12280472368001938,0.250472,1.26742,0.296571,0.710754,,,3.61923,0.161716,0.210776,750.1900024414062,,,,,,,203.10000000000002,5.344736842105264,206,5.421052631578948,,,,,,,,,,,,,,,,,,,"Ryan Thompson","16647",657044
"Ryan Brasier","CHC",2,1,0,3.68476,38,0,0,8,,38,156,34,17,15,4,11,,1,36,8.59383,2.64659,3.24713,0.974908,0.230744,0.0710609,0.15968326479196548,0.236553,1.19572,0.288646,0.719016,,,3.55747,0.1612,0.149269,748.4099731445312,,,,,,,211.6,5.568421052631579,206,5.421052631578948,,,,,,,,,,,,,,,,,,,"Ryan Brasier","5615",518489
"Allan Winans","NYY",2,3,1,4.1517,24,2,0,0,,36,152,36,18,17,5,10,,2,30,7.57519,2.52296,3.0025,1.25109,0.199044,0.0662927,0.13275153934955597,0.253584,1.26896,0.291172,0.714432,,,4.19312,0.161192,0.0985563,999,,,,,,,135.30000000000004,3.7583333333333346,139,3.861111111111111,,,,,,,,,,,,,,,,,,,"Allan Winans","21238",642216
"Andrew Chafin","WSN",2,2,0,3.97332,37,0,1,7,,37,160,33,18,16,4,18,,1,42,10.3375,4.37609,2.36228,0.921195,0.265945,0.11258,0.15336497873067856,0.234338,1.37687,0.30917,0.727156,,,3.66781,0.158039,0.0565455,999,,,,,,,198.8,5.372972972972973,193,5.216216216216216,,,,,,,,,,,,,,,,,,,"Andrew Chafin","12988",605177
"Jack Dreyer","LAD",2,1,0,3.96346,34,0,0,8,,34,146,31,16,15,4,14,,1,35,9.23169,3.59983,2.56448,1.01437,0.241635,0.094224,0.14741135388612747,0.23762,1.30697,0.296536,0.720769,,,3.77707,0.15509,0.0783262,999,,,,,,,178.80000000000004,5.258823529411766,175,5.147058823529412,,,,,,,,,,,,,,,,,,,"Jack Dreyer","30249",676263
"Braxton Ashcraft","PIT",2,2,1,4.15454,34,2,0,3,,41,174,42,21,19,5,12,,2,33,7.35456,2.55864,2.87441,1.0712,0.192149,0.0668482,0.12530067563056946,0.259146,1.30219,0.300457,0.704882,,,3.96701,0.154263,0.0488376,736.3599853515625,,,,,,,168.70000000000005,4.114634146341465,176,4.2926829268292686,,,,,,,,,,,,,,,,,,,"Braxton Ashcraft","23793",677952
"Jake Bird","COL",2,2,0,4.431,41,0,1,9,,41,184,41,22,20,4,19,,3,40,8.59812,4.22569,2.03473,0.93376,0.214924,0.105628,0.10929591208696365,0.254869,1.46487,0.313254,0.704542,,,4.13649,0.148958,0.208565,999,,,,,,,202.60000000000005,4.941463414634147,208,5.073170731707317,,,,,,,,,,,,,,,,,,,"Jake Bird","21267",656234
"Justin Topa","MIN",2,2,0,3.67241,37,0,0,7,,37,156,35,16,15,3,12,,2,32,7.89423,2.88211,2.73904,0.846456,0.20653,0.0754023,0.13112757354974747,0.249429,1.28728,0.300427,0.730137,,,3.65763,0.148953,0.139182,999,,,,,,,195.90000000000003,5.294594594594596,196,5.297297297297297,,,,,,,,,,,,,,,,,,,"Justin Topa","15145",623437
"Sean Newcomb","ATH",2,3,1,4.24632,37,2,0,5,,48,211,44,24,22,5,25,,3,49,9.31514,4.71672,1.97492,0.99321,0.234002,0.118487,0.11551519483327866,0.242725,1.45681,0.30488,0.724841,,,4.18504,0.148365,0.04239,713.280029296875,,,,,,,213.30000000000004,4.4437500000000005,209,4.354166666666667,,,,,,,,,,,,,,,,,,,"Sean Newcomb","16943",656794
"Alec Marsh","KCR",2,2,1,4.60137,16,3,0,0,,29,125,28,16,15,4,11,,2,28,8.64434,3.31973,2.60393,1.3388,0.222936,0.0856154,0.13732094317674637,0.249359,1.33555,0.295554,0.691771,,,4.38711,0.147791,0.0596502,672.5800170898438,,,,,,,109.60000000000004,3.7793103448275875,110,3.793103448275862,,,,,,,,,,,,,,,,,,,"Alec Marsh","27451",679525
"Brennan Bernardino","BOS",2,2,0,3.92949,38,0,0,7,,38,162,35,18,16,4,14,,3,38,9.04241,3.44376,2.62574,0.966714,0.233001,0.0887374,0.1442635878920555,0.244661,1.32522,0.304754,0.724048,,,3.8447,0.146208,0.130701,999,,,,,,,194,5.105263157894737,191,5.026315789473684,,,,,,,,,,,,,,,,,,,"Brennan Bernardino","16835",657514
"Landon Knack","LAD",2,1,1,4.30273,16,2,0,1,,27,116,25,14,13,4,9,,1,26,8.68326,3.11485,2.7877,1.39012,0.22844,0.0819458,0.1464942991733551,0.241989,1.27509,0.284785,0.713451,,,4.31105,0.144763,0.0658879,531.1900024414062,,,,,,,111.60000000000002,4.133333333333334,109,4.037037037037037,,,,,,,,,,,,,,,,,,,"Landon Knack","27487",689017
"Daysbel Hernández","ATL",3,2,0,3.8585,39,0,1,8,,39,172,34,18,17,4,21,,2,42,9.61746,4.81911,1.99569,0.872306,0.24459,0.122559,0.1220308467745781,0.231566,1.41238,0.297552,0.741275,,,3.94827,0.14413,0.22248,749.97998046875,,,,,,,203.00000000000003,5.205128205128206,195,5,,,,,,,,,,,,,,,,,,,"Daysbel Hernandez","20271",678226
"Dedniel Núñez","NYM",2,1,0,3.57151,34,0,0,3,,34,142,30,15,13,4,13,,1,37,9.983,3.41148,2.92629,1.00442,0.264139,0.090264,0.17387495189905167,0.232035,1.25829,0.298875,0.750374,,,3.54217,0.142712,0.0642485,731.8699951171875,,,,,,,168.40000000000003,4.952941176470589,162,4.764705882352941,,,,,,,,,,,,,,,,,,,"Dedniel Nunez","23055",673380
"Joe Boyle","TBR",2,3,1,4.23533,31,2,0,0,,40,176,31,20,19,4,26,,2,48,10.7293,5.88701,1.82255,0.929359,0.270927,0.148653,0.12227417528629303,0.211329,1.43387,0.282538,0.715391,,,4.16894,0.141328,0.0092883,572.7999877929688,,,,,,,178.20000000000002,4.455,160,4,,,,,,,,,,,,,,,,,,,"Joe Boyle","29608",671212
"Kyle Finnegan","WSN",2,3,0,3.96291,41,0,21,2,,41,174,38,20,18,5,16,,1,39,8.70494,3.45918,2.51647,1.09497,0.227045,0.0902234,0.13682131469249725,0.244482,1.32537,0.296851,0.733097,,,3.95953,0.138795,0.171497,182.1999969482422,,,,,,,283.1,6.904878048780488,280,6.829268292682927,,,,,,,,,,,,,,,,,,,"Kyle Finnegan","15009",640448
"Ryan Borucki","PIT",2,1,0,3.88887,36,0,0,7,,36,153,33,17,16,4,13,,2,35,8.68434,3.30455,2.62799,0.885674,0.226872,0.0863288,0.14054276049137115,0.240294,1.2876,0.297069,0.711349,,,3.69706,0.138344,0.139665,999,,,,,,,184.40000000000003,5.122222222222224,181,5.027777777777778,,,,,,,,,,,,,,,,,,,"Ryan Borucki","16350",621366
"Cody Bradford","TEX",2,1,0,4.02461,22,1,0,0,,27,111,26,13,12,4,6,,1,25,8.29731,1.93773,4.28196,1.27737,0.225187,0.0525895,0.17259696871042252,0.24405,1.15477,0.286304,0.699432,,,3.81431,0.137525,0.0412779,430.4200134277344,,,,,,,112.00000000000003,4.148148148148149,112,4.148148148148148,,,,,,,,,,,,,,,,,,,"Cody Bradford","27597",674003
"Emerson Hancock","SEA",2,3,3,4.62288,14,7,0,0,,46,196,46,25,23,7,15,,2,33,6.56338,2.94999,2.22488,1.38164,0.16967,0.0762604,0.09340983629226685,0.257825,1.33869,0.282211,0.694423,,,4.74817,0.134905,-0.064938,609.4099731445312,,,,,,,149.70000000000007,3.254347826086958,154,3.347826086956522,,,,,,,,,,,,,,,,,,,"Emerson Hancock","27470",676106
"Beau Brieske","DET",2,2,0,4.00665,42,0,3,9,,42,177,38,20,19,5,16,,2,38,8.2366,3.40816,2.41673,1.06741,0.21552,0.0891786,0.1263417974114418,0.239847,1.29721,0.28611,0.719006,,,4.04095,0.133618,0.0746381,451.94000244140625,,,,,,,223.5,5.321428571428571,218,5.190476190476191,,,,,,,,,,,,,,,,,,,"Beau Brieske","26079",689225
"Andrew Kittredge","BAL",3,2,0,3.85586,41,0,2,10,,41,170,39,19,17,5,11,,1,37,8.23928,2.50795,3.28526,1.216,0.218577,0.0665327,0.15204454213380814,0.248132,1.23971,0.292622,0.736779,,,3.95041,0.131924,0.105081,731.8900146484375,,,,,,,228.50000000000003,5.573170731707318,228,5.560975609756097,,,,,,,,,,,,,,,,,,,"Andrew Kittredge","12828",552640
"Bennett Sousa","HOU",3,2,0,3.82283,36,0,0,7,,36,154,33,17,15,4,14,,1,37,9.17843,3.5603,2.57799,0.949513,0.240376,0.0932414,0.1471341773867607,0.237597,1.30247,0.297739,0.72809,,,3.68845,0.130558,0.0174376,999,,,,,,,188.40000000000003,5.233333333333334,185,5.138888888888889,,,,,,,,,,,,,,,,,,,"Bennett Sousa","21345",656986
"JoJo Romero","STL",3,2,0,3.77427,40,0,1,9,,40,170,37,18,17,4,14,,2,38,8.41805,3.21833,2.61566,0.938041,0.220635,0.0843519,0.13628358393907547,0.24133,1.28325,0.293779,0.72751,,,3.77451,0.126467,0.224208,718.2000122070312,,,,,,,219.60000000000002,5.49,217,5.425,,,,,,,,,,,,,,,,,,,"JoJo Romero","19574",668941
"AJ Blubaugh","HOU",2,2,1,4.44399,17,3,0,0,,31,132,30,16,15,4,12,,1,28,8.33483,3.48141,2.3941,1.2883,0.215321,0.0899383,0.1253826543688774,0.248822,1.35074,0.292643,0.707641,,,4.36924,0.126012,-0.0214192,999,,,,,,,119.19999999999999,3.8451612903225802,120,3.870967741935484,,,,,,,,,,,,,,,,,,,"AJ Blubaugh","31764",805123
"Omar Cruz","SDP",2,2,0,4.29455,27,1,0,0,,33,143,30,17,16,3,15,,2,34,9.33686,4.02383,2.32039,0.818538,0.238533,0.102799,0.13573413342237473,0.241692,1.37459,0.308789,0.686242,,,3.72195,0.125722,-0.0158514,750.0900268554688,,,,,,,146.30000000000004,4.4333333333333345,143,4.333333333333333,,,,,,,,,,,,,,,,,,,"Omar Cruz","23875",678316
"Angel Zerpa","KCR",2,1,0,3.94928,40,0,0,8,,40,171,40,19,17,4,13,,2,34,7.65473,3.01563,2.53835,0.917149,0.197744,0.0779026,0.11984173953533173,0.258185,1.34788,0.306663,0.722623,,,3.83804,0.124905,0.114406,750.5700073242188,,,,,,,197.8,4.945,203,5.075,,,,,,,,,,,,,,,,,,,"Angel Zerpa","22717",672582
"Ben Casparius","LAD",3,2,0,4.4239,38,1,1,9,,43,186,40,23,21,6,19,,2,46,9.50271,3.86716,2.45728,1.15651,0.245462,0.0998915,0.14557021111249924,0.240148,1.34938,0.29909,0.696971,,,4.05358,0.124748,-0.087574,745.760009765625,,,,,,,210.39999999999998,4.893023255813953,207,4.813953488372093,,,,,,,,,,,,,,,,,,,"Ben Casparius","30085",676508
"Shelby Miller","ARI",3,2,0,3.991,40,0,2,8,,40,169,36,19,18,5,14,,2,40,9.00859,3.16795,2.84367,1.0967,0.237363,0.0834707,0.15389223396778107,0.236182,1.2518,0.289524,0.711981,,,3.88306,0.121189,0.282106,999,,,,,,,214.9,5.3725000000000005,209,5.225,,,,,,,,,,,,,,,,,,,"Shelby Miller","10197",571946
"Yariel Rodríguez","TOR",2,3,0,4.3363,41,1,2,10,,45,193,39,24,22,6,21,,2,47,9.31902,4.20069,2.21845,1.20719,0.240646,0.108475,0.13217104226350784,0.230975,1.34076,0.282999,0.708646,,,4.30847,0.119791,-0.0850035,600.9400024414062,,,,,,,232.79999999999998,5.173333333333333,222,4.933333333333334,,,,,,,,,,,,,,,,,,,"Yariel Rodriguez","33838",684320
"Aaron Ashby","MIL",2,2,0,3.85303,36,0,0,6,,36,156,33,17,15,3,17,,1,37,9.29624,4.38051,2.12218,0.789649,0.238043,0.112169,0.1258741095662117,0.237329,1.39226,0.303464,0.730188,,,3.72507,0.118342,0.0870459,635.030029296875,,,,,,,187.7,5.213888888888889,185,5.138888888888889,,,,,,,,,,,,,,,,,,,"Aaron Ashby","23550",676879
"Declan Cronin","MIA",2,2,0,4.22202,37,0,0,6,,37,162,38,19,17,3,15,,2,33,7.94324,3.55319,2.23552,0.713393,0.201577,0.0901697,0.1114068478345871,0.258414,1.40882,0.315565,0.69262,,,3.70774,0.117339,0.010056,999,,,,,,,177.09999999999997,4.786486486486486,185,5,,,,,,,,,,,,,,,,,,,"Declan Cronin","25645",686539
"Shinnosuke Ogasawara","WSN",2,2,1,4.34493,27,3,0,0,,42,180,42,22,20,6,14,,2,32,6.86595,2.91656,2.35413,1.24303,0.178438,0.075798,0.10264000296592712,0.256394,1.32742,0.287232,0.707785,,,4.435,0.11624,0.143545,733.9500122070312,,,,,,,143.8,3.423809523809524,148,3.5238095238095237,,,,,,,,,,,,,,,,,,,"Shinnosuke Ogasawara","sa3058454",829272
"Mason Fluharty","TOR",2,2,0,3.98436,36,0,0,7,,36,156,34,17,16,4,14,,2,34,8.44299,3.45826,2.4414,0.927387,0.218544,0.0895161,0.12902828305959702,0.244316,1.32507,0.298175,0.71465,,,3.86784,0.115162,0.0199267,999,,,,,,,176.80000000000004,4.911111111111112,176,4.888888888888889,,,,,,,,,,,,,,,,,,,"Mason Fluharty","31553",689254
"Alex Wood",,1,2,2,4.70277,4,4,0,0,,23,100,24,13,12,3,9,,2,18,7.0318,3.43584,2.0466,1.26972,0.17742,0.0866902,0.09073010087013245,0.263045,1.42044,0.296601,0.697075,,,4.7159,0.113207,0.0870049,999,,,,,,,73.9,3.21304347826087,79,3.4347826086956523,,,,,,,,,,,,,,,,,,,"Alex Wood","13781",622072
"Grant Holman","ATH",3,2,0,4.04843,39,0,1,10,,39,168,36,19,18,4,16,,2,34,7.89956,3.61149,2.18734,0.96768,0.204795,0.0936274,0.11116760224103928,0.24183,1.32947,0.287658,0.712951,,,4.06473,0.112307,0.0365928,745.9000244140625,,,,,,,204.80000000000004,5.251282051282052,202,5.17948717948718,,,,,,,,,,,,,,,,,,,"Grant Holman","30002",680880
"Jakob Junis","CLE",2,2,0,3.8786,39,0,0,8,,39,160,37,18,17,5,8,,2,35,8.0696,1.90365,4.23901,1.27001,0.217006,0.0511926,0.1658131703734398,0.24944,1.17862,0.290907,0.7239,,,3.8846,0.109728,0.0716971,664.5499877929688,,,,,,,202.90000000000003,5.202564102564104,202,5.17948717948718,,,,,,,,,,,,,,,,,,,"Jakob Junis","13619",596001
"Kyle Hart","SDP",2,2,1,4.5575,20,4,0,0,,39,166,38,21,20,6,13,,2,33,7.56267,3.05826,2.47287,1.35412,0.19617,0.0793288,0.11684075742959976,0.253514,1.32807,0.288153,0.695926,,,4.51047,0.10971,0.00107825,534.030029296875,,,,,,,137,3.5128205128205128,138,3.5384615384615383,,,,,,,,,,,,,,,,,,,"Kyle Hart","19646",606996
"John Brebbia","DET",2,2,0,4.23562,35,0,0,6,,35,149,32,18,17,5,12,,2,37,9.32669,3.13713,2.973,1.26733,0.245894,0.082709,0.16318468004465103,0.237714,1.25603,0.290359,0.703077,,,4.02818,0.109099,-0.0885512,999,,,,,,,170.3,4.865714285714286,166,4.742857142857143,,,,,,,,,,,,,,,,,,,"John Brebbia","12777",605154
"Ian Hamilton","NYY",1,1,0,3.45791,35,0,0,5,,35,147,30,14,13,3,14,,2,38,9.88482,3.72871,2.651,0.775433,0.259144,0.0977532,0.16139081120491028,0.228043,1.27474,0.299102,0.742663,,,3.39797,0.10574,0.061206,748.9000244140625,,,,,,,192.10000000000002,5.488571428571429,184,5.257142857142857,,,,,,,,,,,,,,,,,,,"Ian Hamilton","19261",641656
"Caden Dana","LAA",2,4,2,4.86133,21,6,0,0,,49,209,47,28,26,9,18,,3,42,7.78158,3.42406,2.27262,1.62096,0.200444,0.0881997,0.11224475502967834,0.249757,1.34919,0.278275,0.694663,,,4.99578,0.105329,-0.0720314,665.7100219726562,,,,,,,150.70000000000005,3.075510204081634,149,3.0408163265306123,,,,,,,,,,,,,,,,,,,"Caden Dana","31508",702674
"Keaton Winn","SFG",2,2,0,3.88981,31,1,0,0,,37,155,35,17,16,4,11,,2,33,8.11652,2.698,3.00835,0.938822,0.213527,0.0709782,0.14254918694496155,0.247516,1.25697,0.2981,0.708582,,,3.7007,0.105172,0.12038,727.4099731445312,,,,,,,160.60000000000002,4.340540540540541,160,4.324324324324325,,,,,,,,,,,,,,,,,,,"Keaton Winn","23499",676775
"Wade Miley","CIN",1,2,2,4.52819,5,5,0,0,,26,112,26,14,13,4,9,,1,16,5.68184,3.21769,1.76581,1.33893,0.145563,0.0824339,0.06312910467386246,0.259212,1.37577,0.276186,0.709971,,,4.97714,0.105025,0.276642,999,,,,,,,77.6,2.9846153846153842,80,3.076923076923077,,,,,,,,,,,,,,,,,,,"Wade Miley","8779",489119
"Quinn Mathews","STL",1,1,1,4.08471,12,2,0,0,,21,92,20,11,10,2,9,,1,20,8.38842,3.96396,2.11617,1.03919,0.216422,0.102271,0.11415138095617294,0.23913,1.35501,0.287752,0.72207,,,4.16243,0.102669,0.1557,419.30999755859375,,,,,,,88.80000000000001,4.2285714285714295,89,4.238095238095238,,,,,,,,,,,,,,,,,,,"Quinn Mathews","sa3023407",687273
"Matt Festa","CLE",3,2,0,4.43057,39,0,0,7,,39,169,37,21,19,5,16,,2,39,8.89998,3.57225,2.49142,1.14121,0.230173,0.0923863,0.13778697699308395,0.244398,1.33815,0.297722,0.691915,,,4.08508,0.102364,-0.169457,999,,,,,,,182.90000000000003,4.689743589743591,182,4.666666666666667,,,,,,,,,,,,,,,,,,,"Matt Festa","19330",670036
"Paul Sewald","CLE",2,2,0,3.9801,33,0,0,3,,33,135,28,16,14,5,10,,1,37,10.19,2.79643,3.64393,1.36349,0.274778,0.0754073,0.19937118142843246,0.226968,1.16511,0.28335,0.718169,,,3.85264,0.101919,-0.0247685,591.0800170898438,,,,,,,162.90000000000003,4.936363636363637,153,4.636363636363637,,,,,,,,,,,,,,,,,,,"Paul Sewald","13892",623149
"Justin Sterner","ATH",2,2,0,4.10453,39,0,1,8,,39,165,35,19,18,5,16,,2,40,9.35952,3.78501,2.47279,1.23759,0.243267,0.0983777,0.14488957822322845,0.235631,1.31762,0.288847,0.730512,,,4.19062,0.101717,0.0191816,999,,,,,,,199.10000000000002,5.105128205128206,193,4.948717948717949,,,,,,,,,,,,,,,,,,,"Justin Sterner","27694",686993
"Steven Okert","HOU",2,2,0,4.11021,38,0,0,8,,38,159,33,19,17,6,15,,2,42,9.94202,3.50139,2.83944,1.33562,0.261277,0.0920169,0.16926001757383347,0.229994,1.25823,0.285334,0.725228,,,4.14553,0.10067,-0.0599212,999,,,,,,,186.59999999999997,4.910526315789473,177,4.657894736842105,,,,,,,,,,,,,,,,,,,"Steven Okert","13580",595345
"Scott Barlow","CIN",2,2,0,4.14313,37,0,0,8,,37,161,33,19,17,5,18,,2,39,9.51337,4.24475,2.24121,1.10618,0.243996,0.108868,0.13512809574604034,0.235144,1.36702,0.293957,0.725256,,,4.13631,0.100666,0.0775963,581.469970703125,,,,,,,176.5,4.77027027027027,170,4.594594594594595,,,,,,,,,,,,,,,,,,,"Scott Barlow","14993",605130
"Kyle Gibson","TBR",1,1,1,4.62482,3,3,0,0,,18,77,18,10,9,3,6,,1,15,7.5212,3.23678,2.32367,1.34016,0.193034,0.0830727,0.10996081680059433,0.259926,1.38168,0.296234,0.701602,,,4.53535,0.100218,0.0262998,634.27001953125,,,,,,,58.500000000000014,3.250000000000001,60,3.3333333333333335,,,,,,,,,,,,,,,,,,,"Kyle Gibson","10123",502043
"Danny Coulombe","MIN",2,1,0,3.30811,31,0,0,0,,31,128,27,13,12,3,9,,1,33,9.34512,2.44706,3.81892,0.954438,0.255499,0.0669033,0.18859520554542542,0.22698,1.12635,0.285645,0.743259,,,3.27992,0.0982662,0.0321902,750.77001953125,,,,,,,158.29999999999995,5.106451612903224,152,4.903225806451613,,,,,,,,,,,,,,,,,,,"Danny Coulombe","13293",543056
"Chase Silseth","LAA",2,2,1,4.45623,29,3,0,0,,43,186,40,23,21,6,19,,2,40,8.41216,3.98783,2.10946,1.29185,0.215929,0.102362,0.11356660723686218,0.242723,1.37581,0.285469,0.712953,,,4.53384,0.0981217,0.0608599,742.2000122070312,,,,,,,157.39999999999998,3.6604651162790693,154,3.5813953488372094,,,,,,,,,,,,,,,,,,,"Chase Silseth","30074",681217
"Brendon Little","TOR",2,2,0,3.72319,40,0,0,9,,40,171,36,18,16,4,18,,2,38,8.54535,4.12285,2.07268,0.866394,0.219169,0.105742,0.11342720687389374,0.237925,1.36662,0.29294,0.744377,,,3.97284,0.0970341,0.156839,999,,,,,,,205.20000000000002,5.130000000000001,200,5,,,,,,,,,,,,,,,,,,,"Brendon Little","21574",663893
"Daniel Lynch IV","KCR",3,3,0,4.2707,41,1,1,9,,47,200,47,24,22,6,15,,2,37,7.07538,2.85677,2.47671,1.12732,0.183647,0.0741497,0.1094975396990776,0.257161,1.32482,0.293462,0.703839,,,4.22551,0.0959254,-0.00504734,689.6500244140625,,,,,,,215.8,4.591489361702128,221,4.702127659574468,,,,,,,,,,,,,,,,,,,"Daniel Lynch IV","21537",663738
"Adam Mazur","MIA",1,1,1,4.76096,2,2,0,0,,11,47,12,6,6,2,3,,0,8,6.62713,2.51241,2.63776,1.34156,0.17136,0.0649641,0.10639558732509613,0.268529,1.34744,0.297206,0.678325,,,4.50084,0.0949319,0.0877032,748.7999877929688,,,,,,,32.60000000000001,2.9636363636363643,36,3.272727272727273,,,,,,,,,,,,,,,,,,,"Adam Mazur","31900",800049
"Cooper Criswell","BOS",1,1,0,4.31414,24,1,0,0,,29,123,30,15,14,3,8,,2,23,7.11984,2.49041,2.8589,1.00628,0.184291,0.0644622,0.11982908844947815,0.263182,1.31612,0.304481,0.685666,,,3.98029,0.0942282,0.0440104,749.5700073242188,,,,,,,115.70000000000002,3.989655172413794,122,4.206896551724138,,,,,,,,,,,,,,,,,,,"Cooper Criswell","24975",681867
"Chase Shugart","PIT",2,2,0,4.36554,39,0,1,8,,39,167,39,20,19,4,15,,2,31,7.32973,3.45302,2.1227,1.03194,0.187288,0.088231,0.09905684739351273,0.258299,1.39708,0.300151,0.703439,,,4.21623,0.092822,0.0462396,999,,,,,,,186.00000000000003,4.76923076923077,191,4.897435897435898,,,,,,,,,,,,,,,,,,,"Chase Shugart","21544",663767
"Hunter Harvey","KCR",2,2,0,3.5634,29,0,0,0,,29,119,26,12,11,3,8,,1,31,9.57203,2.55772,3.7424,0.896978,0.257689,0.0688567,0.1888326108455658,0.232882,1.16761,0.297983,0.717111,,,3.24947,0.092133,0.0539452,709.6199951171875,,,,,,,145.10000000000002,5.00344827586207,141,4.862068965517241,,,,,,,,,,,,,,,,,,,"Hunter Harvey","15507",640451
"Brock Burke","LAA",2,2,0,4.17342,38,0,0,8,,38,162,36,19,18,5,14,,2,37,8.87928,3.30508,2.68655,1.27869,0.230668,0.08586,0.14480747282505035,0.247729,1.32552,0.297928,0.729162,,,4.17958,0.0920775,-0.00819951,999,,,,,,,184.1,4.844736842105263,183,4.815789473684211,,,,,,,,,,,,,,,,,,,"Brock Burke","17968",656271
"Patrick Sandoval","BOS",1,1,0,3.9634,5,1,0,0,,9,40,9,4,4,1,4,,0,9,8.63276,3.78165,2.2828,0.918686,0.223597,0.0979487,0.12564875185489655,0.237028,1.33083,0.290783,0.717351,,,3.83163,0.0901179,0.0702128,749.510009765625,,,,,,,36.90000000000001,4.100000000000001,38,4.222222222222222,,,,,,,,,,,,,,,,,,,"Patrick Sandoval","19447",663776
"Chase Lee","DET",1,2,0,3.78134,33,0,0,3,,33,141,31,15,14,3,12,,2,31,8.44453,3.38951,2.49137,0.837566,0.21789,0.0874576,0.13043197989463806,0.248256,1.33761,0.305649,0.729653,,,3.71824,0.0898116,0.0291718,999,,,,,,,158.70000000000005,4.80909090909091,158,4.787878787878788,,,,,,,,,,,,,,,,,,,"Chase Lee","29574",695445
"Brant Hurter","DET",2,2,0,3.6644,34,0,0,4,,34,142,33,15,14,3,9,,2,28,7.46077,2.26994,3.28677,0.757208,0.198819,0.0604907,0.13832852616906166,0.248473,1.21433,0.296715,0.703822,,,3.40725,0.0876119,0.00900582,682.25,,,,,,,167.90000000000003,4.938235294117648,170,5,,,,,,,,,,,,,,,,,,,"Brant Hurter","30133",676428
"Cade Gibson","MIA",0,0,0,4.26165,38,0,0,7,,38,174,36,20,18,4,16,,2,38,8.93611,3.86426,2.3125,0.995185,0.219,0.0947027,0.12429729849100113,0.230257,1.36155,0.278986,0.690313,,,3.98697,0.0840782,-0.017868,999,,,,,,,188.4,4.957894736842105,188,4.947368421052632,,,,,,,,,,,,,,,,,,,"Cade Gibson","31815",806188
"Carson Palmquist","COL",4,4,2,5.33856,18,8,0,0,,53,235,54,34,32,10,24,,2,47,7.94263,4.03282,1.9695,1.62723,0.199507,0.101298,0.09820844978094101,0.259311,1.46687,0.292439,0.677338,,,5.14885,0.0833104,0.203934,999,,,,,,,144.80000000000004,2.732075471698114,151,2.849056603773585,,,,,,,,,,,,,,,,,,,"Carson Palmquist","31612",687223
"Logan Evans","SEA",1,1,1,4.37244,11,2,0,0,,20,86,20,11,10,2,7,,1,15,6.95098,3.17861,2.1868,1.05636,0.178394,0.0815774,0.09681616723537445,0.258543,1.36788,0.295661,0.697772,,,4.27451,0.0822663,-0.026846,999,,,,,,,77.4,3.87,80,4,,,,,,,,,,,,,,,,,,,"Logan Evans","33699",688138
"Blake Treinen","LAD",2,2,0,3.3779,25,0,3,0,,25,102,22,10,9,3,7,,1,27,10.028,2.73589,3.66535,0.960751,0.269619,0.073559,0.1960604563355446,0.230819,1.17732,0.299136,0.748499,,,3.28553,0.0791768,0.0505738,483.94000244140625,,,,,,,135.89999999999998,5.435999999999999,131,5.24,,,,,,,,,,,,,,,,,,,"Blake Treinen","12572",595014
"Jacob Webb","TEX",2,2,0,4.29942,40,0,1,8,,40,170,35,21,19,5,17,,2,38,8.55139,3.81486,2.2416,1.21041,0.222573,0.0992921,0.12328130006790161,0.234206,1.31385,0.27823,0.705954,,,4.33429,0.0779761,-0.134715,746.3400268554688,,,,,,,199.5,4.9875,191,4.775,,,,,,,,,,,,,,,,,,,"Jacob Webb","19274",657097
"A.J. Puk","ARI",2,1,0,3.37278,25,0,2,0,,25,101,20,10,9,3,8,,1,30,10.9115,2.98379,3.65693,0.948529,0.29432,0.0804827,0.21383709460496902,0.221942,1.16151,0.299189,0.743786,,,3.16368,0.0776581,0.0613789,229.33999633789062,,,,,,,139.1,5.564,129,5.16,,,,,,,,,,,,,,,,,,,"A.J. Puk","19343",640462
"Osvaldo Bido","ATH",1,2,1,4.85958,14,3,0,0,,28,120,26,16,15,4,11,,2,23,7.43132,3.6552,2.03308,1.39258,0.190036,0.0934718,0.09656428545713425,0.246932,1.36033,0.277229,0.676243,,,4.88178,0.0769666,-0.0261395,440.82000732421875,,,,,,,97.4,3.4785714285714286,95,3.392857142857143,,,,,,,,,,,,,,,,,,,"Osvaldo Bido","23150",674370
"Drew Pomeranz","CHC",2,1,0,3.75426,36,0,0,7,,36,156,33,16,15,4,16,,2,37,9.16676,3.97419,2.30657,1.05976,0.23697,0.102737,0.13423315435647964,0.236149,1.34122,0.292476,0.754702,,,4.03851,0.0767895,0.123774,999,,,,,,,179.40000000000003,4.983333333333334,176,4.888888888888889,,,,,,,,,,,,,,,,,,,"Drew Pomeranz","11426",519141
"Tim Hill","NYY",2,1,0,4.07044,38,0,0,8,,38,165,41,19,17,3,11,,2,22,5.20985,2.70934,1.92292,0.76051,0.133124,0.0692302,0.06389417499303818,0.271454,1.38529,0.300147,0.705368,,,4.0824,0.0766577,-0.0353298,999,,,,,,,174.69999999999996,4.59736842105263,188,4.947368421052632,,,,,,,,,,,,,,,,,,,"Tim Hill","16814",657612
"Drue Hackenberg","ATL",0,0,1,4.74781,2,2,0,0,,12,52,12,7,6,1,6,,0,9,6.98228,4.24921,1.64319,0.958538,0.175333,0.106703,0.06863044202327728,0.256891,1.47812,0.296499,0.680739,,,4.43865,0.0765122,0.0426399,999,,,,,,,45.30000000000001,3.775000000000001,47,3.9166666666666665,,,,,,,,,,,,,,,,,,,"Drue Hackenberg","sa3023304",802357
"Liam Hendriks","BOS",2,2,0,3.87544,28,0,0,0,,28,116,25,13,12,4,9,,1,32,10.1558,2.79756,3.63023,1.22843,0.272333,0.0750181,0.1973147839307785,0.232813,1.19569,0.295119,0.724309,,,3.62544,0.0756177,0.0135998,267.6600036621094,,,,,,,127.00000000000006,4.535714285714287,122,4.357142857142857,,,,,,,,,,,,,,,,,,,"Liam Hendriks","3548",521230
"Jhonathan Díaz","SEA",1,2,0,4.1183,23,1,0,0,,29,124,28,14,13,3,11,,2,24,7.44052,3.4431,2.161,0.82467,0.190605,0.0882026,0.10240280628204346,0.251476,1.36022,0.298394,0.700392,,,3.96621,0.0741515,-0.0191922,999,,,,,,,113.90000000000002,3.9275862068965526,115,3.9655172413793105,,,,,,,,,,,,,,,,,,,"Jhonathan Diaz","20298",646242
"Jacob Waguespack","TBR",1,1,0,4.15002,24,1,0,0,,30,127,28,15,14,4,12,,1,30,9.1024,3.74703,2.42923,1.10099,0.235365,0.0968887,0.13847610354423523,0.242409,1.34746,0.298731,0.719481,,,4.01473,0.0729124,-0.0212708,999,,,,,,,121.00000000000001,4.033333333333334,119,3.966666666666667,,,,,,,,,,,,,,,,,,,"Jacob Waguespack","18318",621097
"Albert Suárez","BAL",1,1,0,4.35579,21,1,0,0,,27,114,27,14,13,4,9,,1,24,7.96418,2.99012,2.6635,1.24686,0.206826,0.0776519,0.12917394936084747,0.2559,1.333,0.298625,0.708435,,,4.2138,0.072351,-0.0315893,653.8599853515625,,,,,,,98.40000000000002,3.6444444444444453,101,3.740740740740741,,,,,,,,,,,,,,,,,,,"Albert Suarez","6175",544150
"Taijuan Walker","PHI",3,3,1,4.75399,38,3,0,4,,53,230,54,30,28,8,20,,2,40,6.75955,3.40422,1.98564,1.36879,0.172641,0.0869451,0.08569621294736862,0.258969,1.39521,0.286021,0.694464,,,4.8247,0.0716369,0.00193,731.5599975585938,,,,,,,183.40000000000006,3.4603773584905673,191,3.6037735849056602,,,,,,,,,,,,,,,,,,,"Taijuan Walker","11836",592836
"Martín Pérez","CHW",0,1,1,4.59417,2,2,0,0,,12,51,12,6,6,2,4,,0,9,6.70642,3.46041,1.93804,1.3346,0.169438,0.0874272,0.08201050758361816,0.267981,1.4498,0.297554,0.720456,,,4.78433,0.0710603,0.114564,663.3800048828125,,,,,,,39.000000000000014,3.2500000000000013,40,3.3333333333333335,,,,,,,,,,,,,,,,,,,"Martin Perez","6902",527048
"Kevin Ginkel","ARI",3,1,0,3.46076,31,0,0,0,,31,130,28,13,12,3,10,,1,34,9.78982,2.9913,3.27276,0.840218,0.260244,0.079518,0.18072549253702164,0.23544,1.22848,0.305812,0.738321,,,3.23843,0.0705307,0.0575404,582.1400146484375,,,,,,,154.7,4.990322580645161,151,4.870967741935484,,,,,,,,,,,,,,,,,,,"Kevin Ginkel","19876",656464
"Anthony DeSclafani","NYY",0,1,0,4.63636,5,1,0,0,,10,41,11,6,5,1,2,,0,8,7.09091,2.18182,3.25,1.36364,0.185714,0.0571429,0.12857141718268394,0.274809,1.33333,0.31,0.675676,,,4.29145,0.0698665,0.0500121,999,,,,,,,43.1,4.3100000000000005,47,4.7,,,,,,,,,,,,,,,,,,,"Anthony DeSclafani","13050",543101
"José Alvarado","PHI",1,1,0,3.34516,19,0,0,0,,19,82,16,8,7,2,8,,1,23,10.5156,3.87939,2.71064,0.749211,0.278105,0.102598,0.1755075678229332,0.220614,1.25475,0.298326,0.747445,,,3.22749,0.0690728,0.0316294,508.6300048828125,,,,,,,93.4,4.915789473684211,88,4.631578947368421,,,,,,,,,,,,,,,,,,,"Jose Alvarado","17780",621237
"Jason Alexander","HOU",1,1,0,4.32668,18,1,0,0,,23,99,24,12,11,3,7,,1,17,6.74917,2.61392,2.58201,1.13954,0.174531,0.067595,0.10693613439798355,0.263571,1.33194,0.297527,0.700969,,,4.26111,0.068522,0.00647261,999,,,,,,,80.9,3.5173913043478264,86,3.739130434782609,,,,,,,,,,,,,,,,,,,"Jason Alexander","19666",669920
"Huascar Brazobán","NYM",2,2,0,3.88838,38,0,0,8,,38,164,33,18,17,4,18,,2,39,9.2033,4.18552,2.19884,0.936895,0.237987,0.108233,0.12975391000509262,0.229311,1.3309,0.287542,0.726727,,,3.95043,0.0678614,0.0482142,999,,,,,,,196.2,5.163157894736842,188,4.947368421052632,,,,,,,,,,,,,,,,,,,"Huascar Brazoban","6107",623211
"José Buttó","NYM",2,2,0,3.74058,36,0,0,7,,36,154,31,16,15,4,16,,2,36,8.96541,3.88462,2.30792,1.00458,0.235078,0.101857,0.13322120159864426,0.225701,1.27986,0.27792,0.737011,,,3.97603,0.0667832,0.111416,675.3699951171875,,,,,,,182.60000000000005,5.072222222222224,174,4.833333333333333,,,,,,,,,,,,,,,,,,,"Jose Butto","23313",676130
"Brandon Young","BAL",1,1,0,4.17842,18,1,0,0,,23,98,22,12,11,3,8,,1,21,8.31555,3.07384,2.70527,1.21073,0.217612,0.0804399,0.13717162609100342,0.247381,1.29804,0.292724,0.714964,,,4.11835,0.0658228,-0.00000173599,740.260009765625,,,,,,,91.10000000000001,3.9608695652173918,91,3.9565217391304346,,,,,,,,,,,,,,,,,,,"Brandon Young","27819",687064
"Robby Snelling","MIA",0,1,1,4.75378,2,2,0,0,,12,53,13,7,6,2,5,,0,9,6.80877,3.4297,1.98524,1.27187,0.172433,0.0868574,0.085575170814991,0.267976,1.44635,0.300237,0.698615,,,4.63976,0.0638257,0.0521835,999,,,,,,,33.40000000000002,2.783333333333335,37,3.0833333333333335,,,,,,,,,,,,,,,,,,,"Robby Snelling","sa3020707",702281
"Cole Winn","TEX",0,0,0,4.26165,32,0,0,3,,32,146,30,17,15,4,14,,2,32,8.93611,3.86426,2.3125,0.995185,0.219,0.0947027,0.12429729849100113,0.230257,1.36155,0.278986,0.690313,,,3.98697,0.0626699,-0.0922204,999,,,,,,,137.60000000000002,4.300000000000001,136,4.25,,,,,,,,,,,,,,,,,,,"Cole Winn","22113",668390
"Mike Clevinger","CHW",1,2,1,4.76293,11,3,0,0,,23,99,23,13,12,4,8,,1,19,7.39895,3.34539,2.21169,1.45577,0.189938,0.0858792,0.10405862331390381,0.255469,1.37021,0.286103,0.695058,,,4.79726,0.0626261,-0.0172171,456.57000732421875,,,,,,,72.2,3.139130434782609,74,3.217391304347826,,,,,,,,,,,,,,,,,,,"Mike Clevinger","12808",605182
"Steven Cruz","KCR",2,1,0,4.13847,38,0,0,7,,38,166,35,19,17,3,19,,2,35,8.37575,4.42827,1.89143,0.828558,0.212728,0.11247,0.10025846213102341,0.241102,1.41654,0.296053,0.711933,,,4.03569,0.0624843,0.0193606,999,,,,,,,188.29999999999995,4.955263157894736,186,4.894736842105263,,,,,,,,,,,,,,,,,,,"Steven Cruz","23165",674444
"Bryse Wilson","CHW",2,3,1,4.89708,30,4,0,0,,51,223,55,30,28,9,17,,2,37,6.45315,2.94088,2.19429,1.58616,0.164576,0.0750018,0.08957411348819733,0.270564,1.40615,0.291701,0.702695,,,5.03852,0.062046,-0.105096,747.4500122070312,,,,,,,140.70000000000005,2.7588235294117656,155,3.0392156862745097,,,,,,,,,,,,,,,,,,,"Bryse Wilson","19990",669060
"Seranthony Domínguez","BAL",3,3,0,4.03266,40,0,1,8,,40,170,35,19,18,6,17,,2,44,9.86142,3.82371,2.57902,1.29132,0.257972,0.100027,0.15794464200735092,0.229239,1.29035,0.284671,0.737337,,,4.16892,0.0608033,0.00494515,530.4600219726562,,,,,,,199.2,4.9799999999999995,190,4.75,,,,,,,,,,,,,,,,,,,"Seranthony Dominguez","19249",622554
"Tink Hence","STL",0,0,0,4.37752,1,1,0,0,,6,26,6,3,3,1,2,,0,5,7.77339,3.05313,2.54604,1.1522,0.20335,0.0798691,0.12348072975873947,0.249199,1.3051,0.290499,0.689612,,,4.13085,0.0606722,0.0621065,999,,,,,,,20.500000000000007,3.416666666666668,21,3.5,,,,,,,,,,,,,,,,,,,"Tink Hence","sa3014709",693311
"Thomas Harrington","PIT",1,1,0,4.2892,11,1,0,0,,14,61,14,8,7,2,4,,1,12,7.50287,2.40647,3.1178,1.19513,0.197615,0.0633829,0.13423196226358414,0.255226,1.26461,0.293947,0.692121,,,4.07236,0.0601895,0.00880528,581.8400268554688,,,,,,,51.6,3.685714285714286,53,3.7857142857142856,,,,,,,,,,,,,,,,,,,"Thomas Harrington","31989",802419
"George Klassen","LAA",0,0,0,3.89874,1,1,0,0,,4,18,4,2,2,1,1,,0,4,8.25555,3.02486,2.72923,1.15603,0.217112,0.0795505,0.1375611126422882,0.240533,1.26328,0.284352,0.736628,,,4.0253,0.0574645,0.0406798,999,,,,,,,11.9,2.975,12,3,,,,,,,,,,,,,,,,,,,"George Klassen","sa3023440",691946
"Kody Funderburk","MIN",1,1,0,3.85253,33,0,0,0,,33,141,30,15,14,3,14,,2,33,9.08315,3.77445,2.40648,0.75952,0.234217,0.0973274,0.13688918203115463,0.238546,1.33102,0.303242,0.713793,,,3.62002,0.0559075,-0.00302885,999,,,,,,,147.30000000000004,4.463636363636365,144,4.363636363636363,,,,,,,,,,,,,,,,,,,"Kody Funderburk","24993",681892
"Ty Blach","TEX",0,0,0,3.89874,1,1,0,0,,4,18,4,2,2,1,1,,0,4,8.25555,3.02486,2.72923,1.15603,0.217112,0.0795505,0.1375611126422882,0.240533,1.26328,0.284352,0.736628,,,4.0253,0.0555946,0.0370917,999,,,,,,,11.9,2.975,12,3,,,,,,,,,,,,,,,,,,,"Ty Blach","14361",621389
"Chase Petty","CIN",1,2,1,4.8861,19,2,0,0,,26,114,27,15,14,4,10,,1,21,7.28374,3.55506,2.04884,1.32664,0.184647,0.0901229,0.0945243090391159,0.261948,1.42782,0.296509,0.685831,,,4.69747,0.0548654,0.0390764,999,,,,,,,81.99999999999999,3.1538461538461533,87,3.3461538461538463,,,,,,,,,,,,,,,,,,,"Chase Petty","30170",695534
"Bryan Hudson","MIL",2,2,0,3.3778,33,0,0,0,,33,137,26,13,12,4,13,,2,34,9.34033,3.68655,2.53363,0.966818,0.248652,0.0981408,0.15051137655973434,0.216796,1.21512,0.271599,0.758105,,,3.77498,0.0544654,0.0820055,999,,,,,,,150.40000000000006,4.557575757575759,136,4.121212121212121,,,,,,,,,,,,,,,,,,,"Bryan Hudson","19924",663542
"JT Brubaker","NYY",1,1,0,4.38274,19,1,0,0,,24,104,23,13,12,4,8,,1,23,8.36234,3.0944,2.70241,1.40212,0.218125,0.0807148,0.13740991801023483,0.247977,1.30339,0.288647,0.713245,,,4.41676,0.0539572,-0.00155801,999,,,,,,,87.60000000000004,3.6500000000000017,87,3.625,,,,,,,,,,,,,,,,,,,"JT Brubaker","17578",664141
"Brandon Sproat","NYM",1,1,1,4.48426,2,2,0,0,,10,43,10,5,5,1,4,,0,8,7.34764,3.392,2.16617,1.30626,0.189933,0.0876817,0.1022513285279274,0.248819,1.34079,0.281133,0.702547,,,4.60678,0.0528477,0.0921929,999,,,,,,,39.7,3.97,41,4.1,,,,,,,,,,,,,,,,,,,"Brandon Sproat","sa3023499",687075
"Rich Hill","KCR",0,0,0,3.89874,1,1,0,0,,4,18,4,2,2,1,1,,0,4,8.25555,3.02486,2.72923,1.15603,0.217112,0.0795505,0.1375611126422882,0.240533,1.26328,0.284352,0.736628,,,4.0253,0.0526021,0.045895,999,,,,,,,11.9,2.975,12,3,,,,,,,,,,,,,,,,,,,"Rich Hill","4806",448179
"Caleb Thielbar","CHC",2,2,0,3.97558,36,0,0,5,,36,150,31,17,16,4,14,,1,38,9.70737,3.58848,2.70515,1.11157,0.255991,0.0946312,0.16136005520820618,0.231898,1.27728,0.291925,0.721803,,,3.80229,0.0516612,-0.0147323,999,,,,,,,187.60000000000005,5.211111111111112,179,4.972222222222222,,,,,,,,,,,,,,,,,,,"Caleb Thielbar","10078",573204
"Yilber Díaz","ARI",2,1,0,4.31961,19,1,0,0,,25,110,23,13,12,3,12,,1,25,9.03137,4.19027,2.15532,1.03489,0.231871,0.107581,0.12429036945104599,0.238945,1.37922,0.295232,0.703909,,,4.0796,0.0515032,0.0235978,734.4600219726562,,,,,,,99.3,3.972,97,3.88,,,,,,,,,,,,,,,,,,,"Yilber Diaz","29271",700270
"Héctor Neris","LAA",3,3,0,4.11728,40,0,1,9,,40,171,35,20,18,6,17,,2,42,9.57605,3.88535,2.46466,1.29452,0.248475,0.100815,0.1476600021123886,0.234059,1.32095,0.287648,0.735716,,,4.26984,0.0511614,0.00661482,732.1400146484375,,,,,,,199.2,4.9799999999999995,190,4.75,,,,,,,,,,,,,,,,,,,"Hector Neris","11804",593576
"Blade Tidwell","NYM",0,0,0,4.09924,6,1,0,0,,9,41,9,5,4,1,4,,0,9,8.63155,3.48862,2.4742,1.06716,0.218188,0.0881851,0.13000262528657913,0.234731,1.31757,0.281325,0.709814,,,4.00412,0.0500767,0.0136667,999,,,,,,,36.90000000000001,4.100000000000001,38,4.222222222222222,,,,,,,,,,,,,,,,,,,"Blade Tidwell","31701",694918
"Braydon Fisher","TOR",0,0,0,4.26165,32,0,0,3,,32,147,30,17,15,4,14,,2,32,8.93611,3.86426,2.3125,0.995185,0.219,0.0947027,0.12429731339216232,0.230257,1.36155,0.278986,0.690313,,,3.98697,0.0500217,-0.103937,999,,,,,,,137.60000000000002,4.300000000000001,136,4.25,,,,,,,,,,,,,,,,,,,"Braydon Fisher","24609",680755
"Clayton Beeter","NYY",1,1,0,3.92518,25,0,0,0,,25,106,21,12,11,3,12,,1,28,10.3108,4.26796,2.41586,1.10068,0.269147,0.111408,0.157738596200943,0.222348,1.30625,0.286867,0.733189,,,3.92155,0.0496512,-0.0200848,999,,,,,,,110.5,4.42,103,4.12,,,,,,,,,,,,,,,,,,,"Clayton Beeter","27494",690925
"Casey Lawrence","SEA",0,0,0,4.20496,24,1,0,0,,27,122,25,14,13,3,11,,1,27,8.82979,3.73313,2.36525,1.02031,0.218722,0.0924732,0.12624897062778473,0.231797,1.3462,0.279791,0.696915,,,3.99296,0.0491816,-0.0504155,999,,,,,,,115.9,4.292592592592593,114,4.222222222222222,,,,,,,,,,,,,,,,,,,"Casey Lawrence","11121",596271
"Alek Manoah","TOR",1,1,0,4.27746,8,1,0,0,,12,52,11,6,6,2,5,,1,12,8.78854,3.53843,2.48374,1.30711,0.227681,0.0916684,0.1360122561454773,0.236784,1.29597,0.281515,0.713288,,,4.4427,0.0483252,0.0417253,750.8499755859375,,,,,,,41.600000000000016,3.466666666666668,40,3.3333333333333335,,,,,,,,,,,,,,,,,,,"Alek Manoah","26410",666201
"Connor Prielipp","MIN",1,1,0,3.82346,27,0,0,0,,27,116,24,13,12,3,11,,1,29,9.53664,3.51631,2.71212,0.969766,0.250402,0.0923271,0.15807466953992844,0.234167,1.28048,0.297079,0.724761,,,3.65663,0.0480508,-0.0257194,999,,,,,,,122.5,4.537037037037037,118,4.37037037037037,,,,,,,,,,,,,,,,,,,"Connor Prielipp","sa3020808",687570
"Jordan Wicks","CHC",2,2,1,4.43806,19,3,0,0,,30,128,30,16,15,4,11,,1,25,7.55858,3.23794,2.33438,1.27246,0.194697,0.0834041,0.11129297316074371,0.25771,1.37007,0.295644,0.711587,,,4.41748,0.0465238,0.0137967,701.489990234375,,,,,,,108.80000000000001,3.626666666666667,112,3.7333333333333334,,,,,,,,,,,,,,,,,,,"Jordan Wicks","30094",696136
"Cristian Mena","ARI",1,1,0,4.43451,18,1,0,0,,22,96,22,12,11,3,9,,1,20,8.09562,3.64593,2.22045,1.14156,0.207946,0.0936504,0.11429600417613983,0.251217,1.38141,0.297021,0.702623,,,4.2474,0.0463478,-0.0149378,999,,,,,,,78.7,3.5772727272727276,81,3.6818181818181817,,,,,,,,,,,,,,,,,,,"Cristian Mena","27974",691441
"Chayce McDermott","BAL",1,1,0,4.06726,15,1,0,0,,18,77,15,9,8,2,9,,1,21,10.3604,4.63558,2.23498,1.12261,0.267839,0.11984,0.14799968898296356,0.224101,1.35264,0.289586,0.731253,,,4.07999,0.0453705,0.0057416,741.6199951171875,,,,,,,81.60000000000002,4.533333333333335,76,4.222222222222222,,,,,,,,,,,,,,,,,,,"Chayce McDermott","29866",694646
"Lou Trivino","LAD",2,2,0,4.36372,29,0,0,3,,29,125,28,15,14,3,12,,2,26,8.22655,3.8288,2.1486,1.01631,0.208963,0.0972557,0.11170737445354462,0.252181,1.40674,0.303174,0.704539,,,4.16809,0.0451253,-0.0482815,999,,,,,,,126.90000000000002,4.375862068965518,128,4.413793103448276,,,,,,,,,,,,,,,,,,,"Lou Trivino","15043",642152
"Kevin Kelly","TBR",2,1,0,3.71855,36,0,0,5,,36,148,33,16,15,4,8,,3,30,7.61842,2.13994,3.5601,0.89193,0.203793,0.0572437,0.14654962345957756,0.243124,1.17252,0.288239,0.699785,,,3.60145,0.0448593,-0.00921944,750.8200073242188,,,,,,,178.40000000000003,4.955555555555557,175,4.861111111111111,,,,,,,,,,,,,,,,,,,"Kevin Kelly","25679",687330
"Connor Noland","CHC",0,0,0,3.89874,1,1,0,0,,4,18,4,2,2,1,1,,0,4,8.25555,3.02486,2.72923,1.15603,0.217112,0.0795505,0.1375611126422882,0.240533,1.26328,0.284352,0.736628,,,4.0253,0.0447201,0.0390267,999,,,,,,,11.9,2.975,12,3,,,,,,,,,,,,,,,,,,,"Connor Noland","sa3020834",690939
"Dylan Dodd","ATL",2,2,0,4.38204,30,1,0,0,,36,156,38,19,18,5,11,,1,29,7.29064,2.66905,2.73155,1.15592,0.188502,0.069009,0.11949267983436584,0.267602,1.35981,0.308038,0.70388,,,4.10135,0.0444706,-0.0022213,999,,,,,,,128.10000000000002,3.558333333333334,137,3.8055555555555554,,,,,,,,,,,,,,,,,,,"Dylan Dodd","29928",689266
"Kolby Allard","CLE",2,3,1,4.43697,39,2,0,5,,47,205,50,25,23,7,16,,1,39,7.37763,3.0354,2.43053,1.3484,0.189607,0.0780107,0.11159663647413254,0.265056,1.38675,0.300897,0.722928,,,4.47912,0.0439873,-0.064156,999,,,,,,,178.70000000000005,3.802127659574469,191,4.0638297872340425,,,,,,,,,,,,,,,,,,,"Kolby Allard","18694",663465
"Josh Sborz","TEX",2,2,0,4.0266,31,0,1,0,,31,130,27,15,14,4,13,,1,34,9.88118,3.65102,2.70642,1.08249,0.259635,0.0959329,0.1637018769979477,0.232412,1.28676,0.295704,0.715733,,,3.75983,0.0438827,-0.0288179,999,,,,,,,141,4.548387096774194,134,4.32258064516129,,,,,,,,,,,,,,,,,,,"Josh Sborz","18323",622250
"Michel Otañez","ATH",1,1,0,3.94788,28,0,0,0,,28,124,23,13,12,3,17,,2,36,11.4243,5.34686,2.13664,0.839613,0.289101,0.135307,0.1537947952747345,0.219944,1.4146,0.307119,0.730379,,,3.73409,0.0436324,-0.00959725,745.4000244140625,,,,,,,125.50000000000004,4.4821428571428585,116,4.142857142857143,,,,,,,,,,,,,,,,,,,"Michel Otanez","22533",671305
"Sam Aldegheri","LAA",1,1,1,5.14796,2,2,0,0,,10,44,10,6,6,2,5,,1,8,7.659,4.36465,1.75478,1.48412,0.192326,0.109601,0.08272480219602585,0.251321,1.46181,0.282814,0.682462,,,5.13487,0.0428912,0.00274708,999,,,,,,,21.4,2.1399999999999997,22,2.2,,,,,,,,,,,,,,,,,,,"Sam Aldegheri","26443",691951
"Brent Suter","CIN",1,1,0,4.13454,40,0,0,7,,40,169,41,20,18,5,11,,2,29,6.5517,2.51751,2.60246,1.18302,0.170981,0.0656996,0.10528086870908737,0.260734,1.30606,0.290839,0.71898,,,4.296,0.0425771,0.101497,999,,,,,,,174.9,4.3725000000000005,182,4.55,,,,,,,,,,,,,,,,,,,"Brent Suter","13942",608718
"John King","STL",2,2,0,3.81738,36,0,0,7,,36,157,39,17,15,3,11,,1,23,5.78076,2.61267,2.21258,0.773567,0.14891,0.0673012,0.08160845190286636,0.271048,1.37233,0.305192,0.727871,,,3.8762,0.0425633,0.0634147,999,,,,,,,166.1,4.613888888888889,179,4.972222222222222,,,,,,,,,,,,,,,,,,,"John King","22051",667463
"Victor Vodnik","COL",2,2,0,4.58744,39,0,1,7,,39,174,39,22,20,4,20,,1,37,8.55802,4.63097,1.848,0.975058,0.212738,0.115118,0.09761962294578552,0.257484,1.52366,0.314967,0.706729,,,4.23799,0.041935,0.0560728,599.469970703125,,,,,,,182.00000000000003,4.666666666666667,187,4.794871794871795,,,,,,,,,,,,,,,,,,,"Victor Vodnik","24614",680767
"Paxton Schultz","TOR",1,1,0,4.28464,26,1,0,0,,29,127,27,15,14,4,12,,1,29,8.94403,3.81227,2.34612,1.18708,0.230726,0.098344,0.13238249719142914,0.242678,1.35607,0.29468,0.715889,,,4.20053,0.0418969,-0.0228098,999,,,,,,,114.20000000000003,3.9379310344827596,112,3.8620689655172415,,,,,,,,,,,,,,,,,,,"Paxton Schultz","25501",687606
"Ryan Rolison","COL",0,0,0,4.26165,35,0,0,4,,35,159,33,18,17,4,15,,2,35,8.93611,3.86426,2.3125,0.995185,0.219,0.0947027,0.12429731339216232,0.230257,1.36155,0.278986,0.690313,,,3.98697,0.0418692,0.0202681,999,,,,,,,159,4.542857142857143,158,4.514285714285714,,,,,,,,,,,,,,,,,,,"Ryan Rolison","22200",669020
"Ryne Stanek","NYM",3,2,0,4.01523,41,0,1,11,,41,175,35,20,18,5,19,,2,45,9.84154,4.28549,2.29648,1.18435,0.255291,0.111166,0.14412476122379303,0.226705,1.32928,0.284286,0.737391,,,4.16378,0.0418292,0.0392185,745.4500122070312,,,,,,,226.90000000000003,5.5341463414634156,216,5.2682926829268295,,,,,,,,,,,,,,,,,,,"Ryne Stanek","15947",592773
"Carlos Rodriguez","MIL",1,2,0,4.35504,13,1,0,0,,17,71,16,9,8,2,6,,1,16,8.50612,3.39163,2.50798,1.30299,0.221116,0.0881651,0.13295083492994308,0.243412,1.31306,0.287136,0.708852,,,4.35556,0.0416579,-0.00263776,999,,,,,,,70.60000000000002,4.1529411764705895,70,4.117647058823529,,,,,,,,,,,,,,,,,,,"Carlos Rodriguez","30161",692230
"Andrew Walters","CLE",2,1,0,4.03843,30,0,0,0,,30,129,25,15,14,3,15,,1,34,10.203,4.53449,2.25009,1.04048,0.264008,0.117332,0.14667551219463348,0.225136,1.34933,0.291231,0.725569,,,3.93061,0.0411001,-0.0489384,999,,,,,,,140.1,4.67,131,4.366666666666666,,,,,,,,,,,,,,,,,,,"Andrew Walters","33834",689958
"Colin Selby","BAL",1,1,0,3.97154,34,0,0,3,,34,145,30,16,15,4,14,,2,36,9.5139,3.83188,2.48283,1.00704,0.247551,0.0997053,0.1478455886244774,0.231868,1.30418,0.29263,0.718522,,,3.8652,0.039925,-0.0114357,999,,,,,,,160.40000000000003,4.71764705882353,154,4.529411764705882,,,,,,,,,,,,,,,,,,,"Colin Selby","24986",681882
"Zach Agnos","COL",2,2,0,4.61547,40,0,10,5,,40,173,41,22,21,6,13,,2,34,7.5164,2.97268,2.5285,1.29165,0.194005,0.0767276,0.11727780848741531,0.260077,1.35314,0.297655,0.690596,,,4.39064,0.0399158,0.198225,999,,,,,,,208.6,5.215,215,5.375,,,,,,,,,,,,,,,,,,,"Zach Agnos","31552",688642
"Luis Guerrero","BOS",2,2,0,4.4926,33,0,0,3,,33,144,29,18,17,3,17,,2,33,9.05728,4.60776,1.96566,0.94091,0.231279,0.11766,0.11361900717020035,0.231221,1.3872,0.288178,0.680681,,,4.12395,0.039514,-0.068994,747.9099731445312,,,,,,,152.90000000000003,4.633333333333335,147,4.454545454545454,,,,,,,,,,,,,,,,,,,"Luis Guerrero","31184",692285
"Tristan Beck","SFG",2,2,0,3.93853,34,0,0,5,,34,145,34,16,15,4,10,,1,30,7.7682,2.576,3.01561,1.03982,0.204764,0.0679016,0.13686290383338928,0.251921,1.26619,0.296923,0.715766,,,3.83087,0.0380193,-0.00903863,750.1099853515625,,,,,,,161.00000000000003,4.73529411764706,165,4.852941176470588,,,,,,,,,,,,,,,,,,,"Tristan Beck","21584",663941
"Forrest Whitley","HOU",2,1,0,4.02926,34,0,0,3,,34,147,30,16,15,4,16,,3,36,9.54307,4.23471,2.25354,0.991148,0.24368,0.108132,0.1355476677417755,0.233943,1.3592,0.296227,0.724114,,,4.04838,0.0379817,-0.0021621,749.3400268554688,,,,,,,151.40000000000003,4.452941176470589,145,4.264705882352941,,,,,,,,,,,,,,,,,,,"Forrest Whitley","19586",666215
"Hurston Waldrep","ATL",1,1,1,4.93684,2,2,0,0,,12,52,12,7,6,2,6,,1,9,7.21415,4.30285,1.6766,1.20981,0.179564,0.1071,0.07246376574039459,0.260154,1.50135,0.296548,0.689264,,,4.81589,0.0378346,0.0426399,716.9400024414062,,,,,,,30.00000000000001,2.500000000000001,31,2.5833333333333335,,,,,,,,,,,,,,,,,,,"Hurston Waldrep","33527",694462
"Sean Guenther","DET",2,2,0,3.67415,27,0,0,0,,27,114,27,12,11,3,8,,1,22,7.20475,2.50653,2.87439,0.840873,0.189113,0.0657922,0.12332043796777725,0.254868,1.27385,0.299502,0.726227,,,3.67606,0.0356881,0.00430723,999,,,,,,,109.7,4.062962962962963,113,4.185185185185185,,,,,,,,,,,,,,,,,,,"Sean Guenther","20045",674944
"Drey Jameson","ARI",2,1,0,4.2383,24,1,0,0,,30,130,30,15,14,4,11,,1,26,7.85099,3.40778,2.30384,1.05179,0.200981,0.0872374,0.11374387890100479,0.25663,1.38325,0.303458,0.714455,,,4.1312,0.0350955,0.10752,747.8699951171875,,,,,,,110.80000000000001,3.693333333333334,114,3.8,,,,,,,,,,,,,,,,,,,"Drey Jameson","26260",686753
"Cam Booser","CHW",2,3,0,4.36989,41,0,4,8,,41,177,38,22,20,6,19,,2,42,9.36537,4.18196,2.23947,1.312,0.239651,0.107012,0.13263849169015884,0.241215,1.38974,0.29422,0.727006,,,4.41441,0.0344265,-0.196993,999,,,,,,,203.8,4.970731707317073,200,4.878048780487805,,,,,,,,,,,,,,,,,,,"Cam Booser","16061",592155
"Trevor Stephan","CLE",2,2,0,3.9331,26,0,0,0,,26,109,23,12,11,3,10,,1,27,9.60103,3.45637,2.77778,1.02642,0.25011,0.0900396,0.16007050126791,0.239387,1.2999,0.30314,0.723438,,,3.74653,0.034163,-0.0103567,999,,,,,,,116.7,4.4884615384615385,112,4.3076923076923075,,,,,,,,,,,,,,,,,,,"Trevor Stephan","19932",663986
"Jake Cousins","NYY",2,1,0,3.81336,26,0,0,0,,26,113,21,12,11,3,14,,2,31,10.8162,4.75501,2.27469,1.04744,0.279396,0.122828,0.15656765550374985,0.214169,1.32142,0.283744,0.743099,,,3.98366,0.0341411,-0.00565019,999,,,,,,,114.9,4.4192307692307695,105,4.038461538461538,,,,,,,,,,,,,,,,,,,"Jake Cousins","21620",664776
"Andrew Nardi","MIA",1,1,0,3.80442,17,0,0,0,,17,72,15,8,7,2,7,,1,21,11.1995,3.58894,3.12057,1.15972,0.29659,0.0950436,0.20154668390750885,0.225156,1.24437,0.300854,0.737707,,,3.58591,0.0339153,0.00717095,748.8300170898438,,,,,,,80.20000000000002,4.71764705882353,77,4.529411764705882,,,,,,,,,,,,,,,,,,,"Andrew Nardi","25942",677053
"Sam Moll","CIN",2,2,0,4.22821,32,0,0,3,,32,140,29,16,15,4,15,,2,31,8.74055,4.24278,2.0601,0.989587,0.222679,0.108091,0.11458762735128403,0.239854,1.38963,0.294224,0.711323,,,4.1657,0.0336253,0.0420861,999,,,,,,,135.20000000000002,4.2250000000000005,131,4.09375,,,,,,,,,,,,,,,,,,,"Sam Moll","14874",594580
"DL Hall","MIL",1,1,0,3.92608,35,0,0,4,,35,152,31,17,15,4,17,,2,39,9.88272,4.27415,2.31221,1.04802,0.254625,0.110122,0.1445031240582466,0.232318,1.35554,0.296644,0.73909,,,3.96267,0.0332199,-0.0131719,725.72998046875,,,,,,,166.20000000000002,4.748571428571429,160,4.571428571428571,,,,,,,,,,,,,,,,,,,"DL Hall","22207",669084
"Isaac Mattson","PIT",2,0,0,4.86156,31,0,0,0,,31,138,25,18,17,2,20,,3,32,9.28852,5.82221,1.59536,0.543041,0.2306,0.144544,0.0860559344291687,0.220952,1.47224,0.289448,0.637784,,,4.02019,0.0320645,-0.0899056,999,,,,,,,134.79999999999998,4.348387096774193,124,4,,,,,,,,,,,,,,,,,,,"Isaac Mattson","20385",676755
"Evan Sisk","KCR",2,1,0,3.96595,26,0,0,0,,26,112,24,12,11,2,13,,1,25,8.75664,4.43353,1.97509,0.739706,0.22244,0.112622,0.10981730371713638,0.240461,1.41388,0.302249,0.719812,,,3.83019,0.0316961,0.0102904,999,,,,,,,113.4,4.361538461538462,112,4.3076923076923075,,,,,,,,,,,,,,,,,,,"Evan Sisk","24995",681895
"Eduard Bazardo","SEA",1,1,0,3.98478,35,0,0,3,,35,146,31,17,15,4,12,,1,33,8.49449,3.24236,2.61985,1.08421,0.224216,0.0855834,0.13863235712051392,0.23646,1.26146,0.284222,0.713948,,,3.95261,0.03096,-0.0762847,999,,,,,,,168.20000000000002,4.805714285714286,162,4.628571428571429,,,,,,,,,,,,,,,,,,,"Eduard Bazardo","20997",660825
"Kyle Leahy","STL",2,2,0,4.18292,41,0,1,11,,41,174,39,21,19,5,14,,3,33,7.31898,3.04673,2.40224,1.01564,0.190544,0.0793194,0.11122474074363708,0.247517,1.29572,0.287084,0.694836,,,4.12197,0.0309462,-0.0315523,999,,,,,,,204.50000000000003,4.987804878048781,204,4.975609756097561,,,,,,,,,,,,,,,,,,,"Kyle Leahy","24763",681517
"Chris Flexen","CHC",1,2,0,4.47733,33,1,0,0,,39,168,40,21,19,5,13,,1,32,7.41003,3.11379,2.37975,1.23599,0.190345,0.0799854,0.1103595420718193,0.262535,1.38192,0.301016,0.70708,,,4.35662,0.0304511,-0.0460385,750.9099731445312,,,,,,,145.10000000000002,3.720512820512821,152,3.8974358974358974,,,,,,,,,,,,,,,,,,,"Chris Flexen","13896",623167
"José Fermin","LAA",0,0,0,4.26165,27,0,0,0,,27,125,26,15,13,3,12,,2,27,8.93611,3.86426,2.3125,0.995185,0.219,0.0947027,0.12429731339216232,0.230257,1.36155,0.278986,0.690313,,,3.98697,0.0298239,-0.0780111,999,,,,,,,107.30000000000001,3.9740740740740743,108,4,,,,,,,,,,,,,,,,,,,"Jose Fermin","33908",820862
"Enyel De Los Santos","ATL",2,1,0,4.16247,37,0,0,7,,37,156,34,18,17,5,14,,2,38,9.22961,3.37154,2.7375,1.2445,0.240544,0.0878697,0.15267394483089447,0.240452,1.29584,0.29352,0.719552,,,4.12218,0.0294217,0.062151,999,,,,,,,179.9,4.8621621621621625,176,4.756756756756757,,,,,,,,,,,,,,,,,,,"Enyel De Los Santos","18403",660853
"Nick Burdi","BOS",0,0,0,4.26165,35,0,0,4,,35,159,33,18,17,4,15,,2,35,8.93611,3.86426,2.3125,0.995185,0.219,0.0947027,0.12429731339216232,0.230257,1.36155,0.278986,0.690313,,,3.98697,0.0289405,-0.0356494,999,,,,,,,159,4.542857142857143,158,4.514285714285714,,,,,,,,,,,,,,,,,,,"Nick Burdi","16074",595897
"Travis Adams","MIN",1,2,0,4.56601,27,1,0,0,,32,136,33,17,16,4,10,,1,23,6.65364,2.75238,2.41741,1.21805,0.171688,0.0710215,0.1006668359041214,0.264155,1.35045,0.295226,0.688216,,,4.4143,0.0287555,-0.0181147,999,,,,,,,114.80000000000003,3.587500000000001,121,3.78125,,,,,,,,,,,,,,,,,,,"Travis Adams","sa3017991",701519
"Gregory Santos","SEA",1,1,0,3.64701,18,0,0,0,,18,79,17,8,7,1,7,,1,16,7.96731,3.62502,2.19786,0.68108,0.205879,0.0936723,0.11220657080411911,0.242268,1.33325,0.296831,0.727439,,,3.67031,0.0278556,-0.0110207,723.1400146484375,,,,,,,84.7,4.705555555555556,85,4.722222222222222,,,,,,,,,,,,,,,,,,,"Gregory Santos","21894",666619
"Max Lazar","PHI",2,2,0,4.28257,31,0,0,0,,31,132,31,16,15,4,9,,1,26,7.54887,2.68171,2.81495,1.17099,0.198045,0.0703547,0.12769045680761337,0.255141,1.29475,0.294996,0.698845,,,4.07853,0.0278082,-0.0396897,999,,,,,,,121.6,3.92258064516129,125,4.032258064516129,,,,,,,,,,,,,,,,,,,"Max Lazar","23426",676661
"Anthony Banda","LAD",2,2,0,4.16844,32,0,0,7,,32,140,31,16,15,4,12,,2,31,8.5571,3.45171,2.47909,1.17435,0.220572,0.0889732,0.13159926235675812,0.24934,1.35011,0.29911,0.725246,,,4.17591,0.0275894,-0.0118064,999,,,,,,,155.00000000000003,4.843750000000001,156,4.875,,,,,,,,,,,,,,,,,,,"Anthony Banda","14706",607455
"Ian Seymour","TBR",1,1,0,4.27637,11,1,0,0,,15,64,14,8,7,2,5,,1,14,8.33967,3.03004,2.75233,1.35318,0.218364,0.0793379,0.13902617245912552,0.244386,1.27785,0.285064,0.713332,,,4.35767,0.0275517,-0.0361734,739.4400024414062,,,,,,,60.00000000000001,4.000000000000001,59,3.933333333333333,,,,,,,,,,,,,,,,,,,"Ian Seymour","sa3014512",693855
"Rob Zastryzny","MIL",2,0,0,4.09091,22,0,0,0,,22,94,20,12,10,2,8,,2,20,8.18182,3.27273,2.5,0.818182,0.217391,0.0869565,0.1304347813129425,0.243902,1.27273,0.3,0.634921,,,3.8066,0.0273893,-0.0487784,999,,,,,,,96.20000000000002,4.372727272727274,94,4.2727272727272725,,,,,,,,,,,,,,,,,,,"Rob Zastryzny","15094",642239
"Ian Gibaut","CIN",1,2,0,4.57728,36,0,0,5,,36,157,36,20,18,5,15,,2,34,8.43819,3.78765,2.22781,1.20568,0.214267,0.0961781,0.1180887296795845,0.256072,1.42252,0.305515,0.704234,,,4.33795,0.0268135,-0.0548238,999,,,,,,,148.30000000000004,4.119444444444445,152,4.222222222222222,,,,,,,,,,,,,,,,,,,"Ian Gibaut","17871",664139
"Fraser Ellard","CHW",2,3,0,4.18914,35,0,0,4,,35,153,30,18,16,4,19,,2,37,9.45157,4.84386,1.95125,0.975606,0.240172,0.123086,0.11708582937717438,0.229779,1.40634,0.290024,0.717696,,,4.17156,0.026731,-0.0632725,750.6699829101562,,,,,,,158.8,4.537142857142857,150,4.285714285714286,,,,,,,,,,,,,,,,,,,"Fraser Ellard","29530",686642
"Andrew Alvarez","WSN",0,1,0,4.49591,6,1,0,0,,11,48,11,6,6,1,4,,0,7,6.05753,3.58366,1.69032,1.11422,0.153904,0.0910501,0.06285364925861359,0.26272,1.43513,0.289878,0.707037,,,4.62155,0.0263688,0.0455569,999,,,,,,,42.50000000000001,3.863636363636364,44,4,,,,,,,,,,,,,,,,,,,"Andrew Alvarez","sa3017531",674841
"Ryan Burr","TOR",1,1,0,3.78383,17,0,0,0,,17,71,15,8,7,2,6,,1,19,10.242,3.27188,3.13033,1.1372,0.271158,0.0866231,0.18453536182641983,0.232945,1.24727,0.299432,0.738328,,,3.65522,0.0263272,-0.011981,999,,,,,,,79.20000000000002,4.658823529411766,76,4.470588235294118,,,,,,,,,,,,,,,,,,,"Ryan Burr","17536",621114
"Joe Jiménez","ATL",1,1,0,3.68422,13,0,0,0,,13,54,11,6,5,1,5,,1,15,10.3502,3.1118,3.3261,1.02938,0.276763,0.0832093,0.1935533955693245,0.22568,1.19389,0.29424,0.724475,,,3.45753,0.0248712,0.00641064,750.7999877929688,,,,,,,67.30000000000001,5.176923076923078,64,4.923076923076923,,,,,,,,,,,,,,,,,,,"Joe Jimenez","15761",641729
"Yerry De los Santos","NYY",2,2,0,4.23219,33,0,0,3,,33,140,33,17,15,4,11,,1,26,7.28533,3.07606,2.3684,1.05273,0.188662,0.0796582,0.10900424420833588,0.254538,1.33541,0.294458,0.703515,,,4.142,0.0241444,-0.0670138,999,,,,,,,137.20000000000005,4.157575757575759,141,4.2727272727272725,,,,,,,,,,,,,,,,,,,"Yerry De los Santos","21420",660787
"Brusdar Graterol","LAD",1,0,0,3.49531,8,0,0,1,,8,32,7,3,3,1,2,,0,7,7.59823,2.57801,2.94732,0.716471,0.202543,0.068721,0.1338217481970787,0.243075,1.22095,0.292707,0.719974,,,3.39697,0.023909,0.022598,999,,,,,,,40.7,5.0875,39,4.875,,,,,,,,,,,,,,,,,,,"Brusdar Graterol","20367",660813
"Nic Enright","CLE",1,2,0,3.95768,27,0,0,0,,27,112,24,13,12,4,9,,1,27,9.22332,2.91256,3.16674,1.22088,0.245311,0.0774646,0.16784601658582687,0.237529,1.23015,0.290235,0.723077,,,3.87644,0.0231497,-0.0280419,999,,,,,,,112.20000000000002,4.155555555555556,107,3.962962962962963,,,,,,,,,,,,,,,,,,,"Nic Enright","25553",663671
"Andrew Hoffmann","KCR",0,0,0,4.26165,31,0,0,0,,31,140,29,16,15,3,13,,2,31,8.93611,3.86426,2.3125,0.995185,0.219,0.0947027,0.12429730594158173,0.230257,1.36155,0.278986,0.690313,,,3.98697,0.0230981,-0.0392323,999,,,,,,,134.09999999999997,4.325806451612902,133,4.290322580645161,,,,,,,,,,,,,,,,,,,"Andrew Hoffmann","29633",694851
"Sean Hjelle","SFG",1,1,0,3.97866,27,0,0,0,,27,117,28,13,12,3,8,,2,23,7.66221,2.56277,2.98981,0.840777,0.198697,0.0664581,0.13223924487829208,0.260891,1.31193,0.312043,0.703908,,,3.63362,0.0225112,-0.0165034,749.3499755859375,,,,,,,106.10000000000001,3.92962962962963,112,4.148148148148148,,,,,,,,,,,,,,,,,,,"Sean Hjelle","21481",663546
"Carson Spiers","CIN",1,2,0,5.16509,22,1,0,0,,28,122,30,17,16,5,10,,1,23,7.57965,3.23736,2.34131,1.64033,0.191204,0.0816655,0.10953857004642487,0.271818,1.44596,0.30419,0.690426,,,4.98946,0.022286,-0.0177223,733.7100219726562,,,,,,,80.70000000000002,2.8821428571428576,88,3.142857142857143,,,,,,,,,,,,,,,,,,,"Carson Spiers","27685",686730
"Ryan Fernandez","STL",2,2,0,4.05028,34,0,0,3,,34,148,33,17,15,4,14,,1,33,8.72059,3.71622,2.34663,0.976193,0.224695,0.0957523,0.12894250452518463,0.247152,1.36823,0.303761,0.722693,,,3.89245,0.021894,-0.0237166,666.4099731445312,,,,,,,149.60000000000002,4.4,151,4.4411764705882355,,,,,,,,,,,,,,,,,,,"Ryan Fernandez","24862",681676
"Craig Yoho","MIL",2,1,0,3.86139,29,0,0,0,,29,124,25,13,12,3,14,,2,31,9.78848,4.31183,2.27015,0.970383,0.252654,0.111294,0.1413598582148552,0.226659,1.33199,0.290198,0.732944,,,3.93131,0.0215078,0.0227939,999,,,,,,,126.70000000000002,4.36896551724138,120,4.137931034482759,,,,,,,,,,,,,,,,,,,"Craig Yoho","33248",684974
"Erik Sabrowski","CLE",1,2,0,3.71152,24,0,0,0,,24,102,20,11,10,2,13,,1,28,10.5642,4.89104,2.15992,0.954229,0.27091,0.125426,0.14548398554325104,0.225457,1.3905,0.299136,0.758615,,,3.83734,0.0208332,-0.00708584,999,,,,,,,115.00000000000003,4.791666666666668,108,4.5,,,,,,,,,,,,,,,,,,,"Erik Sabrowski","24978",681870
"Tyler Gilbert","CHW",1,2,0,4.39254,29,0,0,0,,29,123,29,15,14,4,9,,1,26,8.19304,2.97624,2.75281,1.19153,0.211557,0.0768513,0.13470616191625595,0.258576,1.34557,0.306191,0.702513,,,4.11419,0.0204041,-0.0551154,999,,,,,,,112.00000000000003,3.8620689655172424,115,3.9655172413793105,,,,,,,,,,,,,,,,,,,"Tyler Gilbert","17964",656457
"Troy Taylor","SEA",1,1,0,4.05309,27,0,0,0,,27,114,25,13,12,3,10,,1,26,8.6673,3.37986,2.5644,1.09531,0.226063,0.0881542,0.13790850341320038,0.241735,1.30325,0.292777,0.718305,,,4.00234,0.0203632,-0.0502632,748.3400268554688,,,,,,,116.9,4.32962962962963,115,4.2592592592592595,,,,,,,,,,,,,,,,,,,"Troy Taylor","31883",700187
"Luis García","LAD",2,1,0,4.0505,30,0,0,5,,30,130,30,15,14,3,10,,2,27,8.09091,3.10203,2.60826,0.98907,0.209963,0.0804991,0.12946362793445587,0.250706,1.31833,0.300462,0.712027,,,3.90405,0.0198606,-0.0345785,750.5999755859375,,,,,,,145.1,4.836666666666667,149,4.966666666666667,,,,,,,,,,,,,,,,,,,"Luis Garcia","6984",472610
"Alex Lange","DET",1,1,0,3.85123,18,0,0,0,,18,78,15,8,8,2,10,,1,19,9.75948,4.90483,1.98977,0.758895,0.248635,0.124957,0.12367840856313705,0.224731,1.38852,0.29372,0.726814,,,3.83018,0.0198092,0.00287149,748.3300170898438,,,,,,,74.60000000000002,4.144444444444446,69,3.8333333333333335,,,,,,,,,,,,,,,,,,,"Alex Lange","19883",656638
"Josh Walker","PHI",1,1,0,4.11174,14,0,0,0,,14,62,13,7,7,2,7,,0,15,9.52799,4.31732,2.20692,1.0109,0.244674,0.110867,0.13380710035562515,0.237266,1.38493,0.29986,0.723595,,,3.95707,0.0194943,-0.0109725,999,,,,,,,54.20000000000003,3.8714285714285737,53,3.7857142857142856,,,,,,,,,,,,,,,,,,,"Josh Walker","23617",677020
"Bryan Baker","BAL",3,2,0,4.06037,41,0,0,5,,41,173,36,20,18,5,18,,1,44,9.71189,3.94307,2.46303,1.1891,0.253244,0.102818,0.15042605996131897,0.231486,1.31465,0.289055,0.729646,,,4.06242,0.0194512,-0.0597386,999,,,,,,,199.30000000000004,4.860975609756099,191,4.658536585365853,,,,,,,,,,,,,,,,,,,"Bryan Baker","19804",641329
"Mitch Spence","ATH",2,2,0,4.32945,36,0,0,7,,36,154,37,19,17,5,11,,2,30,7.49839,2.75553,2.72121,1.18951,0.194654,0.071532,0.12312174588441849,0.259647,1.32673,0.299601,0.704083,,,4.18009,0.0192006,-0.114291,585.27001953125,,,,,,,157.70000000000005,4.380555555555556,164,4.555555555555555,,,,,,,,,,,,,,,,,,,"Mitch Spence","27707",687765
"Tanner Gordon","COL",1,2,1,5.22912,14,2,0,0,,24,107,28,15,14,5,7,,1,18,6.51768,2.50248,2.60449,1.66899,0.165005,0.063354,0.10165110975503922,0.284954,1.43772,0.308295,0.684308,,,4.99935,0.0191171,0.0736509,999,,,,,,,55.300000000000026,2.3041666666666676,67,2.7916666666666665,,,,,,,,,,,,,,,,,,,"Tanner Gordon","27669",685299
"Matt Manning","DET",1,2,0,4.23645,27,1,0,0,,32,135,30,16,15,4,11,,1,26,7.29291,3.22339,2.2625,1.13919,0.190199,0.084066,0.10613290965557098,0.247827,1.31695,0.283849,0.706564,,,4.279,0.0185575,-0.0491292,747.9199829101562,,,,,,,125.60000000000002,3.9250000000000007,124,3.875,,,,,,,,,,,,,,,,,,,"Matt Manning","20369",666159
"Josh Winckowski","BOS",1,1,0,4.06086,19,0,0,0,,19,82,20,9,9,2,6,,1,16,7.34713,3.03796,2.41844,0.973749,0.18887,0.0780957,0.11077403277158737,0.262509,1.37336,0.307029,0.722586,,,3.98256,0.0181122,0.00383967,999,,,,,,,75,3.9473684210526314,80,4.2105263157894735,,,,,,,,,,,,,,,,,,,"Josh Winckowski","22387",670174
"Carlos Duran","ATH",0,0,0,4.26165,24,0,0,0,,24,111,23,13,12,3,10,,1,24,8.93611,3.86426,2.3125,0.995185,0.219,0.0947027,0.12429730594158173,0.230257,1.36155,0.278986,0.690313,,,3.98697,0.0176175,-0.0670228,999,,,,,,,95.90000000000002,3.995833333333334,96,4,,,,,,,,,,,,,,,,,,,"Carlos Duran","24458",679922
"Dauri Moreta","PIT",1,1,0,4.15165,19,0,0,0,,19,82,17,10,9,2,8,,1,20,9.53376,3.68759,2.58536,1.05404,0.248052,0.0959449,0.15210720896720886,0.236841,1.31283,0.298096,0.706281,,,3.85542,0.0173097,-0.0241235,999,,,,,,,84.8,4.463157894736842,82,4.315789473684211,,,,,,,,,,,,,,,,,,,"Dauri Moreta","21101",664294
"Dylan Smith","DET",0,0,0,4.26165,31,0,0,0,,31,140,29,16,15,3,13,,2,31,8.93611,3.86426,2.3125,0.995185,0.219,0.0947027,0.12429730594158173,0.230257,1.36155,0.278986,0.690313,,,3.98697,0.0170936,-0.0662635,999,,,,,,,134.09999999999997,4.325806451612902,133,4.290322580645161,,,,,,,,,,,,,,,,,,,"Dylan Smith","sa3018113",681916
"Kendall Graveman","ARI",2,2,0,3.97438,40,0,2,10,,40,173,37,19,17,4,19,,2,37,8.48431,4.22712,2.00711,1.01034,0.215637,0.107437,0.10820084810256958,0.242796,1.40277,0.294401,0.740821,,,4.23913,0.0160713,0.23186,749.8499755859375,,,,,,,211.60000000000002,5.290000000000001,209,5.225,,,,,,,,,,,,,,,,,,,"Kendall Graveman","15514",608665
"Patrick Murphy","TEX",1,1,0,4.1106,18,0,0,0,,18,78,17,9,8,2,8,,1,17,8.42895,3.93843,2.14018,0.924863,0.216453,0.101138,0.11531512439250946,0.242703,1.37022,0.296026,0.712495,,,3.99474,0.0156916,-0.0259206,999,,,,,,,71.40000000000002,3.9666666666666677,71,3.9444444444444446,,,,,,,,,,,,,,,,,,,"Patrick Murphy","19712",641907
"José Castillo","NYM",0,0,0,4.26165,36,0,0,5,,36,162,33,19,17,4,15,,2,35,8.93611,3.86426,2.3125,0.995185,0.219,0.0947027,0.12429731339216232,0.230257,1.36155,0.278986,0.690313,,,3.98697,0.0146085,-0.0844681,999,,,,,,,170.40000000000003,4.733333333333334,167,4.638888888888889,,,,,,,,,,,,,,,,,,,"Jose Castillo","17169",620454
"Robby Ahlstrom","TEX",0,0,0,4.26165,15,0,0,0,,15,70,14,8,7,2,7,,1,15,8.93611,3.86426,2.3125,0.995185,0.219,0.0947027,0.12429730594158173,0.230257,1.36155,0.278986,0.690313,,,3.98697,0.0144987,-0.0373618,999,,,,,,,56.00000000000001,3.733333333333334,55,3.6666666666666665,,,,,,,,,,,,,,,,,,,"Robby Ahlstrom","sa3018193",695239
"Carson Seymour","SFG",1,1,0,3.87253,16,0,0,0,,16,67,15,7,7,1,6,,1,14,7.82868,3.18654,2.4568,0.786002,0.201927,0.0821912,0.11973598599433899,0.253712,1.34336,0.30657,0.717114,,,3.70035,0.0138403,0.0125913,999,,,,,,,74.10000000000001,4.6312500000000005,74,4.625,,,,,,,,,,,,,,,,,,,"Carson Seymour","sa3017868",693313
"Mason Montgomery","TBR",1,2,0,4.23302,38,0,1,8,,38,160,35,19,18,5,15,,1,41,9.76756,3.56584,2.73921,1.27445,0.254505,0.0929118,0.16159283369779587,0.240242,1.31637,0.299069,0.720079,,,4.05204,0.0133179,-0.101195,588.3099975585938,,,,,,,199.7,5.255263157894737,196,5.157894736842105,,,,,,,,,,,,,,,,,,,"Mason Montgomery","29770",682254
"Jorge Alcala","MIN",2,2,0,4.29224,34,0,0,5,,34,144,30,18,16,5,14,,2,35,9.14306,3.5978,2.54129,1.29343,0.239922,0.0944096,0.14551286399364471,0.23169,1.27729,0.27924,0.705242,,,4.25602,0.0132817,-0.0841551,999,,,,,,,154.10000000000002,4.532352941176471,147,4.323529411764706,,,,,,,,,,,,,,,,,,,"Jorge Alcala","19459",660896
"Jairo Iriarte","CHW",1,1,1,5.02354,13,2,0,0,,22,98,22,13,12,3,11,,1,18,7.39513,4.44954,1.662,1.28544,0.184451,0.110982,0.07346971333026886,0.254135,1.48591,0.288963,0.683697,,,4.95239,0.0132182,-0.103153,750.4600219726562,,,,,,,68.7,3.122727272727273,71,3.227272727272727,,,,,,,,,,,,,,,,,,,"Jairo Iriarte","26907",683568
"Colin Holderman","PIT",1,1,0,4.10484,21,0,0,0,,21,90,19,10,9,2,9,,1,20,8.76337,4.05257,2.16242,0.920763,0.223208,0.103221,0.11998683959245682,0.243053,1.38468,0.300568,0.716039,,,4.01572,0.0126716,0.00517843,604.5399780273438,,,,,,,91.4,4.352380952380953,89,4.238095238095238,,,,,,,,,,,,,,,,,,,"Colin Holderman","22361",670059
"Derek Law","WSN",2,2,0,3.82888,27,0,0,0,,27,116,26,13,12,3,9,,1,23,7.65077,3.11498,2.45612,0.985567,0.199371,0.0811729,0.11819788068532944,0.249847,1.31532,0.294457,0.733982,,,3.95666,0.0125048,-0.0096812,733.030029296875,,,,,,,111.30000000000001,4.122222222222223,112,4.148148148148148,,,,,,,,,,,,,,,,,,,"Derek Law","13133",571882
"Andrew Vasquez","LAA",0,0,0,4.26165,11,0,0,0,,11,50,10,6,5,1,5,,1,11,8.93611,3.86426,2.3125,0.995185,0.219,0.0947027,0.12429729849100113,0.230257,1.36155,0.278986,0.690313,,,3.98697,0.0121505,-0.0283531,999,,,,,,,47.10000000000001,4.281818181818182,46,4.181818181818182,,,,,,,,,,,,,,,,,,,"Andrew Vasquez","19482",607755
"David Morgan","SDP",0,0,0,4.26165,30,0,0,0,,30,138,28,16,14,3,13,,2,30,8.93611,3.86426,2.3125,0.995185,0.219,0.0947027,0.12429730594158173,0.230257,1.36155,0.278986,0.690313,,,3.98697,0.0120936,-0.0765986,999,,,,,,,127.3,4.243333333333333,126,4.2,,,,,,,,,,,,,,,,,,,"David Morgan","31616",688158
"Brady Basso","ATH",1,1,0,4.07334,10,0,0,0,,10,43,10,5,5,1,3,,0,9,8.25055,2.62329,3.14511,1.23209,0.218921,0.0696068,0.14931442588567734,0.246762,1.2448,0.290573,0.714861,,,3.99802,0.0118808,-0.014772,750.5599975585938,,,,,,,44.7,4.470000000000001,46,4.6,,,,,,,,,,,,,,,,,,,"Brady Basso","25582",669620
"Brent Headrick","NYY",2,1,0,4.17687,28,0,0,0,,28,119,25,14,13,4,10,,1,30,9.47309,3.22999,2.93285,1.32324,0.249677,0.0851312,0.16454613953828812,0.237277,1.26416,0.289886,0.717842,,,4.08684,0.0116435,-0.0402186,999,,,,,,,120.00000000000006,4.285714285714287,115,4.107142857142857,,,,,,,,,,,,,,,,,,,"Brent Headrick","27702",687396
"Eric Reyzelman","NYY",0,0,0,4.26165,10,0,0,0,,10,47,10,6,5,1,4,,1,10,8.93611,3.86426,2.3125,0.995185,0.219,0.0947027,0.12429729849100113,0.230257,1.36155,0.278986,0.690313,,,3.98697,0.0115633,-0.0457148,999,,,,,,,40.7,4.07,42,4.2,,,,,,,,,,,,,,,,,,,"Eric Reyzelman","sa3020611",801432
"Hunter Stratton","PIT",1,1,0,4.2495,17,0,0,0,,17,72,16,9,8,2,6,,1,14,7.79439,3.16787,2.46045,1.06773,0.20109,0.0817288,0.11936080455780029,0.252978,1.33745,0.297799,0.703649,,,4.12338,0.0114477,-0.0231699,999,,,,,,,66.60000000000002,3.9176470588235306,66,3.8823529411764706,,,,,,,,,,,,,,,,,,,"Hunter Stratton","23455",676702
"Brooks Raley","NYM",1,1,0,3.87284,21,0,0,0,,21,91,19,10,9,3,9,,1,22,9.22617,3.65842,2.5219,1.12111,0.240642,0.0954209,0.14522109925746918,0.234957,1.3002,0.289802,0.739439,,,4.01728,0.0111362,-0.0145451,999,,,,,,,83.1,3.957142857142857,80,3.8095238095238093,,,,,,,,,,,,,,,,,,,"Brooks Raley","10061",548384
"Peyton Pallette","CHW",0,0,0,4.26165,9,0,0,0,,9,41,8,5,4,1,4,,1,9,8.93611,3.86426,2.3125,0.995185,0.219,0.0947027,0.12429731339216232,0.230257,1.36155,0.278986,0.690313,,,3.98697,0.0110904,-0.0278899,999,,,,,,,36.500000000000014,4.055555555555557,35,3.888888888888889,,,,,,,,,,,,,,,,,,,"Peyton Pallette","sa3020742",688883
"Joe Ross","PHI",2,2,0,4.29131,41,0,0,7,,41,176,41,21,19,5,14,,2,34,7.54144,3.15335,2.39157,1.20087,0.194642,0.0813868,0.11325511336326599,0.255505,1.34906,0.294574,0.714804,,,4.32705,0.010839,-0.0157679,739.3200073242188,,,,,,,183.30000000000004,4.470731707317074,188,4.585365853658536,,,,,,,,,,,,,,,,,,,"Joe Ross","12972",605452
"Shawn Dubin","HOU",2,2,0,4.10643,35,0,0,5,,35,154,33,17,16,4,17,,2,36,9.25971,4.40888,2.10024,0.95883,0.234512,0.111659,0.12285226583480835,0.243237,1.4252,0.305834,0.728228,,,4.03231,0.0108286,-0.0427257,999,,,,,,,159,4.542857142857143,158,4.514285714285714,,,,,,,,,,,,,,,,,,,"Shawn Dubin","24977",681869
"Yaramil Hiraldo","BAL",0,0,0,4.26165,22,0,0,0,,22,101,21,12,11,2,10,,1,22,8.93611,3.86426,2.3125,0.995185,0.219,0.0947027,0.12429729849100113,0.230257,1.36155,0.278986,0.690313,,,3.98697,0.0107778,-0.0729915,999,,,,,,,94.60000000000002,4.300000000000001,95,4.318181818181818,,,,,,,,,,,,,,,,,,,"Yaramil Hiraldo","25215",682274
"Tyler Stuart","WSN",1,1,0,3.94234,12,0,0,0,,12,49,11,6,5,1,4,,1,10,7.97132,2.89253,2.75583,1.0066,0.20876,0.0757522,0.13300780206918716,0.247605,1.27904,0.294695,0.715316,,,3.88699,0.010324,-0.0112249,999,,,,,,,52.90000000000001,4.408333333333334,52,4.333333333333333,,,,,,,,,,,,,,,,,,,"Tyler Stuart","sa3020264",701603
"Josh Walker","PHI",0,1,0,4.11174,8,0,0,0,,8,34,7,4,4,1,4,,0,8,9.52799,4.31732,2.20692,1.0109,0.244674,0.110867,0.13380710780620575,0.237266,1.38493,0.29986,0.723595,,,3.95707,0.0102978,-0.0131826,999,,,,,,,32.7,4.0875,31,3.875,,,,,,,,,,,,,,,,,,,"Josh Walker","23617",677020
"James McArthur","KCR",1,1,0,4.09085,12,0,0,0,,12,50,11,6,5,1,4,,1,10,7.99779,3.05339,2.61931,0.965405,0.206992,0.0790253,0.1279667764902115,0.253776,1.3289,0.303874,0.708252,,,3.87701,0.0102832,-0.0093137,750.3800048828125,,,,,,,52.90000000000001,4.408333333333334,52,4.333333333333333,,,,,,,,,,,,,,,,,,,"James McArthur","21527",663704
"Michael Tonkin","MIN",2,1,0,4.25803,33,0,0,3,,33,143,31,17,16,4,13,,2,33,8.98031,3.53839,2.53797,1.16712,0.232424,0.0915787,0.1408451423048973,0.242259,1.32352,0.295142,0.708658,,,4.12768,0.0101107,-0.072997,750.9299926757812,,,,,,,147.40000000000006,4.466666666666669,146,4.424242424242424,,,,,,,,,,,,,,,,,,,"Michael Tonkin","10315",543859
"Joe Mantiply","ARI",1,0,0,3.95766,9,0,0,0,,9,39,9,4,4,1,3,,0,8,7.45232,2.53952,2.93454,0.831201,0.194628,0.0663233,0.12830515950918198,0.261499,1.31258,0.310613,0.705328,,,3.56597,0.00976553,0.00974058,748.9600219726562,,,,,,,37.90000000000001,4.211111111111112,39,4.333333333333333,,,,,,,,,,,,,,,,,,,"Joe Mantiply","14857",573009
"Ty Madden","DET",1,1,0,4.18031,12,0,0,0,,12,49,11,6,5,1,4,,0,11,8.41412,3.45352,2.43639,1.12726,0.218506,0.0896844,0.1288217306137085,0.245545,1.33081,0.293835,0.714817,,,4.10236,0.0093336,-0.0194759,999,,,,,,,57.90000000000001,4.825000000000001,57,4.75,,,,,,,,,,,,,,,,,,,"Ty Madden","30140",680744
"Brandon Waddell","NYM",0,0,0,4.26165,23,0,0,0,,23,103,21,12,11,3,10,,1,23,8.93611,3.86426,2.3125,0.995185,0.219,0.0947027,0.12429729849100113,0.230257,1.36155,0.278986,0.690313,,,3.98697,0.00933322,-0.0495297,999,,,,,,,91.70000000000002,3.986956521739131,89,3.869565217391304,,,,,,,,,,,,,,,,,,,"Brandon Waddell","18347",663399
"Easton McGee","MIL",0,0,0,4.26165,15,0,0,0,,15,67,14,8,7,2,6,,1,15,8.93611,3.86426,2.3125,0.995185,0.219,0.0947027,0.12429730594158173,0.230257,1.36155,0.278986,0.690313,,,3.98697,0.00926778,-0.0276759,999,,,,,,,59.00000000000001,3.933333333333334,58,3.8666666666666667,,,,,,,,,,,,,,,,,,,"Easton McGee","22176",668834
"Daniel Robert","PHI",2,2,0,4.2916,28,0,0,0,,28,120,26,14,13,4,11,,2,27,8.77691,3.6813,2.38419,1.17376,0.225653,0.0946457,0.13100754469633102,0.241039,1.33322,0.290912,0.708228,,,4.28696,0.00922794,-0.0219451,999,,,,,,,105.40000000000006,3.7642857142857165,103,3.6785714285714284,,,,,,,,,,,,,,,,,,,"Daniel Robert","21229",642016
"Ryan Bergert","SDP",1,2,1,4.59836,24,2,0,0,,34,150,35,19,18,5,13,,2,28,7.31778,3.44754,2.12261,1.36131,0.186371,0.0878029,0.09856856614351273,0.260684,1.40913,0.294379,0.71304,,,4.69944,0.00890452,0.00263581,999,,,,,,,110.10000000000002,3.2382352941176475,116,3.411764705882353,,,,,,,,,,,,,,,,,,,"Ryan Bergert","29863",686701
"Doug Nikhazy","CLE",1,1,0,4.51837,21,1,0,0,,26,115,24,14,13,3,13,,1,24,8.34196,4.56867,1.82591,1.18849,0.211424,0.115791,0.09563294798135757,0.240876,1.431,0.285216,0.710444,,,4.59419,0.00869197,-0.0537156,999,,,,,,,99.1,3.8115384615384613,97,3.730769230769231,,,,,,,,,,,,,,,,,,,"Doug Nikhazy","30142",680951
"Joel Payamps","MIL",0,1,0,3.82851,10,0,0,0,,10,40,9,4,4,1,3,,0,9,8.64871,2.7512,3.14361,1.1794,0.229764,0.0730893,0.15667493641376495,0.240308,1.22671,0.288244,0.732645,,,3.91016,0.0084125,0.022948,498.67999267578125,,,,,,,47.300000000000004,4.73,46,4.6,,,,,,,,,,,,,,,,,,,"Joel Payamps","14332",606303
"Craig Kimbrel","ATL",2,2,0,3.97563,30,0,0,0,,30,129,24,14,13,4,15,,2,37,10.9519,4.40666,2.4853,1.19185,0.284894,0.114632,0.1702621579170227,0.216933,1.29766,0.284405,0.734999,,,4.00671,0.00834846,0.0100523,702.8699951171875,,,,,,,133.4,4.446666666666667,121,4.033333333333333,,,,,,,,,,,,,,,,,,,"Craig Kimbrel","6655",518886
"Michael Kopech","LAD",2,1,0,3.93212,27,0,3,0,,27,116,22,13,12,4,13,,2,33,10.9745,4.27464,2.56734,1.21495,0.286681,0.111665,0.17501680552959442,0.216996,1.28266,0.284105,0.738585,,,3.98925,0.0083111,-0.015345,516.0499877929688,,,,,,,129.40000000000003,4.792592592592594,119,4.407407407407407,,,,,,,,,,,,,,,,,,,"Michael Kopech","17282",656629
"Edgardo Henriquez","LAD",1,0,0,4.30018,13,0,0,1,,13,57,11,7,6,2,7,,0,14,9.57279,4.90276,1.95253,1.06184,0.243974,0.124953,0.11902094632387161,0.232233,1.42496,0.2922,0.718865,,,4.19418,0.00825776,-0.030689,999,,,,,,,53.99999999999999,4.153846153846153,50,3.8461538461538463,,,,,,,,,,,,,,,,,,,"Edgardo Henriquez","26944",683618
"Dillon Tate","TOR",1,1,0,4.25797,16,0,0,0,,16,67,16,8,7,2,5,,1,12,6.9929,3.07669,2.27286,0.928766,0.179244,0.0788626,0.10038132220506668,0.257112,1.349,0.297649,0.693013,,,4.11991,0.00821371,-0.0263651,999,,,,,,,58.20000000000001,3.6375000000000006,60,3.75,,,,,,,,,,,,,,,,,,,"Dillon Tate","17796",622253
"Andrew Morris","MIN",0,1,0,4.03383,8,0,0,0,,8,33,8,4,4,1,2,,0,7,7.53636,2.48928,3.02752,1.10304,0.198659,0.0656177,0.13304121047258377,0.258084,1.28887,0.300343,0.717535,,,3.87642,0.00811266,-0.0123377,999,,,,,,,34.10000000000001,4.262500000000001,35,4.375,,,,,,,,,,,,,,,,,,,"Andrew Morris","sa3020569",702193
"Tyler Phillips","MIA",2,2,0,4.94301,37,1,0,4,,42,186,46,25,23,5,15,,2,31,6.53547,3.28158,1.99156,1.13672,0.164654,0.0826757,0.08197800070047379,0.273738,1.46144,0.307675,0.67293,,,4.47923,0.007959,-0.0685479,750.7999877929688,,,,,,,156.70000000000002,3.7309523809523815,172,4.095238095238095,,,,,,,,,,,,,,,,,,,"Tyler Phillips","20629",663969
"Mick Abel","PHI",1,1,0,4.52198,17,1,0,0,,20,87,19,11,10,3,10,,1,18,8.24418,4.35388,1.89352,1.18534,0.207783,0.109733,0.0980493500828743,0.247135,1.439,0.29229,0.711666,,,4.58938,0.00766206,0.0332535,999,,,,,,,64.69999999999999,3.2349999999999994,64,3.2,,,,,,,,,,,,,,,,,,,"Mick Abel","27756",690953
"Riley O'Brien","STL",1,1,0,4.10447,23,0,0,0,,23,100,21,11,10,2,12,,2,24,9.37494,4.72075,1.9859,0.944204,0.235662,0.118668,0.11699467152357101,0.239415,1.44053,0.30271,0.730351,,,4.14226,0.00757656,-0.00989291,999,,,,,,,97.00000000000003,4.217391304347827,95,4.130434782608695,,,,,,,,,,,,,,,,,,,"Riley O'Brien","20348",676617
"Matt Krook","CLE",0,0,0,4.26165,13,0,0,0,,13,59,12,7,6,1,6,,1,13,8.93611,3.86426,2.3125,0.995185,0.219,0.0947027,0.12429731339216232,0.230257,1.36155,0.278986,0.690313,,,3.98697,0.00701818,-0.0371366,999,,,,,,,57.7,4.438461538461539,57,4.384615384615385,,,,,,,,,,,,,,,,,,,"Matt Krook","19315",640454
"Trevor McDonald","SFG",1,1,0,3.92654,22,0,0,0,,22,95,22,10,10,2,8,,1,18,7.14856,3.12983,2.28401,0.73141,0.18418,0.0806387,0.1035410687327385,0.255987,1.34898,0.303049,0.708191,,,3.75122,0.00695762,0.00536615,999,,,,,,,90.00000000000001,4.090909090909092,93,4.2272727272727275,,,,,,,,,,,,,,,,,,,"Trevor McDonald","26448",686790
"Franco Aleman","CLE",1,1,0,3.94736,9,0,0,0,,9,36,8,4,4,1,3,,1,8,8.82658,3.34783,2.63651,1.03011,0.229366,0.086996,0.14236968010663986,0.242563,1.30388,0.297609,0.723258,,,3.90763,0.0067314,0.00136883,999,,,,,,,37.500000000000014,4.166666666666668,36,4,,,,,,,,,,,,,,,,,,,"Franco Aleman","sa3018178",680916
"Luis Contreras","HOU",2,1,0,4.40154,30,0,0,0,,30,129,28,16,15,4,13,,2,30,9.0617,3.96701,2.28426,1.19954,0.231909,0.101525,0.1303844004869461,0.244138,1.38069,0.297673,0.711084,,,4.27335,0.00664393,-0.082332,999,,,,,,,115.00000000000001,3.833333333333334,113,3.7666666666666666,,,,,,,,,,,,,,,,,,,"Luis Contreras","25839",664351
"Tim Mayza","PIT",1,1,0,4.12152,15,0,0,0,,15,66,16,8,7,2,5,,1,12,7.10588,2.88189,2.4657,0.933009,0.182933,0.0741913,0.10874194651842117,0.26519,1.37042,0.308621,0.712202,,,3.91534,0.00617162,-0.0222153,999,,,,,,,50.800000000000004,3.386666666666667,55,3.6666666666666665,,,,,,,,,,,,,,,,,,,"Tim Mayza","15042",641835
"Josiah Gray","WSN",1,1,0,4.8142,10,1,0,0,,14,60,13,8,7,2,6,,1,13,8.24246,3.71813,2.21683,1.48751,0.211763,0.0955251,0.11623771488666534,0.248354,1.37463,0.285344,0.693821,,,4.75616,0.00614353,-0.0188937,999,,,,,,,50.20000000000003,3.585714285714288,49,3.5,,,,,,,,,,,,,,,,,,,"Josiah Gray","24580",680686
"Tyler Owens","DET",1,2,0,4.5398,25,0,0,0,,25,108,26,14,13,3,8,,1,20,7.08801,3.0199,2.3471,0.966821,0.182439,0.0777294,0.10470915585756302,0.259794,1.35688,0.30099,0.670207,,,4.05723,0.00588684,-0.0882598,999,,,,,,,93.5,3.74,99,3.96,,,,,,,,,,,,,,,,,,,"Tyler Owens","26030",687074
"Zak Kent","CLE",1,1,0,4.11076,18,0,0,0,,18,77,17,9,8,2,7,,1,17,8.57458,3.78978,2.26255,1.01574,0.219803,0.0971484,0.12265509366989136,0.248089,1.38122,0.302109,0.7233,,,4.03404,0.0054875,-0.0293631,999,,,,,,,74.40000000000002,4.133333333333335,74,4.111111111111111,,,,,,,,,,,,,,,,,,,"Zak Kent","25703",687849
"Tommy Nance","TOR",1,1,0,4.21035,12,0,0,0,,12,51,12,6,5,1,4,,1,10,8.00019,3.15725,2.53391,1.04515,0.205131,0.0809544,0.12417682260274887,0.259138,1.36867,0.308514,0.71319,,,4.02771,0.0054735,-0.0197738,999,,,,,,,50.30000000000001,4.191666666666667,52,4.333333333333333,,,,,,,,,,,,,,,,,,,"Tommy Nance","19178",667297
"Sean Reynolds","SDP",1,1,0,4.28417,38,0,0,8,,38,169,36,20,18,4,20,,2,42,9.76079,4.6388,2.10416,0.986463,0.245164,0.116514,0.12865003943443298,0.24391,1.45417,0.31234,0.720184,,,4.06003,0.00516538,-0.125779,999,,,,,,,188.4,4.957894736842105,188,4.947368421052632,,,,,,,,,,,,,,,,,,,"Sean Reynolds","22253",669308
"Davis Daniel","ATL",1,1,0,4.27005,17,0,0,0,,17,72,17,9,8,2,5,,1,15,7.80166,2.68145,2.90949,1.17699,0.203755,0.0700313,0.13372399657964706,0.257075,1.30489,0.300129,0.703496,,,4.058,0.00482433,-0.0270076,747.5900268554688,,,,,,,69.00000000000001,4.058823529411765,71,4.176470588235294,,,,,,,,,,,,,,,,,,,"Davis Daniel","27582",669721
"Marc Church","TEX",1,1,0,4.48437,27,0,0,0,,27,117,25,15,13,3,13,,1,28,9.50487,4.28832,2.21646,1.13417,0.242643,0.109473,0.13316933810710907,0.244995,1.42076,0.306217,0.706539,,,4.09998,0.00465818,-0.0860821,597.5900268554688,,,,,,,111.9,4.144444444444445,110,4.074074074074074,,,,,,,,,,,,,,,,,,,"Marc Church","26353",687847
"Paul Gervase","TBR",0,0,0,4.26165,14,0,0,0,,14,65,13,8,7,2,6,,1,14,8.93611,3.86426,2.3125,0.995185,0.219,0.0947027,0.12429730594158173,0.230257,1.36155,0.278986,0.690313,,,3.98697,0.00419588,-0.0618117,999,,,,,,,52.20000000000003,3.728571428571431,51,3.642857142857143,,,,,,,,,,,,,,,,,,,"Paul Gervase","sa3019957",801434
"Yosver Zulueta","CIN",1,1,0,4.49272,22,0,0,0,,22,97,21,12,11,2,11,,1,21,8.61894,4.64545,1.85535,0.916325,0.214431,0.115574,0.09885662794113159,0.250423,1.48835,0.308347,0.702738,,,4.23917,0.0039735,-0.0270614,999,,,,,,,89.60000000000002,4.072727272727274,90,4.090909090909091,,,,,,,,,,,,,,,,,,,"Yosver Zulueta","27765",691172
"José Leclerc","ATH",1,1,0,4.18847,14,0,0,0,,14,61,12,7,7,2,7,,1,16,10.155,4.27407,2.37596,1.21857,0.262451,0.110461,0.1519896313548088,0.228606,1.33729,0.289793,0.724414,,,4.16329,0.00396169,-0.0206808,595.3599853515625,,,,,,,55.800000000000026,3.9857142857142875,52,3.7142857142857144,,,,,,,,,,,,,,,,,,,"Jose Leclerc","14524",600917
"Emiliano Teodo","TEX",1,1,0,4.2357,12,0,0,0,,12,51,10,6,5,1,6,,1,12,9.37152,4.78152,1.95994,0.968864,0.237269,0.121059,0.11621013283729553,0.234764,1.42403,0.295836,0.716609,,,4.15379,0.00395601,-0.0172804,712.4400024414062,,,,,,,53.500000000000014,4.458333333333335,50,4.166666666666667,,,,,,,,,,,,,,,,,,,"Emiliano Teodo","sa3015158",693713
"Tyson Miller","CHC",2,1,0,3.95679,29,0,0,0,,29,120,26,14,13,4,9,,2,26,8.12551,2.83384,2.86732,1.13924,0.215427,0.0751318,0.14029480516910553,0.238227,1.22491,0.280745,0.713028,,,4.03187,0.00385416,-0.0216084,749.780029296875,,,,,,,116.80000000000004,4.027586206896553,112,3.8620689655172415,,,,,,,,,,,,,,,,,,,"Tyson Miller","19976",668338
"Joey Lucchesi","SFG",1,2,0,4.32387,15,1,0,0,,20,87,20,10,10,2,8,,1,14,6.34231,3.56406,1.77952,0.975196,0.161401,0.0906994,0.07070181518793106,0.260666,1.42198,0.293834,0.708326,,,4.36905,0.00356788,0.0437176,999,,,,,,,72.4,3.62,75,3.75,,,,,,,,,,,,,,,,,,,"Joey Lucchesi","19320",664192
"Ryan Johnson","LAA",0,0,0,4.19039,7,0,0,0,,7,28,6,3,3,1,3,,0,6,8.76631,3.53894,2.4771,1.18805,0.225961,0.0912199,0.13474074751138687,0.249467,1.36046,0.301399,0.726723,,,4.14751,0.00346038,0.00745931,999,,,,,,,26.9,3.8428571428571425,25,3.5714285714285716,,,,,,,,,,,,,,,,,,,"Ryan Johnson","35325",696270
"Kyle Nelson","ARI",1,1,0,4.15016,10,0,0,0,,10,45,10,5,5,1,4,,0,10,8.48142,3.41282,2.48517,1.11702,0.219568,0.0883513,0.13121650367975235,0.247881,1.33827,0.297925,0.718794,,,4.07676,0.0032289,-0.00620708,999,,,,,,,43.7,4.37,45,4.5,,,,,,,,,,,,,,,,,,,"Kyle Nelson","20515",669459
"Jimmy Herget","COL",1,3,0,4.73819,36,0,0,6,,36,157,38,21,19,6,12,,2,30,7.45487,2.95443,2.52328,1.42921,0.191545,0.075911,0.11563385277986526,0.26378,1.37089,0.298034,0.69534,,,4.60249,0.0031701,-0.0266507,750.4099731445312,,,,,,,135.8,3.7722222222222226,144,4,,,,,,,,,,,,,,,,,,,"Jimmy Herget","17556",623474
"Cionel Pérez","BAL",0,0,0,4.04401,10,0,0,0,,10,43,9,5,4,1,5,,1,9,8.01207,4.50999,1.77652,0.703607,0.201364,0.113348,0.0880163162946701,0.24731,1.45724,0.302981,0.718832,,,3.97978,0.00308796,-0.0185211,750.2000122070312,,,,,,,38.300000000000004,3.8300000000000005,37,3.7,,,,,,,,,,,,,,,,,,,"Cionel Perez","19614",672335
"Tyler Ivey","HOU",0,0,0,4.26165,5,0,0,0,,5,24,5,3,2,1,2,,0,5,8.93611,3.86426,2.3125,0.995185,0.219,0.0947027,0.12429732084274292,0.230257,1.36155,0.278986,0.690313,,,3.98697,0.00296422,-0.0242905,999,,,,,,,15.7,3.1399999999999997,16,3.2,,,,,,,,,,,,,,,,,,,"Tyler Ivey","20237",663959
"Justin Wrobleski","LAD",1,1,0,4.49457,21,0,0,1,,21,92,21,12,11,3,8,,1,19,7.90637,3.28091,2.40981,1.22243,0.204197,0.0847359,0.11946140974760056,0.25389,1.35478,0.29606,0.697184,,,4.29382,0.00286738,-0.0711982,738.22998046875,,,,,,,78.9,3.7571428571428576,81,3.857142857142857,,,,,,,,,,,,,,,,,,,"Justin Wrobleski","31204",680736
"Chris Murphy","BOS",0,0,0,4.33119,7,0,0,0,,7,30,7,4,3,1,3,,0,6,8.14866,3.64677,2.23449,1.04741,0.209159,0.0936049,0.11555421352386475,0.252336,1.38732,0.301617,0.705845,,,4.09146,0.00278978,-0.0190677,999,,,,,,,24.3,3.4714285714285715,25,3.5714285714285716,,,,,,,,,,,,,,,,,,,"Chris Murphy","26214",669684
"Collin Snider","SEA",2,2,0,4.00246,35,0,0,5,,35,152,34,17,16,4,14,,1,31,7.8648,3.54351,2.2195,1.08627,0.202868,0.0914027,0.1114652156829834,0.248962,1.35836,0.293027,0.735649,,,4.19943,0.00225922,-0.070136,735.75,,,,,,,158.4,4.525714285714286,160,4.571428571428571,,,,,,,,,,,,,,,,,,,"Collin Snider","23307",676092
"Kyle Amendt","ARI",1,1,0,3.90177,13,0,0,0,,13,56,11,6,6,1,6,,0,14,9.50149,4.44565,2.13726,0.955996,0.244458,0.114379,0.1300787329673767,0.233242,1.37916,0.295823,0.737887,,,3.91903,0.00221523,0.00723771,999,,,,,,,65.30000000000001,5.023076923076924,62,4.769230769230769,,,,,,,,,,,,,,,,,,,"Kyle Amendt","sa3022904",694900
"Luinder Avila","KCR",1,1,0,4.42884,14,0,0,0,,14,62,14,8,7,1,6,,1,12,7.55545,3.89951,1.93754,0.872806,0.190308,0.0982212,0.09208644181489944,0.257473,1.44233,0.3058,0.69453,,,4.13766,0.00217128,-0.0410831,999,,,,,,,57.90000000000001,4.135714285714287,60,4.285714285714286,,,,,,,,,,,,,,,,,,,"Luinder Avila","sa3006507",679883
"Connor Thomas","MIL",0,0,0,4.23089,8,0,0,0,,8,33,8,4,4,1,2,,0,6,6.88274,2.77606,2.47932,1.01341,0.176648,0.0712484,0.10539926588535309,0.268226,1.37509,0.307824,0.709773,,,4.07144,0.00204374,-0.00654473,750.489990234375,,,,,,,32.10000000000001,4.012500000000001,33,4.125,,,,,,,,,,,,,,,,,,,"Connor Thomas","25873",671162
"Kevin Kopps","SDP",0,0,0,4.26165,5,0,0,0,,5,24,5,3,3,1,2,,0,5,8.93611,3.86426,2.3125,0.995185,0.219,0.0947027,0.12429731339216232,0.230257,1.36155,0.278986,0.690313,,,3.98697,0.0020156,-0.0233586,999,,,,,,,15.7,3.1399999999999997,16,3.2,,,,,,,,,,,,,,,,,,,"Kevin Kopps","sa3017005",667434
"Scott Effross","NYY",2,1,0,4.20619,17,0,0,0,,17,72,16,9,8,2,5,,1,14,7.49303,2.73022,2.74448,1.19491,0.19709,0.0718134,0.12527675926685333,0.249677,1.27169,0.286838,0.703338,,,4.17798,0.00186489,-0.0401813,999,,,,,,,69.60000000000002,4.094117647058825,69,4.0588235294117645,,,,,,,,,,,,,,,,,,,"Scott Effross","18384",664123
"Bryan Hoeing","SDP",2,2,0,4.11129,34,0,0,3,,34,145,34,17,16,4,11,,1,27,7.16238,2.75839,2.59658,1.05204,0.188126,0.0724513,0.11567442864179611,0.251647,1.28503,0.289548,0.703148,,,4.03246,0.00171902,-0.0447326,999,,,,,,,144.00000000000003,4.23529411764706,148,4.352941176470588,,,,,,,,,,,,,,,,,,,"Bryan Hoeing","26304",663773
"Domingo Gonzalez","ATL",1,1,0,4.21223,16,0,0,0,,16,68,14,8,7,2,7,,1,16,9.25655,3.88914,2.3801,1.02198,0.238442,0.100181,0.13826031237840652,0.237689,1.33947,0.296711,0.703726,,,3.98683,0.00166651,-0.0110276,999,,,,,,,65.4,4.0875,62,3.875,,,,,,,,,,,,,,,,,,,"Domingo Gonzalez","sa3007495",682445
"Zack Thompson","STL",1,1,0,4.22568,16,0,0,0,,16,68,14,8,7,2,8,,1,16,9.23467,4.36388,2.11616,1.09222,0.234605,0.110864,0.12374157458543777,0.242016,1.41401,0.300098,0.726351,,,4.20831,0.00151804,-0.0178348,999,,,,,,,62.40000000000001,3.900000000000001,59,3.6875,,,,,,,,,,,,,,,,,,,"Zack Thompson","25918",668868
"Cory Lewis","MIN",0,0,0,4.26311,7,0,0,0,,7,28,6,3,3,1,3,,0,6,8.59548,3.70567,2.31955,1.14552,0.222957,0.0961208,0.12683620303869247,0.245296,1.35756,0.29513,0.714528,,,4.10714,0.00149486,0.00519245,999,,,,,,,26.9,3.8428571428571425,25,3.5714285714285716,,,,,,,,,,,,,,,,,,,"Cory Lewis","sa3020702",675375
"Zack Kelly","BOS",2,2,0,4.1633,31,0,0,0,,31,132,27,15,14,4,14,,2,31,9.28784,4.22362,2.19902,1.10734,0.237846,0.10816,0.1296859011054039,0.236298,1.36968,0.292747,0.723941,,,4.20031,0.00132951,-0.00325086,999,,,,,,,123.99999999999999,3.9999999999999996,117,3.774193548387097,,,,,,,,,,,,,,,,,,,"Zack Kelly","20349",677161
"Brandyn Garcia","SEA",1,1,0,3.87252,10,0,0,0,,10,42,9,5,4,1,4,,1,9,8.17705,3.62088,2.25831,0.910335,0.211098,0.0934762,0.11762161552906036,0.241423,1.32845,0.291883,0.725248,,,3.98069,0.00131627,-0.0248335,999,,,,,,,41.300000000000004,4.130000000000001,40,4,,,,,,,,,,,,,,,,,,,"Brandyn Garcia","sa3022951",805299
"Tyler Wells","BAL",0,0,0,4.24283,8,0,0,0,,8,33,7,4,4,1,2,,0,7,8.48256,2.6349,3.21931,1.46718,0.225941,0.070183,0.15575796365737915,0.244907,1.23659,0.284106,0.718166,,,4.26651,0.0011218,-0.0148169,999,,,,,,,36.7,4.5875,35,4.375,,,,,,,,,,,,,,,,,,,"Tyler Wells","20000",669330
"Dylan Floro","ATH",1,1,0,4.24677,16,0,0,0,,16,69,17,8,8,2,5,,1,12,6.7945,2.81633,2.41253,1.01403,0.175773,0.0728584,0.10291492938995361,0.262775,1.35016,0.30022,0.702156,,,4.07742,0.00105747,-0.0236352,999,,,,,,,55.60000000000001,3.4750000000000005,60,3.75,,,,,,,,,,,,,,,,,,,"Dylan Floro","13394",571670
"Brooks Kriske","CHC",0,0,0,4.26165,5,0,0,0,,5,24,5,3,2,1,2,,0,5,8.93611,3.86426,2.3125,0.995185,0.219,0.0947027,0.12429732084274292,0.230257,1.36155,0.278986,0.690313,,,3.98697,0.000786767,-0.0222248,999,,,,,,,15.7,3.1399999999999997,16,3.2,,,,,,,,,,,,,,,,,,,"Brooks Kriske","21189",621139
"Bryan Mata","BOS",1,0,0,4.44837,10,0,0,0,,10,45,10,5,5,1,5,,1,9,8.34584,4.67961,1.78345,0.835463,0.208013,0.116635,0.09137769788503647,0.248631,1.48289,0.305001,0.698962,,,4.18659,0.000718553,-0.00589918,999,,,,,,,35.7,3.5700000000000003,37,3.7,,,,,,,,,,,,,,,,,,,"Bryan Mata","sa917784",667356
"Alex Cornwell","STL",0,0,0,4.05836,6,0,0,0,,6,28,7,3,3,1,2,,0,5,6.31242,3.10785,2.03112,0.856184,0.162597,0.0800531,0.0825442373752594,0.26342,1.38601,0.29978,0.715079,,,4.002,0.000703699,-0.00668805,999,,,,,,,17.90000000000001,2.9833333333333347,21,3.5,,,,,,,,,,,,,,,,,,,"Alex Cornwell","sa3017501",676498
"Dane Dunning","TEX",0,0,0,4.3351,6,0,0,0,,6,28,6,3,3,1,2,,0,6,8.30635,3.21892,2.58048,1.16621,0.213994,0.0829279,0.13106569647789001,0.251779,1.33688,0.299517,0.703885,,,4.18895,0.000510747,-0.00864019,740.989990234375,,,,,,,22.500000000000007,3.7500000000000013,23,3.8333333333333335,,,,,,,,,,,,,,,,,,,"Dane Dunning","19409",641540
"Colten Brewer","NYY",1,1,0,4.43598,16,0,0,0,,16,68,15,8,8,2,7,,1,15,8.33605,3.82805,2.17762,1.19884,0.213174,0.097893,0.11528114229440689,0.247066,1.38022,0.292885,0.707422,,,4.39871,0.000482753,-0.022982,999,,,,,,,60.80000000000001,3.8000000000000007,60,3.75,,,,,,,,,,,,,,,,,,,"Colten Brewer","12997",605155
"Ryan Webb","CLE",0,1,0,4.05428,8,0,0,0,,8,34,8,4,4,1,3,,1,7,8.2542,3.50234,2.35677,1.03303,0.211751,0.089848,0.12190309911966324,0.248981,1.35388,0.298983,0.724307,,,4.10657,0.000408823,-0.0130503,999,,,,,,,28.100000000000005,3.5125000000000006,29,3.625,,,,,,,,,,,,,,,,,,,"Ryan Webb","sa3018280",669067
"Gavin Hollowell","CHC",1,1,0,4.20951,18,0,0,0,,18,79,16,9,8,2,9,,1,20,9.67715,4.29604,2.25257,0.958728,0.248116,0.110148,0.13796841353178024,0.23453,1.36892,0.299662,0.705474,,,3.90974,0.0000850231,-0.0232837,999,,,,,,,77.00000000000003,4.2777777777777795,74,4.111111111111111,,,,,,,,,,,,,,,,,,,"Gavin Hollowell","25427",668970
"Cristian Javier","HOU",0,0,0,4.18519,8,0,0,0,,8,36,7,4,4,1,4,,0,9,9.57728,3.79468,2.52387,1.39505,0.252467,0.100032,0.1524352878332138,0.225523,1.269,0.272776,0.725806,,,4.33893,-0.0000566801,-0.0134325,727.489990234375,,,,,,,34.7,4.3375,33,4.125,,,,,,,,,,,,,,,,,,,"Cristian Javier","17606",664299
"Christian Montes De Oca","ARI",0,0,0,4.26165,28,0,0,0,,28,126,26,15,13,3,12,,2,28,8.93611,3.86426,2.3125,0.995185,0.219,0.0947027,0.12429729849100113,0.230257,1.36155,0.278986,0.690313,,,3.98697,-0.0000662084,-0.0478209,999,,,,,,,116.70000000000005,4.1678571428571445,115,4.107142857142857,,,,,,,,,,,,,,,,,,,"Christian Montes De Oca","sa3018207",801216
"Michael Darrell-Hicks","LAA",1,2,0,4.7058,29,0,0,0,,29,126,30,16,15,4,10,,2,25,7.76637,3.1093,2.49778,1.17632,0.197776,0.0791806,0.11859536916017532,0.263114,1.38453,0.30735,0.679288,,,4.29495,-0.000075553,-0.0803621,999,,,,,,,101.40000000000003,3.496551724137932,107,3.689655172413793,,,,,,,,,,,,,,,,,,,"Michael Darrell-Hicks","31501",690382
"Juan Morillo","ARI",0,0,0,4.26165,34,0,0,5,,34,156,32,18,16,4,15,,2,34,8.93611,3.86426,2.3125,0.995185,0.219,0.0947027,0.12429731339216232,0.230257,1.36155,0.278986,0.690313,,,3.98697,-0.0000803959,-0.0515597,999,,,,,,,156.20000000000005,4.594117647058825,155,4.5588235294117645,,,,,,,,,,,,,,,,,,,"Juan Morillo","21924",666661
"Jacob Misiorowski","MIL",1,1,0,4.10746,15,0,0,0,,15,67,13,8,7,2,9,,1,17,10.1567,5.10788,1.98844,0.97896,0.25859,0.130047,0.12854322791099548,0.219253,1.38474,0.28452,0.721056,,,4.14713,-0.0000993976,-0.0276759,999,,,,,,,56.60000000000001,3.773333333333334,53,3.533333333333333,,,,,,,,,,,,,,,,,,,"Jacob Misiorowski","sa3020644",694819
"Kevin Herget","ATL",2,1,0,4.21339,26,0,0,0,,26,110,26,13,12,4,7,,1,22,7.716,2.52886,3.05118,1.31729,0.203634,0.0667394,0.13689429312944412,0.252491,1.26391,0.289546,0.712983,,,4.21915,-0.000286388,-0.0179199,999,,,,,,,95.6,3.6769230769230767,98,3.769230769230769,,,,,,,,,,,,,,,,,,,"Kevin Herget","15369",643361
"Cody Bolton","CLE",1,0,0,4.36783,14,0,0,0,,14,63,14,8,7,2,6,,1,13,8.13446,3.97308,2.04739,1.11131,0.207026,0.101117,0.1059090867638588,0.250394,1.4135,0.297248,0.71414,,,4.32811,-0.000338969,-0.0546141,999,,,,,,,47.60000000000003,3.400000000000002,49,3.5,,,,,,,,,,,,,,,,,,,"Cody Bolton","23265",675989
"Miguel Díaz","SFG",0,0,0,4.26165,5,0,0,0,,5,24,5,3,2,1,2,,0,5,8.93611,3.86426,2.3125,0.995185,0.219,0.0947027,0.12429732084274292,0.230257,1.36155,0.278986,0.690313,,,3.98697,-0.00051838,-0.0216549,999,,,,,,,15.7,3.1399999999999997,16,3.2,,,,,,,,,,,,,,,,,,,"Miguel Diaz","18815",622766
"Jaden Hill","COL",2,2,0,4.69058,30,0,0,0,,30,133,30,17,16,4,13,,3,30,8.91023,3.85967,2.30855,1.10168,0.222708,0.0964713,0.12623706459999084,0.259934,1.45093,0.319072,0.691204,,,4.23054,-0.000523449,-0.0257095,999,,,,,,,106.80000000000001,3.5600000000000005,110,3.6666666666666665,,,,,,,,,,,,,,,,,,,"Jaden Hill","30250",677955
"Wikelman González","CHW",1,1,0,4.6694,14,0,0,0,,14,60,13,8,7,2,7,,1,13,8.91917,4.81884,1.8509,1.01321,0.223241,0.120612,0.10262860357761383,0.242308,1.46604,0.298878,0.689454,,,4.35667,-0.00100876,-0.0503053,999,,,,,,,47.20000000000003,3.3714285714285737,46,3.2857142857142856,,,,,,,,,,,,,,,,,,,"Wikelman Gonzalez","sa3008687",682790
"Elvis Peguero","MIL",2,2,0,3.97967,22,0,0,0,,22,95,21,10,10,2,10,,1,19,7.8173,3.95208,1.97802,0.874736,0.199457,0.100836,0.09862039238214493,0.247917,1.39838,0.296907,0.727033,,,4.06221,-0.00129422,0.0129993,750.5599975585938,,,,,,,88.60000000000002,4.027272727272728,89,4.045454545454546,,,,,,,,,,,,,,,,,,,"Elvis Peguero","21652",665625
"Justin Hagenman","NYM",0,0,0,4.44403,9,0,0,0,,9,39,9,5,4,1,3,,0,8,8.37531,2.86138,2.92702,1.2833,0.218784,0.0747465,0.14403779059648514,0.254149,1.30951,0.300167,0.696281,,,4.12744,-0.00141969,-0.0290803,999,,,,,,,37.90000000000001,4.211111111111112,39,4.333333333333333,,,,,,,,,,,,,,,,,,,"Justin Hagenman","21546",663795
"Drew Smith","NYM",0,1,0,4.25987,8,0,0,0,,8,33,7,4,4,1,3,,0,8,9.14138,3.85857,2.36911,1.2832,0.237724,0.100343,0.13738062977790833,0.235746,1.32636,0.284997,0.720553,,,4.29647,-0.00182845,-0.0116606,999,,,,,,,35.7,4.4625,34,4.25,,,,,,,,,,,,,,,,,,,"Drew Smith","17755",622098
"Tejay Antone","CIN",0,0,0,3.85714,6,0,0,0,,6,27,6,4,3,1,3,,0,6,7.71429,3.85714,2,1.28571,0.206897,0.103448,0.10344827175140381,0.230769,1.28571,0.263158,0.657895,,,4.5079,-0.00184258,-0.0282949,999,,,,,,,19.500000000000007,3.2500000000000013,20,3.3333333333333335,,,,,,,,,,,,,,,,,,,"Tejay Antone","16233",622088
"Anthony Misiewicz","MIN",1,1,0,4.27878,18,0,0,0,,18,79,18,9,9,2,7,,1,17,8.2616,3.20387,2.57863,1.17497,0.21374,0.0828888,0.13085074722766876,0.255419,1.35422,0.303415,0.714893,,,4.10011,-0.00194593,-0.0277599,999,,,,,,,71.80000000000003,3.9888888888888903,74,4.111111111111111,,,,,,,,,,,,,,,,,,,"Anthony Misiewicz","18152",664948
"Ethan Small","SFG",0,0,0,4.07463,6,0,0,0,,6,28,6,3,3,1,3,,0,6,8.40901,4.13917,2.03157,0.939618,0.21561,0.10613,0.1094801127910614,0.242523,1.39161,0.295152,0.722234,,,4.04314,-0.00227775,-0.00718224,999,,,,,,,19.500000000000007,3.2500000000000013,20,3.3333333333333335,,,,,,,,,,,,,,,,,,,"Ethan Small","26364",663629
"Eli Morgan","CHC",1,0,0,4.19005,9,0,0,0,,9,38,9,5,4,1,3,,0,8,8.18146,2.82336,2.89778,1.30278,0.216389,0.0746743,0.14171504974365234,0.245797,1.26208,0.28654,0.713628,,,4.17089,-0.00239594,-0.0274544,999,,,,,,,37.90000000000001,4.211111111111112,39,4.333333333333333,,,,,,,,,,,,,,,,,,,"Eli Morgan","20203",669212
"Trevor Gott","SEA",0,0,0,4.10508,5,0,0,0,,5,22,5,3,2,1,2,,0,5,8.27665,3.03452,2.72749,1.22281,0.217547,0.0797607,0.13778617233037949,0.243258,1.2726,0.286588,0.717691,,,4.15185,-0.00240122,-0.0290379,999,,,,,,,15.7,3.1399999999999997,16,3.2,,,,,,,,,,,,,,,,,,,"Trevor Gott","15046",641627
"Nate Pearson","CHC",1,1,0,4.24832,25,0,0,0,,25,105,23,13,12,3,10,,1,26,9.34884,3.58838,2.60531,1.27562,0.242581,0.0931102,0.1494704782962799,0.239616,1.31745,0.292798,0.718814,,,4.18813,-0.00241911,-0.0481957,703.52001953125,,,,,,,107.3,4.292,105,4.2,,,,,,,,,,,,,,,,,,,"Nate Pearson","20160",663878
"Tyler Mattison","DET",1,1,0,4.23138,10,0,0,0,,10,44,9,5,5,1,5,,0,10,8.65954,4.2811,2.02274,1.06227,0.222264,0.109883,0.1123812198638916,0.239545,1.39234,0.290785,0.7182,,,4.19628,-0.00250206,-0.0162299,999,,,,,,,43.300000000000004,4.33,42,4.2,,,,,,,,,,,,,,,,,,,"Tyler Mattison","sa3018117",694331
"Justin Lawrence","PIT",1,1,0,4.39725,14,0,0,0,,14,63,13,8,7,1,7,,1,13,8.57729,4.45013,1.92743,0.817592,0.214905,0.111498,0.10340651124715805,0.246719,1.44756,0.305849,0.694112,,,4.06894,-0.00256116,-0.0367432,749.8900146484375,,,,,,,59.50000000000003,4.250000000000002,59,4.214285714285714,,,,,,,,,,,,,,,,,,,"Justin Lawrence","17639",664875
"Trent Thornton","SEA",1,2,0,3.93593,33,0,0,0,,33,137,30,16,14,5,10,,1,32,8.66735,2.71144,3.19658,1.26723,0.230538,0.0721201,0.1584179699420929,0.24036,1.22207,0.286019,0.728542,,,4.023,-0.0026026,-0.065168,746.989990234375,,,,,,,135.70000000000005,4.112121212121213,131,3.9696969696969697,,,,,,,,,,,,,,,,,,,"Trent Thornton","17948",663423
"Anthony Molina","COL",1,1,0,4.95328,22,0,0,0,,22,97,25,13,12,3,7,,1,15,6.13402,2.74994,2.2306,1.08346,0.155236,0.0695936,0.08564199507236481,0.279913,1.43672,0.312046,0.661183,,,4.32912,-0.00276079,-0.0333991,999,,,,,,,66.9,3.040909090909091,77,3.5,,,,,,,,,,,,,,,,,,,"Anthony Molina","26952",683627
"Justin Anderson","CHW",1,1,0,4.41091,16,0,0,0,,16,71,15,9,8,2,8,,1,16,8.96514,4.53772,1.97569,1.11584,0.226358,0.114572,0.11178655922412872,0.242558,1.43607,0.296828,0.715528,,,4.3752,-0.00276444,-0.053045,709.1699829101562,,,,,,,59.80000000000001,3.7375000000000007,59,3.6875,,,,,,,,,,,,,,,,,,,"Justin Anderson","16201",605121
"Junior Fernández","KCR",0,0,0,4.49033,6,0,0,0,,6,29,6,3,3,1,3,,0,6,7.71969,4.54307,1.69922,0.897325,0.192264,0.113148,0.07911571860313416,0.255512,1.50351,0.304621,0.70473,,,4.31768,-0.00279145,-0.00465685,999,,,,,,,19.500000000000007,3.2500000000000013,20,3.3333333333333335,,,,,,,,,,,,,,,,,,,"Junior Fernandez","18496",658551
"Dietrich Enns","DET",0,1,0,4.36484,8,0,0,0,,8,33,8,4,4,1,3,,0,7,7.78102,3.39753,2.2902,1.15284,0.200702,0.0876352,0.11306699365377426,0.254295,1.36985,0.297025,0.707838,,,4.23139,-0.00298123,-0.0129839,999,,,,,,,31.100000000000005,3.8875000000000006,32,4,,,,,,,,,,,,,,,,,,,"Dietrich Enns","13932",608650
"Jack Neely","CHC",0,0,0,4.26451,14,0,0,0,,14,61,13,7,7,2,6,,0,14,9.14352,3.68961,2.47818,1.28565,0.238748,0.0963401,0.14240774512290955,0.238401,1.32086,0.288514,0.718927,,,4.20771,-0.00315941,-0.0181096,999,,,,,,,55.20000000000003,3.9428571428571453,54,3.857142857142857,,,,,,,,,,,,,,,,,,,"Jack Neely","30106",680891
"Ryan Jensen","MIN",0,0,0,4.51405,5,0,0,0,,5,23,5,3,3,1,3,,0,5,9.20291,5.56493,1.65373,0.949436,0.228318,0.138062,0.09025603532791138,0.237497,1.5247,0.297911,0.711343,,,4.39229,-0.00385709,-0.0234825,999,,,,,,,12.7,2.54,13,2.6,,,,,,,,,,,,,,,,,,,"Ryan Jensen","sa3011496",686754
"Ken Waldichuk","ATH",0,1,0,5.09879,7,1,0,0,,12,53,12,7,7,2,6,,1,11,8.51553,4.31249,1.97462,1.48381,0.212637,0.107685,0.10495180636644363,0.253228,1.46593,0.29504,0.688305,,,4.98908,-0.00511804,-0.0444004,999,,,,,,,34.000000000000014,2.8333333333333344,35,2.9166666666666665,,,,,,,,,,,,,,,,,,,"Ken Waldichuk","27681",686610
"Gerson Garabito","TEX",1,1,0,4.45868,24,0,0,0,,24,103,24,13,12,3,8,,2,21,8.00582,3.07868,2.60041,1.20894,0.205727,0.0791132,0.12661338597536087,0.255529,1.34089,0.299655,0.696027,,,4.29167,-0.00529673,-0.0660628,999,,,,,,,90.30000000000001,3.7625000000000006,93,3.875,,,,,,,,,,,,,,,,,,,"Gerson Garabito","19835",642520
"John Rooney","MIA",1,1,0,4.31819,14,0,0,0,,14,61,14,7,7,1,6,,1,12,7.83451,4.04205,1.93825,0.938743,0.196934,0.101604,0.09532997757196426,0.256039,1.45061,0.305511,0.712173,,,4.22063,-0.00533165,-0.00657605,999,,,,,,,57.90000000000001,4.135714285714287,60,4.285714285714286,,,,,,,,,,,,,,,,,,,"John Rooney","sa3008417",680701
"Jesse Chavez","ATL",1,1,0,4.07972,11,0,0,0,,11,48,11,5,5,1,4,,0,10,8.38846,3.1237,2.68543,1.18232,0.217746,0.0810844,0.13666168600320816,0.253948,1.33761,0.30283,0.732335,,,4.06277,-0.00574163,0.00779736,999,,,,,,,48.50000000000001,4.40909090909091,50,4.545454545454546,,,,,,,,,,,,,,,,,,,"Jesse Chavez","5448",445926
"Nick Frasso","LAD",0,0,0,4.44138,5,0,0,1,,5,22,5,3,3,1,2,,0,4,7.29261,3.20438,2.27583,1.30483,0.188438,0.0827999,0.10563821345567703,0.255682,1.35566,0.289282,0.710742,,,4.51474,-0.00575379,-0.0213925,750.8800048828125,,,,,,,17.7,3.54,18,3.6,,,,,,,,,,,,,,,,,,,"Nick Frasso","sa3014492",693308
"Easton Lucas","TOR",1,1,0,4.59185,21,0,0,0,,21,90,20,12,11,3,9,,1,19,8.27868,3.89059,2.12787,1.21229,0.211422,0.0993585,0.11206383258104324,0.249416,1.39927,0.294882,0.6977,,,4.41213,-0.00577026,-0.0823136,999,,,,,,,74.5,3.5476190476190474,74,3.5238095238095237,,,,,,,,,,,,,,,,,,,"Easton Lucas","26058",687922
"Nick Hernandez","HOU",1,1,0,4.37232,23,0,0,0,,23,100,21,12,11,3,10,,2,24,9.31968,3.90368,2.38741,1.3124,0.240521,0.100746,0.13977545499801636,0.23454,1.32538,0.28463,0.711114,,,4.41503,-0.00625629,-0.0546133,999,,,,,,,90.70000000000002,3.9434782608695658,88,3.8260869565217392,,,,,,,,,,,,,,,,,,,"Nick Hernandez","19281",663321
"Joe Rock","TBR",0,1,0,4.19566,11,0,0,0,,11,47,11,6,5,1,3,,0,9,7.42731,2.8162,2.63735,1.18934,0.193197,0.0732542,0.11994258314371109,0.256841,1.31863,0.295293,0.716206,,,4.21436,-0.00635953,-0.039286,999,,,,,,,49.50000000000001,4.500000000000001,51,4.636363636363637,,,,,,,,,,,,,,,,,,,"Joe Rock","sa3017755",697812
"Grant Anderson","MIL",2,2,0,4.34322,37,0,0,7,,37,160,35,20,18,5,15,,2,37,9.03351,3.60055,2.50892,1.24469,0.23336,0.0930119,0.14034798741340637,0.244392,1.34238,0.296277,0.711928,,,4.20605,-0.0065791,-0.096564,999,,,,,,,172.3,4.656756756756757,171,4.621621621621622,,,,,,,,,,,,,,,,,,,"Grant Anderson","20546",681982
"Nick Sandlin","TOR",3,2,0,3.95955,34,0,0,5,,34,144,28,16,15,5,15,,2,36,9.72894,4.09126,2.37798,1.29059,0.25369,0.106683,0.14700712263584137,0.222179,1.2858,0.273289,0.744299,,,4.34111,-0.00662837,-0.023962,749.5,,,,,,,158.3,4.655882352941177,146,4.294117647058823,,,,,,,,,,,,,,,,,,,"Nick Sandlin","20517",680704
"Jacob Wallace","KCR",0,0,0,4.64515,5,0,0,0,,5,23,5,3,3,1,3,,0,5,8.30407,5.2675,1.57647,1.01491,0.205604,0.13042,0.07518364489078522,0.246666,1.53811,0.297116,0.707923,,,4.57439,-0.0067326,-0.0189567,999,,,,,,,12.7,2.54,13,2.6,,,,,,,,,,,,,,,,,,,"Jacob Wallace","sa3010374",686608
"Dakota Hudson","LAA",0,0,0,5.20335,4,0,0,0,,4,17,4,2,2,1,2,,0,3,6.2676,3.5358,1.77261,1.1572,0.156448,0.0882585,0.06818948686122894,0.271005,1.47574,0.300965,0.653929,,,4.72468,-0.00694668,-0.00467458,999,,,,,,,6.9,1.725,7,1.75,,,,,,,,,,,,,,,,,,,"Dakota Hudson","19206",641712
"J.P. France","HOU",1,1,0,4.3747,10,0,0,0,,10,45,10,5,5,1,4,,0,9,7.98936,3.48541,2.29223,1.2685,0.206224,0.0899664,0.1162571981549263,0.252171,1.36853,0.29355,0.717367,,,4.37614,-0.0069618,-0.0167906,999,,,,,,,41.7,4.17,43,4.3,,,,,,,,,,,,,,,,,,,"J.P. France","21212",641585
"Francis Pena","SDP",1,1,0,4.16657,17,0,0,0,,17,74,17,9,8,2,7,,1,15,7.62988,3.75096,2.03411,0.997362,0.195527,0.0961238,0.09940305352210999,0.249406,1.3837,0.293355,0.716689,,,4.20103,-0.00711353,-0.0412754,999,,,,,,,63.000000000000014,3.7058823529411775,65,3.823529411764706,,,,,,,,,,,,,,,,,,,"Francis Pena","sa3019374",800212
"Randy Dobnak","MIN",1,1,0,4.38164,10,0,0,0,,10,43,10,5,5,1,4,,0,8,7.01898,3.8403,1.82772,0.932283,0.177218,0.0969614,0.08025652170181274,0.25945,1.44621,0.300694,0.704761,,,4.27982,-0.00728429,-0.0154222,999,,,,,,,39.7,3.97,41,4.1,,,,,,,,,,,,,,,,,,,"Randy Dobnak","23798",677976
"Darren McCaughan","MIN",0,0,0,4.70057,9,0,0,0,,9,37,9,5,4,1,3,,1,7,7.57375,2.66667,2.84015,1.37983,0.195231,0.0687396,0.12649137526750565,0.26356,1.33774,0.300388,0.685635,,,4.4663,-0.00753904,-0.0297069,999,,,,,,,32.90000000000001,3.655555555555557,34,3.7777777777777777,,,,,,,,,,,,,,,,,,,"Darren McCaughan","20038",670766
"Gabriel Hughes","COL",1,2,0,4.86384,20,0,0,0,,20,89,22,12,11,3,8,,1,17,7.47675,3.37003,2.2186,1.22982,0.188451,0.0849411,0.10350944101810455,0.271162,1.4571,0.312703,0.687063,,,4.44122,-0.00770984,-0.0353102,999,,,,,,,60.89999999999999,3.0449999999999995,68,3.4,,,,,,,,,,,,,,,,,,,"Gabriel Hughes","sa3020661",687312
"Luis F. Castillo","BAL",0,0,0,4.25061,5,0,0,0,,5,23,5,3,2,1,2,,0,4,7.36409,3.79789,1.939,1.11761,0.187648,0.096776,0.09087248146533966,0.252532,1.40513,0.291102,0.724263,,,4.45913,-0.00790601,-0.0253123,999,,,,,,,13.7,2.7399999999999998,14,2.8,,,,,,,,,,,,,,,,,,,"Luis F. Castillo","20638",622379
"Noah Davis","LAD",0,0,0,4.88354,6,0,0,1,,6,29,7,4,4,1,3,,0,5,7.51426,3.62917,2.07052,1.25876,0.18737,0.0904945,0.09687590599060059,0.270169,1.48047,0.311163,0.69331,,,4.63395,-0.00793194,-0.0380124,999,,,,,,,18.90000000000001,3.1500000000000017,22,3.6666666666666665,,,,,,,,,,,,,,,,,,,"Noah Davis","25862",663562
"Zach Maxwell","CIN",1,2,0,4.64851,21,0,0,0,,21,91,19,12,11,3,11,,1,22,9.42643,4.88155,1.93103,1.20696,0.23632,0.12238,0.11393975466489792,0.241643,1.46964,0.298648,0.708505,,,4.51236,-0.00813142,-0.0416255,999,,,,,,,77.1,3.6714285714285713,74,3.5238095238095237,,,,,,,,,,,,,,,,,,,"Zach Maxwell","sa3020255",687209
"Zach Penrod","BOS",0,1,0,4.19524,18,0,0,0,,18,83,15,9,8,1,13,,3,19,9.65437,6.66997,1.44744,0.64726,0.230672,0.159366,0.0713062435388565,0.226066,1.59112,0.297505,0.727605,,,4.53992,-0.00816363,-0.0106185,999,,,,,,,71.90000000000002,3.9944444444444454,67,3.7222222222222223,,,,,,,,,,,,,,,,,,,"Zach Penrod","25368",683068
"Antonio Jimenez","SFG",0,1,0,4.30848,12,0,0,0,,12,54,12,6,6,1,5,,0,10,7.15681,3.72955,1.91895,0.894603,0.182028,0.094858,0.08716952055692673,0.25763,1.42427,0.300957,0.703382,,,4.12722,-0.00820478,-0.0143645,999,,,,,,,50.30000000000001,4.191666666666667,52,4.333333333333333,,,,,,,,,,,,,,,,,,,"Antonio Jimenez","sa3008074",682607
"Josh Simpson","MIA",1,1,0,4.21531,15,0,0,0,,15,64,13,7,7,2,8,,1,14,8.80258,4.85792,1.81201,0.96325,0.221396,0.122183,0.09921328723430634,0.240596,1.46172,0.296674,0.726151,,,4.27184,-0.00838452,0.00811489,999,,,,,,,53.60000000000001,3.5733333333333337,50,3.3333333333333335,,,,,,,,,,,,,,,,,,,"Josh Simpson","sa1053035",681006
"Michael Kelly","ATH",0,0,0,4.39357,8,0,0,0,,8,36,8,4,4,1,3,,0,7,8.07252,3.71237,2.17449,1.26834,0.207305,0.0953348,0.11196987330913544,0.248284,1.37363,0.289494,0.716638,,,4.48418,-0.00859045,-0.0118176,999,,,,,,,31.100000000000005,3.8875000000000006,32,4,,,,,,,,,,,,,,,,,,,"Michael Kelly","12791",547184
"Nick Anderson","COL",1,1,0,4.46239,17,0,0,0,,17,72,17,9,8,2,6,,1,14,7.58159,3.21967,2.35477,1.292,0.195839,0.0831669,0.11267214268445969,0.254792,1.35269,0.291673,0.706559,,,4.45036,-0.00873729,0.00277671,750.9500122070312,,,,,,,64.00000000000001,3.764705882352942,66,3.8823529411764706,,,,,,,,,,,,,,,,,,,"Nick Anderson","18337",623433
"T.J. McFarland","ATH",1,2,0,4.37089,31,0,0,0,,31,135,32,16,15,3,10,,2,21,6.23017,3.06371,2.03354,0.898232,0.158011,0.0777026,0.08030850440263748,0.265966,1.39481,0.30091,0.690729,,,4.242,-0.00873823,-0.0616101,999,,,,,,,115.29999999999997,3.7193548387096764,122,3.935483870967742,,,,,,,,,,,,,,,,,,,"T.J. McFarland","3237",519008
"Max Rajcic","STL",0,1,0,4.47378,9,0,0,0,,9,39,9,5,5,1,3,,0,7,6.92061,2.89134,2.39356,1.176,0.178861,0.0747258,0.10413516312837601,0.261543,1.35191,0.295947,0.694281,,,4.3157,-0.00893695,-0.0256814,999,,,,,,,35.90000000000001,3.9888888888888903,37,4.111111111111111,,,,,,,,,,,,,,,,,,,"Max Rajcic","sa3020746",691008
"Luis Curvelo","TEX",1,1,0,4.57939,17,0,0,0,,17,71,16,9,8,2,6,,1,15,8.34451,3.36132,2.48251,1.31225,0.21664,0.0872666,0.1293736845254898,0.244022,1.3128,0.285812,0.685263,,,4.41178,-0.00929003,-0.0402468,999,,,,,,,68.60000000000002,4.0352941176470605,68,4,,,,,,,,,,,,,,,,,,,"Luis Curvelo","sa3008169",681168
"Yohan Ramírez","PIT",0,1,0,5.12393,8,0,0,0,,8,35,8,5,4,1,4,,1,8,8.95023,4.53089,1.97538,1.01716,0.216664,0.109682,0.1069817841053009,0.260904,1.53067,0.323075,0.66439,,,4.51767,-0.00929637,-0.0337721,999,,,,,,,27.100000000000005,3.3875000000000006,28,3.5,,,,,,,,,,,,,,,,,,,"Yohan Ramirez","19444",670990
"Emmet Sheehan","LAD",1,0,0,4.31221,7,0,0,1,,7,30,5,4,3,1,3,,0,8,9.54491,4.17299,2.28731,1.50626,0.255738,0.111807,0.14393038302659988,0.206402,1.22051,0.241696,0.709501,,,4.57442,-0.00948161,-0.0237327,749.719970703125,,,,,,,37.500000000000014,5.357142857142859,33,4.714285714285714,,,,,,,,,,,,,,,,,,,"Emmet Sheehan","29839",686218
"Brett de Geus","PHI",1,1,0,4.77452,10,0,0,0,,10,47,11,6,6,1,4,,1,7,6.36734,3.61702,1.76038,0.905934,0.157641,0.0895494,0.06809165328741074,0.271793,1.48801,0.309117,0.676553,,,4.44837,-0.00961033,-0.0384268,999,,,,,,,32.1,3.21,36,3.6,,,,,,,,,,,,,,,,,,,"Brett de Geus","23592",676969
"Wandy Peralta","SDP",2,2,0,3.70665,32,0,0,0,,32,135,28,14,13,3,13,,2,27,7.56122,3.66717,2.06187,0.944233,0.196889,0.0954905,0.10139825195074081,0.234036,1.2966,0.274771,0.738386,,,4.16673,-0.0100205,0.0170234,999,,,,,,,136.10000000000002,4.253125000000001,130,4.0625,,,,,,,,,,,,,,,,,,,"Wandy Peralta","14295",593974
"Ron Marinaccio","SDP",1,1,0,4.20857,18,0,0,0,,18,80,16,9,9,2,9,,1,19,9.0077,4.25303,2.11795,1.1483,0.231342,0.109229,0.12211252003908157,0.229306,1.33837,0.278853,0.715751,,,4.38775,-0.0100783,-0.0267398,999,,,,,,,75.00000000000003,4.166666666666668,72,4,,,,,,,,,,,,,,,,,,,"Ron Marinaccio","23488",676760
"Eric Cerantola","KCR",0,0,0,4.62043,8,0,0,0,,8,35,7,4,4,1,4,,1,7,8.45738,5.10868,1.65549,0.995796,0.209099,0.126306,0.08279271423816681,0.245041,1.51215,0.297369,0.702986,,,4.55699,-0.0102953,-0.00620913,999,,,,,,,27.700000000000006,3.462500000000001,26,3.25,,,,,,,,,,,,,,,,,,,"Eric Cerantola","sa3017914",672021
"Ryan Loutos","LAD",1,1,0,4.42534,16,0,0,1,,16,68,16,8,8,2,7,,1,13,7.4856,3.81012,1.96466,1.01466,0.189532,0.0964705,0.09306143969297409,0.258334,1.43695,0.30239,0.705556,,,4.27574,-0.0108073,-0.0184419,999,,,,,,,58.20000000000001,3.6375000000000006,60,3.75,,,,,,,,,,,,,,,,,,,"Ryan Loutos","29521",702795
"Jonathan Bowlan","KCR",2,3,0,4.53188,33,0,0,3,,33,145,35,18,17,5,11,,1,27,7.33837,3.0554,2.40177,1.3116,0.187621,0.0781176,0.10950309783220291,0.265865,1.39334,0.302429,0.711344,,,4.48917,-0.0109313,-0.0800911,999,,,,,,,121.70000000000005,3.6878787878787893,130,3.9393939393939394,,,,,,,,,,,,,,,,,,,"Jonathan Bowlan","24607",680742
"Joey Estes","ATH",2,2,1,5.30373,13,4,0,0,,30,129,32,19,18,6,8,,2,22,6.75297,2.51173,2.68858,1.87186,0.173475,0.064523,0.10895206779241562,0.268243,1.34581,0.284502,0.668729,,,5.32815,-0.0111233,-0.115594,713.8900146484375,,,,,,,78.99999999999999,2.633333333333333,86,2.8666666666666667,,,,,,,,,,,,,,,,,,,"Joey Estes","26257",683155
"Kade Strowd","BAL",2,1,0,4.25207,26,0,0,0,,26,115,26,13,12,3,12,,1,25,8.53591,4.05861,2.10316,1.0949,0.216335,0.102862,0.11347292363643646,0.253061,1.43686,0.30584,0.729012,,,4.22861,-0.0111244,-0.0481549,999,,,,,,,98.9,3.803846153846154,102,3.923076923076923,,,,,,,,,,,,,,,,,,,"Kade Strowd","26191",669704
"Albert Abreu","CIN",0,0,0,4.79022,7,0,0,0,,7,32,7,4,4,1,4,,0,7,8.49528,4.82785,1.75964,1.32682,0.211577,0.120239,0.09133827686309814,0.248122,1.49674,0.292514,0.7116,,,4.88111,-0.0111362,-0.0138752,999,,,,,,,23.300000000000015,3.3285714285714305,24,3.4285714285714284,,,,,,,,,,,,,,,,,,,"Albert Abreu","17485",656061
"Ethan Roberts","CHC",1,1,0,4.27242,23,0,0,0,,23,98,22,12,11,3,9,,1,22,8.79548,3.45777,2.54368,1.24461,0.227229,0.0893308,0.13789861649274826,0.246168,1.33447,0.295836,0.717419,,,4.24423,-0.0116025,-0.0456064,999,,,,,,,90.10000000000001,3.9173913043478263,90,3.9130434782608696,,,,,,,,,,,,,,,,,,,"Ethan Roberts","24930",681799
"Matt Svanson","STL",2,2,0,4.51194,35,0,0,5,,35,155,37,19,18,3,14,,2,25,6.51676,3.48173,1.8717,0.788488,0.163378,0.0872882,0.07608942687511444,0.26864,1.45575,0.309826,0.683243,,,4.12934,-0.011696,-0.0860083,999,,,,,,,147.89999999999998,4.225714285714285,158,4.514285714285714,,,,,,,,,,,,,,,,,,,"Matt Svanson","29629",694335
"Tom Cosgrove","CHC",1,1,0,4.35285,19,0,0,0,,19,85,18,10,9,2,9,,2,19,8.6124,4.0658,2.11825,1.06157,0.219098,0.103433,0.11566490679979324,0.240022,1.37081,0.29087,0.700937,,,4.31445,-0.0117534,-0.0404265,999,,,,,,,74.2,3.905263157894737,74,3.8947368421052633,,,,,,,,,,,,,,,,,,,"Tom Cosgrove","23443",676680
"Josh Ekness","MIA",1,1,0,4.50006,10,0,0,0,,10,44,10,5,5,1,5,,1,9,8.29415,4.41598,1.87821,1.08576,0.208292,0.110899,0.09739316254854202,0.248935,1.45516,0.297942,0.708777,,,4.45429,-0.0119235,-0.00469718,999,,,,,,,35.7,3.5700000000000003,37,3.7,,,,,,,,,,,,,,,,,,,"Josh Ekness","sa3023204",694795
"Juan Mejia","COL",1,2,0,4.78645,32,0,0,3,,32,145,34,19,17,4,15,,2,30,8.35121,4.27861,1.95185,1.108,0.206722,0.105911,0.10081109404563904,0.262201,1.50956,0.314901,0.696594,,,4.45758,-0.0123376,-0.0479643,999,,,,,,,120.20000000000002,3.7562500000000005,129,4.03125,,,,,,,,,,,,,,,,,,,"Juan Mejia","23237",675848
"James Karinchak","CHW",1,1,0,4.38291,15,0,0,0,,15,65,12,8,7,2,9,,1,18,10.7441,5.49155,1.95648,1.31655,0.273186,0.139631,0.13355489075183868,0.214695,1.40574,0.274481,0.729761,,,4.58637,-0.0125527,-0.0360707,743.1699829101562,,,,,,,61.2,4.08,55,3.6666666666666665,,,,,,,,,,,,,,,,,,,"James Karinchak","20151",675916
"Mason Black","SFG",1,1,0,4.17332,25,0,0,0,,25,106,23,12,11,3,9,,1,23,8.46439,3.40805,2.48364,1.10118,0.218934,0.0881503,0.1307835876941681,0.245871,1.32743,0.295575,0.712205,,,4.09997,-0.0126763,-0.0141074,749.2000122070312,,,,,,,104.3,4.172,102,4.08,,,,,,,,,,,,,,,,,,,"Mason Black","30171",696131
"Devin Sweet","PHI",1,0,0,4.65055,10,0,0,0,,10,42,9,5,5,2,4,,1,10,8.98309,3.75862,2.39,1.4317,0.229821,0.0961595,0.1336613968014717,0.246611,1.37017,0.293296,0.704608,,,4.59258,-0.0128949,-0.00783753,999,,,,,,,31,3.1,29,2.9,,,,,,,,,,,,,,,,,,,"Devin Sweet","25348",682967
"Matt Sauer","LAD",1,1,0,4.70522,18,0,0,1,,18,79,19,10,9,3,7,,1,15,7.53678,3.32065,2.26967,1.32325,0.19202,0.0846027,0.10741778463125229,0.260581,1.39449,0.297687,0.695094,,,4.59256,-0.0131946,-0.052115,999,,,,,,,56.90000000000001,3.161111111111112,61,3.388888888888889,,,,,,,,,,,,,,,,,,,"Matt Sauer","22284",669422
"Cody Poteet","BAL",1,1,0,4.4041,12,0,0,0,,12,53,12,7,6,2,4,,0,11,8.02562,3.20329,2.50543,1.29324,0.207932,0.0829925,0.12493912875652313,0.254203,1.34779,0.295897,0.711564,,,4.32408,-0.0133291,-0.054372,750.1300048828125,,,,,,,43.000000000000014,3.5833333333333344,44,3.6666666666666665,,,,,,,,,,,,,,,,,,,"Cody Poteet","18769",547001
"Triston McKenzie","CLE",0,1,0,4.51882,7,0,0,0,,7,31,6,4,4,1,3,,0,7,8.96621,4.3745,2.04966,1.44906,0.230552,0.112483,0.11806847900152206,0.235928,1.3846,0.27818,0.72365,,,4.71771,-0.0133395,-0.0273071,581.25,,,,,,,28.900000000000013,4.128571428571431,27,3.857142857142857,,,,,,,,,,,,,,,,,,,"Triston McKenzie","18000",663474
"Blas Castaño","SEA",1,1,0,4.1549,17,0,0,0,,17,73,17,9,8,2,6,,1,13,6.9719,2.94315,2.36886,1.06864,0.180182,0.076063,0.10411933809518814,0.255913,1.32785,0.292333,0.711122,,,4.23896,-0.0134461,-0.0589366,999,,,,,,,62.000000000000014,3.6470588235294126,64,3.764705882352941,,,,,,,,,,,,,,,,,,,"Blas Castano","26117",680604
"Nate Lavender","TBR",1,1,0,4.20565,16,0,0,0,,16,68,14,8,7,2,8,,1,15,8.96555,4.45555,2.01222,1.07968,0.22733,0.112974,0.11435511708259583,0.240981,1.41896,0.295807,0.728237,,,4.29102,-0.0135898,-0.0333818,999,,,,,,,60.40000000000001,3.775000000000001,57,3.5625,,,,,,,,,,,,,,,,,,,"Nate Lavender","sa3017917",681320
"Caleb Boushley","TEX",2,1,0,4.62365,24,0,0,0,,24,104,26,14,13,4,6,,1,18,6.55943,2.34354,2.79894,1.36246,0.170427,0.06089,0.10953713580965996,0.269314,1.33295,0.296928,0.690929,,,4.47139,-0.0138968,-0.0973583,999,,,,,,,75.80000000000004,3.158333333333335,83,3.4583333333333335,,,,,,,,,,,,,,,,,,,"Caleb Boushley","19736",676961
"Elvis Alvarado","ATH",1,1,0,4.39803,21,0,0,0,,21,93,19,11,10,3,11,,1,21,8.78211,4.50396,1.94986,1.08737,0.222764,0.114246,0.10851817578077316,0.238758,1.41314,0.290483,0.708989,,,4.37141,-0.0139018,-0.0468285,999,,,,,,,75.1,3.576190476190476,72,3.4285714285714284,,,,,,,,,,,,,,,,,,,"Elvis Alvarado","21662",665660
"Erik Swanson","TOR",2,1,0,4.11603,30,0,0,0,,30,125,27,15,14,5,10,,1,30,8.91085,3.08577,2.88772,1.45004,0.23528,0.081476,0.15380384773015976,0.240667,1.26509,0.283917,0.738783,,,4.32219,-0.0144528,-0.0494346,750.8699951171875,,,,,,,117.3,3.9099999999999997,112,3.7333333333333334,,,,,,,,,,,,,,,,,,,"Erik Swanson","16587",657024
"Jesse Scholtens","CHW",0,1,0,5.42292,12,0,0,0,,12,51,13,8,7,2,4,,0,9,6.74801,3.34902,2.01492,1.37446,0.170172,0.0844559,0.0857158750295639,0.277415,1.48932,0.308665,0.65415,,,4.70151,-0.0146292,-0.0784047,999,,,,,,,36.40000000000002,3.033333333333335,40,3.3333333333333335,,,,,,,,,,,,,,,,,,,"Jesse Scholtens","19205",669947
"José Ureña","TOR",1,3,1,4.88998,29,2,0,0,,41,181,43,24,22,6,16,,2,29,6.4164,3.56647,1.79909,1.30665,0.162149,0.0901281,0.07202058285474777,0.26478,1.44427,0.291242,0.6879,,,4.8572,-0.0148445,-0.103187,999,,,,,,,121.80000000000003,2.9707317073170736,131,3.1951219512195124,,,,,,,,,,,,,,,,,,,"Jose Urena","11589",570632
"Tayler Saucedo","SEA",1,1,0,3.98887,29,0,0,0,,29,125,26,14,13,3,13,,2,26,8.06014,4.09627,1.96768,0.956196,0.206256,0.104822,0.10143394023180008,0.240149,1.37484,0.287655,0.728402,,,4.20638,-0.0152708,-0.0552317,999,,,,,,,117.10000000000002,4.037931034482759,113,3.896551724137931,,,,,,,,,,,,,,,,,,,"Tayler Saucedo","17888",642048
"Nick Robertson","HOU",1,1,0,4.36044,21,0,0,0,,21,90,20,11,10,3,9,,1,19,8.21795,3.7319,2.20208,1.16711,0.210942,0.0957921,0.11514995247125626,0.248991,1.37944,0.294883,0.711934,,,4.30069,-0.0154163,-0.0512525,999,,,,,,,74.5,3.5476190476190474,74,3.5238095238095237,,,,,,,,,,,,,,,,,,,"Nick Robertson","26226",687798
"Andre Granillo","STL",1,1,0,4.48181,17,0,0,0,,17,73,16,9,8,2,8,,1,17,9.0569,4.3367,2.08843,1.15904,0.23142,0.110811,0.12060964852571487,0.24017,1.40166,0.293548,0.704442,,,4.29683,-0.0157487,-0.0346309,999,,,,,,,66.60000000000002,3.9176470588235306,66,3.8823529411764706,,,,,,,,,,,,,,,,,,,"Andre Granillo","sa3016913",701552
"Shintaro Fujinami","SEA",1,1,0,4.2207,12,0,0,0,,12,52,10,6,6,1,7,,1,12,9.5045,5.18252,1.83396,1.04424,0.240261,0.131007,0.10925418138504028,0.225632,1.42374,0.283034,0.724642,,,4.38818,-0.0158645,-0.0298002,999,,,,,,,50.500000000000014,4.208333333333335,47,3.9166666666666665,,,,,,,,,,,,,,,,,,,"Shintaro Fujinami","31839",660261
"Chad Green","TOR",2,2,0,4.11775,38,0,1,8,,38,156,35,19,17,6,11,,1,36,8.50971,2.61856,3.24976,1.49411,0.227256,0.0699299,0.15732577443122864,0.240971,1.21492,0.278372,0.730388,,,4.3252,-0.0159342,-0.056756,488.30999755859375,,,,,,,189.39999999999998,4.984210526315789,185,4.868421052631579,,,,,,,,,,,,,,,,,,,"Chad Green","15552",643338
"Mason Englert","TBR",2,1,0,4.51785,31,0,0,0,,31,133,31,17,16,5,10,,1,28,8.07116,2.78861,2.89433,1.34951,0.210016,0.072561,0.13745469599962234,0.256572,1.31415,0.297938,0.695977,,,4.30254,-0.0159531,-0.113673,999,,,,,,,110.29999999999998,3.558064516129032,113,3.6451612903225805,,,,,,,,,,,,,,,,,,,"Mason Englert","22288",669438
"Xzavion Curry","MIA",0,0,0,4.83456,7,0,0,0,,7,28,7,4,4,1,2,,0,5,6.20964,2.82142,2.20089,1.4987,0.160823,0.0730717,0.08775132149457932,0.262705,1.35035,0.281628,0.686048,,,4.89417,-0.016334,-0.0183293,999,,,,,,,25.3,3.6142857142857143,26,3.7142857142857144,,,,,,,,,,,,,,,,,,,"Xzavion Curry","25595",675540
"Janson Junk","MIA",1,2,0,4.52226,29,0,0,0,,29,125,31,16,15,4,8,,1,22,6.90132,2.54026,2.71678,1.26296,0.178247,0.0656095,0.11263703554868698,0.270478,1.36116,0.30456,0.699745,,,4.30918,-0.0164162,-0.0588126,749.0399780273438,,,,,,,101.80000000000004,3.5103448275862084,110,3.793103448275862,,,,,,,,,,,,,,,,,,,"Janson Junk","23301",676083
"Joel Peguero","SFG",1,1,0,4.58581,18,0,0,0,,18,81,20,10,9,2,8,,1,14,7.08993,3.80308,1.86426,0.877637,0.176216,0.094523,0.08169258385896683,0.272015,1.5099,0.318061,0.696136,,,4.19094,-0.0164497,-0.0529957,999,,,,,,,57.60000000000002,3.200000000000001,65,3.611111111111111,,,,,,,,,,,,,,,,,,,"Joel Peguero","sa917689",666711
"Jared Shuster","CHW",1,2,0,4.63316,33,0,0,3,,33,144,33,18,17,5,13,,1,26,6.94871,3.55012,1.95732,1.23729,0.177737,0.0908062,0.08693033456802368,0.258138,1.40702,0.290437,0.697756,,,4.58654,-0.0166965,-0.114813,999,,,,,,,118.90000000000005,3.6030303030303044,122,3.696969696969697,,,,,,,,,,,,,,,,,,,"Jared Shuster","27472",694363
"Mason Thompson","WSN",1,1,0,4.34586,25,0,0,0,,25,108,25,13,12,3,10,,1,20,7.41278,3.71978,1.9928,1.04479,0.188346,0.0945131,0.09383276104927063,0.255698,1.41301,0.297517,0.710242,,,4.33115,-0.0170294,-0.0389136,999,,,,,,,90.1,3.6039999999999996,93,3.72,,,,,,,,,,,,,,,,,,,"Mason Thompson","21850",666168
"Gus Varland","CHW",1,1,0,4.57363,24,0,0,0,,24,105,24,13,12,3,10,,1,22,8.15355,3.57797,2.27882,1.27163,0.207501,0.0910564,0.11644482612609863,0.257114,1.40471,0.301704,0.706221,,,4.45075,-0.0172429,-0.0639675,749.72998046875,,,,,,,89.30000000000001,3.7208333333333337,92,3.8333333333333335,,,,,,,,,,,,,,,,,,,"Gus Varland","24737",681402
"Joey Wentz","PIT",1,2,0,4.59815,33,0,0,4,,33,146,33,19,17,4,15,,1,32,8.53195,3.91771,2.17779,1.19485,0.217109,0.0996922,0.1174166277050972,0.252758,1.41962,0.302662,0.700535,,,4.32562,-0.0173833,-0.0908834,999,,,,,,,141.20000000000005,4.27878787878788,145,4.393939393939394,,,,,,,,,,,,,,,,,,,"Joey Wentz","19962",666214
"Diego Castillo","COL",0,1,0,4.81809,16,0,0,0,,16,71,16,9,8,2,9,,1,13,7.51668,4.92945,1.52485,1.15003,0.184229,0.120817,0.06341119110584259,0.261259,1.57685,0.302857,0.711721,,,4.85298,-0.0174034,-0.01189,999,,,,,,,48.20000000000001,3.0125000000000006,50,3.125,,,,,,,,,,,,,,,,,,,"Diego Castillo","17496",650895
"Jacob Latz","TEX",2,2,0,4.46257,35,0,0,5,,35,153,32,19,17,5,19,,1,34,8.738,4.95676,1.76285,1.17836,0.220182,0.124901,0.09528052806854248,0.23874,1.46336,0.287299,0.722155,,,4.60025,-0.0177585,-0.0976497,999,,,,,,,142.3,4.065714285714286,138,3.942857142857143,,,,,,,,,,,,,,,,,,,"Jacob Latz","21306",656641
"Joey Gerber","TBR",1,1,0,4.43969,12,0,0,0,,12,54,12,7,6,2,5,,1,12,8.6346,3.98151,2.16868,1.2876,0.220273,0.10157,0.11870284378528595,0.248076,1.40246,0.295203,0.720587,,,4.47669,-0.0180568,-0.0576073,999,,,,,,,39.000000000000014,3.2500000000000013,40,3.3333333333333335,,,,,,,,,,,,,,,,,,,"Joey Gerber","24591",680702
"Scott Blewett","ATL",2,2,0,4.42537,35,0,0,5,,35,155,37,19,17,4,13,,2,31,7.85141,3.36454,2.33358,1.04751,0.199169,0.0853494,0.11382003873586655,0.265609,1.42631,0.314786,0.705928,,,4.10049,-0.0181633,-0.0699482,999,,,,,,,150.60000000000002,4.302857142857143,160,4.571428571428571,,,,,,,,,,,,,,,,,,,"Scott Blewett","16427",656240
"Garrett McDaniels","LAA",1,1,0,4.47203,21,0,0,0,,21,93,22,11,10,3,10,,1,17,7.32482,4.15847,1.76142,1.07531,0.182433,0.103572,0.07886147499084473,0.262456,1.49758,0.304115,0.719742,,,4.55182,-0.0181736,-0.0400656,999,,,,,,,62.3,2.9666666666666663,67,3.1904761904761907,,,,,,,,,,,,,,,,,,,"Garrett McDaniels","31751",680729
"Jefry Yan","COL",1,1,0,5.05729,14,0,0,0,,14,65,13,9,8,2,9,,1,15,9.23535,5.97762,1.54499,1.05123,0.224361,0.145218,0.07914222776889801,0.243472,1.6007,0.303198,0.688793,,,4.7269,-0.0186517,-0.0409859,999,,,,,,,45.20000000000003,3.228571428571431,44,3.142857142857143,,,,,,,,,,,,,,,,,,,"Jefry Yan","sa828460",642376
"Connor Phillips","CIN",1,1,0,4.6919,18,0,0,0,,18,80,17,10,9,3,10,,1,19,9.29155,5.0047,1.85656,1.29099,0.230747,0.124287,0.10645976662635803,0.24677,1.50944,0.301362,0.720443,,,4.71165,-0.0186957,-0.0274119,749.97998046875,,,,,,,57.10000000000001,3.1722222222222225,56,3.111111111111111,,,,,,,,,,,,,,,,,,,"Connor Phillips","27649",683175
"Ryan Cusick","DET",0,0,0,5.07643,5,0,0,0,,5,23,5,3,3,1,3,,0,4,7.59904,5.0549,1.5033,1.37426,0.18707,0.12444,0.06263074278831482,0.254515,1.55515,0.289287,0.702304,,,5.20562,-0.0187031,-0.0239595,999,,,,,,,10.7,2.1399999999999997,11,2.2,,,,,,,,,,,,,,,,,,,"Ryan Cusick","sa3017385",680743
"Alek Jacob","SDP",1,1,0,4.24002,25,0,0,0,,25,109,24,13,12,4,9,,2,24,8.48604,3.35481,2.52951,1.27332,0.21808,0.0862141,0.13186562806367874,0.249909,1.34229,0.296244,0.725569,,,4.36506,-0.0188543,-0.0531719,999,,,,,,,88.4,3.536,88,3.52,,,,,,,,,,,,,,,,,,,"Alek Jacob","29628",689690
"Luis Patiño","SDP",1,1,0,4.56634,11,0,0,0,,11,48,11,6,6,2,5,,0,9,7.3294,3.81765,1.91987,1.21844,0.18863,0.0982516,0.09037873148918152,0.246638,1.37687,0.280578,0.695153,,,4.57447,-0.0189443,-0.0323415,999,,,,,,,31.200000000000003,2.8363636363636364,32,2.909090909090909,,,,,,,,,,,,,,,,,,,"Luis Patino","22815",672715
"Carson Ragsdale","SFG",1,1,0,4.25626,17,0,0,0,,17,73,16,9,8,2,7,,1,16,8.54115,3.73928,2.28417,1.15985,0.219734,0.0961987,0.12353535741567612,0.245242,1.36102,0.294014,0.717413,,,4.24681,-0.0189629,-0.0361066,999,,,,,,,67.60000000000002,3.9764705882352955,67,3.9411764705882355,,,,,,,,,,,,,,,,,,,"Carson Ragsdale","sa3014922",685068
"Seth Johnson","PHI",0,2,0,5.88863,12,0,0,0,,12,53,12,8,8,2,6,,0,10,7.73417,4.54116,1.70313,1.30948,0.190574,0.111896,0.07867734134197235,0.266303,1.56079,0.307533,0.626045,,,4.88133,-0.0190792,-0.0702733,999,,,,,,,35.000000000000014,2.916666666666668,36,3,,,,,,,,,,,,,,,,,,,"Seth Johnson","26020",686751
"Angel Chivilli","COL",2,2,0,4.79609,31,0,0,0,,31,137,32,18,17,4,12,,1,27,7.71101,3.557,2.16784,1.2359,0.195134,0.0900134,0.10512097924947739,0.262938,1.43333,0.304937,0.688185,,,4.47876,-0.0193297,-0.038393,750.6599731445312,,,,,,,111.99999999999999,3.612903225806451,118,3.806451612903226,,,,,,,,,,,,,,,,,,,"Angel Chivilli","26790",683409
"Michael Petersen","ATL",2,1,0,4.63478,28,0,0,0,,28,122,28,16,14,4,11,,2,27,8.72561,3.5346,2.46863,1.17383,0.223044,0.0903515,0.13269278407096863,0.25278,1.37717,0.305604,0.684272,,,4.1927,-0.0195622,-0.0802658,999,,,,,,,100.20000000000006,3.5785714285714305,103,3.6785714285714284,,,,,,,,,,,,,,,,,,,"Michael Petersen","20827",656848
"Patrick Monteverde","MIA",1,1,0,4.60643,12,0,0,0,,12,52,13,7,6,2,4,,1,9,7.10273,3.18478,2.23021,1.31377,0.18037,0.0808757,0.09949437528848648,0.267947,1.41898,0.302355,0.710224,,,4.59948,-0.0203398,-0.0356923,999,,,,,,,33.40000000000002,2.783333333333335,37,3.0833333333333335,,,,,,,,,,,,,,,,,,,"Patrick Monteverde","29564",687287
"Bobby Miller","LAD",1,1,0,4.43747,23,0,0,1,,23,98,21,12,11,3,9,,1,22,8.54681,3.62182,2.35981,1.25851,0.2204,0.0933974,0.12700260430574417,0.245484,1.35017,0.291534,0.705339,,,4.34191,-0.0207431,-0.0422359,509.9700012207031,,,,,,,96.70000000000002,4.204347826086957,94,4.086956521739131,,,,,,,,,,,,,,,,,,,"Bobby Miller","27483",676272
"Sam Bachman","LAA",1,1,0,4.51304,24,0,0,0,,24,104,23,13,12,3,11,,1,20,7.47115,4.08193,1.8303,1.13763,0.188451,0.102962,0.08548896759748459,0.255097,1.4501,0.294963,0.710879,,,4.55771,-0.0212436,-0.0590526,999,,,,,,,84.90000000000002,3.537500000000001,85,3.5416666666666665,,,,,,,,,,,,,,,,,,,"Sam Bachman","29754",696147
"Hunter Bigge","TBR",1,1,0,4.39613,30,0,0,0,,30,128,27,16,15,5,13,,1,32,9.57523,3.88664,2.46363,1.37481,0.248444,0.100845,0.1475990042090416,0.235641,1.32896,0.287347,0.715654,,,4.36295,-0.0212798,-0.0952954,685.6300048828125,,,,,,,112.3,3.743333333333333,107,3.566666666666667,,,,,,,,,,,,,,,,,,,"Hunter Bigge","26259",685801
"Tyler Kinley","COL",2,2,0,4.94858,38,0,2,6,,38,168,37,23,21,6,18,,2,40,9.38171,4.33097,2.16619,1.33328,0.236661,0.109252,0.12740923464298248,0.249864,1.45052,0.305405,0.686067,,,4.49644,-0.0215865,-0.0831801,477.2099914550781,,,,,,,165.2,4.347368421052631,166,4.368421052631579,,,,,,,,,,,,,,,,,,,"Tyler Kinley","18297",641755
"Max Kranick","NYM",2,2,0,4.32985,40,0,1,9,,40,168,39,21,19,6,12,,2,32,7.2111,2.83943,2.53963,1.29826,0.188243,0.0741221,0.11412082612514496,0.253091,1.30155,0.285303,0.708096,,,4.43308,-0.0217356,-0.138584,749.6300048828125,,,,,,,183.79999999999998,4.595,185,4.625,,,,,,,,,,,,,,,,,,,"Max Kranick","22175",668820
"Sam Long","KCR",1,1,0,4.53266,22,0,0,0,,22,98,22,12,11,3,9,,1,20,7.86596,3.80301,2.06835,1.16695,0.200365,0.0968719,0.10349303483963013,0.254409,1.4155,0.297757,0.703481,,,4.39415,-0.0219162,-0.0473517,999,,,,,,,78.7,3.5772727272727276,81,3.6818181818181817,,,,,,,,,,,,,,,,,,,"Sam Long","25379",669674
"Eric Lauer","TOR",1,2,0,4.3794,29,0,0,0,,29,122,27,15,14,4,11,,1,27,8.40613,3.31386,2.53666,1.36955,0.218622,0.0861852,0.13243702054023743,0.247466,1.32514,0.289405,0.715968,,,4.40556,-0.0219198,-0.0637589,999,,,,,,,113.20000000000003,3.90344827586207,111,3.8275862068965516,,,,,,,,,,,,,,,,,,,"Eric Lauer","19316",641778
"Chris Roycroft","STL",2,3,0,4.42888,31,0,0,0,,31,138,31,17,15,3,15,,2,26,7.44522,4.30384,1.7299,0.788024,0.186076,0.107564,0.078511543571949,0.255185,1.47522,0.303941,0.695182,,,4.17931,-0.0228517,-0.0815292,999,,,,,,,112.89999999999998,3.641935483870967,117,3.774193548387097,,,,,,,,,,,,,,,,,,,"Chris Roycroft","31261",688297
"Chris Stratton","LAD",1,1,0,4.8413,23,0,0,1,,23,103,24,14,13,3,10,,1,19,7.1974,3.98464,1.80629,1.05921,0.180546,0.0999544,0.08059199154376984,0.262553,1.47878,0.303223,0.680421,,,4.45992,-0.0232272,-0.104604,999,,,,,,,79.9,3.473913043478261,85,3.6956521739130435,,,,,,,,,,,,,,,,,,,"Chris Stratton","13761",608717
"Alexis Díaz","LAD",1,2,0,4.50375,26,0,0,1,,26,113,23,14,13,4,13,,2,26,9.18412,4.67562,1.96426,1.24941,0.23323,0.118737,0.1144927591085434,0.230038,1.38799,0.278911,0.70713,,,4.64307,-0.0235512,-0.0613781,172.6199951171875,,,,,,,94.39999999999999,3.6307692307692303,89,3.423076923076923,,,,,,,,,,,,,,,,,,,"Alexis Diaz","21132",664747
"Will Klein","SEA",1,1,0,4.50112,14,0,0,0,,14,62,13,7,7,1,8,,1,14,9.08655,5.53649,1.64121,0.942751,0.22546,0.137374,0.08808590471744537,0.238413,1.52613,0.297871,0.712237,,,4.39304,-0.0237215,-0.0347669,999,,,,,,,58.50000000000003,4.178571428571431,58,4.142857142857143,,,,,,,,,,,,,,,,,,,"Will Klein","27787",694361
"Eduardo Salazar","WSN",1,2,0,4.79961,31,0,0,0,,31,139,34,18,17,3,12,,2,23,6.76438,3.49456,1.93569,0.950546,0.167892,0.086735,0.08115696907043457,0.274638,1.49007,0.315787,0.678292,,,4.3438,-0.0245519,-0.106275,999,,,,,,,108.09999999999997,3.4870967741935472,120,3.870967741935484,,,,,,,,,,,,,,,,,,,"Eduardo Salazar","23135",674285
"Grant Wolfram","BAL",0,1,0,4.80175,15,0,0,0,,15,67,15,9,8,2,8,,1,14,8.15503,4.49839,1.81288,1.15167,0.203305,0.112145,0.09116015583276749,0.255498,1.49847,0.302893,0.696228,,,4.57543,-0.0245686,-0.075937,999,,,,,,,48.400000000000006,3.226666666666667,50,3.3333333333333335,,,,,,,,,,,,,,,,,,,"Grant Wolfram","21623",664991
"Bailey Horn","DET",1,2,0,4.80168,21,0,0,0,,21,92,20,12,11,3,11,,1,19,8.37487,4.89558,1.7107,1.11823,0.207854,0.121502,0.08635172992944717,0.253098,1.53005,0.303328,0.700637,,,4.5759,-0.0246592,-0.0817245,999,,,,,,,68.5,3.261904761904762,68,3.238095238095238,,,,,,,,,,,,,,,,,,,"Bailey Horn","27753",690544
"Tyler Alexander","MIL",2,2,0,4.52808,35,0,0,3,,35,146,35,19,17,6,9,,1,30,7.69731,2.30387,3.34104,1.47737,0.202642,0.0606523,0.14198942855000496,0.258485,1.27038,0.292684,0.695304,,,4.39121,-0.0267389,-0.0840799,746.9600219726562,,,,,,,136.2,3.891428571428571,139,3.9714285714285715,,,,,,,,,,,,,,,,,,,"Tyler Alexander","17735",641302
"Andry Lara","WSN",1,1,0,4.63988,16,0,0,0,,16,68,16,9,8,2,6,,1,12,6.97951,3.30167,2.11394,1.28842,0.178516,0.0844473,0.09406883269548416,0.259816,1.38831,0.291522,0.696981,,,4.62747,-0.0272477,-0.045921,999,,,,,,,55.20000000000001,3.4500000000000006,57,3.5625,,,,,,,,,,,,,,,,,,,"Andry Lara","sa3014716",691251
"Austin Cox","ATL",0,1,0,4.39768,24,0,0,0,,24,106,24,13,12,3,10,,1,20,7.42365,3.82166,1.94252,1.06218,0.188557,0.0970681,0.0914888009428978,0.257029,1.43134,0.298836,0.71101,,,4.33738,-0.0273939,-0.0470944,999,,,,,,,85.30000000000001,3.554166666666667,88,3.6666666666666665,,,,,,,,,,,,,,,,,,,"Austin Cox","24604",680735
"Connor Gillispie","MIA",1,1,0,4.79691,18,0,0,0,,18,81,18,11,10,3,7,,1,16,7.62452,3.62682,2.10226,1.40415,0.194423,0.0924826,0.10193998366594315,0.255283,1.4005,0.289741,0.694679,,,4.76272,-0.028221,-0.0684412,999,,,,,,,57.500000000000014,3.194444444444445,59,3.2777777777777777,,,,,,,,,,,,,,,,,,,"Connor Gillispie","26171",687362
"Carlos Hernández","PHI",1,2,0,4.73753,32,0,0,3,,32,141,31,19,17,5,15,,1,30,8.46248,4.18833,2.02049,1.2603,0.215408,0.106612,0.1087963879108429,0.245496,1.41221,0.29058,0.690732,,,4.54395,-0.0293731,-0.157692,999,,,,,,,118.70000000000002,3.7093750000000005,119,3.71875,,,,,,,,,,,,,,,,,,,"Carlos Hernandez","22713",672578
"Jackson Kowar","SEA",2,3,0,4.35718,38,0,0,7,,38,166,36,20,18,5,17,,2,36,8.45308,4.14877,2.03749,1.13743,0.214663,0.105357,0.10930652916431427,0.245876,1.40976,0.294433,0.716671,,,4.39357,-0.0293746,-0.210057,999,,,,,,,169.1,4.45,168,4.421052631578948,,,,,,,,,,,,,,,,,,,"Jackson Kowar","21549",663804
"Tommy Henry","ARI",1,1,0,4.55023,16,0,0,0,,16,68,16,9,8,2,6,,1,13,7.434,3.62267,2.05208,1.19665,0.188521,0.0918686,0.09665270894765854,0.260361,1.42687,0.299588,0.707107,,,4.49716,-0.0305435,-0.0403105,999,,,,,,,57.20000000000001,3.5750000000000006,59,3.6875,,,,,,,,,,,,,,,,,,,"Tommy Henry","26285",674072
"Carlos Carrasco","NYY",1,1,0,5.13992,14,0,0,0,,14,63,16,9,8,3,5,,1,12,7.21809,3.03155,2.38099,1.60548,0.18362,0.0771192,0.1065007895231247,0.270169,1.41406,0.298932,0.681341,,,4.93599,-0.0309454,-0.0826011,649.6500244140625,,,,,,,31.100000000000016,2.2214285714285724,37,2.642857142857143,,,,,,,,,,,,,,,,,,,"Carlos Carrasco","6632",471911
"Taylor Clarke","KCR",2,2,0,4.67665,35,0,0,4,,35,150,38,20,18,5,11,,1,29,7.43716,2.76725,2.68756,1.34563,0.190435,0.0708578,0.11957697570323944,0.271208,1.39038,0.309374,0.699007,,,4.40945,-0.0313322,-0.102708,999,,,,,,,136.7,3.9057142857142852,148,4.228571428571429,,,,,,,,,,,,,,,,,,,"Taylor Clarke","17611",664199
"Chris Devenski","NYM",1,1,0,4.65175,29,0,0,0,,29,123,28,16,15,5,11,,1,26,8.32415,3.46587,2.40175,1.46085,0.215169,0.0895883,0.1255805343389511,0.25012,1.35572,0.289362,0.703526,,,4.5933,-0.0315484,-0.0901708,999,,,,,,,96.30000000000003,3.3206896551724148,96,3.310344827586207,,,,,,,,,,,,,,,,,,,"Chris Devenski","12763",606965
"Logan Gillaspie","SDP",0,0,0,4.56564,15,0,0,0,,15,63,15,8,7,2,5,,1,11,6.98298,3.08495,2.26357,1.28573,0.177571,0.0784475,0.09912364929914474,0.265628,1.39534,0.298871,0.706021,,,4.60534,-0.0321099,-0.0382993,999,,,,,,,51.400000000000006,3.426666666666667,53,3.533333333333333,,,,,,,,,,,,,,,,,,,"Logan Gillaspie","22461",670810
"Logan VanWey","HOU",2,2,0,4.37433,31,0,0,0,,31,136,30,16,15,4,15,,2,29,8.37666,4.26053,1.96611,1.13317,0.212159,0.107908,0.10425093024969101,0.245799,1.42178,0.293561,0.717362,,,4.44044,-0.0326933,-0.0680529,999,,,,,,,109.19999999999999,3.5225806451612898,110,3.5483870967741935,,,,,,,,,,,,,,,,,,,"Logan VanWey","31884",701121
"Randy Wynne","CIN",0,0,0,5.6287,8,0,0,0,,8,37,10,6,5,2,3,,0,5,5.51964,2.7165,2.03189,2.09827,0.137542,0.0676913,0.06985028088092804,0.295696,1.52357,0.300915,0.704808,,,5.86526,-0.0330121,-0.0566176,999,,,,,,,9.600000000000001,1.2000000000000002,15,1.875,,,,,,,,,,,,,,,,,,,"Randy Wynne","25804",691094
"Elvin Rodriguez","MIL",1,1,0,4.64644,18,0,0,0,,18,77,18,10,9,3,7,,1,17,8.34417,3.27797,2.54553,1.63628,0.215479,0.08465,0.13082880526781082,0.252458,1.34698,0.287716,0.719316,,,4.81826,-0.0336909,-0.0454821,999,,,,,,,59.500000000000014,3.3055555555555562,61,3.388888888888889,,,,,,,,,,,,,,,,,,,"Elvin Rodriguez","20962",660730
"Jake Eder","LAA",1,2,0,4.708,31,0,0,0,,31,140,30,18,16,4,15,,3,29,8.33118,4.31782,1.92949,1.2017,0.208099,0.107852,0.10024696588516235,0.247653,1.43765,0.293508,0.694842,,,4.70496,-0.0342479,-0.113507,999,,,,,,,106.19999999999999,3.4258064516129028,107,3.4516129032258065,,,,,,,,,,,,,,,,,,,"Jake Eder","27590",671109
"Victor Mederos","LAA",0,1,0,5.43009,10,0,0,0,,10,45,11,6,6,1,5,,1,7,6.77189,4.41548,1.53367,1.35335,0.16534,0.107807,0.05753340572118759,0.270063,1.56726,0.300364,0.671795,,,5.22182,-0.034297,-0.0425519,999,,,,,,,29.1,2.91,33,3.3,,,,,,,,,,,,,,,,,,,"Victor Mederos","31533",682989
"Joan Adon","WSN",1,1,0,5.0087,18,0,0,0,,18,81,18,11,10,2,8,,1,14,7.03737,4.09442,1.71877,1.11869,0.175929,0.102357,0.07357152551412582,0.258951,1.4718,0.295489,0.667975,,,4.68453,-0.0344268,-0.078514,999,,,,,,,62.800000000000026,3.4888888888888903,65,3.611111111111111,,,,,,,,,,,,,,,,,,,"Joan Adon","22925",672851
"Caleb Freeman","CHW",1,2,0,4.76928,31,0,0,0,,31,140,32,18,16,4,16,,1,28,8.13085,4.56469,1.78125,1.20412,0.201328,0.113027,0.08830185979604721,0.26023,1.53084,0.307227,0.710695,,,4.6728,-0.0348403,-0.120271,999,,,,,,,101.99999999999999,3.290322580645161,108,3.4838709677419355,,,,,,,,,,,,,,,,,,,"Caleb Freeman","26255",673965
"Orlando Ribalta","WSN",1,1,0,4.92839,26,0,0,0,,26,116,25,15,14,3,14,,2,24,8.49948,4.74412,1.79158,1.18302,0.211043,0.117797,0.0932459905743599,0.247579,1.48464,0.295904,0.683849,,,4.72138,-0.0358251,-0.0861604,999,,,,,,,90.5,3.480769230769231,91,3.5,,,,,,,,,,,,,,,,,,,"Orlando Ribalta","26247",687377
"Austin Warren","NYM",2,1,0,4.31629,22,0,0,0,,22,96,21,11,11,3,10,,1,19,7.93648,4.07474,1.94773,1.14283,0.202705,0.104072,0.09863215684890747,0.245233,1.39824,0.287532,0.718536,,,4.45092,-0.0360194,-0.0320667,999,,,,,,,76.30000000000001,3.4681818181818187,76,3.4545454545454546,,,,,,,,,,,,,,,,,,,"Austin Warren","24937",681810
"John McMillon","PHI",1,2,0,4.59437,23,0,0,0,,23,105,21,13,12,3,15,,1,25,9.74461,5.71174,1.70607,1.13854,0.241729,0.141688,0.10004140436649323,0.23499,1.52851,0.295752,0.720462,,,4.58414,-0.0367869,-0.0640327,999,,,,,,,80.70000000000002,3.508695652173914,78,3.391304347826087,,,,,,,,,,,,,,,,,,,"John McMillon","27942",669111
"Tyler Zuber","NYM",1,1,0,4.89707,17,0,0,0,,17,75,17,10,9,3,8,,1,15,8.03311,4.30288,1.86691,1.43051,0.201786,0.108085,0.09370066970586777,0.254139,1.46963,0.292134,0.704187,,,4.92591,-0.038172,-0.0725404,999,,,,,,,47.7,2.8058823529411767,49,2.8823529411764706,,,,,,,,,,,,,,,,,,,"Tyler Zuber","20379",676604
"Owen White","CHW",0,2,0,5.26716,21,0,0,0,,21,92,22,13,12,3,9,,1,16,6.8274,3.7762,1.80801,1.27671,0.170387,0.0942404,0.0761469230055809,0.270703,1.49972,0.303683,0.663727,,,4.79246,-0.0388803,-0.106448,999,,,,,,,63.3,3.0142857142857142,68,3.238095238095238,,,,,,,,,,,,,,,,,,,"Owen White","22273",669391
"Matt Bowman","BAL",2,1,0,4.55976,31,0,0,0,,31,135,31,17,16,5,11,,2,25,7.21067,3.11293,2.31636,1.30969,0.186698,0.0805998,0.10609810799360275,0.253184,1.33242,0.285108,0.692595,,,4.55315,-0.0393072,-0.105772,999,,,,,,,98.29999999999998,3.1709677419354834,101,3.2580645161290325,,,,,,,,,,,,,,,,,,,"Matt Bowman","13528",621199
"Kyle Tyler","PHI",1,1,0,4.6938,26,0,0,0,,26,114,27,15,14,3,10,,1,20,6.83101,3.57667,1.90988,1.19323,0.172486,0.0903127,0.08217372745275497,0.265243,1.4479,0.299101,0.697953,,,4.60445,-0.0408908,-0.0816644,999,,,,,,,92.3,3.55,98,3.769230769230769,,,,,,,,,,,,,,,,,,,"Kyle Tyler","22092",667725
"Luarbert Arias","MIA",1,2,0,4.80704,26,0,0,0,,26,113,27,15,14,4,10,,2,23,8.02021,3.47434,2.30841,1.34043,0.202778,0.0878432,0.11493485420942307,0.262794,1.42338,0.30558,0.693753,,,4.57511,-0.0418785,-0.072353,999,,,,,,,82.99999999999999,3.1923076923076916,88,3.3846153846153846,,,,,,,,,,,,,,,,,,,"Luarbert Arias","23811",678215
"Seth Martinez","MIA",1,1,0,4.18645,22,0,0,0,,22,94,21,11,10,3,9,,1,18,7.29572,3.5344,2.0642,1.41969,0.187913,0.0910342,0.09687899798154831,0.247615,1.35041,0.275912,0.747897,,,4.84727,-0.0422038,-0.0103338,999,,,,,,,77.30000000000001,3.513636363636364,77,3.5,,,,,,,,,,,,,,,,,,,"Seth Martinez","21045",661527
"Lyon Richardson","CIN",1,1,0,4.80434,27,0,0,0,,27,120,27,16,14,4,13,,1,25,8.19727,4.47998,1.82976,1.32729,0.204584,0.11181,0.09277475625276566,0.256728,1.5029,0.300208,0.711695,,,4.78553,-0.043342,-0.0700083,999,,,,,,,88.40000000000002,3.274074074074075,91,3.3703703703703702,,,,,,,,,,,,,,,,,,,"Lyon Richardson","24581",680689
"Zach Brzykcy","WSN",1,1,0,4.43956,32,0,0,3,,32,141,29,17,16,4,16,,1,32,8.78402,4.37262,2.00887,1.16671,0.224687,0.111848,0.11283966153860092,0.237642,1.39295,0.286734,0.707221,,,4.39274,-0.043687,-0.0644766,750.8400268554688,,,,,,,137.20000000000002,4.2875000000000005,133,4.15625,,,,,,,,,,,,,,,,,,,"Zach Brzykcy","27783",694350
"Michael Mercado","PHI",1,1,0,5.10186,13,0,0,0,,13,57,13,8,7,2,6,,1,11,7.87055,4.23131,1.86007,1.57249,0.197624,0.106246,0.09137881547212601,0.254217,1.46208,0.28647,0.694813,,,5.17114,-0.0441299,-0.0560188,999,,,,,,,38.8,2.9846153846153842,40,3.076923076923077,,,,,,,,,,,,,,,,,,,"Michael Mercado","23223",675650
"Luis Mey","CIN",1,2,0,5.16381,26,0,0,0,,26,119,26,16,15,3,16,,2,24,8.53049,5.58847,1.52644,1.13917,0.205268,0.134475,0.07079347968101501,0.258093,1.63327,0.311017,0.693389,,,4.91474,-0.0442076,-0.0844617,750.5499877929688,,,,,,,81.9,3.1500000000000004,85,3.269230769230769,,,,,,,,,,,,,,,,,,,"Luis Mey","25620",682825
"Bradgley Rodriguez","SDP",2,1,0,4.27999,35,0,0,5,,35,153,32,18,17,4,17,,2,33,8.51576,4.39595,1.93718,1.13671,0.21665,0.111837,0.10481225699186325,0.239465,1.40469,0.286863,0.723027,,,4.45229,-0.0453813,-0.0680347,999,,,,,,,155.60000000000002,4.445714285714287,152,4.3428571428571425,,,,,,,,,,,,,,,,,,,"Bradgley Rodriguez","sa3016035",699134
"Anthony Veneziano","MIA",1,2,0,4.63755,27,0,0,0,,27,121,29,15,14,3,12,,1,22,7.46827,4.03815,1.84943,1.10048,0.185061,0.100064,0.08499705046415329,0.270165,1.52589,0.314626,0.712922,,,4.4996,-0.0457757,-0.0578601,999,,,,,,,92.5,3.425925925925926,101,3.740740740740741,,,,,,,,,,,,,,,,,,,"Anthony Veneziano","27453",685107
"Bradley Blalock","COL",1,2,0,5.4921,22,1,0,0,,27,121,30,18,17,4,11,,1,19,6.45168,3.62194,1.78128,1.48627,0.160979,0.0903726,0.07060598582029343,0.274956,1.50599,0.299662,0.661041,,,5.1111,-0.0460551,-0.0600808,999,,,,,,,74.60000000000002,2.762962962962964,85,3.1481481481481484,,,,,,,,,,,,,,,,,,,"Bradley Blalock","26419",687134
"Bryce Jarvis","ARI",1,1,0,4.2794,14,0,0,0,,14,63,14,7,7,2,7,,1,11,6.97471,4.39346,1.58752,1.13564,0.175319,0.110436,0.06488335132598877,0.249418,1.45516,0.282545,0.733923,,,4.79975,-0.046694,-0.00868991,999,,,,,,,40.6,2.9,42,3,,,,,,,,,,,,,,,,,,,"Bryce Jarvis","27477",686826
"Lake Bachar","MIA",2,2,0,4.48415,32,0,0,0,,32,140,32,17,16,5,15,,1,32,9.11867,4.27088,2.13508,1.34931,0.228974,0.107244,0.12173032015562057,0.254897,1.47004,0.308336,0.7368,,,4.56013,-0.0469357,-0.0452047,999,,,,,,,108.10000000000001,3.3781250000000003,111,3.46875,,,,,,,,,,,,,,,,,,,"Lake Bachar","19222",669199
"Connor Seabold","TBR",1,1,0,5.625,18,0,0,0,,18,79,19,12,11,3,5,,1,15,7.3125,2.25,3.25,1.6875,0.185714,0.0571429,0.12857143208384514,0.261538,1.3125,0.285714,0.595238,,,4.82933,-0.0481231,-0.134607,750.9400024414062,,,,,,,58.90000000000001,3.272222222222223,63,3.5,,,,,,,,,,,,,,,,,,,"Connor Seabold","19695",657756
"Anthony Maldonado","ATH",0,0,0,5.14286,34,0,0,3,,34,151,34,19,19,5,15,,0,29,7.71429,3.85714,2,1.28571,0.193548,0.0967742,0.09677419811487198,0.25,1.42857,0.285714,0.697674,,,4.5079,-0.048381,-0.14935,999,,,,,,,126.70000000000002,3.7264705882352946,130,3.823529411764706,,,,,,,,,,,,,,,,,,,"Anthony Maldonado","26034",687424
"Eric Orze","TBR",2,2,0,4.20799,37,0,1,7,,37,162,34,19,17,5,17,,4,36,8.74351,4.04819,2.15986,1.17562,0.221609,0.102604,0.11900566518306732,0.240252,1.37002,0.289431,0.72595,,,4.49533,-0.0489307,-0.132482,999,,,,,,,165.9,4.4837837837837835,162,4.378378378378378,,,,,,,,,,,,,,,,,,,"Eric Orze","27626",679358
"Carlos Vargas","SEA",2,3,0,4.03888,39,0,1,8,,39,170,39,19,18,4,15,,2,31,7.08109,3.33307,2.1245,0.959921,0.181828,0.0855863,0.09624157845973969,0.254204,1.36221,0.294245,0.720943,,,4.168,-0.0489883,-0.108531,999,,,,,,,186.00000000000003,4.76923076923077,191,4.897435897435898,,,,,,,,,,,,,,,,,,,"Carlos Vargas","22915",672841
"Luis Peralta","COL",1,1,0,5.02638,27,0,0,0,,27,123,26,17,15,3,16,,2,26,8.68933,5.185,1.67586,1.15259,0.213406,0.127341,0.0860648900270462,0.247808,1.5348,0.299309,0.684431,,,4.77958,-0.0495834,-0.06938,748.8300170898438,,,,,,,93.30000000000001,3.455555555555556,94,3.4814814814814814,,,,,,,,,,,,,,,,,,,"Luis Peralta","24203",678821
"Luke Little","CHC",1,0,0,5.91125,17,0,0,0,,17,79,13,12,11,2,15,,2,20,10.4458,7.83639,1.33298,0.838282,0.24855,0.186461,0.062088742852211,0.215211,1.66871,0.287204,0.620676,,,4.85385,-0.0535421,-0.131376,999,,,,,,,56.40000000000002,3.3176470588235305,48,2.823529411764706,,,,,,,,,,,,,,,,,,,"Luke Little","28036",681432
"Mike Vasil","CHW",2,3,0,4.69739,39,1,1,7,,45,196,46,25,23,6,17,,3,34,6.86264,3.4951,1.9635,1.28234,0.174024,0.0886296,0.08539480715990067,0.26069,1.41445,0.291517,0.697242,,,4.74323,-0.056557,-0.17724,999,,,,,,,180.6,4.013333333333334,188,4.177777777777778,,,,,,,,,,,,,,,,,,,"Mike Vasil","30105",678024
"Hunter Strickland","LAA",2,1,0,4.56428,37,0,0,7,,37,160,34,21,19,6,15,,2,30,7.35798,3.69036,1.99384,1.35011,0.190917,0.0957535,0.09516362845897675,0.238055,1.31921,0.266222,0.692368,,,4.78359,-0.0581937,-0.195536,999,,,,,,,148.6,4.0162162162162165,144,3.891891891891892,,,,,,,,,,,,,,,,,,,"Hunter Strickland","7836",519326
"Kyle Nicolas","PIT",1,1,0,4.6968,30,0,0,0,,30,133,29,17,15,4,16,,2,28,8.65002,4.97824,1.73757,1.10656,0.212781,0.122459,0.09032154083251953,0.253073,1.5391,0.306915,0.710956,,,4.61834,-0.0594348,-0.074458,999,,,,,,,99.4,3.3133333333333335,100,3.3333333333333335,,,,,,,,,,,,,,,,,,,"Kyle Nicolas","27775",693312
"Valente Bellozo","MIA",2,2,1,4.70031,19,3,0,0,,32,140,35,18,17,6,12,,1,22,6.32449,3.30276,1.91491,1.70131,0.159279,0.0831785,0.0761009007692337,0.273686,1.46351,0.291353,0.747241,,,5.34735,-0.059651,0.0634346,745.6799926757812,,,,,,,77,2.40625,87,2.71875,,,,,,,,,,,,,,,,,,,"Valente Bellozo","23899",678368
"Cole Sulser","TBR",2,2,0,4.4241,34,0,0,3,,34,148,33,18,17,5,15,,1,32,8.33665,3.83605,2.17324,1.2852,0.214373,0.0986423,0.115730881690979,0.246653,1.37899,0.289927,0.716394,,,4.4577,-0.064041,-0.133304,999,,,,,,,132.3,3.8911764705882357,133,3.911764705882353,,,,,,,,,,,,,,,,,,,"Cole Sulser","15256",642121
"Rafael Montero","ATL",1,1,0,4.53048,33,0,0,3,,33,145,32,18,16,4,16,,2,31,8.56976,4.38623,1.95379,1.07524,0.215247,0.110169,0.1050778403878212,0.250776,1.46138,0.303855,0.706441,,,4.34722,-0.0644501,-0.0759798,999,,,,,,,131.80000000000007,3.993939393939396,133,4.03030303030303,,,,,,,,,,,,,,,,,,,"Rafael Montero","12760",606160
"Brad Keller","CHC",2,3,0,4.34045,40,0,1,9,,40,174,40,21,19,4,17,,2,33,7.40055,3.89382,1.90059,0.920612,0.186899,0.0983376,0.0885617733001709,0.258019,1.44458,0.303481,0.70723,,,4.19756,-0.0651769,-0.115711,999,,,,,,,192.8,4.82,198,4.95,,,,,,,,,,,,,,,,,,,"Brad Keller","15734",641745
"Spencer Bivens","SFG",3,2,0,4.05232,36,0,0,7,,36,156,37,18,16,4,12,,2,27,6.74863,2.99203,2.25554,1.07121,0.174351,0.0772992,0.09705227613449097,0.257394,1.34108,0.291697,0.725165,,,4.2734,-0.0657631,-0.0170139,999,,,,,,,161.00000000000006,4.472222222222224,168,4.666666666666667,,,,,,,,,,,,,,,,,,,"Spencer Bivens","30226",702352
"Alex Faedo","TBR",1,2,0,4.39584,27,0,0,0,,27,114,25,14,13,4,11,,1,26,8.71725,3.7369,2.33275,1.52159,0.225514,0.0966733,0.1288410872220993,0.242403,1.3463,0.281873,0.734856,,,4.70174,-0.0676719,-0.0727039,999,,,,,,,101.60000000000002,3.762962962962964,99,3.6666666666666665,,,,,,,,,,,,,,,,,,,"Alex Faedo","19874",656412
"Génesis Cabrera","CHC",2,2,0,4.32317,34,0,0,3,,34,147,32,18,16,5,15,,2,30,8.14096,4.07448,1.99804,1.2125,0.207358,0.103781,0.10357701033353806,0.246386,1.40411,0.289382,0.725619,,,4.52427,-0.0695841,-0.0866702,999,,,,,,,127.90000000000002,3.7617647058823533,126,3.7058823529411766,,,,,,,,,,,,,,,,,,,"Genesis Cabrera","17490",650893
"Jackson Rutledge","WSN",1,2,0,4.41983,38,0,1,8,,38,168,36,20,19,5,18,,3,36,8.55412,4.24406,2.01555,1.10069,0.215763,0.107049,0.10871364176273346,0.246293,1.42248,0.297192,0.710231,,,4.40088,-0.0714498,-0.0676442,999,,,,,,,172.1,4.528947368421052,171,4.5,,,,,,,,,,,,,,,,,,,"Jackson Rutledge","26215",671131
"Cole Henry","WSN",1,2,0,4.47086,36,0,0,7,,36,159,34,20,18,5,17,,2,35,8.60404,4.18611,2.05538,1.17871,0.218174,0.106148,0.11202595382928848,0.244066,1.40467,0.292689,0.708015,,,4.46681,-0.0715502,-0.139569,999,,,,,,,157.50000000000003,4.375000000000001,156,4.333333333333333,,,,,,,,,,,,,,,,,,,"Cole Henry","27570",669371
"Gordon Graceffo","STL",3,3,1,4.57246,41,2,0,8,,51,223,54,28,26,7,17,,2,38,6.59382,2.9751,2.21634,1.19717,0.169366,0.0764173,0.0929490327835083,0.266185,1.38615,0.297608,0.694977,,,4.42399,-0.0719143,-0.0444552,999,,,,,,,201.90000000000006,3.9588235294117657,215,4.215686274509804,,,,,,,,,,,,,,,,,,,"Gordon Graceffo","29519",700669
"Casey Legumina","SEA",3,1,0,4.48693,42,0,1,8,,42,180,41,23,21,6,15,,2,36,7.73218,3.224,2.39832,1.28393,0.199695,0.0832647,0.11643067747354507,0.252494,1.34117,0.290641,0.700225,,,4.44341,-0.0724857,-0.33438,999,,,,,,,188.4,4.485714285714286,190,4.523809523809524,,,,,,,,,,,,,,,,,,,"Casey Legumina","25921",668984
"Jorge López","WSN",2,2,0,4.26811,40,0,2,8,,40,174,39,21,19,5,15,,3,34,7.59929,3.33029,2.28187,1.14542,0.195102,0.0855008,0.10960087180137634,0.251731,1.34903,0.291945,0.711922,,,4.36139,-0.0822492,-0.0642309,576.7000122070312,,,,,,,189.1,4.7275,191,4.775,,,,,,,,,,,,,,,,,,,"Jorge Lopez","14527",605347
"Hogan Harris","ATH",2,2,0,4.50679,37,0,1,8,,37,163,35,20,19,5,18,,2,33,8.08943,4.39659,1.83993,1.15898,0.204715,0.111262,0.09345273673534393,0.244425,1.43024,0.287747,0.708778,,,4.56912,-0.0862115,-0.164719,750.9400024414062,,,,,,,164.3,4.440540540540541,163,4.405405405405405,,,,,,,,,,,,,,,,,,,"Hogan Harris","21520",663687
"Daniel Bard",,1,2,0,4.59982,22,0,0,0,,22,98,20,12,11,2,13,,2,21,8.54612,5.19492,1.64509,1.00171,0.212847,0.129383,0.08346401154994965,0.237341,1.48281,0.28834,0.698783,,,4.56411,-0.0864207,-0.102661,999,,,,,,,83.20000000000002,3.7818181818181826,81,3.6818181818181817,,,,,,,,,,,,,,,,,,,"Daniel Bard","7115",453268
"Kaleb Ort","HOU",2,2,0,4.34629,41,0,0,9,,41,176,38,22,20,7,16,,2,42,9.17924,3.36401,2.72866,1.51141,0.239891,0.0879152,0.15197572857141495,0.241567,1.30064,0.286493,0.728015,,,4.46682,-0.102297,-0.222736,999,,,,,,,184.50000000000006,4.500000000000002,180,4.390243902439025,,,,,,,,,,,,,,,,,,,"Kaleb Ort","20061",672391
"José Ruiz","PHI",2,1,0,4.45527,39,0,1,8,,39,168,38,21,19,6,16,,2,38,8.6944,3.69432,2.35345,1.36239,0.223163,0.0948237,0.12833910435438156,0.24963,1.37857,0.295839,0.720438,,,4.4675,-0.109159,-0.0971845,999,,,,,,,175,4.487179487179487,176,4.512820512820513,,,,,,,,,,,,,,,,,,,"Jose Ruiz","14552",614179
"Roddery Muñoz","STL",1,2,0,5.10849,25,0,0,0,,25,109,25,15,14,5,12,,1,21,7.77509,4.30546,1.80587,1.67613,0.194473,0.10769,0.08678361028432846,0.256331,1.48142,0.285304,0.708166,,,5.36026,-0.117432,-0.105842,999,,,,,,,61.5,2.46,63,2.52,,,,,,,,,,,,,,,,,,,"Roddery Munoz","25311",682610
"Ty Adcock","NYM",0,1,0,5.63044,19,0,0,0,,19,89,21,13,12,4,11,,1,16,7.4724,4.88661,1.52916,1.84437,0.18132,0.118575,0.06274494528770447,0.272523,1.63309,0.298556,0.707988,,,5.81955,-0.120549,-0.138291,999,,,,,,,32.79999999999999,1.7263157894736836,39,2.0526315789473686,,,,,,,,,,,,,,,,,,,"Ty Adcock","25651",686654
"Nick Nastrini","CHW",2,5,1,5.73484,16,6,0,0,,43,192,42,30,27,8,24,,2,35,7.31053,5.06983,1.44197,1.77059,0.180686,0.125305,0.055380940437316895,0.251038,1.53869,0.270705,0.669755,,,5.84274,-0.120873,-0.38019,999,,,,,,,102.59999999999998,2.3860465116279066,103,2.395348837209302,,,,,,,,,,,,,,,,,,,"Nick Nastrini","29833",680897
"Scott McGough","ARI",1,3,0,4.5342,36,0,0,7,,36,159,36,20,18,5,17,,2,34,8.33357,4.0938,2.03566,1.23508,0.211022,0.103663,0.10735892504453659,0.252259,1.43659,0.298561,0.714347,,,4.50013,-0.132954,-0.110446,999,,,,,,,150.30000000000004,4.175000000000001,154,4.277777777777778,,,,,,,,,,,,,,,,,,,"Scott McGough","12056",543518
"George Soriano","MIA",1,1,0,5.18155,33,0,0,3,,33,146,33,21,19,5,15,,3,32,8.65016,4.12739,2.09579,1.4871,0.216909,0.103497,0.11341169476509094,0.252802,1.44315,0.295976,0.674487,,,4.91452,-0.147268,-0.21207,999,,,,,,,118.90000000000005,3.6030303030303044,122,3.696969696969697,,,,,,,,,,,,,,,,,,,"George Soriano","21863",666277
"Connor Brogdon","LAA",2,2,0,4.7321,34,0,0,3,,34,147,33,19,18,7,14,,1,32,8.57695,3.71351,2.30966,1.80607,0.220261,0.0953647,0.12489580363035202,0.248565,1.3752,0.280227,0.734463,,,5.14435,-0.149947,-0.129988,999,,,,,,,110.70000000000003,3.2558823529411773,110,3.235294117647059,,,,,,,,,,,,,,,,,,,"Connor Brogdon","21205",641401
"Jordan Leasure","CHW",1,3,0,4.73806,41,0,8,6,,41,179,38,23,21,7,20,,2,42,9.15289,4.48062,2.04277,1.48999,0.231689,0.113419,0.11826988309621811,0.244614,1.44018,0.290952,0.718262,,,4.80893,-0.156323,-0.384484,741.52001953125,,,,,,,200.50000000000006,4.890243902439026,196,4.780487804878049,,,,,,,,,,,,,,,,,,,"Jordan Leasure","29950",673929
"Tanner Rainey","PIT",1,2,0,4.82204,42,0,0,7,,42,188,40,25,23,7,22,,2,40,8.54539,4.766,1.79299,1.4724,0.213632,0.119149,0.09448368102312088,0.245921,1.47857,0.286028,0.717228,,,5.06361,-0.22421,-0.229455,750.4600219726562,,,,,,,156.70000000000005,3.730952380952382,155,3.6904761904761907,,,,,,,,,,,,,,,,,,,"Tanner Rainey","17610",663432
"Jeff Brigham","ARI",0,0,0,4.5,32,0,0,3,,32,146,29,19,16,6,16,,3,36,9.9,4.5,2.2,1.8,0.244444,0.111111,0.13333333283662796,0.230769,1.4,0.269231,0.714286,,,5.27933,-0.234494,-0.147513,999,,,,,,,114.6,3.58125,109,3.40625,,,,,,,,,,,,,,,,,,,"Jeff Brigham","16631",656257
"Steven Wilson","CHW",2,3,0,4.65846,40,0,6,6,,40,175,34,23,21,7,22,,2,42,9.39252,4.96231,1.89277,1.54872,0.2391,0.126323,0.11277726292610168,0.225149,1.39693,0.265164,0.721714,,,5.05674,-0.247111,-0.436214,999,,,,,,,187.49999999999997,4.687499999999999,175,4.375,,,,,,,,,,,,,,,,,,,"Steven Wilson","20353",621051
"Dan Altavilla","CHW",0,6,0,4.99509,39,0,1,7,,39,173,38,23,22,6,19,,3,35,8.1014,4.36888,1.85434,1.40892,0.202431,0.109166,0.0932651236653328,0.251397,1.46267,0.289943,0.69111,,,4.9926,-0.279142,-0.382702,999,,,,,,,153,3.923076923076923,154,3.948717948717949,,,,,,,,,,,,,,,,,,,"Dan Altavilla","16507",656186