Name,Team,W,L,QS,ERA,G,GS,SV,HLD,BS,IP,TBF,H,R,ER,HR,BB,IBB,HBP,SO,K/9,BB/9,K/BB,HR/9,K%,BB%,K-BB%,AVG,WHIP,BABIP,LOB%,GB%,HR/FB,FIP,WAR,RA9-WAR,ADP,InterSD,InterSK,IntraSD,Vol,Skew,Dim,FPTS,FPTS/IP,SPTS,SPTS/IP,P10,P20,P30,P40,P50,P60,P70,P80,P90,TT10,TT20,TT30,TT40,TT50,TT60,TT70,TT80,TT90,NameASCII,PlayerId,MLBAMID
"Tarik Skubal","DET",5,2,7,2.78897,10,10,0,0,,65,255,51,22,20,6,13,,2,77,10.6353,1.75943,6.04475,0.832901,0.300949,0.0497868,0.25116177648305893,0.212676,0.981555,0.286363,0.756723,,,2.62153,2.04219,1.88663,13.8100004196167,,,,,,,383.6,5.901538461538462,356,5.476923076923077,,,,,,,,,,,,,,,,,,,"Tarik Skubal","22267",669373
"Paul Skenes","PIT",4,3,7,2.8791,10,10,0,0,,61,244,48,21,19,5,17,,2,71,10.5236,2.47259,4.25612,0.741499,0.291438,0.0684752,0.22296322137117386,0.213405,1.06422,0.288871,0.755107,,,2.7607,1.74776,1.8369,10.890000343322754,,,,,,,350.1000000000001,5.739344262295083,325,5.327868852459017,,,,,,,,,,,,,,,,,,,"Paul Skenes","33677",694973
"Zack Wheeler","PHI",5,3,7,3.17214,11,11,0,0,,68,271,54,26,24,7,17,,3,77,10.2457,2.27193,4.50971,0.981342,0.284408,0.0630657,0.22134274244308472,0.215633,1.05243,0.280587,0.743875,,,3.10919,1.71613,1.72901,21.649999618530273,,,,,,,370.70000000000005,5.451470588235295,343,5.044117647058823,,,,,,,,,,,,,,,,,,,"Zack Wheeler","10310",554430
"Logan Webb","SFG",4,3,7,3.24492,11,11,0,0,,67,276,63,26,24,5,15,,2,62,8.2494,2.01213,4.09983,0.653716,0.22339,0.0544875,0.168902188539505,0.244492,1.16528,0.30361,0.727143,,,2.95561,1.55127,1.52089,98.33999633789062,,,,,,,343.49999999999994,5.126865671641791,343,5.119402985074627,,,,,,,,,,,,,,,,,,,"Logan Webb","17995",657277
"Garrett Crochet","BOS",4,2,6,3.15396,10,10,0,0,,55,219,43,21,19,6,16,,2,69,11.3811,2.57818,4.41441,0.913404,0.314734,0.0712969,0.24343685060739517,0.213509,1.07647,0.294987,0.744402,,,2.83381,1.5476,1.424,23.670000076293945,,,,,,,305.4,5.552727272727273,281,5.109090909090909,,,,,,,,,,,,,,,,,,,"Garrett Crochet","27463",676979
"Yoshinobu Yamamoto","LAD",5,3,6,3.4158,10,10,0,0,,59,241,50,24,23,6,16,,2,64,9.64233,2.47741,3.89211,0.929216,0.264076,0.067849,0.19622664153575897,0.224392,1.11716,0.286601,0.724464,,,3.20521,1.40334,1.28086,59.349998474121094,,,,,,,306.8,5.2,291,4.932203389830509,,,,,,,,,,,,,,,,,,,"Yoshinobu Yamamoto","33825",808967
"Max Fried","NYY",5,3,6,3.29913,10,10,0,0,,63,258,56,25,23,6,17,,2,60,8.53831,2.4397,3.49973,0.831076,0.231278,0.0660844,0.16519340127706528,0.232979,1.15441,0.287589,0.737431,,,3.32493,1.375,1.38563,96.06999969482422,,,,,,,309.80000000000007,4.917460317460319,300,4.761904761904762,,,,,,,,,,,,,,,,,,,"Max Fried","13743",608331
"Jacob deGrom","TEX",3,2,6,3.20674,10,10,0,0,,53,210,43,20,19,6,11,,2,61,10.3448,1.93455,5.34736,1.08446,0.289925,0.0542183,0.2357066050171852,0.217618,1.02332,0.281372,0.744222,,,3.10764,1.35877,1.27164,49.810001373291016,,,,,,,289.6,5.464150943396227,270,5.09433962264151,,,,,,,,,,,,,,,,,,,"Jacob deGrom","10954",594798
"Spencer Strider","ATL",5,3,6,3.52005,10,10,0,0,,61,247,47,26,24,7,21,,2,80,11.8231,3.17421,3.72474,1.07043,0.322063,0.0864659,0.23559684306383133,0.210757,1.12977,0.291928,0.731519,,,3.18472,1.34131,1.21642,101.01000213623047,,,,,,,334.1000000000001,5.47704918032787,305,5,,,,,,,,,,,,,,,,,,,"Spencer Strider","27498",675911
"Framber Valdez","HOU",5,3,6,3.35427,10,10,0,0,,64,266,56,26,24,6,21,,3,63,8.90764,2.91399,3.05685,0.773523,0.238289,0.0779524,0.16033648699522018,0.230119,1.19467,0.289771,0.734928,,,3.33505,1.31321,1.34264,61.900001525878906,,,,,,,308.20000000000005,4.815625000000001,296,4.625,,,,,,,,,,,,,,,,,,,"Framber Valdez","17295",664285
"Tyler Glasnow","LAD",4,2,6,3.5787,10,10,0,0,,55,222,44,24,22,7,18,,1,67,10.9754,2.88324,3.80661,1.1483,0.30169,0.079254,0.22243548184633255,0.213935,1.11234,0.282132,0.728413,,,3.33058,1.21973,1.01315,91.72000122070312,,,,,,,283.5,5.154545454545454,261,4.745454545454545,,,,,,,,,,,,,,,,,,,"Tyler Glasnow","14374",607192
"Logan Gilbert","SEA",4,3,6,3.35507,10,10,0,0,,61,242,50,25,23,8,13,,2,67,9.90026,1.93035,5.12873,1.1546,0.277198,0.0540481,0.22314999997615814,0.217874,1.02615,0.273671,0.733509,,,3.28691,1.21794,1.07468,26.360000610351562,,,,,,,312.0000000000001,5.114754098360658,290,4.754098360655738,,,,,,,,,,,,,,,,,,,"Logan Gilbert","22250",669302
"Hunter Brown","HOU",4,3,6,3.61699,10,10,0,0,,59,246,51,26,24,6,20,,2,66,10.0402,3.10034,3.23842,0.983696,0.26813,0.0827964,0.18533331900835037,0.230553,1.21593,0.298304,0.732983,,,3.42237,1.21653,1.01058,98.58000183105469,,,,,,,296.20000000000005,5.0203389830508485,283,4.796610169491525,,,,,,,,,,,,,,,,,,,"Hunter Brown","25880",686613
"Cristopher Sánchez","PHI",4,3,6,3.47565,10,10,0,0,,60,250,56,25,23,6,17,,2,55,8.28831,2.49412,3.32314,0.853281,0.221859,0.0667617,0.15509691089391708,0.242803,1.2099,0.296524,0.733532,,,3.40863,1.2106,1.29387,144.05999755859375,,,,,,,277.6,4.626666666666667,275,4.583333333333333,,,,,,,,,,,,,,,,,,,"Cristopher Sanchez","20778",650911
"Joe Ryan","MIN",4,3,5,3.76231,10,10,0,0,,60,244,51,27,25,9,14,,3,67,9.94807,2.06581,4.81559,1.33521,0.274072,0.0569135,0.2171585001051426,0.225515,1.07687,0.279185,0.716182,,,3.6353,1.20835,0.993447,93.91999816894531,,,,,,,283.70000000000005,4.728333333333334,266,4.433333333333334,,,,,,,,,,,,,,,,,,,"Joe Ryan","21390",657746
"Dylan Cease","SDP",4,3,6,3.60031,10,10,0,0,,58,242,48,25,23,7,22,,2,69,10.6354,3.35888,3.16636,1.02351,0.285588,0.0901946,0.19539371132850647,0.220336,1.19559,0.290796,0.734066,,,3.42155,1.16353,1.00646,47.27000045776367,,,,,,,284.3,4.901724137931034,265,4.568965517241379,,,,,,,,,,,,,,,,,,,"Dylan Cease","18525",656302
"Sonny Gray","STL",4,3,6,3.61639,10,10,0,0,,58,238,52,25,23,6,15,,2,61,9.42534,2.39819,3.93019,1.00853,0.255171,0.0649259,0.19024501740932465,0.235721,1.1631,0.296686,0.72185,,,3.35361,1.15348,1.06391,122.05000305175781,,,,,,,291.20000000000005,5.020689655172415,283,4.879310344827586,,,,,,,,,,,,,,,,,,,"Sonny Gray","12768",543243
"George Kirby","SEA",4,3,6,3.59321,10,10,0,0,,60,241,56,26,24,8,10,,2,56,8.48224,1.43476,5.91196,1.14791,0.233031,0.039417,0.19361452013254166,0.243571,1.09644,0.291493,0.72175,,,3.45554,1.12198,0.894247,100.83999633789062,,,,,,,276,4.6,272,4.533333333333333,,,,,,,,,,,,,,,,,,,"George Kirby","25436",669923
"MacKenzie Gore","WSN",3,4,6,3.72762,10,10,0,0,,58,241,50,26,24,7,20,,2,66,10.2362,3.18704,3.21182,1.06464,0.272714,0.0849097,0.18780475854873657,0.230066,1.22325,0.297703,0.730926,,,3.53152,1.0893,1.00103,200.7899932861328,,,,,,,279.1,4.812068965517242,265,4.568965517241379,,,,,,,,,,,,,,,,,,,"MacKenzie Gore","22201",669022
"Nathan Eovaldi","TEX",4,3,6,3.62297,10,10,0,0,,57,231,50,25,23,7,14,,2,56,8.93869,2.19771,4.06727,1.07702,0.243699,0.0599171,0.18378212675452232,0.233887,1.13065,0.286408,0.719639,,,3.51558,1.08846,0.976867,203.2899932861328,,,,,,,269.69999999999993,4.73157894736842,258,4.526315789473684,,,,,,,,,,,,,,,,,,,"Nathan Eovaldi","9132",543135
"Tanner Bibee","CLE",4,3,6,3.77575,10,10,0,0,,61,251,55,28,26,8,17,,3,61,8.95954,2.44695,3.66151,1.22237,0.241228,0.065882,0.17534556984901428,0.235118,1.16844,0.283658,0.728238,,,3.80576,1.03247,0.905211,88.16000366210938,,,,,,,272.0000000000001,4.459016393442625,263,4.311475409836065,,,,,,,,,,,,,,,,,,,"Tanner Bibee","30134",676440
"Ranger Suárez","PHI",4,3,5,3.58134,13,9,0,0,,57,235,52,24,22,6,17,,2,52,8.20776,2.69104,3.05003,0.918712,0.219281,0.0718945,0.14738620072603226,0.240119,1.21855,0.290347,0.730748,,,3.58149,1.03068,1.04225,278.0299987792969,,,,,,,259.79999999999995,4.557894736842105,254,4.456140350877193,,,,,,,,,,,,,,,,,,,"Ranger Suarez","17277",624133
"Kevin Gausman","TOR",4,4,5,3.97259,10,10,0,0,,62,258,58,30,27,9,18,,1,62,8.97706,2.60057,3.45196,1.23655,0.240135,0.0695647,0.17057008296251297,0.242715,1.22163,0.293696,0.720746,,,3.81462,1.02079,0.783484,166.66000366210938,,,,,,,264.29999999999995,4.2629032258064505,260,4.193548387096774,,,,,,,,,,,,,,,,,,,"Kevin Gausman","14107",592332
"Blake Snell","LAD",4,2,5,3.54669,9,9,0,0,,49,205,38,21,19,6,22,,1,61,11.1094,4.05527,2.73949,1.05011,0.297388,0.108556,0.1888321340084076,0.208164,1.21559,0.278976,0.748162,,,3.56549,0.958399,0.944198,44.5099983215332,,,,,,,243,4.959183673469388,220,4.489795918367347,,,,,,,,,,,,,,,,,,,"Blake Snell","13543",605483
"Bryan Woo","SEA",4,3,6,3.6,10,10,0,0,,55,220,48,24,22,7,11,,2,51,8.45885,1.76135,4.80248,1.17522,0.233751,0.048673,0.18507807329297066,0.230729,1.06831,0.273659,0.715449,,,3.62469,0.956835,0.80062,130.55999755859375,,,,,,,259.09999999999997,4.71090909090909,247,4.490909090909091,,,,,,,,,,,,,,,,,,,"Bryan Woo","30279",693433
"Carlos Rodón","NYY",5,3,5,3.96771,10,10,0,0,,59,244,50,28,26,9,20,,3,68,10.2625,3.0188,3.39951,1.3524,0.276685,0.0813895,0.19529524445533752,0.223522,1.17195,0.279885,0.72044,,,3.89933,0.953772,0.792294,140.91000366210938,,,,,,,262.90000000000003,4.455932203389831,245,4.1525423728813555,,,,,,,,,,,,,,,,,,,"Carlos Rodon","16137",607074
"Brandon Woodruff","MIL",3,3,5,3.8064,9,9,0,0,,54,223,48,25,23,7,15,,2,54,9.03928,2.49732,3.6196,1.2394,0.244176,0.0674596,0.1767169013619423,0.233464,1.16378,0.282037,0.72511,,,3.8227,0.937762,0.818814,254.5399932861328,,,,,,,245.7,4.55,236,4.37037037037037,,,,,,,,,,,,,,,,,,,"Brandon Woodruff","16162",605540
"Hunter Greene","CIN",3,3,4,3.86167,8,8,0,0,,49,203,40,23,21,7,17,,4,58,10.6948,3.10769,3.44139,1.33325,0.287678,0.0835935,0.2040841355919838,0.216822,1.1506,0.27639,0.725415,,,3.88919,0.937511,0.849154,94.69999694824219,,,,,,,225.5,4.6020408163265305,207,4.224489795918367,,,,,,,,,,,,,,,,,,,"Hunter Greene","22182",668881
"Jesús Luzardo","PHI",4,3,5,3.90596,10,10,0,0,,55,230,49,26,24,7,18,,2,59,9.6176,2.94207,3.26899,1.18035,0.256639,0.0785073,0.17813192307949066,0.234936,1.2205,0.29282,0.722128,,,3.73889,0.926193,0.855366,235.11000061035156,,,,,,,251.49999999999997,4.572727272727272,242,4.4,,,,,,,,,,,,,,,,,,,"Jesus Luzardo","19959",666200
"Drew Rasmussen","TBR",3,3,4,3.55385,15,8,0,0,,52,212,47,22,20,5,13,,2,48,8.36351,2.21589,3.77433,0.947399,0.227128,0.0601772,0.1669512763619423,0.236833,1.14927,0.287129,0.718697,,,3.43528,0.923675,0.776689,241.27999877929688,,,,,,,252.10000000000002,4.848076923076923,246,4.730769230769231,,,,,,,,,,,,,,,,,,,"Drew Rasmussen","25385",656876
"Freddy Peralta","MIL",4,3,5,3.8429,10,10,0,0,,58,240,48,27,25,8,21,,3,64,9.89171,3.27203,3.02311,1.25133,0.265353,0.0877749,0.17757799476385117,0.220023,1.18444,0.273528,0.727753,,,3.93282,0.907964,0.863553,103.55999755859375,,,,,,,262.00000000000006,4.517241379310346,242,4.172413793103448,,,,,,,,,,,,,,,,,,,"Freddy Peralta","18679",642547
"Matthew Boyd","CHC",4,3,5,3.84465,10,10,0,0,,56,235,52,26,24,7,16,,3,56,8.90352,2.60354,3.41977,1.19319,0.237688,0.0695041,0.16818416863679886,0.239353,1.20497,0.289631,0.726572,,,3.84441,0.879679,0.816648,323.04998779296875,,,,,,,248.10000000000008,4.430357142857145,244,4.357142857142857,,,,,,,,,,,,,,,,,,,"Matthew Boyd","15440",571510
"Chris Bassitt","TOR",4,3,5,4.057,10,10,0,0,,58,248,56,29,26,8,18,,4,54,8.40275,2.8187,2.98107,1.16079,0.21979,0.0737285,0.14606165885925293,0.248433,1.2751,0.296491,0.717315,,,4.02757,0.879321,0.635717,344.04998779296875,,,,,,,227.20000000000007,3.917241379310346,228,3.9310344827586206,,,,,,,,,,,,,,,,,,,"Chris Bassitt","12304",605135
"Cole Ragans","KCR",2,2,4,3.40896,6,6,0,0,,37,151,30,15,14,4,13,,1,44,10.892,3.23621,3.36567,0.923562,0.292752,0.0869817,0.20577018707990646,0.220439,1.18411,0.297383,0.742374,,,3.18457,0.875299,0.84659,45.599998474121094,,,,,,,192.60000000000002,5.205405405405406,179,4.837837837837838,,,,,,,,,,,,,,,,,,,"Cole Ragans","21846",666142
"Michael Wacha","KCR",4,3,5,4.10268,10,10,0,0,,59,249,58,29,27,8,17,,2,49,7.49386,2.56815,2.918,1.1862,0.197711,0.0677557,0.12995542585849762,0.250748,1.26135,0.28833,0.711216,,,4.09565,0.868584,0.810555,278.1300048828125,,,,,,,228.40000000000003,3.871186440677967,232,3.9322033898305087,,,,,,,,,,,,,,,,,,,"Michael Wacha","14078",608379
"Seth Lugo","KCR",4,3,5,3.98968,10,10,0,0,,60,253,58,29,27,7,17,,2,52,7.73818,2.48138,3.11849,1.11125,0.204946,0.0657194,0.13922619074583054,0.249826,1.24481,0.292016,0.711756,,,3.92425,0.86592,0.87455,179.72999572753906,,,,,,,254.09999999999997,4.234999999999999,256,4.266666666666667,,,,,,,,,,,,,,,,,,,"Seth Lugo","12447",607625
"Sandy Alcantara","MIA",3,4,5,4.05948,10,10,0,0,,64,269,62,31,29,7,19,,2,53,7.45511,2.73844,2.7224,1.00331,0.196041,0.0720104,0.12403054535388947,0.250842,1.27863,0.293045,0.702284,,,3.90582,0.864236,0.919596,137.64999389648438,,,,,,,269.3,4.2078125,272,4.25,,,,,,,,,,,,,,,,,,,"Sandy Alcantara","18684",645261
"Mitch Keller","PIT",3,4,5,4.25705,10,10,0,0,,60,256,60,31,28,7,18,,4,52,7.80983,2.6427,2.95525,1.063,0.203704,0.0689296,0.13477467745542526,0.255151,1.29046,0.300833,0.690003,,,3.94938,0.834576,0.684722,298.9200134277344,,,,,,,239.89999999999998,3.998333333333333,247,4.116666666666666,,,,,,,,,,,,,,,,,,,"Mitch Keller","17594",656605
"Merrill Kelly","ARI",4,3,5,3.89802,10,10,0,0,,60,249,55,28,26,7,18,,2,56,8.41464,2.70336,3.11266,1.12212,0.224871,0.072244,0.15262725949287415,0.240392,1.2213,0.287319,0.717006,,,3.82169,0.832253,0.95958,300.7300109863281,,,,,,,266.9,4.448333333333333,261,4.35,,,,,,,,,,,,,,,,,,,"Merrill Kelly","11156",518876
"Nick Pivetta","SDP",3,3,5,3.95738,10,10,0,0,,58,236,49,28,25,9,17,,2,65,10.0883,2.72669,3.69982,1.43498,0.273785,0.0739996,0.19978564232587814,0.226876,1.15681,0.279649,0.727155,,,3.9132,0.832092,0.678743,173.72000122070312,,,,,,,264.1,4.55344827586207,246,4.241379310344827,,,,,,,,,,,,,,,,,,,"Nick Pivetta","15454",601713
"Jack Flaherty","DET",4,3,5,3.92322,9,9,0,0,,53,221,47,25,23,7,18,,3,58,9.89697,3.03113,3.26511,1.22052,0.262895,0.0805165,0.1823785975575447,0.233766,1.22459,0.293532,0.725569,,,3.80922,0.831221,0.733782,138.3800048828125,,,,,,,236.90000000000003,4.469811320754718,227,4.283018867924528,,,,,,,,,,,,,,,,,,,"Jack Flaherty","17479",656427
"José Soriano","LAA",3,3,5,3.8065,10,10,0,0,,54,232,49,25,23,4,23,,3,48,8.03971,3.92892,2.04629,0.728079,0.20643,0.10088,0.10555007308721542,0.239683,1.3539,0.293168,0.720737,,,3.85539,0.818179,0.84019,324.3900146484375,,,,,,,241.00000000000003,4.462962962962964,236,4.37037037037037,,,,,,,,,,,,,,,,,,,"Jose Soriano","22100",667755
"Luis Castillo","SEA",4,3,6,3.78162,10,10,0,0,,61,251,54,28,25,8,18,,2,58,8.59564,2.65247,3.24062,1.23048,0.231077,0.0713065,0.1597706824541092,0.235222,1.18974,0.279483,0.734249,,,3.9418,0.815782,0.732823,100.88999938964844,,,,,,,268.60000000000014,4.403278688524592,257,4.213114754098361,,,,,,,,,,,,,,,,,,,"Luis Castillo","15689",622491
"Michael King","SDP",3,2,4,3.52257,7,7,0,0,,43,179,37,18,17,5,15,,2,47,9.86975,3.1319,3.15136,1.05039,0.264297,0.0838675,0.1804293915629387,0.22575,1.19646,0.287516,0.746351,,,3.58661,0.813846,0.806852,62.720001220703125,,,,,,,203.5,4.732558139534884,193,4.488372093023256,,,,,,,,,,,,,,,,,,,"Michael King","19853",650633
"Shota Imanaga","CHC",4,3,5,3.81686,10,10,0,0,,61,250,56,28,26,10,14,,2,59,8.65601,2.10061,4.12072,1.46337,0.235317,0.0571057,0.1782109998166561,0.238953,1.14708,0.27825,0.746218,,,4.07093,0.792172,0.924356,78.08999633789062,,,,,,,252.8000000000001,4.144262295081969,245,4.016393442622951,,,,,,,,,,,,,,,,,,,"Shota Imanaga","33829",684007
"Brad Lord","WSN",2,3,4,4.22261,13,9,0,0,,59,253,58,30,28,6,20,,3,49,7.49713,3.10942,2.4111,0.941726,0.193316,0.0801776,0.1131385788321495,0.254825,1.34061,0.300082,0.695604,,,3.99638,0.76648,0.597148,999,,,,,,,241,4.084745762711864,246,4.169491525423729,,,,,,,,,,,,,,,,,,,"Brad Lord","31972",695418
"Yusei Kikuchi","LAA",3,3,5,4.01123,10,10,0,0,,57,241,53,28,25,9,20,,2,60,9.52231,3.13132,3.04099,1.39364,0.25047,0.0823645,0.1681053340435028,0.242482,1.28023,0.29539,0.748309,,,4.12525,0.764688,0.718779,170.38999938964844,,,,,,,227.29999999999995,3.9877192982456133,222,3.8947368421052633,,,,,,,,,,,,,,,,,,,"Yusei Kikuchi","20633",579328
"David Peterson","NYM",3,3,5,3.7678,10,10,0,0,,55,237,53,25,23,5,21,,3,50,8.17847,3.42523,2.38771,0.889013,0.211891,0.0887425,0.12314894795417786,0.246357,1.33145,0.298746,0.734521,,,3.84368,0.755754,0.803169,326.9200134277344,,,,,,,235.7,4.285454545454545,238,4.327272727272727,,,,,,,,,,,,,,,,,,,"David Peterson","20302",656849
"Nick Lodolo","CIN",3,3,5,4.08145,9,9,0,0,,51,216,47,25,23,7,15,,5,52,9.17141,2.63295,3.48332,1.28449,0.240856,0.0691453,0.17171022295951843,0.240857,1.21624,0.292143,0.711618,,,4.09536,0.7452,0.77528,235.97999572753906,,,,,,,213.10000000000008,4.178431372549021,208,4.078431372549019,,,,,,,,,,,,,,,,,,,"Nick Lodolo","26378",666157
"Kodai Senga","NYM",4,2,5,3.67666,9,9,0,0,,52,221,44,23,21,6,23,,3,55,9.5272,3.92241,2.42891,1.03293,0.250634,0.103188,0.14744646847248077,0.222577,1.26773,0.279666,0.744037,,,3.92314,0.740104,0.829606,155.4199981689453,,,,,,,228.6,4.396153846153846,214,4.115384615384615,,,,,,,,,,,,,,,,,,,"Kodai Senga","31838",673540
"Zac Gallen","ARI",4,3,6,4.08686,11,11,0,0,,62,263,59,31,28,8,21,,2,60,8.7423,3.09655,2.82324,1.1178,0.229673,0.0813509,0.14832229167222977,0.24429,1.28474,0.296351,0.712204,,,3.89812,0.7301,0.777435,119.88999938964844,,,,,,,258,4.161290322580645,257,4.145161290322581,,,,,,,,,,,,,,,,,,,"Zac Gallen","19291",668678
"Eduardo Rodriguez","ARI",3,3,4,4.0975,12,9,0,0,,51,218,50,25,23,7,17,,1,49,8.62243,2.9695,2.90366,1.15327,0.225485,0.0776555,0.14782977849245071,0.252446,1.31264,0.30449,0.721621,,,3.90841,0.724479,0.680596,376.4800109863281,,,,,,,205.30000000000007,4.025490196078433,208,4.078431372549019,,,,,,,,,,,,,,,,,,,"Eduardo Rodriguez","13164",593958
"Will Warren","NYY",3,3,4,4.29097,14,9,0,0,,49,209,46,25,23,6,18,,2,52,9.54241,3.28961,2.90077,1.11692,0.248981,0.0858329,0.16314848512411118,0.243956,1.30449,0.305815,0.695344,,,3.81138,0.716847,0.352193,382.8500061035156,,,,,,,213.20000000000002,4.351020408163266,211,4.3061224489795915,,,,,,,,,,,,,,,,,,,"Will Warren","30182",701542
"Ryan Pepiot","TBR",4,4,5,4.07891,10,10,0,0,,56,235,50,28,25,9,20,,3,57,9.11184,3.18088,2.86457,1.40374,0.241214,0.084206,0.15700771659612656,0.232902,1.23695,0.277148,0.730744,,,4.30415,0.706722,0.643012,166.35000610351562,,,,,,,218.7000000000001,3.9053571428571447,208,3.7142857142857144,,,,,,,,,,,,,,,,,,,"Ryan Pepiot","26221",686752
"Zach Eflin","BAL",4,3,5,4.22892,10,10,0,0,,56,231,57,28,26,9,10,,2,44,7.07824,1.66919,4.24053,1.3911,0.189647,0.0447224,0.14492426067590714,0.259747,1.20655,0.289802,0.70273,,,4.17453,0.700619,0.603148,192.4199981689453,,,,,,,207.50000000000006,3.7053571428571437,215,3.8392857142857144,,,,,,,,,,,,,,,,,,,"Zach Eflin","13774",621107
"Shane Bieber","CLE",3,2,3,3.65047,8,6,0,0,,39,163,37,17,16,4,10,,1,38,8.73887,2.28572,3.82324,1.01653,0.235063,0.0614826,0.17358038574457169,0.243818,1.19225,0.298563,0.726579,,,3.46402,0.694436,0.545771,448.3999938964844,,,,,,,186.20000000000005,4.774358974358975,186,4.769230769230769,,,,,,,,,,,,,,,,,,,"Shane Bieber","19427",669456
"Bailey Ober","MIN",3,3,5,4.29548,10,10,0,0,,57,235,54,29,27,10,14,,2,53,8.35619,2.26225,3.69375,1.54757,0.223469,0.0604993,0.16296983882784843,0.247364,1.20777,0.283609,0.712478,,,4.33382,0.692504,0.592716,84.66999816894531,,,,,,,216.39999999999995,3.7964912280701744,213,3.736842105263158,,,,,,,,,,,,,,,,,,,"Bailey Ober","21224",641927
"Clay Holmes","NYM",3,3,4,3.76093,10,8,0,0,,48,205,44,22,20,4,19,,3,44,8.24426,3.49368,2.35976,0.813262,0.214055,0.0907106,0.12334485352039337,0.239957,1.30899,0.293342,0.722861,,,3.75908,0.685935,0.659825,205.64999389648438,,,,,,,213.60000000000005,4.450000000000001,210,4.375,,,,,,,,,,,,,,,,,,,"Clay Holmes","13649",605280
"Brayan Bello","BOS",4,3,5,4.15102,9,9,0,0,,52,226,52,26,24,6,19,,3,46,7.95829,3.26308,2.43889,1.01029,0.205277,0.0841681,0.1211085319519043,0.252558,1.34662,0.300638,0.710647,,,4.01489,0.685332,0.69812,372.8999938964844,,,,,,,201.8,3.880769230769231,208,4,,,,,,,,,,,,,,,,,,,"Brayan Bello","23920",678394
"Aaron Nola","PHI",3,3,4,4.04147,8,8,0,0,,47,193,44,23,21,7,12,,2,46,8.88277,2.29936,3.86315,1.36798,0.238391,0.0617089,0.17668204382061958,0.244597,1.19773,0.291253,0.720486,,,3.95599,0.684267,0.650166,88.30000305175781,,,,,,,197.30000000000004,4.1978723404255325,194,4.127659574468085,,,,,,,,,,,,,,,,,,,"Aaron Nola","16149",605400
"Gavin Williams","CLE",3,3,5,4.05243,10,10,0,0,,52,222,46,25,23,6,23,,2,53,9.22717,3.89645,2.3681,1.08969,0.240184,0.101425,0.13875898718833923,0.23299,1.31689,0.288134,0.721176,,,4.03765,0.680141,0.651031,195.02999877929688,,,,,,,222.4,4.276923076923077,213,4.096153846153846,,,,,,,,,,,,,,,,,,,"Gavin Williams","30122",668909
"Michael McGreevy","STL",3,3,4,3.94559,21,8,0,0,,57,242,59,27,25,6,14,,2,43,6.79295,2.18328,3.11136,0.931958,0.1795,0.0576919,0.12180830538272858,0.259734,1.2636,0.298587,0.703612,,,3.7484,0.678341,0.537574,452.6199951171875,,,,,,,232.6,4.080701754385965,245,4.298245614035087,,,,,,,,,,,,,,,,,,,"Michael McGreevy","29869",700241
"Casey Mize","DET",3,3,5,4.13685,9,9,0,0,,51,214,51,25,23,6,14,,2,41,7.36378,2.47016,2.98109,1.15049,0.1937,0.0649762,0.12872382998466492,0.255813,1.27477,0.294329,0.707379,,,4.0569,0.676214,0.606981,357.7300109863281,,,,,,,205.00000000000003,4.019607843137256,211,4.137254901960785,,,,,,,,,,,,,,,,,,,"Casey Mize","20492",663554
"Zebby Matthews","MIN",2,2,4,4.25612,11,8,0,0,,44,185,44,23,21,7,10,,2,43,8.70466,2.07602,4.19295,1.36064,0.231886,0.0553039,0.17658238485455513,0.254986,1.22663,0.30305,0.702093,,,3.9162,0.67323,0.395078,406.510009765625,,,,,,,175.1,3.9795454545454545,179,4.068181818181818,,,,,,,,,,,,,,,,,,,"Zebby Matthews","31827",805673
"Cade Smith","CLE",2,1,0,2.84186,23,0,6,3,,23,92,17,8,7,2,8,,1,30,12.0555,3.0549,3.9463,0.629746,0.330277,0.0836929,0.2465842291712761,0.205956,1.09422,0.303645,0.75382,,,2.49364,0.670437,0.547924,368.2799987792969,,,,,,,176.40000000000003,7.669565217391306,164,7.130434782608695,,,,,,,,,,,,,,,,,,,"Cade Smith","27867",671922
"Sean Manaea","NYM",3,3,5,4.11438,10,10,0,0,,54,228,48,27,25,8,19,,2,54,8.9137,3.0837,2.89059,1.25903,0.236222,0.081721,0.15450069308280945,0.234519,1.23488,0.281329,0.710254,,,4.0924,0.66885,0.525073,251.00999450683594,,,,,,,221.40000000000003,4.1000000000000005,211,3.9074074074074074,,,,,,,,,,,,,,,,,,,"Sean Manaea","15873",640455
"Max Scherzer","TOR",3,3,4,3.95237,8,8,0,0,,45,183,39,21,20,8,12,,2,46,9.22405,2.33905,3.94351,1.52541,0.250556,0.0635362,0.18701941519975662,0.231979,1.13885,0.273444,0.733739,,,4.14844,0.65476,0.650297,273.1400146484375,,,,,,,183.20000000000002,4.071111111111112,171,3.8,,,,,,,,,,,,,,,,,,,"Max Scherzer","3137",453286
"José Berríos","TOR",4,4,5,4.27697,10,10,0,0,,63,267,61,33,30,10,19,,3,54,7.67347,2.76993,2.77027,1.37261,0.201167,0.0726163,0.1285506933927536,0.24925,1.27389,0.283389,0.714228,,,4.45427,0.653487,0.537708,242.77000427246094,,,,,,,226.60000000000005,3.596825396825398,227,3.6031746031746033,,,,,,,,,,,,,,,,,,,"Jose Berrios","14168",621244
"Mason Miller","ATH",1,1,0,2.89352,21,0,9,1,,21,83,14,7,7,2,8,,1,31,13.2357,3.36479,3.93358,0.886775,0.367663,0.0934678,0.27419524639844894,0.18843,1.04951,0.286197,0.767964,,,2.67281,0.647722,0.632826,45.09000015258789,,,,,,,178.4,8.495238095238095,163,7.761904761904762,,,,,,,,,,,,,,,,,,,"Mason Miller","31757",695243
"Eury Pérez","MIA",2,3,4,4.06295,9,9,0,0,,45,188,40,22,20,7,16,,2,47,9.51058,3.18936,2.98197,1.31689,0.252596,0.0847077,0.1678878664970398,0.232906,1.23791,0.284586,0.723303,,,4.04884,0.641581,0.625468,503.1199951171875,,,,,,,182.89999999999998,4.064444444444444,174,3.8666666666666667,,,,,,,,,,,,,,,,,,,"Eury Perez","27768",691587
"Matthew Liberatore","STL",3,3,4,4.09958,15,9,0,0,,54,226,53,27,24,6,15,,2,46,7.65522,2.56901,2.97983,1.04904,0.201821,0.0677291,0.1340920329093933,0.251878,1.26519,0.295347,0.69879,,,3.87875,0.634612,0.563283,653.6400146484375,,,,,,,229,4.2407407407407405,233,4.314814814814815,,,,,,,,,,,,,,,,,,,"Matthew Liberatore","22294",669461
"Robbie Ray","SFG",4,3,5,3.88596,10,10,0,0,,57,238,49,27,25,8,21,,3,64,10.0961,3.3035,3.05619,1.30146,0.268133,0.0877344,0.1803983747959137,0.227495,1.22402,0.284878,0.738765,,,3.97682,0.631842,0.748826,132.1699981689453,,,,,,,251.99999999999997,4.421052631578947,237,4.157894736842105,,,,,,,,,,,,,,,,,,,"Robbie Ray","11486",592662
"Noah Cameron","KCR",3,3,4,4.11118,18,9,0,0,,58,243,55,29,26,7,18,,2,48,7.57345,2.84816,2.65907,1.12987,0.199462,0.075012,0.12444992363452911,0.247389,1.273,0.286599,0.707666,,,4.09617,0.622414,0.696355,646.5800170898438,,,,,,,236.10000000000002,4.070689655172414,235,4.051724137931035,,,,,,,,,,,,,,,,,,,"Noah Cameron","30184",702070
"Griffin Jax","MIN",2,1,0,3.07441,22,0,8,1,,22,87,18,8,7,2,6,,1,27,11.3352,2.38466,4.75339,0.820448,0.312692,0.065783,0.24690908938646317,0.218826,1.08012,0.304902,0.744166,,,2.66441,0.610105,0.52714,286.989990234375,,,,,,,168.40000000000003,7.654545454545456,161,7.318181818181818,,,,,,,,,,,,,,,,,,,"Griffin Jax","20253",643377
"Brandon Pfaadt","ARI",4,3,5,4.27467,10,10,0,0,,54,226,54,28,26,8,13,,2,51,8.51648,2.17249,3.92015,1.36433,0.225872,0.0576182,0.1682540588080883,0.254667,1.23621,0.300242,0.703085,,,4.0176,0.606012,0.575911,178.5399932861328,,,,,,,217.80000000000004,4.033333333333334,223,4.12962962962963,,,,,,,,,,,,,,,,,,,"Brandon Pfaadt","27782",694297
"Brady Singer","CIN",3,4,5,4.54239,10,10,0,0,,55,236,55,30,28,8,18,,3,49,8.08321,2.92785,2.76081,1.36762,0.209359,0.0758325,0.1335262581706047,0.25669,1.33024,0.297736,0.699457,,,4.39448,0.602237,0.536369,331.239990234375,,,,,,,200.60000000000002,3.647272727272728,206,3.7454545454545456,,,,,,,,,,,,,,,,,,,"Brady Singer","25377",663903
"Erick Fedde","ATL",3,4,5,4.33102,10,10,0,0,,60,256,59,31,29,8,20,,2,48,7.12172,3.04227,2.34093,1.16695,0.185755,0.0793509,0.10640375316143036,0.25236,1.32028,0.286943,0.700072,,,4.29631,0.601599,0.624861,335.6700134277344,,,,,,,222.20000000000002,3.7033333333333336,226,3.7666666666666666,,,,,,,,,,,,,,,,,,,"Erick Fedde","17425",607200
"Shane Baz","TBR",4,3,4,4.24755,14,10,0,0,,57,242,52,29,27,8,21,,3,53,8.37527,3.32821,2.51644,1.2973,0.218917,0.0869946,0.13192253559827805,0.238696,1.28409,0.279482,0.712472,,,4.36458,0.595073,0.477519,198.6699981689453,,,,,,,222.2,3.8982456140350874,215,3.7719298245614037,,,,,,,,,,,,,,,,,,,"Shane Baz","22264",669358
"Andrew Abbott","CIN",3,3,5,4.36035,10,10,0,0,,54,228,51,28,26,9,19,,1,50,8.41362,3.21061,2.62057,1.56372,0.220466,0.084129,0.13633675873279572,0.245406,1.30328,0.281175,0.732681,,,4.62913,0.587202,0.668377,505.7099914550781,,,,,,,196.30000000000004,3.6351851851851857,193,3.574074074074074,,,,,,,,,,,,,,,,,,,"Andrew Abbott","29911",671096
"Luis Severino","ATH",3,4,5,4.43594,10,10,0,0,,58,247,57,31,29,8,19,,3,45,7.05667,2.8809,2.44947,1.2866,0.184113,0.0751644,0.10894844681024551,0.251297,1.29682,0.281707,0.693983,,,4.49637,0.586263,0.532725,302.3599853515625,,,,,,,206.60000000000008,3.5620689655172426,210,3.6206896551724137,,,,,,,,,,,,,,,,,,,"Luis Severino","15890",622663
"Andre Pallante","STL",3,3,4,4.10643,17,9,0,0,,59,256,60,29,27,5,22,,2,42,6.38853,3.3549,1.90424,0.784465,0.164271,0.086266,0.07800497859716415,0.257158,1.38015,0.294907,0.702798,,,4.01495,0.580001,0.564665,532.9000244140625,,,,,,,231.10000000000002,3.916949152542373,242,4.101694915254237,,,,,,,,,,,,,,,,,,,"Andre Pallante","26108",669467
"Shohei Ohtani","LAD",2,1,3,3.60358,5,5,0,0,,29,118,23,12,11,4,10,,1,33,10.2886,3.04382,3.38014,1.14601,0.277584,0.0821221,0.19546230137348175,0.219783,1.15793,0.281551,0.737719,,,3.62495,0.577978,0.606637,1.5499999523162842,,,,,,,138.60000000000002,4.779310344827587,126,4.344827586206897,,,,,,,,,,,,,,,,,,,"Shohei Ohtani","19755",660271
"Kumar Rocker","TEX",3,3,3,4.14908,12,7,0,0,,40,170,39,20,19,5,13,,2,38,8.59646,2.84105,3.02581,1.0754,0.225102,0.0743942,0.15070811659097672,0.250497,1.28824,0.303813,0.702209,,,3.8153,0.56753,0.378561,311.8500061035156,,,,,,,164.1,4.1025,166,4.15,,,,,,,,,,,,,,,,,,,"Kumar Rocker","31843",677958
"Chris Paddack","DET",3,3,4,4.52653,9,9,0,0,,50,211,51,27,25,7,13,,1,40,7.19034,2.32569,3.0917,1.32776,0.189288,0.0612245,0.12806355208158493,0.260548,1.28376,0.293694,0.68424,,,4.26631,0.565423,0.341169,524.5900268554688,,,,,,,189.29999999999998,3.7859999999999996,197,3.94,,,,,,,,,,,,,,,,,,,"Chris Paddack","20099",663978
"Kyle Freeland","COL",2,4,4,5.10881,10,10,0,0,,58,254,67,36,33,9,15,,2,42,6.48471,2.32695,2.78678,1.42572,0.165369,0.0593406,0.10602882876992226,0.284315,1.41458,0.313018,0.668657,,,4.58166,0.564908,0.401753,724.9400024414062,,,,,,,177.30000000000007,3.0568965517241393,206,3.5517241379310347,,,,,,,,,,,,,,,,,,,"Kyle Freeland","16256",607536
"Edwin Díaz","NYM",2,1,0,2.91613,21,0,11,1,,21,84,14,7,7,2,8,,1,30,13.004,3.30393,3.93592,0.845094,0.358871,0.0911784,0.267692394554615,0.19215,1.05926,0.289941,0.762092,,,2.69334,0.564829,0.573121,43.040000915527344,,,,,,,186.4,8.876190476190477,171,8.142857142857142,,,,,,,,,,,,,,,,,,,"Edwin Diaz","14710",621242
"Pablo López","MIN",2,1,3,3.77508,5,5,0,0,,29,120,27,13,12,4,7,,1,30,9.23647,2.20343,4.19185,1.12083,0.249953,0.0596281,0.19032439216971397,0.237853,1.15299,0.293784,0.712276,,,3.51985,0.561064,0.485459,73.29000091552734,,,,,,,131.20000000000005,4.524137931034485,129,4.448275862068965,,,,,,,,,,,,,,,,,,,"Pablo Lopez","17085",641154
"Miles Mikolas","STL",3,4,5,4.56788,10,10,0,0,,56,234,60,31,28,8,11,,2,38,6.10535,1.79268,3.4057,1.29343,0.160851,0.0472298,0.1136208288371563,0.269494,1.27264,0.294116,0.672892,,,4.30444,0.558263,0.309321,584.2000122070312,,,,,,,197,3.517857142857143,213,3.8035714285714284,,,,,,,,,,,,,,,,,,,"Miles Mikolas","9803",571945
"Jhoan Duran","PHI",2,1,0,2.78684,22,0,9,1,,22,91,18,7,7,2,7,,1,26,10.6496,2.98163,3.57175,0.638933,0.287348,0.0804502,0.20689811557531357,0.218664,1.14568,0.300958,0.773309,,,2.82734,0.554557,0.720999,68.86000061035156,,,,,,,168.40000000000003,7.654545454545456,161,7.318181818181818,,,,,,,,,,,,,,,,,,,"Jhoan Duran","21029",661395
"Jeffrey Springs","ATH",3,3,4,4.31668,9,9,0,0,,49,205,47,25,23,8,16,,1,43,8.01657,2.91628,2.7489,1.42215,0.211114,0.0767995,0.1343146190047264,0.247688,1.28211,0.283777,0.717109,,,4.41636,0.55269,0.568256,268.7900085449219,,,,,,,177.00000000000006,3.612244897959185,176,3.5918367346938775,,,,,,,,,,,,,,,,,,,"Jeffrey Springs","17677",605488
"Justin Verlander","SFG",3,4,5,4.29551,10,10,0,0,,55,232,55,28,26,8,16,,2,45,7.44596,2.71387,2.74367,1.26786,0.194188,0.0707767,0.1234113946557045,0.257243,1.30938,0.293922,0.710868,,,4.2948,0.551966,0.517518,334.260009765625,,,,,,,201.60000000000002,3.665454545454546,207,3.7636363636363637,,,,,,,,,,,,,,,,,,,"Justin Verlander","8700",434378
"Taj Bradley","TBR",3,2,4,4.10303,7,7,0,0,,42,174,38,21,19,6,14,,1,42,9.13985,3.0588,2.98805,1.39214,0.242098,0.0810222,0.16107627004384995,0.237661,1.24795,0.284227,0.729511,,,4.19148,0.538327,0.482263,198.11000061035156,,,,,,,177.2,4.219047619047619,171,4.071428571428571,,,,,,,,,,,,,,,,,,,"Taj Bradley","22543",671737
"Yu Darvish","SDP",3,3,4,4.13564,8,8,0,0,,46,189,42,23,21,7,13,,2,44,8.63301,2.51285,3.43555,1.36652,0.231537,0.0673946,0.16414278745651245,0.237924,1.18772,0.27948,0.705785,,,4.11867,0.532272,0.45442,285.7200012207031,,,,,,,188.10000000000008,4.089130434782611,182,3.9565217391304346,,,,,,,,,,,,,,,,,,,"Yu Darvish","13074",506433
"Clayton Kershaw","LAD",3,2,4,3.94954,7,7,0,0,,39,165,38,19,17,5,12,,1,34,7.8282,2.65893,2.94412,1.24096,0.206685,0.0702027,0.13648240268230438,0.250825,1.26852,0.290824,0.73597,,,4.1296,0.530145,0.507519,559.469970703125,,,,,,,157.3,4.033333333333333,159,4.076923076923077,,,,,,,,,,,,,,,,,,,"Clayton Kershaw","2036",477132
"Mitchell Parker","WSN",3,4,5,4.44232,10,10,0,0,,52,221,51,28,26,7,18,,1,42,7.38254,3.21928,2.29323,1.21234,0.191977,0.0837149,0.1082623302936554,0.25169,1.33646,0.287704,0.696895,,,4.353,0.527216,0.411846,502.9800109863281,,,,,,,193.10000000000005,3.7134615384615395,196,3.769230769230769,,,,,,,,,,,,,,,,,,,"Mitchell Parker","27636",680730
"Lance McCullers Jr.","HOU",3,2,3,4.06316,10,7,0,0,,42,181,38,21,19,5,19,,2,43,9.18791,4.11974,2.23022,1.07574,0.235397,0.105549,0.129847951233387,0.238747,1.3704,0.295693,0.731201,,,4.14495,0.526702,0.488123,587.7899780273438,,,,,,,173.5,4.130952380952381,168,4,,,,,,,,,,,,,,,,,,,"Lance McCullers Jr.","14120",621121
"Joe Boyle","TBR",3,3,3,4.30549,16,8,0,0,,49,215,39,25,23,5,31,,3,56,10.2496,5.69835,1.7987,1.00881,0.259079,0.144037,0.11504237353801727,0.215122,1.43073,0.279036,0.714979,,,4.33426,0.515255,0.415891,572.7999877929688,,,,,,,209.70000000000002,4.279591836734694,190,3.877551020408163,,,,,,,,,,,,,,,,,,,"Joe Boyle","29608",671212
"Edward Cabrera","MIA",2,3,4,4.29461,9,9,0,0,,48,207,42,25,23,6,23,,2,51,9.49996,4.24451,2.23817,1.1123,0.244824,0.109386,0.13543837517499924,0.231809,1.34973,0.289205,0.706258,,,4.15588,0.514039,0.511865,455.3800048828125,,,,,,,199.20000000000005,4.150000000000001,189,3.9375,,,,,,,,,,,,,,,,,,,"Edward Cabrera","21690",665795
"Lucas Giolito","BOS",3,3,4,4.63303,10,10,0,0,,54,231,53,30,28,9,19,,2,51,8.46796,3.24937,2.60603,1.44961,0.219726,0.0843144,0.1354116126894951,0.251566,1.33916,0.293253,0.700045,,,4.48427,0.495392,0.430562,412.3500061035156,,,,,,,190.10000000000002,3.5203703703703706,192,3.5555555555555554,,,,,,,,,,,,,,,,,,,"Lucas Giolito","15474",608337
"Josh Hader","HOU",2,1,0,3.15781,22,0,11,1,,22,87,15,8,8,3,8,,1,31,12.9274,3.32341,3.88978,1.18689,0.357639,0.0919433,0.2656959891319275,0.192695,1.06385,0.276334,0.776224,,,3.16695,0.49341,0.515603,40.11000061035156,,,,,,,180.9,8.222727272727273,165,7.5,,,,,,,,,,,,,,,,,,,"Josh Hader","14212",623352
"Ryne Nelson","ARI",3,3,4,4.3951,9,9,0,0,,52,219,52,27,25,7,15,,2,41,7.18234,2.62204,2.73922,1.1858,0.188549,0.0688331,0.11971604824066162,0.255223,1.28855,0.290673,0.686301,,,4.18294,0.491858,0.550892,469.8399963378906,,,,,,,194.50000000000006,3.7403846153846163,200,3.8461538461538463,,,,,,,,,,,,,,,,,,,"Ryne Nelson","26253",669194
"Janson Junk","MIA",2,3,3,4.5379,11,7,0,0,,45,194,49,25,23,6,12,,1,34,6.72931,2.39382,2.81112,1.20116,0.174107,0.0619351,0.11217180639505386,0.272928,1.35833,0.30722,0.691667,,,4.2063,0.482914,0.321641,749.0399780273438,,,,,,,160.79999999999998,3.573333333333333,176,3.911111111111111,,,,,,,,,,,,,,,,,,,"Janson Junk","23301",676083
"Simeon Woods Richardson","MIN",2,2,4,4.6117,9,9,0,0,,47,202,46,26,24,7,17,,1,40,7.56289,3.34052,2.26399,1.30071,0.19537,0.0862948,0.10907535254955292,0.25066,1.34891,0.285757,0.690701,,,4.48991,0.476028,0.279212,476.45001220703125,,,,,,,168.10000000000005,3.5765957446808523,170,3.617021276595745,,,,,,,,,,,,,,,,,,,"Simeon Woods Richardson","24494",680573
"Trevor Rogers","BAL",2,3,4,4.34315,13,9,0,0,,51,219,51,27,24,6,18,,2,42,7.41964,3.26794,2.27043,1.12711,0.190918,0.0840891,0.10682933777570724,0.255692,1.36277,0.295414,0.705918,,,4.2948,0.475781,0.350199,726.5700073242188,,,,,,,195.00000000000003,3.8235294117647065,201,3.9411764705882355,,,,,,,,,,,,,,,,,,,"Trevor Rogers","22286",669432
"Zack Littell","CIN",3,3,3,4.45339,13,7,0,0,,47,198,49,26,23,8,9,,2,37,7.02092,1.74602,4.02109,1.57937,0.186453,0.0463687,0.14008398726582527,0.262037,1.22961,0.287037,0.703059,,,4.50666,0.468501,0.50004,407.0299987792969,,,,,,,162.99999999999997,3.4680851063829783,172,3.6595744680851063,,,,,,,,,,,,,,,,,,,"Zack Littell","15823",641793
"Andrés Muñoz","SEA",1,1,0,2.63937,21,0,10,1,,21,85,15,7,6,2,8,,1,27,11.5717,3.46071,3.34374,0.691964,0.316914,0.0947782,0.22213547676801682,0.196316,1.09448,0.280895,0.786058,,,2.84038,0.46153,0.521766,60.88999938964844,,,,,,,172.8,8.22857142857143,160,7.619047619047619,,,,,,,,,,,,,,,,,,,"Andres Munoz","20373",662253
"Devin Williams","NYY",2,1,0,2.96811,21,0,9,1,,21,88,15,8,7,2,10,,1,28,11.9372,4.0879,2.92014,0.775856,0.321417,0.110069,0.21134809404611588,0.194787,1.15798,0.280654,0.770769,,,3.09903,0.45878,0.432709,40.70000076293945,,,,,,,163.8,7.800000000000001,151,7.190476190476191,,,,,,,,,,,,,,,,,,,"Devin Williams","15816",642207
"Bryce Elder","ATL",3,3,5,4.40944,10,10,0,0,,54,235,55,29,27,7,19,,2,44,7.3574,3.10126,2.37239,1.11477,0.189629,0.0799319,0.10969759523868561,0.258361,1.35832,0.298377,0.696913,,,4.22723,0.453688,0.452049,746.8400268554688,,,,,,,195.5,3.6203703703703702,204,3.7777777777777777,,,,,,,,,,,,,,,,,,,"Bryce Elder","27779",693821
"Dean Kremer","BAL",3,3,5,4.42148,10,10,0,0,,54,232,54,29,27,9,18,,2,46,7.55491,2.95136,2.5598,1.42411,0.196936,0.0769339,0.12000187486410141,0.254505,1.32138,0.287432,0.715901,,,4.54553,0.452707,0.377876,446.1499938964844,,,,,,,180.50000000000003,3.342592592592593,185,3.425925925925926,,,,,,,,,,,,,,,,,,,"Dean Kremer","19350",665152
"Luis Gil","NYY",3,2,3,4.12042,14,6,0,0,,40,170,33,20,18,6,19,,2,44,9.89925,4.3641,2.26834,1.25309,0.258424,0.113927,0.144497312605381,0.21886,1.30022,0.27194,0.726129,,,4.29323,0.448223,0.339093,472.3699951171875,,,,,,,161.39999999999998,4.034999999999999,147,3.675,,,,,,,,,,,,,,,,,,,"Luis Gil","21052",661563
"Aroldis Chapman","BOS",2,1,0,3.23689,20,0,10,1,,20,85,14,8,7,2,11,,1,30,13.2671,4.93477,2.6885,0.78987,0.35178,0.130846,0.22093380987644196,0.193764,1.24647,0.299031,0.761428,,,3.04493,0.446475,0.416146,257.5400085449219,,,,,,,165,8.25,152,7.6,,,,,,,,,,,,,,,,,,,"Aroldis Chapman","10233",547973
"Ryan Helsley","NYM",2,1,0,2.9792,21,0,2,4,,21,85,16,7,7,2,8,,1,25,10.8771,3.37517,3.22268,0.817795,0.294783,0.0914713,0.2033114805817604,0.212287,1.15926,0.289532,0.774628,,,3.07123,0.446281,0.533073,53.880001068115234,,,,,,,138.20000000000002,6.5809523809523816,128,6.095238095238095,,,,,,,,,,,,,,,,,,,"Ryan Helsley","18138",664854
"Marcus Stroman","NYY",3,3,4,4.58465,9,9,0,0,,50,216,51,27,25,6,19,,2,38,6.8339,3.41983,1.99832,1.16379,0.174584,0.0873654,0.08721835166215897,0.259566,1.40039,0.292876,0.694373,,,4.50701,0.442634,0.335168,493.20001220703125,,,,,,,176.6,3.532,185,3.7,,,,,,,,,,,,,,,,,,,"Marcus Stroman","13431",573186
"Shane Smith","CHW",2,3,3,4.34554,10,7,0,0,,40,173,38,21,19,5,16,,3,36,8.00694,3.49179,2.29308,1.15654,0.206658,0.0901226,0.11653527617454529,0.244396,1.3292,0.286869,0.699888,,,4.34281,0.441351,0.369948,558.8499755859375,,,,,,,150.7,3.7674999999999996,150,3.75,,,,,,,,,,,,,,,,,,,"Shane Smith","31687",681343
"Matt Strahm","PHI",2,1,0,3.34073,21,0,1,4,,21,86,17,9,8,3,6,,1,25,10.5162,2.35293,4.46943,1.08776,0.289314,0.0647317,0.22458208352327347,0.218733,1.07611,0.284912,0.741689,,,3.2673,0.433991,0.305483,566.0499877929688,,,,,,,124.3,5.919047619047619,116,5.523809523809524,,,,,,,,,,,,,,,,,,,"Matt Strahm","13799",621381
"Jose Quintana","MIL",3,3,4,4.32066,9,9,0,0,,52,225,52,27,25,7,20,,2,41,7.00159,3.41703,2.04903,1.13328,0.179802,0.0877499,0.09205228090286255,0.25608,1.38029,0.291219,0.713014,,,4.42914,0.432215,0.483311,476.9200134277344,,,,,,,179.50000000000006,3.451923076923078,185,3.5576923076923075,,,,,,,,,,,,,,,,,,,"Jose Quintana","11423",500779
"Jeff Hoffman","TOR",1,1,0,3.23113,21,0,9,1,,21,85,16,8,7,3,7,,1,26,11.2938,3.05469,3.69721,1.12506,0.307646,0.0832101,0.22443538904190063,0.21175,1.12103,0.28408,0.772496,,,3.36867,0.43028,0.437411,94.0199966430664,,,,,,,153.9,7.328571428571429,143,6.809523809523809,,,,,,,,,,,,,,,,,,,"Jeff Hoffman","17432",656546
"Eric Lauer","TOR",3,3,3,4.37823,13,7,0,0,,47,200,45,25,23,7,17,,2,43,8.33929,3.29671,2.52958,1.42104,0.217167,0.0858511,0.13131636381149292,0.247164,1.32169,0.286774,0.720416,,,4.49365,0.419953,0.293395,999,,,,,,,173.70000000000005,3.695744680851065,173,3.6808510638297873,,,,,,,,,,,,,,,,,,,"Eric Lauer","19316",641778
"J.T. Ginn","ATH",2,3,2,4.33954,20,5,0,0,,42,180,42,22,20,5,14,,3,37,8.02579,3.0029,2.67268,1.08895,0.207032,0.0774624,0.12956974655389786,0.25644,1.33726,0.304258,0.696278,,,4.06085,0.419276,0.273567,747.030029296875,,,,,,,163.10000000000002,3.8833333333333337,168,4,,,,,,,,,,,,,,,,,,,"J.T. Ginn","27889",669372
"Jacob Lopez","ATH",2,3,3,4.44697,10,7,0,0,,42,184,38,23,21,6,19,,3,43,9.19788,3.98901,2.3058,1.32693,0.236036,0.102366,0.1336698830127716,0.236363,1.34393,0.285192,0.709314,,,4.52022,0.418155,0.419757,999,,,,,,,158.2,3.7666666666666666,152,3.619047619047619,,,,,,,,,,,,,,,,,,,"Jacob Lopez","25098",682052
"Slade Cecconi","CLE",2,3,4,4.58702,8,8,0,0,,44,187,44,25,23,7,12,,2,39,7.86697,2.34603,3.35332,1.45029,0.207288,0.0618157,0.1454719603061676,0.255546,1.25957,0.291531,0.682402,,,4.36085,0.415947,0.160068,714.3599853515625,,,,,,,161.1,3.661363636363636,165,3.75,,,,,,,,,,,,,,,,,,,"Slade Cecconi","27500",677944
"Andrew Heaney","PIT",2,3,4,4.5655,9,9,0,0,,47,202,47,26,24,7,15,,3,41,7.84141,2.8924,2.71104,1.34736,0.203256,0.0749732,0.12828239798545837,0.25544,1.31972,0.293914,0.69211,,,4.42857,0.408363,0.367147,451.3800048828125,,,,,,,167.50000000000006,3.563829787234044,172,3.6595744680851063,,,,,,,,,,,,,,,,,,,"Andrew Heaney","15423",571760
"Aaron Civale","CHW",2,3,4,4.83768,9,9,0,0,,49,210,50,29,26,9,16,,2,41,7.55359,2.85369,2.64695,1.58237,0.195542,0.0738744,0.1216675415635109,0.259519,1.33695,0.28958,0.690033,,,4.78404,0.404654,0.115292,368.0899963378906,,,,,,,149.90000000000003,3.0591836734693882,156,3.183673469387755,,,,,,,,,,,,,,,,,,,"Aaron Civale","19479",650644
"Adrian Houser","CHW",2,4,3,4.85673,12,8,0,0,,51,225,54,30,28,7,19,,2,36,6.24446,3.42304,1.82425,1.14788,0.15793,0.086573,0.07135748863220215,0.267145,1.44111,0.29632,0.676842,,,4.62812,0.398967,0.0926903,745.6300048828125,,,,,,,159.90000000000006,3.13529411764706,173,3.392156862745098,,,,,,,,,,,,,,,,,,,"Adrian Houser","12718",605288
"Cade Horton","CHC",3,2,4,4.40966,9,9,0,0,,45,193,44,24,22,6,16,,2,39,7.80768,3.14944,2.47907,1.24438,0.203097,0.0819248,0.1211724653840065,0.249221,1.31591,0.288381,0.697955,,,4.3391,0.391155,0.332388,999,,,,,,,168.79999999999998,3.751111111111111,171,3.8,,,,,,,,,,,,,,,,,,,"Cade Horton","31872",690990
"Shane McClanahan","TBR",2,1,2,3.4955,7,4,0,0,,23,95,20,10,9,3,7,,1,25,9.60872,2.80058,3.43097,1.13708,0.260386,0.0758928,0.18449325114488602,0.226882,1.16515,0.283127,0.751807,,,3.60611,0.391117,0.457409,154.27000427246094,,,,,,,107.30000000000001,4.665217391304348,102,4.434782608695652,,,,,,,,,,,,,,,,,,,"Shane McClanahan","21483",663556
"Brandon Walter","HOU",1,1,2,3.89602,13,4,0,0,,31,131,30,15,13,4,9,,2,28,7.95081,2.46259,3.22863,1.0682,0.209929,0.065021,0.14490801095962524,0.250584,1.24665,0.296551,0.718303,,,3.84191,0.390197,0.310885,999,,,,,,,125.19999999999999,4.038709677419354,126,4.064516129032258,,,,,,,,,,,,,,,,,,,"Brandon Walter","26056",687888
"Cade Cavalli","WSN",2,3,3,4.24307,13,7,0,0,,44,191,41,23,21,5,19,,3,39,7.92256,3.83592,2.06536,1.05219,0.203243,0.0984053,0.10483727604150772,0.242637,1.35849,0.286588,0.708094,,,4.3163,0.38778,0.446721,679.1799926757812,,,,,,,169.50000000000003,3.852272727272728,167,3.7954545454545454,,,,,,,,,,,,,,,,,,,"Cade Cavalli","27473",676917
"Will Vest","DET",1,1,0,3.30769,21,0,9,1,,21,85,18,8,8,2,6,,1,21,9.04224,2.73057,3.31148,0.736839,0.242673,0.0732824,0.16939082741737366,0.233613,1.19043,0.297058,0.735215,,,3.17442,0.385603,0.435545,716.6500244140625,,,,,,,154,7.333333333333333,149,7.095238095238095,,,,,,,,,,,,,,,,,,,"Will Vest","19769",676684
"Robert Garcia","TEX",1,1,0,3.4233,21,0,8,1,,21,86,18,9,8,2,7,,1,23,9.94193,3.16273,3.14346,0.889153,0.265612,0.0844966,0.1811152845621109,0.228816,1.21483,0.297523,0.744428,,,3.32178,0.382274,0.269179,461.9599914550781,,,,,,,150,7.142857142857143,145,6.904761904761905,,,,,,,,,,,,,,,,,,,"Robert Garcia","23363",676395
"Tyler Anderson","LAA",3,4,4,4.73112,10,10,0,0,,58,252,58,33,31,9,22,,2,46,7.13432,3.37411,2.11443,1.44371,0.18365,0.0868556,0.09679439663887024,0.254277,1.36715,0.282062,0.696463,,,4.83259,0.380939,0.281986,491.44000244140625,,,,,,,187.70000000000005,3.236206896551725,193,3.3275862068965516,,,,,,,,,,,,,,,,,,,"Tyler Anderson","12880",542881
"Lucas Erceg","KCR",1,1,0,3.47994,21,0,2,4,,21,87,18,9,8,2,7,,2,22,9.64156,3.14093,3.06965,0.681184,0.254931,0.0830486,0.17188192158937454,0.229186,1.21485,0.300331,0.716545,,,3.20446,0.380297,0.307592,188.22999572753906,,,,,,,127.00000000000001,6.047619047619048,122,5.809523809523809,,,,,,,,,,,,,,,,,,,"Lucas Erceg","19360",668674
"Bryce Miller","SEA",2,2,3,3.99871,6,6,0,0,,36,151,33,18,16,5,11,,1,33,8.07206,2.62864,3.07081,1.28039,0.216483,0.0704971,0.14598628133535385,0.236939,1.19566,0.274406,0.715235,,,4.13424,0.374353,0.271852,78.69999694824219,,,,,,,149.10000000000002,4.1416666666666675,145,4.027777777777778,,,,,,,,,,,,,,,,,,,"Bryce Miller","29837",682243
"Jameson Taillon","CHC",3,3,4,4.45805,8,8,0,0,,44,184,44,24,22,7,10,,1,35,7.11293,2.08454,3.41223,1.48133,0.189439,0.0555176,0.1339210905134678,0.256362,1.23481,0.283476,0.693359,,,4.42553,0.374103,0.271739,341.82000732421875,,,,,,,162.1,3.684090909090909,166,3.772727272727273,,,,,,,,,,,,,,,,,,,"Jameson Taillon","11674",592791
"Joey Wentz","ATL",2,3,4,4.69084,12,9,0,0,,56,244,55,31,29,8,25,,2,53,8.656,4.04324,2.14086,1.26981,0.218759,0.102183,0.11657613515853882,0.255677,1.44884,0.305873,0.70511,,,4.46166,0.3726,0.277465,999,,,,,,,198.0000000000001,3.535714285714288,201,3.5892857142857144,,,,,,,,,,,,,,,,,,,"Joey Wentz","19962",666214
"Jake Irvin","WSN",3,3,5,4.5477,10,10,0,0,,56,237,55,31,28,9,17,,2,43,6.87213,2.78279,2.46951,1.3742,0.179692,0.0727644,0.10692797601222992,0.253569,1.29775,0.280276,0.690518,,,4.60038,0.370156,0.360165,444.760009765625,,,,,,,189.70000000000005,3.3875000000000006,192,3.4285714285714284,,,,,,,,,,,,,,,,,,,"Jake Irvin","21504",663623
"Frankie Montas","NYM",2,3,4,4.43452,8,8,0,0,,42,180,40,22,21,6,16,,2,38,8.10766,3.55949,2.27776,1.27183,0.208947,0.0917335,0.1172134131193161,0.248715,1.35937,0.290324,0.709238,,,4.43359,0.368847,0.30411,515.3300170898438,,,,,,,155,3.6904761904761907,154,3.6666666666666665,,,,,,,,,,,,,,,,,,,"Frankie Montas","14309",593423
"Bryan Abreu","HOU",1,1,0,3.16044,22,0,1,5,,22,93,17,8,8,2,10,,1,29,11.7583,3.93799,2.98587,0.896494,0.313521,0.105001,0.2085191309452057,0.206787,1.19668,0.291182,0.770872,,,3.26047,0.368705,0.479301,442.7799987792969,,,,,,,144,6.545454545454546,134,6.090909090909091,,,,,,,,,,,,,,,,,,,"Bryan Abreu","16609",650556
"Quinn Priester","MIL",3,3,3,4.06288,12,7,0,0,,44,186,42,21,20,5,15,,2,34,6.98289,3.12817,2.23226,1.05191,0.181935,0.0815026,0.10043230652809143,0.248079,1.30766,0.28321,0.71412,,,4.24143,0.367285,0.504409,676.8200073242188,,,,,,,171.90000000000003,3.9068181818181826,172,3.909090909090909,,,,,,,,,,,,,,,,,,,"Quinn Priester","25977",682990
"Alex Cobb","DET",1,1,2,3.87182,4,4,0,0,,23,98,23,11,10,2,7,,1,19,7.39359,2.59152,2.85299,0.892424,0.194738,0.0682574,0.1264805719256401,0.253189,1.27452,0.298199,0.710495,,,3.70222,0.366841,0.302485,620.6199951171875,,,,,,,99.80000000000003,4.33913043478261,103,4.478260869565218,,,,,,,,,,,,,,,,,,,"Alex Cobb","6562",502171
"David Bednar","PIT",1,2,0,3.72266,21,0,10,1,,21,88,18,9,9,2,8,,1,23,9.97116,3.2246,3.09222,0.927131,0.264858,0.085653,0.1792045384645462,0.230449,1.22997,0.298905,0.71874,,,3.41517,0.366662,0.338615,145.8800048828125,,,,,,,157,7.476190476190476,152,7.238095238095238,,,,,,,,,,,,,,,,,,,"David Bednar","19569",670280
"JP Sears","ATH",3,4,4,4.81517,10,10,0,0,,55,236,55,32,30,10,16,,3,44,7.08075,2.52701,2.80202,1.63646,0.185009,0.0660271,0.11898242682218552,0.256006,1.2821,0.27848,0.681782,,,4.90403,0.361748,0.253686,463.79998779296875,,,,,,,172,3.1272727272727274,176,3.2,,,,,,,,,,,,,,,,,,,"JP Sears","23429",676664
"Sawyer Gipson-Long","DET",1,2,2,4.21563,5,5,0,0,,28,118,27,14,13,4,8,,1,24,7.73997,2.53092,3.05817,1.23145,0.204944,0.0670153,0.13792869448661804,0.248373,1.24281,0.2869,0.697909,,,4.12298,0.361744,0.304772,724.25,,,,,,,108.8,3.8857142857142857,109,3.892857142857143,,,,,,,,,,,,,,,,,,,"Sawyer Gipson-Long","26048",687830
"Patrick Corbin","TEX",2,4,4,4.86161,9,9,0,0,,50,218,54,30,27,8,16,,1,39,6.93794,2.79606,2.48133,1.42893,0.177961,0.0717203,0.10624120384454727,0.271016,1.39253,0.301445,0.68821,,,4.63214,0.359706,0.0334399,739.8800048828125,,,,,,,158.20000000000002,3.164,173,3.46,,,,,,,,,,,,,,,,,,,"Patrick Corbin","9323",571578
"Bailey Falter","PIT",3,3,4,4.68705,12,10,0,0,,52,225,54,30,27,8,17,,1,37,6.28503,2.87434,2.18659,1.316,0.162795,0.0744512,0.08834341168403625,0.262282,1.35397,0.286568,0.685572,,,4.62973,0.359419,0.372692,694.25,,,,,,,165.99999999999997,3.1923076923076916,176,3.3846153846153846,,,,,,,,,,,,,,,,,,,"Bailey Falter","20070",663559
"Nestor Cortes","MIL",2,2,2,3.88692,15,4,0,0,,34,139,30,16,15,5,9,,1,33,8.87701,2.49509,3.55779,1.3393,0.239641,0.0673568,0.17228469252586365,0.235585,1.17431,0.279964,0.729704,,,3.97619,0.356441,0.257558,261.0199890136719,,,,,,,148.10000000000002,4.355882352941177,141,4.147058823529412,,,,,,,,,,,,,,,,,,,"Nestor Cortes","17874",641482
"Spencer Arrighetti","HOU",2,2,3,4.47691,6,6,0,0,,35,150,31,19,17,5,15,,2,37,9.38674,3.80275,2.46841,1.33113,0.243874,0.0987982,0.14507617056369781,0.234375,1.31334,0.284648,0.698425,,,4.35464,0.353985,0.227045,200.63999938964844,,,,,,,139.9,3.9971428571428573,133,3.8,,,,,,,,,,,,,,,,,,,"Spencer Arrighetti","29921",681293
"Kyle Hendricks","LAA",2,4,4,5.03081,9,9,0,0,,49,212,53,30,28,8,14,,2,33,6.08838,2.55467,2.38323,1.47687,0.15726,0.0659859,0.09127406775951385,0.268443,1.35167,0.288063,0.663215,,,4.84221,0.353093,0.0360536,666.8300170898438,,,,,,,144.40000000000003,2.9469387755102048,159,3.2448979591836733,,,,,,,,,,,,,,,,,,,"Kyle Hendricks","12049",543294
"Colton Gordon","HOU",2,2,3,4.3945,16,7,0,0,,46,194,45,24,22,7,13,,2,40,7.81295,2.65052,2.9477,1.38564,0.204806,0.0694798,0.13532587885856628,0.254448,1.28765,0.291276,0.706007,,,4.36213,0.353063,0.327641,999,,,,,,,172.30000000000007,3.745652173913045,174,3.782608695652174,,,,,,,,,,,,,,,,,,,"Colton Gordon","31312",676467
"Pete Fairbanks","TBR",1,1,0,3.48868,20,0,9,1,,20,85,17,9,8,2,8,,1,21,9.42353,3.5887,2.62589,0.892438,0.250717,0.0954791,0.15523817390203476,0.22172,1.22776,0.281493,0.740559,,,3.59694,0.348444,0.212662,151.47999572753906,,,,,,,143.2,7.159999999999999,138,6.9,,,,,,,,,,,,,,,,,,,"Pete Fairbanks","17998",664126
"Michael Lorenzen","KCR",3,4,3,4.49074,19,8,0,0,,57,246,56,31,28,8,23,,2,45,7.10215,3.59091,1.97781,1.23775,0.181734,0.0918862,0.08984748274087906,0.254434,1.39207,0.287442,0.708367,,,4.6173,0.346532,0.363639,539.6599731445312,,,,,,,192.79999999999998,3.382456140350877,196,3.43859649122807,,,,,,,,,,,,,,,,,,,"Michael Lorenzen","14843",547179
"Walker Buehler","BOS",3,3,4,4.61337,11,9,0,0,,47,205,49,26,24,7,16,,3,40,7.525,3.11672,2.4144,1.3243,0.192703,0.0798141,0.11288876086473465,0.26123,1.37528,0.298348,0.699671,,,4.53058,0.346522,0.358791,242.38999938964844,,,,,,,157.30000000000004,3.3468085106382985,167,3.5531914893617023,,,,,,,,,,,,,,,,,,,"Walker Buehler","19374",621111
"Jon Gray","TEX",2,2,2,4.25504,17,5,0,0,,38,160,36,19,18,5,12,,1,34,8.09387,2.85632,2.83367,1.26715,0.212701,0.075062,0.13763928413391113,0.248642,1.28036,0.290233,0.707563,,,4.18725,0.345071,0.204571,584.6599731445312,,,,,,,155.1,4.0815789473684205,154,4.052631578947368,,,,,,,,,,,,,,,,,,,"Jon Gray","14916",592351
"Germán Márquez","COL",2,3,3,5.13156,7,7,0,0,,39,169,43,24,22,6,13,,1,29,6.72037,3.02057,2.22487,1.406,0.17038,0.07658,0.09380044043064117,0.275446,1.44188,0.305152,0.672128,,,4.72673,0.337845,0.288047,623.6199951171875,,,,,,,119.00000000000001,3.0512820512820515,133,3.41025641025641,,,,,,,,,,,,,,,,,,,"German Marquez","15038",608566
"Blake Treinen","LAD",2,1,0,3.3936,19,0,3,3,,19,80,17,8,7,2,6,,1,21,10.0123,2.71392,3.68923,0.978816,0.268646,0.0728191,0.19582707434892654,0.23218,1.18173,0.300198,0.749779,,,3.32941,0.33741,0.272888,483.94000244140625,,,,,,,119.8,6.3052631578947365,117,6.157894736842105,,,,,,,,,,,,,,,,,,,"Blake Treinen","12572",595014
"Jonathan Cannon","CHW",2,4,3,4.85618,12,8,0,0,,50,219,52,30,27,8,17,,2,38,6.7192,3.12355,2.15114,1.43492,0.172101,0.0800043,0.09209640324115753,0.262694,1.38386,0.288533,0.687,,,4.84346,0.336828,0.0779164,688.1699829101562,,,,,,,155.40000000000003,3.1080000000000005,165,3.3,,,,,,,,,,,,,,,,,,,"Jonathan Cannon","31730",686563
"Alex Vesia","LAD",1,1,0,3.45307,20,0,3,4,,20,84,16,8,8,3,9,,1,26,11.5649,3.77526,3.06335,1.23005,0.310909,0.101493,0.2094157263636589,0.208556,1.1863,0.279427,0.77316,,,3.6656,0.328935,0.37574,586.8200073242188,,,,,,,122.5,6.125,114,5.7,,,,,,,,,,,,,,,,,,,"Alex Vesia","25007",681911
"Roki Sasaki","LAD",1,1,2,3.84745,4,4,0,0,,20,84,17,9,9,3,7,,1,22,9.68528,3.21312,3.01429,1.17297,0.257264,0.0853482,0.17191608995199203,0.227147,1.21428,0.28312,0.726498,,,3.85915,0.327911,0.338746,999,,,,,,,86.89999999999999,4.345,81,4.05,,,,,,,,,,,,,,,,,,,"Roki Sasaki","35323",808963
"Davis Martin","CHW",1,3,3,4.63119,7,7,0,0,,39,169,40,22,20,6,13,,2,30,6.9273,2.97651,2.32732,1.36472,0.17843,0.0766675,0.10176259279251099,0.259067,1.3482,0.288025,0.69449,,,4.6809,0.327311,0.196069,601.75,,,,,,,125.80000000000001,3.2256410256410257,132,3.3846153846153846,,,,,,,,,,,,,,,,,,,"Davis Martin","21448",663436
"Jacob Misiorowski","MIL",2,3,3,4.5044,10,8,0,0,,45,196,38,24,22,6,25,,3,47,9.35981,4.94572,1.89251,1.12761,0.237128,0.125298,0.11182954907417297,0.226336,1.40085,0.279668,0.699208,,,4.51232,0.323752,0.33039,999,,,,,,,170.39999999999998,3.786666666666666,157,3.488888888888889,,,,,,,,,,,,,,,,,,,"Jacob Misiorowski","31623",694819
"Randy Rodríguez","SFG",1,1,0,3.45558,21,0,2,4,,21,88,17,9,8,2,8,,1,24,10.2546,3.54188,2.89526,0.81422,0.271692,0.0938403,0.17785155773162842,0.222986,1.22865,0.296051,0.736219,,,3.33345,0.319048,0.2444,999,,,,,,,133.60000000000002,6.361904761904763,126,6,,,,,,,,,,,,,,,,,,,"Randy Rodriguez","23974",678495
"Trevor Megill","MIL",1,1,0,3.47241,21,0,8,1,,21,89,18,9,8,2,8,,1,25,10.7194,3.48324,3.07743,0.998313,0.28518,0.0926683,0.19251170754432678,0.224249,1.22823,0.298166,0.753872,,,3.42598,0.317901,0.288897,127.13999938964844,,,,,,,151,7.190476190476191,146,6.9523809523809526,,,,,,,,,,,,,,,,,,,"Trevor Megill","17722",656730
"Abner Uribe","MIL",1,1,0,3.36777,21,0,2,4,,21,88,16,8,8,2,11,,1,25,10.9652,4.74915,2.30887,0.717005,0.285928,0.123839,0.16208916157484055,0.211631,1.30885,0.293128,0.753447,,,3.39886,0.31292,0.41556,628.8300170898438,,,,,,,129.20000000000002,6.152380952380954,119,5.666666666666667,,,,,,,,,,,,,,,,,,,"Abner Uribe","25327",682842
"Raisel Iglesias","ATL",2,2,0,3.42386,22,0,8,1,,22,90,20,9,8,3,5,,1,23,9.56069,2.08427,4.58707,1.09387,0.261075,0.0569154,0.20415988937020302,0.234721,1.12412,0.294419,0.744903,,,3.34491,0.311216,0.393501,52.099998474121094,,,,,,,145.9,6.631818181818182,143,6.5,,,,,,,,,,,,,,,,,,,"Raisel Iglesias","17130",628452
"Jeremiah Estrada","SDP",2,1,0,3.36768,21,0,1,5,,21,87,16,9,8,3,9,,1,29,12.2768,3.74822,3.27538,1.08213,0.329727,0.100668,0.22905871272087097,0.210927,1.19434,0.298444,0.767649,,,3.27265,0.309229,0.194969,417.7699890136719,,,,,,,129.9,6.185714285714286,119,5.666666666666667,,,,,,,,,,,,,,,,,,,"Jeremiah Estrada","22210",669093
"Carson Whisenhunt","SFG",2,2,3,4.21457,11,7,0,0,,41,176,40,21,19,5,15,,2,34,7.55958,3.20354,2.35976,1.13628,0.19613,0.0831145,0.11301585286855698,0.251609,1.33429,0.291598,0.712968,,,4.23451,0.307428,0.281254,999,,,,,,,154.90000000000003,3.7780487804878056,157,3.8292682926829267,,,,,,,,,,,,,,,,,,,"Carson Whisenhunt","31676",687931
"Garrett Whitlock","BOS",1,1,0,3.65375,21,0,1,4,,21,87,19,9,8,2,6,,1,22,9.47713,2.56194,3.6992,0.977744,0.253456,0.0685165,0.1849397048354149,0.239599,1.20215,0.30321,0.724606,,,3.37253,0.30728,0.321406,541.22998046875,,,,,,,125.4,5.9714285714285715,123,5.857142857142857,,,,,,,,,,,,,,,,,,,"Garrett Whitlock","20191",676477
"Jason Adam","SDP",2,1,0,3.15009,22,0,1,4,,22,89,16,8,8,2,8,,2,25,10.2433,3.15433,3.24737,0.914063,0.277682,0.08551,0.19217222183942795,0.207039,1.11106,0.270765,0.754089,,,3.40958,0.306753,0.459835,341.82000732421875,,,,,,,137.60000000000002,6.254545454545456,125,5.681818181818182,,,,,,,,,,,,,,,,,,,"Jason Adam","11861",592094
"Landen Roupp","SFG",2,2,2,4.06092,10,5,0,0,,31,132,29,15,14,3,13,,1,28,8.30225,3.80934,2.17945,0.901102,0.214556,0.0984449,0.11611064523458481,0.242658,1.35565,0.295151,0.711819,,,3.91812,0.297956,0.291783,431.4800109863281,,,,,,,131.09999999999997,4.229032258064515,130,4.193548387096774,,,,,,,,,,,,,,,,,,,"Landen Roupp","30076",694738
"Ryan Walker","SFG",1,1,0,3.15345,20,0,0,5,,20,83,17,8,7,2,6,,1,23,10.2283,2.75283,3.71556,0.750204,0.277006,0.0745531,0.20245328545570374,0.220892,1.13051,0.294934,0.739446,,,3.0094,0.292569,0.269212,75.5999984741211,,,,,,,124.2,6.21,119,5.95,,,,,,,,,,,,,,,,,,,"Ryan Walker","20423",676254
"Reid Detmers","LAA",2,2,0,4.01649,21,1,1,4,,23,100,21,11,10,3,9,,1,28,10.586,3.45801,3.06131,1.12951,0.277221,0.0905564,0.18666498363018036,0.236267,1.28445,0.308842,0.720964,,,3.66737,0.292228,0.221613,391.6099853515625,,,,,,,125.70000000000002,5.465217391304349,123,5.3478260869565215,,,,,,,,,,,,,,,,,,,"Reid Detmers","27468",672282
"Ryan Feltner","COL",1,3,2,5.01305,14,6,0,0,,40,175,42,24,22,6,15,,2,33,7.43124,3.35569,2.21452,1.30362,0.188917,0.0853083,0.10360859334468842,0.264652,1.42016,0.302154,0.669244,,,4.56197,0.291957,0.281502,680.2999877929688,,,,,,,127.99999999999999,3.1999999999999997,137,3.425,,,,,,,,,,,,,,,,,,,"Ryan Feltner","21446",663372
"Charlie Morton","BAL",2,2,3,4.40737,6,6,0,0,,35,152,33,19,17,5,15,,3,35,9.04314,3.79467,2.38311,1.27468,0.230908,0.0968932,0.13401441276073456,0.244908,1.36546,0.296299,0.713834,,,4.41488,0.290572,0.224895,387.1400146484375,,,,,,,127.7,3.6485714285714286,126,3.6,,,,,,,,,,,,,,,,,,,"Charlie Morton","4676",450203
"Michael Soroka","CHC",2,3,2,4.43772,15,6,0,0,,42,178,37,22,21,6,17,,3,41,8.91434,3.58178,2.4888,1.26738,0.231956,0.0931999,0.1387561857700348,0.236438,1.29906,0.283704,0.692527,,,4.31709,0.289951,0.221526,409.3599853515625,,,,,,,162.8,3.8761904761904766,154,3.6666666666666665,,,,,,,,,,,,,,,,,,,"Michael Soroka","18383",647336
"Logan Allen","CLE",3,3,4,4.63075,9,9,0,0,,49,215,50,28,25,8,20,,2,40,7.25665,3.63361,1.99709,1.39457,0.184547,0.0924079,0.09213908761739731,0.259702,1.42458,0.291587,0.716527,,,4.80665,0.28788,0.162549,625.010009765625,,,,,,,148.20000000000005,3.024489795918368,155,3.163265306122449,,,,,,,,,,,,,,,,,,,"Logan Allen","27589",671106
"Kevin Ginkel","ARI",2,1,0,3.63873,21,0,6,2,,21,87,19,9,8,2,7,,1,22,9.62562,3.09226,3.11281,0.854955,0.254385,0.0817219,0.17266306281089783,0.238139,1.25318,0.306807,0.726414,,,3.34032,0.285871,0.32368,582.1400146484375,,,,,,,139.4,6.6380952380952385,137,6.523809523809524,,,,,,,,,,,,,,,,,,,"Kevin Ginkel","19876",656464
"Emmanuel Clase","CLE",1,1,0,2.73464,11,0,5,2,,11,43,9,4,3,1,2,,0,10,8.60932,1.93687,4.44497,0.570585,0.237546,0.0534416,0.18410449475049973,0.230041,1.08463,0.292098,0.757486,,,2.74391,0.28543,0.253833,35.18000030517578,,,,,,,92.70000000000002,8.42727272727273,89,8.090909090909092,,,,,,,,,,,,,,,,,,,"Emmanuel Clase","21032",661403
"Jack Leiter","TEX",2,3,3,4.74931,11,8,0,0,,46,199,42,26,24,7,21,,2,42,8.16588,4.03193,2.0253,1.37988,0.209216,0.103301,0.10591492056846619,0.241405,1.37403,0.278417,0.690404,,,4.77096,0.282718,0.0872332,403.1099853515625,,,,,,,160.10000000000008,3.480434782608697,154,3.347826086956522,,,,,,,,,,,,,,,,,,,"Jack Leiter","30146",683004
"Tyler Rogers","NYM",1,1,0,3.45416,24,0,0,6,,24,97,23,10,9,2,4,,1,18,6.78496,1.69912,3.99321,0.768968,0.182183,0.0456232,0.1365600936114788,0.25232,1.17083,0.293706,0.716944,,,3.43127,0.28187,0.256015,740.75,,,,,,,138.20000000000005,5.7583333333333355,139,5.791666666666667,,,,,,,,,,,,,,,,,,,"Tyler Rogers","15541",643511
"Chase Burns","CIN",0,0,3,4.47585,6,6,0,0,,25,110,25,13,13,4,9,,1,23,8.2494,3.25454,2.53474,1.36862,0.211839,0.0835742,0.1282643899321556,0.249329,1.3395,0.289415,0.718316,,,4.44842,0.281563,0.305786,999,,,,,,,86.80000000000001,3.4720000000000004,89,3.56,,,,,,,,,,,,,,,,,,,"Chase Burns","35333",695505
"Luis L. Ortiz","CLE",2,2,2,4.2515,8,5,0,0,,31,133,29,16,15,4,12,,1,29,8.31531,3.60624,2.30581,1.16531,0.215248,0.0933501,0.12189791351556778,0.244314,1.3415,0.290028,0.71368,,,4.25034,0.280637,0.205755,395.9599914550781,,,,,,,123.79999999999998,3.993548387096774,122,3.935483870967742,,,,,,,,,,,,,,,,,,,"Luis L. Ortiz","27646",682847
"Matt Brash","SEA",1,1,0,3.11957,20,0,1,4,,20,85,16,8,7,2,9,,1,24,10.6416,3.85487,2.76057,0.732172,0.282081,0.102182,0.17989904433488846,0.215631,1.22831,0.293772,0.764122,,,3.22822,0.278208,0.251405,680.780029296875,,,,,,,120.80000000000001,6.040000000000001,113,5.65,,,,,,,,,,,,,,,,,,,"Matt Brash","25756",666374
"Orion Kerkering","PHI",2,1,0,3.27998,20,0,1,5,,20,85,17,8,7,2,7,,1,22,9.60235,3.30442,2.90591,0.793263,0.255426,0.0878987,0.16752704977989197,0.223486,1.20467,0.289061,0.747765,,,3.39086,0.277928,0.31596,321.30999755859375,,,,,,,124.2,6.21,119,5.95,,,,,,,,,,,,,,,,,,,"Orion Kerkering","31776",689147
"Camilo Doval","SFG",1,1,0,3.46584,21,0,10,1,,21,87,17,9,8,1,10,,1,23,10.2425,4.15168,2.46708,0.64373,0.268145,0.108689,0.15945615619421005,0.218963,1.27728,0.295772,0.729478,,,3.29677,0.27692,0.263829,381.8999938964844,,,,,,,165.89999999999998,7.899999999999999,159,7.571428571428571,,,,,,,,,,,,,,,,,,,"Camilo Doval","21992",666808
"Keegan Akin","BAL",1,1,0,3.68526,21,0,2,4,,21,85,18,9,8,3,7,,1,23,9.83718,2.97839,3.30285,1.16111,0.263681,0.0798345,0.18384673446416855,0.230749,1.20383,0.290483,0.741538,,,3.66839,0.275933,0.253809,690.469970703125,,,,,,,119.7,5.7,114,5.428571428571429,,,,,,,,,,,,,,,,,,,"Keegan Akin","19362",669211
"Kyle Bradish","BAL",1,1,1,3.48631,9,2,0,0,,18,74,16,7,7,2,6,,1,19,9.63109,2.87949,3.34472,0.951021,0.257797,0.0770757,0.18072088807821274,0.231239,1.19525,0.294936,0.739223,,,3.42088,0.272392,0.182115,681.0800170898438,,,,,,,84.00000000000003,4.666666666666668,81,4.5,,,,,,,,,,,,,,,,,,,"Kyle Bradish","24586",680694
"David Festa","MIN",1,1,1,4.11722,12,3,0,0,,25,107,23,13,12,3,9,,1,26,9.20719,3.24492,2.83742,1.20536,0.241881,0.0852469,0.15663433820009232,0.240439,1.28076,0.294459,0.716674,,,3.99202,0.268534,0.254901,365.7699890136719,,,,,,,110.3,4.412,108,4.32,,,,,,,,,,,,,,,,,,,"David Festa","30056",701581
"Brock Stewart","MIN",1,1,0,3.49356,20,0,2,5,,20,85,16,9,8,2,9,,1,26,11.6182,3.8071,3.05171,1.07752,0.308305,0.101027,0.20727834850549698,0.216942,1.22921,0.297747,0.760442,,,3.4776,0.265782,0.160814,750.3300170898438,,,,,,,133.8,6.69,126,6.3,,,,,,,,,,,,,,,,,,,"Brock Stewart","16727",592779
"Emmet Sheehan","LAD",1,1,1,4.08895,7,3,0,0,,19,81,16,9,9,3,8,,1,22,10.2959,3.57281,2.88174,1.29547,0.271386,0.0941744,0.17721186578273773,0.227756,1.25522,0.287987,0.72258,,,4.01487,0.260466,0.122785,749.719970703125,,,,,,,79.1,4.163157894736842,73,3.8421052631578947,,,,,,,,,,,,,,,,,,,"Emmet Sheehan","29839",686218
"Cristian Javier","HOU",2,2,1,4.17022,10,3,0,0,,28,116,24,14,13,4,11,,1,29,9.48602,3.62895,2.61399,1.39843,0.250398,0.0957915,0.1546061933040619,0.229246,1.26874,0.276736,0.727821,,,4.30359,0.254601,0.196356,727.489990234375,,,,,,,117.60000000000005,4.200000000000002,110,3.9285714285714284,,,,,,,,,,,,,,,,,,,"Cristian Javier","17606",664299
"Hoby Milner","TEX",1,1,0,3.5954,20,0,0,5,,20,83,19,9,8,2,5,,1,18,8.24037,2.24628,3.66845,0.870663,0.221456,0.0603678,0.16108855977654457,0.243229,1.18487,0.295997,0.715285,,,3.38416,0.251742,0.145507,999,,,,,,,112,5.6,112,5.6,,,,,,,,,,,,,,,,,,,"Hoby Milner","13346",571948
"Jack Kochanowicz","LAA",2,3,3,4.86248,10,7,0,0,,44,193,48,26,24,6,14,,3,27,5.63192,2.84947,1.97648,1.24948,0.14224,0.0719664,0.07027357071638107,0.274394,1.41705,0.296259,0.678665,,,4.81037,0.244029,0.118743,664.3900146484375,,,,,,,130,2.9545454545454546,145,3.2954545454545454,,,,,,,,,,,,,,,,,,,"Jack Kochanowicz","27688",686799
"Ben Brown","CHC",1,1,1,3.91604,14,2,0,0,,23,97,21,11,10,3,8,,1,26,9.94236,3.18589,3.12074,1.07005,0.262916,0.084248,0.17866839468479156,0.235746,1.25162,0.301366,0.717556,,,3.60881,0.24386,0.229713,428.55999755859375,,,,,,,103.70000000000002,4.508695652173913,101,4.391304347826087,,,,,,,,,,,,,,,,,,,"Ben Brown","23590",676962
"Chris Sale","ATL",1,0,1,3.13701,2,2,0,0,,10,40,8,4,3,1,3,,1,12,10.8916,2.39338,4.55072,0.90739,0.29837,0.0655653,0.2328042984008789,0.221389,1.09335,0.299454,0.750352,,,2.93624,0.242472,0.227667,35.97999954223633,,,,,,,52.900000000000006,5.290000000000001,49,4.9,,,,,,,,,,,,,,,,,,,"Chris Sale","10603",519242
"Mitch Spence","ATH",1,2,2,4.54178,7,4,0,0,,26,112,27,14,13,4,8,,1,21,7.10403,2.70671,2.6246,1.27526,0.184065,0.0701305,0.11393415182828903,0.261991,1.33379,0.295931,0.691609,,,4.38961,0.241848,0.1273,585.27001953125,,,,,,,87.99999999999999,3.384615384615384,93,3.576923076923077,,,,,,,,,,,,,,,,,,,"Mitch Spence","27707",687765
"Tyler Mahle","TEX",1,1,2,4.14174,4,4,0,0,,20,85,19,10,9,3,7,,1,17,7.58777,2.97685,2.54893,1.16918,0.200882,0.0788104,0.12207154929637909,0.240141,1.25042,0.276459,0.702084,,,4.19471,0.240823,0.211958,452.010009765625,,,,,,,71.69999999999999,3.5849999999999995,71,3.55,,,,,,,,,,,,,,,,,,,"Tyler Mahle","16358",641816
"Carlos Estévez","KCR",1,1,0,3.85772,21,0,8,1,,21,88,19,10,9,2,7,,1,20,8.66111,3.17747,2.72579,1.05929,0.229131,0.0840605,0.14507054537534714,0.234579,1.24554,0.284369,0.721372,,,3.88174,0.237949,0.179837,182.1300048828125,,,,,,,141.4,6.733333333333333,139,6.619047619047619,,,,,,,,,,,,,,,,,,,"Carlos Estevez","14542",608032
"Cal Quantrill","MIA",2,4,4,4.96005,9,9,0,0,,46,203,49,28,25,7,17,,3,33,6.50006,3.3558,1.93696,1.28229,0.163886,0.0846102,0.07927626371383667,0.267971,1.43812,0.29666,0.677413,,,4.7929,0.233897,0.0993885,685.75,,,,,,,132.90000000000006,2.88913043478261,145,3.152173913043478,,,,,,,,,,,,,,,,,,,"Cal Quantrill","19312",615698
"Robert Suarez","SDP",2,1,0,3.6248,21,0,10,1,,21,86,18,9,8,3,7,,1,21,8.92093,2.91348,3.06195,1.1097,0.240112,0.0784179,0.16169387102127075,0.228099,1.18368,0.277398,0.737742,,,3.78478,0.233864,0.250612,103.19000244140625,,,,,,,143.7,6.8428571428571425,138,6.571428571428571,,,,,,,,,,,,,,,,,,,"Robert Suarez","30115",663158
"Hayden Birdsong","SFG",2,2,2,4.28349,12,5,0,0,,34,147,31,18,16,5,15,,2,35,9.13394,3.94494,2.31536,1.21374,0.236217,0.102022,0.1341952607035637,0.235597,1.33522,0.286785,0.713432,,,4.28219,0.233158,0.20627,378.8699951171875,,,,,,,128.50000000000003,3.779411764705883,124,3.6470588235294117,,,,,,,,,,,,,,,,,,,"Hayden Birdsong","31635",806185
"Justin Wilson","BOS",1,1,0,3.92234,20,0,0,5,,20,85,19,9,9,2,7,,1,22,9.78554,3.3706,2.9032,1.08993,0.25444,0.087641,0.16679878532886505,0.245973,1.32379,0.312414,0.736479,,,3.73192,0.233109,0.207029,999,,,,,,,114,5.7,114,5.7,,,,,,,,,,,,,,,,,,,"Justin Wilson","4301",458677
"Kyle Harrison","BOS",1,1,2,4.20029,11,4,0,0,,25,105,23,13,12,3,9,,1,25,9.26194,3.38699,2.73456,1.24585,0.241445,0.0882939,0.1531510353088379,0.239742,1.29476,0.292863,0.715265,,,4.12574,0.232784,0.227528,453.6499938964844,,,,,,,108.3,4.332,106,4.24,,,,,,,,,,,,,,,,,,,"Kyle Harrison","27758",690986
"Colin Rea","CHC",2,2,3,4.66579,13,7,0,0,,46,196,48,26,24,8,13,,2,35,6.96179,2.50529,2.77884,1.47513,0.180865,0.0650866,0.11577831953763962,0.264086,1.32263,0.291817,0.694432,,,4.6417,0.232337,0.133702,582.760009765625,,,,,,,142.2,3.0913043478260867,151,3.282608695652174,,,,,,,,,,,,,,,,,,,"Colin Rea","12317",607067
"Adrian Morejon","SDP",1,1,0,3.46225,21,0,1,4,,21,85,19,9,8,2,6,,1,21,9.12054,2.74937,3.31732,0.858865,0.244418,0.0736793,0.1707388162612915,0.23646,1.20668,0.29817,0.734834,,,3.30891,0.232089,0.157873,667.3300170898438,,,,,,,123.4,5.876190476190477,121,5.761904761904762,,,,,,,,,,,,,,,,,,,"Adrian Morejon","20039",670970
"Jose A. Ferrer","WSN",1,1,0,3.76198,21,0,1,4,,21,87,20,9,9,2,6,,1,17,7.46821,2.74641,2.71926,0.745909,0.196051,0.0720971,0.12395358085632324,0.249568,1.27229,0.298477,0.707405,,,3.58016,0.230795,0.281831,651.9000244140625,,,,,,,112.80000000000001,5.371428571428572,113,5.380952380952381,,,,,,,,,,,,,,,,,,,"Jose A. Ferrer","24017",678606
"Tomoyuki Sugano","BAL",3,3,4,4.49828,8,8,0,0,,49,206,50,26,24,8,11,,2,31,5.76069,2.02369,2.84663,1.52443,0.151878,0.0533536,0.0985240526497364,0.26231,1.2596,0.276008,0.70059,,,4.8211,0.230203,0.375055,322.70001220703125,,,,,,,157.20000000000005,3.208163265306123,164,3.3469387755102042,,,,,,,,,,,,,,,,,,,"Tomoyuki Sugano","35321",608372
"Yennier Cano","BAL",1,1,0,3.45762,20,0,2,5,,20,85,19,8,8,2,7,,1,20,9.01919,3.02017,2.98632,0.840621,0.238743,0.0799456,0.1587977409362793,0.23887,1.24884,0.300565,0.743466,,,3.42303,0.225544,0.275929,658.75,,,,,,,120,6,120,6,,,,,,,,,,,,,,,,,,,"Yennier Cano","25911",666974
"Ryan Weathers","MIA",1,1,2,4.19795,6,4,0,0,,25,107,24,13,12,3,9,,1,23,8.0896,3.13027,2.58432,1.23674,0.210602,0.0814925,0.12910979986190796,0.24782,1.30766,0.289904,0.717901,,,4.26338,0.225293,0.243019,367.19000244140625,,,,,,,101.69999999999999,4.068,102,4.08,,,,,,,,,,,,,,,,,,,"Ryan Weathers","23796",677960
"Antonio Senzatela","COL",2,4,3,5.51572,10,10,0,0,,49,221,61,33,30,8,16,,2,27,5.02397,2.89365,1.73621,1.37243,0.124185,0.0715265,0.05265824496746063,0.297419,1.55339,0.314582,0.662169,,,5.01583,0.224699,0.115744,735.7000122070312,,,,,,,105.60000000000005,2.1551020408163275,141,2.877551020408163,,,,,,,,,,,,,,,,,,,"Antonio Senzatela","15488",622608
"Bennett Sousa","HOU",1,1,0,3.51959,20,0,0,5,,20,84,17,9,8,2,7,,1,22,9.90858,3.08994,3.20672,1.02356,0.265265,0.0827217,0.18254360556602478,0.228359,1.20451,0.292375,0.745669,,,3.50444,0.224474,0.150571,999,,,,,,,119.2,5.96,114,5.7,,,,,,,,,,,,,,,,,,,"Bennett Sousa","21345",656986
"Phil Maton","STL",1,1,0,3.70663,21,0,7,2,,21,89,18,9,9,2,8,,2,22,9.28725,3.35385,2.76913,0.918886,0.243186,0.0878204,0.15536575764417648,0.230897,1.24628,0.291185,0.723818,,,3.73279,0.224341,0.280385,746.3599853515625,,,,,,,141,6.714285714285714,136,6.476190476190476,,,,,,,,,,,,,,,,,,,"Phil Maton","18064",664208
"Cam Schlittler","NYY",3,3,2,4.5,9,5,0,0,,25,109,25,12,12,3,9,,3,22,7.875,3.375,2.33333,1.125,0.2,0.0857143,0.11428571492433548,0.258065,1.375,0.304348,0.729167,,,4.46527,0.222921,0.219385,999,,,,,,,91.1,3.6439999999999997,94,3.76,,,,,,,,,,,,,,,,,,,"Cam Schlittler","32095",693645
"Pierce Johnson","ATL",1,1,0,3.66916,21,0,1,4,,21,91,19,9,9,3,9,,1,26,10.8749,3.65229,2.97757,1.05783,0.284802,0.0956494,0.1891530081629753,0.23428,1.29616,0.312312,0.753815,,,3.52862,0.220942,0.289335,692.2999877929688,,,,,,,112.1,5.338095238095238,109,5.190476190476191,,,,,,,,,,,,,,,,,,,"Pierce Johnson","13435",572955
"Chad Patrick","MIL",2,2,2,4.25578,13,4,0,0,,31,132,30,16,15,5,10,,1,28,8.09936,2.81269,2.87958,1.36328,0.212903,0.0739355,0.13896732777357101,0.248273,1.27361,0.287128,0.715586,,,4.32717,0.218156,0.203582,999,,,,,,,112.89999999999998,3.641935483870967,113,3.6451612903225805,,,,,,,,,,,,,,,,,,,"Chad Patrick","30113",694477
"John Schreiber","KCR",1,1,0,3.80979,20,0,1,5,,20,87,19,9,9,2,8,,1,20,8.81053,3.48282,2.52971,0.834425,0.228751,0.0904258,0.13832544535398483,0.242218,1.31713,0.302489,0.721797,,,3.65578,0.214295,0.195226,999,,,,,,,112,5.6,112,5.6,,,,,,,,,,,,,,,,,,,"John Schreiber","20020",670167
"Andrew Painter","PHI",1,1,2,4.35443,6,4,0,0,,21,89,20,11,10,3,7,,1,19,8.09446,3.17812,2.54693,1.25961,0.212202,0.0833167,0.12888509035110474,0.245349,1.29716,0.286314,0.700371,,,4.28274,0.213163,0.191603,999,,,,,,,80.5,3.8333333333333335,80,3.8095238095238093,,,,,,,,,,,,,,,,,,,"Andrew Painter","sa3017880",691725
"Tyler Holton","DET",1,1,0,3.48971,20,0,0,4,,20,83,18,9,8,2,5,,1,17,7.67635,2.1436,3.58105,1.01039,0.208919,0.0583401,0.1505788043141365,0.236123,1.13769,0.276779,0.730458,,,3.66306,0.211441,0.181465,448.07000732421875,,,,,,,108.60000000000001,5.430000000000001,106,5.3,,,,,,,,,,,,,,,,,,,"Tyler Holton","26231",663947
"Hunter Harvey","KCR",1,1,0,3.49955,20,0,0,4,,20,81,17,8,8,2,6,,1,21,9.55892,2.5722,3.71625,0.860482,0.257042,0.0691671,0.1878749579191208,0.23328,1.17119,0.299422,0.721596,,,3.21887,0.21052,0.202628,709.6199951171875,,,,,,,116.2,5.8100000000000005,111,5.55,,,,,,,,,,,,,,,,,,,"Hunter Harvey","15507",640451
"Richard Fitts","BOS",2,2,2,4.72697,10,6,0,0,,36,155,38,21,19,5,11,,1,27,6.7757,2.7752,2.44151,1.35293,0.174992,0.0716734,0.10331826657056808,0.264302,1.35378,0.29326,0.68475,,,4.57922,0.209784,0.13992,476.5799865722656,,,,,,,124.10000000000004,3.4472222222222233,133,3.6944444444444446,,,,,,,,,,,,,,,,,,,"Richard Fitts","30160",690916
"Austin Gomber","COL",2,4,3,5.35427,9,9,0,0,,51,223,58,33,31,10,15,,1,35,6.14854,2.54893,2.4122,1.69681,0.157203,0.0651698,0.09203281998634338,0.279757,1.41352,0.29722,0.66709,,,5.09135,0.207879,0.237113,746.3800048828125,,,,,,,125.60000000000002,2.4627450980392163,147,2.8823529411764706,,,,,,,,,,,,,,,,,,,"Austin Gomber","16561",596295
"Bubba Chandler","PIT",1,1,2,4.42579,4,4,0,0,,18,79,17,10,9,2,7,,1,17,8.28582,3.61402,2.29269,1.08112,0.214088,0.0933788,0.12070957571268082,0.244217,1.34187,0.291929,0.687874,,,4.1606,0.207266,0.136286,317.3299865722656,,,,,,,74.40000000000002,4.133333333333335,74,4.111111111111111,,,,,,,,,,,,,,,,,,,"Bubba Chandler","sa3017428",696149
"Johan Oviedo","PIT",1,2,2,4.47709,12,4,0,0,,31,133,29,17,15,4,13,,2,26,7.67408,3.84891,1.99383,1.05352,0.195713,0.0981591,0.09755381941795349,0.247727,1.38593,0.290222,0.691641,,,4.37213,0.205138,0.250885,748.280029296875,,,,,,,111.79999999999998,3.6064516129032254,110,3.5483870967741935,,,,,,,,,,,,,,,,,,,"Johan Oviedo","22487",670912
"Aaron Bummer","ATL",1,1,0,3.48828,20,0,0,4,,20,84,18,8,8,1,8,,1,22,9.96813,3.63503,2.74224,0.512608,0.258589,0.0942985,0.1642906740307808,0.238948,1.31755,0.322172,0.724067,,,2.99398,0.205072,0.193637,744.719970703125,,,,,,,121.89999999999999,6.095,120,6,,,,,,,,,,,,,,,,,,,"Aaron Bummer","16258",607481
"Shawn Armstrong","TEX",1,1,0,4.08619,20,0,1,4,,20,86,18,10,9,2,7,,1,21,9.19073,3.26382,2.81594,1.06757,0.240988,0.0855801,0.1554083600640297,0.238236,1.27273,0.295292,0.704124,,,3.84222,0.20412,0.0270876,999,,,,,,,115.60000000000001,5.78,113,5.65,,,,,,,,,,,,,,,,,,,"Shawn Armstrong","12857",542888
"Dylan Lee","ATL",1,1,0,3.13297,20,0,0,4,,20,83,17,8,7,3,6,,0,23,10.2981,2.49072,4.13459,1.12496,0.282466,0.0683177,0.2141479253768921,0.224717,1.12055,0.289173,0.784905,,,3.31444,0.203202,0.24862,737.219970703125,,,,,,,110.89999999999999,5.545,105,5.25,,,,,,,,,,,,,,,,,,,"Dylan Lee","19996",669276
"Tanner Houck","BOS",1,1,1,4.2221,8,3,0,0,,20,84,20,10,9,2,6,,1,16,7.5347,2.85941,2.63506,0.945486,0.195091,0.0740365,0.12105407565832138,0.254773,1.31256,0.300342,0.68868,,,3.94089,0.19905,0.173658,225.72999572753906,,,,,,,82.4,4.12,85,4.25,,,,,,,,,,,,,,,,,,,"Tanner Houck","19879",656557
"Louis Varland","MIN",1,1,0,3.9341,21,0,1,5,,21,88,20,10,9,3,6,,1,21,9.15314,2.59015,3.53383,1.1803,0.242543,0.0686345,0.17390835285186768,0.246376,1.23914,0.302302,0.723807,,,3.75649,0.198545,0.121579,740.0999755859375,,,,,,,112.5,5.357142857142857,112,5.333333333333333,,,,,,,,,,,,,,,,,,,"Louis Varland","27691",686973
"Dennis Santana","PIT",1,1,0,4.01828,21,0,1,4,,21,87,19,10,9,2,7,,1,19,8.2227,3.12478,2.63145,0.844479,0.216071,0.0821109,0.13395990431308746,0.240612,1.26923,0.293213,0.688947,,,3.67191,0.198485,0.172316,549.3599853515625,,,,,,,116.4,5.542857142857143,114,5.428571428571429,,,,,,,,,,,,,,,,,,,"Dennis Santana","17878",642701
"Mike Burrows","PIT",2,1,2,4.38437,13,4,0,0,,31,133,30,16,15,5,12,,1,28,8.2121,3.37017,2.4367,1.37366,0.212438,0.0871826,0.12525548785924911,0.250336,1.3462,0.290809,0.721124,,,4.4898,0.198011,0.17352,750.719970703125,,,,,,,106.89999999999998,3.448387096774193,107,3.4516129032258065,,,,,,,,,,,,,,,,,,,"Mike Burrows","24728",681347
"David Robertson","PHI",1,1,0,3.35957,18,0,0,4,,18,75,15,7,7,2,7,,1,22,10.8322,3.53458,3.06463,0.900907,0.288733,0.0942144,0.1945182979106903,0.218302,1.20539,0.294571,0.750665,,,3.32188,0.19748,0.253605,528.8499755859375,,,,,,,105.60000000000002,5.866666666666668,100,5.555555555555555,,,,,,,,,,,,,,,,,,,"David Robertson","8241",502085
"Daniel Palencia","CHC",1,1,0,3.82086,21,0,10,1,,21,90,18,10,9,2,10,,1,24,10.1644,4.30248,2.36244,0.870241,0.26391,0.111711,0.1521991565823555,0.222963,1.31305,0.293102,0.723111,,,3.69173,0.197186,0.117965,999,,,,,,,153,7.285714285714286,148,7.0476190476190474,,,,,,,,,,,,,,,,,,,"Daniel Palencia","27914",694037
"Luke Weaver","NYY",1,1,0,3.82594,22,0,3,4,,22,89,19,10,9,3,7,,1,23,9.68483,2.79377,3.46659,1.29983,0.260596,0.0751738,0.18542267382144928,0.230039,1.17959,0.283342,0.734116,,,3.8685,0.1968,0.181659,374.45001220703125,,,,,,,129.5,5.886363636363637,124,5.636363636363637,,,,,,,,,,,,,,,,,,,"Luke Weaver","16918",596133
"Emilio Pagán","CIN",1,1,0,4.2135,21,0,8,1,,21,87,19,11,10,4,7,,1,23,9.94746,3.01076,3.30397,1.52322,0.265603,0.080389,0.18521369993686676,0.233374,1.22038,0.284218,0.723489,,,4.17649,0.192563,0.0723014,702.97998046875,,,,,,,122.79999999999998,5.847619047619046,119,5.666666666666667,,,,,,,,,,,,,,,,,,,"Emilio Pagan","14771",641941
"Spencer Schwellenbach","ATL",1,0,1,3.61639,2,2,0,0,,10,41,9,4,4,1,2,,0,10,8.75607,1.90123,4.60547,1.03894,0.239048,0.0519054,0.18714305385947227,0.238476,1.12225,0.291227,0.713576,,,3.39446,0.190195,0.227667,78.30000305175781,,,,,,,52.300000000000004,5.23,51,5.1,,,,,,,,,,,,,,,,,,,"Spencer Schwellenbach","31846",680885
"Danny Coulombe","MIN",1,1,0,3.3885,19,0,0,4,,19,79,17,8,7,2,5,,1,21,9.68857,2.55814,3.78735,0.974046,0.262407,0.0692852,0.1931222528219223,0.231615,1.1614,0.295469,0.744801,,,3.29,0.189127,0.139446,750.77001953125,,,,,,,111.8,5.88421052631579,109,5.7368421052631575,,,,,,,,,,,,,,,,,,,"Danny Coulombe","13293",543056
"Joey Cantillo","CLE",1,1,1,3.95555,12,3,0,0,,21,92,19,10,9,2,10,,1,24,9.86342,4.18688,2.35579,1.00282,0.256387,0.108833,0.1475542187690735,0.229551,1.33223,0.294045,0.726475,,,3.83948,0.188295,0.134929,510.5400085449219,,,,,,,96.4,4.590476190476191,94,4.476190476190476,,,,,,,,,,,,,,,,,,,"Joey Cantillo","23335",676282
"Braxton Ashcraft","PIT",1,1,1,3.92814,19,2,0,2,,26,108,26,12,11,3,7,,1,22,7.87247,2.44486,3.22001,0.949728,0.206765,0.0642126,0.14255263656377792,0.25692,1.27778,0.306758,0.710916,,,3.65574,0.188261,0.184582,736.3599853515625,,,,,,,115.9,4.457692307692308,119,4.576923076923077,,,,,,,,,,,,,,,,,,,"Braxton Ashcraft","23793",677952
"Cole Sands","MIN",2,1,0,3.8262,21,0,0,5,,21,86,19,10,9,2,6,,1,21,9.08571,2.70937,3.35344,1.02702,0.241225,0.0719337,0.16929174214601517,0.239149,1.21647,0.296321,0.713883,,,3.62606,0.188033,0.0789544,677.9600219726562,,,,,,,122.4,5.828571428571429,120,5.714285714285714,,,,,,,,,,,,,,,,,,,"Cole Sands","21461",663485
"Tylor Megill","NYM",1,1,1,3.91414,5,2,0,0,,14,58,12,6,6,2,6,,1,15,9.89466,3.61707,2.73554,1.05456,0.258652,0.0945521,0.16409946233034134,0.234708,1.29437,0.299819,0.72691,,,3.75888,0.187877,0.173854,373.1199951171875,,,,,,,56.800000000000026,4.057142857142859,53,3.7857142857142856,,,,,,,,,,,,,,,,,,,"Tylor Megill","21318",656731
"Ronny Henriquez","MIA",1,1,0,4.00584,21,0,7,2,,21,92,21,10,10,3,8,,1,21,9.01554,3.28385,2.74542,1.08251,0.232908,0.0848352,0.14807280898094177,0.249781,1.33374,0.30781,0.729346,,,3.9167,0.185095,0.176892,999,,,,,,,121.9,5.8047619047619055,124,5.904761904761905,,,,,,,,,,,,,,,,,,,"Ronny Henriquez","24094",678692
"Mick Abel","MIN",2,2,3,4.82295,6,6,0,0,,34,148,33,20,18,5,14,,2,29,7.75823,3.84689,2.01676,1.36663,0.197642,0.0979999,0.09964187443256378,0.250619,1.40064,0.286253,0.688653,,,4.7753,0.1839,0.0871552,999,,,,,,,114.30000000000003,3.361764705882354,115,3.3823529411764706,,,,,,,,,,,,,,,,,,,"Mick Abel","27756",690953
"Kirby Yates","LAD",2,1,0,3.35308,20,0,1,4,,20,82,15,8,7,2,9,,1,25,11.4758,4.08212,2.81125,1.05897,0.306796,0.109132,0.19766438007354736,0.202801,1.19385,0.275796,0.766565,,,3.58734,0.182485,0.24173,235.38999938964844,,,,,,,125.4,6.2700000000000005,115,5.75,,,,,,,,,,,,,,,,,,,"Kirby Yates","9073",489446
"Chase Dollander","COL",1,2,2,5.29775,8,5,0,0,,30,133,31,19,18,5,13,,2,27,7.94648,3.92222,2.02601,1.39271,0.199248,0.0983446,0.10090295225381851,0.260747,1.46221,0.300705,0.660249,,,4.821,0.182001,0.0708597,999,,,,,,,88.9,2.9633333333333334,94,3.1333333333333333,,,,,,,,,,,,,,,,,,,"Chase Dollander","33482",801403
"Paul Blackburn","NYM",1,1,1,4.41148,9,3,0,0,,23,99,23,12,11,3,8,,1,19,7.40731,2.99359,2.47439,1.18427,0.191436,0.077367,0.1140688955783844,0.25906,1.35006,0.297985,0.701017,,,4.27031,0.179941,0.107386,672.1300048828125,,,,,,,84.50000000000001,3.6739130434782616,87,3.782608695652174,,,,,,,,,,,,,,,,,,,"Paul Blackburn","14739",621112
"Cade Povich","BAL",1,1,2,4.47196,4,4,0,0,,19,83,19,10,10,3,7,,1,18,8.31031,3.36312,2.47101,1.38593,0.21601,0.0874176,0.1285920888185501,0.247243,1.32947,0.287545,0.708673,,,4.47202,0.177325,0.153334,438.20001220703125,,,,,,,66.29999999999998,3.4894736842105254,68,3.5789473684210527,,,,,,,,,,,,,,,,,,,"Cade Povich","30055",700249
"Gabe Speier","SEA",1,1,0,3.4697,21,0,0,4,,21,86,18,9,8,2,7,,1,24,10.3744,2.85169,3.63798,0.951431,0.279428,0.0768085,0.20261958986520767,0.225709,1.16513,0.297042,0.73352,,,3.26008,0.174352,0.0852793,999,,,,,,,124.00000000000001,5.904761904761905,119,5.666666666666667,,,,,,,,,,,,,,,,,,,"Gabe Speier","17170",642100
"Caleb Thielbar","CHC",1,1,0,3.82715,19,0,0,5,,19,81,17,9,8,2,7,,1,21,9.63649,3.39889,2.83518,1.09253,0.255344,0.0900627,0.16528164595365524,0.231265,1.25309,0.290765,0.730168,,,3.75034,0.172423,0.0864026,999,,,,,,,109.8,5.778947368421052,107,5.631578947368421,,,,,,,,,,,,,,,,,,,"Caleb Thielbar","10078",573204
"Brant Hurter","DET",1,1,0,3.61078,19,0,0,4,,19,78,18,8,7,2,5,,1,16,7.9286,2.51892,3.14761,0.741419,0.210125,0.0667568,0.14336783438920975,0.246157,1.2301,0.299578,0.71227,,,3.39625,0.167462,0.134071,682.25,,,,,,,99.2,5.221052631578948,99,5.2105263157894735,,,,,,,,,,,,,,,,,,,"Brant Hurter","30133",676428
"Steven Matz","BOS",1,1,0,3.91344,19,1,0,4,,22,92,22,10,10,3,6,,1,20,8.02169,2.39672,3.34694,1.08911,0.212384,0.0634561,0.14892751723527908,0.252519,1.24938,0.299248,0.719229,,,3.79154,0.166678,0.178913,635.280029296875,,,,,,,103.7,4.713636363636364,106,4.818181818181818,,,,,,,,,,,,,,,,,,,"Steven Matz","13361",571927
"Seth Halvorsen","COL",1,2,0,4.43355,20,0,8,1,,20,89,20,11,10,2,8,,1,20,8.65444,3.7308,2.31973,1.10391,0.220077,0.0948717,0.12520486861467361,0.253733,1.40591,0.30774,0.705285,,,4.14834,0.165463,0.110572,376.1700134277344,,,,,,,128.4,6.42,131,6.55,,,,,,,,,,,,,,,,,,,"Seth Halvorsen","33294",678020
"Jake Bird","COL",1,1,0,4.20588,21,0,0,5,,21,92,21,11,10,2,9,,1,21,8.93548,3.81824,2.34021,0.902423,0.226542,0.0968044,0.1297379955649376,0.251942,1.40432,0.314555,0.70918,,,3.88552,0.165121,0.147658,999,,,,,,,108.20000000000002,5.152380952380954,111,5.285714285714286,,,,,,,,,,,,,,,,,,,"Jake Bird","21267",656234
"Seranthony Domínguez","TOR",1,1,0,3.85226,20,0,0,5,,20,83,17,9,8,3,9,,1,23,10.3642,3.94324,2.62835,1.20025,0.271325,0.10323,0.16809498518705368,0.225867,1.28718,0.28927,0.74689,,,3.97652,0.163531,0.153448,530.4600219726562,,,,,,,102.89999999999999,5.145,97,4.85,,,,,,,,,,,,,,,,,,,"Seranthony Dominguez","19249",622554
"Ian Hamilton","NYY",1,1,0,3.6147,19,0,0,4,,19,82,17,8,8,2,8,,1,21,9.73786,3.80565,2.55879,0.789079,0.25407,0.0992928,0.15477677434682846,0.229615,1.2914,0.298846,0.731475,,,3.49406,0.162569,0.132568,748.9000244140625,,,,,,,102.8,5.410526315789474,100,5.2631578947368425,,,,,,,,,,,,,,,,,,,"Ian Hamilton","19261",641656
"Dustin May","LAD",2,1,1,4.134,16,2,1,0,,25,107,23,13,12,3,9,,2,23,8.1772,3.38682,2.41442,1.07217,0.213497,0.0884258,0.12507081776857376,0.237997,1.2852,0.282947,0.70271,,,4.13225,0.160565,0.0722305,321.8900146484375,,,,,,,106.3,4.252,104,4.16,,,,,,,,,,,,,,,,,,,"Dustin May","19716",669160
"Kyle Wright","KCR",1,2,1,4.35681,14,3,0,0,,26,111,26,14,12,3,9,,1,21,7.50286,3.22743,2.32471,1.06581,0.193011,0.0830256,0.10998515784740448,0.254349,1.35123,0.296285,0.695985,,,4.21217,0.158698,0.0662424,711.4000244140625,,,,,,,99.9,3.8423076923076924,103,3.9615384615384617,,,,,,,,,,,,,,,,,,,"Kyle Wright","19665",657140
"Ian Seymour","TBR",1,2,1,4.16259,18,2,0,0,,27,115,25,14,13,4,9,,2,26,8.71824,2.96309,2.94228,1.29113,0.229292,0.07793,0.15136216580867767,0.241877,1.25766,0.287926,0.714344,,,4.17671,0.158521,0.130176,739.4400024414062,,,,,,,104.60000000000002,3.874074074074075,102,3.7777777777777777,,,,,,,,,,,,,,,,,,,"Ian Seymour","27932",693855
"Brandon Young","BAL",1,2,1,4.14816,18,2,0,0,,27,117,26,14,13,4,9,,1,26,8.47132,3.08034,2.75012,1.20837,0.221246,0.0804496,0.14079679548740387,0.247717,1.30048,0.29504,0.718641,,,4.11154,0.156892,0.118201,740.260009765625,,,,,,,105.00000000000003,3.8888888888888897,105,3.888888888888889,,,,,,,,,,,,,,,,,,,"Brandon Young","27819",687064
"Garrett Cleavinger","TBR",1,1,0,3.74303,20,0,1,5,,20,84,16,9,8,3,8,,1,24,10.8046,3.75897,2.87435,1.17859,0.284718,0.0990547,0.18566285073757172,0.219058,1.23393,0.286167,0.74422,,,3.86231,0.156568,0.164871,729.8800048828125,,,,,,,115.5,5.775,107,5.35,,,,,,,,,,,,,,,,,,,"Garrett Cleavinger","17897",664076
"Jake Eder","WSN",2,3,2,4.74748,17,5,0,0,,41,184,40,24,22,6,19,,4,36,7.91193,4.03543,1.96062,1.25726,0.198445,0.101216,0.09722965955734253,0.2498,1.41734,0.289937,0.690782,,,4.80107,0.155573,0.0599519,999,,,,,,,128.60000000000002,3.136585365853659,130,3.1707317073170733,,,,,,,,,,,,,,,,,,,"Jake Eder","27590",671109
"Yariel Rodríguez","TOR",1,1,0,4.07315,20,0,1,4,,20,85,17,10,9,3,9,,1,22,9.66455,3.7916,2.54893,1.17726,0.254098,0.0996878,0.15440991520881653,0.22503,1.26627,0.280032,0.714907,,,4.05639,0.154693,0.0373011,600.9400024414062,,,,,,,101.89999999999999,5.095,96,4.8,,,,,,,,,,,,,,,,,,,"Yariel Rodriguez","33838",684320
"Kenley Jansen","LAA",1,1,0,4.09763,20,0,10,1,,20,82,17,10,9,3,7,,1,21,9.85373,3.36139,2.93144,1.3395,0.262027,0.0893849,0.17264188081026077,0.227809,1.23199,0.281077,0.720096,,,4.06517,0.154582,0.064405,142.47000122070312,,,,,,,138.89999999999998,6.9449999999999985,133,6.65,,,,,,,,,,,,,,,,,,,"Kenley Jansen","3096",445276
"Randy Vásquez","SDP",2,3,3,4.80681,11,8,0,0,,47,206,49,27,25,7,18,,3,31,6.03476,3.37403,1.78859,1.36958,0.152363,0.0851861,0.06717714667320251,0.26548,1.42666,0.28658,0.697197,,,5.04477,0.151748,0.0119037,695.4099731445312,,,,,,,133.30000000000004,2.8361702127659583,143,3.0425531914893615,,,,,,,,,,,,,,,,,,,"Randy Vasquez","24719",681190
"Shinnosuke Ogasawara","WSN",1,1,1,4.26045,10,2,0,0,,21,89,21,11,10,3,7,,1,17,7.23779,2.96477,2.44127,1.11871,0.188357,0.0771554,0.11120143532752991,0.254343,1.32202,0.291953,0.703374,,,4.19865,0.151473,0.100168,733.9500122070312,,,,,,,73.9,3.5190476190476194,76,3.619047619047619,,,,,,,,,,,,,,,,,,,"Shinnosuke Ogasawara","35324",829272
"Carlos Carrasco","ATL",1,2,3,4.85876,7,7,0,0,,26,114,28,15,14,4,8,,1,23,7.76058,2.83459,2.73781,1.44652,0.199525,0.0728775,0.1266474351286888,0.266764,1.37366,0.304846,0.685026,,,4.51409,0.151259,0.114329,649.6500244140625,,,,,,,89.39999999999999,3.4384615384615382,97,3.730769230769231,,,,,,,,,,,,,,,,,,,"Carlos Carrasco","6632",471911
"Jared Koenig","MIL",1,1,0,3.66251,20,0,1,5,,20,86,19,9,8,2,7,,1,20,8.69184,3.26332,2.6635,0.920935,0.227615,0.085457,0.14215752482414246,0.2413,1.2881,0.297454,0.738763,,,3.71136,0.149178,0.160867,733.3800048828125,,,,,,,115,5.75,115,5.75,,,,,,,,,,,,,,,,,,,"Jared Koenig","27517",657649
"Carson Seymour","SFG",1,2,1,4.00293,17,2,0,0,,28,122,28,14,13,3,10,,1,23,7.45759,3.34782,2.2276,0.897706,0.191122,0.0857977,0.10532477498054504,0.255925,1.37287,0.302143,0.721218,,,4.00369,0.148538,0.19146,999,,,,,,,110.50000000000001,3.946428571428572,114,4.071428571428571,,,,,,,,,,,,,,,,,,,"Carson Seymour","30084",693313
"Stephen Kolek","SDP",1,1,1,4.4357,10,3,0,0,,26,111,27,14,13,3,8,,2,19,6.7293,2.98682,2.253,1.04566,0.171869,0.0762844,0.09558428823947906,0.264041,1.37589,0.300258,0.692512,,,4.29444,0.148329,0.0530504,694.02001953125,,,,,,,93.3,3.588461538461538,99,3.8076923076923075,,,,,,,,,,,,,,,,,,,"Stephen Kolek","21487",663568
"Grayson Rodriguez","BAL",1,0,1,3.77139,2,2,0,0,,9,39,8,4,4,1,3,,0,10,9.64808,2.90711,3.31879,1.20471,0.257583,0.0776136,0.17996925115585327,0.234464,1.21433,0.291819,0.738948,,,3.76724,0.145632,0.149765,218.6699981689453,,,,,,,44.500000000000014,4.944444444444446,43,4.777777777777778,,,,,,,,,,,,,,,,,,,"Grayson Rodriguez","24492",680570
"Sean Burke","CHW",2,3,3,4.91786,8,8,0,0,,42,183,40,25,23,7,20,,2,36,7.72386,4.22211,1.82938,1.59963,0.195757,0.107007,0.08874978870153427,0.248875,1.43331,0.277091,0.708639,,,5.214,0.145328,0.08463,407.3900146484375,,,,,,,126.70000000000002,3.016666666666667,125,2.9761904761904763,,,,,,,,,,,,,,,,,,,"Sean Burke","29878",680732
"Ryan Yarbrough","NYY",1,1,1,4.44872,11,2,0,0,,24,104,24,13,12,4,7,,2,19,6.9833,2.66961,2.61585,1.33243,0.181611,0.0694272,0.1121840849518776,0.254967,1.29249,0.284322,0.695899,,,4.56275,0.14514,0.089244,742.9099731445312,,,,,,,77.00000000000003,3.2083333333333344,79,3.2916666666666665,,,,,,,,,,,,,,,,,,,"Ryan Yarbrough","16502",642232
"Bryan King","HOU",1,0,0,3.64164,20,0,0,4,,20,83,18,9,8,2,7,,1,21,9.41432,3.25876,2.88892,0.999496,0.246611,0.0853644,0.16124685108661652,0.236578,1.26387,0.297861,0.743472,,,3.73147,0.14287,0.121094,999,,,,,,,110.60000000000001,5.53,108,5.4,,,,,,,,,,,,,,,,,,,"Bryan King","25890",687911
"Bryan Baker","TBR",1,1,0,3.93592,20,0,0,4,,20,82,17,9,9,3,8,,1,22,9.96566,3.4895,2.8559,1.17935,0.263937,0.0924181,0.1715184599161148,0.229028,1.25218,0.289189,0.726873,,,3.84174,0.142629,0.133011,999,,,,,,,99.89999999999999,4.994999999999999,94,4.7,,,,,,,,,,,,,,,,,,,"Bryan Baker","19804",641329
"Caleb Ferguson","SEA",1,1,0,3.78005,20,0,0,4,,20,85,18,9,8,2,8,,1,20,9.22428,3.6812,2.50578,0.714633,0.237355,0.0947232,0.14263217896223068,0.241524,1.33528,0.31012,0.717867,,,3.52178,0.140872,0.0603208,999,,,,,,,105.60000000000001,5.28,103,5.15,,,,,,,,,,,,,,,,,,,"Caleb Ferguson","19349",657571
"Ryan Gusto","HOU",2,2,1,4.57481,15,3,0,0,,29,124,29,16,15,4,11,,1,26,8.06329,3.30696,2.43828,1.3334,0.207758,0.0852067,0.1225508525967598,0.254627,1.36152,0.295778,0.700985,,,4.44921,0.138685,0.0939659,750.3699951171875,,,,,,,106.00000000000003,3.6551724137931045,109,3.7586206896551726,,,,,,,,,,,,,,,,,,,"Ryan Gusto","26440",687473
"Nick Martinez","CIN",1,1,1,4.25459,15,2,0,0,,23,96,23,12,11,3,6,,1,19,7.32844,2.20016,3.33087,1.34091,0.193702,0.0581535,0.13554833829402924,0.257698,1.2547,0.29126,0.708204,,,4.24909,0.138471,0.0837248,315.4200134277344,,,,,,,90.50000000000001,3.9347826086956528,93,4.043478260869565,,,,,,,,,,,,,,,,,,,"Nick Martinez","12730",607259
"Brendon Little","TOR",1,1,0,3.48629,19,0,0,4,,19,83,17,8,7,2,9,,1,20,9.47322,4.28991,2.20826,0.778777,0.243861,0.110432,0.13342946767807007,0.231288,1.35221,0.298144,0.756384,,,3.70229,0.13823,0.17507,999,,,,,,,97.8,5.147368421052631,95,5,,,,,,,,,,,,,,,,,,,"Brendon Little","21574",663893
"Hunter Gaddis","CLE",1,1,0,3.7829,22,0,2,6,,22,90,19,10,9,3,7,,1,21,8.7433,2.82008,3.10038,1.16925,0.233022,0.0751592,0.15786244720220566,0.234125,1.20292,0.281544,0.730677,,,3.94466,0.136539,0.145206,699.7000122070312,,,,,,,128.5,5.840909090909091,123,5.590909090909091,,,,,,,,,,,,,,,,,,,"Hunter Gaddis","25636",683769
"Ryan Bergert","SDP",1,2,2,4.65891,11,5,0,0,,30,132,30,17,16,4,12,,1,25,7.37169,3.49773,2.10756,1.3053,0.188778,0.0895718,0.09920637309551239,0.255381,1.38668,0.289751,0.696169,,,4.62992,0.132241,0.0272024,999,,,,,,,105.80000000000001,3.526666666666667,109,3.6333333333333333,,,,,,,,,,,,,,,,,,,"Ryan Bergert","29863",686701
"Joe Kelly",,0,1,0,3.66667,11,0,0,0,,11,48,9,5,5,1,6,,1,13,10.3333,4.33333,2.38462,0.666667,0.27193,0.114035,0.15789473801851273,0.222222,1.2963,0.30303,0.714286,,,3.4236,0.130566,0.0774482,999,,,,,,,50.70000000000001,4.60909090909091,47,4.2727272727272725,,,,,,,,,,,,,,,,,,,"Joe Kelly","9761",523260
"Edwin Uceta","TBR",1,1,0,3.96428,21,0,1,4,,21,87,17,10,9,3,8,,1,23,9.89399,3.53803,2.79647,1.28838,0.259784,0.0928972,0.16688670963048935,0.224479,1.24059,0.27808,0.732386,,,4.12192,0.129217,0.126816,318.20001220703125,,,,,,,114.3,5.442857142857143,106,5.0476190476190474,,,,,,,,,,,,,,,,,,,"Edwin Uceta","20539",670955
"Brandon Eisert","CHW",1,1,0,4.04899,20,0,0,4,,20,83,19,10,9,2,7,,1,19,8.8342,3.01161,2.93338,1.11117,0.231001,0.0787491,0.1522521749138832,0.248621,1.2975,0.303275,0.718883,,,3.86119,0.125865,0.017632,999,,,,,,,104,5.2,104,5.2,,,,,,,,,,,,,,,,,,,"Brandon Eisert","27668",685126
"Ryan Pressly","CHC",1,1,0,3.65641,20,0,0,4,,20,84,19,9,8,2,6,,1,19,8.64736,2.83314,3.05222,0.86314,0.227863,0.0746548,0.153208389878273,0.246008,1.26558,0.30443,0.728342,,,3.47077,0.124564,0.0918327,169.14999389648438,,,,,,,107,5.35,107,5.35,,,,,,,,,,,,,,,,,,,"Ryan Pressly","7005",519151
"Tommy Kahnle","DET",1,1,0,3.4674,21,0,1,4,,21,87,17,9,8,2,8,,1,21,8.96098,3.57686,2.50527,0.944619,0.238073,0.0950288,0.14304376393556595,0.221608,1.22591,0.274284,0.748067,,,3.79452,0.124244,0.216122,614.5700073242188,,,,,,,122.60000000000001,5.838095238095239,115,5.476190476190476,,,,,,,,,,,,,,,,,,,"Tommy Kahnle","11384",592454
"Calvin Faucher","MIA",1,1,0,4.10114,21,0,3,4,,21,90,20,10,9,2,9,,1,21,9.13171,3.99964,2.28314,0.869345,0.232554,0.101857,0.13069665431976318,0.24869,1.40764,0.313772,0.717013,,,3.78605,0.12212,0.135992,299.3699951171875,,,,,,,121.80000000000001,5.800000000000001,122,5.809523809523809,,,,,,,,,,,,,,,,,,,"Calvin Faucher","20116",676534
"Tony Santillan","CIN",1,1,0,4.28779,20,0,1,4,,20,87,18,11,10,3,9,,1,22,9.67625,3.81035,2.53947,1.28003,0.250663,0.0987069,0.15195606648921967,0.236118,1.32313,0.292115,0.716432,,,4.22463,0.121732,-0.00936778,596.0999755859375,,,,,,,99.3,4.965,96,4.8,,,,,,,,,,,,,,,,,,,"Tony Santillan","19926",663574
"Anthony Bender","MIA",1,1,0,3.95496,21,0,2,4,,21,90,19,10,9,2,8,,1,20,8.70541,3.41377,2.55009,0.956654,0.226221,0.0887108,0.13750966638326645,0.241097,1.30379,0.296346,0.715284,,,3.86144,0.119618,0.163258,641.22998046875,,,,,,,120.4,5.733333333333333,118,5.619047619047619,,,,,,,,,,,,,,,,,,,"Anthony Bender","19742",669622
"Nick Mears","MIL",1,1,0,3.75319,20,0,0,4,,20,83,17,9,8,2,8,,1,22,9.95683,3.48697,2.85544,1.05941,0.265047,0.0928221,0.17222536355257034,0.224542,1.22963,0.286732,0.729077,,,3.67794,0.119272,0.129674,745.6900024414062,,,,,,,112.2,5.61,107,5.35,,,,,,,,,,,,,,,,,,,"Nick Mears","25376",683232
"Reed Garrett","NYM",2,1,0,3.68454,20,0,0,4,,20,86,17,9,8,2,10,,1,24,10.6503,4.42008,2.40952,0.939044,0.275476,0.114328,0.16114789992570877,0.226978,1.34557,0.302861,0.750795,,,3.67368,0.119215,0.0758642,744.1500244140625,,,,,,,110.2,5.51,105,5.25,,,,,,,,,,,,,,,,,,,"Reed Garrett","16866",657585
"Jonathan Loáisiga","NYY",1,1,0,3.75188,20,0,0,5,,20,86,20,9,8,2,6,,1,17,7.5684,2.70482,2.79811,1.01919,0.199566,0.0713215,0.12824412435293198,0.248048,1.26047,0.290383,0.732663,,,3.91224,0.117411,0.120002,748.239990234375,,,,,,,104.4,5.220000000000001,107,5.35,,,,,,,,,,,,,,,,,,,"Jonathan Loaisiga","19753",642528
"Dallas Keuchel","KCR",0,0,1,4.47585,3,3,0,0,,13,55,12,7,6,2,5,,1,12,8.2494,3.25454,2.53474,1.36862,0.211839,0.0835742,0.1282643899321556,0.249329,1.3395,0.289415,0.718316,,,4.44842,0.11642,0.117618,999,,,,,,,46.39999999999999,3.5692307692307685,45,3.4615384615384617,,,,,,,,,,,,,,,,,,,"Dallas Keuchel","9434",572971
"Reynaldo López","ATL",1,0,0,3.62446,5,1,0,0,,10,41,9,4,4,1,3,,0,10,9.47354,2.97578,3.18355,1.02232,0.252952,0.0794562,0.17349625378847122,0.234017,1.21968,0.29453,0.73723,,,3.54856,0.111999,0.0715077,172.38999938964844,,,,,,,49.300000000000004,4.930000000000001,48,4.8,,,,,,,,,,,,,,,,,,,"Reynaldo Lopez","16400",625643
"Angel Zerpa","KCR",1,1,0,3.89763,20,0,0,4,,20,86,20,9,9,2,7,,1,17,7.65121,2.96829,2.57765,0.854531,0.197827,0.0767471,0.12108002603054047,0.258587,1.34475,0.308736,0.721244,,,3.7416,0.110962,0.158306,750.5700073242188,,,,,,,97.4,4.87,100,5,,,,,,,,,,,,,,,,,,,"Angel Zerpa","22717",672582
"Graham Ashcraft","CIN",1,1,0,4.35076,20,0,1,5,,20,87,21,10,10,2,7,,1,17,7.66551,3.01616,2.54148,1.03689,0.196247,0.0772174,0.11902931332588196,0.262475,1.37181,0.308937,0.69917,,,4.05578,0.109615,0.106048,631.1699829101562,,,,,,,103.80000000000001,5.19,109,5.45,,,,,,,,,,,,,,,,,,,"Graham Ashcraft","27552",668933
"Gregory Soto","NYM",1,1,0,3.66985,19,0,0,4,,19,80,16,8,8,2,8,,1,21,10.2872,3.93783,2.61241,0.823827,0.267795,0.102509,0.1652863770723343,0.226746,1.29086,0.301248,0.729022,,,3.50907,0.107112,0.101507,740.4500122070312,,,,,,,105.4,5.5473684210526315,100,5.2631578947368425,,,,,,,,,,,,,,,,,,,"Gregory Soto","19677",642397
"Taijuan Walker","PHI",1,2,1,4.6534,16,2,0,0,,28,122,28,16,15,4,10,,1,22,7.1567,3.26171,2.19416,1.37175,0.183764,0.0837517,0.10001258552074432,0.257407,1.37111,0.288205,0.698875,,,4.70688,0.106837,0.0486906,731.5599975585938,,,,,,,96.2,3.435714285714286,99,3.5357142857142856,,,,,,,,,,,,,,,,,,,"Taijuan Walker","11836",592836
"Brenan Hanifee","DET",1,1,0,3.853,19,0,0,4,,19,82,20,9,8,2,6,,1,15,6.81459,2.63609,2.58511,0.857145,0.177384,0.0686178,0.10876668989658356,0.261242,1.32194,0.302533,0.720679,,,3.80257,0.106692,0.0688784,999,,,,,,,89,4.684210526315789,94,4.947368421052632,,,,,,,,,,,,,,,,,,,"Brenan Hanifee","22304",669724
"Gordon Graceffo","STL",2,2,1,4.52474,21,3,0,3,,37,159,38,20,18,5,12,,1,27,6.70295,2.95582,2.26771,1.14427,0.172412,0.076029,0.09638305008411407,0.264758,1.3763,0.298363,0.692508,,,4.33908,0.106341,0.0890457,999,,,,,,,140.5,3.7972972972972974,147,3.972972972972973,,,,,,,,,,,,,,,,,,,"Gordon Graceffo","29519",700669
"Aaron Ashby","MIL",1,1,0,3.70841,19,0,0,4,,19,83,17,9,8,2,9,,1,20,9.29045,4.02809,2.30642,0.754243,0.240114,0.104107,0.13600724935531616,0.234732,1.34015,0.301053,0.729685,,,3.60468,0.101245,0.0558993,635.030029296875,,,,,,,97.8,5.147368421052631,95,5,,,,,,,,,,,,,,,,,,,"Aaron Ashby","23550",676879
"Ben Casparius","LAD",1,1,0,4.37459,20,0,2,5,,20,85,19,11,10,3,8,,1,20,8.94212,3.44416,2.59632,1.14011,0.233138,0.0897958,0.1433425471186638,0.241933,1.31139,0.295031,0.690504,,,4.01897,0.101082,-0.0776581,745.760009765625,,,,,,,104.69999999999999,5.234999999999999,104,5.2,,,,,,,,,,,,,,,,,,,"Ben Casparius","30085",676508
"Braydon Fisher","TOR",1,1,0,3.94543,19,0,0,4,,19,80,16,9,8,2,9,,1,21,10.196,4.21849,2.41699,1.01378,0.263373,0.108967,0.15440590679645538,0.232291,1.34922,0.301716,0.732441,,,3.82176,0.100476,0.0512111,999,,,,,,,102.4,5.389473684210526,97,5.105263157894737,,,,,,,,,,,,,,,,,,,"Braydon Fisher","24609",680755
"Tanner Banks","PHI",1,1,0,3.84859,18,0,0,3,,18,75,17,8,8,2,5,,1,18,8.89773,2.61612,3.40112,1.1092,0.23734,0.0697827,0.16755694150924683,0.241513,1.21727,0.294836,0.720248,,,3.7019,0.10043,0.0986433,999,,,,,,,94.40000000000002,5.244444444444445,94,5.222222222222222,,,,,,,,,,,,,,,,,,,"Tanner Banks","16990",621383
"Jordan Romano","PHI",1,1,0,3.93689,20,0,0,4,,20,83,17,9,9,3,7,,1,22,9.86588,3.40184,2.90016,1.24253,0.259759,0.0895671,0.1701921671628952,0.233252,1.26323,0.29176,0.736261,,,3.96716,0.0946932,0.119945,158.24000549316406,,,,,,,102.89999999999999,5.145,97,4.85,,,,,,,,,,,,,,,,,,,"Jordan Romano","16122",605447
"Parker Messick","CLE",1,1,1,4.3682,2,2,0,0,,10,41,9,5,5,1,4,,1,9,8.14433,3.38749,2.40424,1.24107,0.211331,0.0878993,0.12343181669712067,0.244803,1.31969,0.286571,0.703093,,,4.35927,0.0936546,0.105076,999,,,,,,,41.300000000000004,4.130000000000001,40,4,,,,,,,,,,,,,,,,,,,"Parker Messick","sa3020748",800048
"Greg Weissert","BOS",1,1,0,3.96982,19,0,0,4,,19,82,18,9,8,2,7,,1,18,8.54599,3.25385,2.62642,1.07607,0.222391,0.0846747,0.1377166137099266,0.247611,1.31922,0.299481,0.729076,,,3.95167,0.0922276,0.114748,999,,,,,,,97.2,5.11578947368421,97,5.105263157894737,,,,,,,,,,,,,,,,,,,"Greg Weissert","20375",669711
"Kyle Finnegan","WSN",1,1,0,3.99537,21,0,11,1,,21,89,20,10,9,3,8,,1,19,8.34169,3.25182,2.56523,1.10678,0.217983,0.0849759,0.13300716131925583,0.246848,1.31412,0.295307,0.728216,,,4.01141,0.0918966,0.148342,182.1999969482422,,,,,,,136.5,6.5,136,6.476190476190476,,,,,,,,,,,,,,,,,,,"Kyle Finnegan","15009",640448
"Steven Okert","HOU",1,1,0,4.02127,19,0,0,4,,19,79,16,9,8,3,7,,1,22,10.4323,3.34469,3.11907,1.32523,0.276846,0.0887592,0.18808715790510178,0.224373,1.21343,0.284024,0.722509,,,3.99169,0.0918551,0.0493002,999,,,,,,,98.1,5.163157894736842,92,4.842105263157895,,,,,,,,,,,,,,,,,,,"Steven Okert","13580",595345
"Scott Barlow","CIN",1,1,0,4.10545,20,0,0,4,,20,85,17,10,9,2,9,,1,21,9.63073,4.30228,2.23852,1.08516,0.24748,0.110555,0.136925108730793,0.230703,1.35104,0.290127,0.723384,,,4.13689,0.090939,0.0839912,581.469970703125,,,,,,,107.2,5.36,102,5.1,,,,,,,,,,,,,,,,,,,"Scott Barlow","14993",605130
"JoJo Romero","STL",2,2,0,3.75065,20,0,4,3,,20,86,19,9,8,2,8,,1,18,8.2157,3.35255,2.45058,0.944104,0.214582,0.0875635,0.12701812386512756,0.240489,1.29392,0.290197,0.733129,,,3.89637,0.0907035,0.184142,718.2000122070312,,,,,,,115,5.75,115,5.75,,,,,,,,,,,,,,,,,,,"JoJo Romero","19574",668941
"Alec Marsh","KCR",1,1,1,4.52463,9,2,0,0,,16,69,15,9,8,2,6,,1,16,8.76766,3.34456,2.62147,1.27321,0.225929,0.0861841,0.13974501937627792,0.249671,1.33992,0.29929,0.694886,,,4.28179,0.0900433,0.102562,672.5800170898438,,,,,,,65.80000000000001,4.112500000000001,65,4.0625,,,,,,,,,,,,,,,,,,,"Alec Marsh","27451",679525
"Joe Rock","TBR",1,1,1,4.30457,13,2,0,0,,21,90,22,11,10,3,7,,1,16,6.97912,2.81754,2.47702,1.21205,0.180008,0.0726713,0.10733713209629059,0.26207,1.34652,0.296304,0.713869,,,4.38341,0.0897258,0.047254,999,,,,,,,69.3,3.3,74,3.5238095238095237,,,,,,,,,,,,,,,,,,,"Joe Rock","30016",697812
"Martín Pérez","CHW",0,1,1,4.59244,3,3,0,0,,16,71,17,9,8,3,6,,1,12,6.65666,3.40173,1.95684,1.40342,0.169957,0.0868527,0.0831044614315033,0.260555,1.40335,0.28602,0.716186,,,4.88759,0.08969,0.0827995,663.3800048828125,,,,,,,40.3,2.51875,44,2.75,,,,,,,,,,,,,,,,,,,"Martin Perez","6902",527048
"Tim Herrin","CLE",1,1,0,3.62238,20,0,0,4,,20,85,17,9,8,2,9,,1,21,9.2761,4.00193,2.31791,0.774632,0.242205,0.104493,0.13771191984415054,0.224636,1.28773,0.287144,0.728429,,,3.65481,0.089391,0.0727674,750.2999877929688,,,,,,,107.2,5.36,102,5.1,,,,,,,,,,,,,,,,,,,"Tim Herrin","25139",682120
"Mark Leiter Jr.","NYY",1,1,0,3.77466,17,0,0,2,,17,70,15,8,7,2,6,,1,20,10.9256,3.26567,3.3456,1.11491,0.288056,0.0860998,0.20195592939853668,0.231675,1.24031,0.307631,0.735259,,,3.55336,0.0893583,0.0214592,749.6300048828125,,,,,,,89.20000000000002,5.247058823529413,86,5.0588235294117645,,,,,,,,,,,,,,,,,,,"Mark Leiter Jr.","15551",643410
"Davis Daniel","ATL",1,1,0,4.28578,10,1,0,0,,15,66,16,8,7,2,5,,1,13,7.71831,2.6313,2.93327,1.18471,0.20098,0.0685175,0.13246283680200577,0.259723,1.31333,0.302313,0.704777,,,4.09457,0.0886497,0.120183,747.5900268554688,,,,,,,52.800000000000004,3.5200000000000005,57,3.8,,,,,,,,,,,,,,,,,,,"Davis Daniel","27582",669721
"Logan Evans","SEA",1,1,1,4.3747,7,3,0,0,,17,75,17,9,8,2,6,,1,14,7.0432,3.10291,2.26987,1.20076,0.182056,0.0802056,0.10185061395168304,0.255213,1.34193,0.288764,0.704312,,,4.43373,0.0884543,0.0987292,999,,,,,,,64.00000000000001,3.764705882352942,66,3.8823529411764706,,,,,,,,,,,,,,,,,,,"Logan Evans","33699",688138
"Ryan Brasier","CHC",1,1,0,3.62602,19,0,0,4,,19,78,17,8,8,2,5,,1,18,8.47611,2.47029,3.43122,0.990944,0.22883,0.0666904,0.16213931888341904,0.235538,1.17108,0.28551,0.720946,,,3.56529,0.0839471,0.113984,748.4099731445312,,,,,,,105.8,5.568421052631579,103,5.421052631578948,,,,,,,,,,,,,,,,,,,"Ryan Brasier","5615",518489
"Troy Melton","DET",0,0,1,4.69024,10,3,0,0,,18,81,18,10,9,3,7,,1,17,8.38944,3.66246,2.29066,1.29285,0.208942,0.0912146,0.11772710829973221,0.247877,1.39932,0.289895,0.696962,,,4.46681,0.0818896,-0.0284025,999,,,,,,,59.500000000000014,3.3055555555555562,61,3.388888888888889,,,,,,,,,,,,,,,,,,,"Troy Melton","31807",675512
"Adam Mazur","MIA",1,1,1,4.85848,2,2,0,0,,11,48,12,6,6,2,3,,0,8,6.61046,2.66539,2.48011,1.40419,0.169991,0.0685418,0.10144928842782974,0.270223,1.37368,0.297546,0.681156,,,4.64935,0.081439,0.0905021,748.7999877929688,,,,,,,32.60000000000001,2.9636363636363643,36,3.272727272727273,,,,,,,,,,,,,,,,,,,"Adam Mazur","31900",800049
"Bowden Francis","TOR",1,2,1,4.71778,11,3,0,0,,23,96,22,13,12,4,7,,1,20,8.04542,2.76984,2.90465,1.72616,0.210489,0.0724661,0.13802292943000793,0.250831,1.28133,0.279641,0.702546,,,4.89251,0.0811944,0.01675,257.2300109863281,,,,,,,79.8,3.4695652173913043,79,3.4347826086956523,,,,,,,,,,,,,,,,,,,"Bowden Francis","20548",670102
"Logan Henderson","MIL",1,1,0,4.06914,10,1,0,0,,15,60,13,7,7,2,4,,1,16,9.92776,2.52657,3.92934,1.44423,0.270009,0.0687163,0.20129317045211792,0.227872,1.13954,0.278749,0.708394,,,3.91986,0.0800499,-0.0138857,600.6900024414062,,,,,,,69.60000000000001,4.640000000000001,66,4.4,,,,,,,,,,,,,,,,,,,"Logan Henderson","31475",701656
"Victor Vodnik","COL",1,1,0,4.49226,21,0,2,3,,21,92,21,11,10,2,10,,1,19,8.44787,4.52023,1.8689,0.942717,0.211208,0.113012,0.09819609671831131,0.254978,1.49817,0.311326,0.707073,,,4.18953,0.0796677,0.176869,599.469970703125,,,,,,,103.20000000000002,4.9142857142857155,106,5.0476190476190474,,,,,,,,,,,,,,,,,,,"Victor Vodnik","24614",680767
"Kyle Backhus","ARI",1,1,0,3.9352,20,0,0,4,,20,87,19,9,9,2,8,,1,19,8.61107,3.81178,2.25907,0.833522,0.219883,0.0973337,0.12254969030618668,0.248928,1.38799,0.308612,0.725345,,,3.81129,0.077785,0.152785,999,,,,,,,101,5.05,101,5.05,,,,,,,,,,,,,,,,,,,"Kyle Backhus","29615",679775
"Brad Keller","CHC",1,1,0,3.99489,21,0,1,4,,21,89,20,10,9,2,8,,1,18,7.72512,3.48952,2.2138,0.892313,0.198588,0.0897042,0.10888330638408661,0.251395,1.36496,0.299715,0.719717,,,3.96755,0.0773045,0.10826,999,,,,,,,108.80000000000001,5.180952380952381,109,5.190476190476191,,,,,,,,,,,,,,,,,,,"Brad Keller","15734",641745
"Luis García","LAA",1,1,0,4.10088,20,0,0,5,,20,86,20,10,9,2,7,,1,17,7.84428,3.17861,2.46783,1.01383,0.202567,0.0820831,0.12048415094614029,0.252715,1.33728,0.299482,0.713821,,,4.03732,0.076915,0.0462657,750.5999755859375,,,,,,,101.4,5.07,104,5.2,,,,,,,,,,,,,,,,,,,"Luis Garcia","6984",472610
"Tony Gonsolin","LAD",1,1,1,4.63037,6,2,0,0,,13,56,12,7,7,2,5,,1,12,8.22737,3.39297,2.42483,1.44144,0.21392,0.0882207,0.12569938600063324,0.243519,1.31376,0.280113,0.692529,,,4.62377,0.0747533,0.0372024,483.1099853515625,,,,,,,46.39999999999999,3.5692307692307685,45,3.4615384615384617,,,,,,,,,,,,,,,,,,,"Tony Gonsolin","19388",664062
"Anthony DeSclafani","ARI",1,1,1,4.44116,19,2,0,2,,27,113,28,14,13,4,7,,1,21,7.20626,2.43329,2.96152,1.30197,0.187671,0.0633699,0.12430160492658615,0.265243,1.32086,0.300428,0.701481,,,4.28744,0.0696698,0.0449427,999,,,,,,,103.80000000000003,3.8444444444444454,109,4.037037037037037,,,,,,,,,,,,,,,,,,,"Anthony DeSclafani","13050",543101
"Carmen Mlodzinski","PIT",1,2,0,4.47561,20,1,0,4,,22,96,22,12,11,2,8,,1,18,7.463,3.42485,2.17908,0.983505,0.190546,0.0874434,0.10310237854719162,0.259559,1.40063,0.304457,0.689379,,,4.11765,0.0695834,-0.00763588,724.4099731445312,,,,,,,106.00000000000001,4.818181818181819,109,4.954545454545454,,,,,,,,,,,,,,,,,,,"Carmen Mlodzinski","27572",669387
"Chris Martin","TEX",1,1,0,3.27142,16,0,0,0,,16,63,15,6,6,2,2,,1,17,9.51663,1.39556,6.81924,0.970755,0.261945,0.0384126,0.2235320396721363,0.243514,1.09101,0.309191,0.740329,,,2.95734,0.0693571,0.0515145,262.17999267578125,,,,,,,79.80000000000001,4.987500000000001,79,4.9375,,,,,,,,,,,,,,,,,,,"Chris Martin","11847",455119
"Andrew Chafin","LAA",1,1,0,4.01298,19,0,0,3,,19,82,17,9,8,2,10,,1,21,9.93545,4.78444,2.07662,0.881246,0.251902,0.121304,0.13059786707162857,0.236726,1.43413,0.3082,0.732024,,,3.86499,0.0688245,0.0512021,999,,,,,,,92.8,4.88421052631579,90,4.7368421052631575,,,,,,,,,,,,,,,,,,,"Andrew Chafin","12988",605177
"Nolan McLean","NYM",0,0,1,4.47585,2,2,0,0,,8,37,8,4,4,1,3,,0,8,8.2494,3.25454,2.53474,1.36862,0.211839,0.0835742,0.12826437503099442,0.249329,1.3395,0.289415,0.718316,,,4.44842,0.066297,0.0777442,999,,,,,,,33.10000000000001,4.137500000000001,34,4.25,,,,,,,,,,,,,,,,,,,"Nolan McLean","sa3023053",690997
"Alex Wood",,1,1,1,4.72994,2,2,0,0,,12,53,13,7,6,2,5,,1,9,6.94281,3.37707,2.05587,1.28219,0.175363,0.085299,0.09006441384553909,0.263484,1.41626,0.295859,0.69445,,,4.74337,0.0658839,0.0399987,999,,,,,,,30.40000000000002,2.533333333333335,34,2.8333333333333335,,,,,,,,,,,,,,,,,,,"Alex Wood","13781",622072
"Robby Snelling","MIA",1,1,1,4.72608,2,2,0,0,,12,54,13,7,6,2,5,,0,9,6.75312,3.53564,1.91001,1.28151,0.170495,0.0892636,0.08123099058866501,0.268139,1.45901,0.299594,0.705131,,,4.71514,0.0657676,0.055131,999,,,,,,,33.40000000000002,2.783333333333335,37,3.0833333333333335,,,,,,,,,,,,,,,,,,,"Robby Snelling","sa3020707",702281
"Quinn Mathews","STL",0,0,0,3.9167,6,1,0,0,,9,40,8,4,4,1,4,,1,9,8.6686,3.85315,2.24974,0.941902,0.224353,0.0997238,0.12462907284498215,0.235838,1.32622,0.289548,0.723224,,,3.97957,0.0655612,0.106302,419.30999755859375,,,,,,,36.500000000000014,4.055555555555557,35,3.888888888888889,,,,,,,,,,,,,,,,,,,"Quinn Mathews","sa3023407",687273
"Justin Topa","MIN",1,1,0,3.92364,19,0,0,4,,19,80,18,9,8,2,6,,1,16,7.56847,2.89306,2.61608,0.893557,0.197238,0.0753946,0.1218436136841774,0.252573,1.30481,0.299368,0.712757,,,3.80974,0.0644222,0.0459689,999,,,,,,,96.2,5.063157894736842,96,5.052631578947368,,,,,,,,,,,,,,,,,,,"Justin Topa","15145",623437
"Dane Dunning","ATL",1,1,1,4.3758,17,2,0,0,,24,103,23,13,12,3,9,,1,22,8.36725,3.36581,2.48596,1.17673,0.21475,0.0863852,0.12836452573537827,0.252481,1.35686,0.300847,0.705718,,,4.23957,0.0637012,0.0922782,740.989990234375,,,,,,,94.90000000000002,3.9541666666666675,95,3.9583333333333335,,,,,,,,,,,,,,,,,,,"Dane Dunning","19409",641540
"Erik Sabrowski","CLE",1,1,0,3.75895,21,0,0,5,,21,90,17,9,9,2,11,,1,24,10.4408,4.99611,2.08979,1.01913,0.267207,0.127863,0.13934417068958282,0.223961,1.39493,0.29339,0.761042,,,4.01737,0.0635686,0.168593,999,,,,,,,118.60000000000001,5.647619047619048,111,5.285714285714286,,,,,,,,,,,,,,,,,,,"Erik Sabrowski","24978",681870
"Luis Garcia","HOU",1,1,0,4.24174,5,1,0,0,,10,43,10,5,5,2,3,,0,10,8.79763,3.00781,2.92493,1.41988,0.230808,0.0789107,0.15189768373966217,0.2474,1.2908,0.292471,0.727628,,,4.29192,0.061814,0.062287,591.6799926757812,,,,,,,34.4,3.44,35,3.5,,,,,,,,,,,,,,,,,,,"Luis Garcia","23735",677651
"Allan Winans","NYY",1,1,0,4.39687,14,1,0,0,,19,79,19,10,9,3,5,,1,15,7.27727,2.47119,2.94484,1.28589,0.190961,0.064846,0.12611515820026398,0.256271,1.27729,0.290363,0.692744,,,4.29523,0.0617892,0.0400398,999,,,,,,,66.29999999999998,3.4894736842105254,68,3.5789473684210527,,,,,,,,,,,,,,,,,,,"Allan Winans","21238",642216
"Brady Basso","ATH",1,1,0,4.12996,8,1,0,0,,11,44,10,5,5,1,3,,0,10,8.29851,2.65941,3.12044,1.26798,0.220202,0.0705677,0.1496342495083809,0.247214,1.25113,0.290704,0.713873,,,4.04272,0.0612677,0.08933,750.5599975585938,,,,,,,54.10000000000001,4.918181818181819,53,4.818181818181818,,,,,,,,,,,,,,,,,,,"Brady Basso","25582",669620
"Taylor Rogers","PIT",1,1,0,4.16729,20,0,0,4,,20,84,18,10,9,3,8,,1,21,9.59291,3.65635,2.62363,1.23044,0.248671,0.0947813,0.15388979762792587,0.239158,1.32195,0.296614,0.724123,,,4.10825,0.0605737,0.0617103,493.0799865722656,,,,,,,95.3,4.765,92,4.6,,,,,,,,,,,,,,,,,,,"Taylor Rogers","13449",573124
"Jordan Hicks","BOS",1,1,0,4.0142,18,0,0,3,,18,78,17,9,8,2,8,,1,17,8.47931,3.87236,2.1897,0.793593,0.215974,0.0986318,0.11734248697757721,0.246935,1.38447,0.305598,0.713439,,,3.84657,0.0603432,0.0359721,465.57000732421875,,,,,,,83.40000000000002,4.633333333333335,83,4.611111111111111,,,,,,,,,,,,,,,,,,,"Jordan Hicks","19618",663855
"Alek Manoah","TOR",1,1,1,4.57838,3,2,0,0,,10,43,9,6,5,2,4,,1,9,8.41676,3.63628,2.31466,1.37698,0.215832,0.0932456,0.12258655577898026,0.24219,1.33404,0.282364,0.697504,,,4.68774,0.0587043,0.0864065,750.8499755859375,,,,,,,29,2.9,27,2.7,,,,,,,,,,,,,,,,,,,"Alek Manoah","26410",666201
"Javier Assad","CHC",1,1,1,4.28308,10,2,0,0,,17,72,16,9,8,2,7,,1,14,7.39267,3.54798,2.08363,1.18994,0.189916,0.0911467,0.09876929968595505,0.251685,1.37296,0.288412,0.720355,,,4.47538,0.0585874,0.144986,649.3900146484375,,,,,,,63.600000000000016,3.741176470588236,63,3.7058823529411766,,,,,,,,,,,,,,,,,,,"Javier Assad","21741",665871
"Jack Perkins","ATH",0,0,1,4.84984,19,2,0,3,,24,108,24,14,13,3,10,,1,22,8.4937,3.96612,2.14156,1.23644,0.206896,0.0966099,0.11028619855642319,0.246834,1.44386,0.290237,0.682652,,,4.4805,0.0564621,-0.0383145,999,,,,,,,101.30000000000001,4.220833333333334,104,4.333333333333333,,,,,,,,,,,,,,,,,,,"Jack Perkins","31468",678022
"Eduard Bazardo","SEA",1,1,0,3.91724,20,0,0,5,,20,84,18,9,9,2,7,,1,19,8.56465,3.22869,2.65267,1.09636,0.227,0.085574,0.1414254605770111,0.233678,1.2461,0.281045,0.718703,,,3.95516,0.0557676,0.0776434,999,,,,,,,110.60000000000001,5.53,108,5.4,,,,,,,,,,,,,,,,,,,"Eduard Bazardo","20997",660825
"Ken Waldichuk","ATH",1,1,1,4.50601,8,2,0,0,,14,60,13,7,7,2,6,,1,13,8.62368,3.77077,2.28698,1.35518,0.221585,0.0968897,0.12469497323036194,0.243288,1.35456,0.286832,0.708505,,,4.56737,0.055046,0.0227895,999,,,,,,,50.20000000000003,3.585714285714288,49,3.5,,,,,,,,,,,,,,,,,,,"Ken Waldichuk","27681",686610
"Brandon Sproat","NYM",0,0,1,4.57352,2,2,0,0,,9,38,9,5,4,1,3,,0,6,6.54068,3.29612,1.98436,1.22896,0.167603,0.0844622,0.08314087986946106,0.259667,1.3869,0.288232,0.697936,,,4.62821,0.0537413,0.0357296,999,,,,,,,33.90000000000001,3.766666666666668,35,3.888888888888889,,,,,,,,,,,,,,,,,,,"Brandon Sproat","sa3023499",687075
"Tanner Gordon","COL",1,2,1,5.3446,12,3,0,0,,25,110,30,16,15,5,7,,1,17,6.09539,2.35107,2.5926,1.67146,0.154326,0.0595256,0.09480071067810059,0.288044,1.43856,0.307539,0.672923,,,5.05366,0.05295,-0.00853651,999,,,,,,,55.5,2.22,70,2.8,,,,,,,,,,,,,,,,,,,"Tanner Gordon","27669",685299
"Félix Bautista","BAL",1,1,0,2.79464,11,0,3,0,,11,45,7,4,3,1,5,,0,16,12.7462,4.02733,3.16493,0.897983,0.348257,0.110036,0.2382207065820694,0.186981,1.11673,0.276011,0.797521,,,3.01714,0.0522025,0.0398464,64.93000030517578,,,,,,,82.9,7.536363636363637,74,6.7272727272727275,,,,,,,,,,,,,,,,,,,"Felix Bautista","20666",642585
"Fernando Cruz","NYY",1,1,0,3.55655,14,0,0,0,,14,60,11,6,6,2,7,,1,21,12.9964,4.16603,3.11962,1.05314,0.346284,0.111002,0.23528224229812622,0.204995,1.21324,0.301691,0.746801,,,3.2527,0.051938,0.021795,728.9600219726562,,,,,,,68.40000000000003,4.885714285714288,62,4.428571428571429,,,,,,,,,,,,,,,,,,,"Fernando Cruz","7048",518585
"Cooper Criswell","BOS",1,1,0,4.28093,12,1,0,0,,14,60,15,7,7,2,4,,1,11,7.07536,2.50677,2.8225,0.986759,0.183347,0.064959,0.11838812381029129,0.262266,1.31304,0.303364,0.686494,,,3.97307,0.0513843,0.0784077,749.5700073242188,,,,,,,47,3.357142857142857,51,3.642857142857143,,,,,,,,,,,,,,,,,,,"Cooper Criswell","24975",681867
"Tobias Myers","MIL",1,1,0,4.22092,13,1,0,0,,17,72,17,9,8,3,5,,1,15,8.07262,2.81085,2.87195,1.36307,0.212022,0.0738251,0.13819663226604462,0.248755,1.27684,0.287407,0.720381,,,4.32455,0.0513616,0.0000213832,355.45001220703125,,,,,,,56.7,3.335294117647059,58,3.411764705882353,,,,,,,,,,,,,,,,,,,"Tobias Myers","22191",668964
"Mason Montgomery","TBR",1,1,0,4.1497,19,0,0,4,,19,80,17,9,9,2,8,,1,20,9.61916,3.66227,2.62655,1.15456,0.24981,0.0951095,0.15470069646835327,0.241263,1.33224,0.302109,0.721012,,,3.94971,0.051086,0.0483268,588.3099975585938,,,,,,,100.8,5.3052631578947365,98,5.157894736842105,,,,,,,,,,,,,,,,,,,"Mason Montgomery","29770",682254
"Tim Hill","NYY",1,1,0,4.19853,21,0,0,5,,21,90,22,10,10,2,6,,1,11,4.90275,2.74562,1.78566,0.76374,0.125154,0.0700887,0.05506576597690582,0.271612,1.39019,0.297209,0.694613,,,4.17644,0.0508399,0.0874821,999,,,,,,,94.60000000000001,4.504761904761905,100,4.761904761904762,,,,,,,,,,,,,,,,,,,"Tim Hill","16814",657612
"Bryan Hudson","MIL",1,1,0,3.6683,18,0,0,2,,18,77,16,8,7,2,8,,1,18,9.14672,4.00099,2.28611,0.935735,0.238077,0.104141,0.1339363232254982,0.229346,1.31057,0.286942,0.744661,,,3.88763,0.0485447,0.0517641,999,,,,,,,84.00000000000003,4.666666666666668,81,4.5,,,,,,,,,,,,,,,,,,,"Bryan Hudson","19924",663542
"Tommy Nance","TOR",0,1,0,4.21109,18,0,0,3,,18,79,19,9,8,2,6,,1,17,8.68868,3.04732,2.85125,1.1574,0.220441,0.0773138,0.1431271731853485,0.270437,1.41728,0.32822,0.734453,,,4.00351,0.0480515,0.00495416,999,,,,,,,84.20000000000002,4.677777777777779,89,4.944444444444445,,,,,,,,,,,,,,,,,,,"Tommy Nance","19178",667297
"Hurston Waldrep","ATL",1,1,1,4.80031,2,2,0,0,,9,38,9,5,5,1,4,,0,7,7.62298,4.26744,1.78631,1.1969,0.190391,0.106583,0.08380762487649918,0.259194,1.49231,0.300243,0.69868,,,4.68687,0.0475929,0.0587157,716.9400024414062,,,,,,,32.90000000000001,3.655555555555557,34,3.7777777777777777,,,,,,,,,,,,,,,,,,,"Hurston Waldrep","33527",694462
"Matt Svanson","STL",1,1,0,4.37831,19,0,0,4,,19,83,20,10,9,2,7,,1,15,7.02305,3.45456,2.03298,0.761642,0.177608,0.0873635,0.0902445986866951,0.264203,1.42874,0.310774,0.686853,,,3.94585,0.045632,-0.0322539,999,,,,,,,86,4.526315789473684,91,4.7894736842105265,,,,,,,,,,,,,,,,,,,"Matt Svanson","29629",694335
"Adam Macko","TOR",0,0,0,4.50036,1,1,0,0,,5,23,5,3,3,1,2,,0,5,8.04461,3.66788,2.19326,1.25796,0.205565,0.0937257,0.11183923482894897,0.250547,1.38038,0.292383,0.706389,,,4.51585,0.0448193,0.00508667,999,,,,,,,15.7,3.1399999999999997,16,3.2,,,,,,,,,,,,,,,,,,,"Adam Macko","sa3011555",671936
"Brock Burke","LAA",1,1,0,4.23452,20,0,0,4,,20,85,19,10,9,3,7,,1,19,8.58323,3.41761,2.51147,1.24908,0.221388,0.0881507,0.13323740661144257,0.251362,1.35679,0.299964,0.727212,,,4.24928,0.0438121,0.0341727,999,,,,,,,91.69999999999999,4.584999999999999,91,4.55,,,,,,,,,,,,,,,,,,,"Brock Burke","17968",656271
"Sean Newcomb","ATH",1,1,0,4.14307,19,0,0,5,,19,84,18,10,9,2,9,,1,18,8.42607,4.30071,1.95922,1.03507,0.21319,0.108813,0.10437656193971634,0.244988,1.4221,0.295839,0.7309,,,4.32475,0.0433589,0.00444235,713.280029296875,,,,,,,95.2,5.010526315789474,95,5,,,,,,,,,,,,,,,,,,,"Sean Newcomb","16943",656794
"Clayton Beeter","WSN",1,1,0,3.84244,17,0,0,1,,17,71,14,8,7,2,8,,1,20,10.5392,4.51697,2.33324,1.09522,0.273336,0.117149,0.1561874896287918,0.221961,1.33206,0.289476,0.747183,,,3.9622,0.0430935,0.0300535,999,,,,,,,81.80000000000001,4.811764705882354,76,4.470588235294118,,,,,,,,,,,,,,,,,,,"Clayton Beeter","27494",690925
"Emerson Hancock","SEA",1,1,1,4.733,6,3,0,0,,19,83,20,11,10,3,7,,1,14,6.6657,3.08956,2.15749,1.43379,0.171244,0.0793719,0.0918722003698349,0.259712,1.36419,0.284264,0.694533,,,4.86237,0.0429791,0.0872978,609.4099731445312,,,,,,,55.69999999999999,2.9315789473684206,60,3.1578947368421053,,,,,,,,,,,,,,,,,,,"Emerson Hancock","27470",676106
"Justin Wrobleski","LAD",1,1,0,4.47829,12,1,0,0,,15,62,14,8,7,2,5,,0,13,7.94875,3.09392,2.56915,1.27103,0.207404,0.0807287,0.126675583422184,0.251053,1.31923,0.291584,0.694037,,,4.27841,0.0429091,-0.0195484,738.22998046875,,,,,,,61.00000000000001,4.066666666666667,60,4,,,,,,,,,,,,,,,,,,,"Justin Wrobleski","31204",680736
"Kevin Kelly","TBR",1,1,0,3.71831,18,0,0,3,,18,75,17,8,7,2,4,,1,15,7.67724,1.99322,3.85167,0.896524,0.205214,0.0532793,0.15193495154380798,0.247525,1.17871,0.294251,0.70208,,,3.54777,0.041846,0.0224639,750.8200073242188,,,,,,,91.40000000000002,5.077777777777779,91,5.055555555555555,,,,,,,,,,,,,,,,,,,"Kevin Kelly","25679",687330
"José Alvarado","PHI",1,1,0,3.34228,11,0,0,0,,11,48,9,5,4,1,5,,0,13,10.4117,3.85479,2.70097,0.759116,0.275245,0.101906,0.1733393669128418,0.222981,1.26339,0.299828,0.750659,,,3.24677,0.0417941,0.0141709,508.6300048828125,,,,,,,56.70000000000001,5.154545454545455,53,4.818181818181818,,,,,,,,,,,,,,,,,,,"Jose Alvarado","17780",621237
"Mason Englert","TBR",1,1,0,4.30227,19,0,0,4,,19,81,19,10,9,3,6,,1,17,8.13223,2.75405,2.95282,1.30979,0.212428,0.0719407,0.14048763364553452,0.254405,1.29893,0.296933,0.711598,,,4.227,0.0416832,-0.0235888,999,,,,,,,83.29999999999998,4.384210526315789,85,4.473684210526316,,,,,,,,,,,,,,,,,,,"Mason Englert","22288",669438
"Riley O'Brien","STL",1,1,0,4.01962,20,0,0,5,,20,86,18,10,9,2,10,,1,20,9.05517,4.40935,2.05363,0.933183,0.229565,0.111785,0.11778014898300171,0.239072,1.40421,0.29862,0.729716,,,4.10139,0.0411722,0.0281183,999,,,,,,,103.60000000000001,5.180000000000001,101,5.05,,,,,,,,,,,,,,,,,,,"Riley O'Brien","20348",676617
"Nic Enright","CLE",1,1,0,4.13684,20,0,0,5,,20,83,18,10,9,3,7,,1,19,8.82624,3.32378,2.65548,1.18192,0.231383,0.0871343,0.14424901455640793,0.239661,1.28655,0.289448,0.713644,,,4.06956,0.0406805,0.00275369,999,,,,,,,98.3,4.915,95,4.75,,,,,,,,,,,,,,,,,,,"Nic Enright","25553",663671
"Jalen Beeks","ARI",1,1,0,3.96765,16,0,0,1,,16,70,16,8,7,2,6,,1,15,8.24116,3.34166,2.46619,0.895846,0.213563,0.0865964,0.1269666999578476,0.249605,1.33925,0.303353,0.716784,,,3.78199,0.0402249,0.00978995,999,,,,,,,65.20000000000002,4.075000000000001,67,4.1875,,,,,,,,,,,,,,,,,,,"Jalen Beeks","17192",656222
"Osvaldo Bido","ATH",1,1,0,4.71206,11,1,0,0,,16,68,15,9,8,2,7,,1,13,7.79703,3.82679,2.03749,1.28295,0.197957,0.0971574,0.10079938918352127,0.248874,1.38938,0.286754,0.68943,,,4.71736,0.04001,-0.0170035,440.82000732421875,,,,,,,56.80000000000001,3.5500000000000007,56,3.5,,,,,,,,,,,,,,,,,,,"Osvaldo Bido","23150",674370
"Jacob Latz","TEX",1,1,0,4.33324,19,1,0,4,,21,93,19,11,10,3,11,,1,21,8.94628,4.67296,1.91448,1.16267,0.227524,0.118844,0.10868027061223984,0.237119,1.4237,0.28808,0.72444,,,4.44486,0.0399704,-0.0978864,999,,,,,,,91.1,4.338095238095238,88,4.190476190476191,,,,,,,,,,,,,,,,,,,"Jacob Latz","21306",656641
"Tanner Scott","LAD",1,1,0,3.06492,10,0,4,0,,10,41,8,4,3,1,4,,0,12,10.764,3.721,2.89276,0.779313,0.288454,0.0997157,0.188738115131855,0.212084,1.19653,0.289033,0.768499,,,3.18567,0.0399144,0.0270573,102.88999938964844,,,,,,,72.9,7.290000000000001,69,6.9,,,,,,,,,,,,,,,,,,,"Tanner Scott","17586",656945
"Paxton Schultz","TOR",1,1,0,4.31945,17,1,0,1,,19,80,18,10,9,3,8,,1,19,9.02442,3.6355,2.48231,1.3116,0.233123,0.0939139,0.13920920342206955,0.245302,1.34979,0.295528,0.722764,,,4.31549,0.0389647,0.0839215,999,,,,,,,71.89999999999999,3.784210526315789,71,3.736842105263158,,,,,,,,,,,,,,,,,,,"Paxton Schultz","25501",687606
"Ryne Stanek","NYM",1,1,0,4.02268,20,0,0,4,,20,84,17,10,9,3,9,,1,21,9.67761,4.11493,2.35183,1.17968,0.251698,0.107022,0.14467539638280869,0.228772,1.32042,0.285226,0.734083,,,4.14052,0.0380482,-0.00587882,745.4500122070312,,,,,,,94.89999999999999,4.744999999999999,89,4.45,,,,,,,,,,,,,,,,,,,"Ryne Stanek","15947",592773
"Blade Tidwell","SFG",0,0,1,4.73747,11,2,0,0,,18,79,18,10,9,3,7,,1,17,8.4203,3.75233,2.24402,1.27615,0.208327,0.0928365,0.11549029499292374,0.247565,1.41251,0.289998,0.692596,,,4.47086,0.0378601,0.0285404,999,,,,,,,59.500000000000014,3.3055555555555562,61,3.388888888888889,,,,,,,,,,,,,,,,,,,"Blade Tidwell","31701",694918
"Chase Silseth","LAA",1,1,0,4.4623,14,1,0,0,,19,81,18,10,9,3,8,,1,17,8.38869,3.96739,2.11441,1.23871,0.214967,0.101668,0.11329937726259232,0.243895,1.37949,0.288251,0.708262,,,4.47707,0.0376683,0.0496156,742.2000122070312,,,,,,,63.89999999999999,3.3631578947368417,63,3.3157894736842106,,,,,,,,,,,,,,,,,,,"Chase Silseth","30074",681217
"Andrew Kittredge","CHC",1,1,0,3.88677,20,0,0,4,,20,83,19,9,8,3,6,,1,18,8.24356,2.5661,3.21249,1.22067,0.21805,0.0678758,0.150174118578434,0.249384,1.25299,0.294134,0.737059,,,3.9804,0.0373823,0.121364,731.8900146484375,,,,,,,92.69999999999999,4.635,92,4.6,,,,,,,,,,,,,,,,,,,"Andrew Kittredge","12828",552640
"Caden Dana","LAA",1,2,1,4.97945,10,3,0,0,,23,100,23,14,13,4,9,,1,20,7.69797,3.61734,2.12808,1.60768,0.196488,0.0923313,0.10415675491094589,0.252489,1.38485,0.281323,0.690421,,,5.08232,0.0365504,-0.0255483,665.7100219726562,,,,,,,71.2,3.095652173913044,73,3.1739130434782608,,,,,,,,,,,,,,,,,,,"Caden Dana","31508",702674
"Jack Dreyer","LAD",1,1,0,3.82022,18,0,0,2,,18,74,16,8,7,2,6,,1,18,9.00587,3.291,2.73651,1.00103,0.238776,0.0872555,0.15152009576559067,0.233012,1.24973,0.288138,0.720604,,,3.72499,0.0364375,0.0236329,999,,,,,,,90.00000000000003,5.000000000000002,87,4.833333333333333,,,,,,,,,,,,,,,,,,,"Jack Dreyer","30249",676263
"Yilber Díaz","ARI",1,1,0,4.47853,6,1,0,0,,11,47,10,6,5,1,5,,0,11,8.87293,4.44578,1.99581,1.10714,0.225705,0.113089,0.11261549592018127,0.240606,1.41598,0.29341,0.703588,,,4.32574,0.0361001,0.0593133,734.4600219726562,,,,,,,50.10000000000001,4.554545454545456,49,4.454545454545454,,,,,,,,,,,,,,,,,,,"Yilber Diaz","29271",700270
"Brian Van Belle","TBR",0,0,0,4.79289,8,1,0,0,,11,52,11,7,6,2,5,,1,11,8.4565,3.85778,2.19206,1.25656,0.207616,0.0947123,0.11290319263935089,0.247202,1.42797,0.290117,0.687616,,,4.47561,0.0360808,0.0272346,999,,,,,,,32.2,2.9272727272727277,33,3,,,,,,,,,,,,,,,,,,,"Brian Van Belle","sa3014925",687003
"Keider Montero","DET",1,1,1,4.65585,8,2,0,0,,15,66,15,9,8,2,6,,1,12,7.11775,3.27227,2.17517,1.36959,0.182778,0.0840291,0.09874843060970306,0.257354,1.37201,0.287776,0.698649,,,4.71231,0.0354264,-0.0327325,719.6599731445312,,,,,,,50.400000000000006,3.3600000000000003,52,3.466666666666667,,,,,,,,,,,,,,,,,,,"Keider Montero","22630",672456
"Jaden Hill","COL",1,1,0,4.6575,19,0,0,3,,19,82,19,10,10,2,8,,2,19,9.10703,3.68825,2.4692,1.1192,0.229809,0.0930702,0.13673879206180573,0.255738,1.40972,0.315668,0.685662,,,4.16294,0.0353501,0.0644731,999,,,,,,,86.6,4.557894736842105,89,4.684210526315789,,,,,,,,,,,,,,,,,,,"Jaden Hill","30250",677955
"Aaron Wilkerson","STL",0,0,1,4.78926,12,2,0,0,,17,75,16,10,9,2,7,,1,16,8.45413,3.85087,2.19538,1.25785,0.207662,0.0945903,0.1130714863538742,0.247226,1.42696,0.290109,0.687937,,,4.4753,0.0338474,0.0282579,999,,,,,,,67.60000000000002,3.9764705882352955,67,3.9411764705882355,,,,,,,,,,,,,,,,,,,"Aaron Wilkerson","16904",658792
"Jakob Junis","CLE",1,1,0,3.92552,17,0,0,2,,17,70,16,8,7,2,4,,1,15,7.93109,2.10519,3.7674,1.22997,0.211292,0.0560844,0.15520786866545677,0.252682,1.21783,0.294594,0.724534,,,3.9347,0.0331892,0.0193412,664.5499877929688,,,,,,,82.60000000000002,4.858823529411766,82,4.823529411764706,,,,,,,,,,,,,,,,,,,"Jakob Junis","13619",596001
"Travis Adams","MIN",1,1,0,4.42875,17,1,0,0,,19,80,19,10,9,2,6,,1,15,6.97961,2.79519,2.49701,1.16621,0.181318,0.0726142,0.10870379954576492,0.259974,1.33287,0.294897,0.69303,,,4.25815,0.0329828,0.0481598,999,,,,,,,75.6,3.978947368421052,78,4.105263157894737,,,,,,,,,,,,,,,,,,,"Travis Adams","30180",701519
"Robert Stephenson","LAA",1,1,0,3.87124,14,0,0,0,,14,57,12,6,6,2,4,,1,16,10.7863,2.75246,3.9188,1.4513,0.291222,0.074314,0.21690820157527924,0.22806,1.16555,0.289822,0.742726,,,3.82652,0.0325199,0.0252327,738.4500122070312,,,,,,,64.80000000000003,4.628571428571431,61,4.357142857142857,,,,,,,,,,,,,,,,,,,"Robert Stephenson","13594",596112
"Robinson Piña","TOR",1,1,0,4.40896,14,1,0,0,,16,67,16,8,8,2,5,,1,13,7.43988,2.86136,2.60012,1.12253,0.192199,0.0739191,0.11827962845563889,0.259621,1.33835,0.300665,0.692484,,,4.17024,0.0321215,-0.00186343,999,,,,,,,60.20000000000001,3.7625000000000006,62,3.875,,,,,,,,,,,,,,,,,,,"Robinson Pina","23091",673820
"Mason Black","SFG",1,1,0,4.38689,13,1,0,0,,18,78,17,10,9,2,7,,1,16,7.91387,3.46409,2.28454,1.19686,0.204085,0.0893328,0.11475174129009247,0.247642,1.34274,0.288861,0.702878,,,4.38273,0.0317914,0.0208498,749.2000122070312,,,,,,,72.40000000000002,4.022222222222223,72,4,,,,,,,,,,,,,,,,,,,"Mason Black","30171",696131
"Chase Lee","DET",1,1,0,3.71303,17,0,0,2,,17,73,16,8,7,2,6,,1,16,8.47157,3.04905,2.77842,0.884567,0.220671,0.0794231,0.1412479653954506,0.24749,1.29584,0.303723,0.731633,,,3.68091,0.031601,0.00449548,999,,,,,,,78.60000000000002,4.623529411764707,78,4.588235294117647,,,,,,,,,,,,,,,,,,,"Chase Lee","29574",695445
"Josh Sborz","TEX",1,1,0,3.93877,17,0,0,2,,17,72,15,8,7,2,7,,1,19,9.9142,3.54969,2.79298,1.04614,0.26095,0.093431,0.1675194576382637,0.232,1.27347,0.296674,0.718237,,,3.69525,0.0303691,0.00310463,999,,,,,,,84.20000000000002,4.952941176470589,81,4.764705882352941,,,,,,,,,,,,,,,,,,,"Josh Sborz","18323",622250
"Yimi García","TOR",1,1,0,3.6826,12,0,0,0,,12,50,10,5,5,2,4,,1,14,10.1423,2.90798,3.48775,1.14446,0.273455,0.0784044,0.19505085796117783,0.223238,1.15957,0.284532,0.728254,,,3.61178,0.0301257,0.0237909,550.469970703125,,,,,,,51.20000000000002,4.266666666666668,47,3.9166666666666665,,,,,,,,,,,,,,,,,,,"Yimi Garcia","12095",554340
"JT Brubaker","NYY",1,1,0,4.4195,19,1,0,4,,21,92,21,11,11,3,7,,1,19,8.08066,3.11895,2.59083,1.39192,0.21007,0.0810823,0.1289881467819214,0.247481,1.30356,0.285079,0.708167,,,4.52622,0.0291083,-0.087871,999,,,,,,,93.9,4.4714285714285715,96,4.571428571428571,,,,,,,,,,,,,,,,,,,"JT Brubaker","17578",664141
"Andrew Alvarez","WSN",0,0,0,4.31344,1,1,0,0,,3,11,3,1,1,0,1,,0,2,6.06789,3.35887,1.80653,0.988573,0.155087,0.0858481,0.06923912465572357,0.262444,1.40867,0.292787,0.70741,,,4.3753,0.0287107,0.0889627,999,,,,,,,15.400000000000002,5.133333333333334,16,5.333333333333333,,,,,,,,,,,,,,,,,,,"Andrew Alvarez","sa3017531",674841
"Brandyn Garcia","ARI",0,0,0,3.73662,18,0,0,3,,18,79,17,8,8,2,7,,2,17,8.32381,3.56823,2.33275,0.86797,0.21513,0.0922216,0.12290855497121811,0.238255,1.30665,0.290737,0.730063,,,3.93107,0.0284167,0.0963277,999,,,,,,,83.40000000000002,4.633333333333335,83,4.611111111111111,,,,,,,,,,,,,,,,,,,"Brandyn Garcia","33568",805299
"Matt Festa","CLE",1,1,0,4.27228,19,0,0,3,,19,80,17,10,9,2,7,,1,18,8.76111,3.54712,2.46993,1.02858,0.227395,0.0920657,0.1353297457098961,0.240875,1.31749,0.294678,0.692459,,,3.97169,0.0282742,-0.0303162,999,,,,,,,95.8,5.042105263157895,93,4.894736842105263,,,,,,,,,,,,,,,,,,,"Matt Festa","19330",670036
"Joe Jiménez","ATL",0,1,0,3.65482,14,0,0,0,,14,56,11,6,6,2,5,,1,16,10.335,3.0758,3.36008,1.06272,0.277104,0.0824694,0.19463477283716202,0.224951,1.18636,0.291988,0.729599,,,3.49693,0.0282348,0.026873,750.7999877929688,,,,,,,64.40000000000003,4.600000000000002,58,4.142857142857143,,,,,,,,,,,,,,,,,,,"Joe Jimenez","15761",641729
"Joey Estes","ATH",0,1,1,5.13391,6,2,0,0,,11,49,12,7,7,2,3,,1,9,6.98917,2.47261,2.82663,1.75401,0.18029,0.0637826,0.11650750786066055,0.266112,1.32992,0.287366,0.671554,,,5.09722,0.0278678,-0.0853553,713.8900146484375,,,,,,,31.600000000000005,2.872727272727273,35,3.1818181818181817,,,,,,,,,,,,,,,,,,,"Joey Estes","26257",683155
"Pierson Ohl","MIN",0,0,0,4.86086,15,1,0,0,,18,84,18,11,10,3,8,,1,17,8.5009,3.9871,2.1321,1.23254,0.206758,0.0969738,0.10978427529335022,0.246763,1.44694,0.290261,0.681709,,,4.48144,0.0272998,-0.023577,999,,,,,,,56.500000000000014,3.1388888888888897,58,3.2222222222222223,,,,,,,,,,,,,,,,,,,"Pierson Ohl","30179",701487
"Daniel Lynch IV","KCR",1,1,0,4.29294,18,1,0,1,,20,87,20,10,10,3,7,,1,16,7.08846,3.09378,2.2912,1.12759,0.182579,0.0796871,0.10289192199707031,0.2572,1.35136,0.293645,0.708264,,,4.33234,0.0267382,-0.0216491,689.6500244140625,,,,,,,71.1,3.5549999999999997,73,3.65,,,,,,,,,,,,,,,,,,,"Daniel Lynch IV","21537",663738
"Isaac Mattson","PIT",1,1,0,4.43257,20,0,0,5,,20,89,18,11,10,2,10,,1,20,8.81371,4.54817,1.93786,1.08155,0.22336,0.115261,0.10809842497110367,0.237212,1.4103,0.289002,0.704449,,,4.40229,0.0266633,-0.0409781,999,,,,,,,103.60000000000001,5.180000000000001,101,5.05,,,,,,,,,,,,,,,,,,,"Isaac Mattson","20385",676755
"Max Lazar","PHI",1,1,0,4.31962,17,0,0,1,,17,70,16,9,8,2,5,,1,14,7.50954,2.76512,2.71581,1.13627,0.197889,0.0728657,0.1250237300992012,0.249238,1.2733,0.288058,0.68543,,,4.08397,0.026572,-0.0131121,999,,,,,,,73.60000000000002,4.329411764705884,73,4.294117647058823,,,,,,,,,,,,,,,,,,,"Max Lazar","23426",676661
"Connor Prielipp","MIN",0,0,0,3.74488,11,0,0,0,,11,45,10,5,4,1,4,,0,11,9.24205,3.0748,3.00574,0.940098,0.242244,0.0805938,0.16165006905794144,0.244537,1.28359,0.307833,0.730916,,,3.55586,0.0263757,0.00970511,999,,,,,,,53.10000000000001,4.827272727272728,52,4.7272727272727275,,,,,,,,,,,,,,,,,,,"Connor Prielipp","sa3020808",687570
"Matt Waldron","SDP",0,0,0,4.62055,1,1,0,0,,3,12,3,2,2,0,1,,0,2,7.42179,2.61299,2.84035,1.40228,0.194068,0.0683254,0.1257426217198372,0.255453,1.28875,0.28778,0.682515,,,4.48899,0.0263602,-0.0213003,657.5499877929688,,,,,,,15.400000000000002,5.133333333333334,16,5.333333333333333,,,,,,,,,,,,,,,,,,,"Matt Waldron","25550",663362
"Drew Pomeranz","CHC",1,1,0,3.33183,18,0,0,3,,18,77,16,7,7,2,7,,1,19,9.25312,3.54093,2.61319,1.02864,0.243761,0.0932811,0.1504799649119377,0.228488,1.25525,0.284294,0.778693,,,3.85766,0.0260406,0.0512399,999,,,,,,,93.00000000000003,5.166666666666668,90,5,,,,,,,,,,,,,,,,,,,"Drew Pomeranz","11426",519141
"Drey Jameson","ARI",0,0,0,4.26317,1,1,0,0,,3,14,3,2,2,0,1,,0,3,7.97291,3.61595,2.20493,1.04375,0.202823,0.0919861,0.11083653569221497,0.258262,1.41499,0.307133,0.71858,,,4.15975,0.0257604,-0.0114089,747.8699951171875,,,,,,,17.400000000000002,5.800000000000001,18,6,,,,,,,,,,,,,,,,,,,"Drey Jameson","26260",686753
"Mason Fluharty","TOR",1,1,0,4.15425,17,0,0,2,,17,72,16,8,8,2,7,,1,17,8.97285,3.64516,2.46158,0.947648,0.230509,0.0936425,0.1368662789463997,0.245249,1.35059,0.305191,0.705524,,,3.87383,0.0255942,0.00486361,999,,,,,,,77.60000000000002,4.564705882352943,77,4.529411764705882,,,,,,,,,,,,,,,,,,,"Mason Fluharty","31553",689254
"Thomas Hatch","KCR",0,0,0,4.85637,14,1,0,0,,17,79,17,10,9,2,8,,1,16,8.49797,3.97856,2.13594,1.23413,0.206814,0.0968258,0.10998836159706116,0.246792,1.44568,0.290251,0.682092,,,4.48106,0.025494,0.00596958,999,,,,,,,62.000000000000014,3.6470588235294126,64,3.764705882352941,,,,,,,,,,,,,,,,,,,"Thomas Hatch","19264",641672
"Tyler Ferguson","ATH",1,1,0,4.3792,17,0,0,2,,17,73,15,9,8,2,9,,1,17,9.38166,4.66539,2.0109,0.999349,0.238296,0.118502,0.11979406327009201,0.231692,1.39592,0.290993,0.698956,,,4.2096,0.0253885,-0.0140236,748.760009765625,,,,,,,74.20000000000002,4.3647058823529425,71,4.176470588235294,,,,,,,,,,,,,,,,,,,"Tyler Ferguson","19481",621053
"Matt Manning","DET",0,0,0,4.2406,6,1,0,0,,8,35,8,4,4,1,3,,0,7,7.44134,3.30791,2.24956,1.12349,0.193297,0.0859265,0.10737019032239914,0.248325,1.3289,0.286509,0.707673,,,4.27771,0.0252162,-0.0360492,747.9199829101562,,,,,,,31.100000000000005,3.8875000000000006,32,4,,,,,,,,,,,,,,,,,,,"Matt Manning","20369",666159
"Justin Slaten","BOS",1,1,0,3.88883,13,0,0,0,,13,57,12,6,6,2,5,,1,13,8.96995,3.09459,2.89859,1.0657,0.237074,0.0817897,0.1552847921848297,0.237982,1.25252,0.292346,0.720368,,,3.79347,0.0251388,0.0163221,441.3500061035156,,,,,,,48.39999999999999,3.7230769230769223,47,3.6153846153846154,,,,,,,,,,,,,,,,,,,"Justin Slaten","25648",686580
"Paul Sewald","CLE",1,1,0,4.0232,14,0,0,0,,14,56,12,7,6,2,4,,1,16,10.215,2.78503,3.66782,1.38689,0.274617,0.0748719,0.19974486529827118,0.229578,1.1766,0.286591,0.718841,,,3.89118,0.0248638,-0.0107799,591.0800170898438,,,,,,,64.80000000000003,4.628571428571431,61,4.357142857142857,,,,,,,,,,,,,,,,,,,"Paul Sewald","13892",623149
"Jordan Wicks","CHC",0,0,0,4.25918,5,1,0,0,,7,32,7,4,4,1,3,,0,6,7.70286,3.14555,2.44881,1.19073,0.19905,0.0812845,0.11776571720838547,0.256611,1.35401,0.298053,0.718366,,,4.25433,0.0239688,0.0992397,701.489990234375,,,,,,,24.3,3.4714285714285715,25,3.5714285714285716,,,,,,,,,,,,,,,,,,,"Jordan Wicks","30094",696136
"Landon Knack","LAD",1,1,0,4.53381,10,1,0,0,,12,52,12,7,6,2,4,,1,12,8.50852,3.12448,2.72318,1.54749,0.222229,0.0816062,0.14062236994504929,0.246496,1.29912,0.284197,0.71009,,,4.6113,0.0239119,-0.0337191,531.1900024414062,,,,,,,42.000000000000014,3.5000000000000013,43,3.5833333333333335,,,,,,,,,,,,,,,,,,,"Landon Knack","27487",689017
"Yuki Matsui","SDP",1,1,0,3.71353,16,0,0,0,,16,66,13,7,6,2,7,,0,18,10.3814,3.87757,2.6773,1.12616,0.273762,0.102253,0.1715090647339821,0.224149,1.27197,0.289419,0.750806,,,3.79277,0.0239035,0.0167454,725.6599731445312,,,,,,,75.00000000000001,4.687500000000001,69,4.3125,,,,,,,,,,,,,,,,,,,"Yuki Matsui","33826",673513
"Grant Taylor","CHW",0,0,0,4.97966,20,0,5,2,,20,94,21,12,11,3,9,,1,19,8.5785,4.21314,2.03613,1.19055,0.205297,0.100827,0.10446994751691818,0.246008,1.48009,0.290506,0.671881,,,4.49163,0.0237534,-0.250794,999,,,,,,,97.5,4.875,102,5.1,,,,,,,,,,,,,,,,,,,"Grant Taylor","33927",691799
"Steven Cruz","KCR",1,1,0,3.93424,18,0,0,2,,18,76,16,8,8,2,8,,1,17,8.75069,3.92202,2.23117,0.8301,0.225955,0.101272,0.12468311190605164,0.236885,1.3391,0.295071,0.714024,,,3.81393,0.0236973,0.0292151,999,,,,,,,82.00000000000003,4.555555555555557,79,4.388888888888889,,,,,,,,,,,,,,,,,,,"Steven Cruz","23165",674444
"Porter Hodge","CHC",1,1,0,3.78598,15,0,0,0,,15,63,12,7,6,1,7,,1,16,9.78031,4.4097,2.21791,0.801226,0.253485,0.11429,0.13919498026371002,0.222079,1.32157,0.289065,0.722115,,,3.7015,0.0229698,0.00558985,281.7099914550781,,,,,,,75.5,5.033333333333333,70,4.666666666666667,,,,,,,,,,,,,,,,,,,"Porter Hodge","26413",687863
"Ryan Zeferjahn","LAA",1,1,0,4.42025,19,0,0,4,,19,83,17,10,9,3,9,,1,21,9.76465,4.29399,2.27403,1.20283,0.248783,0.109402,0.1393812671303749,0.235813,1.37508,0.295177,0.708124,,,4.31706,0.0226731,-0.0199671,744.52001953125,,,,,,,87.49999999999999,4.605263157894736,84,4.421052631578948,,,,,,,,,,,,,,,,,,,"Ryan Zeferjahn","25420",666171
"Josiah Gray","WSN",1,1,0,4.86923,4,1,0,0,,8,33,7,4,4,1,3,,0,7,8.10921,3.75551,2.15929,1.47006,0.20771,0.0961939,0.11151621490716934,0.249227,1.38328,0.285479,0.688729,,,4.7973,0.022137,-0.0068093,999,,,,,,,33.7,4.2125,32,4,,,,,,,,,,,,,,,,,,,"Josiah Gray","24580",680686
"Chris Murphy","BOS",0,0,0,4.34718,17,0,0,1,,17,73,16,9,8,2,7,,1,15,8.18895,3.89901,2.10026,1.02597,0.209087,0.0995527,0.10953424125909805,0.250958,1.40819,0.300924,0.70733,,,4.15266,0.0221143,-0.00691497,999,,,,,,,69.60000000000002,4.094117647058825,69,4.0588235294117645,,,,,,,,,,,,,,,,,,,"Chris Murphy","26214",669684
"Jhonathan Díaz","SEA",1,1,0,4.05359,12,1,0,0,,15,63,14,7,7,2,5,,1,12,7.10521,3.3249,2.13697,0.951291,0.182161,0.0852428,0.09691870212554932,0.252354,1.35165,0.292461,0.716214,,,4.21043,0.0211632,-0.0315961,999,,,,,,,56.00000000000001,3.733333333333334,55,3.6666666666666665,,,,,,,,,,,,,,,,,,,"Jhonathan Diaz","20298",646242
"Brendan Beck","NYY",0,0,0,4.47585,1,1,0,0,,2,9,2,1,1,0,1,,0,2,8.2494,3.25454,2.53474,1.36862,0.211839,0.0835742,0.1282643899321556,0.249329,1.3395,0.289415,0.718316,,,4.44842,0.0206886,0.0215309,999,,,,,,,10.600000000000001,5.300000000000001,11,5.5,,,,,,,,,,,,,,,,,,,"Brendan Beck","sa3020680",694341
"Sam Aldegheri","LAA",0,1,0,4.98425,4,1,0,0,,9,41,9,6,5,1,4,,1,8,7.7608,4.33972,1.78832,1.44919,0.194158,0.10857,0.08558785915374756,0.254041,1.47321,0.288426,0.698237,,,5.07973,0.0206647,-0.0411825,999,,,,,,,31.900000000000013,3.544444444444446,33,3.6666666666666665,,,,,,,,,,,,,,,,,,,"Sam Aldegheri","26443",691951
"Jimmy Herget","COL",1,1,0,4.85152,20,0,0,4,,20,87,21,12,11,3,6,,1,16,7.29024,2.84435,2.56307,1.42668,0.186332,0.0726989,0.11363302916288376,0.268912,1.3864,0.302756,0.68741,,,4.63156,0.020314,-0.0259381,750.4099731445312,,,,,,,83.5,4.175,88,4.4,,,,,,,,,,,,,,,,,,,"Jimmy Herget","17556",623474
"Kody Funderburk","MIN",1,1,0,4.01989,17,0,0,2,,17,76,17,8,8,2,7,,1,16,8.49029,3.75959,2.2583,0.833782,0.216489,0.0958635,0.12062526494264603,0.248057,1.37771,0.306049,0.71491,,,3.87069,0.0197541,0.00649541,999,,,,,,,73.00000000000001,4.294117647058824,75,4.411764705882353,,,,,,,,,,,,,,,,,,,"Kody Funderburk","24993",681892
"Kohl Drake","TEX",0,0,0,4.47585,1,1,0,0,,2,9,2,1,1,0,1,,0,2,8.2494,3.25454,2.53474,1.36862,0.211839,0.0835742,0.12826437503099442,0.249329,1.3395,0.289415,0.718316,,,4.44842,0.0194844,0.0211867,999,,,,,,,10.600000000000001,5.300000000000001,11,5.5,,,,,,,,,,,,,,,,,,,"Kohl Drake","sa3021723",684442
"Brennan Bernardino","BOS",1,1,0,3.96228,18,0,0,2,,18,77,17,8,8,2,7,,1,17,8.85418,3.71682,2.38219,0.933644,0.226175,0.0949444,0.13123103976249695,0.246699,1.36598,0.305989,0.726969,,,3.9314,0.01944,0.0318402,999,,,,,,,82.40000000000002,4.577777777777779,82,4.555555555555555,,,,,,,,,,,,,,,,,,,"Brennan Bernardino","16835",657514
"Daysbel Hernández","ATL",2,1,0,3.91903,19,0,0,3,,19,84,16,9,8,2,12,,1,21,9.74167,5.51193,1.76738,0.841174,0.244745,0.138479,0.10626578330993652,0.226003,1.46214,0.292682,0.742759,,,4.12916,0.0194313,0.0564834,749.97998046875,,,,,,,89.4,4.705263157894737,84,4.421052631578948,,,,,,,,,,,,,,,,,,,"Daysbel Hernandez","20271",678226
"Thomas Harrington","PIT",0,0,0,4.40878,1,1,0,0,,2,10,2,1,1,0,1,,0,2,7.33189,2.41489,3.03612,1.31021,0.192591,0.0634333,0.12915793806314468,0.255266,1.26575,0.289039,0.690519,,,4.32108,0.0193495,0.0261727,581.8400268554688,,,,,,,10.600000000000001,5.300000000000001,11,5.5,,,,,,,,,,,,,,,,,,,"Thomas Harrington","31989",802419
"Ryan Fernandez","STL",1,1,0,4.02176,17,0,0,2,,17,73,16,8,8,2,7,,1,16,8.70528,3.70555,2.34925,0.958187,0.224946,0.0957522,0.12919403612613678,0.244454,1.35325,0.300617,0.72042,,,3.88505,0.0192941,0.0231218,666.4099731445312,,,,,,,75.60000000000002,4.447058823529413,75,4.411764705882353,,,,,,,,,,,,,,,,,,,"Ryan Fernandez","24862",681676
"Tyler Uberstine","BOS",0,0,0,4.47585,1,1,0,0,,2,9,2,1,1,0,1,,0,2,8.2494,3.25454,2.53474,1.36862,0.211839,0.0835742,0.128264382481575,0.249329,1.3395,0.289415,0.718316,,,4.44842,0.0190705,0.0268396,999,,,,,,,10.600000000000001,5.300000000000001,11,5.5,,,,,,,,,,,,,,,,,,,"Tyler Uberstine","sa3017643",700413
"Brent Suter","CIN",1,1,0,4.22049,19,0,0,4,,19,81,20,10,9,3,6,,1,15,6.87777,2.6427,2.60255,1.24713,0.178638,0.0686395,0.10999844968318939,0.261975,1.32659,0.294187,0.721239,,,4.36815,0.0187844,0.0194916,999,,,,,,,76.69999999999999,4.036842105263157,81,4.2631578947368425,,,,,,,,,,,,,,,,,,,"Brent Suter","13942",608718
"Alex Lange","DET",1,1,0,3.77815,13,0,0,0,,13,59,11,6,6,1,8,,1,15,10.0656,5.01467,2.00723,0.765958,0.255032,0.127057,0.12797518074512482,0.22547,1.4043,0.298405,0.737659,,,3.84449,0.0176795,0.00713115,748.3300170898438,,,,,,,58.300000000000004,4.484615384615385,55,4.230769230769231,,,,,,,,,,,,,,,,,,,"Alex Lange","19883",656638
"Chase Petty","CIN",0,1,0,4.94933,5,1,0,0,,7,32,8,4,4,1,3,,0,6,7.42187,3.92155,1.89259,1.30814,0.186516,0.0985508,0.0879649966955185,0.262154,1.46964,0.298787,0.688618,,,4.76281,0.0172698,-0.0181885,999,,,,,,,21.7,3.1,25,3.5714285714285716,,,,,,,,,,,,,,,,,,,"Chase Petty","30170",695534
"Jordan Leasure","CHW",1,1,0,4.56827,19,0,1,3,,19,84,18,11,10,3,10,,1,20,9.41549,4.43903,2.12107,1.40521,0.239746,0.11303,0.12671517580747604,0.23992,1.41177,0.290305,0.720801,,,4.63299,0.0172386,-0.126496,741.52001953125,,,,,,,80.89999999999999,4.257894736842105,80,4.2105263157894735,,,,,,,,,,,,,,,,,,,"Jordan Leasure","29950",673929
"Liam Hendriks","BOS",1,1,0,4.09777,8,0,0,0,,8,35,8,4,4,1,3,,0,9,9.76929,2.8735,3.39979,1.28559,0.259516,0.076333,0.18318331241607666,0.23654,1.22393,0.293432,0.711978,,,3.85081,0.0171541,0.000842261,267.6600036621094,,,,,,,35.10000000000001,4.387500000000001,36,4.5,,,,,,,,,,,,,,,,,,,"Liam Hendriks","3548",521230
"Scott Effross","NYY",1,1,0,4.07263,13,0,0,0,,13,57,14,7,6,2,4,,1,11,7.37224,2.64108,2.79137,1.01655,0.192077,0.0688109,0.12326595932245255,0.259518,1.31333,0.302531,0.711103,,,3.92463,0.0163727,-0.0245811,999,,,,,,,42.199999999999996,3.2461538461538457,46,3.5384615384615383,,,,,,,,,,,,,,,,,,,"Scott Effross","18384",664123
"Jason Alexander","HOU",1,1,0,4.55633,16,1,0,0,,18,79,19,10,9,2,6,,1,13,6.45619,3.00873,2.14582,1.1412,0.164737,0.0767713,0.0879659354686737,0.266339,1.39072,0.297737,0.692744,,,4.46835,0.0163299,-0.0431637,999,,,,,,,64.20000000000002,3.5666666666666678,69,3.8333333333333335,,,,,,,,,,,,,,,,,,,"Jason Alexander","19666",669920
"Andrew Saalfrank","ARI",1,1,0,3.95452,20,0,1,5,,20,90,19,10,9,2,11,,1,18,7.99733,4.78619,1.67092,0.686511,0.200657,0.120088,0.08056911826133728,0.247551,1.48917,0.303564,0.731762,,,3.98784,0.0162632,0.0661785,999,,,,,,,99,4.95,99,4.95,,,,,,,,,,,,,,,,,,,"Andrew Saalfrank","26203",685314
"Andrew Nardi","MIA",0,0,0,3.84883,6,0,0,0,,6,26,5,3,3,1,2,,0,8,11.214,3.60602,3.10979,1.05335,0.29619,0.0952442,0.2009453848004341,0.225449,1.24769,0.304922,0.7223,,,3.46899,0.0161657,-0.000547579,748.8300170898438,,,,,,,29.10000000000001,4.850000000000001,27,4.5,,,,,,,,,,,,,,,,,,,"Andrew Nardi","25942",677053
"Ryan Thompson","ARI",1,1,0,3.83769,12,0,0,0,,12,53,12,6,5,1,4,,1,10,7.36071,2.58477,2.84773,0.840664,0.192944,0.0677538,0.12519066035747528,0.255199,1.28504,0.3016,0.711749,,,3.65515,0.0159567,-0.00190457,750.1900024414062,,,,,,,50.30000000000001,4.191666666666667,52,4.333333333333333,,,,,,,,,,,,,,,,,,,"Ryan Thompson","16647",657044
"Evan Sisk","KCR",1,0,0,3.91906,12,0,0,0,,12,51,11,6,5,1,6,,1,12,8.84934,4.38255,2.01922,0.768043,0.225674,0.111763,0.11391103267669678,0.238195,1.39682,0.299692,0.722987,,,3.84452,0.0158094,-0.000689079,999,,,,,,,50.90000000000001,4.241666666666668,50,4.166666666666667,,,,,,,,,,,,,,,,,,,"Evan Sisk","24995",681895
"Luke Jackson","DET",1,1,0,4.20633,16,0,0,1,,16,70,15,8,8,2,7,,1,16,9.03168,4.00052,2.25762,1.01926,0.233324,0.103349,0.12997467815876007,0.236994,1.34819,0.29315,0.706248,,,4.01902,0.0152699,-0.0034748,684.6699829101562,,,,,,,66.80000000000001,4.175000000000001,66,4.125,,,,,,,,,,,,,,,,,,,"Luke Jackson","11752",592426
"Tristan Beck","SFG",1,1,0,4.14476,16,0,0,2,,16,70,16,8,8,2,5,,1,14,7.72505,2.88916,2.6738,1.07544,0.201553,0.0753806,0.1261722296476364,0.252963,1.30641,0.296788,0.707419,,,4.01673,0.0151239,-0.00774708,750.1099853515625,,,,,,,70.20000000000002,4.387500000000001,72,4.5,,,,,,,,,,,,,,,,,,,"Tristan Beck","21584",663941
"Kyle Hart","SDP",1,1,0,4.54686,11,1,0,0,,14,58,13,7,7,2,5,,1,12,7.97756,3.06368,2.60392,1.31952,0.207212,0.079577,0.1276349127292633,0.249954,1.31017,0.289154,0.688772,,,4.41734,0.0142006,0.0582429,534.030029296875,,,,,,,51.2,3.6571428571428575,50,3.5714285714285716,,,,,,,,,,,,,,,,,,,"Kyle Hart","19646",606996
"DL Hall","MIL",1,1,0,4.0012,18,0,0,2,,18,79,16,9,8,2,9,,1,19,9.50067,4.36596,2.17608,1.01463,0.244471,0.112345,0.13212640583515167,0.230635,1.35745,0.290593,0.728741,,,4.05162,0.013751,-0.00973696,725.72998046875,,,,,,,83.00000000000003,4.6111111111111125,80,4.444444444444445,,,,,,,,,,,,,,,,,,,"DL Hall","22207",669084
"Gregory Santos","SEA",0,0,0,3.67086,9,0,0,0,,9,40,8,4,4,1,4,,1,8,8.07345,3.77699,2.13753,0.663804,0.207813,0.0972212,0.11059223115444183,0.240225,1.34009,0.295965,0.725038,,,3.71027,0.0137373,0.00153129,723.1400146484375,,,,,,,34.500000000000014,3.833333333333335,33,3.6666666666666665,,,,,,,,,,,,,,,,,,,"Gregory Santos","21894",666619
"Eric Orze","TBR",1,1,0,4.09647,17,0,0,2,,17,75,16,9,8,2,7,,2,17,8.95317,3.88318,2.30563,1.19212,0.228651,0.0991709,0.12948042899370193,0.237663,1.33867,0.288016,0.731795,,,4.42314,0.013676,-0.0242701,999,,,,,,,74.60000000000002,4.388235294117648,74,4.352941176470588,,,,,,,,,,,,,,,,,,,"Eric Orze","27626",679358
"José Buttó","SFG",1,1,0,3.75755,19,0,0,4,,19,82,16,9,8,2,8,,1,19,8.77226,3.88079,2.26043,0.992358,0.229397,0.101484,0.12791337072849274,0.226816,1.28486,0.277521,0.73512,,,4.03015,0.0134536,0.0426247,675.3699951171875,,,,,,,101.4,5.336842105263158,96,5.052631578947368,,,,,,,,,,,,,,,,,,,"Jose Butto","23313",676130
"Kai-Wei Teng","SFG",0,0,0,4.47585,1,1,0,0,,2,9,2,1,1,0,1,,0,2,8.2494,3.25454,2.53474,1.36862,0.211839,0.0835742,0.12826437503099442,0.249329,1.3395,0.289415,0.718316,,,4.44842,0.0128437,0.0206966,999,,,,,,,10.600000000000001,5.300000000000001,11,5.5,,,,,,,,,,,,,,,,,,,"Kai-Wei Teng","24282",678906
"Trevor Stephan","CLE",1,1,0,3.99994,13,0,0,0,,13,56,12,6,6,2,5,,1,14,9.40544,3.43854,2.7353,1.1068,0.244576,0.0894146,0.15516135841608047,0.240611,1.30409,0.299944,0.725319,,,3.92151,0.0126765,0.00575671,999,,,,,,,50.39999999999999,3.8769230769230765,49,3.769230769230769,,,,,,,,,,,,,,,,,,,"Trevor Stephan","19932",663986
"Caleb Boushley","TEX",1,0,0,4.49995,16,0,0,1,,16,70,17,9,8,2,4,,1,12,6.79627,2.23099,3.0463,1.30781,0.177586,0.0582958,0.11929074302315712,0.266674,1.30611,0.29758,0.691626,,,4.32113,0.0124933,-0.0578389,999,,,,,,,62.60000000000001,3.9125000000000005,67,4.1875,,,,,,,,,,,,,,,,,,,"Caleb Boushley","19736",676961
"Trevor McDonald","SFG",0,1,0,3.83382,11,0,0,0,,11,47,11,5,5,1,4,,1,9,7.30553,2.88018,2.53648,0.706238,0.190382,0.0750574,0.11532425880432129,0.251502,1.29781,0.300013,0.702711,,,3.61461,0.0121454,0.00692849,999,,,,,,,43.50000000000001,3.954545454545455,45,4.090909090909091,,,,,,,,,,,,,,,,,,,"Trevor McDonald","26448",686790
"Fraser Ellard","CHW",1,1,0,4.32439,16,0,0,0,,16,69,14,8,8,2,9,,1,17,9.48461,4.93488,1.92195,0.99725,0.238953,0.124328,0.11462461203336716,0.23491,1.44179,0.296598,0.714656,,,4.24344,0.0119827,-0.00785635,750.6699829101562,,,,,,,61.40000000000001,3.837500000000001,58,3.625,,,,,,,,,,,,,,,,,,,"Fraser Ellard","29530",686642
"Wade Miley","CIN",0,0,0,4.59713,1,1,0,0,,3,12,3,2,1,0,1,,0,2,5.70839,3.18952,1.78973,1.36083,0.145644,0.0813775,0.06426636874675751,0.262802,1.39177,0.280266,0.708899,,,5.00996,0.0117995,-0.00521151,999,,,,,,,15.400000000000002,5.133333333333334,16,5.333333333333333,,,,,,,,,,,,,,,,,,,"Wade Miley","8779",489119
"Jesus Tinoco","MIA",1,1,0,4.00826,14,0,0,0,,14,59,13,7,6,2,5,,1,13,8.38271,3.37653,2.48264,1.08321,0.218628,0.0880626,0.13056525588035583,0.240194,1.29618,0.287727,0.720143,,,4.06953,0.0114309,-0.00127768,463.9800109863281,,,,,,,53.20000000000003,3.800000000000002,52,3.7142857142857144,,,,,,,,,,,,,,,,,,,"Jesus Tinoco","16300",622786
"Craig Yoho","MIL",1,1,0,3.82566,17,0,0,0,,17,73,14,8,7,2,8,,1,19,9.82466,4.35134,2.25785,1.00752,0.253442,0.112249,0.1411925107240677,0.226168,1.33399,0.288847,0.740661,,,4.00244,0.0113051,0.00643712,999,,,,,,,75.80000000000001,4.458823529411766,70,4.117647058823529,,,,,,,,,,,,,,,,,,,"Craig Yoho","33248",684974
"Hunter Stratton","ATL",1,1,0,4.48014,17,0,0,1,,17,73,17,9,8,2,6,,1,15,7.86326,3.27826,2.3986,1.12214,0.202444,0.0844006,0.11804304271936417,0.252403,1.34672,0.296393,0.68731,,,4.23357,0.0110693,-0.0187912,999,,,,,,,70.00000000000001,4.11764705882353,72,4.235294117647059,,,,,,,,,,,,,,,,,,,"Hunter Stratton","23455",676702
"Héctor Neris","HOU",2,1,0,4.10893,18,0,0,2,,18,75,15,9,8,2,8,,1,20,9.97706,3.89101,2.56413,1.23549,0.260408,0.101558,0.1588497832417488,0.229699,1.30008,0.288505,0.725551,,,4.09558,0.0110503,-0.012112,732.1400146484375,,,,,,,90.60000000000002,5.033333333333335,85,4.722222222222222,,,,,,,,,,,,,,,,,,,"Hector Neris","11804",593576
"Valente Bellozo","MIA",1,1,0,4.65212,18,1,0,1,,23,99,23,13,12,4,8,,1,18,6.9271,3.12022,2.22007,1.43522,0.178295,0.0803103,0.09798430651426315,0.259997,1.36911,0.287336,0.704504,,,4.77744,0.0108669,0.0134984,745.6799926757812,,,,,,,74.2,3.226086956521739,76,3.3043478260869565,,,,,,,,,,,,,,,,,,,"Valente Bellozo","23899",678368
"Chayce McDermott","BAL",0,0,0,4.5863,1,1,0,0,,2,10,2,1,1,0,1,,0,2,9.27072,4.90781,1.88897,1.33147,0.234029,0.123892,0.11013664305210114,0.236529,1.446,0.286224,0.720083,,,4.73411,0.0104416,0.0215326,741.6199951171875,,,,,,,10.600000000000001,5.300000000000001,11,5.5,,,,,,,,,,,,,,,,,,,"Chayce McDermott","29866",694646
"Tyler Alexander","CHW",1,1,0,4.91759,17,1,0,1,,20,84,21,12,11,3,5,,1,15,7.08829,2.30496,3.07523,1.61036,0.183759,0.0597546,0.12400449439883232,0.271296,1.3395,0.298811,0.684653,,,4.71894,0.0103953,-0.116403,746.9600219726562,,,,,,,72.5,3.625,77,3.85,,,,,,,,,,,,,,,,,,,"Tyler Alexander","17735",641302
"Shawn Dubin","HOU",0,0,0,3.99177,10,0,0,0,,10,45,10,5,5,1,5,,1,11,9.13066,4.16847,2.19041,0.965569,0.233872,0.106771,0.12710128724575043,0.238466,1.3744,0.297821,0.728885,,,4.00598,0.0103468,-0.00672887,999,,,,,,,39.7,3.97,41,4.1,,,,,,,,,,,,,,,,,,,"Shawn Dubin","24977",681869
"Brent Headrick","NYY",1,0,0,4.22326,14,0,0,0,,14,58,13,7,6,2,5,,1,14,9.20174,3.02198,3.04493,1.34893,0.242425,0.0796159,0.16280920803546906,0.241313,1.26135,0.291254,0.714487,,,4.13953,0.0102937,-0.00967304,999,,,,,,,55.20000000000003,3.9428571428571453,54,3.857142857142857,,,,,,,,,,,,,,,,,,,"Brent Headrick","27702",687396
"Colin Selby","BAL",0,1,0,3.87346,10,0,0,0,,10,42,9,5,4,1,4,,1,11,9.69274,4.05021,2.39315,0.96163,0.25087,0.104828,0.14604149013757706,0.231735,1.32778,0.296054,0.729906,,,3.84093,0.0100552,-0.00690687,999,,,,,,,45.300000000000004,4.53,44,4.4,,,,,,,,,,,,,,,,,,,"Colin Selby","24986",681882
"Justin Bruihl","TOR",1,1,0,4.11647,14,0,0,0,,14,61,14,7,6,1,5,,1,13,8.10018,3.49428,2.31813,0.939017,0.206829,0.0892224,0.11760629713535309,0.250276,1.35968,0.30138,0.710708,,,4.05688,0.0100449,-0.00886536,999,,,,,,,62.90000000000003,4.492857142857145,65,4.642857142857143,,,,,,,,,,,,,,,,,,,"Justin Bruihl","23779",677865
"Dietrich Enns","DET",1,1,0,4.0991,15,0,0,0,,15,65,15,8,7,2,5,,1,14,8.20251,2.92895,2.8005,1.17608,0.215191,0.0768404,0.1383507400751114,0.247989,1.28506,0.293167,0.716803,,,4.06318,0.00971516,-0.0254155,999,,,,,,,57.400000000000006,3.826666666666667,59,3.933333333333333,,,,,,,,,,,,,,,,,,,"Dietrich Enns","13932",608650
"Brooks Raley","NYM",1,1,0,3.77568,17,0,0,2,,17,72,15,8,7,2,7,,1,18,9.28598,3.6148,2.56888,1.10441,0.242506,0.0944014,0.14810412377119064,0.233946,1.29033,0.289682,0.745915,,,3.98985,0.00943745,-0.00107712,999,,,,,,,82.20000000000002,4.835294117647059,79,4.647058823529412,,,,,,,,,,,,,,,,,,,"Brooks Raley","10061",548384
"Erik Miller","SFG",1,1,0,3.67293,14,0,0,0,,14,60,11,6,6,1,8,,1,15,9.82857,5.29065,1.85773,0.742711,0.250015,0.134581,0.11543384194374084,0.221911,1.41778,0.291348,0.748083,,,3.86312,0.00931492,0.0204538,999,,,,,,,65.70000000000002,4.692857142857144,60,4.285714285714286,,,,,,,,,,,,,,,,,,,"Erik Miller","26252",669062
"Brusdar Graterol","LAD",0,0,0,3.53204,3,0,0,0,,3,14,3,1,1,0,1,,0,3,7.52087,2.57475,2.92101,0.782759,0.200272,0.0685628,0.13170962780714035,0.244983,1.2303,0.292416,0.725032,,,3.5047,0.00914776,0.0144394,999,,,,,,,17.400000000000002,5.800000000000001,18,6,,,,,,,,,,,,,,,,,,,"Brusdar Graterol","20367",660813
"Huascar Brazobán","NYM",1,1,0,3.95589,12,0,0,0,,12,52,10,6,5,1,6,,1,12,9.05043,4.31991,2.09505,0.898219,0.233473,0.11144,0.12203294783830643,0.228221,1.3405,0.285433,0.718481,,,3.98641,0.00906708,-0.0121008,999,,,,,,,53.500000000000014,4.458333333333335,50,4.166666666666667,,,,,,,,,,,,,,,,,,,"Huascar Brazoban","6107",623211
"Franco Aleman","CLE",0,0,0,3.86158,5,0,0,0,,5,23,5,2,2,1,2,,0,6,9.44492,3.60521,2.61979,0.969452,0.247537,0.0944873,0.15305008739233017,0.23573,1.29814,0.298007,0.724952,,,3.68756,0.00894305,0.0119936,999,,,,,,,17.7,3.54,18,3.6,,,,,,,,,,,,,,,,,,,"Franco Aleman","sa3018178",680916
"Ryan Borucki","PIT",1,1,0,4.23635,16,0,0,1,,16,69,15,8,8,2,6,,1,15,8.32662,3.55083,2.34498,1.01525,0.214326,0.0913979,0.12292821705341339,0.246943,1.34878,0.297723,0.702979,,,4.06371,0.00890982,0.0141674,999,,,,,,,67.80000000000001,4.237500000000001,67,4.1875,,,,,,,,,,,,,,,,,,,"Ryan Borucki","16350",621366
"Declan Cronin","MIA",1,1,0,4.16648,16,0,0,0,,16,72,17,8,8,1,7,,1,13,7.44994,3.59165,2.07424,0.78308,0.1885,0.0908766,0.0976230651140213,0.259782,1.42034,0.309719,0.706295,,,3.94613,0.00863596,-0.00146021,999,,,,,,,63.900000000000006,3.9937500000000004,69,4.3125,,,,,,,,,,,,,,,,,,,"Declan Cronin","25645",686539
"Jonathan Pintaro","NYM",0,0,0,3.80459,5,0,0,0,,5,22,5,2,2,1,2,,0,5,8.91261,3.20985,2.77664,0.936261,0.233577,0.0841223,0.14945518970489502,0.239735,1.27426,0.297656,0.721917,,,3.69823,0.00820315,0.0111154,999,,,,,,,15.7,3.1399999999999997,16,3.2,,,,,,,,,,,,,,,,,,,"Jonathan Pintaro","33980",702752
"Grant Anderson","MIL",1,1,0,4.26055,19,0,0,3,,19,80,17,10,9,3,8,,1,19,9.05679,3.62705,2.49701,1.21669,0.235322,0.0942416,0.14108051359653473,0.239583,1.32039,0.29104,0.712415,,,4.17675,0.00754759,-0.0269977,999,,,,,,,82.49999999999999,4.342105263157894,79,4.157894736842105,,,,,,,,,,,,,,,,,,,"Grant Anderson","20546",681982
"Vince Velasquez","CLE",0,0,0,4.5,1,1,0,0,,2,9,2,1,1,0,1,,0,2,9,3.6,2.5,1.8,0.232558,0.0930233,0.13953489065170288,0.25641,1.4,0.296296,0.803571,,,4.89027,0.00730363,0.021005,999,,,,,,,10.600000000000001,5.300000000000001,11,5.5,,,,,,,,,,,,,,,,,,,"Vince Velasquez","11189",592826
"Keaton Winn","SFG",1,1,0,3.8677,13,0,0,0,,13,55,12,6,6,1,4,,1,12,8.16383,2.72968,2.99076,0.974163,0.214698,0.0717871,0.14291107654571533,0.246803,1.25683,0.29678,0.714485,,,3.76751,0.00720318,0.00528693,727.4099731445312,,,,,,,61.7,4.746153846153846,61,4.6923076923076925,,,,,,,,,,,,,,,,,,,"Keaton Winn","23499",676775
"Jorge Alcala","BOS",1,1,0,4.32994,15,0,0,0,,15,66,14,8,7,2,6,,1,16,9.12259,3.62739,2.51492,1.33829,0.238348,0.0947737,0.14357469230890274,0.235183,1.29788,0.282358,0.711148,,,4.33967,0.0070869,-0.0132945,999,,,,,,,61.00000000000001,4.066666666666667,60,4,,,,,,,,,,,,,,,,,,,"Jorge Alcala","19459",660896
"Matt Gage","SFG",1,1,0,3.9106,17,0,0,2,,17,75,17,8,8,2,7,,1,15,7.8419,3.85568,2.03385,0.923282,0.20151,0.0990779,0.10243209451436996,0.246456,1.38016,0.294048,0.7342,,,4.06789,0.00697665,0.00201007,999,,,,,,,71.00000000000001,4.176470588235295,73,4.294117647058823,,,,,,,,,,,,,,,,,,,"Matt Gage","17381",657424
"Nick Burdi","BOS",1,0,0,4.12117,9,0,0,0,,9,39,8,4,4,1,5,,1,10,9.8688,4.60912,2.14115,1.01362,0.25006,0.116788,0.13327205926179886,0.231698,1.3897,0.296674,0.723989,,,4.15384,0.00626248,0.0159201,999,,,,,,,35.500000000000014,3.944444444444446,34,3.7777777777777777,,,,,,,,,,,,,,,,,,,"Nick Burdi","16074",595897
"Michel Otañez","ATH",0,1,0,4.16006,9,0,0,0,,9,42,8,5,4,1,6,,1,11,10.5766,5.46031,1.937,0.933408,0.264254,0.136424,0.12782998383045197,0.226713,1.45986,0.301677,0.728276,,,4.14017,0.00618938,-0.0162619,745.4000244140625,,,,,,,34.500000000000014,3.833333333333335,33,3.6666666666666665,,,,,,,,,,,,,,,,,,,"Michel Otanez","22533",671305
"Alan Rangel","PHI",1,1,0,4.60206,14,1,0,0,,15,67,16,9,8,2,5,,1,14,7.9191,3.12634,2.53302,1.41666,0.204527,0.0807443,0.12378265708684921,0.256536,1.35148,0.294321,0.703447,,,4.54078,0.00568218,0.00908023,999,,,,,,,54.800000000000004,3.6533333333333338,59,3.933333333333333,,,,,,,,,,,,,,,,,,,"Alan Rangel","19524",660604
"Josh Winckowski","BOS",0,0,0,4.05395,4,0,0,0,,4,18,4,2,2,0,1,,0,3,7.25812,2.9237,2.48251,0.946042,0.186968,0.0753141,0.11165391653776169,0.264498,1.37134,0.30916,0.720264,,,3.91446,0.00567906,0.000421131,999,,,,,,,22.200000000000003,5.550000000000001,23,5.75,,,,,,,,,,,,,,,,,,,"Josh Winckowski","22387",670174
"Rob Zastryzny","MIL",0,0,0,3.9515,6,0,0,0,,6,25,6,3,3,1,2,,0,6,8.86722,2.93802,3.01809,1.23804,0.233488,0.0773626,0.1561250016093254,0.243518,1.2632,0.293395,0.734124,,,4.02689,0.00546671,-0.00324565,999,,,,,,,22.500000000000007,3.7500000000000013,23,3.8333333333333335,,,,,,,,,,,,,,,,,,,"Rob Zastryzny","15094",642239
"John King","STL",1,1,0,3.84344,13,0,0,0,,13,54,14,6,5,1,3,,0,8,5.6097,2.50126,2.24275,0.779641,0.144639,0.064492,0.0801474004983902,0.272383,1.36727,0.304833,0.724793,,,3.89977,0.00533385,0.00748288,999,,,,,,,54.50000000000001,4.1923076923076925,59,4.538461538461538,,,,,,,,,,,,,,,,,,,"John King","22051",667463
"Luinder Avila","KCR",0,0,0,4.34016,6,0,0,0,,6,26,6,3,3,0,3,,0,5,7.73151,4.0867,1.89187,0.753409,0.194587,0.102854,0.09173281490802765,0.255746,1.45403,0.308792,0.695567,,,3.97487,0.00520298,-0.000344539,999,,,,,,,29.800000000000004,4.966666666666668,31,5.166666666666667,,,,,,,,,,,,,,,,,,,"Luinder Avila","sa3006507",679883
"Shelby Miller","ARI",1,1,0,3.94229,14,0,3,0,,14,61,13,7,6,2,5,,1,15,9.15606,3.19108,2.86926,1.12098,0.240702,0.0838899,0.1568123772740364,0.236854,1.25773,0.291475,0.721469,,,3.91496,0.00519035,-0.002222,999,,,,,,,72.20000000000003,5.157142857142859,71,5.071428571428571,,,,,,,,,,,,,,,,,,,"Shelby Miller","10197",571946
"John Brebbia","ATL",1,1,0,4.40426,12,0,0,0,,12,50,11,6,6,2,4,,1,13,9.76596,3.06383,3.1875,1.34043,0.256281,0.080402,0.17587942630052567,0.243094,1.2766,0.300813,0.697211,,,4.00516,0.0050059,-0.00344841,999,,,,,,,46.600000000000016,3.8833333333333346,45,3.75,,,,,,,,,,,,,,,,,,,"John Brebbia","12777",605154
"Omar Cruz","SDP",0,0,0,4.44938,9,0,0,0,,9,37,8,5,4,1,4,,1,8,8.82569,4.10925,2.14776,0.912513,0.225909,0.105184,0.12072589993476868,0.238107,1.36602,0.295186,0.676965,,,4.01123,0.00481858,-0.0245677,750.0900268554688,,,,,,,34.500000000000014,3.833333333333335,33,3.6666666666666665,,,,,,,,,,,,,,,,,,,"Omar Cruz","23875",678316
"Cristian Mena","ARI",0,0,0,4.16629,4,0,0,0,,4,17,4,2,2,0,2,,0,4,8.98775,3.6078,2.4912,1.06415,0.232748,0.0934281,0.13932021707296371,0.247074,1.35579,0.304465,0.71633,,,3.90725,0.0048109,-0.000634858,999,,,,,,,21.200000000000003,5.300000000000001,22,5.5,,,,,,,,,,,,,,,,,,,"Cristian Mena","27974",691441
"Michael Kopech","LAD",1,1,0,3.98694,9,0,0,0,,9,39,7,4,4,1,5,,1,11,10.9387,4.49224,2.43501,1.22424,0.284108,0.116676,0.16743184626102448,0.215996,1.30253,0.281821,0.738262,,,4.10321,0.00475765,0.0118164,516.0499877929688,,,,,,,40.10000000000001,4.455555555555557,36,4,,,,,,,,,,,,,,,,,,,"Michael Kopech","17282",656629
"Luis Curvelo","TEX",0,0,0,4.56528,17,0,0,3,,17,74,17,10,9,3,6,,1,16,8.21315,3.08473,2.66252,1.31299,0.214131,0.0804242,0.13370689004659653,0.247535,1.30004,0.288876,0.683227,,,4.34503,0.00439525,-0.108761,999,,,,,,,67.7,3.9823529411764707,69,4.0588235294117645,,,,,,,,,,,,,,,,,,,"Luis Curvelo","sa3008169",681168
"Bradley Blalock","COL",1,1,0,5.55706,13,2,0,0,,22,98,25,15,13,4,9,,1,15,6.16094,3.52773,1.74643,1.45817,0.152444,0.0872885,0.06515508890151978,0.282528,1.53788,0.306571,0.6611,,,5.13121,0.00433448,0.0359297,999,,,,,,,48.60000000000001,2.2090909090909094,58,2.6363636363636362,,,,,,,,,,,,,,,,,,,"Bradley Blalock","26419",687134
"Dylan Dodd","ATL",1,1,0,4.28891,18,0,0,2,,18,79,20,9,9,2,5,,1,15,7.47102,2.63732,2.83281,1.1441,0.193061,0.0681518,0.12490949034690857,0.26805,1.35872,0.310941,0.712035,,,4.0548,0.00428733,-0.00517262,999,,,,,,,76.60000000000002,4.255555555555556,84,4.666666666666667,,,,,,,,,,,,,,,,,,,"Dylan Dodd","29928",689266
"Beau Brieske","DET",1,1,0,4.12153,13,0,0,0,,13,56,12,7,6,2,5,,0,12,8.21936,3.54806,2.31658,1.10123,0.213341,0.092093,0.12124787271022797,0.242868,1.32918,0.288767,0.718046,,,4.14785,0.00424781,-0.024097,451.94000244140625,,,,,,,49.39999999999999,3.7999999999999994,48,3.6923076923076925,,,,,,,,,,,,,,,,,,,"Beau Brieske","26079",689225
"James McArthur","KCR",0,0,0,4.18336,3,0,0,0,,3,14,3,2,2,0,1,,0,3,8.10834,2.97493,2.72555,0.936554,0.210599,0.0772685,0.13333092629909515,0.254307,1.32296,0.3066,0.694591,,,3.76773,0.00415096,-0.0150468,750.3800048828125,,,,,,,17.400000000000002,5.800000000000001,18,6,,,,,,,,,,,,,,,,,,,"James McArthur","21527",663704
"Cionel Pérez","BAL",0,0,0,3.99021,8,0,0,0,,8,33,7,4,3,1,4,,0,6,7.6702,4.57584,1.67624,0.687186,0.193169,0.11524,0.0779293030500412,0.24506,1.45304,0.296737,0.721416,,,4.05029,0.00396485,-0.00552549,750.2000122070312,,,,,,,28.700000000000006,3.587500000000001,27,3.375,,,,,,,,,,,,,,,,,,,"Cionel Perez","19614",672335
"Andrew Morris","MIN",0,0,0,4.27403,4,0,0,0,,4,18,4,2,2,1,1,,0,3,7.22811,2.69418,2.68286,1.04119,0.188733,0.0703478,0.11838550865650177,0.259429,1.31875,0.300178,0.693787,,,3.96577,0.00394301,-0.00212688,999,,,,,,,9.9,2.475,10,2.5,,,,,,,,,,,,,,,,,,,"Andrew Morris","sa3020569",702193
"Jacob Webb","TEX",1,1,0,4.28085,14,0,0,0,,14,59,12,7,7,2,6,,1,13,8.35731,3.88755,2.14976,1.20287,0.216919,0.100904,0.11601522564888,0.235254,1.32713,0.277633,0.710622,,,4.39746,0.00393147,-0.0103974,746.3400268554688,,,,,,,52.800000000000026,3.771428571428573,49,3.5,,,,,,,,,,,,,,,,,,,"Jacob Webb","19274",657097
"Luis Contreras","HOU",1,1,0,4.47358,17,0,0,2,,17,74,15,9,8,2,8,,1,17,8.92566,4.19814,2.1261,1.2036,0.228964,0.107692,0.12127169221639633,0.23819,1.37631,0.28805,0.703082,,,4.38005,0.00388027,-0.0301556,999,,,,,,,77.20000000000002,4.541176470588236,74,4.352941176470588,,,,,,,,,,,,,,,,,,,"Luis Contreras","25839",664351
"Marc Church","TEX",0,0,0,4.53878,9,0,0,0,,9,40,9,5,5,1,4,,0,9,9.24182,3.97308,2.32611,1.09466,0.236945,0.101863,0.1350821927189827,0.243347,1.37734,0.301869,0.68694,,,4.08138,0.00351015,-0.0223095,597.5900268554688,,,,,,,36.90000000000001,4.100000000000001,38,4.222222222222222,,,,,,,,,,,,,,,,,,,"Marc Church","26353",687847
"Craig Kimbrel","TEX",0,0,0,4.05673,7,0,0,0,,7,29,6,3,3,1,3,,0,8,10.8913,4.48198,2.43002,1.28488,0.282652,0.116317,0.16633536666631699,0.217415,1.30644,0.281408,0.737864,,,4.21472,0.00344981,0.0105835,702.8699951171875,,,,,,,30.900000000000013,4.414285714285716,29,4.142857142857143,,,,,,,,,,,,,,,,,,,"Craig Kimbrel","6655",518886
"Zak Kent","CLE",0,0,0,4.01038,10,0,0,0,,10,44,10,5,4,1,4,,1,10,8.84532,3.88318,2.27786,1.0525,0.225377,0.0989426,0.12643436342477798,0.248879,1.39567,0.305381,0.739744,,,4.10456,0.00340893,-0.0076999,999,,,,,,,40.7,4.07,42,4.2,,,,,,,,,,,,,,,,,,,"Zak Kent","25703",687849
"Hayden Harris","ATL",1,1,0,4.5,6,0,0,0,,6,26,6,3,3,1,3,,0,6,10.125,4.5,2.25,1.125,0.25,0.111111,0.138888880610466,0.25,1.5,0.318182,0.754717,,,3.96527,0.00334954,-0.00172421,999,,,,,,,19.500000000000007,3.2500000000000013,20,3.3333333333333335,,,,,,,,,,,,,,,,,,,"Hayden Harris","sa3019913",802686
"Bryan Hoeing","SDP",1,1,0,4.12499,15,0,0,0,,15,64,15,7,7,2,5,,1,12,7.17469,2.70657,2.65085,1.03729,0.188412,0.0710761,0.11733575910329819,0.252935,1.28597,0.291669,0.700494,,,4.00175,0.00331127,0.00160429,999,,,,,,,53.400000000000006,3.5600000000000005,55,3.6666666666666665,,,,,,,,,,,,,,,,,,,"Bryan Hoeing","26304",663773
"Tyler Gilbert","CHW",1,1,0,4.44328,17,0,0,2,,17,73,17,9,8,2,6,,1,15,7.96757,3.0456,2.61609,1.26799,0.205874,0.0786953,0.1271786093711853,0.256889,1.34437,0.299357,0.704142,,,4.30373,0.00328874,-0.0237739,999,,,,,,,74.00000000000001,4.352941176470589,76,4.470588235294118,,,,,,,,,,,,,,,,,,,"Tyler Gilbert","17964",656457
"Tim Mayza","PIT",0,0,0,4.09633,5,0,0,0,,5,23,6,3,2,1,2,,0,4,7.19883,2.88378,2.49632,0.962364,0.184712,0.0739939,0.11071836203336716,0.268411,1.38806,0.31285,0.721386,,,3.93877,0.0029776,-0.0149526,999,,,,,,,11.1,2.2199999999999998,14,2.8,,,,,,,,,,,,,,,,,,,"Tim Mayza","15042",641835
"Doug Nikhazy","CLE",1,1,0,4.43267,13,1,0,0,,15,65,14,8,7,2,8,,1,14,8.43885,4.65755,1.81187,1.18276,0.212803,0.11745,0.09535344690084457,0.242976,1.4515,0.289226,0.722796,,,4.60995,0.00275675,-0.0279157,999,,,,,,,51.00000000000001,3.4000000000000004,50,3.3333333333333335,,,,,,,,,,,,,,,,,,,"Doug Nikhazy","30142",680951
"Trent Harris","SFG",0,0,0,3.92306,9,0,0,0,,9,37,8,4,4,1,4,,0,8,8.34083,3.7276,2.23758,0.941907,0.215007,0.0960891,0.11891837418079376,0.246578,1.36656,0.299447,0.731746,,,3.94121,0.0026055,0.00857401,999,,,,,,,37.500000000000014,4.166666666666668,36,4,,,,,,,,,,,,,,,,,,,"Trent Harris","sa3022526",805345
"Joel Kuhnel","NYY",0,0,0,4.5,4,0,0,0,,4,19,4,3,2,0,1,,0,3,6.3,2.7,2.33333,0.9,0.162791,0.0697674,0.09302326291799545,0.25641,1.3,0.290323,0.603448,,,4.19027,0.00258366,-0.0334549,999,,,,,,,22.200000000000003,5.550000000000001,23,5.75,,,,,,,,,,,,,,,,,,,"Joel Kuhnel","19995",669270
"Josh Walker","PHI",0,0,0,4.19686,6,0,0,0,,6,26,6,3,3,1,3,,0,6,9.04428,4.48014,2.01875,1.14907,0.230518,0.114188,0.1163296103477478,0.240221,1.41785,0.293752,0.735194,,,4.32822,0.00229258,-0.000583279,999,,,,,,,19.500000000000007,3.2500000000000013,20,3.3333333333333335,,,,,,,,,,,,,,,,,,,"Josh Walker","23617",677020
"Dauri Moreta","PIT",0,0,0,4.19421,9,0,0,0,,9,36,8,4,4,1,4,,0,9,9.35048,3.82595,2.44397,1.15746,0.242722,0.0993149,0.14340730756521225,0.234126,1.31468,0.28912,0.712245,,,4.12667,0.00209911,0.0152052,999,,,,,,,39.500000000000014,4.38888888888889,38,4.222222222222222,,,,,,,,,,,,,,,,,,,"Dauri Moreta","21101",664294
"Sean Hjelle","SFG",0,0,0,4.14398,3,0,0,0,,3,14,3,2,2,0,1,,0,3,7.6149,2.65798,2.86492,0.894831,0.19657,0.0686128,0.1279575675725937,0.261491,1.3257,0.31085,0.695506,,,3.78241,0.00200896,-0.0180932,749.3499755859375,,,,,,,17.400000000000002,5.800000000000001,18,6,,,,,,,,,,,,,,,,,,,"Sean Hjelle","21481",663546
"Cole Sulser","TBR",1,1,0,4.17994,14,0,0,0,,14,62,13,7,7,2,6,,0,13,8.34452,3.64847,2.28713,1.19813,0.216875,0.0948243,0.12205111235380173,0.242435,1.33664,0.286997,0.723153,,,4.26817,0.0019014,-0.0066613,999,,,,,,,53.20000000000003,3.800000000000002,52,3.7142857142857144,,,,,,,,,,,,,,,,,,,"Cole Sulser","15256",642121
"Rhett Lowder","CIN",0,0,0,4.30851,3,0,0,0,,3,14,3,2,2,0,1,,0,3,7.38851,2.95502,2.50033,1.25076,0.191488,0.0765852,0.11490298807621002,0.255875,1.33012,0.291962,0.713102,,,4.37121,0.00188902,-0.0135849,537.4199829101562,,,,,,,17.400000000000002,5.800000000000001,18,6,,,,,,,,,,,,,,,,,,,"Rhett Lowder","33876",695076
"Easton Lucas","TOR",1,0,0,4.48269,11,0,0,0,,11,48,11,6,5,1,5,,1,10,8.34598,3.78317,2.20608,1.18375,0.212855,0.0964859,0.11636954545974731,0.251204,1.39659,0.298761,0.70535,,,4.35662,0.00169766,-0.0225034,999,,,,,,,42.50000000000001,3.863636363636364,44,4,,,,,,,,,,,,,,,,,,,"Easton Lucas","26058",687922
"Justin Sterner","ATH",1,1,0,4.58937,19,0,0,4,,19,82,18,10,10,3,8,,1,19,8.94927,3.80142,2.35419,1.44975,0.230342,0.0978435,0.13249873369932175,0.241744,1.35013,0.285825,0.707674,,,4.63305,0.00165428,-0.000460921,999,,,,,,,83.89999999999999,4.41578947368421,83,4.368421052631579,,,,,,,,,,,,,,,,,,,"Justin Sterner","27694",686993
"Carlos Rodriguez","MIL",0,0,0,4.2711,3,0,0,0,,3,14,3,2,2,0,1,,0,3,8.38275,3.59667,2.3307,1.09352,0.218413,0.0937111,0.12470139563083649,0.240354,1.32036,0.287719,0.699432,,,4.10821,0.00155297,-0.0170198,999,,,,,,,17.400000000000002,5.800000000000001,18,6,,,,,,,,,,,,,,,,,,,"Carlos Rodriguez","30161",692230
"Anthony Banda","LAD",1,1,0,4.34138,19,0,0,4,,19,84,18,10,9,3,9,,1,18,8.4613,3.96766,2.13257,1.18715,0.215921,0.10125,0.1146717220544815,0.246308,1.39185,0.293692,0.718639,,,4.40408,0.00144764,-0.0211245,999,,,,,,,78.89999999999999,4.152631578947368,78,4.105263157894737,,,,,,,,,,,,,,,,,,,"Anthony Banda","14706",607455
"Michael Tonkin","MIN",1,1,0,4.26987,17,0,0,2,,17,73,16,9,8,2,6,,1,17,8.83358,3.39868,2.59912,1.24733,0.228922,0.0880766,0.14084500074386597,0.243994,1.31681,0.293353,0.713517,,,4.24402,0.00135099,-0.0259399,750.9299926757812,,,,,,,80.60000000000002,4.741176470588236,80,4.705882352941177,,,,,,,,,,,,,,,,,,,"Michael Tonkin","10315",543859
"Kevin Herget","NYM",0,0,0,4.27592,7,0,0,0,,7,31,7,4,3,1,2,,0,6,7.65753,2.57722,2.97124,1.34521,0.200151,0.0673627,0.13278799504041672,0.258253,1.29953,0.295499,0.718274,,,4.31511,0.00132271,-0.0229951,999,,,,,,,27.3,3.9,28,4,,,,,,,,,,,,,,,,,,,"Kevin Herget","15369",643361
"Yoendrys Gómez","CHW",0,0,0,4.74068,1,1,0,0,,3,14,3,2,2,1,2,,0,3,8.29185,4.30888,1.92436,1.53442,0.209571,0.108904,0.10066661983728409,0.229923,1.34761,0.259896,0.698932,,,5.31612,0.00123993,-0.0152407,999,,,,,,,2.1000000000000023,0.7000000000000007,2,0.6666666666666666,,,,,,,,,,,,,,,,,,,"Yoendrys Gomez","22872",672782
"Colin Holderman","PIT",1,1,0,4.23073,15,0,0,0,,15,66,14,8,7,2,7,,1,14,8.59094,4.30026,1.99778,0.991909,0.21613,0.108185,0.10794464498758316,0.248732,1.44126,0.303786,0.722866,,,4.24322,0.00120895,-0.0149734,604.5399780273438,,,,,,,54.00000000000001,3.6000000000000005,53,3.533333333333333,,,,,,,,,,,,,,,,,,,"Colin Holderman","22361",670059
"Will Klein","LAD",0,0,0,4.73015,11,0,0,0,,11,50,11,6,6,1,6,,1,11,9.12023,5.12488,1.7796,0.881162,0.226375,0.127205,0.09916938841342926,0.245333,1.51544,0.308991,0.684986,,,4.19773,0.00104135,-0.0199867,999,,,,,,,41.50000000000001,3.7727272727272734,43,3.909090909090909,,,,,,,,,,,,,,,,,,,"Will Klein","27787",694361
"Ryan Loutos","WSN",1,1,0,4.70007,14,0,0,0,,14,62,14,8,7,1,6,,1,11,6.99723,3.84103,1.82171,0.860755,0.176353,0.0968066,0.07954667508602142,0.261647,1.45798,0.304933,0.672419,,,4.18081,0.0009790329,-0.0359803,999,,,,,,,55.90000000000001,3.9928571428571438,58,4.142857142857143,,,,,,,,,,,,,,,,,,,"Ryan Loutos","29521",702795
"Troy Taylor","SEA",1,1,0,4.2633,13,0,0,0,,13,58,13,7,6,2,5,,1,12,8.00059,3.51603,2.27546,1.11747,0.206473,0.090739,0.11573385447263718,0.248399,1.35241,0.292999,0.710615,,,4.22757,0.000934433,-0.0383094,748.3400268554688,,,,,,,43.8,3.369230769230769,45,3.4615384615384617,,,,,,,,,,,,,,,,,,,"Troy Taylor","31883",700187
"Tyler Wells","BAL",0,0,0,4.3036,5,0,0,0,,5,20,5,3,2,1,1,,0,5,8.51265,2.58016,3.29927,1.54374,0.226511,0.0686547,0.15785592049360275,0.245691,1.23452,0.283277,0.718799,,,4.38215,0.000877362,-0.0189777,999,,,,,,,18.7,3.7399999999999998,19,3.8,,,,,,,,,,,,,,,,,,,"Tyler Wells","20000",669330
"Nate Pearson","CHC",1,0,0,4.25071,13,0,0,0,,13,54,12,7,6,2,5,,1,13,9.16751,3.76418,2.43546,1.25605,0.236885,0.0972648,0.13961997628211975,0.238699,1.33275,0.289911,0.720419,,,4.2738,0.000866937,-0.0244952,703.52001953125,,,,,,,48.39999999999999,3.7230769230769223,47,3.6153846153846154,,,,,,,,,,,,,,,,,,,"Nate Pearson","20160",663878
"Zach Penrod","LAD",0,0,0,4.2517,2,0,0,0,,2,9,2,1,1,0,1,,0,2,9.24904,4.73319,1.95408,1.07883,0.232467,0.118965,0.1135023683309555,0.237238,1.43099,0.294358,0.726346,,,4.41013,0.000777189,-0.000829142,999,,,,,,,10.600000000000001,5.300000000000001,11,5.5,,,,,,,,,,,,,,,,,,,"Zach Penrod","25368",683068
"Juan Mejia","COL",1,1,0,4.82797,20,0,0,4,,20,88,20,11,11,3,9,,1,19,8.6597,4.34543,1.99283,1.1746,0.215105,0.10794,0.1071653887629509,0.258395,1.49675,0.312025,0.695311,,,4.51011,0.000577511,0.046702,999,,,,,,,83.1,4.154999999999999,85,4.25,,,,,,,,,,,,,,,,,,,"Juan Mejia","23237",675848
"Hunter Bigge","TBR",0,0,0,4.42134,9,0,0,0,,9,39,8,5,5,1,4,,0,9,9.29989,3.93949,2.36068,1.35623,0.241081,0.102123,0.13895736634731293,0.236807,1.34065,0.28614,0.71407,,,4.40244,0.000551112,-0.0196639,685.6300048828125,,,,,,,39.500000000000014,4.38888888888889,38,4.222222222222222,,,,,,,,,,,,,,,,,,,"Hunter Bigge","26259",685801
"Collin Snider","SEA",0,0,0,4.17253,6,0,0,0,,6,25,6,3,3,1,2,,0,5,8.09592,3.43504,2.35686,1.15315,0.208721,0.0885589,0.12016205489635468,0.251242,1.35811,0.29674,0.724662,,,4.22694,0.000546391,-0.0100657,735.75,,,,,,,20.500000000000007,3.416666666666668,21,3.5,,,,,,,,,,,,,,,,,,,"Collin Snider","23307",676092
"Sean Reynolds","SDP",1,1,0,4.45393,16,0,0,1,,16,72,15,9,8,2,8,,1,16,9.02413,4.58698,1.96734,0.917,0.226921,0.115344,0.11157655715942383,0.242842,1.44298,0.30358,0.696026,,,4.13542,0.000545814,-0.0646355,999,,,,,,,63.80000000000001,3.9875000000000007,63,3.9375,,,,,,,,,,,,,,,,,,,"Sean Reynolds","22253",669308
"Tyler Owens","DET",0,0,0,4.51741,3,0,0,0,,3,11,3,1,1,0,1,,0,2,7.01844,3.13923,2.23572,0.997386,0.178611,0.0798898,0.09872151911258698,0.266495,1.40606,0.307622,0.687881,,,4.16769,0.000524863,0.0138515,999,,,,,,,15.400000000000002,5.133333333333334,16,5.333333333333333,,,,,,,,,,,,,,,,,,,"Tyler Owens","26030",687074
"Zack Thompson","STL",1,1,0,4.08187,11,0,0,0,,11,49,10,6,5,1,6,,1,11,9.184,4.57965,2.00539,1.08318,0.233188,0.11628,0.11690755933523178,0.236813,1.41181,0.292873,0.739016,,,4.30327,0.000515783,-0.0226068,999,,,,,,,44.10000000000001,4.00909090909091,43,3.909090909090909,,,,,,,,,,,,,,,,,,,"Zack Thompson","25918",668868
"Tyler Mattison","DET",0,0,0,4.5,4,0,0,0,,4,17,4,2,2,0,2,,0,4,9,3.9375,2.28571,1.125,0.231884,0.101449,0.1304347813129425,0.245902,1.375,0.302326,0.729167,,,4.21527,0.000506602,-0.00262457,999,,,,,,,21.200000000000003,5.300000000000001,22,5.5,,,,,,,,,,,,,,,,,,,"Tyler Mattison","sa3018117",694331
"Emiliano Teodo","TEX",0,0,0,4.31256,3,0,0,0,,3,14,3,2,2,0,2,,0,3,9.05379,4.7768,1.89537,1.03272,0.231763,0.122279,0.10948462039232254,0.230396,1.40192,0.28432,0.709818,,,4.24813,0.000491317,-0.0177189,712.4400024414062,,,,,,,14.400000000000002,4.800000000000001,15,5,,,,,,,,,,,,,,,,,,,"Emiliano Teodo","sa3015158",693713
"Anthony Misiewicz","MIN",1,0,0,4.31662,13,0,0,0,,13,56,13,7,6,2,5,,0,12,8.30541,3.32464,2.49814,1.17503,0.213565,0.0854898,0.12807532399892807,0.257666,1.37947,0.306803,0.717096,,,4.1448,0.000392684,-0.0223655,999,,,,,,,46.8,3.5999999999999996,48,3.6923076923076925,,,,,,,,,,,,,,,,,,,"Anthony Misiewicz","18152",664948
"Michael Darrell-Hicks","PIT",0,1,0,4.67192,10,0,0,0,,10,43,10,6,5,1,3,,1,8,7.66718,3.09121,2.48031,1.0868,0.19429,0.0783329,0.1159573346376419,0.267523,1.40629,0.314005,0.680591,,,4.19199,0.000078932,-0.0299053,999,,,,,,,39.7,3.97,41,4.1,,,,,,,,,,,,,,,,,,,"Michael Darrell-Hicks","31501",690382
"Yohan Ramírez","PIT",1,1,0,4.5,13,0,0,0,,13,58,12,7,7,1,6,,2,12,8.18182,4.09091,2,0.818182,0.204082,0.102041,0.10204081982374191,0.247059,1.40909,0.301587,0.673759,,,4.22663,0.00005416,-0.0149784,999,,,,,,,52.7,4.053846153846154,52,4,,,,,,,,,,,,,,,,,,,"Yohan Ramirez","19444",670990
"Cody Poteet","BAL",0,0,0,4.37849,9,0,0,0,,9,39,9,5,4,1,3,,0,8,7.9023,3.01286,2.62286,1.16992,0.205397,0.0783105,0.12708674371242523,0.254797,1.32974,0.298584,0.69783,,,4.13358,-0.00000948431,-0.0217942,750.1300048828125,,,,,,,37.90000000000001,4.211111111111112,39,4.333333333333333,,,,,,,,,,,,,,,,,,,"Cody Poteet","18769",547001
"Justin Lawrence","PIT",0,0,0,4.35904,4,0,0,0,,4,17,4,2,2,0,2,,0,4,8.52102,4.5879,1.85728,0.799633,0.212568,0.114451,0.09811659157276154,0.247915,1.46901,0.307168,0.700982,,,4.10607,-0.000162521,0.0000217537,749.8900146484375,,,,,,,21.200000000000003,5.300000000000001,22,5.5,,,,,,,,,,,,,,,,,,,"Justin Lawrence","17639",664875
"Albert Suárez","BAL",1,0,0,4.35434,14,0,0,0,,14,59,14,7,7,2,4,,1,12,7.92007,2.89486,2.73591,1.30617,0.206393,0.0754384,0.13095424324274063,0.253887,1.31186,0.293934,0.70893,,,4.30757,-0.000404078,-0.00966961,653.8599853515625,,,,,,,51.6,3.685714285714286,53,3.7857142857142856,,,,,,,,,,,,,,,,,,,"Albert Suarez","6175",544150
"Eli Morgan","CHC",0,0,0,4.20625,2,0,0,0,,2,8,2,1,1,0,1,,0,2,8.1263,2.71842,2.98935,1.3873,0.21517,0.0719788,0.1431909054517746,0.246552,1.25429,0.284509,0.71863,,,4.29055,-0.00055642,-0.00135672,999,,,,,,,10.600000000000001,5.300000000000001,11,5.5,,,,,,,,,,,,,,,,,,,"Eli Morgan","20203",669212
"Grant Holman","ATH",0,0,0,4.33264,5,0,0,0,,5,23,5,3,3,1,2,,0,5,7.86389,3.64162,2.15945,1.14832,0.201468,0.0932962,0.10817204415798187,0.248943,1.36917,0.291297,0.710519,,,4.38878,-0.000654308,-0.0156808,745.9000244140625,,,,,,,15.7,3.1399999999999997,16,3.2,,,,,,,,,,,,,,,,,,,"Grant Holman","30002",680880
"Max Rajcic","STL",0,0,0,4.3439,3,0,0,0,,3,14,3,2,2,0,1,,0,3,7.23914,2.81833,2.5686,1.13686,0.188125,0.0732404,0.1148846447467804,0.258369,1.32693,0.296502,0.697605,,,4.17917,-0.000657551,-0.0173844,999,,,,,,,17.400000000000002,5.800000000000001,18,6,,,,,,,,,,,,,,,,,,,"Max Rajcic","sa3020746",691008
"Nick Sandlin","TOR",1,1,0,4.07557,10,0,0,0,,10,44,9,5,5,2,5,,1,11,9.6849,4.22244,2.29367,1.32898,0.250301,0.109127,0.14117431640625,0.226663,1.32207,0.27775,0.744035,,,4.46662,-0.000675644,-0.0063324,749.5,,,,,,,30,3,28,2.8,,,,,,,,,,,,,,,,,,,"Nick Sandlin","20517",680704
"Dugan Darnell","COL",0,0,0,4.97966,6,0,0,0,,6,28,6,4,3,1,3,,0,6,8.5785,4.21314,2.03613,1.19055,0.205297,0.100827,0.10446994006633759,0.246008,1.48009,0.290506,0.671881,,,4.49163,-0.000715021,-0.0186761,999,,,,,,,19.500000000000007,3.2500000000000013,20,3.3333333333333335,,,,,,,,,,,,,,,,,,,"Dugan Darnell","sa3014876",699911
"Eric Reyzelman","NYY",0,0,0,4.97966,2,0,0,0,,2,9,2,1,1,0,1,,0,2,8.5785,4.21314,2.03613,1.19055,0.205297,0.100827,0.10446994006633759,0.246008,1.48009,0.290506,0.671881,,,4.49163,-0.00072672,-0.00138186,999,,,,,,,10.600000000000001,5.300000000000001,11,5.5,,,,,,,,,,,,,,,,,,,"Eric Reyzelman","sa3020611",801432
"Sam Benschoter","CIN",0,0,0,4.97966,13,0,0,0,,13,61,13,8,7,2,6,,1,12,8.5785,4.21314,2.03613,1.19055,0.205297,0.100827,0.10446994006633759,0.246008,1.48009,0.290506,0.671881,,,4.49163,-0.00111548,-0.0395606,999,,,,,,,40.8,3.1384615384615384,42,3.230769230769231,,,,,,,,,,,,,,,,,,,"Sam Benschoter","sa3017639",680397
"Zack Kelly","BOS",1,1,0,4.31069,14,0,0,0,,14,61,13,7,7,2,7,,1,14,9.13519,4.32431,2.11252,1.13385,0.233256,0.110416,0.12284010648727417,0.237309,1.38592,0.291447,0.715398,,,4.3063,-0.0011245,0.00147396,999,,,,,,,49.20000000000003,3.5142857142857165,48,3.4285714285714284,,,,,,,,,,,,,,,,,,,"Zack Kelly","20349",677161
"Yerry De los Santos","NYY",1,1,0,4.12265,18,0,0,2,,18,77,18,9,8,2,7,,1,14,6.93968,3.58651,1.93494,0.950069,0.177044,0.091498,0.08554548025131226,0.254946,1.39426,0.293879,0.719114,,,4.26904,-0.00118307,-0.0124368,999,,,,,,,73.80000000000003,4.100000000000001,76,4.222222222222222,,,,,,,,,,,,,,,,,,,"Yerry De los Santos","21420",660787
"Nick Frasso","LAD",0,0,0,4.45078,3,0,0,0,,3,11,3,1,1,0,1,,0,2,7.36021,3.14568,2.33978,1.22378,0.189567,0.0810191,0.10854785889387131,0.255136,1.34627,0.291495,0.699658,,,4.44423,-0.00118785,0.0144394,750.8800048828125,,,,,,,15.400000000000002,5.133333333333334,16,5.333333333333333,,,,,,,,,,,,,,,,,,,"Nick Frasso","sa3014492",693308
"Logan Workman","TBR",0,0,0,5.24314,1,1,0,0,,5,24,6,3,3,1,2,,0,4,6.20307,2.83672,2.18671,1.82267,0.159233,0.0728188,0.08641448616981506,0.269645,1.38956,0.281912,0.683821,,,5.37675,-0.00123557,0.00799096,999,,,,,,,11.1,2.2199999999999998,14,2.8,,,,,,,,,,,,,,,,,,,"Logan Workman","sa3017313",694312
"Justin Hagenman","NYM",0,0,0,4.21102,3,0,0,0,,3,14,3,2,2,1,1,,0,3,8.28874,2.6641,3.11127,1.39184,0.218262,0.0701519,0.1481098160147667,0.24908,1.26126,0.289537,0.720442,,,4.29174,-0.00126891,-0.0188413,999,,,,,,,5.100000000000002,1.7000000000000008,5,1.6666666666666667,,,,,,,,,,,,,,,,,,,"Justin Hagenman","21546",663795
"Nick Robertson","HOU",0,0,0,4.36599,4,0,0,0,,4,18,4,2,2,1,2,,0,4,8.37903,3.8276,2.18911,1.13871,0.215007,0.0982165,0.1167902946472168,0.246614,1.37785,0.294484,0.708374,,,4.27572,-0.00126936,-0.00269155,999,,,,,,,8.9,2.225,9,2.25,,,,,,,,,,,,,,,,,,,"Nick Robertson","26226",687798
"Jack Neely","CHC",0,0,0,4.31115,3,0,0,0,,3,12,2,1,1,0,1,,0,3,9.09034,4.07342,2.23162,1.24022,0.233655,0.104702,0.1289535090327263,0.237421,1.3586,0.287913,0.718835,,,4.38192,-0.00128714,0.0138978,999,,,,,,,20.000000000000004,6.666666666666668,18,6,,,,,,,,,,,,,,,,,,,"Jack Neely","30106",680891
"Jared Shuster","CHW",0,1,0,4.72548,8,0,0,0,,8,36,9,5,4,1,3,,0,6,6.84091,3.522,1.94234,1.20603,0.174045,0.0896057,0.08443892747163773,0.263585,1.43291,0.296838,0.69236,,,4.55922,-0.00135617,-0.0345554,999,,,,,,,26.500000000000007,3.312500000000001,30,3.75,,,,,,,,,,,,,,,,,,,"Jared Shuster","27472",694363
"Austin Warren","NYM",1,0,0,4.2481,14,0,0,0,,14,59,13,7,6,2,5,,0,12,7.83769,3.50078,2.23884,1.13756,0.201881,0.0901722,0.11170916259288788,0.252114,1.36994,0.29532,0.718269,,,4.25987,-0.0013993,-0.0141176,999,,,,,,,54.2,3.8714285714285714,53,3.7857142857142856,,,,,,,,,,,,,,,,,,,"Austin Warren","24937",681810
"Kendry Rojas","TOR",0,0,0,4.97966,3,0,0,0,,3,15,3,2,2,0,2,,0,3,8.5785,4.21314,2.03613,1.19055,0.205297,0.100827,0.10446995496749878,0.246008,1.48009,0.290506,0.671881,,,4.49163,-0.00140221,-0.0172924,999,,,,,,,14.400000000000002,4.800000000000001,15,5,,,,,,,,,,,,,,,,,,,"Kendry Rojas","sa3016746",696070
"Rafael Montero","DET",1,1,0,4.38636,18,0,0,3,,18,77,17,9,9,2,8,,1,17,8.86366,4.27967,2.07111,1.06849,0.225128,0.108699,0.11642886698246002,0.244045,1.41496,0.298892,0.708873,,,4.2395,-0.00141748,0.00399227,999,,,,,,,83.40000000000002,4.633333333333335,83,4.611111111111111,,,,,,,,,,,,,,,,,,,"Rafael Montero","12760",606160
"Tom Cosgrove","CHC",0,0,0,4.38204,7,0,0,0,,7,32,7,4,4,1,3,,1,7,8.47934,4.08431,2.07608,1.0328,0.213623,0.102898,0.11072569340467453,0.248365,1.41537,0.300855,0.706249,,,4.31411,-0.00143423,-0.0203845,999,,,,,,,23.300000000000015,3.3285714285714305,24,3.4285714285714284,,,,,,,,,,,,,,,,,,,"Tom Cosgrove","23443",676680
"Yosver Zulueta","CIN",0,0,0,4.52104,9,0,0,0,,9,38,8,5,4,1,5,,1,8,8.65411,4.82255,1.79451,0.958111,0.215029,0.119826,0.09520290791988373,0.246275,1.48666,0.302337,0.70322,,,4.384,-0.00153668,-0.0116663,999,,,,,,,31.50000000000001,3.5000000000000013,30,3.3333333333333335,,,,,,,,,,,,,,,,,,,"Yosver Zulueta","27765",691172
"Jake Palisch","CHW",0,0,0,4.97966,12,0,0,0,,12,56,12,7,7,2,6,,1,12,8.5785,4.21314,2.03613,1.19055,0.205297,0.100827,0.10446995496749878,0.246008,1.48009,0.290506,0.671881,,,4.49163,-0.00176917,-0.0366175,999,,,,,,,36.000000000000014,3.0000000000000013,37,3.0833333333333335,,,,,,,,,,,,,,,,,,,"Jake Palisch","31598",669449
"Trey Yesavage","TOR",0,0,0,4.97966,4,0,0,0,,4,18,4,2,2,1,2,,0,4,8.5785,4.21314,2.03613,1.19055,0.205297,0.100827,0.10446994751691818,0.246008,1.48009,0.290506,0.671881,,,4.49163,-0.00186961,-0.00253296,999,,,,,,,8.9,2.225,9,2.25,,,,,,,,,,,,,,,,,,,"Trey Yesavage","sa3045705",702056
"Ryan Rolison","COL",0,0,0,4.97966,16,0,0,0,,16,74,16,10,9,2,7,,1,15,8.5785,4.21314,2.03613,1.19055,0.205297,0.100827,0.10446994006633759,0.246008,1.48009,0.290506,0.671881,,,4.49163,-0.00190672,-0.0317996,999,,,,,,,58.20000000000001,3.6375000000000006,60,3.75,,,,,,,,,,,,,,,,,,,"Ryan Rolison","22200",669020
"Ian Gibaut","CIN",0,1,0,4.79576,11,0,0,0,,11,47,11,6,6,2,4,,0,9,7.78764,3.71925,2.09387,1.36661,0.197161,0.0941609,0.10300000011920929,0.260339,1.43749,0.299061,0.700699,,,4.69725,-0.00235554,-0.0109979,999,,,,,,,34.2,3.1090909090909093,35,3.1818181818181817,,,,,,,,,,,,,,,,,,,"Ian Gibaut","17871",664139
"José Ruiz","TEX",0,0,0,4.45382,11,0,0,0,,11,47,11,6,5,1,4,,0,10,8.63851,3.64755,2.3683,1.21804,0.221348,0.0934627,0.12788552790880203,0.252411,1.3878,0.30285,0.709238,,,4.26137,-0.00241386,-0.0238072,999,,,,,,,48.50000000000001,4.40909090909091,50,4.545454545454546,,,,,,,,,,,,,,,,,,,"Jose Ruiz","14552",614179
"Jovani Moran","BOS",0,0,0,4.97966,4,0,0,0,,4,18,4,2,2,1,2,,0,4,8.5785,4.21314,2.03613,1.19055,0.205297,0.100827,0.10446994751691818,0.246008,1.48009,0.290506,0.671881,,,4.49163,-0.00243568,0.000421131,999,,,,,,,8.9,2.225,9,2.25,,,,,,,,,,,,,,,,,,,"Jovani Moran","20422",663558
"Bobby Miller","LAD",0,0,0,4.4212,5,0,0,0,,5,22,5,3,3,1,2,,0,5,8.49493,3.50365,2.42459,1.31372,0.219606,0.0905743,0.129031240940094,0.2463,1.34209,0.290372,0.710298,,,4.389,-0.00272819,-0.0174346,509.9700012207031,,,,,,,15.7,3.1399999999999997,16,3.2,,,,,,,,,,,,,,,,,,,"Bobby Miller","27483",676272
"Chase Shugart","PIT",1,1,0,4.57626,10,0,0,0,,10,46,10,6,5,1,4,,0,8,6.98653,3.81367,1.83197,1.07137,0.178251,0.0973001,0.08095081150531769,0.25219,1.4051,0.28782,0.688293,,,4.47613,-0.00281985,-0.0299053,999,,,,,,,39.7,3.97,41,4.1,,,,,,,,,,,,,,,,,,,"Chase Shugart","21544",663767
"Jack Little","LAD",0,0,0,4.97966,7,0,0,0,,7,33,7,4,4,1,3,,0,7,8.5785,4.21314,2.03613,1.19055,0.205297,0.100827,0.10446994006633759,0.246008,1.48009,0.290506,0.671881,,,4.49163,-0.00309559,-0.0182976,999,,,,,,,26.300000000000015,3.7571428571428593,27,3.857142857142857,,,,,,,,,,,,,,,,,,,"Jack Little","26152",669193
"Julian Fernández","LAD",0,0,0,4.97966,7,0,0,0,,7,30,7,4,4,1,3,,0,6,8.5785,4.21314,2.03613,1.19055,0.205297,0.100827,0.10446994006633759,0.246008,1.48009,0.290506,0.671881,,,4.49163,-0.00309559,-0.0182976,999,,,,,,,24.3,3.4714285714285715,25,3.5714285714285716,,,,,,,,,,,,,,,,,,,"Julian Fernandez","18341",642759
"Trent Thornton","SEA",1,1,0,4.00819,17,0,0,2,,17,73,16,8,8,2,5,,1,16,8.55575,2.78723,3.06963,1.29436,0.226317,0.073728,0.15258939564228058,0.241143,1.23477,0.284948,0.72641,,,4.15133,-0.00315704,-0.00497764,746.989990234375,,,,,,,81.60000000000002,4.800000000000002,81,4.764705882352941,,,,,,,,,,,,,,,,,,,"Trent Thornton","17948",663423
"Jacob Wallace","KCR",0,0,0,4.97966,4,0,0,0,,4,18,4,2,2,1,2,,0,4,8.5785,4.21314,2.03613,1.19055,0.205297,0.100827,0.10446996241807938,0.246008,1.48009,0.290506,0.671881,,,4.49163,-0.00317301,-0.000229693,999,,,,,,,8.9,2.225,9,2.25,,,,,,,,,,,,,,,,,,,"Jacob Wallace","sa3010374",686608
"Casey Lawrence","SEA",0,0,0,4.99863,1,1,0,0,,3,12,3,2,2,1,1,,0,2,4.99584,2.28879,2.18275,1.70652,0.128456,0.0588505,0.06960534676909447,0.278393,1.37698,0.283779,0.695694,,,5.31089,-0.00318073,-0.0297582,999,,,,,,,3.1000000000000023,1.033333333333334,3,1,,,,,,,,,,,,,,,,,,,"Casey Lawrence","11121",596271
"Robby Ahlstrom","TEX",0,0,0,4.97966,6,0,0,0,,6,27,6,4,3,1,3,,0,6,8.5785,4.21314,2.03613,1.19055,0.205297,0.100827,0.10446994006633759,0.246008,1.48009,0.290506,0.671881,,,4.49163,-0.0032765,-0.0354378,999,,,,,,,19.500000000000007,3.2500000000000013,20,3.3333333333333335,,,,,,,,,,,,,,,,,,,"Robby Ahlstrom","sa3018193",695239
"Cam Booser","CHW",0,1,0,4.42476,13,0,0,0,,13,57,12,7,6,2,6,,1,14,9.37768,4.25503,2.20391,1.37237,0.239084,0.108482,0.13060212880373,0.242646,1.4051,0.294515,0.730694,,,4.53614,-0.00350791,-0.0217991,999,,,,,,,47.39999999999999,3.6461538461538456,46,3.5384615384615383,,,,,,,,,,,,,,,,,,,"Cam Booser","16061",592155
"Paul Gervase","LAD",0,0,0,4.97966,8,0,0,0,,8,36,8,5,4,1,4,,0,7,8.5785,4.21314,2.03613,1.19055,0.205297,0.100827,0.10446996241807938,0.246008,1.48009,0.290506,0.671881,,,4.49163,-0.00353782,-0.0339812,999,,,,,,,28.100000000000005,3.5125000000000006,29,3.625,,,,,,,,,,,,,,,,,,,"Paul Gervase","31571",801434
"Robert Gasser","MIL",0,0,0,4.97966,4,0,0,0,,4,19,4,2,2,1,2,,0,4,8.5785,4.21314,2.03613,1.19055,0.205297,0.100827,0.10446994006633759,0.246008,1.48009,0.290506,0.671881,,,4.49163,-0.00361872,-0.00216377,999,,,,,,,8.9,2.225,9,2.25,,,,,,,,,,,,,,,,,,,"Robert Gasser","29812",688107
"Zach Maxwell","CIN",0,0,0,4.72139,4,0,0,0,,4,19,4,2,2,1,2,,0,4,9.15709,5.0508,1.813,1.28358,0.230506,0.127141,0.10336510837078094,0.2363,1.4616,0.285919,0.706365,,,4.72024,-0.00377159,0.00135861,999,,,,,,,8.9,2.225,9,2.25,,,,,,,,,,,,,,,,,,,"Zach Maxwell","sa3020255",687209
"Joe Ross","PHI",0,0,0,4.40847,9,0,0,0,,9,39,9,5,4,1,3,,0,7,7.43901,3.2813,2.26709,1.25437,0.191293,0.0843782,0.10691521316766739,0.256045,1.36612,0.292693,0.711954,,,4.47709,-0.00402796,-0.0159988,739.3200073242188,,,,,,,35.90000000000001,3.9888888888888903,37,4.111111111111111,,,,,,,,,,,,,,,,,,,"Joe Ross","12972",605452
"Braden Nett","SDP",0,0,0,4.97966,4,0,0,0,,4,18,4,2,2,1,2,,0,4,8.5785,4.21314,2.03613,1.19055,0.205297,0.100827,0.10446996241807938,0.246008,1.48009,0.290506,0.671881,,,4.49163,-0.00405241,-0.00384616,999,,,,,,,8.9,2.225,9,2.25,,,,,,,,,,,,,,,,,,,"Braden Nett","sa3020336",804556
"Andre Granillo","STL",1,1,0,4.36475,17,0,0,2,,17,75,16,9,8,2,8,,1,18,9.20573,4.114,2.23766,1.12344,0.237169,0.10599,0.13117922097444534,0.235616,1.3541,0.290362,0.701199,,,4.18468,-0.00405445,-0.0264333,999,,,,,,,76.60000000000002,4.505882352941178,76,4.470588235294118,,,,,,,,,,,,,,,,,,,"Andre Granillo","29542",701552
"Randy Dobnak","DET",0,0,0,4.54796,3,0,0,0,,3,14,3,2,2,0,1,,0,2,6.76526,3.93469,1.71939,1.02411,0.169692,0.0986931,0.07099873572587967,0.262566,1.4733,0.299395,0.703222,,,4.51712,-0.00410187,-0.0173816,999,,,,,,,15.400000000000002,5.133333333333334,16,5.333333333333333,,,,,,,,,,,,,,,,,,,"Randy Dobnak","23798",677976
"Anthony Maldonado","ATH",1,1,0,4.58433,12,0,0,0,,12,52,12,7,6,2,5,,0,11,8.45814,3.78103,2.237,1.42414,0.216724,0.0968817,0.11984232813119888,0.2493,1.3865,0.290872,0.714902,,,4.64772,-0.00431773,-0.0316646,999,,,,,,,40.000000000000014,3.3333333333333344,41,3.4166666666666665,,,,,,,,,,,,,,,,,,,"Anthony Maldonado","26034",687424
"Elvis Peguero","MIL",0,0,0,4.01254,11,0,0,0,,11,48,10,5,5,1,5,,1,10,7.9673,4.11954,1.93403,0.943964,0.202497,0.104703,0.09779486805200577,0.246679,1.41062,0.295191,0.732733,,,4.20963,-0.00434121,0.00970241,750.5599975585938,,,,,,,45.10000000000001,4.1000000000000005,44,4,,,,,,,,,,,,,,,,,,,"Elvis Peguero","21652",665625
"Josh White","MIA",0,0,0,4.97966,5,0,0,0,,5,24,5,3,3,1,2,,0,5,8.5785,4.21314,2.03613,1.19055,0.205297,0.100827,0.10446995496749878,0.246008,1.48009,0.290506,0.671881,,,4.49163,-0.00438336,-0.0155242,999,,,,,,,15.7,3.1399999999999997,16,3.2,,,,,,,,,,,,,,,,,,,"Josh White","sa3019953",687985
"Chris Roycroft","STL",1,1,0,4.31348,13,0,0,0,,13,57,13,7,6,1,6,,1,10,7.18151,4.0618,1.76806,0.769553,0.180773,0.102244,0.0785292387008667,0.254246,1.4434,0.300329,0.696875,,,4.14193,-0.00445965,-0.0238843,999,,,,,,,49.10000000000001,3.7769230769230777,51,3.923076923076923,,,,,,,,,,,,,,,,,,,"Chris Roycroft","31261",688297
"Alimber Santa","HOU",0,0,0,4.97966,6,0,0,0,,6,27,6,4,3,1,3,,0,6,8.5785,4.21314,2.03613,1.19055,0.205297,0.100827,0.10446994006633759,0.246008,1.48009,0.290506,0.671881,,,4.49163,-0.00467745,-0.0348938,999,,,,,,,19.500000000000007,3.2500000000000013,20,3.3333333333333335,,,,,,,,,,,,,,,,,,,"Alimber Santa","sa3015478",695001
"Brett de Geus","PHI",0,0,0,4.87514,3,0,0,0,,3,15,4,2,2,0,1,,0,2,5.92722,3.90477,1.51794,0.92467,0.145173,0.0956382,0.04953494668006897,0.272819,1.52562,0.305211,0.67799,,,4.71301,-0.00474208,-0.0152896,999,,,,,,,12.800000000000002,4.2666666666666675,16,5.333333333333333,,,,,,,,,,,,,,,,,,,"Brett de Geus","23592",676969
"Seth Martinez","MIA",0,0,0,4.51389,8,0,0,0,,8,36,8,4,4,1,3,,1,7,7.43173,3.7106,2.00284,1.17741,0.187514,0.0936238,0.0938897654414177,0.25943,1.43169,0.298901,0.710059,,,4.56227,-0.00484799,-0.000730105,999,,,,,,,28.100000000000005,3.5125000000000006,29,3.625,,,,,,,,,,,,,,,,,,,"Seth Martinez","21045",661527
"J.P. France","HOU",1,1,0,4.40435,8,0,0,0,,8,34,8,4,4,1,3,,0,7,7.94801,3.53781,2.24659,1.29183,0.204688,0.0911107,0.11357765644788742,0.252758,1.37741,0.293194,0.718669,,,4.45032,-0.00495609,-0.0053831,999,,,,,,,31.100000000000005,3.8875000000000006,32,4,,,,,,,,,,,,,,,,,,,"J.P. France","21212",641585
"Edgardo Henriquez","LAD",1,1,0,4.41976,16,0,0,2,,16,72,15,9,8,2,9,,1,16,9.07395,4.98772,1.81926,1.20794,0.228308,0.125495,0.10281305015087128,0.236063,1.4534,0.286861,0.726681,,,4.63909,-0.00496689,-0.0483867,999,,,,,,,64.80000000000001,4.050000000000001,64,4,,,,,,,,,,,,,,,,,,,"Edgardo Henriquez","26944",683618
"Brandon Waddell","NYM",0,0,0,4.97966,5,0,0,0,,5,21,5,3,3,1,2,,0,4,8.5785,4.21314,2.03613,1.19055,0.205297,0.100827,0.10446994751691818,0.246008,1.48009,0.290506,0.671881,,,4.49163,-0.00498737,-0.0209421,999,,,,,,,13.7,2.7399999999999998,14,2.8,,,,,,,,,,,,,,,,,,,"Brandon Waddell","18347",663399
"Hogan Harris","ATH",1,1,0,4.4315,14,0,0,0,,14,61,13,7,7,2,7,,1,13,8.45068,4.52563,1.86729,1.10604,0.213489,0.114331,0.09915826469659805,0.243358,1.43938,0.291991,0.713449,,,4.45941,-0.0050226,-0.00185807,750.9400024414062,,,,,,,47.20000000000003,3.3714285714285737,46,3.2857142857142856,,,,,,,,,,,,,,,,,,,"Hogan Harris","21520",663687
"Ethan Roberts","CHC",0,0,0,4.38536,10,0,0,0,,10,43,9,5,5,1,4,,1,10,8.76189,3.75003,2.33649,1.22302,0.224628,0.0961394,0.1284889206290245,0.244525,1.35855,0.293895,0.709505,,,4.35618,-0.00511109,-0.00678361,999,,,,,,,43.300000000000004,4.33,42,4.2,,,,,,,,,,,,,,,,,,,"Ethan Roberts","24930",681799
"Gus Varland","CHW",0,0,0,4.59135,8,0,0,0,,8,33,8,4,4,1,3,,0,7,8.26338,3.65381,2.26158,1.28801,0.209691,0.0927187,0.11697216331958771,0.256425,1.40951,0.301661,0.707105,,,4.50967,-0.00517608,-0.00392817,749.72998046875,,,,,,,31.100000000000005,3.8875000000000006,32,4,,,,,,,,,,,,,,,,,,,"Gus Varland","24737",681402
"Wikelman González","CHW",1,1,0,4.63478,14,0,0,0,,14,64,14,8,7,2,7,,1,14,8.62754,4.6008,1.87523,1.11091,0.215942,0.115155,0.10078708827495575,0.245402,1.45756,0.296623,0.698814,,,4.52629,-0.00521358,-0.0376277,999,,,,,,,46.60000000000003,3.3285714285714305,48,3.4285714285714284,,,,,,,,,,,,,,,,,,,"Wikelman Gonzalez","26641",682790
"Easton McGee","MIL",1,1,0,4.18586,15,0,0,0,,15,63,15,8,7,2,4,,1,12,6.99841,2.38857,2.92996,1.18814,0.183786,0.0627264,0.1210593581199646,0.256896,1.2714,0.290711,0.704839,,,4.1963,-0.00523179,-0.0236709,999,,,,,,,56.400000000000006,3.7600000000000002,58,3.8666666666666667,,,,,,,,,,,,,,,,,,,"Easton McGee","22176",668834
"Anthony Molina","COL",0,0,0,5.04437,11,0,0,0,,11,51,13,7,6,1,4,,0,7,5.86883,3.02227,1.94186,1.11056,0.146137,0.0752559,0.07088062167167664,0.287672,1.51101,0.317793,0.673852,,,4.52127,-0.0054535,-0.0252448,999,,,,,,,37.30000000000001,3.390909090909092,44,4,,,,,,,,,,,,,,,,,,,"Anthony Molina","26952",683627
"Freddy Tarnok","MIA",1,1,0,4.82032,14,1,0,0,,16,73,17,10,9,2,8,,1,15,8.20555,4.23295,1.9385,1.22364,0.205015,0.10576,0.09925509244203568,0.258669,1.4857,0.305597,0.697519,,,4.59958,-0.00554323,-0.0569104,999,,,,,,,52.60000000000001,3.2875000000000005,57,3.5625,,,,,,,,,,,,,,,,,,,"Freddy Tarnok","23324",676206
"Chazz Martinez","KCR",0,0,0,4.97966,7,0,0,0,,7,30,7,4,4,1,3,,0,6,8.5785,4.21314,2.03613,1.19055,0.205297,0.100827,0.10446994006633759,0.246008,1.48009,0.290506,0.671881,,,4.49163,-0.00555276,-0.0153826,999,,,,,,,24.3,3.4714285714285715,25,3.5714285714285716,,,,,,,,,,,,,,,,,,,"Chazz Martinez","sa3020468",681324
"Francis Pena","SDP",0,0,0,4.22767,9,0,0,0,,9,40,9,5,4,1,4,,1,7,7.17054,3.73345,1.92062,0.992132,0.182074,0.0947995,0.08727405965328217,0.254318,1.4073,0.294518,0.715669,,,4.35003,-0.00575816,-0.0245677,999,,,,,,,29.900000000000013,3.3222222222222237,31,3.4444444444444446,,,,,,,,,,,,,,,,,,,"Francis Pena","sa3019374",800212
"Josh Simpson","MIA",1,1,0,4.50542,18,0,0,2,,18,80,17,10,9,2,9,,1,18,8.59108,4.24699,2.02286,1.05184,0.21746,0.107501,0.10995906591415405,0.245517,1.41883,0.297997,0.696854,,,4.29844,-0.005922,-0.0318797,999,,,,,,,78.40000000000002,4.355555555555557,78,4.333333333333333,,,,,,,,,,,,,,,,,,,"Josh Simpson","25957",681006
"Isaiah Campbell","BOS",0,0,0,4.97966,10,0,0,0,,10,45,10,6,5,1,5,,1,9,8.5785,4.21314,2.03613,1.19055,0.205297,0.100827,0.10446995496749878,0.246008,1.48009,0.290506,0.671881,,,4.49163,-0.00608919,-0.028548,999,,,,,,,35.7,3.5700000000000003,37,3.7,,,,,,,,,,,,,,,,,,,"Isaiah Campbell","25551",663462
"Kyle Leahy","STL",1,1,0,4.21334,19,0,0,4,,19,83,19,10,9,2,7,,1,16,7.36516,3.19438,2.30566,1.0601,0.189788,0.0823139,0.10747408866882324,0.253347,1.34232,0.293661,0.707876,,,4.2284,-0.00609414,-0.034073,999,,,,,,,90.6,4.768421052631578,93,4.894736842105263,,,,,,,,,,,,,,,,,,,"Kyle Leahy","24763",681517
"Triston McKenzie","CLE",0,0,0,4.5576,4,0,0,0,,4,17,4,2,2,1,2,,0,4,8.82555,4.24576,2.07867,1.43894,0.226959,0.109184,0.11777438968420029,0.238564,1.38348,0.280411,0.718363,,,4.70436,-0.00622498,-0.00307996,581.25,,,,,,,8.9,2.225,9,2.25,,,,,,,,,,,,,,,,,,,"Triston McKenzie","18000",663474
"Bradgley Rodriguez","SDP",0,1,0,4.25242,8,0,0,0,,8,34,7,4,4,1,4,,0,7,8.40275,4.16266,2.0186,1.11642,0.214756,0.106388,0.10836737602949142,0.239889,1.3809,0.286693,0.718438,,,4.39277,-0.00630037,-0.00769231,999,,,,,,,30.700000000000006,3.837500000000001,29,3.625,,,,,,,,,,,,,,,,,,,"Bradgley Rodriguez","29107",699134
"Matt Krook","CLE",0,0,0,4.28899,7,0,0,0,,7,30,6,3,3,1,4,,0,7,9.20587,5.36034,1.7174,0.953544,0.229103,0.133401,0.09570196270942688,0.237544,1.50221,0.29789,0.726959,,,4.36611,-0.00634122,0.0104178,999,,,,,,,25.900000000000013,3.700000000000002,24,3.4285714285714284,,,,,,,,,,,,,,,,,,,"Matt Krook","19315",640454
"Kade Strowd","BAL",2,1,0,4.33587,20,0,0,4,,20,87,19,10,9,2,9,,1,18,8.48011,4.14002,2.04832,1.11922,0.213711,0.104335,0.10937649756669998,0.253193,1.44659,0.304675,0.725298,,,4.35944,-0.0063683,0.0153019,999,,,,,,,96,4.8,96,4.8,,,,,,,,,,,,,,,,,,,"Kade Strowd","26191",669704
"Jackson Stephens","ATL",0,0,0,4.97966,5,0,0,0,,5,24,5,3,3,1,2,,0,5,8.5785,4.21314,2.03613,1.19055,0.205297,0.100827,0.10446995496749878,0.246008,1.48009,0.290506,0.671881,,,4.49163,-0.00647719,-0.016683,999,,,,,,,15.7,3.1399999999999997,16,3.2,,,,,,,,,,,,,,,,,,,"Jackson Stephens","14420",623451
"Joey Gerber","TBR",0,0,0,4.97966,13,0,0,0,,13,62,14,8,7,2,6,,1,13,8.5785,4.21314,2.03613,1.19055,0.205297,0.100827,0.10446994006633759,0.246008,1.48009,0.290506,0.671881,,,4.49163,-0.00653073,-0.0521188,999,,,,,,,40.199999999999996,3.092307692307692,44,3.3846153846153846,,,,,,,,,,,,,,,,,,,"Joey Gerber","24591",680702
"Codi Heuer","TEX",0,0,0,4.97966,12,0,0,0,,12,56,12,7,7,2,6,,1,12,8.5785,4.21314,2.03613,1.19055,0.205297,0.100827,0.10446995496749878,0.246008,1.48009,0.290506,0.671881,,,4.49163,-0.006553,-0.0400953,999,,,,,,,36.000000000000014,3.0000000000000013,37,3.0833333333333335,,,,,,,,,,,,,,,,,,,"Codi Heuer","23293",676051
"Ben Bowden","ATH",0,0,0,4.97966,17,0,0,2,,17,80,18,11,10,2,8,,1,17,8.5785,4.21314,2.03613,1.19055,0.205297,0.100827,0.10446994006633759,0.246008,1.48009,0.290506,0.671881,,,4.49163,-0.00670601,-0.077078,999,,,,,,,69.40000000000002,4.082352941176472,74,4.352941176470588,,,,,,,,,,,,,,,,,,,"Ben Bowden","20198",641386
"Marquis Grissom Jr.","WSN",0,0,0,4.97966,9,0,0,0,,9,43,9,6,5,1,4,,1,9,8.5785,4.21314,2.03613,1.19055,0.205297,0.100827,0.10446995496749878,0.246008,1.48009,0.290506,0.671881,,,4.49163,-0.00677232,-0.0491272,999,,,,,,,33.90000000000001,3.766666666666668,35,3.888888888888889,,,,,,,,,,,,,,,,,,,"Marquis Grissom Jr.","sa3020312",671726
"José Fermin","LAA",0,0,0,4.97966,14,0,0,0,,14,67,15,9,8,2,7,,1,14,8.5785,4.21314,2.03613,1.19055,0.205297,0.100827,0.10446994006633759,0.246008,1.48009,0.290506,0.671881,,,4.49163,-0.00693929,-0.0665765,999,,,,,,,44.00000000000003,3.142857142857145,48,3.4285714285714284,,,,,,,,,,,,,,,,,,,"Jose Fermin","33908",820862
"Lazaro Estrada","TOR",0,0,0,4.97966,15,0,0,0,,15,69,15,9,8,2,7,,1,14,8.5785,4.21314,2.03613,1.19055,0.205297,0.100827,0.10446994006633759,0.246008,1.48009,0.290506,0.671881,,,4.49163,-0.00701103,-0.0559149,999,,,,,,,51.400000000000006,3.426666666666667,53,3.533333333333333,,,,,,,,,,,,,,,,,,,"Lazaro Estrada","24914",681751
"Wandy Peralta","SDP",1,1,0,3.78386,18,0,0,3,,18,76,16,8,7,2,7,,1,15,7.5013,3.80344,1.97224,0.947452,0.193591,0.0981579,0.0954330638051033,0.239346,1.33826,0.28071,0.740018,,,4.23095,-0.0070595,0.0660937,999,,,,,,,85.00000000000003,4.722222222222224,82,4.555555555555555,,,,,,,,,,,,,,,,,,,"Wandy Peralta","14295",593974
"Mike Clevinger","CHW",0,0,0,4.58894,6,0,0,0,,6,24,6,3,3,1,2,,0,5,7.7392,3.04978,2.53763,1.46337,0.200094,0.0788508,0.12124335020780563,0.254213,1.33078,0.288018,0.703952,,,4.67104,-0.0070647,-0.00294613,456.57000732421875,,,,,,,20.500000000000007,3.416666666666668,21,3.5,,,,,,,,,,,,,,,,,,,"Mike Clevinger","12808",605182
"Hunter Strickland","LAA",0,0,0,4.82019,5,0,0,0,,5,21,5,3,3,1,2,,0,4,7.09198,3.70056,1.91646,1.41096,0.181033,0.0944622,0.08657102286815643,0.251256,1.38768,0.278657,0.689551,,,4.95114,-0.00740517,-0.0173053,999,,,,,,,13.7,2.7399999999999998,14,2.8,,,,,,,,,,,,,,,,,,,"Hunter Strickland","7836",519326
"PJ Poulin","DET",0,0,0,4.97966,9,0,0,0,,9,42,9,5,5,1,4,,1,9,8.5785,4.21314,2.03613,1.19055,0.205297,0.100827,0.10446994006633759,0.246008,1.48009,0.290506,0.671881,,,4.49163,-0.00740589,-0.0214517,999,,,,,,,33.90000000000001,3.766666666666668,35,3.888888888888889,,,,,,,,,,,,,,,,,,,"PJ Poulin","sa3007223",676571
"Sam Moll","CIN",1,1,0,4.36953,18,0,0,2,,18,81,18,10,9,2,9,,1,17,8.57584,4.33308,1.97915,1.14374,0.215255,0.108761,0.10649383068084717,0.250994,1.4566,0.30232,0.726433,,,4.46129,-0.0076266,-0.0233326,999,,,,,,,73.80000000000003,4.100000000000001,76,4.222222222222222,,,,,,,,,,,,,,,,,,,"Sam Moll","14874",594580
"Tayler Saucedo","SEA",0,1,0,3.98114,14,0,0,0,,14,63,13,7,6,2,6,,1,13,7.93311,3.98782,1.98934,0.971146,0.202832,0.10196,0.10087256133556366,0.242458,1.37446,0.288732,0.730465,,,4.24324,-0.00773513,-0.0234866,999,,,,,,,50.20000000000003,3.585714285714288,49,3.5,,,,,,,,,,,,,,,,,,,"Tayler Saucedo","17888",642048
"Jayvien Sandridge","NYY",1,1,0,4.62605,11,0,0,0,,11,51,10,6,6,1,7,,1,13,10.0455,5.73542,1.75149,1.12976,0.248328,0.141781,0.1065470278263092,0.234656,1.52948,0.299426,0.717109,,,4.56741,-0.00801119,-0.0231908,999,,,,,,,45.10000000000001,4.1000000000000005,44,4,,,,,,,,,,,,,,,,,,,"Jayvien Sandridge","25158",682144
"José Ureña","MIN",0,1,0,4.62859,7,1,0,0,,10,42,10,5,5,1,4,,0,6,5.82227,3.61543,1.6104,1.3395,0.14796,0.0918778,0.056081950664520264,0.260257,1.42551,0.278825,0.711915,,,5.04667,-0.00821577,0.0419944,999,,,,,,,35.7,3.5700000000000003,37,3.7,,,,,,,,,,,,,,,,,,,"Jose Urena","11589",570632
"Gabriel Hughes","COL",0,1,0,5.04766,10,0,0,0,,10,45,11,6,6,2,4,,0,8,7.01466,3.23315,2.1696,1.33306,0.178579,0.0823095,0.09626934677362442,0.264972,1.40827,0.297183,0.66504,,,4.67338,-0.00824701,-0.0130929,999,,,,,,,24.799999999999997,2.4799999999999995,28,2.8,,,,,,,,,,,,,,,,,,,"Gabriel Hughes","sa3020661",687312
"Logan Gillaspie","SDP",0,0,0,4.609,5,0,0,0,,5,22,5,3,3,1,2,,0,4,7.11779,3.476,2.0477,1.15246,0.179901,0.0878553,0.09204554557800293,0.260457,1.41109,0.297357,0.693646,,,4.55698,-0.00831225,-0.0206654,999,,,,,,,13.7,2.7399999999999998,14,2.8,,,,,,,,,,,,,,,,,,,"Logan Gillaspie","22461",670810
"Bryse Wilson","CHW",0,0,0,4.86254,5,0,0,0,,5,20,5,3,2,1,1,,0,3,6.49471,2.84404,2.28362,1.60841,0.166012,0.0726967,0.09331481158733368,0.271667,1.40143,0.292953,0.707213,,,5.02467,-0.00849227,-0.0177981,747.4500122070312,,,,,,,14.7,2.94,15,3,,,,,,,,,,,,,,,,,,,"Bryse Wilson","19990",669060
"Carson Palmquist","COL",0,1,0,5.59661,5,1,0,0,,9,39,9,6,5,2,4,,1,8,7.86564,4.49015,1.75175,1.64969,0.194627,0.111104,0.08352282643318176,0.259506,1.51872,0.291208,0.667775,,,5.40714,-0.00850157,0.0493856,999,,,,,,,19.60000000000001,2.177777777777779,20,2.2222222222222223,,,,,,,,,,,,,,,,,,,"Carson Palmquist","31612",687223
"Blas Castaño","SEA",0,1,0,4.51646,7,0,0,0,,7,30,7,4,3,1,2,,1,5,7.04714,3.18591,2.21197,1.09552,0.179211,0.0810187,0.0981922447681427,0.261154,1.38257,0.298912,0.690589,,,4.39865,-0.00862652,-0.0281988,999,,,,,,,22.3,3.185714285714286,23,3.2857142857142856,,,,,,,,,,,,,,,,,,,"Blas Castano","26117",680604
"Luarbert Arias","MIA",0,0,0,4.92646,4,0,0,0,,4,18,4,2,2,1,2,,0,3,7.3697,3.68712,1.99877,1.35201,0.186176,0.0931454,0.09303072839975357,0.257143,1.41699,0.290713,0.681215,,,4.84839,-0.00883806,-0.000365052,999,,,,,,,6.9,1.725,7,1.75,,,,,,,,,,,,,,,,,,,"Luarbert Arias","23811",678215
"Alex Carrillo","NYM",0,0,0,4.97966,9,0,0,0,,9,39,9,5,5,1,4,,1,8,8.5785,4.21314,2.03613,1.19055,0.205297,0.100827,0.10446994751691818,0.246008,1.48009,0.290506,0.671881,,,4.49163,-0.00897726,-0.0250321,999,,,,,,,31.900000000000013,3.544444444444446,33,3.6666666666666665,,,,,,,,,,,,,,,,,,,"Alex Carrillo","26463",692024
"Nathan Wiles","ATL",0,0,0,4.97966,7,0,0,0,,7,32,7,4,4,1,3,,0,6,8.5785,4.21314,2.03613,1.19055,0.205297,0.100827,0.10446994006633759,0.246008,1.48009,0.290506,0.671881,,,4.49163,-0.00906807,-0.0172911,999,,,,,,,24.3,3.4714285714285715,25,3.5714285714285716,,,,,,,,,,,,,,,,,,,"Nathan Wiles","25474",686249
"Jesse Scholtens","CHW",0,0,0,4.89693,6,0,0,0,,6,26,6,3,3,1,2,,0,5,6.90013,3.4908,1.97666,1.43589,0.173589,0.0878192,0.08576987683773041,0.27246,1.47765,0.302658,0.706562,,,4.88157,-0.00923968,-0.00294613,999,,,,,,,20.500000000000007,3.416666666666668,21,3.5,,,,,,,,,,,,,,,,,,,"Jesse Scholtens","19205",669947
"Nick Hernandez","HOU",1,1,0,4.46907,16,0,0,0,,16,68,14,8,8,2,7,,1,17,9.46329,3.98078,2.37724,1.39288,0.24384,0.102572,0.14126721769571304,0.234699,1.33473,0.284133,0.711043,,,4.52848,-0.00932795,-0.0107662,999,,,,,,,67.4,4.2125,64,4,,,,,,,,,,,,,,,,,,,"Nick Hernandez","19281",663321
"Evan Justice","COL",0,0,0,5.45455,5,0,0,0,,5,24,5,3,3,1,4,,0,5,9,6.54545,1.375,1.09091,0.211538,0.153846,0.057692304253578186,0.261538,1.75758,0.322581,0.687023,,,5.02966,-0.00938778,-0.00654644,999,,,,,,,9.7,1.94,10,2,,,,,,,,,,,,,,,,,,,"Evan Justice","30008",687145
"Casey Legumina","SEA",1,1,0,4.23463,18,0,0,2,,18,76,17,9,8,2,7,,1,16,8.17811,3.46273,2.36175,1.15751,0.211707,0.0896396,0.12206707149744034,0.246007,1.3342,0.290856,0.712885,,,4.24298,-0.00944425,-0.0301971,999,,,,,,,80.40000000000002,4.466666666666668,80,4.444444444444445,,,,,,,,,,,,,,,,,,,"Casey Legumina","25921",668984
"Luis Patiño","SDP",0,0,0,4.57658,6,0,0,0,,6,24,5,3,3,1,2,,0,5,7.44217,3.81267,1.95196,1.26449,0.191276,0.0979916,0.09328408539295197,0.247435,1.38041,0.281537,0.699226,,,4.63196,-0.00967482,-0.00576923,999,,,,,,,23.10000000000001,3.8500000000000014,21,3.5,,,,,,,,,,,,,,,,,,,"Luis Patino","22815",672715
"Bailey Horn","DET",0,1,0,4.58471,10,0,0,0,,10,45,10,6,5,1,5,,0,9,8.30521,4.81413,1.72517,1.141,0.208363,0.120778,0.08758506923913956,0.245882,1.48371,0.292619,0.71198,,,4.60278,-0.00986231,-0.0375472,999,,,,,,,38.7,3.87,40,4,,,,,,,,,,,,,,,,,,,"Bailey Horn","27753",690544
"Ron Marinaccio","SDP",1,1,0,4.32208,17,0,0,2,,17,74,15,9,8,2,8,,1,16,8.59159,4.27086,2.01168,1.16331,0.219218,0.108973,0.11024505645036697,0.233826,1.36263,0.279579,0.7114,,,4.53109,-0.0100418,-0.0322932,999,,,,,,,75.20000000000002,4.423529411764707,72,4.235294117647059,,,,,,,,,,,,,,,,,,,"Ron Marinaccio","23488",676760
"Logan VanWey","HOU",1,1,0,4.45291,14,0,0,0,,14,62,14,8,7,2,6,,1,14,8.75472,4.13163,2.11895,1.1939,0.220383,0.104006,0.11637712270021439,0.251939,1.43913,0.304311,0.719108,,,4.44082,-0.0100883,-0.0405055,999,,,,,,,49.60000000000003,3.542857142857145,51,3.642857142857143,,,,,,,,,,,,,,,,,,,"Logan VanWey","31884",701121
"Elvis Alvarado","ATH",1,1,0,4.46276,18,0,0,4,,18,81,17,10,9,2,10,,1,18,8.88161,5.00501,1.77454,1.05104,0.221904,0.125048,0.09685555100440979,0.23976,1.47385,0.294025,0.713448,,,4.49305,-0.0101158,-0.0472925,999,,,,,,,83.40000000000002,4.633333333333335,83,4.611111111111111,,,,,,,,,,,,,,,,,,,"Elvis Alvarado","21662",665660
"Mason Thompson","WSN",1,1,0,4.36349,17,0,0,2,,17,76,17,9,8,2,7,,1,14,7.32412,3.81419,1.92023,0.982857,0.185599,0.0966545,0.08894412219524384,0.255262,1.42121,0.297615,0.705042,,,4.31417,-0.0102519,-0.021797,999,,,,,,,69.00000000000001,4.058823529411765,71,4.176470588235294,,,,,,,,,,,,,,,,,,,"Mason Thompson","21850",666168
"Jonathan Bowlan","KCR",1,1,0,4.44168,14,0,0,0,,14,60,14,7,7,2,5,,1,12,7.63403,3.21821,2.37214,1.24265,0.194993,0.0822013,0.11279146373271942,0.263557,1.399,0.304659,0.715408,,,4.38459,-0.010419,-0.000803925,999,,,,,,,48.6,3.4714285714285715,50,3.5714285714285716,,,,,,,,,,,,,,,,,,,"Jonathan Bowlan","24607",680742
"Dylan Smith","DET",0,0,0,4.97966,13,0,0,0,,13,58,13,8,7,2,6,,1,12,8.5785,4.21314,2.03613,1.19055,0.205297,0.100827,0.10446994751691818,0.246008,1.48009,0.290506,0.671881,,,4.49163,-0.0106974,-0.0549531,999,,,,,,,40.8,3.1384615384615384,42,3.230769230769231,,,,,,,,,,,,,,,,,,,"Dylan Smith","30145",681916
"Spencer Bivens","SFG",1,1,0,4.18558,18,0,0,4,,18,79,18,9,9,2,6,,1,13,6.56302,3.0364,2.16144,0.956096,0.169254,0.078306,0.09094808250665665,0.257067,1.34429,0.29229,0.70158,,,4.18749,-0.0107429,-0.00273658,999,,,,,,,82.80000000000003,4.600000000000001,85,4.722222222222222,,,,,,,,,,,,,,,,,,,"Spencer Bivens","30226",702352
"Scott Blewett","BAL",1,0,0,4.62907,9,0,0,0,,9,37,9,5,4,1,3,,0,7,7.34323,3.23937,2.26687,1.29357,0.1876,0.0827572,0.1048426702618599,0.262448,1.39541,0.298661,0.700347,,,4.53816,-0.0107478,-0.0217942,999,,,,,,,35.90000000000001,3.9888888888888903,37,4.111111111111111,,,,,,,,,,,,,,,,,,,"Scott Blewett","16427",656240
"Austin Cox","ATL",1,1,0,4.46029,15,0,0,0,,15,65,15,8,7,2,7,,1,13,8.2475,4.40588,1.87193,1.02267,0.205225,0.109633,0.09559214115142822,0.259302,1.50827,0.312241,0.718645,,,4.34439,-0.0108124,-0.0196346,999,,,,,,,49.400000000000006,3.293333333333334,51,3.4,,,,,,,,,,,,,,,,,,,"Austin Cox","24604",680735
"Brooks Kriske","CHC",0,0,0,4.20808,17,0,0,2,,17,75,15,9,8,2,9,,1,20,10.14,4.56262,2.2224,1.15853,0.25984,0.116918,0.14292147010564804,0.229285,1.37267,0.292418,0.724931,,,4.19123,-0.0109204,-0.0304675,999,,,,,,,80.20000000000002,4.71764705882353,77,4.529411764705882,,,,,,,,,,,,,,,,,,,"Brooks Kriske","21189",621139
"Joe La Sorsa","CIN",0,0,0,4.83433,10,0,0,0,,10,46,11,6,6,2,3,,1,7,6.36118,2.77298,2.29399,1.35682,0.162492,0.0708337,0.0916581004858017,0.268182,1.37451,0.293584,0.679577,,,4.75655,-0.0110397,-0.0259539,999,,,,,,,22.799999999999997,2.28,26,2.6,,,,,,,,,,,,,,,,,,,"Joe La Sorsa","25481",686747
"Shaun Anderson","LAA",0,1,0,4.85919,9,0,0,0,,9,40,10,5,5,2,3,,0,7,6.67418,2.58874,2.57816,1.47992,0.17165,0.0665785,0.10507123172283173,0.271754,1.37354,0.29822,0.688061,,,4.71793,-0.0114664,-0.0189878,999,,,,,,,21.000000000000007,2.333333333333334,24,2.6666666666666665,,,,,,,,,,,,,,,,,,,"Shaun Anderson","19453",641312
"Roansy Contreras","BAL",0,0,0,4.67029,6,0,0,0,,6,26,6,3,3,1,3,,0,5,7.38471,3.90118,1.89294,1.31222,0.188406,0.099531,0.08887524902820587,0.249228,1.39948,0.281889,0.698899,,,4.78184,-0.0117242,-0.00414412,750.3099975585938,,,,,,,17.500000000000007,2.916666666666668,18,3,,,,,,,,,,,,,,,,,,,"Roansy Contreras","22810",672710
"Gavin Hollowell","CHC",1,0,0,4.32939,17,0,0,0,,17,73,15,9,8,2,8,,1,18,9.45413,4.43481,2.1318,1.09355,0.240736,0.112926,0.1278098300099373,0.236559,1.39445,0.295556,0.711874,,,4.22444,-0.0117941,-0.0272197,999,,,,,,,71.20000000000002,4.188235294117648,68,4,,,,,,,,,,,,,,,,,,,"Gavin Hollowell","25427",668970
"Erik Swanson",,0,0,0,4.35282,8,0,0,0,,8,35,8,4,4,1,3,,0,8,8.46843,3.25982,2.59782,1.44567,0.22084,0.0850096,0.13582993298768997,0.246766,1.31683,0.286954,0.724512,,,4.47305,-0.0119453,0.0149378,750.8699951171875,,,,,,,33.10000000000001,4.137500000000001,34,4.25,,,,,,,,,,,,,,,,,,,"Erik Swanson","16587",657024
"Justin Garza","NYM",1,0,0,4.63097,11,0,0,0,,11,47,11,6,6,2,4,,1,9,7.77244,3.49783,2.22207,1.38523,0.198003,0.0891073,0.10889557749032974,0.257803,1.39944,0.295142,0.709605,,,4.6863,-0.0120431,-0.0270618,999,,,,,,,31.200000000000003,2.8363636363636364,32,2.909090909090909,,,,,,,,,,,,,,,,,,,"Justin Garza","19784",621057
"Eduarniel Núñez","SDP",0,0,0,4.97966,12,0,0,0,,12,58,13,8,7,2,6,,1,12,8.5785,4.21314,2.03613,1.19055,0.205297,0.100827,0.10446994006633759,0.246008,1.48009,0.290506,0.671881,,,4.49163,-0.0121572,-0.0746351,999,,,,,,,33.40000000000002,2.783333333333335,37,3.0833333333333335,,,,,,,,,,,,,,,,,,,"Eduarniel Nunez","23162",674384
"Anthony Veneziano","MIA",0,0,0,4.56454,9,0,0,0,,9,39,9,5,4,1,4,,0,7,7.50825,3.91652,1.91707,1.12146,0.186954,0.0975205,0.08943317085504532,0.267935,1.50022,0.311799,0.715771,,,4.50351,-0.0123692,-0.0159398,999,,,,,,,32.90000000000001,3.655555555555557,34,3.7777777777777777,,,,,,,,,,,,,,,,,,,"Anthony Veneziano","27453",685107
"Jackson Kowar","SEA",1,1,0,4.41122,16,0,0,0,,16,72,15,9,8,2,8,,1,15,8.4615,4.13974,2.04397,1.17601,0.214972,0.105174,0.10979806631803513,0.244711,1.4028,0.291936,0.71323,,,4.47045,-0.0124304,-0.0597771,999,,,,,,,57.80000000000001,3.6125000000000007,57,3.5625,,,,,,,,,,,,,,,,,,,"Jackson Kowar","21549",663804
"Connor Seabold","TBR",0,0,0,4.61285,9,0,0,0,,9,36,8,5,4,1,3,,1,7,7.51464,3.10769,2.41808,1.5301,0.195043,0.0806605,0.11438298225402832,0.249099,1.31064,0.277083,0.702513,,,4.84713,-0.0125783,-0.0196639,750.9400024414062,,,,,,,35.500000000000014,3.944444444444446,34,3.7777777777777777,,,,,,,,,,,,,,,,,,,"Connor Seabold","19695",657756
"Michael Petersen","MIA",1,0,0,4.61813,10,0,0,0,,10,42,10,5,5,1,4,,1,9,8.43023,3.81131,2.2119,1.25567,0.212436,0.0960424,0.11639386415481567,0.259204,1.44168,0.308095,0.709217,,,4.47387,-0.0127303,-0.000912631,999,,,,,,,38.7,3.87,40,4,,,,,,,,,,,,,,,,,,,"Michael Petersen","20827",656848
"Daniel Robert","PHI",1,1,0,4.44199,17,0,0,2,,17,78,16,9,9,2,10,,1,17,9.03873,5.19931,1.73845,1.13929,0.222839,0.128183,0.09465616941452026,0.243113,1.51239,0.297776,0.730934,,,4.71381,-0.0128021,-0.0168065,999,,,,,,,68.60000000000002,4.0352941176470605,68,4,,,,,,,,,,,,,,,,,,,"Daniel Robert","21229",642016
"Joan Adon","WSN",1,1,0,4.69579,12,0,0,0,,12,52,12,7,6,1,5,,1,9,7.32005,4.05378,1.80573,1.06764,0.184072,0.101938,0.08213460445404053,0.254741,1.4451,0.294698,0.686443,,,4.54746,-0.0128368,-0.0352008,999,,,,,,,45.30000000000001,3.775000000000001,47,3.9166666666666665,,,,,,,,,,,,,,,,,,,"Joan Adon","22925",672851
"Angel Chivilli","COL",1,1,0,4.94473,18,0,0,2,,18,79,19,11,10,3,7,,1,15,7.60273,3.49376,2.17609,1.32273,0.191751,0.0881173,0.1036335825920105,0.267133,1.4489,0.306726,0.685128,,,4.61561,-0.0128586,-0.0289978,750.6599731445312,,,,,,,60.90000000000001,3.383333333333334,65,3.611111111111111,,,,,,,,,,,,,,,,,,,"Angel Chivilli","26790",683409
"Jairo Iriarte","CHW",0,1,0,4.75463,7,0,0,0,,7,31,7,4,4,1,4,,0,6,7.95329,4.62481,1.7197,1.26929,0.198101,0.115195,0.08290588855743408,0.250617,1.48706,0.291122,0.707831,,,4.88927,-0.0132476,-0.0188139,750.4600219726562,,,,,,,21.3,3.042857142857143,22,3.142857142857143,,,,,,,,,,,,,,,,,,,"Jairo Iriarte","26907",683568
"Juan Morillo","ARI",0,0,0,4.97966,9,0,0,0,,9,39,9,5,5,1,4,,1,8,8.5785,4.21314,2.03613,1.19055,0.205297,0.100827,0.10446994751691818,0.246008,1.48009,0.290506,0.671881,,,4.49163,-0.0132489,-0.0166087,999,,,,,,,31.900000000000013,3.544444444444446,33,3.6666666666666665,,,,,,,,,,,,,,,,,,,"Juan Morillo","21924",666661
"Juan Burgos","ARI",0,0,0,4.97966,9,0,0,0,,9,43,9,6,5,1,4,,1,9,8.5785,4.21314,2.03613,1.19055,0.205297,0.100827,0.10446994751691818,0.246008,1.48009,0.290506,0.671881,,,4.49163,-0.0132489,-0.0465885,999,,,,,,,33.90000000000001,3.766666666666668,35,3.888888888888889,,,,,,,,,,,,,,,,,,,"Juan Burgos","27271",686228
"Cole Winn","TEX",0,0,0,4.97966,19,0,1,4,,19,88,19,12,10,3,9,,1,18,8.5785,4.21314,2.03613,1.19055,0.205297,0.100827,0.10446994751691818,0.246008,1.48009,0.290506,0.671881,,,4.49163,-0.0132518,-0.247641,999,,,,,,,81.29999999999998,4.2789473684210515,83,4.368421052631579,,,,,,,,,,,,,,,,,,,"Cole Winn","22113",668390
"Zach Agnos","COL",1,1,0,5.12486,14,0,0,0,,14,60,14,9,8,2,5,,1,11,7.23668,3.16593,2.2858,1.42392,0.186785,0.0817156,0.10506981611251831,0.255476,1.35031,0.285218,0.647907,,,4.7277,-0.0140323,-0.0345868,999,,,,,,,46.6,3.3285714285714287,48,3.4285714285714284,,,,,,,,,,,,,,,,,,,"Zach Agnos","31552",688642
"Eduardo Salazar","WSN",1,1,0,4.93494,13,0,0,0,,13,60,15,8,7,1,6,,1,10,6.72997,3.88082,1.73416,0.980519,0.165303,0.0953216,0.06998118758201599,0.275259,1.53643,0.315427,0.679543,,,4.53634,-0.0144737,-0.0508096,999,,,,,,,43.900000000000006,3.3769230769230774,51,3.923076923076923,,,,,,,,,,,,,,,,,,,"Eduardo Salazar","23135",674285
"John McMillon","PHI",0,1,0,4.65686,7,0,0,0,,7,33,7,4,4,1,5,,0,8,9.58823,5.8064,1.65132,1.23446,0.237008,0.143526,0.09348191320896149,0.234822,1.53819,0.290664,0.724851,,,4.81864,-0.0147723,-0.0157863,999,,,,,,,22.300000000000015,3.1857142857142877,23,3.2857142857142856,,,,,,,,,,,,,,,,,,,"John McMillon","27942",669111
"Luis Guerrero","BOS",1,0,0,4.41733,12,0,0,0,,12,50,10,6,6,1,6,,1,10,7.91101,4.80113,1.64774,1.04362,0.202136,0.122675,0.07946101576089859,0.226378,1.38498,0.265877,0.696434,,,4.60085,-0.0152272,0.00126339,747.9099731445312,,,,,,,49.500000000000014,4.125000000000001,46,3.8333333333333335,,,,,,,,,,,,,,,,,,,"Luis Guerrero","31184",692285
"Sam Bachman","LAA",1,1,0,4.44105,17,0,0,2,,17,75,17,9,8,2,7,,1,14,7.44555,3.83986,1.93902,1.08922,0.188438,0.0971823,0.09125567972660065,0.254473,1.41993,0.295183,0.706577,,,4.46983,-0.0152535,-0.0222339,999,,,,,,,69.00000000000001,4.058823529411765,71,4.176470588235294,,,,,,,,,,,,,,,,,,,"Sam Bachman","29754",696147
"Taylor Clarke","KCR",1,1,0,4.55579,19,0,0,3,,19,83,20,11,10,3,5,,1,15,6.8883,2.52454,2.72854,1.341,0.17867,0.0654819,0.11318806558847427,0.265737,1.33366,0.296562,0.696358,,,4.45814,-0.0153988,-0.074048,999,,,,,,,75.69999999999999,3.9842105263157888,80,4.2105263157894735,,,,,,,,,,,,,,,,,,,"Taylor Clarke","17611",664199
"Génesis Cabrera","PIT",1,1,0,4.275,18,0,0,3,,18,78,17,9,9,2,8,,1,16,8.1,4.05,2,1.125,0.208092,0.104046,0.10404624044895172,0.24183,1.375,0.285714,0.708333,,,4.41527,-0.0155475,0.0317787,999,,,,,,,81.40000000000002,4.522222222222223,81,4.5,,,,,,,,,,,,,,,,,,,"Genesis Cabrera","17490",650893
"Orlando Ribalta","WSN",1,1,0,4.96353,13,0,0,0,,13,56,12,8,7,2,7,,1,12,8.58467,4.7162,1.82025,1.22027,0.214165,0.117657,0.09650818258523941,0.242441,1.45531,0.289151,0.676298,,,4.78279,-0.0158075,-0.0508096,999,,,,,,,40.39999999999999,3.107692307692307,39,3,,,,,,,,,,,,,,,,,,,"Orlando Ribalta","26247",687377
"Joe Jacques","SEA",0,1,0,4.5,11,0,0,0,,11,49,11,6,6,1,5,,1,8,6.3,3.6,1.75,0.9,0.162791,0.0930233,0.06976744532585144,0.263158,1.4,0.3,0.714286,,,4.49027,-0.0158212,-0.0349446,999,,,,,,,38.50000000000001,3.5000000000000004,40,3.6363636363636362,,,,,,,,,,,,,,,,,,,"Joe Jacques","25178",682175
"Alexis Díaz","LAD",1,1,0,4.6073,20,0,0,4,,20,89,18,11,10,3,11,,2,20,8.85445,4.66502,1.89805,1.21763,0.223671,0.117842,0.10582884401082993,0.232608,1.39997,0.279414,0.696813,,,4.70638,-0.0161573,-0.060536,172.6199951171875,,,,,,,81.3,4.0649999999999995,78,3.9,,,,,,,,,,,,,,,,,,,"Alexis Diaz","21132",664747
"Yaramil Hiraldo","BAL",0,0,0,4.97966,17,0,0,2,,17,79,17,10,9,2,8,,1,16,8.5785,4.21314,2.03613,1.19055,0.205297,0.100827,0.10446994751691818,0.246008,1.48009,0.290506,0.671881,,,4.49163,-0.0163559,-0.0823629,999,,,,,,,70.00000000000001,4.11764705882353,72,4.235294117647059,,,,,,,,,,,,,,,,,,,"Yaramil Hiraldo","25215",682274
"Tyler Zuber","MIA",0,0,0,4.80493,11,0,0,0,,11,50,11,7,6,2,5,,1,10,8.40649,4.37706,1.92058,1.39596,0.210825,0.109771,0.10105334222316742,0.253526,1.47467,0.296607,0.711211,,,4.835,-0.0165961,-0.0460841,999,,,,,,,30.200000000000003,2.7454545454545456,31,2.8181818181818183,,,,,,,,,,,,,,,,,,,"Tyler Zuber","20379",676604
"Chris Devenski","NYM",1,1,0,4.57444,15,0,0,0,,15,63,14,8,7,3,5,,1,13,7.99205,3.09502,2.58223,1.54754,0.208014,0.080556,0.12745825201272964,0.251245,1.32034,0.284628,0.711248,,,4.69713,-0.0169823,-0.0311109,999,,,,,,,45.699999999999996,3.0466666666666664,44,2.933333333333333,,,,,,,,,,,,,,,,,,,"Chris Devenski","12763",606965
"Owen White","CHW",0,1,0,5.43161,10,0,0,0,,10,47,11,7,6,1,5,,1,8,6.83771,3.87444,1.76483,1.27654,0.170122,0.0963959,0.07372602820396423,0.270163,1.50769,0.303135,0.650589,,,4.85076,-0.0176652,-0.0658147,999,,,,,,,31.1,3.1100000000000003,35,3.5,,,,,,,,,,,,,,,,,,,"Owen White","22273",669391
"Andry Lara","WSN",1,1,0,4.63206,16,0,0,0,,16,69,16,9,8,2,6,,1,12,6.93819,3.33641,2.07954,1.24216,0.177603,0.0854049,0.09219799935817719,0.260247,1.39446,0.29282,0.695144,,,4.56338,-0.017768,-0.0367528,999,,,,,,,55.20000000000001,3.4500000000000006,57,3.5625,,,,,,,,,,,,,,,,,,,"Andry Lara","27967",691251
"Kolby Allard","CLE",1,1,0,4.52445,15,0,0,0,,15,66,16,8,8,2,5,,0,11,6.69066,2.87793,2.32481,1.37919,0.171827,0.0739101,0.0979170873761177,0.268853,1.38982,0.297335,0.717606,,,4.63492,-0.018118,-0.0272276,999,,,,,,,51.800000000000004,3.4533333333333336,56,3.7333333333333334,,,,,,,,,,,,,,,,,,,"Kolby Allard","18694",663465
"Alek Jacob","SDP",0,0,0,4.70785,13,0,0,0,,13,58,13,7,7,2,5,,1,12,8.23945,3.69727,2.22852,1.32541,0.207289,0.0930161,0.11427253484725952,0.259375,1.42992,0.304166,0.703855,,,4.63598,-0.0187049,-0.0284356,999,,,,,,,43.8,3.369230769230769,45,3.4615384615384617,,,,,,,,,,,,,,,,,,,"Alek Jacob","29628",689690
"Sam Long","KCR",1,1,0,4.57578,16,0,0,0,,16,69,16,9,8,2,7,,1,13,7.68453,3.98304,1.92931,1.19214,0.1946,0.100865,0.09373509138822556,0.25571,1.44233,0.29667,0.707859,,,4.53822,-0.01925,-0.0309,999,,,,,,,54.20000000000001,3.3875000000000006,56,3.5,,,,,,,,,,,,,,,,,,,"Sam Long","25379",669674
"Wander Suero","ATL",0,0,0,4.97966,15,0,0,0,,15,69,15,9,8,2,7,,1,14,8.5785,4.21314,2.03613,1.19055,0.205297,0.100827,0.10446994006633759,0.246008,1.48009,0.290506,0.671881,,,4.49163,-0.0194316,-0.0500491,999,,,,,,,51.400000000000006,3.426666666666667,53,3.533333333333333,,,,,,,,,,,,,,,,,,,"Wander Suero","15855",593833
"Kyle Nicolas","PIT",0,1,0,4.48791,16,0,0,0,,16,70,15,9,8,2,8,,1,15,8.77766,4.77091,1.83983,1.09895,0.218872,0.118963,0.09990868717432022,0.246482,1.48199,0.300157,0.716965,,,4.50945,-0.0200224,-0.029957,999,,,,,,,57.80000000000001,3.6125000000000007,57,3.5625,,,,,,,,,,,,,,,,,,,"Kyle Nicolas","27775",693312
"Jeff Brigham","ARI",0,0,0,4.65166,7,0,0,0,,7,29,6,4,3,1,3,,0,7,9.61065,4.45798,2.15583,1.47851,0.243695,0.11304,0.13065475970506668,0.239172,1.41011,0.289473,0.718839,,,4.76161,-0.0202652,-0.016273,999,,,,,,,28.900000000000013,4.128571428571431,27,3.857142857142857,,,,,,,,,,,,,,,,,,,"Jeff Brigham","16631",656257
"Andrew Hoffmann","ARI",0,0,0,4.97966,14,0,0,0,,14,64,14,8,8,2,6,,1,13,8.5785,4.21314,2.03613,1.19055,0.205297,0.100827,0.10446994006633759,0.246008,1.48009,0.290506,0.671881,,,4.49163,-0.0206094,-0.032546,999,,,,,,,47.60000000000003,3.400000000000002,49,3.5,,,,,,,,,,,,,,,,,,,"Andrew Hoffmann","29633",694851
"Houston Roth","BAL",0,0,0,4.97966,18,0,0,4,,18,85,19,11,10,2,9,,1,17,8.5785,4.21314,2.03613,1.19055,0.205297,0.100827,0.10446994751691818,0.246008,1.48009,0.290506,0.671881,,,4.49163,-0.0207805,-0.142226,999,,,,,,,79.20000000000002,4.400000000000001,84,4.666666666666667,,,,,,,,,,,,,,,,,,,"Houston Roth","sa3011527",674175
"Alex Faedo","TBR",1,1,0,4.3924,15,0,0,0,,15,65,14,8,7,2,6,,1,15,8.71759,3.77773,2.30762,1.48849,0.225376,0.0976659,0.1277102306485176,0.242562,1.35165,0.283065,0.733113,,,4.67077,-0.0212713,-0.022545,999,,,,,,,59.00000000000001,3.933333333333334,58,3.8666666666666667,,,,,,,,,,,,,,,,,,,"Alex Faedo","19874",656412
"Carson Fulmer","LAA",0,0,0,4.58661,16,1,0,0,,19,83,18,10,10,3,10,,1,17,8.28289,4.7252,1.75292,1.32629,0.208832,0.119134,0.08969812095165253,0.242478,1.45649,0.282685,0.721939,,,4.86195,-0.0212846,-0.0513553,999,,,,,,,57.89999999999999,3.047368421052631,57,3,,,,,,,,,,,,,,,,,,,"Carson Fulmer","18311",608334
"Rico Garcia","NYM",0,0,0,4.97966,16,0,0,2,,16,76,17,10,9,2,8,,1,16,8.5785,4.21314,2.03613,1.19055,0.205297,0.100827,0.10446994751691818,0.246008,1.48009,0.290506,0.671881,,,4.49163,-0.0214664,-0.118658,999,,,,,,,62.60000000000001,3.9125000000000005,67,4.1875,,,,,,,,,,,,,,,,,,,"Rico Garcia","20023",670329
"Lake Bachar","MIA",1,1,0,4.50108,20,0,0,4,,20,90,20,11,10,3,10,,1,20,8.86065,4.32561,2.04842,1.26513,0.223733,0.109223,0.11451087146997452,0.24949,1.44798,0.300403,0.722815,,,4.51776,-0.0221404,-0.0455685,999,,,,,,,82.1,4.1049999999999995,84,4.2,,,,,,,,,,,,,,,,,,,"Lake Bachar","19222",669199
"Connor Phillips","CIN",1,1,0,4.86082,11,0,0,0,,11,50,11,7,6,2,6,,1,11,9.10206,5.13423,1.77282,1.39349,0.224736,0.126768,0.09796856343746185,0.248615,1.53332,0.298526,0.718742,,,4.96224,-0.0226102,-0.0401725,749.97998046875,,,,,,,29.200000000000003,2.6545454545454548,30,2.727272727272727,,,,,,,,,,,,,,,,,,,"Connor Phillips","27649",683175
"Tyler Phillips","MIA",1,1,0,4.9135,20,0,0,4,,20,86,22,12,11,3,7,,1,14,6.48955,2.97547,2.18101,1.14378,0.164301,0.0753324,0.08896863460540771,0.275576,1.4376,0.30923,0.670155,,,4.41528,-0.0234538,-0.121771,750.7999877929688,,,,,,,73.89999999999999,3.6949999999999994,81,4.05,,,,,,,,,,,,,,,,,,,"Tyler Phillips","20629",663969
"Luke Little","CHC",0,0,0,5.69921,9,0,0,0,,9,40,7,6,5,1,7,,1,10,10.307,7.51168,1.37213,0.902169,0.248324,0.180977,0.06734731793403625,0.21042,1.61013,0.276742,0.627177,,,4.88189,-0.0251283,-0.0526663,999,,,,,,,32.10000000000001,3.5666666666666678,28,3.111111111111111,,,,,,,,,,,,,,,,,,,"Luke Little","28036",681432
"Luis Peralta","COL",0,1,0,5.09833,15,0,0,0,,15,70,15,9,9,2,9,,1,15,8.83227,5.33576,1.6553,1.1724,0.213969,0.129263,0.08470563590526581,0.256657,1.59761,0.311968,0.693785,,,4.83619,-0.0252377,-0.0196393,748.8300170898438,,,,,,,47.400000000000006,3.1600000000000006,49,3.2666666666666666,,,,,,,,,,,,,,,,,,,"Luis Peralta","24203",678821
"Connor Brogdon","LAA",1,1,0,4.8498,18,0,0,2,,18,77,18,10,10,3,7,,1,17,8.44365,3.59738,2.34717,1.66801,0.215486,0.0918067,0.12367906421422958,0.256911,1.40579,0.293905,0.71539,,,4.93643,-0.0257463,-0.0379757,999,,,,,,,67.50000000000001,3.750000000000001,69,3.8333333333333335,,,,,,,,,,,,,,,,,,,"Connor Brogdon","21205",641401
"Cade Gibson","MIA",0,0,0,4.97966,19,0,0,3,,19,88,19,12,11,3,9,,1,18,8.5785,4.21314,2.03613,1.19055,0.205297,0.100827,0.10446993261575699,0.246008,1.48009,0.290506,0.671881,,,4.49163,-0.0266753,-0.146118,999,,,,,,,72.29999999999998,3.805263157894736,74,3.8947368421052633,,,,,,,,,,,,,,,,,,,"Cade Gibson","31815",806188
"Konnor Pilkington","WSN",0,0,0,4.97966,20,0,0,4,,20,91,20,12,11,3,9,,1,19,8.5785,4.21314,2.03613,1.19055,0.205297,0.100827,0.10446995496749878,0.246008,1.48009,0.290506,0.671881,,,4.49163,-0.027709,-0.168053,999,,,,,,,83.1,4.154999999999999,85,4.25,,,,,,,,,,,,,,,,,,,"Konnor Pilkington","21453",663455
"Grant Wolfram","BAL",1,1,0,4.67937,19,0,0,4,,19,84,18,11,10,2,10,,1,18,8.42059,4.5357,1.85651,1.09382,0.210717,0.113501,0.0972154289484024,0.24961,1.47195,0.300071,0.69658,,,4.4856,-0.0285283,-0.117763,999,,,,,,,88.2,4.6421052631578945,88,4.631578947368421,,,,,,,,,,,,,,,,,,,"Grant Wolfram","21623",664991
"Jackson Rutledge","WSN",1,1,0,4.67569,19,0,0,3,,19,82,18,11,10,2,8,,1,16,7.71644,3.9922,1.93288,1.178,0.194273,0.10051,0.09376361221075058,0.252999,1.42915,0.29398,0.693837,,,4.63015,-0.0288937,-0.0908125,999,,,,,,,86.2,4.536842105263158,86,4.526315789473684,,,,,,,,,,,,,,,,,,,"Jackson Rutledge","26215",671131
"Michael Mercado","PHI",0,0,0,5.23301,8,0,0,0,,8,36,8,5,5,1,4,,0,7,8.04616,4.5414,1.77174,1.628,0.197356,0.111391,0.08596474677324295,0.26739,1.5667,0.30416,0.711629,,,5.3274,-0.0297612,-0.0308676,999,,,,,,,28.100000000000005,3.5125000000000006,29,3.625,,,,,,,,,,,,,,,,,,,"Michael Mercado","23223",675650
"Bryce Jarvis","ARI",1,1,1,4.74206,13,2,0,0,,22,96,22,12,11,3,10,,1,17,6.89607,4.33392,1.59119,1.205,0.172589,0.108466,0.06412354111671448,0.255338,1.47936,0.287239,0.701786,,,4.89375,-0.0306996,-0.00501039,999,,,,,,,69.7,3.1681818181818184,72,3.272727272727273,,,,,,,,,,,,,,,,,,,"Bryce Jarvis","27477",686826
"Carlos Vargas","SEA",1,1,0,4.10409,19,0,0,4,,19,83,19,9,9,2,7,,1,15,7.10456,3.49424,2.03322,0.962981,0.181157,0.0890986,0.09205879271030426,0.256782,1.39365,0.297584,0.721941,,,4.22877,-0.0314441,-0.00236272,999,,,,,,,88.6,4.663157894736842,91,4.7894736842105265,,,,,,,,,,,,,,,,,,,"Carlos Vargas","22915",672841
"George Soriano","MIA",0,1,0,4.88307,15,0,0,0,,15,67,15,9,8,2,7,,1,14,8.46904,4.18155,2.02533,1.34871,0.210433,0.1039,0.1065324917435646,0.258424,1.47869,0.305031,0.700571,,,4.79945,-0.0325535,-0.0465725,999,,,,,,,51.400000000000006,3.426666666666667,53,3.533333333333333,,,,,,,,,,,,,,,,,,,"George Soriano","21863",666277
"Seth Johnson","PHI",0,2,0,5.98412,16,0,0,0,,16,73,17,12,11,2,8,,1,13,7.46849,4.56576,1.63576,1.26105,0.182863,0.11179,0.07107212394475937,0.271447,1.59153,0.312176,0.622638,,,4.88349,-0.0338857,-0.120794,999,,,,,,,48.60000000000001,3.0375000000000005,53,3.3125,,,,,,,,,,,,,,,,,,,"Seth Johnson","26020",686751
"Mike Vasil","CHW",1,1,0,4.75536,19,1,0,3,,21,93,21,12,11,3,9,,1,16,6.71423,3.72422,1.80286,1.28132,0.169778,0.0941714,0.07560613751411438,0.2572,1.42141,0.285632,0.693148,,,4.87859,-0.0344444,-0.076159,999,,,,,,,77.9,3.7095238095238097,80,3.8095238095238093,,,,,,,,,,,,,,,,,,,"Mike Vasil","30105",678024
"Kaleb Ort","HOU",1,1,0,4.507,18,0,0,3,,18,79,17,10,9,3,8,,1,18,9.06083,3.76072,2.40934,1.42018,0.234189,0.0972007,0.13698838651180267,0.242683,1.35037,0.289293,0.713661,,,4.49734,-0.0347688,-0.0693325,999,,,,,,,73.10000000000001,4.061111111111112,72,4,,,,,,,,,,,,,,,,,,,"Kaleb Ort","20061",672391
"Elvin Rodríguez","BAL",1,1,0,4.72619,18,0,0,2,,18,78,18,10,9,3,7,,1,16,8.14779,3.43919,2.3691,1.63085,0.208892,0.0881737,0.12071876227855682,0.253823,1.37201,0.28744,0.716444,,,4.93725,-0.0352918,-0.0435884,999,,,,,,,65.50000000000001,3.6388888888888897,67,3.7222222222222223,,,,,,,,,,,,,,,,,,,"Elvin Rodriguez","20962",660730
"David Morgan","SDP",0,0,0,4.97966,19,0,0,4,,19,87,19,11,10,2,9,,1,18,8.57851,4.21314,2.03613,1.19055,0.205297,0.100827,0.10446995496749878,0.246008,1.48009,0.290506,0.671881,,,4.49163,-0.0360923,-0.134163,999,,,,,,,88.6,4.663157894736842,91,4.7894736842105265,,,,,,,,,,,,,,,,,,,"David Morgan","31616",688158
"Corbin Martin","BAL",0,0,0,4.97966,21,0,4,3,,21,97,21,13,12,3,10,,1,20,8.5785,4.21314,2.03613,1.19055,0.205297,0.100827,0.10446993261575699,0.246008,1.48009,0.290506,0.671881,,,4.49163,-0.0404023,-0.349628,999,,,,,,,102.9,4.9,105,5,,,,,,,,,,,,,,,,,,,"Corbin Martin","19884",656686
"Lyon Richardson","CIN",1,1,0,4.57477,20,0,0,4,,20,90,20,11,10,3,10,,1,19,8.22561,4.35232,1.88993,1.28921,0.20659,0.109311,0.09727922827005386,0.253613,1.47237,0.297558,0.723261,,,4.70025,-0.0433431,-0.0178298,999,,,,,,,80.1,4.005,82,4.1,,,,,,,,,,,,,,,,,,,"Lyon Richardson","24581",680689
"Noah Davis","MIN",0,0,0,6,17,0,0,0,,17,81,22,11,11,3,8,,0,14,7.5,4.5,1.66667,1.5,0.172414,0.103448,0.06896552443504333,0.307692,1.83333,0.35,0.729167,,,5.09027,-0.046314,-0.0856615,999,,,,,,,35.7,2.1,50,2.9411764705882355,,,,,,,,,,,,,,,,,,,"Noah Davis","25862",663562
"Victor Mederos","LAA",1,1,0,5.49968,12,1,0,0,,15,67,16,10,9,2,7,,1,11,6.55558,4.43848,1.47699,1.36206,0.160602,0.108736,0.051865965127944946,0.266099,1.54828,0.292921,0.661527,,,5.31184,-0.0467312,-0.0798623,999,,,,,,,42.800000000000004,2.8533333333333335,47,3.1333333333333333,,,,,,,,,,,,,,,,,,,"Victor Mederos","31533",682989
"Michael Kelly","ATH",1,1,0,4.24849,20,0,0,4,,20,86,19,10,9,3,9,,1,18,8.11455,3.92533,2.06723,1.25614,0.207293,0.100276,0.10701731592416763,0.245618,1.38361,0.286865,0.732621,,,4.5775,-0.0505521,0.0840164,999,,,,,,,83.69999999999999,4.185,83,4.15,,,,,,,,,,,,,,,,,,,"Michael Kelly","12791",547184
"Nick Anderson","COL",1,1,0,5.00759,17,0,0,1,,17,73,18,10,9,3,6,,1,14,7.43191,3.22077,2.3075,1.62911,0.188014,0.0814797,0.10653459280729294,0.269979,1.43405,0.300453,0.702393,,,5.00949,-0.052134,-0.0131326,750.9500122070312,,,,,,,53.10000000000001,3.1235294117647063,57,3.3529411764705883,,,,,,,,,,,,,,,,,,,"Nick Anderson","18337",623433
"Luis Mey","CIN",1,1,0,5.50622,16,0,0,1,,16,75,16,11,10,2,11,,1,15,8.47569,6.17965,1.37155,1.14395,0.204072,0.14879,0.05528242886066437,0.245923,1.63565,0.294576,0.665876,,,5.12637,-0.0552244,-0.122738,750.5499877929688,,,,,,,50.20000000000001,3.1375000000000006,52,3.25,,,,,,,,,,,,,,,,,,,"Luis Mey","25620",682825
"Roddery Muñoz","STL",1,1,0,5.03663,15,0,0,0,,15,69,16,9,9,3,8,,1,13,7.77196,4.45259,1.74549,1.48572,0.193017,0.11058,0.08243658393621445,0.258475,1.50908,0.293284,0.704861,,,5.15807,-0.0552718,-0.056201,999,,,,,,,31.499999999999993,2.0999999999999996,35,2.3333333333333335,,,,,,,,,,,,,,,,,,,"Roddery Munoz","25311",682610
"Jake Woodford","ARI",0,1,0,4.9576,13,0,0,0,,13,59,16,8,7,3,4,,1,10,6.70654,2.72097,2.46476,1.89927,0.165229,0.0670366,0.0981924906373024,0.293501,1.51123,0.315512,0.750531,,,5.51639,-0.0705217,-0.0473982,999,,,,,,,22.70000000000001,1.7461538461538468,31,2.3846153846153846,,,,,,,,,,,,,,,,,,,"Jake Woodford","18674",663765
"Joey Lucchesi","SFG",1,1,0,4.29876,20,0,0,5,,20,86,21,10,9,2,8,,1,14,6.33833,3.67856,1.72305,1.00323,0.160075,0.0929025,0.0671728178858757,0.264106,1.4531,0.297231,0.720043,,,4.46637,-0.0783809,0.00692417,999,,,,,,,89.80000000000001,4.49,95,4.75,,,,,,,,,,,,,,,,,,,"Joey Lucchesi","19320",664192
"Zach Brzykcy","WSN",0,1,0,5.02419,19,0,0,4,,19,83,18,12,11,3,9,,1,19,9.18916,4.37596,2.09992,1.42353,0.232844,0.110882,0.12196160107851028,0.244469,1.42781,0.293153,0.680573,,,4.70463,-0.0824605,-0.181267,750.8400268554688,,,,,,,80.89999999999999,4.257894736842105,80,4.2105263157894735,,,,,,,,,,,,,,,,,,,"Zach Brzykcy","27783",694350
"Kendall Graveman","ARI",1,1,0,4.37908,20,0,1,4,,20,87,20,10,10,2,9,,1,17,7.7263,4.24813,1.81875,1.07587,0.192923,0.106075,0.08684882521629333,0.256439,1.47562,0.301153,0.723665,,,4.53606,-0.0930709,0.0815902,749.8499755859375,,,,,,,96.4,4.82,99,4.95,,,,,,,,,,,,,,,,,,,"Kendall Graveman","15514",608665
"Cole Henry","WSN",1,1,0,4.56635,20,0,0,5,,20,89,18,11,10,3,10,,2,20,9.00801,4.60766,1.95501,1.25835,0.227821,0.116532,0.11128890514373779,0.233274,1.39732,0.280843,0.703932,,,4.7,-0.0970466,-0.0742652,999,,,,,,,88.3,4.415,85,4.25,,,,,,,,,,,,,,,,,,,"Cole Henry","27570",669371
"Tyler Kinley","ATL",1,1,0,5.06096,21,0,2,4,,21,92,20,13,12,3,10,,1,21,9.13891,4.53128,2.01685,1.30189,0.229368,0.113726,0.11564230918884277,0.250276,1.4749,0.303811,0.678785,,,4.57691,-0.103519,-0.245801,477.2099914550781,,,,,,,101.5,4.833333333333333,101,4.809523809523809,,,,,,,,,,,,,,,,,,,"Tyler Kinley","18297",641755
"Steven Wilson","CHW",1,2,0,4.71145,20,0,1,4,,20,87,17,11,10,3,11,,1,20,9.05868,5.0087,1.80859,1.57482,0.230254,0.127312,0.1029428243637085,0.224394,1.39843,0.259463,0.719067,,,5.21028,-0.128026,-0.0836228,999,,,,,,,91.89999999999999,4.595,86,4.3,,,,,,,,,,,,,,,,,,,"Steven Wilson","20353",621051
"John Curtiss","ARI",1,1,0,4.90909,19,0,0,4,,19,84,21,12,10,3,6,,1,15,6.95455,2.86364,2.42857,1.63636,0.175258,0.0721649,0.10309278219938278,0.269663,1.40909,0.294118,0.669291,,,4.99936,-0.149973,-0.167655,999,,,,,,,74.1,3.9,81,4.2631578947368425,,,,,,,,,,,,,,,,,,,"John Curtiss","16128",595928
"Dan Altavilla","CHW",0,2,0,4.96628,21,0,2,3,,21,92,21,12,11,3,10,,2,17,7.55598,4.34797,1.73782,1.4738,0.187797,0.108065,0.07973223179578781,0.25538,1.48114,0.287214,0.704018,,,5.22749,-0.201291,-0.16217,999,,,,,,,83.9,3.9952380952380957,86,4.095238095238095,,,,,,,,,,,,,,,,,,,"Dan Altavilla","16507",656186