team,n,total_salary,sgpar,PA,AB,H,HR,R,RBI,SB,AVG,IP,W,SV,SO,ER,WH,ERA,WHIP,hr_pts,r_pts,rbi_pts,sb_pts,avg_pts,w_pts,sv_pts,so_pts,era_pts,whip_pts,hit_pts,pit_pts,total_pts,rank,sim_num
WESTSIDE MARAUDERS,23,267,11.062711446388116,7484,6660,1698,277,950,953,142,0.25495495495495496,1344,85,32,1333,571.5137633333334,1659.3896060000002,3.82710109375,1.2346648854166669,10,8,8,5,4,10,6,10,7,7,35,40,75,1,1
LOUISVILLE SLUGGERS,23,210,10.852979290416258,7823,7047,1828,270,989,970,169,0.259401163615723,1058,64,69,1064,469.7894788888889,1321.92059,3.99631881852552,1.2494523534971644,9,9,10,7,10,3,9,3,5,6,45,26,71,2,1
NATIONAL PASTIME,23,265,10.42394813158337,7517,6731,1720,244,917,896,136,0.25553409597385235,1209,77,84,1194,504.5398711111111,1469.2999100000002,3.755879933829611,1.2153018279569894,5,4,4,4,6,8,10,8,8,8,23,42,65,3,1
BIG RED MACHINE,23,212,9.865558904354456,7563,6760,1728,250,942,926,143,0.2556213017751479,1251,76,27,1192,548.0785488888889,1581.2376100000001,3.9430111430855317,1.2639789048760992,7,7,7,6,7,7,5,7,6,4,34,29,63,4,1
HOOSIERS,23,232,10.337413368546372,7937,7039,1774,258,1022,966,225,0.25202443528910357,1210,72,14,1078,538.1870766666667,1557.57027,4.003044371900827,1.2872481570247933,8,10,9,10,3,5,4,4,4,3,40,20,60,5,1
BLUE SOCKS,23,214,9.570511214450853,7431,6692,1684,228,891,876,206,0.25164375373580394,1064,72,48,1189,439.27614000000005,1285.0675299999998,3.7156816353383464,1.2077702349624058,2,2,2,9,2,5,8,6,10,9,17,38,55,6,1
FREE BIRDS,23,249,9.267187535902208,7410,6580,1691,236,893,903,97,0.2569908814589666,1286,78,27,1258,577.2912144444444,1615.4715800000001,4.040140692068429,1.256198740279938,3,3,5,1,8,9,5,9,3,5,20,31,51,7,1
MELONHEADS,19,270,10.37597690483392,6497,5796,1478,225,840,815,173,0.2550034506556246,1158,73,27,1175,478.28782555555557,1357.79811,3.717262892918826,1.1725372279792745,1,1,1,8,5,6,5,5,9,10,16,35,51,7,1
ERIE LAKERS,23,195,8.245577310942203,7475,6602,1709,246,935,920,108,0.25886095122690095,981,58,41,906,447.8635922222222,1264.1086800000003,4.108840295616718,1.2885919266055048,6,6,6,2,9,2,7,1,2,2,29,14,43,8,1
FREE AT LAST,22,221,8.263870000651602,7473,6559,1618,242,926,882,123,0.24668394572343344,1147,65,32,1043,525.3067022222223,1500.3797399999999,4.121848578901482,1.3080904446381865,4,5,3,3,1,4,6,2,1,1,16,14,30,9,1
WESTSIDE MARAUDERS,23,266,11.181346015588566,7778,6935,1776,266,981,955,143,0.2560922855082913,1343,85,32,1335,580.5628033333334,1653.992756,3.890592129560685,1.2315657155621742,9,8,9,5,6,10,5,10,6,7,37,38,75,1,2
LOUISVILLE SLUGGERS,23,209,10.70274687190247,7743,6961,1817,250,987,941,184,0.26102571469616437,1092,69,52,1078,467.6934033333334,1376.3227399999998,3.8546159615384616,1.2603688095238095,7,9,7,9,10,5,8,3,7,4,42,27,69,2,2
NATIONAL PASTIME,23,260,10.411362664434007,7422,6687,1738,231,916,883,158,0.25990728278749814,1271,80,52,1239,543.0325588888888,1560.3755899999999,3.8452344846577495,1.2276755232100707,4,5,3,6,8,9,8,9,8,8,26,42,68,3,2
HOOSIERS,23,229,10.30821680174539,7895,7024,1762,261,990,962,211,0.25085421412300685,1264,76,11,1140,555.0294466666667,1610.9558100000002,3.9519501740506326,1.2744903560126584,8,10,10,10,3,8,4,6,5,3,41,26,67,4,2
MELONHEADS,19,270,10.57822238354482,7155,6371,1632,244,918,899,168,0.2561607283001099,1087,71,0,1084,446.4805744444444,1296.4851600000002,3.6967112879484816,1.192718638454462,5,6,4,7,7,6,3,4,10,10,29,33,62,5,2
BIG RED MACHINE,23,204,9.815117927249524,7587,6710,1674,271,951,943,118,0.24947839046199702,1219,71,54,1135,537.8447688888889,1529.02871,3.97096219852338,1.2543303609515997,10,7,8,3,2,6,9,5,4,6,30,30,60,6,2
BLUE SOCKS,23,211,9.295461804888653,7393,6667,1695,225,890,875,183,0.2542372881355932,1067,69,48,1166,448.2707777777778,1287.09706,3.7811030927835056,1.2062765323336457,3,3,2,8,5,5,7,7,9,9,21,37,58,7,2
FREE BIRDS,23,251,9.284503346756633,7341,6523,1647,244,891,904,100,0.2524911850375594,1187,75,57,1201,525.0382488888889,1490.47901,3.9809134288121317,1.2556689216512216,5,4,5,2,4,7,10,8,3,5,20,33,53,8,2
ERIE LAKERS,23,199,8.224114784170245,7215,6403,1671,249,916,910,125,0.26097141964704046,976,55,41,919,438.71351444444446,1257.40619,4.045513965163935,1.2883260143442623,6,5,6,4,9,3,6,1,2,1,30,13,43,9,2
FREE AT LAST,22,232,8.092115250907487,7151,6250,1539,224,881,829,158,0.24624,1078,62,54,1032,496.30773444444446,1381.7879599999999,4.1435710667903525,1.281807012987013,2,2,1,6,1,4,9,2,1,2,12,18,30,10,2
WESTSIDE MARAUDERS,23,268,11.06135780409259,7484,6648,1699,265,959,935,161,0.2555655836341757,1336,84,32,1327,577.2029655555556,1639.617116,3.8883433308383233,1.2272583203592813,8,8,9,7,7,10,5,10,5,8,39,38,77,1,3
HOOSIERS,23,244,10.570559569012385,8042,7151,1796,276,1018,1007,211,0.25115368479932876,1075,67,38,1008,448.0319244444445,1341.01397,3.7509649488372094,1.2474548558139535,10,10,10,10,3,4,6,2,10,5,43,27,70,2,3
LOUISVILLE SLUGGERS,23,219,10.680279787818309,7554,6781,1764,253,960,920,172,0.26013862262203213,1021,67,64,1113,431.1176944444444,1257.2109300000002,3.8002539177277175,1.2313525269343784,6,9,7,8,8,4,9,4,8,7,38,32,70,2,3
MELONHEADS,22,270,10.857888407483614,7339,6499,1640,262,943,917,157,0.25234651484843823,1297,81,22,1307,543.7405077777778,1567.6595000000002,3.773064433307633,1.2086811873554357,7,7,6,6,4,9,2,9,9,10,30,39,69,3,3
NATIONAL PASTIME,23,269,10.429092566269098,7615,6846,1781,231,927,897,151,0.26015191352614664,1272,79,52,1242,541.8948855555556,1545.1117800000002,3.834161926100629,1.2147105188679246,2,4,3,5,9,8,7,8,7,9,23,39,62,4,3
BLUE SOCKS,23,196,9.521452862224109,7655,6945,1763,234,903,915,176,0.25385169186465084,1112,70,56,1117,480.0958844444445,1380.9751400000002,3.8856681294964033,1.2418841187050362,3,2,5,9,5,5,8,5,6,6,24,30,54,5,3
BIG RED MACHINE,23,202,9.790142318922193,7517,6664,1669,266,939,931,107,0.2504501800720288,1294,78,27,1198,565.0829055555555,1637.24005,3.930252047913446,1.2652550618238023,9,6,8,1,2,7,3,7,4,3,26,24,50,6,3
FREE BIRDS,23,252,9.151514674133455,7295,6473,1645,222,870,867,129,0.2541325505947783,1114,71,89,1140,487.56200333333345,1391.9943400000002,3.939010798922802,1.2495460861759426,1,1,1,3,6,6,10,6,3,4,12,29,41,7,3
ERIE LAKERS,23,194,8.069221016092625,7240,6451,1688,242,907,902,117,0.26166485816152535,1053,60,31,956,485.0404911111111,1379.52367,4.14564522317189,1.310088955365622,5,3,4,2,10,3,4,1,2,1,24,11,35,8,3
FREE AT LAST,22,226,8.251213909776485,7410,6504,1607,239,937,876,150,0.24707872078720788,1196,67,2,1088,565.2135177777778,1551.1901699999999,4.253278979933111,1.2969817474916387,4,5,2,4,1,4,1,3,1,2,16,11,27,9,3
WESTSIDE MARAUDERS,23,264,11.145248216910224,7652,6808,1739,259,967,942,160,0.2554347826086957,1271,78,59,1296,549.1890633333334,1549.288966,3.8888289299763965,1.2189527663257278,8,8,8,5,5,8,8,9,7,8,34,40,74,1,4
LOUISVILLE SLUGGERS,23,211,10.679397598113797,7575,6811,1778,252,969,922,172,0.26104830421377184,1141,71,36,1156,488.06467222222227,1413.3408000000002,3.8497651621384756,1.2386860648553901,6,9,6,6,9,4,6,6,8,6,36,30,66,2,4
NATIONAL PASTIME,23,253,10.496820089252465,7776,6995,1803,256,947,944,139,0.2577555396711937,1257,77,52,1186,561.41731,1546.97339,4.019694343675418,1.2306868655529037,7,6,9,4,8,7,7,7,4,7,34,32,66,2,4
HOOSIERS,23,221,10.260367442040188,7986,7091,1767,269,1009,983,200,0.24918911296009025,1268,75,17,1119,563.8195988888888,1627.31855,4.001874124605678,1.2833742507886434,10,10,10,10,2,6,4,4,5,3,42,22,64,3,4
MELONHEADS,22,270,10.728947971576,7072,6300,1580,251,901,889,175,0.2507936507936508,1376,88,0,1380,573.2100333333334,1656.2772,3.749193531976745,1.2036898255813953,5,2,2,7,4,10,2,10,9,9,20,40,60,4,4
BLUE SOCKS,23,227,9.756261568313898,7607,6870,1757,227,912,898,179,0.2557496360989811,990,64,89,1065,401.19254777777786,1186.87382,3.6472049797979804,1.1988624444444445,2,4,3,8,6,3,10,3,10,10,23,36,59,5,4
BIG RED MACHINE,23,209,9.809110564953572,7633,6786,1693,263,942,931,133,0.24948423224285293,1194,72,59,1125,517.878788888889,1502.62031,3.9036089614740375,1.2584759715242881,9,5,7,3,3,5,8,5,6,5,27,29,56,6,4
FREE BIRDS,23,244,9.111532075302437,7354,6499,1668,227,896,876,108,0.2566548699799969,1287,79,30,1276,575.226318888889,1631.90279,4.022561670551672,1.2679897358197358,2,1,1,1,7,9,5,8,3,4,12,29,41,7,4
ERIE LAKERS,23,197,8.050595982550067,7240,6451,1688,242,907,902,117,0.26166485816152535,886,53,69,848,401.38216444444447,1162.4495900000002,4.07724546275395,1.312019853273138,4,3,4,2,10,1,9,1,1,1,23,13,36,8,4
FREE AT LAST,22,239,8.235843658387925,7697,6767,1685,239,965,908,180,0.24900251219151767,998,61,2,945,448.98362888888886,1284.5585499999997,4.048950561122244,1.2871328156312623,3,7,5,9,1,2,3,2,2,2,25,11,36,8,4
LOUISVILLE SLUGGERS,23,217,10.758099791515596,8095,7292,1901,266,1013,984,179,0.26069665386725177,907,57,81,947,379.1999177777778,1118.93108,3.7627334729878723,1.2336616097023154,9,10,10,9,10,4,10,1,9,7,48,31,79,1,5
WESTSIDE MARAUDERS,23,270,11.146927923154085,7652,6849,1769,255,963,944,149,0.2582858811505329,1290,80,51,1300,550.49842,1570.593506,3.8406866511627906,1.2175143457364341,8,8,8,6,7,9,6,9,7,8,37,39,76,2,5
BLUE SOCKS,23,216,9.68589565504947,7369,6639,1678,240,891,895,165,0.2527489079680675,1160,71,56,1177,484.92124777777786,1391.61475,3.7623200258620697,1.1996678879310345,4,3,4,8,5,7,8,6,10,10,24,41,65,3,5
NATIONAL PASTIME,23,258,10.56474498614651,7681,6904,1795,249,952,939,164,0.2599942062572422,1213,76,52,1167,535.7823866666666,1514.61855,3.9753021269579554,1.2486550288540808,6,7,7,7,8,8,7,5,3,6,35,29,64,4,5
HOOSIERS,23,229,10.188542754828038,7934,7016,1765,253,1003,955,205,0.2515678449258837,1173,71,33,1092,516.2538277777777,1506.9805099999999,3.961026811594202,1.28472336743393,7,9,9,10,3,7,5,4,5,2,38,23,61,5,5
MELONHEADS,20,270,10.599450393789658,6560,5828,1494,227,854,824,165,0.25634866163349346,1367,88,0,1360,575.8897111111111,1652.63058,3.7915196781272855,1.2089470226773957,2,1,1,8,6,10,1,10,8,9,18,38,56,6,5
BIG RED MACHINE,23,197,9.732260712504248,7549,6704,1664,273,941,937,112,0.24821002386634844,1292,76,27,1203,564.3478344444444,1636.2361300000002,3.9312155650154796,1.2664366331269352,10,6,6,2,2,8,3,7,6,3,26,27,53,7,5
FREE BIRDS,23,249,9.098070889012757,7246,6412,1616,222,870,844,140,0.2520274485339988,1189,76,62,1221,523.9720155555557,1488.4914700000002,3.966146459209421,1.2518851724137932,1,2,2,4,4,8,9,8,4,5,13,34,47,8,5
ERIE LAKERS,23,190,8.1081992634527,7247,6452,1682,244,910,906,119,0.2606943583384997,1108,65,22,978,520.8884555555555,1468.39999,4.2310434115523465,1.3252707490974729,5,5,5,3,9,6,2,2,1,1,27,12,39,9,5
FREE AT LAST,22,237,8.164758833322132,7158,6280,1553,231,894,850,142,0.24729299363057325,1071,64,29,1051,473.2289633333334,1343.0401,3.976713977591037,1.254005695611578,3,4,3,5,1,5,4,3,2,4,16,18,34,10,5
HOOSIERS,23,240,10.366475584292903,8042,7126,1780,270,1018,994,220,0.24978950322761717,1056,66,40,1015,438.4859433333334,1320.06421,3.7370961079545464,1.2500608049242423,10,10,10,10,2,4,5,3,10,6,42,28,70,1,6
NATIONAL PASTIME,23,257,10.507785632308341,7731,6969,1779,261,943,948,147,0.25527335342229873,1209,74,52,1172,528.7572311111111,1480.40434,3.936158047973531,1.2244866335814724,8,6,8,6,7,8,7,8,4,8,35,35,70,1,6
WESTSIDE MARAUDERS,23,263,11.243488746226284,7771,6920,1759,269,982,961,139,0.2541907514450867,1382,86,32,1353,600.3599066666667,1694.214126,3.909724428364689,1.2259147076700434,9,9,9,4,4,9,4,9,6,7,35,35,70,1,6
LOUISVILLE SLUGGERS,23,208,10.682568176744699,7426,6653,1731,251,961,911,170,0.2601833759206373,1049,68,75,1127,442.31558000000007,1318.2096800000002,3.794890581506197,1.256634585319352,7,8,5,8,9,5,10,5,8,4,37,32,69,2,6
MELONHEADS,20,270,10.5596860060136,6987,6209,1592,246,895,880,154,0.25640199710098244,1136,73,27,1155,472.3482988888889,1340.3814499999999,3.7421960299295773,1.1799132482394366,5,3,3,7,8,7,3,7,9,10,26,36,62,3,6
BLUE SOCKS,23,210,9.679795474614513,7575,6834,1742,239,913,910,176,0.2549019607843137,1055,68,56,1138,454.6345822222223,1277.19846,3.878399279620854,1.2106146540284362,4,4,4,9,5,5,8,6,7,9,26,35,61,4,6
BIG RED MACHINE,23,210,9.862944014655758,7594,6759,1725,251,952,929,136,0.25521526853084775,1166,70,57,1085,513.30018,1494.70016,3.9620082504288163,1.2819040823327617,7,7,7,3,6,6,9,4,3,3,30,25,55,5,6
FREE BIRDS,23,251,9.286314250988907,7319,6474,1644,219,879,852,132,0.25393883225208524,1425,88,0,1387,621.5982733333334,1784.8642799999998,3.9258838315789477,1.2525363368421052,2,1,2,2,3,10,1,10,5,5,10,31,41,6,6
ERIE LAKERS,23,199,8.129510751815529,7406,6601,1721,247,925,919,122,0.2607180730192395,1053,60,23,948,494.94135777777774,1379.78833,4.230268015194682,1.310340294396961,6,5,6,1,10,2,2,1,1,1,28,7,35,7,6
FREE AT LAST,22,232,8.05483698853209,7165,6283,1555,230,886,844,144,0.24749323571542256,1115,64,51,1013,497.08104444444444,1433.3989900000001,4.012313363228699,1.2855596322869955,3,2,1,5,1,3,6,2,2,2,12,15,27,8,6
WESTSIDE MARAUDERS,23,264,11.142538676895963,7708,6892,1768,259,967,955,149,0.2565293093441672,1339,83,32,1352,573.4106477777777,1643.3827460000002,3.854141769977595,1.227320945481703,9,9,9,5,8,9,5,9,7,7,40,37,77,1,7
LOUISVILLE SLUGGERS,23,221,10.802452903594496,7169,6424,1647,249,912,882,169,0.2563823163138232,1159,75,68,1220,473.3836033333334,1405.7704800000001,3.675972761000863,1.2129167213114755,6,3,4,7,7,7,8,7,10,9,27,41,68,2,7
NATIONAL PASTIME,23,257,10.48619509919101,7801,7021,1823,250,959,945,157,0.25964962256088875,1138,71,74,1100,501.20937888888886,1432.47849,3.9638703075571176,1.2587684446397187,7,8,8,6,9,5,9,5,5,5,38,29,67,3,7
BLUE SOCKS,23,212,9.694979894938651,7627,6869,1738,246,918,918,178,0.2530208181685835,945,62,94,1006,395.34652555555556,1149.47539,3.7652050052910053,1.216376074074074,5,4,6,8,5,4,10,2,9,8,28,33,61,4,7
HOOSIERS,23,232,10.278345829089394,8068,7163,1808,257,1011,976,228,0.2524082088510401,1207,74,8,1092,536.8427644444445,1531.01683,4.002970074565037,1.268448077879039,8,10,10,10,3,6,2,4,4,3,41,19,60,5,7
MELONHEADS,21,270,10.679151150606627,6779,6039,1525,234,877,849,181,0.25252525252525254,1408,88,0,1369,593.14758,1690.94376,3.791426292613636,1.200954375,3,1,2,9,4,10,1,10,8,10,19,39,58,6,7
BIG RED MACHINE,23,205,9.746417485361462,7577,6731,1689,266,952,928,124,0.25092853959292827,1241,74,27,1180,542.3333077777779,1559.84581,3.9331182675261895,1.2569265189363417,10,7,7,3,2,6,3,6,6,6,29,27,56,7,7
FREE BIRDS,23,244,9.138482945234179,7403,6561,1677,229,889,884,98,0.25560128029263834,1292,80,30,1274,577.6845677777778,1627.6126800000002,4.024118506191951,1.2597621362229103,2,2,5,1,6,8,4,8,3,4,16,27,43,8,7
ERIE LAKERS,23,197,8.094534150082753,7406,6612,1728,246,922,918,119,0.2613430127041742,969,56,42,873,435.26825888888885,1272.14543,4.042739246646026,1.312843581011352,5,6,6,2,10,2,7,1,2,1,29,13,42,9,7
FREE AT LAST,22,231,8.181249629196323,7319,6404,1584,235,920,866,140,0.24734540911930045,1072,61,38,1030,496.3561455555556,1378.8650499999999,4.1671691324626865,1.2862547108208955,4,5,3,4,1,3,6,3,1,2,17,15,32,10,7
WESTSIDE MARAUDERS,23,260,10.898462009595091,7638,6784,1728,264,970,941,140,0.25471698113207547,1336,84,32,1327,577.2029655555556,1639.617116,3.8883433308383233,1.2272583203592813,9,9,7,5,6,9,5,9,7,7,36,37,73,1,8
LOUISVILLE SLUGGERS,23,211,10.792092109096211,7417,6670,1726,253,946,917,176,0.25877061469265367,1272,79,36,1243,535.6526744444444,1590.41174,3.789995338050314,1.2503236949685534,6,6,4,8,9,8,6,7,9,6,33,36,69,2,8
MELONHEADS,23,268,10.818059508785469,7430,6635,1674,258,940,925,174,0.25229841748304443,1375,87,0,1365,570.6151411111111,1667.34929,3.7349354690909093,1.2126176654545455,8,4,5,7,4,10,2,10,10,9,28,41,69,2,8
HOOSIERS,23,243,10.30462033427473,7923,7007,1763,256,1008,958,227,0.25160553731982305,1077,67,62,993,470.10464333333334,1354.87081,3.9284510584958214,1.2580044661095635,7,10,10,10,3,4,8,3,6,4,40,25,65,3,8
NATIONAL PASTIME,23,257,10.463335525281074,7765,6989,1799,252,944,943,148,0.25740449277435973,1163,71,79,1110,514.0805511111112,1424.3936200000003,3.9782673774720556,1.2247580567497853,5,5,8,6,7,6,9,4,3,8,31,30,61,4,8
BLUE SOCKS,23,220,9.773246713360411,7701,6941,1762,237,937,915,207,0.2538539115401239,1049,69,40,1138,450.08840444444445,1269.53638,3.8615783031458535,1.2102348713060058,3,3,3,9,5,5,7,5,8,10,23,35,58,5,8
BIG RED MACHINE,23,199,9.746828869544519,7531,6667,1675,267,947,932,118,0.25123743812809357,1306,78,27,1189,574.3323155555556,1659.63836,3.9578796630934154,1.270779754977029,10,7,6,2,2,7,4,6,4,3,27,24,51,6,8
FREE BIRDS,23,258,9.34463345937401,7498,6653,1717,225,911,885,119,0.2580790620772584,1244,78,27,1256,545.6567344444445,1560.15163,3.9476773392282967,1.2541411816720258,1,2,2,3,8,7,4,8,5,5,16,29,45,7,8
FREE AT LAST,22,225,8.223025173980162,7921,7023,1746,249,959,944,137,0.24861170439982913,960,54,18,925,438.90207777777783,1227.92276,4.114706979166667,1.2790862083333332,4,8,9,4,1,3,3,2,2,2,26,12,38,8,8
ERIE LAKERS,23,194,8.012947531697803,7097,6293,1642,230,894,870,115,0.2609248371206102,926,53,80,886,423.49870555555555,1218.35192,4.11607813174946,1.3157148164146868,2,1,1,1,10,2,10,1,1,1,15,15,30,9,8
WESTSIDE MARAUDERS,23,268,10.97870551581909,7274,6478,1661,267,931,926,135,0.2564062982401976,1292,81,51,1297,549.1973866666667,1566.8919859999999,3.8256783900928797,1.2127646950464395,9,6,7,4,8,10,8,10,9,9,34,46,80,1,9
LOUISVILLE SLUGGERS,23,216,10.690462574021248,7515,6783,1739,281,954,967,152,0.25637623470440807,1089,70,47,1136,465.59992,1349.41192,3.8479332231404957,1.2391294031221305,10,8,10,7,7,6,7,5,7,6,42,31,73,2,9
NATIONAL PASTIME,23,265,10.544758932342996,7713,6934,1787,243,928,916,136,0.2577156042688203,1304,80,52,1260,558.0615333333333,1587.39085,3.851651687116564,1.2173242714723926,5,5,5,5,9,9,9,9,6,8,29,41,70,3,9
MELONHEADS,21,270,10.645216794664224,7050,6275,1598,239,898,880,159,0.2546613545816733,1273,81,27,1251,532.9540544444444,1514.8701299999998,3.7679391123330714,1.1900001021209738,4,2,2,8,5,10,5,8,10,10,21,43,64,4,9
HOOSIERS,23,230,10.26271411571969,7857,6967,1749,252,994,942,218,0.25104062006602557,1125,67,52,1023,496.55147222222223,1453.9790600000001,3.9724117777777774,1.2924258311111112,7,10,9,10,2,5,9,3,4,2,38,23,61,5,9
BIG RED MACHINE,23,207,9.798567419305293,7503,6661,1692,257,947,925,136,0.25401591352649755,1268,75,27,1196,551.48827000000006,1617.3622200000002,3.91434891955836,1.2755222555205048,8,7,6,5,4,7,5,6,5,3,30,26,56,6,9
BLUE SOCKS,23,202,9.584895002841868,7431,6692,1684,228,891,876,206,0.25164375373580394,1037,67,88,1085,442.61995888888896,1270.8852900000002,3.84144612343298,1.225540298939248,3,1,1,9,3,5,10,4,8,7,17,34,51,7,9
FREE BIRDS,23,255,9.35568354955105,7463,6615,1691,228,913,895,133,0.2556311413454271,1262,79,30,1242,559.2908133333334,1591.6848499999999,3.9886032646592713,1.2612399762282092,3,4,3,3,6,8,6,7,3,5,19,29,48,8,9
FREE AT LAST,22,237,8.242316940129227,8026,7042,1753,249,991,929,137,0.2489349616586197,926,55,19,910,411.2257022222222,1174.0170899999998,3.996794082073434,1.2678370302375808,6,9,8,6,1,3,3,1,2,4,30,13,43,9,9
ERIE LAKERS,23,189,8.096244256941816,7240,6440,1681,243,910,903,120,0.2610248447204969,1070,62,20,993,496.8332866666667,1396.73063,4.178971570093458,1.3053557289719626,5,3,4,2,10,4,4,2,1,1,24,12,36,10,9
WESTSIDE MARAUDERS,23,270,11.272243913784372,7750,6918,1775,259,985,955,171,0.2565770453888407,1276,80,54,1281,552.8731022222222,1571.574736,3.8995751724137926,1.2316416426332288,7,8,8,7,5,10,8,10,5,8,35,41,76,1,10
LOUISVILLE SLUGGERS,23,209,10.831066714434186,7704,6904,1785,270,998,956,177,0.25854577056778677,1133,69,52,1070,487.5464655555556,1418.5078799999999,3.8728315887025597,1.2519928331862311,9,10,9,8,9,4,7,3,6,6,45,26,71,2,10
NATIONAL PASTIME,23,269,10.464747789527738,7577,6795,1754,239,924,906,140,0.25813097866078,1199,75,79,1187,505.4152144444445,1450.25718,3.7937755879899915,1.2095556130108425,3,6,6,4,8,7,10,7,9,9,27,42,69,3,10
HOOSIERS,23,238,10.43332779263194,7839,6961,1741,271,987,978,209,0.2501077431403534,1202,74,13,1136,537.5105611111111,1516.77124,4.024621505823627,1.261872911813644,10,9,10,10,3,6,2,5,3,4,42,20,62,4,10
BIG RED MACHINE,23,204,9.787259175287742,7573,6724,1668,268,936,928,121,0.2480666270077335,1220,73,59,1148,523.1592922222222,1541.80365,3.859371827868853,1.2637734836065575,8,7,7,2,2,5,9,6,8,3,26,31,57,5,10
BLUE SOCKS,23,199,9.432192647313109,7533,6806,1732,225,903,886,183,0.2544813399941228,1176,77,29,1206,504.4197177777778,1460.1500800000001,3.8603549829931976,1.2416242176870749,2,2,3,9,4,9,4,8,7,7,20,35,55,6,10
MELONHEADS,19,270,10.454869776936787,7064,6283,1619,246,906,892,151,0.25767945249084834,1070,69,0,1099,443.7362077777778,1254.25359,3.7323606261682247,1.17219961682243,6,3,4,6,7,4,1,4,10,10,26,29,55,6,10
FREE BIRDS,23,252,9.221014542517171,7361,6503,1669,221,893,870,125,0.25665077656466245,1205,76,49,1217,528.5353233333334,1519.1707099999999,3.947566730290457,1.260722580912863,1,1,1,3,6,8,6,9,4,5,12,32,44,7,10
ERIE LAKERS,23,201,8.112588846257594,7240,6440,1681,243,910,903,120,0.2610248447204969,953,57,39,932,426.2449166666667,1225.3023899999998,4.02539795383001,1.2857317838405036,5,4,5,1,10,2,5,1,2,2,25,12,37,8,10
FREE AT LAST,22,225,8.308268258917964,7375,6494,1604,241,912,874,143,0.24699722821065598,1150,63,27,1053,529.5330299999999,1486.1395300000001,4.144171539130434,1.292295243478261,4,5,2,5,1,3,3,2,1,1,17,10,27,9,10
WESTSIDE MARAUDERS,23,264,11.075303041147594,7771,6900,1750,263,983,946,162,0.2536231884057971,1266,81,46,1278,538.3801622222222,1543.974756,3.8273471248025275,1.219569317535545,8,8,8,8,5,9,6,9,8,8,37,40,77,1,11
LOUISVILLE SLUGGERS,23,210,10.724590994879085,7646,6883,1790,273,984,967,155,0.26006101990411157,1016,63,74,1044,443.51234,1281.21227,3.928751043307087,1.2610356988188975,10,9,9,7,10,2,9,3,5,5,45,24,69,2,11
NATIONAL PASTIME,23,270,10.49592793209771,7471,6692,1738,236,918,898,152,0.2597130902570233,1259,78,52,1254,535.8661755555556,1531.94804,3.8306557426528998,1.2167974900714853,5,6,5,6,9,7,8,7,7,9,31,38,69,2,11
BLUE SOCKS,23,208,9.652366882238114,7439,6700,1692,244,913,910,187,0.2525373134328358,1089,70,48,1133,458.70627444444455,1336.2888999999998,3.7909609458218556,1.2270788797061523,7,5,6,9,4,5,7,5,10,7,31,34,65,3,11
MELONHEADS,21,270,10.677107019933793,6903,6165,1584,240,884,871,152,0.2569343065693431,1354,86,0,1360,572.2339544444444,1626.4043100000001,3.8036230354505163,1.2011848670605614,6,2,2,6,7,10,2,10,9,10,23,41,64,4,11
HOOSIERS,23,236,10.376837678291524,7986,7083,1781,266,1014,983,220,0.2514471269236199,1271,76,0,1146,561.063358888889,1616.43182,3.9729112745869397,1.2717795594020456,9,10,10,10,3,6,2,6,4,3,42,21,63,5,11
BIG RED MACHINE,23,210,9.788483185600697,7591,6738,1667,273,934,937,112,0.24740279014544375,1119,68,86,1067,476.68351888888895,1396.3276799999999,3.8339157015192136,1.2478352815013403,10,7,7,2,1,4,10,4,6,6,27,30,57,6,11
FREE BIRDS,23,246,9.347436701136033,7550,6721,1721,223,897,888,131,0.2560630858503199,1309,79,27,1273,583.6514011111112,1663.25425,4.0128820550038204,1.270629679144385,3,3,4,4,6,8,3,8,3,4,20,26,46,7,11
ERIE LAKERS,23,196,8.1237373186071,7277,6458,1674,236,911,887,128,0.25921337875503253,955,58,39,950,427.91646777777777,1234.37316,4.032720638743455,1.2925373403141363,5,4,3,3,8,1,4,1,2,1,23,9,32,8,11
FREE AT LAST,22,230,8.259965963784873,7403,6506,1621,231,918,866,138,0.24915462649861667,1132,65,41,991,526.9691266666666,1461.3214799999998,4.1896838692579506,1.2909200353356889,4,6,1,5,2,3,5,2,1,2,18,13,31,9,11
WESTSIDE MARAUDERS,23,264,11.007272607026398,7344,6524,1666,275,941,940,136,0.2553648068669528,1375,85,32,1355,588.0348777777778,1683.0748460000002,3.848955563636364,1.2240544334545456,10,6,6,5,7,10,5,10,8,7,34,40,74,1,12
LOUISVILLE SLUGGERS,23,217,10.791150729445688,7728,6944,1809,262,998,951,187,0.2605126728110599,1052,65,60,1034,463.16385111111117,1321.5967299999998,3.962428384030419,1.256270655893536,8,10,9,9,10,2,8,3,5,5,46,23,69,2,12
NATIONAL PASTIME,23,268,10.44715511649012,7500,6699,1723,244,930,888,137,0.2572025675473951,1211,76,82,1188,508.45129555555553,1468.83313,3.7787462097440128,1.2129092733278282,5,5,3,6,8,7,10,7,9,9,27,42,69,2,12
BIG RED MACHINE,23,216,9.896716233680895,7881,7004,1766,267,972,970,129,0.25214163335237005,1101,67,55,1072,474.4501422222222,1390.9710700000003,3.8783390372388733,1.2633706357856496,9,8,10,4,3,4,7,4,6,4,34,25,59,3,12
BLUE SOCKS,23,207,9.557289549884986,7547,6812,1728,230,904,890,186,0.2536699941280094,1073,69,61,1148,461.18533111111117,1307.53832,3.8682832991612304,1.2185818452935695,3,4,4,8,5,5,9,6,7,8,24,35,59,3,12
MELONHEADS,20,270,10.61682888648603,6497,5796,1478,225,840,815,173,0.2550034506556246,1304,83,27,1309,545.5054144444445,1556.6349599999999,3.7649913573619633,1.1937384662576687,2,1,1,7,6,9,4,9,10,10,17,42,59,3,12
HOOSIERS,23,222,10.28490644522808,7867,6981,1759,254,992,948,221,0.2519696318579,1208,74,24,1133,540.8732,1551.2666900000002,4.029684437086092,1.2841611672185431,6,9,8,10,2,6,3,5,3,3,35,20,55,4,12
FREE BIRDS,23,251,9.312414356096445,7438,6594,1666,240,899,901,117,0.2526539278131635,1293,78,19,1295,569.9096088888889,1619.78792,3.9668882289249807,1.2527362103634958,4,3,5,3,4,8,2,8,4,6,19,28,47,5,12
ERIE LAKERS,23,193,8.240249664803011,7562,6693,1727,255,949,942,111,0.2580307784252204,1077,61,12,954,491.25567111111116,1390.68496,4.105200594243269,1.29125808727948,7,7,7,2,9,1,1,1,1,2,32,6,38,6,12
FREE AT LAST,22,232,8.192798902744375,7291,6465,1627,225,894,866,136,0.2516627996906419,1076,66,41,1008,482.1533877777778,1401.14804,4.032881496282529,1.3021821933085502,2,2,2,5,1,3,6,2,2,1,12,14,26,7,12
WESTSIDE MARAUDERS,23,270,11.117738972361838,7785,6966,1780,265,968,961,147,0.2555268446741315,1271,80,43,1307,543.55611,1547.7683260000001,3.848941770259638,1.2177563540519276,9,9,9,5,7,10,5,10,7,8,39,40,79,1,13
LOUISVILLE SLUGGERS,23,211,10.62894015970448,7445,6707,1770,248,958,907,158,0.26390338452363205,982,62,107,1057,419.0392200000001,1219.58157,3.8404816496945022,1.2419364256619145,5,8,5,7,10,3,10,3,8,7,35,31,66,2,13
NATIONAL PASTIME,23,253,10.40622868992901,7485,6711,1728,249,926,923,146,0.25748770675011173,1214,77,52,1199,529.33483,1512.69539,3.9242285584843493,1.2460423311367381,6,5,7,4,8,8,7,7,6,6,30,34,64,3,13
HOOSIERS,23,235,10.341477961933293,7914,7016,1767,261,1004,971,219,0.2518529076396807,1300,78,0,1165,579.9810577777778,1645.0466600000002,4.015253476923077,1.2654205076923077,8,10,10,10,3,9,2,5,3,3,41,22,63,4,13
MELONHEADS,20,270,10.624776265801993,7003,6210,1571,254,906,885,151,0.2529790660225443,1226,77,0,1217,505.78628222222227,1466.6538,3.7129498694942904,1.1962918433931484,7,3,4,6,5,8,2,8,9,10,25,37,62,5,13
BLUE SOCKS,23,218,9.689753245128037,7295,6578,1664,230,878,877,184,0.25296442687747034,1151,74,48,1223,473.50993000000005,1383.3261899999998,3.7025103127715036,1.2018472545612509,3,1,2,9,4,6,6,9,10,9,19,40,59,6,13
BIG RED MACHINE,23,201,9.775884098992496,7647,6795,1689,270,951,944,123,0.24856512141280354,1189,70,54,1110,523.5922222222223,1493.70229,3.9632716568545003,1.2562676955424725,10,7,8,2,1,5,8,4,5,5,28,27,55,7,13
FREE BIRDS,23,253,9.368059735852338,7522,6656,1695,228,903,873,127,0.2546574519230769,1209,76,57,1196,534.902148888889,1521.80033,3.981901852770886,1.2587264929693962,2,2,1,3,6,7,9,6,4,4,14,30,44,8,13
ERIE LAKERS,23,197,8.136001699652759,7340,6537,1699,248,919,917,118,0.2599051552700015,1041,60,20,961,473.5903522222223,1340.9479500000002,4.094441085494717,1.288134438040346,5,4,6,1,9,2,3,2,1,2,25,10,35,9,13
FREE AT LAST,22,232,8.247545175433217,7501,6597,1649,231,934,882,161,0.2499621039866606,1063,63,32,958,480.53024444444446,1391.7015199999998,4.0684592662276575,1.3092206208842896,4,6,3,8,2,4,4,1,2,1,23,12,35,9,13
WESTSIDE MARAUDERS,23,265,11.208098941530555,7596,6765,1740,252,965,929,170,0.2572062084257206,1383,87,32,1345,584.3289333333333,1715.781696,3.802574403470716,1.2406230629067245,8,9,8,7,8,10,4,10,8,7,40,39,79,1,14
HOOSIERS,23,229,10.395602541461463,7874,6996,1738,274,995,982,215,0.24842767295597484,1145,69,40,1059,494.64446666666674,1436.9932399999998,3.888035109170306,1.2550159301310042,10,10,10,10,1,5,7,3,6,5,41,26,67,2,14
NATIONAL PASTIME,23,264,10.327504285472388,7328,6565,1659,248,894,897,144,0.2527037319116527,1183,75,84,1208,489.3468866666667,1426.03508,3.7228419103972947,1.2054396280642434,7,2,5,5,4,8,10,8,9,9,23,44,67,2,14
LOUISVILLE SLUGGERS,23,211,10.612832650283545,7480,6785,1799,245,956,914,152,0.2651436993367723,1036,66,69,1083,439.37537555555554,1285.37461,3.816967548262548,1.240709083011583,6,7,6,6,10,4,9,4,7,6,35,30,65,3,14
BLUE SOCKS,23,205,9.689969706248247,7642,6872,1741,248,926,922,179,0.25334691501746215,1140,73,29,1180,499.5010322222223,1406.78151,3.9434292017543866,1.2340188684210527,7,5,7,8,5,7,3,7,4,8,32,29,61,4,14
BIG RED MACHINE,23,212,9.847880862328353,7783,6912,1741,268,962,960,125,0.25188078703703703,1197,73,38,1108,518.1501588888889,1513.21192,3.895865856307435,1.2641703592314117,9,8,9,3,3,7,6,6,5,3,32,27,59,5,14
MELONHEADS,19,270,10.383783790384559,6957,6223,1584,230,879,849,184,0.2545396111200386,1092,70,0,1104,448.6273522222222,1279.08387,3.6974781776556775,1.1713222252747253,3,1,1,9,6,6,1,5,10,10,20,32,52,6,14
FREE BIRDS,23,252,9.319575510094346,7480,6637,1699,227,908,894,129,0.25598915172517706,1286,78,27,1258,577.2912144444444,1615.4715800000001,4.040140692068429,1.256198740279938,2,3,4,4,7,9,2,9,3,4,20,27,47,7,14
ERIE LAKERS,23,199,8.151743096863726,7184,6373,1653,240,911,893,121,0.2593754903499137,1062,62,35,987,492.42432111111117,1375.38337,4.173087467043315,1.2950879190207156,4,4,3,2,9,3,5,1,2,2,22,13,35,8,14
FREE AT LAST,22,222,8.270647015287844,7592,6656,1655,241,942,889,119,0.24864783653846154,1060,60,47,997,495.28409,1389.8141099999998,4.205242273584906,1.3111453867924527,5,6,2,1,2,2,8,2,1,1,16,14,30,9,14
WESTSIDE MARAUDERS,23,264,11.108165270429454,7575,6784,1743,255,949,934,140,0.2569280660377358,1368,85,32,1350,590.6449466666667,1663.5425360000002,3.8858220175438594,1.216039865497076,8,7,7,5,8,9,4,9,4,9,35,35,70,1,15
LOUISVILLE SLUGGERS,23,221,10.565128888734849,7882,7108,1899,246,1010,942,174,0.26716375914462576,1075,66,38,1072,463.32288444444447,1348.70059,3.878982288372093,1.2546051999999999,6,10,9,7,10,3,5,4,6,5,42,23,65,2,15
HOOSIERS,23,227,10.2503031495686,7755,6888,1719,252,980,940,228,0.2495644599303136,1290,80,0,1191,550.8505588888889,1622.0975700000001,3.8431434341085278,1.2574399767441862,7,9,8,10,2,8,2,7,7,4,36,28,64,3,15
NATIONAL PASTIME,23,253,10.403462716197357,7472,6680,1678,267,920,929,136,0.25119760479041914,1057,69,111,1065,448.3872811111112,1296.9560099999999,3.8178671050141917,1.2270160927152316,10,5,6,4,3,4,10,3,8,7,28,32,60,4,15
MELONHEADS,20,270,10.588935219970681,6490,5777,1468,225,846,816,178,0.25411113034446947,1399,87,0,1373,593.2894155555555,1669.43772,3.816729621157969,1.1933078770550392,2,1,1,8,6,10,2,10,9,10,18,41,59,5,15
BLUE SOCKS,23,215,9.735421839252002,7456,6710,1689,238,896,893,188,0.2517138599105812,1155,74,48,1186,476.57673444444447,1416.7799699999998,3.7135849437229442,1.2266493246753245,4,2,2,9,4,6,7,6,10,8,21,37,58,6,15
BIG RED MACHINE,23,207,9.735612530799571,7447,6617,1671,260,934,926,127,0.2525313586217319,1197,70,54,1144,516.672128888889,1515.1364500000002,3.8847528487886396,1.2657781537176276,9,6,5,3,5,5,8,5,5,3,28,26,54,7,15
FREE BIRDS,23,260,9.319982516709302,7501,6650,1706,228,917,896,118,0.2565413533834586,1171,75,41,1207,514.6700377777779,1458.68414,3.9556194192997447,1.24567390264731,3,4,3,2,7,7,6,8,3,6,19,30,49,8,15
FREE AT LAST,22,222,8.282052600778195,8047,7081,1740,260,977,949,141,0.2457280045191357,1020,57,17,942,482.1627966666666,1325.51844,4.254377617647059,1.2995278823529413,9,8,10,6,1,2,3,2,2,2,34,11,45,9,15
ERIE LAKERS,23,191,8.135467281711165,7279,6460,1682,240,909,900,114,0.26037151702786376,976,57,60,902,463.5574288888889,1295.3901999999998,4.2746074385245905,1.327244057377049,5,3,4,1,9,2,9,1,1,1,22,14,36,10,15
WESTSIDE MARAUDERS,23,269,11.187266438439483,7806,6963,1766,269,979,963,161,0.25362631049834844,1349,85,32,1315,583.2316755555555,1652.7808559999999,3.891093461823573,1.2251896634544106,9,9,9,7,4,9,7,10,7,8,38,41,79,1,16
MELONHEADS,21,270,10.804762435548739,7134,6374,1646,240,907,897,154,0.25823658613115785,1359,86,0,1313,571.131841111111,1653.0959400000002,3.782330073583517,1.2164061368653423,6,4,4,6,9,10,4,9,9,9,29,41,70,2,16
LOUISVILLE SLUGGERS,23,215,10.693547570393953,7483,6733,1757,253,978,924,191,0.2609535125501262,1067,66,69,1100,462.47059111111116,1337.06152,3.900876588566074,1.253103580131209,7,8,6,9,10,3,8,5,6,6,40,28,68,3,16
NATIONAL PASTIME,23,263,10.43722998741305,7654,6861,1767,256,949,926,146,0.2575426322693485,1064,70,93,1072,454.30534,1309.57868,3.842808327067669,1.230807030075188,8,7,7,5,7,6,10,3,8,7,34,34,68,3,16
BLUE SOCKS,23,219,9.678370758826343,7424,6709,1703,224,890,878,181,0.25383812788791177,1092,68,75,1155,450.6052811111112,1307.9106,3.71377978937729,1.1977203296703296,5,3,3,8,5,5,9,6,10,10,24,40,64,4,16
HOOSIERS,23,230,10.282399049082555,8054,7153,1808,256,1010,969,220,0.25276107926744024,1120,68,32,1060,496.76223333333337,1426.46482,3.991839375,1.2736293035714286,8,10,10,10,3,5,7,2,4,2,41,20,61,5,16
BIG RED MACHINE,23,202,9.689777818263977,7612,6780,1689,272,943,945,112,0.2491150442477876,1232,74,27,1187,536.7887511111112,1554.9508600000001,3.9213463961038966,1.2621354383116885,10,6,8,1,2,7,6,7,5,4,27,29,56,6,16
FREE BIRDS,23,242,9.018188686584857,7256,6402,1630,223,882,863,124,0.25460793502030615,1308,79,27,1263,582.182358888889,1640.30186,4.005841918960246,1.2540534097859328,4,2,2,2,6,8,6,8,3,5,16,30,46,7,16
ERIE LAKERS,23,196,8.27722979910838,7284,6453,1665,256,929,923,127,0.2580195258019526,1052,61,26,935,472.7043777777778,1381.68078,4.044048859315589,1.3133847718631178,8,5,5,3,8,2,5,1,2,1,29,11,40,8,16
FREE AT LAST,22,229,8.021842412483084,7141,6251,1554,220,876,832,137,0.24860022396416573,1127,67,32,1096,514.80033,1427.71075,4.111094028393967,1.2668240905057675,3,1,1,4,1,4,7,4,1,3,10,19,29,9,16
LOUISVILLE SLUGGERS,23,222,10.778877218480996,7868,7079,1871,253,1013,950,189,0.2643028676366718,993,61,72,987,434.50545444444447,1247.5147,3.9381159013091644,1.2563088620342395,9,10,10,9,10,4,8,3,5,6,48,26,74,1,17
WESTSIDE MARAUDERS,23,261,11.037515958187967,7593,6798,1751,253,945,937,134,0.25757575757575757,1355,85,32,1372,588.9643966666666,1665.719476,3.91194064206642,1.2293132664206643,9,7,9,4,7,9,5,10,6,7,36,37,73,2,17
NATIONAL PASTIME,23,270,10.506823729379537,7451,6664,1719,238,923,883,147,0.257953181272509,1209,77,84,1194,504.5398711111111,1469.2999100000002,3.755879933829611,1.2153018279569894,3,5,2,5,8,7,10,6,10,8,23,41,64,3,17
HOOSIERS,23,232,10.246819985038114,7767,6889,1744,244,983,932,236,0.2531572071418203,1266,78,0,1201,549.5447844444445,1607.5569199999998,3.9067164770932075,1.2697921958925749,6,9,6,10,4,8,2,7,7,4,35,28,63,4,17
BLUE SOCKS,23,208,9.650265268226192,7494,6759,1713,240,915,912,182,0.2534398579671549,990,63,83,1059,424.70519888888896,1201.6099000000002,3.860956353535354,1.2137473737373738,4,3,4,8,5,5,9,4,8,9,24,35,59,5,17
MELONHEADS,21,270,10.679151150606627,6779,6039,1525,234,877,849,181,0.25252525252525254,1408,88,0,1369,593.14758,1690.94376,3.791426292613636,1.200954375,2,1,1,7,3,10,2,9,9,10,14,40,54,6,17
BIG RED MACHINE,23,196,9.71834462944745,7496,6623,1647,274,939,936,112,0.24867884644420957,1306,78,27,1189,574.3323155555556,1659.63836,3.9578796630934154,1.270779754977029,10,6,8,2,2,8,4,5,3,3,28,23,51,7,17
FREE BIRDS,23,253,9.335360540655865,7477,6640,1683,242,901,903,100,0.25346385542168676,1205,76,49,1217,528.5353233333334,1519.1707099999999,3.947566730290457,1.260722580912863,5,2,3,1,6,6,6,8,4,5,17,29,46,8,17
ERIE LAKERS,23,198,8.152978735799993,7340,6537,1699,248,919,917,118,0.2599051552700015,884,52,64,846,394.08217888888885,1141.73876,4.012148880090497,1.2915596832579186,7,4,5,3,9,2,7,1,2,1,28,13,41,9,17
FREE AT LAST,22,224,8.12664190362886,7935,6989,1718,250,955,934,157,0.24581485191014452,1052,60,2,962,488.0070233333334,1358.41147,4.174965028517111,1.291265655893536,8,8,7,6,1,3,3,2,1,2,30,11,41,9,17
WESTSIDE MARAUDERS,22,270,11.063804883780339,7344,6547,1694,248,939,911,153,0.25874446311287613,1336,83,32,1317,572.8548055555556,1624.2764359999999,3.8590518338323356,1.2157757754491016,6,7,7,7,8,10,5,10,7,8,35,40,75,1,18
LOUISVILLE SLUGGERS,23,216,10.764318444455077,7823,7032,1841,261,1006,965,169,0.26180318543799774,1101,67,47,1115,488.56217333333336,1377.06474,3.993696239782017,1.25074,9,10,9,8,10,4,7,5,4,5,46,25,71,2,18
NATIONAL PASTIME,23,264,10.504911493775978,7601,6812,1748,249,936,906,133,0.2566059894304169,1272,79,52,1242,541.8948855555556,1545.1117800000002,3.834161926100629,1.2147105188679246,7,6,6,3,7,8,8,8,8,9,29,41,70,3,18
HOOSIERS,23,230,10.314579474116716,7930,7043,1760,265,1001,974,196,0.2498935112878035,1133,71,30,1066,488.09138,1411.1995900000002,3.877160123565755,1.2455424448367167,10,9,10,10,2,6,4,3,6,6,41,25,66,4,18
BIG RED MACHINE,23,212,9.784947950967206,7587,6733,1710,256,953,932,139,0.25397296895885935,1161,70,54,1097,505.7078233333334,1470.3972400000002,3.920215684754522,1.2664920241171407,8,8,8,5,6,5,9,4,5,4,35,27,62,5,18
BLUE SOCKS,23,205,9.488183897290451,7410,6708,1697,227,882,878,184,0.2529815146094216,1064,67,80,1119,445.07018000000005,1301.0155599999998,3.764691372180452,1.2227589849624059,2,2,3,9,4,4,10,6,9,7,20,36,56,6,18
MELONHEADS,19,270,10.325542634853697,6345,5651,1434,231,821,809,153,0.25376039639001946,1158,73,27,1175,478.28782555555557,1357.79811,3.717262892918826,1.1725372279792745,3,1,1,7,5,7,3,7,10,10,17,37,54,7,18
FREE BIRDS,23,247,9.377149794203916,7386,6563,1653,239,890,900,137,0.2518665244552796,1300,82,30,1256,577.7688244444445,1656.4768400000003,3.9999380153846156,1.274212953846154,4,3,5,4,3,9,4,9,3,3,19,28,47,8,18
FREE AT LAST,22,227,8.251910389274101,7466,6541,1610,240,912,870,145,0.2461397339856291,1037,63,35,1028,466.1873055555556,1344.59415,4.045984329797493,1.296619238187078,5,5,2,6,1,2,6,2,2,2,19,14,33,9,18
ERIE LAKERS,23,186,8.097727225071031,7279,6471,1689,239,906,899,111,0.2610106629578118,1146,65,14,1017,535.70901,1524.3091799999997,4.207138821989529,1.3301127225130889,4,4,4,2,9,3,2,1,1,1,23,8,31,10,18
LOUISVILLE SLUGGERS,23,209,10.819910721640175,7634,6900,1802,258,983,951,179,0.26115942028985506,1086,66,53,1082,464.5635555555556,1349.3421,3.849974217311234,1.2424881215469614,8,9,9,8,10,4,8,3,6,6,44,27,71,1,19
WESTSIDE MARAUDERS,22,270,11.004410484870206,7260,6474,1653,258,921,903,146,0.25532900834105654,1283,82,43,1327,540.1851277777778,1555.671836,3.789295518316446,1.2125267622759157,8,4,4,6,6,10,6,10,8,9,28,43,71,1,19
NATIONAL PASTIME,23,257,10.504536720736015,7660,6875,1774,256,943,943,146,0.2580363636363636,1215,75,52,1202,536.8260288888889,1500.38508,3.9764891028806586,1.234884839506173,7,8,8,6,8,7,7,6,4,7,37,31,68,2,19
BIG RED MACHINE,23,219,9.857114758762073,7500,6660,1675,259,936,916,127,0.2515015015015015,1103,69,78,1108,462.0487233333334,1380.79698,3.770116509519493,1.2518558295557571,9,7,7,5,3,5,10,5,9,5,31,34,65,3,19
HOOSIERS,23,233,10.375475149210608,7888,6994,1746,262,1003,959,232,0.2496425507577924,1166,72,24,1086,502.0936555555556,1480.36883,3.8755084905660384,1.2696130617495711,10,10,10,10,2,6,3,4,5,3,42,21,63,4,19
BLUE SOCKS,23,210,9.611997885639557,7264,6542,1647,231,879,875,185,0.25175787221033324,1235,79,29,1254,514.2891544444445,1499.65864,3.7478561862348188,1.2142984939271255,4,2,2,9,4,9,5,9,10,8,21,41,62,5,19
MELONHEADS,19,270,10.402763936600001,6530,5821,1481,227,842,817,166,0.2544236385500773,1238,79,0,1232,524.4600311111111,1460.3333699999998,3.812714281098546,1.1795907673667203,3,1,1,7,5,9,2,7,7,10,17,35,52,6,19
FREE BIRDS,23,251,9.329846474481545,7718,6846,1760,231,927,910,105,0.25708442886356997,1247,77,27,1240,557.4941111111112,1575.2502100000002,4.023614274258221,1.263231924619086,4,5,6,2,7,8,4,8,3,4,24,27,51,7,19
ERIE LAKERS,23,196,8.079758128657346,7387,6529,1685,245,933,909,121,0.25807933833665186,980,56,55,867,453.37929888888885,1268.61673,4.16368743877551,1.2945068673469386,6,6,5,3,9,2,9,1,2,2,29,16,45,8,19
FREE AT LAST,22,215,8.163503040494106,7459,6585,1641,233,901,879,126,0.24920273348519362,1093,62,52,995,508.48271111111114,1452.80025,4.18695736505032,1.3291859560841721,5,3,3,4,1,3,7,2,1,1,16,14,30,9,19
WESTSIDE MARAUDERS,23,270,11.25264530190129,7848,6994,1771,272,985,965,147,0.2532170431798685,1197,74,81,1224,509.40081222222227,1460.2972060000002,3.830081294903927,1.2199642489557228,10,8,9,4,4,7,9,8,8,8,35,40,75,1,20
LOUISVILLE SLUGGERS,23,219,10.698727887958805,7910,7103,1864,252,1005,941,183,0.2624243277488385,1042,65,66,1046,451.9091411111111,1306.35994,3.9032459404990405,1.2537043570057582,8,10,8,8,10,4,8,3,6,5,44,26,70,2,20
HOOSIERS,23,219,10.23867250347687,7881,7018,1775,259,992,971,207,0.2529210601310915,1287,75,0,1178,563.9435388888888,1650.0175400000003,3.9436611111111106,1.282064910644911,9,9,10,10,3,8,3,7,4,3,41,25,66,3,20
NATIONAL PASTIME,23,257,10.511660771617153,7643,6898,1785,251,942,933,158,0.258770658161786,1201,75,52,1171,530.5323222222222,1487.6676400000001,3.9756793505412156,1.2386907910074938,7,7,7,6,8,8,6,6,3,7,35,30,65,4,20
BLUE SOCKS,23,213,9.58624124226697,7522,6788,1742,225,910,895,184,0.2566293459045374,1059,70,56,1126,450.0927522222223,1289.61564,3.825150868744099,1.2177673654390935,3,3,4,9,7,6,7,5,9,9,26,36,62,5,20
MELONHEADS,20,270,10.55485968688862,6497,5796,1478,225,840,815,173,0.2550034506556246,1387,87,0,1362,580.6855755555555,1662.4246,3.7679669646719534,1.1985757750540735,3,1,1,7,6,9,3,9,10,10,18,41,59,6,20
BIG RED MACHINE,23,205,9.777560151116655,7504,6634,1638,272,939,930,116,0.24690985830569792,1122,69,89,1073,484.8615577777778,1413.0850300000002,3.889263832442068,1.2594340730837792,10,6,6,3,1,5,10,4,7,4,26,30,56,7,20
FREE BIRDS,23,247,9.216726894522601,7235,6395,1620,228,871,861,112,0.253322908522283,1425,88,0,1387,621.5982733333334,1784.8642799999998,3.9258838315789477,1.2525363368421052,4,2,2,2,5,10,3,10,5,6,15,34,49,8,20
ERIE LAKERS,23,201,8.140550671435886,7345,6524,1700,247,924,919,110,0.26057633353770693,993,60,31,930,455.0768366666667,1278.65524,4.124563474320242,1.2876689224572004,6,5,5,1,9,2,4,1,1,1,26,9,35,9,20
FREE AT LAST,22,232,8.230232093633527,7361,6481,1610,235,915,876,149,0.24841845394229287,1057,61,38,999,476.88197,1358.54955,4.060489810785242,1.2852881267738883,5,4,3,5,2,3,5,2,2,2,19,14,33,10,20
WESTSIDE MARAUDERS,23,270,10.98289527898095,7484,6677,1717,259,948,936,137,0.2571514153062753,1261,79,59,1286,535.5303944444445,1524.4351359999998,3.8221836241078506,1.208909703409992,9,8,9,4,8,10,9,10,8,9,38,46,84,1,21
LOUISVILLE SLUGGERS,23,208,10.723892692260142,7588,6804,1768,251,980,919,176,0.25984714873603765,1060,67,83,1058,456.7842911111111,1331.30609,3.878357188679245,1.255949141509434,6,9,6,8,10,4,10,3,7,5,39,29,68,2,21
NATIONAL PASTIME,23,250,10.49991100880373,7622,6869,1764,255,935,935,150,0.2568059397292182,1246,77,52,1189,557.8568333333334,1535.7833799999999,4.029463483146068,1.232570930979133,7,5,8,5,7,8,8,6,3,7,32,32,64,3,21
HOOSIERS,23,230,10.316256806023988,8035,7140,1801,257,1009,968,223,0.2522408963585434,1162,69,33,1066,513.6216911111112,1503.97048,3.978137022375216,1.2942947332185886,8,10,10,10,3,5,5,4,5,1,41,20,61,4,21
MELONHEADS,19,270,10.57822238354482,7155,6371,1632,244,918,899,168,0.2561607283001099,1087,71,0,1084,446.4805744444444,1296.4851600000002,3.6967112879484816,1.192718638454462,4,4,4,6,6,6,2,5,10,10,24,33,57,5,21
BIG RED MACHINE,23,208,9.665818718361987,7542,6685,1665,267,940,923,117,0.24906507105459985,1236,76,27,1231,532.6584177777778,1547.5754200000001,3.8785807119741103,1.2520836731391587,10,6,7,2,2,7,3,7,6,6,27,29,56,6,21
BLUE SOCKS,23,218,9.662665666670625,7425,6711,1700,229,890,882,185,0.2533154522425868,1211,77,29,1251,508.18590444444453,1465.04461,3.776773856317094,1.2097808505367464,1,2,1,9,4,8,4,8,9,8,17,37,54,7,21
FREE BIRDS,23,237,9.013798709670553,7361,6538,1667,230,884,889,99,0.2549709391251147,1287,78,27,1278,573.7875011111112,1631.9329300000002,4.012500007770008,1.2680131546231548,2,1,3,1,5,9,3,9,4,4,12,29,41,8,21
ERIE LAKERS,23,209,8.260075771412469,7184,6367,1654,250,917,908,126,0.2597769750274855,978,59,43,900,439.8405977777778,1256.29943,4.047612862985686,1.2845597443762782,5,3,5,3,9,3,6,2,2,2,25,15,40,9,21
FREE AT LAST,22,230,8.170734666604433,7676,6730,1671,232,945,884,174,0.24829123328380387,954,54,48,886,429.60897222222223,1221.16565,4.052914832285116,1.2800478511530398,3,7,2,7,1,2,7,1,1,3,20,14,34,10,21
LOUISVILLE SLUGGERS,23,230,10.710995204909365,7413,6675,1757,245,949,906,173,0.26322097378277154,1093,70,61,1159,450.70354222222227,1337.9962699999999,3.711191107044831,1.2241502927721866,6,9,5,7,10,5,9,7,9,8,37,38,75,1,22
NATIONAL PASTIME,23,249,10.51468345713097,7675,6901,1767,262,945,945,140,0.25604984784813795,1236,77,52,1182,536.8051044444444,1556.1691,3.9087750323624593,1.259036488673139,9,8,9,6,7,9,7,9,5,4,39,34,73,2,22
WESTSIDE MARAUDERS,21,270,10.963805357889461,7463,6663,1717,253,944,917,135,0.2576917304517485,1149,74,43,1179,486.60866999999996,1380.775916,3.8115561618798948,1.201719683202785,8,7,7,5,8,7,5,8,8,9,35,37,72,3,22
HOOSIERS,23,238,10.365508203548202,7860,6974,1736,264,987,964,223,0.24892457700028678,1215,75,14,1087,515.4734866666666,1498.2939000000001,3.81832212345679,1.2331637037037038,10,10,10,10,2,8,2,3,7,7,42,27,69,4,22
BLUE SOCKS,23,206,9.711758198911173,7617,6862,1738,246,929,924,187,0.2532789274264063,1061,67,56,1114,467.18915777777784,1308.96346,3.9629617530631487,1.2337073138548538,7,5,8,9,5,4,8,4,4,6,34,26,60,5,22
BIG RED MACHINE,23,211,9.740183201977331,7412,6586,1666,253,930,913,127,0.25296082599453384,1207,71,46,1152,518.1233211111112,1514.93495,3.8633884755592383,1.255124233637117,8,6,6,4,4,6,6,6,6,5,28,29,57,6,22
MELONHEADS,20,270,10.635424658666434,6959,6170,1560,246,901,869,174,0.25283630470016205,1149,75,27,1149,469.7619188888889,1371.13254,3.6795972758920805,1.1933268407310706,7,2,1,8,3,8,3,5,10,10,21,36,57,6,22
FREE BIRDS,23,249,9.32774052862662,7522,6657,1695,234,909,894,114,0.25461919783686343,1281,80,30,1277,574.1240911111112,1616.4226700000002,4.033658719750195,1.2618443950039033,4,4,3,3,6,10,4,10,3,3,20,30,50,7,22
ERIE LAKERS,23,189,8.145946910250379,7279,6460,1682,240,909,900,114,0.26037151702786376,1160,64,2,1070,542.8586177777778,1516.75735,4.211834103448276,1.3075494396551726,5,4,4,3,9,3,1,2,1,1,25,8,33,8,22
FREE AT LAST,22,222,8.093398226646535,7410,6518,1610,233,902,875,135,0.24700828474992328,1033,60,70,960,477.32592111111114,1342.48483,4.158696311713456,1.2995980929332043,3,3,2,5,1,2,10,1,2,2,14,17,31,9,22
WESTSIDE MARAUDERS,23,270,11.204281962456482,7785,6913,1767,262,989,949,162,0.2556053811659193,1266,81,46,1278,538.3801622222222,1543.974756,3.8273471248025275,1.219569317535545,9,9,8,7,6,9,7,9,8,8,39,41,80,1,23
LOUISVILLE SLUGGERS,23,208,10.715326834771357,7414,6678,1731,262,957,931,168,0.2592093441150045,1106,67,63,1107,479.4711633333334,1386.56142,3.901664077757686,1.2536721699819169,9,7,7,8,9,4,9,4,6,6,40,29,69,2,23
HOOSIERS,23,231,10.201330992293405,7877,6977,1747,259,1001,956,215,0.2503941522144188,1227,77,10,1160,544.7557,1563.09999,3.9957630806845965,1.2739201222493888,8,10,9,10,3,8,3,7,4,3,40,25,65,3,23
BLUE SOCKS,23,197,9.512115781109417,7655,6945,1763,234,903,915,176,0.25385169186465084,1136,73,40,1157,484.52901222222226,1416.82816,3.8386981602112678,1.2472078873239436,5,3,6,9,4,7,6,6,7,7,27,33,60,4,23
BIG RED MACHINE,23,208,9.895608476223583,7727,6846,1706,276,958,958,114,0.24919661115980135,1176,72,57,1106,511.64573333333334,1487.4332900000002,3.9156561224489796,1.2648242261904763,10,8,10,2,2,6,8,3,5,4,32,26,58,5,23
NATIONAL PASTIME,23,270,10.421972644261638,7318,6570,1697,232,894,873,139,0.25829528158295284,1112,71,111,1118,458.2659588888889,1341.48146,3.7089870773381297,1.2063682194244605,4,2,2,4,7,5,10,5,9,9,19,38,57,6,23
MELONHEADS,19,270,10.291720436468571,6406,5720,1457,228,824,811,161,0.2547202797202797,1184,77,0,1249,483.2717966666667,1383.16569,3.6735187246621623,1.1682142652027028,3,1,1,6,5,8,2,8,10,10,16,38,54,7,23
FREE BIRDS,23,250,9.320070860132535,7456,6622,1712,222,905,883,133,0.2585321655089097,1354,84,0,1332,610.0481900000001,1711.9549499999998,4.054973197932054,1.2643685007385523,2,4,4,3,8,10,2,10,3,5,21,30,51,8,23
ERIE LAKERS,23,196,8.152960660590155,7387,6547,1710,246,929,914,109,0.26118833053306856,1021,57,36,932,466.7025988888889,1327.7578899999999,4.113930842311459,1.30044847208619,7,6,5,1,10,2,4,1,2,1,29,10,39,9,23
FREE AT LAST,22,227,8.27201902188302,7368,6471,1603,235,917,877,152,0.24772059959820739,1126,61,38,993,523.0638977777778,1449.98602,4.180794920071048,1.287731811722913,6,5,3,5,1,3,5,2,1,2,20,13,33,10,23
LOUISVILLE SLUGGERS,23,220,10.719351431585244,7966,7165,1887,253,1022,963,181,0.2633635729239358,977,64,60,996,407.00792,1209.64574,3.749305301944729,1.2381225588536335,6,10,9,8,10,2,9,2,9,6,43,28,71,1,24
WESTSIDE MARAUDERS,23,263,11.045058015582985,7558,6734,1716,261,946,936,137,0.2548262548262548,1273,79,59,1293,547.8880300000001,1545.587446,3.8735210290652007,1.214129965435978,8,6,7,3,5,9,8,10,5,8,29,40,69,2,24
NATIONAL PASTIME,23,257,10.536787249674184,7675,6901,1767,259,947,943,150,0.25604984784813795,1174,74,63,1144,504.70206444444443,1461.80302,3.8690958943781943,1.2451473764906305,7,7,8,5,8,6,10,6,6,5,35,33,68,3,24
HOOSIERS,23,229,10.40480771261233,8049,7124,1769,276,1020,991,197,0.2483155530600786,1127,68,33,1077,485.15497444444446,1388.1193000000003,3.8743520585625553,1.2316941437444546,10,9,10,10,1,3,6,3,4,7,40,23,63,4,24
MELONHEADS,20,270,10.57910176165551,6945,6186,1582,247,890,885,155,0.2557387649531199,1149,75,27,1149,469.7619188888889,1371.13254,3.6795972758920805,1.1933268407310706,5,3,4,7,6,7,3,7,10,10,25,37,62,5,24
BLUE SOCKS,23,216,9.753712801456746,7400,6686,1699,227,887,878,185,0.2541130720909363,1257,78,29,1275,535.3350044444445,1521.21469,3.832947525855211,1.210194661893397,4,2,3,9,4,8,4,9,8,9,22,38,60,6,24
BIG RED MACHINE,23,212,9.795527174736042,7657,6794,1692,268,949,932,123,0.249043273476597,1161,70,59,1124,495.166258888889,1448.32788,3.83849813092162,1.2474831007751939,9,8,6,2,2,4,8,4,7,4,27,27,54,7,24
FREE BIRDS,23,254,9.125726253106704,7214,6387,1634,220,876,864,142,0.2558321590731173,1250,80,30,1265,552.1711733333334,1569.11909,3.9756324480000003,1.255295272,3,1,2,4,7,10,5,8,3,3,17,29,46,8,24
ERIE LAKERS,23,188,8.193955436762675,7401,6562,1709,247,928,914,117,0.2604388905821396,1101,59,41,966,534.8929766666668,1484.85234,4.372422152588557,1.3486397275204358,5,5,5,1,9,1,7,1,1,1,25,11,36,9,24
FREE AT LAST,22,229,8.245938861142873,7284,6415,1600,227,904,853,152,0.24941543257989088,1239,73,0,1143,568.0538922222222,1612.44158,4.126299459241324,1.301405633575464,4,4,1,6,3,5,2,5,2,2,18,16,34,10,24
LOUISVILLE SLUGGERS,23,229,10.802715529345756,7613,6847,1787,247,971,921,190,0.2609902146925661,1073,69,66,1085,435.7321388888889,1311.7723099999998,3.6547896085740916,1.2225277819198508,6,9,8,8,9,5,9,4,10,8,40,36,76,1,25
WESTSIDE MARAUDERS,23,270,10.807885181980682,7414,6602,1688,257,940,921,145,0.2556800969403211,1253,81,43,1326,529.15693,1504.415596,3.800807956903432,1.2006509146049482,7,7,8,6,7,8,4,9,8,10,35,39,74,2,25
NATIONAL PASTIME,23,257,10.54140247476145,7793,6980,1802,262,963,952,138,0.2581661891117478,1227,76,52,1147,541.3771466666666,1515.5917899999997,3.97098151589242,1.2352011328443355,9,8,10,5,8,7,7,7,4,7,40,32,72,3,25
HOOSIERS,23,228,10.207140591288356,7748,6874,1724,258,993,952,226,0.25080011638056443,1088,66,46,1052,460.74219777777785,1382.53814,3.8112865625000003,1.2707152022058825,8,10,10,10,3,4,6,3,7,3,41,23,64,4,25
MELONHEADS,22,270,10.688748863612377,7055,6283,1583,242,893,879,169,0.25194970555467133,1376,88,0,1380,573.2100333333334,1656.2772,3.749193531976745,1.2036898255813953,4,1,3,7,4,10,2,10,9,9,19,40,59,5,25
BLUE SOCKS,23,211,9.784282079279688,7673,6919,1762,235,922,905,199,0.25466107819048994,1028,64,75,1089,436.632648888889,1269.99877,3.8226593774319073,1.2354073638132295,3,4,6,9,5,3,10,5,6,6,27,30,57,6,25
BIG RED MACHINE,23,204,9.74175678315984,7434,6588,1633,264,929,916,115,0.2478749241044323,1224,73,59,1140,529.3298377777778,1533.46135,3.892131160130719,1.2528279003267975,10,5,7,2,1,6,8,6,5,5,25,30,55,7,25
FREE BIRDS,23,247,9.205030291533399,7428,6588,1678,231,908,888,126,0.2547055251973285,1345,82,0,1322,609.1216900000001,1686.9333399999998,4.075907219330856,1.254225531598513,1,3,5,3,6,9,2,8,3,4,18,26,44,8,25
ERIE LAKERS,23,189,8.163589564683269,7478,6647,1743,246,936,925,111,0.26222355950052656,1077,59,28,935,508.6847633333333,1420.8309800000002,4.250847604456824,1.3192488207985145,5,6,9,1,10,2,3,1,1,1,31,8,39,9,25
FREE AT LAST,22,229,8.257623414312901,7417,6562,1631,234,896,884,127,0.24855227064919233,1079,66,44,1020,500.99539333333337,1409.71719,4.178830898980538,1.3065034198331789,2,2,4,4,2,4,5,2,2,2,14,15,29,10,25
WESTSIDE MARAUDERS,22,270,11.03831337362898,7099,6347,1639,258,907,900,141,0.2582322357019064,1305,83,43,1320,558.9758566666667,1581.3669560000003,3.8550059080459773,1.211775445210728,8,2,5,5,8,10,7,9,8,8,28,42,70,1,26
NATIONAL PASTIME,23,260,10.604898194394178,7681,6927,1785,253,946,937,157,0.2576873105240364,1128,71,79,1116,494.0526511111111,1392.81304,3.94190945035461,1.2347633333333334,6,8,8,7,7,5,10,5,5,7,36,32,68,2,26
HOOSIERS,23,228,10.338665991282673,8031,7125,1782,272,1010,990,196,0.2501052631578947,1263,74,8,1142,561.6730744444445,1593.39621,4.002420958036422,1.2615963657957245,10,10,10,10,3,8,3,6,3,4,43,24,67,3,26
LOUISVILLE SLUGGERS,23,208,10.703987547619208,7718,6943,1807,257,982,947,172,0.260262134523981,1180,72,38,1103,520.0345688888889,1481.96841,3.966365355932204,1.2559054322033898,7,9,9,8,9,6,6,4,4,5,42,25,67,3,26
MELONHEADS,20,270,10.600123894438845,7169,6372,1635,238,914,887,155,0.2565913370998117,1198,77,0,1219,499.8667677777778,1425.81327,3.7552595242070117,1.1901613272120202,4,5,3,6,6,9,2,8,10,10,24,39,63,4,26
BIG RED MACHINE,23,203,9.77541033209648,7560,6702,1650,271,937,933,123,0.24619516562220234,1220,73,59,1148,523.1592922222222,1541.80365,3.859371827868853,1.2637734836065575,9,7,7,3,1,7,8,7,7,3,27,32,59,5,26
BLUE SOCKS,23,215,9.587058256046307,7536,6794,1738,230,911,899,187,0.2558139534883721,990,63,75,1079,419.8843455555556,1192.90899,3.8171304141414146,1.2049585757575756,2,4,4,9,5,3,9,3,9,9,24,33,57,6,26
FREE BIRDS,23,262,9.35647601491872,7194,6373,1618,220,870,860,138,0.2538835713164915,1325,83,30,1329,573.1642377777779,1647.9856300000001,3.8931910490566044,1.2437627396226416,1,1,2,4,4,10,4,10,6,6,12,36,48,7,26
ERIE LAKERS,23,187,8.092154822321021,7240,6440,1681,243,910,903,120,0.2610248447204969,1030,60,38,926,465.1715077777778,1363.8963400000002,4.06460540776699,1.3241712038834954,5,3,6,2,10,2,6,1,2,1,26,12,38,8,26
FREE AT LAST,22,232,8.22806763831126,7445,6504,1610,236,924,860,138,0.247539975399754,1069,64,31,1050,484.1519111111112,1390.2911299999998,4.076115247895229,1.30055297474275,3,6,2,4,2,4,5,2,1,2,17,14,31,9,26
MELONHEADS,23,269,10.685744658380472,7419,6608,1683,254,934,927,155,0.2546912832929782,1371,88,0,1345,574.9783211111112,1668.63588,3.774474755652809,1.2170940043763676,7,5,6,7,6,9,2,9,9,9,31,38,69,1,27
LOUISVILLE SLUGGERS,23,208,10.82880025902443,7681,6911,1814,258,1000,949,177,0.2624801041817393,1166,71,50,1108,532.9402855555555,1487.56867,4.113604262435677,1.2757878816466552,9,10,9,8,10,5,6,4,3,3,46,21,67,2,27
HOOSIERS,23,242,10.257239018233195,7860,6977,1760,254,998,959,224,0.25225741722803496,1181,74,13,1088,500.0971833333333,1441.3628599999997,3.8110708298052494,1.2204596613039795,7,9,10,10,2,7,3,3,8,7,38,28,66,3,27
NATIONAL PASTIME,23,264,10.497204554021627,7573,6802,1739,256,928,925,144,0.2556600999705969,1120,72,84,1161,477.63091000000003,1365.0255900000002,3.8381055267857147,1.2187728482142859,8,4,5,6,8,6,9,5,7,8,31,35,66,3,27
WESTSIDE MARAUDERS,21,270,10.827876185226113,6868,6112,1557,246,871,865,128,0.2547447643979058,1248,79,51,1312,517.03274,1494.873416,3.728601490384615,1.197815237179487,4,2,3,4,7,8,7,8,10,10,20,43,63,4,27
BIG RED MACHINE,23,205,9.846252228417905,7622,6763,1714,259,961,931,127,0.25343782345113114,1242,74,27,1168,547.7034588888889,1577.0722700000001,3.9688656441223835,1.2697844363929147,10,7,8,3,4,7,4,6,4,4,32,25,57,5,27
BLUE SOCKS,23,207,9.792675641058178,7820,7045,1791,238,939,917,200,0.254222853087296,1169,72,29,1178,510.0412055555556,1453.42273,3.9267500855431994,1.2433043028229256,3,6,4,9,5,6,5,7,5,6,27,29,56,6,27
FREE BIRDS,23,258,9.223235477309274,7040,6235,1577,224,848,847,128,0.2529270248596632,1398,89,0,1412,599.614768888889,1745.91762,3.860180915593706,1.2488681115879827,2,1,2,4,3,10,2,10,6,5,12,33,45,7,27
FREE AT LAST,22,226,8.211069568563573,7928,6972,1718,253,965,930,130,0.24641422834193918,963,55,57,849,450.47105666666664,1261.84333,4.210009875389408,1.3103253686396676,6,8,7,5,1,4,8,2,1,2,27,17,44,8,27
ERIE LAKERS,23,188,8.156799157006095,7340,6537,1699,248,919,917,118,0.2599051552700015,850,46,90,811,389.6242833333333,1116.52126,4.125433588235294,1.3135544235294117,5,3,4,2,9,3,10,1,2,1,23,17,40,9,27
LOUISVILLE SLUGGERS,23,215,10.775768226876837,7840,7064,1842,263,999,958,175,0.26075877689694227,986,63,63,1033,420.2287177777778,1198.60494,3.8357590872210956,1.2156236713995943,9,9,8,8,10,3,8,3,7,7,44,28,72,1,28
WESTSIDE MARAUDERS,23,256,10.835830624889084,7309,6537,1673,255,922,914,144,0.25592779562490436,1389,87,32,1378,588.8055311111111,1710.8895860000002,3.815154629229662,1.231741962562995,7,6,7,6,8,9,4,10,8,6,34,37,71,2,28
NATIONAL PASTIME,23,264,10.41205479692778,7479,6705,1706,244,910,895,142,0.2544369873228934,1201,76,84,1207,504.34898111111113,1448.26964,3.779467801831807,1.2058864612822648,6,4,4,5,5,6,10,7,9,10,24,42,66,3,28
MELONHEADS,22,270,10.682939264992719,7087,6315,1610,243,906,883,160,0.25494853523357086,1373,88,0,1349,570.9059322222222,1659.9674400000001,3.742282148579752,1.2090076037873272,5,3,2,7,7,10,3,8,10,9,24,40,64,4,28
HOOSIERS,23,227,10.324485665508996,7895,7014,1767,261,1000,969,219,0.25192472198460225,1306,77,0,1194,586.66401,1668.2404500000002,4.042860712098009,1.2773663476263402,8,10,10,10,2,7,3,6,3,4,40,23,63,5,28
BIG RED MACHINE,23,213,9.91824822381658,7895,7002,1783,264,992,962,133,0.2546415309911454,1168,71,41,1075,514.0487733333334,1499.6822300000001,3.9609922602739736,1.2839745119863015,10,8,9,4,6,5,5,4,5,3,37,22,59,6,28
BLUE SOCKS,23,213,9.7846293626087,7592,6844,1733,236,924,907,205,0.2532144944476914,1081,68,56,1121,466.97796222222235,1311.2962,3.887883126734506,1.2130399629972248,2,7,6,9,4,4,7,5,6,8,28,30,58,7,28
FREE BIRDS,23,247,9.238931360770497,7208,6410,1621,237,868,885,124,0.2528861154446178,1365,86,0,1357,604.1350988888889,1725.54467,3.9833083443223445,1.2641352893772895,3,2,3,2,3,8,3,9,4,5,13,29,42,8,28
ERIE LAKERS,23,191,8.002477646183479,7345,6487,1679,238,921,896,118,0.25882534299367965,1027,58,43,905,476.69487111111107,1347.29746,4.177462356377799,1.3118767867575463,4,5,5,1,9,2,6,1,1,1,24,11,35,9,28
FREE AT LAST,22,238,8.251176640367566,7487,6578,1639,233,922,875,131,0.2491638795986622,946,54,82,907,430.6219155555556,1232.9547899999998,4.096825835095138,1.3033348731501055,1,6,1,3,1,1,9,2,2,2,12,16,28,10,28
WESTSIDE MARAUDERS,23,260,11.009924613898923,7785,6954,1769,263,970,958,144,0.2543859649122807,1263,78,54,1283,542.4962322222223,1543.070316,3.865768875692795,1.221750052256532,9,8,10,6,7,9,8,9,8,9,40,43,83,1,29
NATIONAL PASTIME,23,256,10.513389217983839,7755,6974,1792,261,955,944,142,0.2569544020648122,1191,74,52,1168,521.4577644444445,1470.5566200000003,3.940486884970613,1.2347242821158693,8,7,8,5,8,8,7,7,4,7,36,33,69,2,29
HOOSIERS,23,230,10.258536532781706,7874,6953,1753,256,1008,952,208,0.25212138645189125,1137,70,49,1058,495.92663333333337,1447.98961,3.925540633245383,1.2735176868953386,7,10,9,10,3,5,6,3,5,3,39,22,61,3,29
LOUISVILLE SLUGGERS,23,208,10.706828710659186,7727,6930,1817,248,984,930,182,0.2621933621933622,1175,72,36,1154,526.4291144444445,1499.52132,4.03222300425532,1.2761883574468085,6,9,6,8,10,6,4,6,2,2,39,20,59,4,29
MELONHEADS,21,270,10.66940319873713,6866,6125,1550,239,877,859,169,0.2530612244897959,1380,87,0,1345,577.7515222222222,1668.56391,3.7679447101449273,1.2091042826086957,3,2,1,7,4,10,1,10,10,10,17,41,58,5,29
FREE BIRDS,23,264,9.34430679306929,7194,6373,1618,220,870,860,138,0.2538835713164915,1250,78,57,1248,536.7542255555556,1551.4885,3.8646304240000005,1.2411908,1,1,2,4,6,9,10,8,9,6,14,42,56,6,29
BIG RED MACHINE,23,206,9.748601578992416,7531,6667,1675,267,947,932,118,0.25123743812809357,1233,73,46,1138,533.3163055555556,1558.19978,3.892819748580698,1.2637467802108677,10,6,7,2,2,7,5,5,7,4,27,28,55,7,29
BLUE SOCKS,23,207,9.784898845526419,7592,6844,1733,236,924,907,205,0.2532144944476914,1100,68,56,1133,476.72552888888896,1351.98082,3.9004816000000004,1.2290734727272727,2,4,4,9,5,4,9,4,6,8,24,31,55,7,29
FREE AT LAST,22,235,8.172725417219809,7690,6793,1695,240,935,910,133,0.2495215663182688,928,58,30,948,411.96111666666667,1165.7735899999998,3.9953125538793106,1.2562215409482755,4,5,5,3,1,2,3,1,3,5,18,14,32,8,29
ERIE LAKERS,23,197,8.028620238801944,7186,6404,1668,246,900,901,117,0.26046221111805123,1051,62,21,957,477.31577000000004,1355.0991599999998,4.087385280685062,1.289342683158896,5,3,3,1,9,3,2,2,1,1,21,9,30,9,29
WESTSIDE MARAUDERS,23,261,10.862229718515685,7449,6636,1701,254,946,921,148,0.2563291139240506,1273,79,59,1293,547.8880300000001,1545.587446,3.8735210290652007,1.214129965435978,7,8,5,6,7,9,8,10,7,9,33,43,76,1,30
MELONHEADS,21,270,10.735490775498654,7412,6610,1685,258,937,932,158,0.25491679273827533,1215,79,0,1204,502.6111344444444,1468.0448400000002,3.7230454403292184,1.2082673580246917,8,6,7,7,6,9,2,7,9,10,34,37,71,2,30
LOUISVILLE SLUGGERS,23,211,10.741861879137945,7979,7128,1855,261,1016,953,162,0.26024130190796857,1164,72,38,1101,515.7729488888889,1466.60045,3.987935171821306,1.2599660223367697,9,10,9,8,10,6,5,3,4,4,46,22,68,3,30
HOOSIERS,23,244,10.357676074541837,8007,7111,1780,272,1010,995,209,0.2503164111939249,967,59,74,973,411.6041211111111,1213.03467,3.83085531540848,1.2544308893485006,10,9,10,10,2,3,9,1,8,5,41,26,67,4,30
NATIONAL PASTIME,23,256,10.478304934533528,7667,6897,1774,253,934,933,144,0.2572132811367261,1170,73,84,1117,514.2680544444445,1438.19767,3.955908111111112,1.2292287777777777,6,5,8,5,8,7,10,5,5,7,32,34,66,5,30
BLUE SOCKS,23,216,9.783352083481468,7362,6627,1667,227,888,870,208,0.2515467028821488,1189,74,48,1230,490.7019255555556,1449.31971,3.7143123044575272,1.2189400420521446,2,2,1,9,3,8,6,8,10,8,17,40,57,6,30
BIG RED MACHINE,23,212,9.830112311483672,7489,6658,1686,253,941,922,135,0.25322919795734455,1177,70,54,1103,511.23458666666676,1472.54998,3.9091854545454554,1.2511044859813085,6,7,6,4,4,5,7,4,6,6,27,28,55,7,30
FREE BIRDS,23,247,9.273225863716789,7288,6475,1646,233,876,882,119,0.25420849420849423,1270,81,30,1276,563.2855600000001,1603.46018,3.991787433070867,1.2625670708661418,3,1,3,1,5,10,4,9,3,3,13,29,42,8,30
ERIE LAKERS,23,198,8.05879722465895,7221,6414,1657,244,919,896,127,0.258341128780792,1073,63,14,1005,490.38935444444445,1391.1703600000003,4.113237828518173,1.2965241006523769,5,4,4,3,9,4,3,2,1,1,25,11,36,9,30
FREE AT LAST,22,223,8.206042655137557,7368,6464,1600,238,910,873,121,0.24752475247524752,1210,70,0,1130,552.3784977777777,1564.27832,4.108600396694214,1.292792,4,3,2,2,1,5,2,6,2,2,12,17,29,10,30
LOUISVILLE SLUGGERS,23,226,10.712718579283766,7445,6689,1744,255,950,923,151,0.260726566003887,1108,70,69,1124,460.2649044444445,1349.49244,3.738613844765343,1.217953465703971,9,8,8,6,10,6,9,5,9,8,41,37,78,1,31
WESTSIDE MARAUDERS,21,270,11.014149101988943,7463,6663,1717,253,944,917,135,0.2576917304517485,1195,75,32,1230,506.91830333333337,1438.307276,3.817794753138076,1.2036044150627616,7,7,6,5,7,8,5,10,7,9,32,39,71,2,31
NATIONAL PASTIME,23,253,10.542784922543103,7643,6898,1785,251,942,933,158,0.258770658161786,1235,78,52,1154,538.7405633333333,1550.26459,3.9260445910931168,1.255274971659919,6,6,9,7,8,10,6,7,6,5,36,34,70,3,31
HOOSIERS,23,223,10.358272167929947,7893,7016,1764,254,988,957,216,0.2514253135689852,1244,75,17,1166,561.9407933333333,1599.6500100000003,4.065488054662379,1.2858922909967847,8,10,10,10,3,8,4,8,3,3,41,26,67,4,31
BIG RED MACHINE,23,202,9.704997131505486,7448,6591,1639,268,935,919,116,0.24867243210438478,1206,73,59,1152,526.8389300000001,1511.7843,3.93163380597015,1.253552487562189,10,5,7,3,2,7,8,6,5,6,27,32,59,5,31
BLUE SOCKS,23,207,9.725690191788308,7508,6765,1709,245,916,916,185,0.2526237989652624,1027,64,75,1087,432.71843888888895,1266.84859,3.7920797955209355,1.2335429308666017,5,4,5,9,4,4,10,3,8,7,27,32,59,5,31
MELONHEADS,18,270,10.19259132994561,6530,5821,1481,227,842,817,166,0.2544236385500773,1092,70,0,1104,448.6273522222222,1279.08387,3.6974781776556775,1.1713222252747253,2,1,2,8,5,6,2,4,10,10,18,32,50,6,31
FREE BIRDS,23,245,9.082127833319399,7256,6402,1630,223,882,863,124,0.25460793502030615,1195,76,57,1195,526.8755477777779,1506.9630499999998,3.9681003598326368,1.2610569456066945,1,2,3,4,6,9,7,9,4,4,16,33,49,7,31
FREE AT LAST,22,231,8.250042668594446,7921,6972,1729,244,966,923,158,0.24799196787148595,989,56,16,958,448.4095211111112,1273.27991,4.080571981799799,1.2874417694641052,4,9,8,7,1,3,3,1,2,2,29,11,40,8,31
ERIE LAKERS,23,193,8.167042547878626,7260,6458,1682,240,905,898,114,0.26045215236915453,1124,65,16,989,516.5285766666667,1458.3865500000002,4.135904973309609,1.2974969306049824,3,3,4,2,9,5,3,2,1,1,21,12,33,9,31
WESTSIDE MARAUDERS,22,270,10.896723420930156,7253,6462,1657,249,922,899,145,0.25642216032188175,1266,82,43,1314,535.18564,1517.5793360000002,3.8046372511848343,1.1987198546603477,7,5,6,6,6,10,7,10,8,9,30,44,74,1,32
LOUISVILLE SLUGGERS,23,221,10.67558808285017,7471,6701,1729,270,970,938,174,0.2580211908670348,1099,69,63,1093,474.86815,1369.54613,3.8888201546860786,1.246174822565969,10,9,8,7,7,4,9,3,6,6,41,28,69,2,32
HOOSIERS,23,226,10.334610518471608,7867,6988,1746,258,998,958,231,0.24985689753863766,1191,73,14,1121,513.5488744444444,1503.6723100000004,3.880721973131822,1.2625292275398827,8,10,10,10,2,6,3,5,7,5,40,26,66,3,32
NATIONAL PASTIME,22,270,10.408430924618289,7073,6344,1643,227,867,849,132,0.25898486759142497,1208,76,84,1198,503.2794122222222,1458.75668,3.74959826986755,1.2075800331125828,2,1,2,5,9,8,10,8,9,8,19,43,62,4,32
BLUE SOCKS,23,200,9.669824449029276,7470,6736,1709,243,912,912,186,0.2537114014251782,1183,75,29,1188,517.7532744444445,1472.5034,3.9389513693998315,1.2447196956889266,6,4,7,8,5,7,6,6,5,7,30,31,61,5,32
BIG RED MACHINE,23,204,9.807550558153318,7608,6765,1697,262,941,939,123,0.250849963045085,1261,75,27,1191,554.098338888889,1597.8299100000002,3.9547066217287874,1.2671133306899287,9,7,9,4,3,7,5,7,4,4,32,27,59,6,32
MELONHEADS,20,270,10.549220555573267,7293,6510,1647,240,924,889,201,0.25299539170506913,1085,70,0,1113,449.6969211111111,1268.59683,3.7302048755760366,1.169213668202765,3,6,3,9,4,5,2,4,10,10,25,31,56,7,32
FREE BIRDS,23,249,9.292429079772441,7578,6744,1742,224,899,894,108,0.2583036773428232,1293,79,19,1294,569.0681477777778,1640.07373,3.961031191028616,1.2684251585460171,1,2,4,2,8,9,4,9,3,3,17,28,45,8,32
ERIE LAKERS,23,194,8.074296858738915,7211,6409,1670,242,900,898,103,0.2605710719300983,1000,57,59,887,469.11750222222224,1305.9085100000002,4.22205752,1.3059085100000003,5,3,5,1,10,3,8,1,1,2,24,15,39,9,32
FREE AT LAST,22,222,8.253107768200993,7592,6656,1655,241,942,889,119,0.24864783653846154,998,57,63,930,452.35757000000007,1309.46415,4.0793768837675355,1.3120883266533065,4,8,3,3,1,3,9,2,2,1,19,17,36,10,32
HOOSIERS,23,254,10.395614358740124,8007,7111,1780,272,1010,995,209,0.2503164111939249,1035,67,27,1048,417.58453555555553,1244.58204,3.6311698743961354,1.2024947246376811,10,10,10,10,2,4,6,3,10,10,42,33,75,1,33
MELONHEADS,23,270,10.846748124119928,7500,6676,1685,261,952,936,185,0.2523966446974236,1391,88,0,1318,583.0139933333334,1682.7548900000002,3.7721969374550683,1.2097447088425595,7,7,8,9,4,10,4,9,9,8,35,40,75,1,33
WESTSIDE MARAUDERS,23,258,10.851733589317355,7505,6679,1700,261,948,934,138,0.2545291211259171,1265,79,59,1302,546.2576833333334,1543.842676,3.886418300395257,1.2204289928853755,7,5,7,4,7,7,9,8,5,6,30,35,65,2,33
LOUISVILLE SLUGGERS,23,205,10.681854183525818,7625,6852,1789,265,984,952,164,0.2610916520723876,1103,65,52,1110,473.4471644444445,1396.55497,3.8631228286491397,1.2661423118767,8,8,9,7,8,3,7,4,6,4,40,24,64,3,33
BLUE SOCKS,23,214,9.713590062234008,7589,6840,1738,244,914,914,179,0.254093567251462,1050,68,56,1116,449.1662522222223,1264.59403,3.849996447619048,1.2043752666666667,6,3,4,8,6,5,8,5,8,9,27,35,62,4,33
NATIONAL PASTIME,23,269,10.529768541459946,7492,6733,1760,228,918,893,147,0.2613990791623348,1297,80,52,1232,555.8274111111111,1577.83338,3.856936545875097,1.2165253508095606,3,4,3,6,10,8,7,7,7,7,26,36,62,4,33
BIG RED MACHINE,23,203,9.778718278798967,7566,6693,1664,269,949,922,117,0.24861795906170625,1214,74,59,1139,527.02982,1532.8145700000002,3.907140345963756,1.2626149670510711,9,6,5,3,1,6,9,6,4,5,24,30,54,5,33
FREE BIRDS,23,251,9.360415966577982,7477,6657,1689,228,896,890,141,0.2537178909418657,1326,85,0,1339,584.3379955555556,1685.3233,3.966094992458522,1.2709828808446455,3,2,2,5,5,9,4,10,3,3,17,29,46,6,33
FREE AT LAST,22,226,8.2536105599735,8012,7058,1771,241,986,930,147,0.2509209407764239,1052,59,17,939,511.4776566666666,1387.73918,4.37575942015209,1.3191437072243346,5,9,6,6,3,2,5,2,1,2,29,12,41,7,33
ERIE LAKERS,23,193,8.0252099519944,7085,6299,1645,231,887,868,113,0.2611525638990316,913,52,91,850,415.6798855555556,1207.18499,4.097611139101862,1.3222179518072288,4,1,1,2,9,1,10,1,2,1,17,15,32,8,33
LOUISVILLE SLUGGERS,23,213,10.736154458571212,7564,6806,1774,257,979,928,192,0.2606523655598002,1052,66,63,1053,450.37424555555555,1316.9093500000001,3.853011606463878,1.25181497148289,10,9,9,9,10,3,8,4,5,6,47,26,73,1,34
WESTSIDE MARAUDERS,23,263,10.804398238733192,7400,6599,1682,256,932,920,134,0.2548871041066828,1271,79,51,1308,537.19017,1536.6427959999999,3.803864303697875,1.209002986624705,9,6,5,5,6,8,7,9,8,9,31,41,72,2,34
MELONHEADS,23,270,10.71258306406413,7360,6559,1650,250,942,917,189,0.25156273822228997,1387,88,0,1370,584.5441388888888,1670.1656700000003,3.7930045061283337,1.2041569358327326,7,7,4,8,4,10,1,10,9,10,30,40,70,3,34
NATIONAL PASTIME,23,265,10.522284644218825,7521,6756,1739,250,929,917,154,0.257400828892836,1071,69,111,1066,456.41388222222224,1311.79329,3.8354107749766575,1.224830336134454,7,5,4,6,8,5,10,6,6,8,30,35,65,4,34
HOOSIERS,23,236,10.213456871936625,7685,6828,1717,246,961,927,219,0.2514645577035735,1196,76,14,1181,507.7353255555556,1499.48013,3.8207507775919733,1.2537459280936454,6,8,8,10,3,6,3,7,7,5,35,28,63,5,34
BIG RED MACHINE,23,212,9.755451491682948,7622,6777,1694,256,929,922,111,0.24996311052087944,1321,80,27,1245,554.8098911111111,1657.77675,3.779931127933384,1.2549407645722936,9,5,6,1,2,9,5,8,10,4,23,36,59,6,34
BLUE SOCKS,23,206,9.692225164352088,7617,6862,1738,246,929,924,187,0.2532789274264063,993,62,78,1058,435.58524666666676,1223.39526,3.9479025377643513,1.2320193957703927,6,5,7,7,5,2,9,5,4,7,30,27,57,7,34
FREE BIRDS,23,254,9.351887651683262,7382,6539,1678,233,896,897,122,0.2566141611867258,1233,78,30,1245,546.7730777777779,1553.05022,3.9910443633414445,1.2595703325223033,4,3,2,3,7,7,6,8,3,3,19,27,46,8,34
FREE AT LAST,22,230,8.212785739502312,8124,7134,1778,251,999,941,131,0.24922904401457807,972,55,19,870,445.8582511111111,1228.0167000000001,4.128317139917695,1.2633916666666667,8,10,10,4,1,1,4,2,2,2,33,11,44,9,34
ERIE LAKERS,23,184,8.075067071547709,7338,6528,1697,245,915,911,112,0.25995710784313725,1212,67,8,1036,580.8499844444444,1615.0134600000001,4.313242458745874,1.3325193564356437,5,4,3,2,9,4,2,3,1,1,23,11,34,10,34
WESTSIDE MARAUDERS,23,262,10.889837485425053,7428,6627,1702,257,945,921,138,0.25682812735777877,1358,85,32,1362,581.8043066666667,1652.253586,3.8558459204712814,1.2166815802650957,8,7,6,6,8,10,7,10,6,8,35,41,76,1,35
LOUISVILLE SLUGGERS,23,217,10.734697559076881,7676,6900,1796,262,989,954,186,0.26028985507246377,923,57,94,955,385.1263733333334,1136.9770800000001,3.7552950812567722,1.2318278223185266,9,10,10,9,10,2,9,2,8,6,48,27,75,2,35
HOOSIERS,23,234,10.18395109187699,7685,6828,1717,246,961,927,219,0.2514645577035735,1150,75,24,1136,478.5451066666667,1448.76297,3.745135617391304,1.2597938869565217,6,9,8,10,4,6,3,5,9,5,37,28,65,3,35
NATIONAL PASTIME,23,262,10.533181462151308,7570,6791,1743,256,936,922,144,0.2566632307465764,1067,67,111,1085,462.60212111111116,1294.82988,3.9019860262418,1.213523786316776,7,5,7,7,6,5,10,4,5,9,32,33,65,3,35
BLUE SOCKS,23,211,9.759017999629124,7347,6613,1660,237,883,885,186,0.2510207167699985,1176,75,56,1192,482.82298333333335,1445.8449,3.6950738520408164,1.2294599489795919,5,1,3,9,3,6,8,7,10,7,21,38,59,4,35
BIG RED MACHINE,23,204,9.813703604957714,7678,6811,1702,270,951,953,124,0.24988988401115841,1289,76,27,1177,567.1594966666667,1635.5113700000002,3.9599964856477894,1.2688218541505043,10,8,9,3,1,7,5,6,4,3,31,25,56,5,35
MELONHEADS,21,270,10.601289897270263,7008,6254,1600,232,892,866,156,0.25583626479053406,1309,84,11,1301,551.4903711111111,1556.6824500000002,3.79175961802903,1.1892150114591293,3,2,1,8,5,9,2,9,7,10,19,37,56,5,35
FREE BIRDS,23,254,9.327412735404543,7526,6674,1714,225,911,883,137,0.2568175007491759,1260,78,30,1252,564.7330544444445,1595.9877800000002,4.0338075317460325,1.2666569682539683,2,3,2,5,7,8,6,8,3,4,19,29,48,6,35
ERIE LAKERS,23,194,8.089490037249025,7268,6457,1676,246,922,904,125,0.2595632646739972,1077,62,26,955,505.91758666666664,1425.0704700000001,4.22772356545961,1.323185208913649,6,4,5,4,9,3,4,2,1,1,28,11,39,7,35
FREE AT LAST,22,226,8.213267630426522,7662,6744,1691,235,941,899,122,0.25074139976275206,1161,65,2,1081,544.78138,1499.61618,4.223111472868218,1.291659069767442,4,6,4,2,2,4,1,3,2,2,18,12,30,8,35
WESTSIDE MARAUDERS,23,261,11.026122684682262,7582,6752,1723,253,959,926,170,0.25518364928909953,1213,75,81,1230,522.4888055555556,1475.5791160000003,3.87666879637263,1.2164708293487225,7,7,5,7,7,8,10,9,7,9,33,43,76,1,36
HOOSIERS,23,230,10.300788484920554,7996,7110,1782,271,1004,989,195,0.25063291139240507,1194,72,2,1154,511.97475000000003,1481.4959599999997,3.8591061557788944,1.2407838860971523,9,10,10,10,3,7,2,5,8,6,42,28,70,2,36
NATIONAL PASTIME,23,265,10.609281262556085,7681,6904,1795,249,952,939,164,0.2599942062572422,1210,75,52,1168,530.01769,1490.9475699999998,3.9422803388429752,1.2321880743801652,6,5,8,5,9,8,7,6,5,7,33,33,66,3,36
LOUISVILLE SLUGGERS,23,206,10.765691003975826,7681,6875,1780,263,988,938,172,0.2589090909090909,1131,69,63,1071,501.21361666666667,1423.03838,3.9884372679045095,1.2582125375773652,8,9,7,8,8,5,9,3,3,5,40,25,65,4,36
BLUE SOCKS,23,215,9.70628774278237,7463,6733,1704,239,896,899,166,0.2530818357344423,1180,76,40,1209,483.56915888888886,1448.3911200000002,3.6882393474576265,1.2274501016949155,4,3,4,6,4,9,4,7,10,8,21,38,59,5,36
MELONHEADS,21,270,10.62128842148029,6786,6058,1535,234,871,848,176,0.2533839551006933,1388,87,0,1364,584.5997855555555,1665.57478,3.7906326152737746,1.1999818299711815,3,1,1,9,5,10,1,10,9,10,19,40,59,5,36
BIG RED MACHINE,23,206,9.84168009746932,7791,6897,1726,272,971,953,113,0.25025373350732205,1168,71,59,1098,511.4350844444445,1489.5484700000002,3.940852534246576,1.27529834760274,10,8,9,1,2,6,8,4,6,3,30,27,57,6,36
FREE BIRDS,23,253,9.310077978067936,7396,6556,1669,227,899,879,129,0.25457596095179985,1205,76,49,1217,528.5353233333334,1519.1707099999999,3.947566730290457,1.260722580912863,1,4,3,3,6,9,6,8,4,4,17,31,48,7,36
ERIE LAKERS,23,196,8.050606508009288,7078,6280,1635,231,893,869,118,0.2603503184713376,972,59,41,985,431.83673444444446,1246.9666700000002,3.9984882818930045,1.2828875205761319,2,2,2,2,10,3,5,2,2,2,18,14,32,8,36
FREE AT LAST,22,229,8.140886489214873,7928,7022,1756,242,956,936,142,0.25007120478496153,1047,60,14,936,494.46326444444446,1371.5308499999999,4.250400553963706,1.3099626074498567,5,6,6,4,1,4,3,1,1,1,22,10,32,8,36
LOUISVILLE SLUGGERS,23,209,10.774984622643265,7928,7114,1842,270,1005,966,163,0.2589260612876019,1087,66,53,1104,465.6524666666667,1358.66439,3.855448206071758,1.2499212419503218,10,10,9,8,9,4,6,3,6,6,46,25,71,1,37
NATIONAL PASTIME,23,265,10.515776552550275,7478,6730,1737,238,918,896,148,0.2580980683506687,1203,74,79,1193,511.79434333333336,1454.32404,3.8288853615960097,1.2089144139650874,5,6,5,6,8,7,10,7,7,8,30,39,69,2,37
MELONHEADS,21,270,10.65459752301549,6856,6114,1560,244,878,871,152,0.25515210991167814,1361,87,0,1337,576.4621377777778,1626.49695,3.812020014695077,1.195074908155768,6,3,2,7,6,10,2,9,9,10,24,40,64,3,37
WESTSIDE MARAUDERS,21,270,10.996329439946823,6854,6120,1568,244,870,861,131,0.25620915032679736,1257,79,59,1295,530.1996477777778,1512.9546559999999,3.796178862370724,1.2036234335719966,6,2,1,4,7,8,8,8,10,9,20,43,63,4,37
HOOSIERS,23,230,10.375372333224503,7907,7001,1763,260,1002,969,218,0.25182116840451363,1217,73,22,1162,540.7057755555555,1556.74015,3.9986458340180766,1.2791619967132293,9,9,10,10,3,6,3,6,3,3,41,21,62,5,37
BLUE SOCKS,23,203,9.520549625164493,7533,6806,1732,225,903,886,183,0.2544813399941228,1089,73,61,1135,462.16572444444444,1353.91842,3.8195514416896232,1.243267603305785,4,5,3,9,5,6,9,5,8,7,26,35,61,6,37
BIG RED MACHINE,23,213,9.879565358731599,7685,6825,1735,258,961,944,133,0.2542124542124542,1202,71,46,1117,519.8916088888889,1527.2936300000001,3.892699234608985,1.270626980033278,8,7,8,5,4,5,5,4,5,4,32,23,55,7,37
FREE BIRDS,23,242,9.242822699872782,7271,6438,1612,244,885,889,124,0.2503883193538366,1401,85,0,1347,622.2857255555557,1776.4626100000003,3.997552840827981,1.2679961527480372,6,4,4,3,2,9,2,10,4,5,19,30,49,8,37
ERIE LAKERS,23,199,8.174775356336577,7378,6585,1717,248,918,922,116,0.2607441154138193,970,59,36,903,445.15791666666667,1247.17365,4.130331185567011,1.285746030927835,7,6,7,2,10,3,4,2,1,2,32,12,44,9,37
FREE AT LAST,22,238,8.245805483536802,7851,6866,1702,248,983,914,163,0.24788814448004662,859,50,57,800,389.50705111111114,1109.19553,4.0809819091967405,1.291263713620489,7,8,6,8,1,2,7,1,2,1,30,13,43,10,37
WESTSIDE MARAUDERS,23,266,11.057302567113153,7484,6648,1699,265,959,935,161,0.2555655836341757,1263,79,54,1293,546.8443922222223,1558.410996,3.8967533887569283,1.2338962755344418,8,8,8,7,7,9,8,9,6,7,38,39,77,1,38
LOUISVILLE SLUGGERS,23,210,10.787608788872593,7753,6964,1811,268,1002,961,173,0.26005169442848936,1104,66,63,1068,486.7603577777778,1397.73713,3.9681550905797107,1.266066240942029,10,10,10,8,9,6,10,3,4,3,47,26,73,2,38
MELONHEADS,23,268,10.73461142691872,7479,6657,1695,259,948,934,159,0.25461919783686343,1369,87,0,1349,567.2079044444445,1674.2073500000001,3.728905142439737,1.222941818845873,7,7,7,6,5,10,1,10,9,9,32,39,71,3,38
HOOSIERS,23,251,10.437341475676035,7692,6818,1692,257,981,938,222,0.24816661777647403,1182,72,35,1121,483.07834333333335,1447.7634600000001,3.6782614974619294,1.224842182741117,6,9,9,10,1,8,4,4,10,8,35,34,69,4,38
NATIONAL PASTIME,23,254,10.425296724122447,7601,6847,1759,248,926,920,144,0.2569008324813787,1230,79,52,1199,537.6807633333333,1520.4068499999998,3.934249487804878,1.2361031300813008,5,4,5,5,8,9,7,7,5,6,27,34,61,5,38
BIG RED MACHINE,23,210,9.784959592616497,7531,6667,1675,267,947,932,118,0.25123743812809357,1195,72,46,1159,516.8891088888889,1496.53297,3.8928886861924688,1.2523288451882846,9,6,6,2,3,8,6,5,7,5,26,31,57,6,38
BLUE SOCKS,23,211,9.555631722899626,7379,6657,1688,221,886,868,204,0.25356767312603273,1060,71,61,1163,447.95355777777786,1273.78041,3.8033792641509443,1.2016796320754717,1,1,1,9,4,7,9,6,8,10,16,40,56,7,38
FREE BIRDS,23,248,9.323464815782783,7613,6758,1723,233,909,904,120,0.25495708789582716,1292,79,30,1241,579.6683277777778,1632.9228,4.0379372678018575,1.2638721362229102,3,2,3,3,6,9,2,8,3,4,17,26,43,8,38
ERIE LAKERS,23,195,8.160645912584382,7359,6550,1706,247,920,918,115,0.26045801526717555,975,56,41,895,440.7838666666666,1237.59632,4.068774153846153,1.2693295589743592,4,3,4,1,10,4,5,1,2,2,22,14,36,9,38
FREE AT LAST,22,231,8.245075596220113,7676,6773,1700,232,942,897,135,0.2509966041635907,1100,63,31,1008,518.1161577777777,1452.17838,4.239132199999999,1.3201621636363636,2,5,2,4,2,5,3,2,1,1,15,12,27,10,38
WESTSIDE MARAUDERS,23,270,11.076158591284127,7470,6642,1703,260,958,931,158,0.25639867509786207,1322,83,32,1360,566.6685200000001,1617.4769460000002,3.8578038426626327,1.2235075234493193,8,8,8,7,7,10,5,10,6,7,38,38,76,1,39
MELONHEADS,21,270,10.71238425374181,7454,6633,1695,257,942,927,157,0.25554047942107644,1151,74,22,1146,476.72775666666666,1389.7677200000003,3.7276714248479585,1.2074437185056475,7,7,7,6,6,8,3,6,10,10,33,37,70,2,39
HOOSIERS,23,232,10.38524424061061,7853,6988,1736,272,1000,979,219,0.2484258729250143,1179,70,24,1077,504.4639355555556,1462.32501,3.85086973706531,1.240309592875318,10,9,10,10,2,6,4,5,7,6,41,28,69,3,39
LOUISVILLE SLUGGERS,23,215,10.82785979359794,7893,7080,1850,264,1021,967,185,0.2612994350282486,1026,62,66,1048,460.7647044444444,1291.88169,4.041795653021443,1.259143947368421,9,10,9,8,10,3,9,2,3,3,46,20,66,4,39
NATIONAL PASTIME,23,262,10.346495525981263,7478,6724,1718,240,901,889,129,0.2555026769779893,1276,81,52,1277,533.0645277777778,1550.2810800000002,3.7598595219435738,1.2149538244514109,6,2,3,5,5,9,6,9,9,9,21,42,63,5,39
BIG RED MACHINE,23,202,9.645336507520081,7364,6541,1635,264,920,915,115,0.24996177954441218,1217,73,59,1149,530.3994066666667,1522.97431,3.9224278225143796,1.251416852917009,9,6,6,2,3,7,8,7,5,5,26,32,58,6,39
BLUE SOCKS,23,213,9.678276357080142,7529,6771,1723,229,911,893,209,0.2544675823364348,1025,65,75,1069,434.4939355555556,1248.14437,3.815068702439025,1.217701824390244,3,4,4,9,4,4,10,4,8,8,24,34,58,6,39
FREE BIRDS,23,254,9.310815239294254,7435,6593,1691,226,898,885,125,0.2564841498559078,1191,74,57,1207,531.4173777777778,1494.5458700000001,4.015748446683459,1.2548663895885812,2,1,2,3,8,8,7,8,4,4,16,31,47,7,39
ERIE LAKERS,23,188,8.129265698738688,7279,6471,1689,239,906,899,111,0.2610106629578118,1196,69,0,1034,553.13747,1578.5340700000002,4.162405710702341,1.3198445401337795,5,3,5,1,9,5,1,1,1,1,23,9,32,8,39
FREE AT LAST,22,233,8.248525124700587,7480,6585,1634,237,919,883,128,0.24813971146545177,1125,69,14,1065,508.9965788888889,1456.31256,4.0719726311111115,1.2945000533333335,4,5,1,4,1,5,2,3,2,2,15,14,29,9,39
WESTSIDE MARAUDERS,23,265,11.122266074427598,7589,6787,1749,256,957,935,151,0.2576985413290113,1367,86,32,1358,591.0788966666667,1675.7330360000003,3.8915216313094367,1.2258471367959036,7,7,7,5,8,10,6,10,6,8,34,40,74,1,40
HOOSIERS,23,236,10.334844102056168,7909,7024,1755,260,996,967,223,0.24985763097949887,1093,67,41,1061,457.71758111111114,1357.5109499999999,3.768946230558097,1.242004528819762,8,10,10,10,2,3,7,3,9,6,40,28,68,2,40
NATIONAL PASTIME,23,259,10.525382796219123,7601,6812,1748,249,936,906,133,0.2566059894304169,1298,82,52,1234,548.47278,1605.96396,3.8029699691833585,1.2372603697996918,6,6,5,4,7,9,8,7,8,7,28,39,67,3,40
LOUISVILLE SLUGGERS,23,214,10.653642043489281,7770,6995,1825,266,990,966,170,0.26090064331665475,1113,66,57,1078,498.62153888888895,1421.2690499999999,4.031980098831986,1.2769712938005389,9,9,9,7,10,2,9,5,3,3,44,22,66,4,40
BLUE SOCKS,23,208,9.706477278512136,7627,6869,1738,246,918,918,178,0.2530208181685835,1143,72,29,1196,489.663518888889,1392.98455,3.8556182589676298,1.2187091426071741,5,4,6,9,4,6,5,6,7,9,28,33,61,5,40
BIG RED MACHINE,23,210,9.867579199518945,7783,6912,1741,268,962,960,125,0.25188078703703703,1168,71,57,1065,510.92978555555555,1489.03269,3.9369589640410965,1.2748567551369863,10,8,8,2,3,5,9,4,5,4,31,27,58,6,40
MELONHEADS,19,270,10.389442708836668,6497,5796,1478,225,840,815,173,0.2550034506556246,1234,78,0,1252,510.62249,1458.1433200000001,3.724151061588331,1.1816396434359806,2,1,1,8,6,7,3,8,10,10,18,38,56,7,40
FREE BIRDS,23,244,9.02328430338948,7257,6423,1636,225,881,868,97,0.2547096372411646,1273,80,32,1300,565.9493877777779,1587.19074,4.001213267871171,1.2468112647289866,2,2,3,1,5,8,6,9,4,5,13,32,45,8,40
ERIE LAKERS,23,196,8.145896428750964,7296,6453,1675,242,920,896,132,0.2595691926235859,837,48,86,808,386.35229888888887,1089.00741,4.154325794504182,1.3010841218637992,4,5,4,3,9,1,10,1,1,1,25,14,39,9,40
FREE AT LAST,22,229,8.176058563578854,7165,6311,1571,226,902,851,159,0.2489304389161781,1142,68,27,1044,520.9558488888889,1484.76826,4.105606514886165,1.3001473380035027,3,3,2,6,1,4,4,2,2,2,15,14,29,10,40
LOUISVILLE SLUGGERS,23,228,10.884910730641925,7842,7047,1839,259,995,948,181,0.2609621115368242,1019,68,52,1104,422.2908111111111,1241.9929200000001,3.729752011776251,1.218835053974485,8,9,9,9,10,4,8,5,10,8,45,35,80,1,41
WESTSIDE MARAUDERS,23,270,11.005891754429179,7463,6649,1718,253,952,924,148,0.25838471950669273,1344,84,32,1365,571.5596644444445,1642.307226,3.8274084672619053,1.22195478125,6,7,6,6,8,10,5,10,7,7,33,39,72,2,41
NATIONAL PASTIME,23,252,10.473803042199169,7755,6974,1792,261,955,944,142,0.2569544020648122,1117,70,79,1093,493.4226844444445,1389.95028,3.97565278424351,1.2443601432408236,9,8,8,4,7,5,10,4,5,6,36,30,66,3,41
BIG RED MACHINE,23,203,9.711026558986664,7507,6641,1637,274,932,927,111,0.24649902123174222,1186,72,59,1151,517.8753966666667,1478.28558,3.929914477234401,1.24644652613828,10,6,7,1,1,6,9,6,6,5,25,32,57,4,41
BLUE SOCKS,23,213,9.689178651030364,7369,6639,1678,240,891,895,165,0.2527489079680675,1250,77,29,1247,527.6279611111112,1513.49155,3.7989213200000007,1.2107932399999999,4,3,4,7,4,7,3,7,9,9,22,35,57,4,41
HOOSIERS,23,230,10.266782476158554,7923,7048,1773,257,1007,969,229,0.25156072644721905,1172,70,25,1049,518.2245333333334,1489.61597,3.9795399317406144,1.2710033873720137,7,10,10,10,3,5,1,3,3,3,40,15,55,5,41
MELONHEADS,20,270,10.569259493526609,6490,5777,1468,225,846,816,178,0.25411113034446947,1312,83,27,1290,554.3113944444444,1560.0778800000003,3.8024409679878053,1.1890837500000002,2,1,1,8,5,9,2,9,8,10,17,38,55,5,41
FREE BIRDS,23,248,9.161586437576954,7284,6448,1655,214,879,860,143,0.2566687344913151,1268,79,30,1271,560.3996355555556,1601.61389,3.9775999369085175,1.2631024369085173,1,2,2,5,6,8,4,8,4,4,16,28,44,6,41
ERIE LAKERS,23,189,8.108838190882917,7336,6524,1693,243,911,908,114,0.25950337216431635,1016,59,39,916,462.40408222222226,1341.9882400000001,4.096099153543307,1.320854566929134,5,4,5,2,9,2,6,1,2,1,25,12,37,7,41
FREE AT LAST,22,229,8.267734799353876,7543,6647,1654,236,925,892,126,0.2488340604784113,1086,62,41,1010,496.8666166666667,1432.21313,4.117679143646408,1.318796620626151,3,5,3,3,2,3,7,2,1,2,16,15,31,8,41
WESTSIDE MARAUDERS,23,260,10.914132023779665,7638,6784,1728,264,970,941,140,0.25471698113207547,1284,80,54,1272,554.5034488888889,1573.319506,3.886706417445483,1.2253267180685359,8,9,8,6,6,8,7,8,6,8,37,37,74,1,42
LOUISVILLE SLUGGERS,23,207,10.769537276073999,7772,6973,1815,260,1002,949,186,0.2602896887996558,1098,68,38,1120,474.2434355555556,1375.08075,3.8872412750455383,1.2523504098360656,7,10,10,9,9,5,6,5,5,4,45,25,70,2,42
NATIONAL PASTIME,23,263,10.599442760451467,7514,6730,1685,271,916,947,135,0.25037147102526003,1203,74,79,1193,511.79434333333336,1454.32404,3.8288853615960097,1.2089144139650874,10,4,9,5,1,7,9,7,8,9,29,40,69,3,42
MELONHEADS,22,270,10.748230901591922,7192,6427,1641,249,915,904,155,0.2553290804418858,1383,87,0,1334,578.1048477777778,1667.6353900000001,3.762070592913955,1.2058101156905279,5,3,4,7,7,10,3,9,10,10,26,42,68,4,42
HOOSIERS,23,242,10.318179763990472,7692,6825,1714,252,969,940,211,0.2511355311355311,1067,68,73,1033,457.9969877777778,1331.5703799999999,3.863142352389878,1.247957244611059,6,8,7,10,4,5,8,4,7,6,35,30,65,5,42
BLUE SOCKS,23,204,9.734206903908607,7736,6966,1767,247,931,926,180,0.25366063738156763,1146,72,29,1186,503.44683444444456,1415.81849,3.9537709511343815,1.2354437085514836,4,5,6,8,5,6,5,6,4,7,28,28,56,6,42
BIG RED MACHINE,23,214,9.779572048797885,7440,6580,1648,267,937,923,122,0.25045592705167175,1036,63,103,999,438.5017244444445,1301.33657,3.8093779150579152,1.2561163803088802,9,6,5,4,2,4,10,2,9,3,26,28,54,7,42
FREE BIRDS,23,258,9.258620860059994,7333,6545,1699,204,880,845,155,0.25958747135217725,1349,83,0,1361,597.0269800000001,1684.2189400000002,3.983130333580431,1.248494395848777,1,1,1,7,8,9,3,10,3,5,18,30,48,8,42
FREE AT LAST,22,228,8.18174261048311,7676,6773,1700,232,942,897,135,0.2509966041635907,1163,68,8,1025,535.3725588888889,1533.7851699999999,4.143037858985383,1.3188178589853825,2,7,3,5,3,5,4,3,1,1,20,14,34,9,42
ERIE LAKERS,23,196,8.112522351996397,7242,6425,1677,242,914,896,117,0.261011673151751,1041,61,29,973,473.9916188888889,1354.4474300000002,4.097910249759846,1.3011022382324688,3,2,2,3,10,3,5,1,2,2,20,13,33,10,42
WESTSIDE MARAUDERS,23,259,10.866948623577539,7603,6750,1715,267,964,941,137,0.25407407407407406,1347,84,32,1335,585.6020699999999,1658.448326,3.912708708240534,1.231216277654046,10,7,10,4,5,10,5,10,6,7,36,38,74,1,43
LOUISVILLE SLUGGERS,23,210,10.707236445536854,7564,6786,1769,254,971,920,172,0.2606837606837607,1026,65,85,1095,433.8122400000001,1283.2467100000001,3.8053705263157904,1.2507277875243665,8,8,6,8,10,3,9,4,8,6,40,30,70,2,43
NATIONAL PASTIME,23,265,10.594988742803693,7664,6903,1767,255,928,935,150,0.2559756627553238,1071,69,111,1066,456.41388222222224,1311.79329,3.8354107749766575,1.224830336134454,9,5,9,6,6,4,10,3,7,9,35,33,68,3,43
HOOSIERS,23,237,10.204509817144647,7717,6832,1721,244,977,923,230,0.25190281030444966,1177,72,38,1096,519.9526777777778,1488.3229099999999,3.9758488530161427,1.2645054460492777,5,10,7,10,4,5,8,5,4,3,36,25,61,4,43
MELONHEADS,21,270,10.624822956436331,6903,6165,1584,240,884,871,152,0.2569343065693431,1303,83,11,1318,542.8515922222222,1563.05102,3.7495505218726013,1.1995786799693018,4,1,2,7,7,9,2,8,10,10,21,39,60,5,43
BIG RED MACHINE,23,206,9.830620726504794,7608,6739,1695,267,958,941,126,0.25152099718059057,1286,76,27,1171,565.2293666666667,1626.0661300000002,3.9557265163297046,1.2644371150855367,10,6,10,3,2,6,3,6,5,4,31,24,55,6,43
BLUE SOCKS,23,212,9.74588695331304,7456,6710,1689,238,896,893,188,0.2517138599105812,1255,79,29,1215,526.31794,1537.3438999999998,3.7743916015936256,1.224975219123506,3,2,3,9,3,7,4,7,9,8,20,35,55,6,43
FREE BIRDS,23,255,9.374268631713441,7557,6711,1726,227,919,906,126,0.25718968857100283,1327,81,0,1333,596.9210933333334,1669.18416,4.048447505651847,1.2578629691032404,2,3,4,3,8,8,1,9,3,5,20,26,46,7,43
FREE AT LAST,22,231,8.24947919219463,7886,6954,1724,250,974,931,144,0.24791486914006328,912,54,35,864,414.42347333333333,1175.82377,4.089705328947368,1.2892804495614034,7,9,8,5,1,1,7,1,2,2,30,13,43,8,43
ERIE LAKERS,23,194,8.156803357534788,7359,6539,1699,248,923,919,118,0.2598256614161187,1004,57,33,939,458.6098777777778,1298.96341,4.1110447211155385,1.2937882569721115,6,4,5,2,9,2,6,2,1,1,26,12,38,9,43
WESTSIDE MARAUDERS,23,263,10.97395644915784,7589,6775,1738,254,959,932,148,0.2565313653136531,1258,80,59,1288,535.620768888889,1542.143026,3.831945087440382,1.2258688600953895,6,7,8,7,7,8,7,8,8,8,35,39,74,1,44
NATIONAL PASTIME,23,266,10.636927751187113,7933,7116,1834,264,972,965,144,0.2577290612703766,1112,68,74,1104,481.6682344444445,1373.87298,3.8983939838129507,1.235497284172662,9,8,9,6,8,5,10,5,5,7,40,32,72,2,44
HOOSIERS,23,233,10.340271785965282,8000,7084,1768,270,1023,983,208,0.24957651044607565,1087,65,33,1065,463.2632022222223,1368.45723,3.83566588776449,1.2589302943882243,10,10,10,10,2,3,5,3,7,6,42,24,66,3,44
LOUISVILLE SLUGGERS,23,213,10.76926296073434,7798,7023,1840,261,998,965,181,0.26199629787839956,1154,71,44,1082,519.0004011111112,1466.28846,4.047663440207973,1.270613916811092,7,9,9,9,10,6,6,4,3,3,44,22,66,3,44
BLUE SOCKS,23,222,9.784227038257008,7540,6789,1713,229,904,884,208,0.25231992929739283,1070,68,67,1140,446.0588944444445,1276.23092,3.7518972429906543,1.1927391775700935,3,3,5,10,4,5,9,6,10,9,25,39,64,4,44
MELONHEADS,20,270,10.497739383541145,6406,5720,1457,228,824,811,161,0.2547202797202797,1362,87,0,1358,571.9674322222222,1607.62383,3.7795204772393536,1.180340550660793,2,1,2,8,5,10,3,10,9,10,18,42,60,5,44
BIG RED MACHINE,23,204,9.788868754747208,7441,6595,1639,262,937,916,135,0.2485216072782411,1213,73,59,1157,524.2288611111112,1531.31661,3.889579348722177,1.2624209480626547,8,6,7,5,1,7,7,7,6,5,27,32,59,6,44
FREE BIRDS,23,249,9.339533680359345,7599,6741,1728,228,910,896,122,0.25634178905206945,1369,84,0,1333,615.5385255555557,1728.45275,4.0466374945215495,1.2625659240321403,2,5,6,3,6,9,3,9,4,4,22,29,51,7,44
ERIE LAKERS,23,187,8.087736332089735,7114,6299,1632,240,905,881,124,0.2590887442451183,1103,66,14,1046,496.82810222222224,1437.6105,4.053901106074343,1.3033640072529464,5,4,4,4,9,4,4,2,2,2,26,14,40,8,44
FREE AT LAST,22,227,8.148203461893543,7361,6508,1636,230,897,877,116,0.25138291333743085,1042,62,63,923,470.8083577777778,1359.5403600000002,4.066482936660269,1.30474122840691,4,2,3,2,3,2,8,1,1,1,14,13,27,9,44
MELONHEADS,23,268,10.74891268626085,7482,6636,1674,261,951,931,155,0.2522603978300181,1387,88,0,1343,577.9128088888889,1693.06314,3.7499749675558762,1.2206655659697188,8,8,7,7,4,10,1,10,10,7,34,38,72,1,45
WESTSIDE MARAUDERS,23,270,11.048641054815441,7554,6778,1750,256,946,940,140,0.2581882561227501,1316,83,43,1317,562.5363333333333,1592.556966,3.8471329787234043,1.210149670212766,7,7,8,4,7,9,5,9,7,8,33,38,71,2,45
LOUISVILLE SLUGGERS,23,221,10.790094647799593,7800,7017,1850,253,1009,957,198,0.2636454325210204,1068,67,46,1036,458.9001122222222,1325.7485299999998,3.867135777153558,1.2413375749063669,6,9,9,8,10,5,6,2,5,6,42,24,66,3,45
HOOSIERS,23,232,10.515965759323104,8007,7101,1778,279,1018,1002,210,0.2503872693986762,1100,67,31,1063,471.9282466666667,1395.65055,3.8612311090909093,1.2687732272727272,10,10,10,10,3,5,4,4,6,3,43,22,65,4,45
NATIONAL PASTIME,23,268,10.466188785594998,7416,6661,1720,237,917,889,151,0.258219486563579,1254,79,52,1257,530.71084,1512.41322,3.80892947368421,1.2060711483253588,3,3,4,6,8,7,8,7,9,9,24,40,64,5,45
BLUE SOCKS,23,208,9.547515774227941,7379,6657,1688,221,886,868,204,0.25356767312603273,1016,66,88,1094,433.4964633333334,1224.5868600000001,3.8400277263779534,1.2053020275590551,1,2,1,9,5,4,10,5,8,10,18,37,55,6,45
BIG RED MACHINE,23,204,9.658388137026314,7507,6641,1637,274,932,927,111,0.24649902123174222,1191,72,54,1152,512.8477633333333,1491.9189400000002,3.8754239042821155,1.2526607388748952,9,5,6,1,1,6,9,6,4,5,22,30,52,7,45
ERIE LAKERS,23,194,8.142896879085471,7340,6537,1699,248,919,917,118,0.2599051552700015,1009,56,47,904,465.3526044444444,1325.9029600000001,4.150816095143706,1.3140762735381568,5,4,5,3,9,3,7,1,2,2,26,15,41,8,45
FREE BIRDS,23,249,9.163355467236046,7361,6530,1672,226,883,882,112,0.25604900459418073,1270,81,30,1276,563.2855600000001,1603.46018,3.991787433070867,1.2625670708661418,2,1,2,2,6,8,3,8,3,4,13,26,39,9,45
FREE AT LAST,22,229,8.341915739265936,7648,6705,1667,240,945,886,145,0.24862043251304997,1169,66,22,1045,550.1492455555556,1548.4264600000001,4.2355373909324205,1.324573532934132,4,6,3,5,2,4,2,3,1,1,20,11,31,10,45
WESTSIDE MARAUDERS,23,261,11.021713379159367,7680,6818,1727,261,982,931,169,0.2533000880023467,1349,84,32,1321,582.5913822222223,1664.0749660000001,3.886821675315048,1.233561872498147,8,8,6,9,5,10,6,9,6,6,36,37,73,1,46
LOUISVILLE SLUGGERS,23,215,10.718673810072744,7641,6870,1782,262,975,939,163,0.2593886462882096,963,61,96,1028,405.82937555555554,1185.29838,3.7927979023883696,1.2308394392523363,9,7,7,7,8,4,10,3,8,8,38,33,71,2,46
NATIONAL PASTIME,23,266,10.623848946529403,7765,6976,1813,254,954,950,147,0.25989105504587157,1192,74,52,1193,523.6047100000001,1469.25357,3.9533912667785236,1.2325952768456376,6,6,9,5,9,8,8,7,4,7,35,34,69,3,46
HOOSIERS,23,237,10.33935566735494,7919,7039,1777,255,992,960,227,0.25245063219207275,1146,71,30,1086,502.5079588888889,1432.69353,3.9463975828970335,1.2501688743455497,7,10,10,10,3,6,5,5,5,5,40,26,66,4,46
BLUE SOCKS,23,224,9.716637460405236,7463,6733,1704,239,896,899,166,0.2530818357344423,1124,72,48,1191,458.82970777777786,1341.8633699999998,3.673903354092527,1.193828620996441,3,3,3,8,4,7,7,6,10,10,21,40,61,5,46
MELONHEADS,20,270,10.583571093001757,6567,5852,1503,235,847,838,149,0.25683526999316475,1278,83,27,1271,529.8066888888889,1545.8424,3.7310330203442876,1.2095793427230046,2,1,1,6,7,9,4,8,9,9,17,39,56,6,46
BIG RED MACHINE,23,208,9.79012336613801,7448,6591,1639,265,937,917,126,0.24867243210438478,1133,69,89,1070,488.4220344444445,1424.2750400000002,3.8797866813768755,1.2570830008826128,10,5,5,2,1,5,9,4,7,4,23,29,52,7,46
FREE BIRDS,23,248,9.275449218119864,7256,6450,1646,224,891,878,143,0.25519379844961243,1379,84,0,1352,612.4218255555556,1745.1412900000003,3.996951725888325,1.2655121754894854,1,2,2,4,6,10,1,10,3,3,15,27,42,8,46
FREE AT LAST,22,224,8.214209951813624,8131,7165,1782,250,986,947,135,0.24870900209351013,1073,61,2,924,493.40659111111114,1397.7699400000001,4.138545498602051,1.3026746877912396,5,9,8,3,2,4,2,1,2,2,27,11,38,9,46
ERIE LAKERS,23,185,8.116383805720352,7279,6460,1682,240,909,900,114,0.26037151702786376,1071,61,25,996,502.71393888888895,1406.03114,4.224486881419235,1.3128208590102708,4,4,4,1,10,4,3,2,1,1,23,11,34,10,46
WESTSIDE MARAUDERS,23,264,11.102004096817451,7589,6787,1749,256,957,935,151,0.2576985413290113,1369,85,32,1365,594.3311966666666,1681.0503860000001,3.9072175091307524,1.22794038422206,8,8,7,5,8,9,4,10,6,7,36,36,72,1,47
LOUISVILLE SLUGGERS,23,214,10.756163348052521,7767,7009,1804,267,998,966,183,0.25738336424596947,1085,69,50,1060,475.82651666666663,1352.39929,3.9469480645161292,1.2464509585253456,9,10,10,9,7,5,8,4,4,5,45,26,71,2,47
NATIONAL PASTIME,23,266,10.482634199657618,7786,7018,1820,248,951,941,156,0.2593331433456825,1138,72,63,1131,494.5150722222222,1390.1513800000002,3.9109276362038665,1.2215741476274167,6,7,8,6,9,6,9,6,5,8,36,34,70,3,47
HOOSIERS,23,224,10.23161269738472,7881,6991,1759,255,993,955,229,0.2516092118437992,1104,67,41,1073,471.29980777777786,1413.10129,3.8421179981884066,1.279983052536232,7,9,9,10,3,4,6,5,8,3,38,26,64,4,47
BLUE SOCKS,23,215,9.725952111884135,7463,6733,1704,239,896,899,166,0.2530818357344423,1226,76,29,1254,512.4938822222223,1488.33513,3.7621900000000004,1.2139764518760194,4,3,4,8,4,7,3,7,9,9,23,35,58,5,47
BIG RED MACHINE,23,203,9.717396163410589,7469,6619,1638,274,931,931,105,0.24746940625472125,1122,69,89,1073,484.8615577777778,1413.0850300000002,3.889263832442068,1.2594340730837792,10,6,6,1,2,5,10,5,7,4,25,31,56,6,47
MELONHEADS,20,270,10.590667257568118,6560,5828,1494,227,854,824,165,0.25634866163349346,1383,89,0,1338,577.7109477777777,1675.4056200000002,3.7595072523499633,1.2114285032537964,2,1,1,7,5,10,1,9,10,10,16,40,56,6,47
FREE BIRDS,23,251,9.145338475116361,7361,6503,1669,221,893,870,125,0.25665077656466245,1262,77,27,1266,561.2107944444444,1569.39109,4.002295681458003,1.243574556259905,1,2,3,3,6,8,2,8,3,6,15,27,42,7,47
ERIE LAKERS,23,195,8.093984156061213,7317,6508,1700,240,908,905,112,0.26121696373693915,1009,58,39,928,468.32222888888896,1325.0982700000004,4.177304321110011,1.3132787611496535,5,4,5,2,10,2,5,2,1,1,26,11,37,8,47
FREE AT LAST,22,231,8.22729577801627,7431,6506,1607,235,925,863,147,0.24700276667691362,1072,62,43,1008,484.41077555555563,1383.5191799999998,4.066881511194031,1.29059625,3,5,2,4,1,3,7,3,2,2,15,17,32,9,47
WESTSIDE MARAUDERS,23,269,11.086399318311742,7414,6619,1698,271,944,938,149,0.2565342196706451,1316,84,32,1366,565.17418,1601.931856,3.865172963525836,1.2172734468085107,9,6,7,5,7,10,4,10,7,9,34,40,74,1,48
NATIONAL PASTIME,23,267,10.43852133915489,7444,6668,1719,235,923,882,156,0.2577984403119376,1285,81,52,1270,540.6973933333334,1570.1395300000001,3.786985634241246,1.2218984669260702,5,5,4,6,8,9,7,9,9,8,28,42,70,2,48
LOUISVILLE SLUGGERS,23,211,10.812683479930154,7935,7125,1870,256,1017,964,185,0.2624561403508772,1042,61,74,1004,455.01399222222227,1305.0187099999998,3.9300632725527835,1.2524171880998078,7,10,9,8,10,3,10,2,4,5,44,24,68,3,48
HOOSIERS,23,249,10.573521861930457,7962,7072,1779,268,1004,988,207,0.2515554298642534,1113,72,33,1052,475.5749988888889,1403.1845999999998,3.845619937106919,1.2607229110512128,8,9,10,10,3,7,5,3,8,3,40,26,66,4,48
BLUE SOCKS,23,207,9.78436328767302,7673,6919,1762,235,922,905,199,0.25466107819048994,1106,71,56,1117,478.5023333333334,1375.0986,3.893780289330923,1.2433079566003618,5,4,5,9,5,6,9,6,6,7,28,34,62,5,48
BIG RED MACHINE,23,202,9.71288658542432,7587,6733,1664,275,945,941,111,0.24714094757166197,1170,69,54,1138,510.31866444444455,1462.10542,3.925528188034189,1.2496627521367523,10,7,8,2,2,4,8,7,5,6,29,30,59,6,48
MELONHEADS,18,270,10.19259132994561,6530,5821,1481,227,842,817,166,0.2544236385500773,1092,70,0,1104,448.6273522222222,1279.08387,3.6974781776556775,1.1713222252747253,3,1,1,7,4,5,2,5,10,10,16,32,48,7,48
FREE BIRDS,23,251,9.200678520480157,7319,6480,1659,222,888,875,126,0.25601851851851853,1205,76,49,1217,528.5353233333334,1519.1707099999999,3.947566730290457,1.260722580912863,2,3,3,4,6,8,6,8,3,4,18,29,47,8,48
ERIE LAKERS,23,191,8.234185353984527,7597,6715,1743,252,951,933,108,0.2595681310498883,1083,60,19,980,510.72059999999993,1427.80188,4.244215512465374,1.318376620498615,6,8,6,1,9,2,3,1,1,1,30,8,38,9,48
FREE AT LAST,22,219,8.114762612114374,7144,6303,1555,233,871,858,116,0.24670791686498492,1172,69,32,1081,525.8089933333333,1500.39581,4.037782372013652,1.2802012030716723,4,2,2,3,1,4,4,4,2,2,12,16,28,10,48
LOUISVILLE SLUGGERS,23,215,10.790778083531544,7569,6826,1785,256,971,941,167,0.26150014649868153,1034,66,74,1053,433.30573000000004,1288.73778,3.771519893617022,1.246361489361702,8,9,8,8,10,4,8,4,8,6,43,30,73,1,49
WESTSIDE MARAUDERS,22,270,11.082636335612493,7253,6451,1661,265,930,923,144,0.25747946054875215,1339,84,32,1312,574.1571177777778,1635.669836,3.8591591187453322,1.2215607438386855,9,6,7,4,8,9,5,9,6,9,34,38,72,2,49
HOOSIERS,23,227,10.284458428107092,7794,6906,1726,256,992,952,219,0.24992759918911092,1145,67,39,1118,505.2068855555555,1462.1110600000002,3.9710584890829694,1.2769528908296945,8,10,10,10,2,5,6,6,3,2,40,22,62,3,49
NATIONAL PASTIME,23,269,10.479300120445341,7444,6666,1715,238,921,888,153,0.2572757275727573,1277,82,52,1273,534.3249866666666,1560.82431,3.765798653093187,1.2222586609240407,4,5,2,5,7,7,7,8,9,8,23,39,62,3,49
MELONHEADS,21,270,10.732551930794102,7202,6393,1613,245,919,884,156,0.2523072110120444,1351,85,0,1312,565.1533344444445,1636.0104900000001,3.7649000814211693,1.2109626128793487,5,4,1,6,4,10,2,9,10,10,20,41,61,4,49
BIG RED MACHINE,23,212,9.861265307489496,7738,6865,1723,268,959,945,113,0.25098324836125274,1108,67,78,1067,474.5251111111112,1397.55275,3.854445848375452,1.2613291967509026,10,8,9,1,3,5,9,5,7,3,31,29,60,5,49
ERIE LAKERS,23,201,8.126585360857304,7340,6537,1699,248,919,917,118,0.2599051552700015,783,48,79,780,339.2133544444444,981.0619099999999,3.8990040740740737,1.2529526309067687,7,4,6,3,9,2,10,2,5,5,29,24,53,6,49
BLUE SOCKS,23,202,9.516044541314635,7508,6787,1736,228,902,895,187,0.25578311477825255,1194,74,29,1195,525.6027877777778,1465.51532,3.9618300586264663,1.2273997654941373,2,3,3,9,6,6,3,7,4,7,23,27,50,7,49
FREE BIRDS,23,245,9.278177619238441,7375,6566,1675,233,882,897,117,0.25510204081632654,1352,83,0,1350,602.3770077777779,1700.31316,4.009906116863906,1.2576280769230768,3,2,4,2,5,8,2,10,2,4,16,26,42,8,49
FREE AT LAST,22,229,8.25227260446332,7816,6857,1697,246,957,904,159,0.24748432259005396,1063,61,30,933,509.9560822222222,1395.42741,4.3175961806208845,1.3127256914393226,6,7,5,7,1,3,4,3,1,1,26,12,38,9,49
WESTSIDE MARAUDERS,23,270,11.173433933133214,7757,6943,1800,253,971,950,134,0.2592539248163618,1271,80,43,1307,543.55611,1547.7683260000001,3.848941770259638,1.2177563540519276,8,8,9,5,8,10,5,10,6,9,38,40,78,1,50
NATIONAL PASTIME,23,260,10.597822122380125,7793,6980,1802,259,965,950,148,0.2581661891117478,1219,75,52,1160,541.1862566666666,1494.56152,3.9956327399507794,1.2260553896636588,10,7,9,7,7,8,9,6,4,8,40,35,75,2,50
LOUISVILLE SLUGGERS,23,207,10.666336107824012,7596,6813,1784,247,978,925,179,0.2618523411125789,1098,67,52,1135,472.77244000000013,1368.01102,3.8751839344262304,1.2459116757741346,6,9,7,8,10,5,9,5,5,5,40,29,69,3,50
BLUE SOCKS,23,208,9.7179420980215,7736,6966,1767,247,931,926,180,0.25366063738156763,1087,70,56,1062,463.93940444444445,1344.5108599999999,3.841264618215271,1.2369005151793926,6,5,8,9,6,6,10,4,7,7,34,34,68,4,50
HOOSIERS,23,236,10.302998237392336,7909,7011,1756,257,1003,953,230,0.25046355726715164,1088,67,38,1036,458.89947000000006,1357.50218,3.7960434099264715,1.2477042095588236,9,10,10,10,3,5,4,2,8,4,42,23,65,5,50
MELONHEADS,20,270,10.607301970988424,6863,6107,1545,237,888,859,180,0.25298837399705254,1256,80,0,1246,519.6449288888889,1509.7504500000002,3.7235703503184716,1.202030613057325,5,3,3,9,5,10,2,8,10,10,25,40,65,5,50
BIG RED MACHINE,23,227,9.862272569825693,7556,6698,1693,247,944,901,127,0.25276201851298896,1240,74,46,1207,513.6029911111111,1535.3079,3.72776364516129,1.2381515322580645,6,6,4,4,4,7,6,7,9,6,24,35,59,6,50
FREE BIRDS,23,242,9.221170979229987,7382,6573,1641,248,871,909,112,0.24965769055225925,1272,79,30,1263,566.5701811111111,1593.27159,4.008751281446541,1.2525720047169813,7,2,5,2,2,9,3,9,3,3,18,27,45,7,50
ERIE LAKERS,23,190,8.139134613606778,7359,6550,1706,247,920,918,115,0.26045801526717555,1051,59,47,916,507.1523588888889,1398.53929,4.342884138915318,1.3306748715509038,6,4,6,3,9,3,7,1,1,1,28,13,41,8,50
FREE AT LAST,22,224,7.93310955758455,6990,6141,1515,227,869,831,143,0.24670249145090375,1064,66,49,1061,476.4982566666667,1374.00089,4.030530366541353,1.291354219924812,4,1,2,6,1,4,8,3,2,2,14,19,33,9,50
