Name,Team,player_type,fg_auction_dollars,PA,AB,H,HR,R,RBI,SB,AVG,IP,W,SV,SO,ERA,WHIP,sgp_R,sgp_HR,sgp_RBI,sgp_SB,sgp_AVG,sgp_hitting,sgp_W,sgp_SV,sgp_SO,sgp_ERA,sgp_WHIP,sgp_pitching,sgp_total,p_c,p_1b,p_2b,p_3b,p_ss,p_of,p_ci,p_mi,p_dh,p_sp,p_rp,replacement_position,replacement_level_sgp,repl_sgp_total,repl_sgp_R,repl_sgp_HR,repl_sgp_RBI,repl_sgp_SB,repl_sgp_AVG,repl_sgp_W,repl_sgp_SV,repl_sgp_SO,repl_sgp_ERA,repl_sgp_WHIP,sgpar_R,sgpar_HR,sgpar_RBI,sgpar_SB,sgpar_AVG,sgpar_W,sgpar_SV,sgpar_SO,sgpar_ERA,sgpar_WHIP,sgpar_hitting,sgpar_pitching,sgpar_total,sgpar,$_R,$_RBI,$_HR,$_SB,$_AVG,$_W,$_SV,$_SO,$_ERA,$_WHIP,$_cat,standings_value,billikenTeam,slot,contract,salary,sgpar_random_delta,sgpar_randomized
Trea Turner,PHI,hitter,29.762995778045266,644,591,167,19,92,73,28,0.282535,NA,NA,NA,NA,NA,NA,0.31629527668764457,0.22844935852165427,0.4110073188706007,0.23101508040836707,0.17701710196617837,1.363784136454445,0,0,0,0,0,0,1.363784136454445,0,0,0,0,1,0,0,1,1,0,0,SS,0.3492615922902857,0.3492615922902857,0.0955761814338752,0.0504993318837341,0.13625174132422654,0.05775377010209177,0.00918056754635808,0,0,0,0,0,0.22071909525376937,0.17795002663792017,0.27475557754637414,0.1732613103062753,0.1678365344198203,0,0,0,0,0,1.0145225441641594,0,1.0145225441641594,1.0145225441641594,3.5524859613886943,2.712227254013997,2.617924528301886,11.013986013986017,7.123864483195811,0,0,0,0,0,27.020488240886404,27.020488240886404,Blue Socks,IL,2,30,0,1.0145225441641594
Luis Robert Jr.,NYM,hitter,17.842685828399382,567,515,121,21,69,76,29,0.235245,NA,NA,NA,NA,NA,NA,0.23722145751573345,0.2524966594186705,0.42789803060500897,0.23926561899438015,-0.02597387343995417,1.130907893093839,0,0,0,0,0,0,1.130907893093839,0,0,0,0,0,1,0,0,1,0,0,OF,0.5185403056045699,0.5185403056045699,0.13133129966813067,0.10580812394687146,0.2071927306087412,0.07920517042572585,-0.00499701904489933,0,0,0,0,0,0.10589015784760278,0.14668853547179905,0.22070529999626776,0.1600604485686543,-0.02097685439505484,0,0,0,0,0,0.6123675874892691,0,0.6123675874892691,0.6123675874892691,1.7043079067098414,2.1786743515850144,2.1580188679245276,10.174825174825177,-0.8903679315750561,0,0,0,0,0,15.3254583694695,15.3254583694695,Blue Socks,Bench,1,21,0,0.6123675874892691
Dylan Crews,WSN,hitter,16.647603600042075,595,539,131,18,72,69,26,0.243573,NA,NA,NA,NA,NA,NA,0.24753543392946095,0.21642570807314615,0.38848636989138974,0.21451400323634084,0.00603370636516053,1.0729952214954983,0,0,0,0,0,0,1.0729952214954983,0,0,0,0,0,1,0,0,1,0,0,OF,0.5185403056045699,0.5185403056045699,0.13133129966813067,0.10580812394687146,0.2071927306087412,0.07920517042572585,-0.00499701904489933,0,0,0,0,0,0.11620413426133028,0.11061758412627468,0.18129363928264855,0.135308832810615,0.01103072541005986,0,0,0,0,0,0.5544549158909284,0,0.5544549158909284,0.5544549158909284,1.870311923597163,1.7896253602305476,1.6273584905660372,8.601398601398603,0.4682019516445108,0,0,0,0,0,14.356896327436862,14.356896327436862,Blue Socks,Util,Opt,1,0,0.5544549158909284
Jurickson Profar,ATL,hitter,16.08502786785374,644,556,141,19,82,74,9,0.252956,NA,NA,NA,NA,NA,NA,0.2819153553085528,0.22844935852165427,0.4166375561154035,0.07425484727411799,0.04483053035507661,1.046087647574805,0,0,0,0,0,0,1.046087647574805,0,0,0,0,0,1,0,0,1,0,0,OF,0.5185403056045699,0.5185403056045699,0.13133129966813067,0.10580812394687146,0.2071927306087412,0.07920517042572585,-0.00499701904489933,0,0,0,0,0,0.1505840556404221,0.1226412345747828,0.2094448255066623,-0.00495032315160785,0.04982754939997594,0,0,0,0,0,0.5275473419702353,0,0.5275473419702353,0.5275473419702353,2.423658646554904,2.0675174969123096,1.804245283018867,-0.31468531468531424,2.114943034794065,0,0,0,0,0,8.095679146594833,8.095679146594833,Blue Socks,OF,Opt,2,0,0.5275473419702353
Jhoan Duran,PHI,pitcher,19.311354972170744,NA,NA,NA,NA,NA,NA,NA,NA,70,7,29,84,2.67149,1.09864,0,0,0,0,0,0,0.1717093802618933,0.40463326976464425,0.2318053513141859,0.071857962342165,0.05474116887020112,0.9347471325530896,0.9347471325530896,0,0,0,0,0,0,0,0,0,0,1,P,0.4439721908381099,0.4439721908381099,0,0,0,0,0,0.13982049535611313,0.03627746556510604,0.2329091863204439,0.02333348430688774,0.0116315592895591,0,0,0,0,0,0.03188888490578018,0.36835580419953823,-0.00110383500625801,0.04852447803527726,0.04310960958064202,0,0.4907749417149797,0.4907749417149797,0.4907749417149797,0,0,0,0,0,1.6533207724917578,40.40816326530616,-0.02755383202367567,3.803085870037934,3.20044736153975,49.03746343735192,49.03746343735192,Blue Socks,P,2,17,0,0.4907749417149797
Mickey Moniak,COL,hitter,15.105451501734834,483,451,120,21,62,69,9,0.266276,NA,NA,NA,NA,NA,NA,0.21315551255036916,0.2524966594186705,0.38848636989138974,0.07425484727411799,0.08081977505349992,1.0092131641880473,0,0,0,0,0,0,1.0092131641880473,0,0,0,0,0,1,0,0,1,0,0,OF,0.5185403056045699,0.5185403056045699,0.13133129966813067,0.10580812394687146,0.2071927306087412,0.07920517042572585,-0.00499701904489933,0,0,0,0,0,0.08182421288223848,0.14668853547179905,0.18129363928264855,-0.00495032315160785,0.08581679409839925,0,0,0,0,0,0.4906728585834775,0,0.4906728585834775,0.4906728585834775,1.3169652006394226,1.7896253602305476,2.1580188679245276,-0.31468531468531424,3.642515699294125,0,0,0,0,0,8.59243981340331,8.59243981340331,Blue Socks,OF,2,1,0,0.4906728585834775
J.T. Realmuto,PHI,hitter,14.17753388039593,500,454,114,15,56,58,7,0.251374,NA,NA,NA,NA,NA,NA,0.19252755972291408,0.1803547567276218,0.3265537601985595,0.05775377010209177,0.03129118491137477,0.7884810316625619,0,0,0,0,0,0,0.7884810316625619,1,0,0,0,0,0,0,0,1,0,0,C,0.30256973257349196,0.30256973257349196,0.08319940973740216,0.06011825224254059,0.13850383622214762,0.01650107717202622,0.00424715719937533,0,0,0,0,0,0.10932814998551192,0.12023650448508122,0.18804992397641185,0.04125269293006554,0.02704402771199943,0,0,0,0,0,0.48591129908907,0,0.48591129908907,0.48591129908907,1.759642579005615,1.8563194730341703,1.768867924528302,2.622377622377623,1.1478906494706822,0,0,0,0,0,9.155098248416392,9.155098248416392,Blue Socks,C,2,13,0,0.48591129908907
Aaron Nola,PHI,pitcher,11.708776771275904,NA,NA,NA,NA,NA,NA,NA,NA,180,11,0,177,4.115,1.20929,0,0,0,0,0,0,0.26982902612583237,0,0.4884469902691774,0.06880099948311952,0.08978368303320108,0.9168606989113304,0.9168606989113304,0,0,0,0,0,0,0,0,0,1,0,P,0.4439721908381099,0.4439721908381099,0,0,0,0,0,0.13982049535611313,0.03627746556510604,0.2329091863204439,0.02333348430688774,0.0116315592895591,0,0,0,0,0,0.13000853076971924,-0.03627746556510604,0.2555378039487335,0.04546751517623178,0.07815212374364199,0,0.47288850807322047,0.47288850807322047,0.47288850807322047,0,0,0,0,0,6.740461610927938,-3.9795918367346976,6.378712113480968,3.5634976719739666,5.80199544062635,18.505075000274523,18.505075000274523,Blue Socks,P,2,20,0,0.47288850807322047
Nolan Arenado,ARI,hitter,9.24618390489598,595,543,138,17,64,75,3,0.253519,NA,NA,NA,NA,NA,NA,0.22003149682618753,0.20440205762463803,0.42226779336020626,0.02475161575803933,0.04604464593343087,0.917497609502502,0,0,0,0,0,0,0.917497609502502,0,0,0,1,0,0,1,0,1,0,0,3B,0.4518055273846128,0.4518055273846128,0.1182669295440758,0.08416555313955683,0.18917597142537235,0.04785312379887603,0.01234394947673169,0,0,0,0,0,0.10176456728211172,0.1202365044850812,0.2330918219348339,-0.0231015080408367,0.03370069645669918,0,0,0,0,0,0.46569208211788926,0,0.46569208211788926,0.46569208211788926,1.637906299954912,2.3009468917249905,1.7688679245283017,-1.4685314685314683,1.4304346510534869,0,0,0,0,0,5.669624298730222,5.669624298730222,Blue Socks,3B,2026,33,0,0.46569208211788926
Zack Wheeler,PHI,pitcher,20.922357034624465,NA,NA,NA,NA,NA,NA,NA,NA,147,10,0,160,3.3133,1.10709,0,0,0,0,0,0,0.2452991146598476,0,0.4415340025032112,0.10879010056573572,0.11177706186703588,0.9074002795958304,0.9074002795958304,0,0,0,0,0,0,0,0,0,1,0,P,0.4439721908381099,0.4439721908381099,0,0,0,0,0,0.13982049535611313,0.03627746556510604,0.2329091863204439,0.02333348430688774,0.0116315592895591,0,0,0,0,0,0.10547861930373448,-0.03627746556510604,0.2086248161827673,0.08545661625884798,0.1001455025774768,0,0.46342808875772046,0.46342808875772046,0.46342808875772046,0,0,0,0,0,5.468676401318893,-3.9795918367346976,5.2076742524747415,6.697626908196823,7.434778756105462,20.82916448136122,20.82916448136122,Blue Socks,IL,Opt,28,0,0.46342808875772046
Jung Hoo Lee,SFG,hitter,12.948565638245014,609,552,150,10,68,64,9,0.271344,NA,NA,NA,NA,NA,NA,0.23378346537782424,0.1202365044850812,0.360335183667376,0.07425484727411799,0.11962146351083644,0.908231464315236,0,0,0,0,0,0,0.908231464315236,0,0,0,0,0,1,0,0,1,0,0,OF,0.5185403056045699,0.5185403056045699,0.13133129966813067,0.10580812394687146,0.2071927306087412,0.07920517042572585,-0.00499701904489933,0,0,0,0,0,0.10245216570969357,0.01442838053820974,0.1531424530586348,-0.00495032315160785,0.12461848255573577,0,0,0,0,0,0.389691158710666,0,0.389691158710666,0.389691158710666,1.6489732344140668,1.5117332235487857,0.2122641509433962,-0.31468531468531424,5.28946325600324,0,0,0,0,0,8.347748550224175,8.347748550224175,Blue Socks,OF,Opt,15,0,0.389691158710666
Harrison Bader,SFG,hitter,11.197738077809928,532,484,122,15,62,59,15,0.251233,NA,NA,NA,NA,NA,NA,0.21315551255036916,0.1803547567276218,0.33218399744336224,0.12375807879019664,0.03285386428229174,0.8823062097938416,0,0,0,0,0,0,0.8823062097938416,0,0,0,0,0,1,0,0,1,0,0,OF,0.5185403056045699,0.5185403056045699,0.13133129966813067,0.10580812394687146,0.2071927306087412,0.07920517042572585,-0.00499701904489933,0,0,0,0,0,0.08182421288223848,0.07454663278075034,0.12499126683462106,0.04455290836447079,0.03785088332719107,0,0,0,0,0,0.36376590418927174,0,0.36376590418927174,0.36376590418927174,1.3169652006394226,1.2338410868670235,1.0966981132075468,2.8321678321678325,1.606590390609983,0,0,0,0,0,8.086262623491807,8.086262623491807,Blue Socks,OF,2,2,0,0.36376590418927174
Emmet Sheehan,LAD,pitcher,10.779623614564525,NA,NA,NA,NA,NA,NA,NA,NA,143,9,0,162,3.96427,1.19896,0,0,0,0,0,0,0.22076920319386284,0,0.44705317753450136,0.06427943136214008,0.07510914661095923,0.8072109587014635,0.8072109587014635,0,0,0,0,0,0,0,0,0,1,0,P,0.4439721908381099,0.4439721908381099,0,0,0,0,0,0.13982049535611313,0.03627746556510604,0.2329091863204439,0.02333348430688774,0.0116315592895591,0,0,0,0,0,0.08094870783774971,-0.03627746556510604,0.21414399121405744,0.04094594705525234,0.06347758732140013,0,0.3632387678633536,0.3632387678633536,0.3632387678633536,0,0,0,0,0,4.196891191709848,-3.9795918367346976,5.345443412593122,3.2091216430590452,4.71256127893373,13.484425689561048,13.484425689561048,Blue Socks,P,2,1,0,0.3632387678633536
Connor Norby,MIA,hitter,6.2784901648636655,511,465,114,15,62,59,9,0.244847,NA,NA,NA,NA,NA,NA,0.21315551255036916,0.1803547567276218,0.33218399744336224,0.07425484727411799,0.00958929072716492,0.8095384047226362,0,0,0,0,0,0,0.8095384047226362,0,0,0,1,0,0,1,0,1,0,0,3B,0.4518055273846128,0.4518055273846128,0.1182669295440758,0.08416555313955683,0.18917597142537235,0.04785312379887603,0.01234394947673169,0,0,0,0,0,0.09488858300629335,0.09618920358806496,0.1430080260179899,0.02640172347524196,-0.00275465874956677,0,0,0,0,0,0.3577328773380234,0,0.3577328773380234,0.3577328773380234,1.5272369553633636,1.4116920543433515,1.4150943396226414,1.6783216783216792,-0.11692219275856224,0,0,0,0,0,5.915422834892473,5.915422834892473,Blue Socks,2B,Opt,1,0,0.3577328773380234
Eury Perez,MIA,pitcher,7.520143223430118,NA,NA,NA,NA,NA,NA,NA,NA,135,8,0,145,4.04028,1.20564,0,0,0,0,0,0,0.19623929172787807,0,0.4001401897685352,0.0561031982763155,0.06859899947063437,0.7210816792433631,0.7210816792433631,0,0,0,0,0,0,0,0,0,1,0,P,0.4439721908381099,0.4439721908381099,0,0,0,0,0,0.13982049535611313,0.03627746556510604,0.2329091863204439,0.02333348430688774,0.0116315592895591,0,0,0,0,0,0.05641879637176494,-0.03627746556510604,0.1672310034480913,0.03276971396942776,0.05696744018107527,0,0.27710948840525323,0.27710948840525323,0.27710948840525323,0,0,0,0,0,2.925105982100803,-3.9795918367346976,4.174405551586898,2.5683127610710694,4.229249473487823,9.917481931511896,9.917481931511896,Blue Socks,P,Opt,1,0,0.27710948840525323
Kyle Tucker,LAD,hitter,33.799278515071954,651,555,149,33,101,99,22,0.26835,NA,NA,NA,NA,NA,NA,0.3472372059288272,0.3967804648007679,0.5573934872354722,0.1815118488922884,0.10797486976851316,1.590897876625869,0,0,0,0,0,0,1.590897876625869,0,0,0,0,0,1,0,0,1,0,0,OF,0.5185403056045699,0.5185403056045699,0.13133129966813067,0.10580812394687146,0.2071927306087412,0.07920517042572585,-0.00499701904489933,0,0,0,0,0,0.2159059062606965,0.29097234085389645,0.350200756626731,0.10230667846656256,0.11297188881341248,0,0,0,0,0,1.0723575710212991,0,1.0723575710212991,1.0723575710212991,3.4750174201746105,3.4569781803211193,4.280660377358489,6.503496503496505,4.795120616017525,0,0,0,0,0,22.51127309736825,22.51127309736825,Melonheads,Bench,2,40,0,1.0723575710212991
Pete Crow-Armstrong,CHC,hitter,29.31209951661085,644,591,150,26,88,92,34,0.253518,NA,NA,NA,NA,NA,NA,0.3025433081360078,0.31261491166121114,0.517981826521853,0.2805183119244457,0.05011051735248877,1.4637688755960063,0,0,0,0,0,0,1.4637688755960063,0,0,0,0,0,1,0,0,1,0,0,OF,0.5185403056045699,0.5185403056045699,0.13133129966813067,0.10580812394687146,0.2071927306087412,0.07920517042572585,-0.00499701904489933,0,0,0,0,0,0.17121200846787715,0.2068067877143397,0.31078909591311177,0.20131314149871987,0.0551075363973881,0,0,0,0,0,0.9452285699914368,0,0.9452285699914368,0.9452285699914368,2.7556666803295475,3.0679291889666525,3.042452830188679,12.7972027972028,2.339053428711721,0,0,0,0,0,24.0023049253994,24.0023049253994,Melonheads,OF,2027,11,0,0.9452285699914368
CJ Abrams,WSN,hitter,23.86154682093598,630,573,146,20,86,70,30,0.254313,NA,NA,NA,NA,NA,NA,0.2956673238601895,0.2404730089701624,0.3941166071361925,0.24751615758039328,0.05195536430787279,1.2297284618548103,0,0,0,0,0,0,1.2297284618548103,0,0,0,0,1,0,0,1,1,0,0,SS,0.3492615922902857,0.3492615922902857,0.0955761814338752,0.0504993318837341,0.13625174132422654,0.05775377010209177,0.00918056754635808,0,0,0,0,0,0.20009114242631432,0.18997367708642832,0.257864865811966,0.18976238747830151,0.04277479676151471,0,0,0,0,0,0.8804668695645249,0,0.8804668695645249,0.8804668695645249,3.2204779276140507,2.5454919720049407,2.7948113207547167,12.062937062937063,1.8155871513829849,0,0,0,0,0,22.439305434693757,22.439305434693757,Melonheads,SS,2027,16,0,0.8804668695645249
Paul Skenes,PIT,pitcher,37.7384806374022,NA,NA,NA,NA,NA,NA,NA,NA,189,13,0,223,2.84106,1.06715,0,0,0,0,0,0,0.31888884905780185,0,0.6153880159888506,0.17971146208280506,0.1630348280073816,1.2770231551368392,1.2770231551368392,0,0,0,0,0,0,0,0,0,1,0,P,0.4439721908381099,0.4439721908381099,0,0,0,0,0,0.13982049535611313,0.03627746556510604,0.2329091863204439,0.02333348430688774,0.0116315592895591,0,0,0,0,0,0.17906835370168872,-0.03627746556510604,0.38247882966840674,0.15637797777591733,0.15140326871782248,0,0.8330509642987293,0.8330509642987293,0.8330509642987293,0,0,0,0,0,9.284032030146026,-3.9795918367346976,9.547402796203697,12.256059245652,11.240143360380491,38.34804559564751,38.34804559564751,Melonheads,P,Opt,7,0,0.8330509642987293
William Contreras,MIL,hitter,24.964627184180937,610,531,143,20,80,77,6,0.270018,NA,NA,NA,NA,NA,NA,0.2750393710327344,0.2404730089701624,0.43352826784981174,0.04950323151607866,0.10986011324384123,1.1084039926126283,0,0,0,0,0,0,1.1084039926126283,1,0,0,0,0,0,0,0,1,0,0,C,0.30256973257349196,0.30256973257349196,0.08319940973740216,0.06011825224254059,0.13850383622214762,0.01650107717202622,0.00424715719937533,0,0,0,0,0,0.19183996129533223,0.18035475672762183,0.2950244316276641,0.03300215434405244,0.10561295604446592,0,0,0,0,0,0.8058342600391366,0,0.8058342600391366,0.8058342600391366,3.0876747141041925,2.9123095924248665,2.6533018867924527,2.097902097902099,4.482768838925938,0,0,0,0,0,15.233957130149548,15.233957130149548,Melonheads,C,2026,11,0,0.8058342600391366
Seiya Suzuki,CHC,hitter,19.626394005166414,616,540,139,26,77,86,7,0.256385,NA,NA,NA,NA,NA,NA,0.26472539461900685,0.31261491166121114,0.48420040305303647,0.05775377010209177,0.05724311983380121,1.1765375992691476,0,0,0,0,0,0,1.1765375992691476,0,0,0,0,0,1,0,0,1,0,0,OF,0.5185403056045699,0.5185403056045699,0.13133129966813067,0.10580812394687146,0.2071927306087412,0.07920517042572585,-0.00499701904489933,0,0,0,0,0,0.13339409495087615,0.2068067877143397,0.27700767244429525,-0.02145140032363408,0.06224013887870054,0,0,0,0,0,0.6579972936645775,0,0.6579972936645775,0.6579972936645775,2.146985285076033,2.734458624948538,3.042452830188679,-1.3636363636363638,2.6417985590554967,0,0,0,0,0,9.202058935632383,9.202058935632383,Melonheads,OF,2,21,0,0.6579972936645775
Noelvi Marte,CIN,hitter,11.246432226952992,539,494,125,17,64,66,15,0.252899,NA,NA,NA,NA,NA,NA,0.22003149682618753,0.20440205762463803,0.3715956581569815,0.12375807879019664,0.03962306726629162,0.9594103586642952,0,0,0,0,0,0,0.9594103586642952,0,0,0,1,0,1,1,0,1,0,0,3B,0.4518055273846128,0.4518055273846128,0.1182669295440758,0.08416555313955683,0.18917597142537235,0.04785312379887603,0.01234394947673169,0,0,0,0,0,0.10176456728211172,0.1202365044850812,0.18241968673160913,0.0759049549913206,0.02727911778955993,0,0,0,0,0,0.5076048312796826,0,0.5076048312796826,0.5076048312796826,1.637906299954912,1.8007410456978183,1.7688679245283017,4.825174825174826,1.1578691077346963,0,0,0,0,0,11.190559203090553,11.190559203090553,Melonheads,3B,Opt,16,0,0.5076048312796826
Ramon Laureano,SDP,hitter,12.441062872344444,560,505,122,21,69,71,9,0.242344,NA,NA,NA,NA,NA,NA,0.23722145751573345,0.2524966594186705,0.3997468443809952,0.07425484727411799,0.00106019689021882,0.964780005479736,0,0,0,0,0,0,0.964780005479736,0,0,0,0,0,1,0,0,1,0,0,OF,0.5185403056045699,0.5185403056045699,0.13133129966813067,0.10580812394687146,0.2071927306087412,0.07920517042572585,-0.00499701904489933,0,0,0,0,0,0.10589015784760278,0.14668853547179905,0.19255411377225404,-0.00495032315160785,0.00605721593511815,0,0,0,0,0,0.4462396998751662,0,0.4462396998751662,0.4462396998751662,1.7043079067098414,1.9007822149032525,2.1580188679245276,-0.31468531468531424,0.2571000742859719,0,0,0,0,0,5.705523749138278,5.705523749138278,Melonheads,Util,2,1,0,0.4462396998751662
Willi Castro,COL,hitter,8.864053718830231,539,479,123,13,67,54,14,0.256469,NA,NA,NA,NA,NA,NA,0.23034547323991503,0.15630745583060557,0.3040328112193485,0.11550754020418354,0.05107452234101557,0.8572678028350683,0,0,0,0,0,0,0.8572678028350683,0,0,1,1,0,1,1,1,1,0,0,2B,0.4277408742732015,0.4277408742732015,0.1107033468406756,0.07214190269104871,0.16327688009927974,0.07920517042572585,0.00241357421647157,0,0,0,0,0,0.11964212639923942,0.08416555313955686,0.14075593112006876,0.03630236977845769,0.04866094812454399,0,0,0,0,0,0.4295269285618667,0,0.4295269285618667,0.4295269285618667,1.9256465958929363,1.3894606834088103,1.2382075471698113,2.307692307692309,2.065426346304106,0,0,0,0,0,8.926433480467972,8.926433480467972,Melonheads,OF,2,17,0,0.4295269285618667
Jacob Misiorowski,MIL,pitcher,7.118148586508079,NA,NA,NA,NA,NA,NA,NA,NA,134,9,0,154,3.98301,1.28174,0,0,0,0,0,0,0.22076920319386284,0,0.4249764774093408,0.05911300977136904,0.04198971174289932,0.7468484021174719,0.7468484021174719,0,0,0,0,0,0,0,0,0,1,0,P,0.4439721908381099,0.4439721908381099,0,0,0,0,0,0.13982049535611313,0.03627746556510604,0.2329091863204439,0.02333348430688774,0.0116315592895591,0,0,0,0,0,0.08094870783774971,-0.03627746556510604,0.1920672910888969,0.0357795254644813,0.03035815245334022,0,0.3028762112793621,0.3028762112793621,0.3028762112793621,0,0,0,0,0,4.196891191709848,-3.9795918367346976,4.794366772119605,2.8042054905094824,2.2537821582161315,10.069653775820369,10.069653775820369,Melonheads,P,2,1,0,0.3028762112793621
Shota Imanaga,CHC,pitcher,9.224197933692496,NA,NA,NA,NA,NA,NA,NA,NA,147,9,0,134,4.04115,1.17638,0,0,0,0,0,0,0.22076920319386284,0,0.3697847270964394,0.06103306519110254,0.08570604123186622,0.737293036713271,0.737293036713271,0,0,0,0,0,0,0,0,0,1,0,P,0.4439721908381099,0.4439721908381099,0,0,0,0,0,0.13982049535611313,0.03627746556510604,0.2329091863204439,0.02333348430688774,0.0116315592895591,0,0,0,0,0,0.08094870783774971,-0.03627746556510604,0.13687554077599548,0.0376995808842148,0.07407448194230712,0,0.29332084587516105,0.29332084587516105,0.29332084587516105,0,0,0,0,0,4.196891191709848,-3.9795918367346976,3.41667517093581,2.954689038857382,5.49927226425487,12.087935829023213,12.087935829023213,Melonheads,P,Opt,13,0,0.29332084587516105
Zack Littell,NA,pitcher,NA,NA,NA,NA,NA,NA,NA,NA,NA,162,8,0,123,4.61598,1.26991,0,0,0,0,0,0,0.19623929172787807,0,0.3394292644243436,0.02569547022519365,0.05566903019112924,0.6170330565685446,0.6170330565685446,0,0,0,0,0,0,0,0,0,1,0,P,0.4439721908381099,0.4439721908381099,0,0,0,0,0,0.13982049535611313,0.03627746556510604,0.2329091863204439,0.02333348430688774,0.0116315592895591,0,0,0,0,0,0.05641879637176494,-0.03627746556510604,0.10652007810389973,0.00236198591830591,0.04403747090157014,0,0.1730608657304347,0.1730608657304347,0.1730608657304347,0,0,0,0,0,2.925105982100803,-3.9795918367346976,2.6589447902847234,0.1851196681519638,3.269331569616008,5.0589101734188,5.0589101734188,Melonheads,P,2,2,0,0.1730608657304347
Carlos Santana,ARI,hitter,-3.4451233761949727,357,312,70,10,38,40,3,0.224159,NA,NA,NA,NA,NA,NA,0.13064370124054883,0.1202365044850812,0.22520948979211,0.02475161575803933,-0.0413317184986851,0.45950959277709424,0,0,0,0,0,0,0.45950959277709424,0,1,0,0,0,0,1,0,1,0,0,1B,0.4466098192993388,0.4466098192993388,0.11345374055100294,0.1106175841262747,0.19705830356809623,0.04125269293006554,-0.01577250187610062,0,0,0,0,0,0.01718996068954589,0.0096189203588065,0.02815118622401377,-0.01650107717202621,-0.02555921662258447,0,0,0,0,0,0.01289977347775548,0,0.01289977347775548,0.01289977347775548,0.27667336147887023,0.27789213668176227,0.1415094339622642,-1.0489510489510483,-1.0848674643179186,0,0,0,0,0,-1.4377435811460704,-1.4377435811460704,Melonheads,1B,2,9,0,0.01289977347775548
Juan Soto,NYM,hitter,38.670996541189936,686,548,149,38,114,102,23,0.27215,NA,NA,NA,NA,NA,NA,0.3919311037216465,0.45689871704330853,0.5742841989698805,0.18976238747830151,0.1220232261806507,1.7348996333937876,0,0,0,0,0,0,1.7348996333937876,0,0,0,0,0,1,0,0,1,0,0,OF,0.5185403056045699,0.5185403056045699,0.13133129966813067,0.10580812394687146,0.2071927306087412,0.07920517042572585,-0.00499701904489933,0,0,0,0,0,0.26059980405351585,0.3510905930964371,0.36709146836113926,0.11055721705257568,0.12702024522555003,0,0,0,0,0,1.216359327789218,0,1.216359327789218,1.216359327789218,4.194368160019673,3.6237134623301768,5.16509433962264,7.027972027972029,5.391406684707253,0,0,0,0,0,25.40255467465177,25.40255467465177,Erie Lakers,OF,2,37,0,1.216359327789218
Mookie Betts,LAD,hitter,26.86432612202763,651,567,155,24,95,90,9,0.273928,NA,NA,NA,NA,NA,NA,0.3266092531013721,0.2885676107641949,0.5067213520322474,0.07425484727411799,0.13371430466941508,1.3298673678413475,0,0,0,0,0,0,1.3298673678413475,0,0,0,0,1,0,0,1,1,0,0,SS,0.3492615922902857,0.3492615922902857,0.0955761814338752,0.0504993318837341,0.13625174132422654,0.05775377010209177,0.00918056754635808,0,0,0,0,0,0.23103307166749693,0.2380682788804608,0.37046961070802087,0.01650107717202622,0.124533737123057,0,0,0,0,0,0.980605775551062,0,0.980605775551062,0.980605775551062,3.718489978276017,3.657060518731987,3.5023584905660377,1.0489510489510494,5.285866214512482,0,0,0,0,0,17.212726251037573,17.212726251037573,Erie Lakers,OF,Opt,35,0,0.980605775551062
Austin Riley,ATL,hitter,21.05430219132476,672,608,159,30,88,92,3,0.26118,NA,NA,NA,NA,NA,NA,0.3025433081360078,0.3607095134552436,0.517981826521853,0.02475161575803933,0.08602579496475653,1.2920120588359003,0,0,0,0,0,0,1.2920120588359003,0,0,0,1,0,0,1,0,1,0,0,3B,0.4518055273846128,0.4518055273846128,0.1182669295440758,0.08416555313955683,0.18917597142537235,0.04785312379887603,0.01234394947673169,0,0,0,0,0,0.184276378591932,0.2765439603156868,0.32880585509648064,-0.0231015080408367,0.07368184548802484,0,0,0,0,0,0.8402065314512875,0,0.8402065314512875,0.8402065314512875,2.9659384350534888,3.245780156442981,4.068396226415094,-1.4685314685314683,3.12744471245752,0,0,0,0,0,11.939028061837616,11.939028061837616,Erie Lakers,IL,Opt,35,0,0.8402065314512875
James Wood,WSN,hitter,24.818154231127178,644,558,146,27,89,84,16,0.261188,NA,NA,NA,NA,NA,NA,0.305981300273917,0.32463856210971925,0.472939928563431,0.13200861737620975,0.07898433979394436,1.3145527481172214,0,0,0,0,0,0,1.3145527481172214,0,0,0,0,0,1,0,0,1,0,0,OF,0.5185403056045699,0.5185403056045699,0.13133129966813067,0.10580812394687146,0.2071927306087412,0.07920517042572585,-0.00499701904489933,0,0,0,0,0,0.17465000060578634,0.2188304381628478,0.2657471979546898,0.0528034469504839,0.08398135883884368,0,0,0,0,0,0.7960124425126516,0,0.7960124425126516,0.7960124425126516,2.811001352625322,2.623301770275834,3.219339622641509,3.3566433566433576,3.564610181869374,0,0,0,0,0,15.574896284055397,15.574896284055397,Erie Lakers,OF,Opt,2,0,0.7960124425126516
Ezequiel Tovar,COL,hitter,20.53650086652382,651,605,161,21,81,76,9,0.26603,NA,NA,NA,NA,NA,NA,0.2784773631706436,0.2524966594186705,0.42789803060500897,0.07425484727411799,0.10731539785072068,1.1404422983191616,0,0,0,0,0,0,1.1404422983191616,0,0,0,0,1,0,0,1,1,0,0,SS,0.3492615922902857,0.3492615922902857,0.0955761814338752,0.0504993318837341,0.13625174132422654,0.05775377010209177,0.00918056754635808,0,0,0,0,0,0.1829011817367684,0.2019973275349364,0.2916462892807824,0.01650107717202622,0.0981348303043626,0,0,0,0,0,0.791180706028876,0,0.791180706028876,0.791180706028876,2.9438045661351797,2.8789625360230544,2.9716981132075464,1.0489510489510494,4.165357885792582,0,0,0,0,0,14.008774150109414,14.008774150109414,Erie Lakers,SS,2027,11,0,0.791180706028876
Ryan O'Hearn,PIT,hitter,11.087358016084824,546,486,130,15,64,63,3,0.267159,NA,NA,NA,NA,NA,NA,0.22003149682618753,0.1803547567276218,0.3547049464225732,0.02475161575803933,0.09026753188838987,0.8701103476228117,0,0,0,0,0,0,0.8701103476228117,0,1,0,0,0,1,1,0,1,0,0,1B,0.4466098192993388,0.4466098192993388,0.11345374055100294,0.1106175841262747,0.19705830356809623,0.04125269293006554,-0.01577250187610062,0,0,0,0,0,0.10657775627518461,0.0697371726013471,0.157646642854477,-0.01650107717202621,0.10604003376449048,0,0,0,0,0,0.423500528323473,0,0.423500528323473,0.423500528323473,1.715374841168996,1.5561959654178674,1.0259433962264148,-1.0489510489510483,4.500896261609947,0,0,0,0,0,7.749459415472177,7.749459415472177,Erie Lakers,1B/3B,2,11,0,0.423500528323473
Daylen Lile,WSN,hitter,13.447584357554929,553,505,135,11,66,64,14,0.267174,NA,NA,NA,NA,NA,NA,0.2269074811020059,0.1322601549335893,0.360335183667376,0.11550754020418354,0.09385256607894106,0.9288629259860958,0,0,0,0,0,0,0.9288629259860958,0,0,0,0,0,1,0,0,1,0,0,OF,0.5185403056045699,0.5185403056045699,0.13133129966813067,0.10580812394687146,0.2071927306087412,0.07920517042572585,-0.00499701904489933,0,0,0,0,0,0.09557618143387522,0.02645203098671784,0.1531424530586348,0.03630236977845769,0.0988495851238404,0,0,0,0,0,0.4103226203815259,0,0.4103226203815259,0.4103226203815259,1.538303889822519,1.5117332235487857,0.3891509433962261,2.307692307692309,4.195695836288714,0,0,0,0,0,9.942576200748553,9.942576200748553,Erie Lakers,Util,2,1,0,0.4103226203815259
Brady Singer,CIN,pitcher,2.7230707577235655,NA,NA,NA,NA,NA,NA,NA,NA,169,10,0,160,4.37771,1.29694,0,0,0,0,0,0,0.2452991146598476,0,0.4415340025032112,0.04477933253093379,0.04638210302273037,0.777994552716723,0.777994552716723,0,0,0,0,0,0,0,0,0,1,0,P,0.4439721908381099,0.4439721908381099,0,0,0,0,0,0.13982049535611313,0.03627746556510604,0.2329091863204439,0.02333348430688774,0.0116315592895591,0,0,0,0,0,0.10547861930373448,-0.03627746556510604,0.2086248161827673,0.02144584822404605,0.03475054373317127,0,0.334022361878613,0.334022361878613,0.334022361878613,0,0,0,0,0,5.468676401318893,-3.9795918367346976,5.2076742524747415,1.6808094729541097,2.5798722624674566,10.957440552480502,10.957440552480502,Erie Lakers,P,2,2,0,0.334022361878613
Lourdes Gurriel Jr.,ARI,hitter,9.750243473074397,469,433,115,15,52,61,7,0.265909,NA,NA,NA,NA,NA,NA,0.17877559117127736,0.1803547567276218,0.34344447193296773,0.05775377010209177,0.07641817700196496,0.8367467669359236,0,0,0,0,0,0,0.8367467669359236,0,0,0,0,0,1,0,0,1,0,0,OF,0.5185403056045699,0.5185403056045699,0.13133129966813067,0.10580812394687146,0.2071927306087412,0.07920517042572585,-0.00499701904489933,0,0,0,0,0,0.04744429150314669,0.07454663278075034,0.13625174132422654,-0.02145140032363408,0.08141519604686429,0,0,0,0,0,0.3182064613313538,0,0.3182064613313538,0.3182064613313538,0.763618477681682,1.3449979415397282,1.0966981132075468,-1.3636363636363638,3.4556887480762213,0,0,0,0,0,5.297366916868814,5.297366916868814,Erie Lakers,IL,Opt,13,0,0.3182064613313538
Brandon Marsh,PHI,hitter,9.7178376689815,497,440,113,14,59,59,10,0.256047,NA,NA,NA,NA,NA,NA,0.20284153613664163,0.16833110627911368,0.33218399744336224,0.08250538586013109,0.04554198254761813,0.8314040082668668,0,0,0,0,0,0,0.8314040082668668,0,0,0,0,0,1,0,0,1,0,0,OF,0.5185403056045699,0.5185403056045699,0.13133129966813067,0.10580812394687146,0.2071927306087412,0.07920517042572585,-0.00499701904489933,0,0,0,0,0,0.07151023646851096,0.06252298233224222,0.12499126683462106,0.00330021543440524,0.05053900159251746,0,0,0,0,0,0.31286370266229696,0,0.31286370266229696,0.31286370266229696,1.1509611837521003,1.2338410868670235,0.9198113207547168,0.2097902097902098,2.145140804448083,0,0,0,0,0,5.659544605612133,5.659544605612133,Erie Lakers,OF,2,8,0,0.31286370266229696
Francisco Lindor,NYM,hitter,27.15469767844784,630,558,146,26,94,78,22,0.261149,NA,NA,NA,NA,NA,NA,0.32317126096346294,0.31261491166121114,0.4391585050946145,0.1815118488922884,0.07882329637885781,1.3352798229904348,0,0,0,0,0,0,1.3352798229904348,0,0,0,0,1,0,0,1,1,0,0,SS,0.3492615922902857,0.3492615922902857,0.0955761814338752,0.0504993318837341,0.13625174132422654,0.05775377010209177,0.00918056754635808,0,0,0,0,0,0.22759507952958777,0.262115579777477,0.30290676377038794,0.12375807879019664,0.06964272883249972,0,0,0,0,0,0.986018230700149,0,0.986018230700149,0.986018230700149,3.663155305980242,2.9901193906957597,3.8561320754716975,7.867132867132869,2.956003376485905,0,0,0,0,0,21.332543015766475,21.332543015766475,National Pastime,SS,2,33,0,0.986018230700149
Willy Adames,SFG,hitter,19.681234913710792,679,596,141,27,85,87,12,0.236346,NA,NA,NA,NA,NA,NA,0.29222933172228033,0.32463856210971925,0.4898306402978392,0.09900646303215732,-0.02520309504228389,1.180501902119712,0,0,0,0,0,0,1.180501902119712,0,0,0,0,1,0,0,1,1,0,0,SS,0.3492615922902857,0.3492615922902857,0.0955761814338752,0.0504993318837341,0.13625174132422654,0.05775377010209177,0.00918056754635808,0,0,0,0,0,0.19665315028840513,0.27413923022598513,0.3535788989736126,0.04125269293006555,-0.03438366258864197,0,0,0,0,0,0.8312403098294264,0,0.8312403098294264,0.8312403098294264,3.1651432553182763,3.4903252367229305,4.033018867924527,2.6223776223776234,-1.4594233226045976,0,0,0,0,0,11.85144165973876,11.85144165973876,National Pastime,2B/SS,2026,27,0,0.8312403098294264
Brice Turang,MIL,hitter,19.155771438925893,651,582,151,14,83,68,28,0.258778,NA,NA,NA,NA,NA,NA,0.28535334744646196,0.16833110627911368,0.38285613264658697,0.23101508040836707,0.07200183024418622,1.139557497024716,0,0,0,0,0,0,1.139557497024716,0,0,1,0,0,0,0,1,1,0,0,2B,0.4277408742732015,0.4277408742732015,0.1107033468406756,0.07214190269104871,0.16327688009927974,0.07920517042572585,0.00241357421647157,0,0,0,0,0,0.17465000060578634,0.09618920358806496,0.21957925254730723,0.1518099099826412,0.06958825602771465,0,0,0,0,0,0.7118166227515145,0,0.7118166227515145,0.7118166227515145,2.811001352625322,2.1675586661177437,1.4150943396226414,9.650349650349652,2.953691264402264,0,0,0,0,0,18.99769527311762,18.99769527311762,National Pastime,2B,Opt,7,0,0.7118166227515145
Michael Harris II,ATL,hitter,22.419558900326173,574,539,148,22,71,77,18,0.275139,NA,NA,NA,NA,NA,NA,0.2440974417915518,0.2645203098671786,0.43352826784981174,0.14850969454823598,0.1319414621550059,1.2225971762117842,0,0,0,0,0,0,1.2225971762117842,0,0,0,0,0,1,0,0,1,0,0,OF,0.5185403056045699,0.5185403056045699,0.13133129966813067,0.10580812394687146,0.2071927306087412,0.07920517042572585,-0.00499701904489933,0,0,0,0,0,0.11276614212342112,0.15871218592030717,0.22633553724107056,0.06930452412251013,0.13693848119990523,0,0,0,0,0,0.7040568706072142,0,0.7040568706072142,0.7040568706072142,1.814977251301389,2.234252778921366,2.3349056603773577,4.405594405594408,5.812388738691561,0,0,0,0,0,16.60211883488608,16.60211883488608,National Pastime,OF,2028,21,0,0.7040568706072142
Alec Burleson,STL,hitter,19.380479668500417,602,551,152,22,70,79,6,0.275768,NA,NA,NA,NA,NA,NA,0.2406594496536426,0.2645203098671786,0.4447887423394172,0.04950323151607866,0.1374436925100935,1.1369154258864105,0,0,0,0,0,0,1.1369154258864105,0,1,0,0,0,1,1,0,1,0,0,1B,0.4466098192993388,0.4466098192993388,0.11345374055100294,0.1106175841262747,0.19705830356809623,0.04125269293006554,-0.01577250187610062,0,0,0,0,0,0.12720570910263967,0.1539027257409039,0.24773043877132095,0.00825053858601312,0.15321619438619413,0,0,0,0,0,0.6903056065870719,0,0.6903056065870719,0.6903056065870719,2.04738287494364,2.4454508027995057,2.2641509433962255,0.5244755244755254,6.50330042389946,0,0,0,0,0,13.784760569514358,13.784760569514358,National Pastime,OF,Opt,1,0,0.6903056065870719
Ivan Herrera,STL,hitter,16.987857411292623,601,520,142,19,77,74,10,0.273437,NA,NA,NA,NA,NA,NA,0.26472539461900685,0.22844935852165427,0.4166375561154035,0.08250538586013109,0.1207409807254811,1.1130586758416767,0,0,0,0,0,0,1.1130586758416767,0,0,0,0,0,0,0,0,1,0,0,Util,0.5185403056045699,0.5185403056045699,0.13133129966813067,0.10580812394687146,0.2071927306087412,0.07920517042572585,-0.00499701904489933,0,0,0,0,0,0.13339409495087615,0.1226412345747828,0.2094448255066623,0.00330021543440524,0.12573799977038044,0,0,0,0,0,0.594518370237107,0,0.594518370237107,0.594518370237107,2.146985285076033,2.0675174969123096,1.804245283018867,0.2097902097902098,5.336981449531859,0,0,0,0,0,11.565519724329278,11.565519724329278,National Pastime,C,Opt,2,0,0.594518370237107
Nick Pivetta,SDP,pitcher,15.5348012946797,NA,NA,NA,NA,NA,NA,NA,NA,173,10,0,190,3.91626,1.16896,0,0,0,0,0,0,0.2452991146598476,0,0.5243216279725633,0.08147191152378029,0.10415057415416933,0.9552432283103603,0.9552432283103603,0,0,0,0,0,0,0,0,0,1,0,P,0.4439721908381099,0.4439721908381099,0,0,0,0,0,0.13982049535611313,0.03627746556510604,0.2329091863204439,0.02333348430688774,0.0116315592895591,0,0,0,0,0,0.10547861930373448,-0.03627746556510604,0.29141244165211944,0.05813842721689255,0.09251901486461024,0,0.5112710374722507,0.5112710374722507,0.5112710374722507,0,0,0,0,0,5.468676401318893,-3.9795918367346976,7.274211654250435,4.556575155616294,6.868590086899343,20.18846146135027,20.18846146135027,National Pastime,P,2,13,0,0.5112710374722507
Freddy Peralta,NYM,pitcher,13.572721869639524,NA,NA,NA,NA,NA,NA,NA,NA,162,11,0,177,3.82923,1.2182,0,0,0,0,0,0,0.26982902612583237,0,0.4884469902691774,0.08258468039194433,0.07711075360747456,0.9179714503944286,0.9179714503944286,0,0,0,0,0,0,0,0,0,1,0,P,0.4439721908381099,0.4439721908381099,0,0,0,0,0,0.13982049535611313,0.03627746556510604,0.2329091863204439,0.02333348430688774,0.0116315592895591,0,0,0,0,0,0.13000853076971924,-0.03627746556510604,0.2555378039487335,0.05925119608505659,0.06547919431791546,0,0.4739992595563187,0.4739992595563187,0.4739992595563187,0,0,0,0,0,6.740461610927938,-3.9795918367346976,6.378712113480968,4.643787954815414,4.861160115553989,18.644529958043613,18.644529958043613,National Pastime,P,Opt,24,0,0.4739992595563187
Nolan Gorman,STL,hitter,6.566504760152629,532,472,104,24,63,70,4,0.220319,NA,NA,NA,NA,NA,NA,0.21659350468827832,0.2885676107641949,0.3941166071361925,0.03300215434405244,-0.07594020794918377,0.8563396689835343,0,0,0,0,0,0,0.8563396689835343,0,0,1,1,0,0,1,1,1,0,0,2B,0.4277408742732015,0.4277408742732015,0.1107033468406756,0.07214190269104871,0.16327688009927974,0.07920517042572585,0.00241357421647157,0,0,0,0,0,0.10589015784760272,0.2164257080731462,0.23083972703691277,-0.04620301608167341,-0.07835378216565533,0,0,0,0,0,0.4285987947103329,0,0.4285987947103329,0.4285987947103329,1.7043079067098403,2.278715520790449,3.1839622641509435,-2.9370629370629375,-3.325746255566488,0,0,0,0,0,0.9041764990218072,0.9041764990218072,National Pastime,Bench,2,6,0,0.4285987947103329
Matthew Boyd,CHC,pitcher,11.116987697033176,NA,NA,NA,NA,NA,NA,NA,NA,167,11,0,149,3.88941,1.22574,0,0,0,0,0,0,0.26982902612583237,0,0.4111785398311154,0.0806477191548136,0.0762677325873288,0.8379230176990902,0.8379230176990902,0,0,0,0,0,0,0,0,0,1,0,P,0.4439721908381099,0.4439721908381099,0,0,0,0,0,0.13982049535611313,0.03627746556510604,0.2329091863204439,0.02333348430688774,0.0116315592895591,0,0,0,0,0,0.13000853076971924,-0.03627746556510604,0.1782693535106715,0.05731423484792586,0.0646361732977697,0,0.39395082686098026,0.39395082686098026,0.39395082686098026,0,0,0,0,0,6.740461610927938,-3.9795918367346976,4.449943871823655,4.491979420030399,4.798574431621941,16.501367497669236,16.501367497669236,National Pastime,P,2,7,0,0.39395082686098026
Mark Vientos,NYM,hitter,5.569084162153063,441,401,100,20,52,63,1,0.250159,NA,NA,NA,NA,NA,NA,0.17877559117127736,0.2404730089701624,0.3547049464225732,0.00825053858601311,0.02403275490376887,0.8062368400537949,0,0,0,0,0,0,0.8062368400537949,0,0,0,1,0,0,1,0,1,0,0,3B,0.4518055273846128,0.4518055273846128,0.1182669295440758,0.08416555313955683,0.18917597142537235,0.04785312379887603,0.01234394947673169,0,0,0,0,0,0.06050866162720156,0.15630745583060557,0.16552897499720087,-0.03960258521286292,0.01168880542703717,0,0,0,0,0,0.35443131266918226,0,0.35443131266918226,0.35443131266918226,0.9738902324056232,1.634005763688761,2.299528301886792,-2.517482517482518,0.4961343257027062,0,0,0,0,0,2.8860761062013647,2.8860761062013647,National Pastime,3B,Opt,1,0,0.35443131266918226
Raisel Iglesias,ATL,pitcher,10.629270057822524,NA,NA,NA,NA,NA,NA,NA,NA,66,5,26,71,3.61422,1.1511,0,0,0,0,0,0,0.1226495573299238,0.3627746556510604,0.19593071361079997,0.03997964952580201,0.04275088550324962,0.7640854616208357,0.7640854616208357,0,0,0,0,0,0,0,0,0,0,1,P,0.4439721908381099,0.4439721908381099,0,0,0,0,0,0.13982049535611313,0.03627746556510604,0.2329091863204439,0.02333348430688774,0.0116315592895591,0,0,0,0,0,-0.01717093802618932,0.32649719008595435,-0.03697847270964394,0.01664616521891427,0.03111932621369052,0,0.3201132707827259,0.3201132707827259,0.3201132707827259,0,0,0,0,0,-0.8902496467263311,35.81632653061228,-0.9230533727931424,1.3046363051725314,2.3102915206688204,37.617951336934155,37.617951336934155,National Pastime,P,2,24,0,0.3201132707827259
Tyler Stephenson,CIN,hitter,8.225285272919788,450,398,93,14,50,53,1,0.233826,NA,NA,NA,NA,NA,NA,0.171899606895459,0.16833110627911368,0.2984025739745457,0.00825053858601311,-0.02425237144162322,0.6226314542935083,0,0,0,0,0,0,0.6226314542935083,1,0,0,0,0,0,0,0,1,0,0,C,0.30256973257349196,0.30256973257349196,0.08319940973740216,0.06011825224254059,0.13850383622214762,0.01650107717202622,0.00424715719937533,0,0,0,0,0,0.08870019715805684,0.1082128540365731,0.1598987377523981,-0.00825053858601311,-0.02849952864099855,0,0,0,0,0,0.3200617217200164,0,0.3200617217200164,0.3200617217200164,1.4276345452309704,1.5784273363524084,1.5919811320754718,-0.5244755244755246,-1.2096697573937472,0,0,0,0,0,2.8638977317895784,2.8638977317895784,National Pastime,C,2,12,0,0.3200617217200164
Dennis Santana,PIT,pitcher,7.154525391964888,NA,NA,NA,NA,NA,NA,NA,NA,68,4,26,63,3.7221,1.24681,0,0,0,0,0,0,0.09811964586393904,0.3627746556510604,0.17385401348563942,0.03791678227808402,0.027387848736526742,0.7000529460152497,0.7000529460152497,0,0,0,0,0,0,0,0,0,0,1,P,0.4439721908381099,0.4439721908381099,0,0,0,0,0,0.13982049535611313,0.03627746556510604,0.2329091863204439,0.02333348430688774,0.0116315592895591,0,0,0,0,0,-0.04170084949217409,0.32649719008595435,-0.05905517283480449,0.01458329797119627,0.01575628944696764,0,0.2560807551771397,0.2560807551771397,0.2560807551771397,0,0,0,0,0,-2.162034856335376,35.81632653061228,-1.4741300132666595,1.1429599389505836,1.1697432539692512,34.49286485393008,34.49286485393008,National Pastime,P,2,3,0,0.2560807551771397
Matthew Liberatore,STL,pitcher,1.2454209289886513,NA,NA,NA,NA,NA,NA,NA,NA,150,9,0,125,4.22159,1.31325,0,0,0,0,0,0,0.22076920319386284,0,0.34494843945563375,0.05019765655396194,0.03490551398323434,0.6508208131866928,0.6508208131866928,0,0,0,0,0,0,0,0,0,1,0,P,0.4439721908381099,0.4439721908381099,0,0,0,0,0,0.13982049535611313,0.03627746556510604,0.2329091863204439,0.02333348430688774,0.0116315592895591,0,0,0,0,0,0.08094870783774971,-0.03627746556510604,0.11203925313518984,0.0268641722470742,0.02327395469367524,0,0.20684862234858295,0.20684862234858295,0.20684862234858295,0,0,0,0,0,4.196891191709848,-3.9795918367346976,2.7967139504031024,2.105468374308693,1.727852968666558,6.847334648353503,6.847334648353503,National Pastime,P,2,1,0,0.20684862234858295
Fernando Tatis Jr.,SDP,hitter,32.84004037630166,672,586,158,30,102,90,25,0.269877,NA,NA,NA,NA,NA,NA,0.35067519806673636,0.3607095134552436,0.5067213520322474,0.20626346465032777,0.12062777109605752,1.5449972993006127,0,0,0,0,0,0,1.5449972993006127,0,0,0,0,0,1,0,0,1,0,0,OF,0.5185403056045699,0.5185403056045699,0.13133129966813067,0.10580812394687146,0.2071927306087412,0.07920517042572585,-0.00499701904489933,0,0,0,0,0,0.21934389839860569,0.25490138950837216,0.2995286214235062,0.1270582942246019,0.12562479014095684,0,0,0,0,0,1.0264569936960428,0,1.0264569936960428,1.0264569936960428,3.530352092470385,2.9567723342939476,3.75,8.07692307692308,5.332176237955044,0,0,0,0,0,23.646223741642455,23.646223741642455,Big Red Machine,OF,2026,31,0,1.0264569936960428
Ketel Marte,ARI,hitter,24.073177101007865,637,554,152,27,94,86,6,0.273501,NA,NA,NA,NA,NA,NA,0.32317126096346294,0.32463856210971925,0.48420040305303647,0.04950323151607866,0.12889796523056352,1.3104114228728607,0,0,0,0,0,0,1.3104114228728607,0,0,1,0,0,0,0,1,1,0,0,2B,0.4277408742732015,0.4277408742732015,0.1107033468406756,0.07214190269104871,0.16327688009927974,0.07920517042572585,0.00241357421647157,0,0,0,0,0,0.21246791412278732,0.25249665941867055,0.3209235229537567,-0.02970193890964718,0.12648439101409195,0,0,0,0,0,0.8826705485996593,0,0.8826705485996593,0.8826705485996593,3.4196827478788365,3.1679703581720866,3.714622641509434,-1.888111888111888,5.368662216118379,0,0,0,0,0,13.782826075566849,13.782826075566849,Big Red Machine,2B,2,29,0,0.8826705485996593
Dansby Swanson,CHC,hitter,18.420279655118566,686,619,149,22,82,80,16,0.240947,NA,NA,NA,NA,NA,NA,0.2819153553085528,0.2645203098671786,0.45041897958422,0.13200861737620975,-0.00509975312138263,1.1237635090147786,0,0,0,0,0,0,1.1237635090147786,0,0,0,0,1,0,0,1,1,0,0,SS,0.3492615922902857,0.3492615922902857,0.0955761814338752,0.0504993318837341,0.13625174132422654,0.05775377010209177,0.00918056754635808,0,0,0,0,0,0.1863391738746776,0.21402097798344452,0.3141672382599935,0.07425484727411799,-0.0142803206677407,0,0,0,0,0,0.7745019167244929,0,0.7745019167244929,0.7745019167244929,2.999139238430954,3.1012762453684646,3.1485849056603765,4.720279720279722,-0.6061318506440241,0,0,0,0,0,13.363148259095492,13.363148259095492,Big Red Machine,SS,2,19,0,0.7745019167244929
Michael Busch,CHC,hitter,18.541310568391104,602,526,133,28,84,82,4,0.252733,NA,NA,NA,NA,NA,NA,0.28879133958437114,0.33666221255822737,0.4616794540738255,0.03300215434405244,0.0415435867712176,1.161678747331694,0,0,0,0,0,0,1.161678747331694,0,1,0,0,0,0,1,0,1,0,0,1B,0.4466098192993388,0.4466098192993388,0.11345374055100294,0.1106175841262747,0.19705830356809623,0.04125269293006554,-0.01577250187610062,0,0,0,0,0,0.1753375990333682,0.2260446284319527,0.26462115050572926,-0.0082505385860131,0.05731608864731821,0,0,0,0,0,0.7150689280323552,0,0.7150689280323552,0.7150689280323552,2.8220682870844773,2.612186084808563,3.325471698113207,-0.524475524475524,2.4327959918964703,0,0,0,0,0,10.668046537427196,10.668046537427196,Big Red Machine,1B,2027,11,0,0.7150689280323552
Otto Lopez,MIA,hitter,13.382264651540074,609,557,148,12,67,65,16,0.26582,NA,NA,NA,NA,NA,NA,0.23034547323991503,0.14428380538209745,0.3659654209121787,0.13200861737620975,0.09793551554588836,0.9705388324562894,0,0,0,0,0,0,0.9705388324562894,0,0,1,0,1,0,0,1,1,0,0,SS,0.3492615922902857,0.3492615922902857,0.0955761814338752,0.0504993318837341,0.13625174132422654,0.05775377010209177,0.00918056754635808,0,0,0,0,0,0.13476929180603983,0.09378447349836336,0.22971367958795216,0.07425484727411799,0.08875494799953028,0,0,0,0,0,0.6212772401660037,0,0.6212772401660037,0.6212772401660037,2.1691191539943424,2.267599835323178,1.3797169811320755,4.720279720279722,3.767226390531794,0,0,0,0,0,14.303942081261113,14.303942081261113,Big Red Machine,Util,2,1,0,0.6212772401660037
Joey Ortiz,MIL,hitter,12.912357148978252,630,570,141,12,73,66,15,0.248135,NA,NA,NA,NA,NA,NA,0.25097342606737016,0.14428380538209745,0.3715956581569815,0.12375807879019664,0.02562379589453295,0.9162347642911788,0,0,0,0,0,0,0.9162347642911788,0,0,0,0,1,0,0,1,1,0,0,SS,0.3492615922902857,0.3492615922902857,0.0955761814338752,0.0504993318837341,0.13625174132422654,0.05775377010209177,0.00918056754635808,0,0,0,0,0,0.15539724463349497,0.09378447349836336,0.2353439168327549,0.06600430868810486,0.01644322834817486,0,0,0,0,0,0.566973172000893,0,0.566973172000893,0.566973172000893,2.501127187768988,2.3231782626595305,1.3797169811320755,4.195804195804196,0.6979370184422024,0,0,0,0,0,11.09776364580699,11.09776364580699,Big Red Machine,3B,Opt,6,0,0.566973172000893
Kyle Stowers,MIA,hitter,15.446514842184168,609,537,130,27,73,84,4,0.242921,NA,NA,NA,NA,NA,NA,0.25097342606737016,0.32463856210971925,0.472939928563431,0.03300215434405244,0.0034203259932161,1.084974397077789,0,0,0,0,0,0,1.084974397077789,0,0,0,0,0,1,0,0,1,0,0,OF,0.5185403056045699,0.5185403056045699,0.13133129966813067,0.10580812394687146,0.2071927306087412,0.07920517042572585,-0.00499701904489933,0,0,0,0,0,0.11964212639923948,0.2188304381628478,0.2657471979546898,-0.04620301608167341,0.00841734503811543,0,0,0,0,0,0.5664340914732191,0,0.5664340914732191,0.5664340914732191,1.9256465958929376,2.623301770275834,3.219339622641509,-2.9370629370629375,0.3572763556344838,0,0,0,0,0,5.1885014073818265,5.1885014073818265,Big Red Machine,OF,2,3,0,0.5664340914732191
Michael King,SDP,pitcher,12.250889730152604,NA,NA,NA,NA,NA,NA,NA,NA,161,10,0,170,3.68187,1.24561,0,0,0,0,0,0,0.2452991146598476,0,0.4691298776596619,0.0926645976820885,0.06533927199198256,0.8724328619935805,0.8724328619935805,0,0,0,0,0,0,0,0,0,1,0,P,0.4439721908381099,0.4439721908381099,0,0,0,0,0,0.13982049535611313,0.03627746556510604,0.2329091863204439,0.02333348430688774,0.0116315592895591,0,0,0,0,0,0.10547861930373448,-0.03627746556510604,0.236220691339218,0.06933111337520076,0.05370771270242346,0,0.42846067115547065,0.42846067115547065,0.42846067115547065,0,0,0,0,0,5.468676401318893,-3.9795918367346976,5.89652005306664,5.433797297923215,3.987248065683971,16.806649981258023,16.806649981258023,Big Red Machine,P,Opt,2,0,0.42846067115547065
Sandy Alcantara,MIA,pitcher,7.875634426101367,NA,NA,NA,NA,NA,NA,NA,NA,188,11,0,156,4.07592,1.25788,0,0,0,0,0,0,0.26982902612583237,0,0.4304956524406309,0.07513819261108858,0.07039243346318884,0.8458553046407407,0.8458553046407407,0,0,0,0,0,0,0,0,0,1,0,P,0.4439721908381099,0.4439721908381099,0,0,0,0,0,0.13982049535611313,0.03627746556510604,0.2329091863204439,0.02333348430688774,0.0116315592895591,0,0,0,0,0,0.13000853076971924,-0.03627746556510604,0.19758646612018704,0.05180470830420083,0.05876087417362974,0,0.4018831138026307,0.4018831138026307,0.4018831138026307,0,0,0,0,0,6.740461610927938,-3.9795918367346976,4.932135932237983,4.0601725588869035,4.362393594842707,16.115571860160834,16.115571860160834,Big Red Machine,P,2,18,0,0.4018831138026307
Ryan Walker,SFG,pitcher,11.337172694124025,NA,NA,NA,NA,NA,NA,NA,NA,63,5,27,68,3.27066,1.18208,0,0,0,0,0,0,0.1226495573299238,0.376727527022255,0.18765195106386476,0.04782337492133099,0.03581201232502449,0.7706644226623991,0.7706644226623991,0,0,0,0,0,0,0,0,0,0,1,P,0.4439721908381099,0.4439721908381099,0,0,0,0,0,0.13982049535611313,0.03627746556510604,0.2329091863204439,0.02333348430688774,0.0116315592895591,0,0,0,0,0,-0.01717093802618932,0.34045006145714896,-0.04525723525657915,0.02448989061444325,0.02418045303546539,0,0.32669223182428914,0.32669223182428914,0.32669223182428914,0,0,0,0,0,-0.8902496467263311,37.34693877551023,-1.1297071129707117,1.9193850346386645,1.7951511941537404,39.04151824460559,39.04151824460559,Big Red Machine,P,2,1,0,0.32669223182428914
Braxton Ashcraft,PIT,pitcher,4.9990412569843805,NA,NA,NA,NA,NA,NA,NA,NA,149,8,0,132,3.83709,1.28304,0,0,0,0,0,0,0.19623929172787807,0,0.36426555206514927,0.07543477321424111,0.04619426033198868,0.6821338773392571,0.6821338773392571,0,0,0,0,0,0,0,0,0,1,1,P,0.4439721908381099,0.4439721908381099,0,0,0,0,0,0.13982049535611313,0.03627746556510604,0.2329091863204439,0.02333348430688774,0.0116315592895591,0,0,0,0,0,0.05641879637176494,-0.03627746556510604,0.13135636574470536,0.05210128890735337,0.03456270104242958,0,0.2381616865011472,0.2381616865011472,0.2381616865011472,0,0,0,0,0,2.925105982100803,-3.9795918367346976,3.278906010817431,4.083416940832789,2.5659268649141764,8.873763961930502,8.873763961930502,Big Red Machine,P,2,1,0,0.2381616865011472
Bubba Chandler,PIT,pitcher,1.59778964063931,NA,NA,NA,NA,NA,NA,NA,NA,147,8,0,135,4.11871,1.32938,0,0,0,0,0,0,0.19623929172787807,0,0.3725443146120844,0.05594405555497345,0.02813833799646494,0.6528659998914009,0.6528659998914009,0,0,0,0,0,0,0,0,0,1,0,P,0.4439721908381099,0.4439721908381099,0,0,0,0,0,0.13982049535611313,0.03627746556510604,0.2329091863204439,0.02333348430688774,0.0116315592895591,0,0,0,0,0,0.05641879637176494,-0.03627746556510604,0.13963512829164051,0.03261057124808571,0.01650677870690584,0,0.20889380905329097,0.20889380905329097,0.20889380905329097,0,0,0,0,0,2.925105982100803,-3.9795918367346976,3.485559750994999,2.5558400161934154,1.2254594016031113,6.212373314157632,6.212373314157632,Big Red Machine,P,2,4,0,0.20889380905329097
Sean Murphy,ATL,hitter,4.528760478260271,348,304,67,15,39,43,0,0.221321,NA,NA,NA,NA,NA,NA,0.13408169337845802,0.1803547567276218,0.24210020152651823,0,-0.04665647860945866,0.5098801730231394,0,0,0,0,0,0,0.5098801730231394,1,0,0,0,0,0,0,0,1,0,0,C,0.30256973257349196,0.30256973257349196,0.08319940973740216,0.06011825224254059,0.13850383622214762,0.01650107717202622,0.00424715719937533,0,0,0,0,0,0.05088228364105586,0.12023650448508122,0.1035963653043706,-0.01650107717202622,-0.05090363580883399,0,0,0,0,0,0.20731044044964747,0,0.20731044044964747,0.20731044044964747,0.8189531499774559,1.0226430629888843,1.768867924528302,-1.0489510489510492,-2.160617796701019,0,0,0,0,0,0.40089529184257344,0.40089529184257344,Big Red Machine,C,2,12,0,0.20731044044964747
Pavin Smith,ARI,hitter,2.1339703610107024,455,393,93,13,52,52,3,0.23675,NA,NA,NA,NA,NA,NA,0.17877559117127736,0.15630745583060557,0.292772336729743,0.02475161575803933,-0.01544387291098908,0.6371631265786761,0,0,0,0,0,0,0.6371631265786761,0,1,0,0,0,0,1,0,1,0,0,1B,0.4466098192993388,0.4466098192993388,0.11345374055100294,0.1106175841262747,0.19705830356809623,0.04125269293006554,-0.01577250187610062,0,0,0,0,0,0.06532185062027443,0.04568987170433086,0.09571403316164678,-0.01650107717202621,3.2862896511154024e-4,0,0,0,0,0,0.19055330727933745,0,0.19055330727933745,0.19055330727933745,1.0513587736197072,0.9448332647179912,0.6721698113207547,-1.0489510489510483,0.01394874018818532,0,0,0,0,0,1.63335954089559,1.63335954089559,Big Red Machine,OF,2,4,0,0.19055330727933745
Cade Horton,CHC,pitcher,3.1954316713545845,NA,NA,NA,NA,NA,NA,NA,NA,127,8,0,111,4.124,1.25205,0,0,0,0,0,0,0.19623929172787807,0,0.30631421423660277,0.04803274631001628,0.0494474802361342,0.6000337325106313,0.6000337325106313,0,0,0,0,0,0,0,0,0,1,0,P,0.4439721908381099,0.4439721908381099,0,0,0,0,0,0.13982049535611313,0.03627746556510604,0.2329091863204439,0.02333348430688774,0.0116315592895591,0,0,0,0,0,0.05641879637176494,-0.03627746556510604,0.07340502791615885,0.02469926200312854,0.0378159209465751,0,0.1560615416725214,0.1560615416725214,0.1560615416725214,0,0,0,0,0,2.925105982100803,-3.9795918367346976,1.832329829574446,1.9357944305175925,2.8074451519043335,5.521083557362477,5.521083557362477,Big Red Machine,P,2,1,0,0.1560615416725214
Kyle Schwarber,PHI,hitter,24.246960957518574,686,573,130,44,103,105,7,0.226835,NA,NA,NA,NA,NA,NA,0.35411319020464554,0.5290406197343572,0.5911749107042887,0.05775377010209177,-0.06456019032583815,1.4675223004195452,0,0,0,0,0,0,1.4675223004195452,0,0,0,0,0,0,0,0,1,0,0,Util,0.5185403056045699,0.5185403056045699,0.13133129966813067,0.10580812394687146,0.2071927306087412,0.07920517042572585,-0.00499701904489933,0,0,0,0,0,0.22278189053651487,0.4232324957874858,0.3839821800955475,-0.02145140032363408,-0.05956317128093882,0,0,0,0,0,0.9489819948149754,0,0.9489819948149754,0.9489819948149754,3.5856867647661588,3.790448744339234,6.226415094339621,-1.3636363636363638,-2.528173987037947,0,0,0,0,0,9.710740252770703,9.710740252770703,Free At Last,Bench,2,24,0,0.9489819948149754
Geraldo Perdomo,ARI,hitter,23.86079254648134,686,581,154,15,96,72,23,0.265965,NA,NA,NA,NA,NA,NA,0.3300472452392813,0.1803547567276218,0.405377081625798,0.18976238747830151,0.10277878909241346,1.208320260163416,0,0,0,0,0,0,1.208320260163416,0,0,0,0,1,0,0,1,1,0,0,SS,0.3492615922902857,0.3492615922902857,0.0955761814338752,0.0504993318837341,0.13625174132422654,0.05775377010209177,0.00918056754635808,0,0,0,0,0,0.2344710638054061,0.1298554248438877,0.2691253403015714,0.13200861737620975,0.09359822154605538,0,0,0,0,0,0.8590586678731303,0,0.8590586678731303,0.8590586678731303,3.773824650571791,2.6566488266776447,1.910377358490566,8.391608391608393,3.972800370712937,0,0,0,0,0,20.705259598061332,20.705259598061332,Free At Last,SS,2,6,0,0.8590586678731303
Matt Chapman,SFG,hitter,16.84132979643524,672,583,141,27,89,84,9,0.241462,NA,NA,NA,NA,NA,NA,0.305981300273917,0.32463856210971925,0.472939928563431,0.07425484727411799,-0.0025812833748624,1.175233354846323,0,0,0,0,0,0,1.175233354846323,0,0,0,1,0,0,1,0,1,0,0,3B,0.4518055273846128,0.4518055273846128,0.1182669295440758,0.08416555313955683,0.18917597142537235,0.04785312379887603,0.01234394947673169,0,0,0,0,0,0.1877143707298412,0.24047300897016244,0.28376395713805863,0.02640172347524196,-0.01492523285159409,0,0,0,0,0,0.7234278274617102,0,0.7234278274617102,0.7234278274617102,3.021273107349263,2.8011527377521617,3.537735849056604,1.6783216783216792,-0.6335053126689334,0,0,0,0,0,10.404978059810771,10.404978059810771,Free At Last,3B,Opt,18,0,0.7234278274617102
Ozzie Albies,ATL,hitter,14.689993798725274,630,571,145,19,75,75,11,0.253891,NA,NA,NA,NA,NA,NA,0.25784941034318853,0.22844935852165427,0.42226779336020626,0.0907559244461442,0.04999084933072821,1.0493133360019216,0,0,0,0,0,0,1.0493133360019216,0,0,1,0,0,0,0,1,1,0,0,2B,0.4277408742732015,0.4277408742732015,0.1107033468406756,0.07214190269104871,0.16327688009927974,0.07920517042572585,0.00241357421647157,0,0,0,0,0,0.1471460635025129,0.15630745583060557,0.2589909132609265,0.01155075402041835,0.04757727511425664,0,0,0,0,0,0.62157246172872,0,0.62157246172872,0.62157246172872,2.3683239742591295,2.5566076574722105,2.299528301886792,0.7342657342657347,2.019429569165741,0,0,0,0,0,9.978155237049608,9.978155237049608,Free At Last,2B,2026,42,0,0.62157246172872
Ian Happ,CHC,hitter,16.048218151636434,658,565,137,23,84,79,8,0.242748,NA,NA,NA,NA,NA,NA,0.28879133958437114,0.27654396031568673,0.4447887423394172,0.06600430868810488,0.00287533328447721,1.0790036842120572,0,0,0,0,0,0,1.0790036842120572,0,0,0,0,0,1,0,0,1,0,0,OF,0.5185403056045699,0.5185403056045699,0.13133129966813067,0.10580812394687146,0.2071927306087412,0.07920517042572585,-0.00499701904489933,0,0,0,0,0,0.15746003991624047,0.17073583636881529,0.237596011730676,-0.01320086173762097,0.00787235232937653,0,0,0,0,0,0.5604633786074874,0,0.5604633786074874,0.5604633786074874,2.534327991146452,2.345409633594071,2.511792452830188,-0.8391608391608392,0.33414400119921983,0,0,0,0,0,6.886513239609091,6.886513239609091,Free At Last,OF,Opt,18,0,0.5604633786074874
Yoshinobu Yamamoto,LAD,pitcher,23.071315662927265,NA,NA,NA,NA,NA,NA,NA,NA,155,12,0,165,3.37688,1.11175,0,0,0,0,0,0,0.2943589375918171,0,0.45533194008143657,0.11031188931790996,0.11601137655639251,0.976014143547556,0.976014143547556,0,0,0,0,0,0,0,0,0,1,0,P,0.4439721908381099,0.4439721908381099,0,0,0,0,0,0.13982049535611313,0.03627746556510604,0.2329091863204439,0.02333348430688774,0.0116315592895591,0,0,0,0,0,0.15453844223570395,-0.03627746556510604,0.22242275376099263,0.08697840501102222,0.10437981726683342,0,0.5320419527094462,0.5320419527094462,0.5320419527094462,0,0,0,0,0,8.012246820536982,-3.9795918367346976,5.552097152770691,6.81689647141333,7.749133291145504,24.15078189913181,24.15078189913181,Free At Last,P,Opt,26,0,0.5320419527094462
Victor Scott II,STL,hitter,10.656372331739346,581,515,117,9,65,50,38,0.226257,NA,NA,NA,NA,NA,NA,0.2234694889640967,0.10821285403657308,0.28151186224013747,0.31352046626849817,-0.06022812307793927,0.8664865484313662,0,0,0,0,0,0,0.8664865484313662,0,0,0,0,0,1,0,0,1,0,0,OF,0.5185403056045699,0.5185403056045699,0.13133129966813067,0.10580812394687146,0.2071927306087412,0.07920517042572585,-0.00499701904489933,0,0,0,0,0,0.09213818929596604,0.00240473008970161,0.07431913163139628,0.23431529584277233,-0.05523110403303993,0,0,0,0,0,0.3479462428267963,0,0.3479462428267963,0.3479462428267963,1.4829692175267448,0.7336352408398515,0.0353773584905659,14.8951048951049,-2.3442982885030386,0,0,0,0,0,14.802788423459026,14.802788423459026,Free At Last,OF,2,5,0,0.3479462428267963
Patrick Bailey,SFG,hitter,6.842732113371156,525,473,108,11,53,53,3,0.227831,NA,NA,NA,NA,NA,NA,0.18221358330918655,0.1322601549335893,0.2984025739745457,0.02475161575803933,-0.04980684229505965,0.5878210856803012,0,0,0,0,0,0,0.5878210856803012,1,0,0,0,0,0,0,0,1,0,0,C,0.30256973257349196,0.30256973257349196,0.08319940973740216,0.06011825224254059,0.13850383622214762,0.01650107717202622,0.00424715719937533,0,0,0,0,0,0.0990141735717844,0.07214190269104873,0.1598987377523981,0.00825053858601311,-0.05405399949443498,0,0,0,0,0,0.2852513531068094,0,0.2852513531068094,0.2852513531068094,1.593638562118293,1.5784273363524084,1.061320754716981,0.5244755244755247,-2.294335786330531,0,0,0,0,0,2.463526391332676,2.463526391332676,Free At Last,C,2,6,0,0.2852513531068094
Gavin Sheets,SDP,hitter,4.18407764857389,490,441,106,16,49,59,2,0.240142,NA,NA,NA,NA,NA,NA,0.16846161475754984,0.19237840717612992,0.33218399744336224,0.01650107717202622,-0.00626037743409403,0.7032647191149742,0,0,0,0,0,0,0.7032647191149742,0,0,0,0,0,1,0,0,1,0,0,OF,0.5185403056045699,0.5185403056045699,0.13133129966813067,0.10580812394687146,0.2071927306087412,0.07920517042572585,-0.00499701904489933,0,0,0,0,0,0.03713031508941916,0.08657028322925846,0.12499126683462106,-0.06270409325369963,-0.0012633583891947,0,0,0,0,0,0.1847244135104043,0,0.1847244135104043,0.1847244135104043,0.5976144607943601,1.2338410868670235,1.273584905660377,-3.986013986013987,-0.05362356884597801,0,0,0,0,0,-0.9345971015382049,-0.9345971015382049,Free At Last,1B/3B,2,1,0,0.1847244135104043
Roki Sasaki,LAD,pitcher,1.8468222554518028,NA,NA,NA,NA,NA,NA,NA,NA,123,7,0,129,4.1617,1.2864,0,0,0,0,0,0,0.1717093802618933,0,0.35598678951821405,0.04445012193536767,0.03707569021464373,0.6092219819301188,0.6092219819301188,0,0,0,0,0,0,0,0,0,1,0,P,0.4439721908381099,0.4439721908381099,0,0,0,0,0,0.13982049535611313,0.03627746556510604,0.2329091863204439,0.02333348430688774,0.0116315592895591,0,0,0,0,0,0.03188888490578018,-0.03627746556510604,0.12307760319777014,0.02111663762847993,0.02544413092508463,0,0.16524979109200882,0.16524979109200882,0.16524979109200882,0,0,0,0,0,1.6533207724917578,-3.9795918367346976,3.072252270639862,1.6550077288662275,1.8889663459727928,4.289955281235942,4.289955281235942,Free At Last,IL,2,14,0,0.16524979109200882
Miguel Amaya,CHC,hitter,2.5941459886630316,298,267,64,8,32,36,1,0.23989,NA,NA,NA,NA,NA,NA,0.11001574841309376,0.09618920358806496,0.202688540812899,0.00825053858601311,-0.00428821241070828,0.4128558189893625,0,0,0,0,0,0,0.4128558189893625,1,0,0,0,0,0,0,0,1,0,0,C,0.30256973257349196,0.30256973257349196,0.08319940973740216,0.06011825224254059,0.13850383622214762,0.01650107717202622,0.00424715719937533,0,0,0,0,0,0.02681633867569161,0.03607095134552437,0.06418470459075137,-0.00825053858601311,-0.00853536961008361,0,0,0,0,0,0.11028608641587063,0,0.11028608641587063,0.11028608641587063,0.4316104439070377,0.6335940716344177,0.5306603773584906,-0.5244755244755246,-0.36228593867488057,0,0,0,0,0,0.7091034297495408,0.7091034297495408,Free At Last,IL,2,5,0,0.11028608641587063
Miles Mikolas,WSN,pitcher,-7.784195878792673,NA,NA,NA,NA,NA,NA,NA,NA,141,7,0,93,4.76511,1.3352,0,0,0,0,0,0,0.1717093802618933,0,0.25664163895499154,0.01297897102502487,0.02488938495259008,0.4662193751944998,0.4662193751944998,0,0,0,0,0,0,0,0,0,1,0,P,0.4439721908381099,0.4439721908381099,0,0,0,0,0,0.13982049535611313,0.03627746556510604,0.2329091863204439,0.02333348430688774,0.0116315592895591,0,0,0,0,0,0.03188888490578018,-0.03627746556510604,0.02373245263454762,-0.01035451328186286,0.01325782566303098,0,0.02224718435638987,0.02224718435638987,0.02224718435638987,0,0,0,0,0,1.6533207724917578,-3.9795918367346976,0.5924073885090321,-0.8115306902372903,0.98425788532436,-1.5611364806468382,-1.5611364806468382,Free At Last,P,2,1,0,0.02224718435638987
Matt Olson,ATL,hitter,22.375482195346393,686,595,151,32,91,97,1,0.253219,NA,NA,NA,NA,NA,NA,0.3128572845497354,0.38475681435225983,0.5461330127458668,0.00825053858601311,0.04913314010186783,1.301130790335743,0,0,0,0,0,0,1.301130790335743,0,1,0,0,0,0,1,0,1,0,0,1B,0.4466098192993388,0.4466098192993388,0.11345374055100294,0.1106175841262747,0.19705830356809623,0.04125269293006554,-0.01577250187610062,0,0,0,0,0,0.19940354399873245,0.27413923022598513,0.34907470917777056,-0.03300215434405243,0.06490564197796846,0,0,0,0,0,0.8545209710364042,0,0.8545209710364042,0.8545209710364042,3.2094109931548953,3.44586249485385,4.033018867924527,-2.097902097902098,2.7549365175122973,0,0,0,0,0,11.345326775543471,11.345326775543471,Free Birds,1B,2027,38,0,0.8545209710364042
Teoscar Hernandez,LAD,hitter,21.445126728371047,595,546,142,29,75,92,6,0.260765,NA,NA,NA,NA,NA,NA,0.25784941034318853,0.3486858630067355,0.517981826521853,0.04950323151607866,0.0755766136619176,1.2495969450497733,0,0,0,0,0,0,1.2495969450497733,0,0,0,0,0,1,0,0,1,0,0,OF,0.5185403056045699,0.5185403056045699,0.13133129966813067,0.10580812394687146,0.2071927306087412,0.07920517042572585,-0.00499701904489933,0,0,0,0,0,0.12651811067505786,0.24287773905986404,0.31078909591311177,-0.02970193890964718,0.08057363270681693,0,0,0,0,0,0.7310566394452034,0,0.7310566394452034,0.7310566394452034,2.036315940484486,3.0679291889666525,3.5731132075471694,-1.888111888111888,3.4199683776023715,0,0,0,0,0,10.209214826488791,10.209214826488791,Free Birds,OF,Opt,20,0,0.7310566394452034
Nico Hoerner,CHC,hitter,20.750892929720344,665,607,171,9,79,65,27,0.281123,NA,NA,NA,NA,NA,NA,0.2716013788948252,0.10821285403657308,0.3659654209121787,0.22276454182235397,0.17546683977359148,1.1440110354395223,0,0,0,0,0,0,1.1440110354395223,0,0,1,0,0,0,0,1,1,0,0,2B,0.4277408742732015,0.4277408742732015,0.1107033468406756,0.07214190269104871,0.16327688009927974,0.07920517042572585,0.00241357421647157,0,0,0,0,0,0.1608980320541496,0.03607095134552436,0.20268854081289897,0.1435593713966281,0.17305326555711992,0,0,0,0,0,0.7162701611663209,0,0.7162701611663209,0.7162701611663209,2.5896626634422253,2.000823384108686,0.5306603773584905,9.125874125874128,7.345289966007744,0,0,0,0,0,21.592310516791272,21.592310516791272,Free Birds,2B,2026,23,0,0.7162701611663209
Drake Baldwin,ATL,hitter,20.189998721078485,528,471,125,21,66,72,1,0.266382,NA,NA,NA,NA,NA,NA,0.2269074811020059,0.2524966594186705,0.405377081625798,0.00825053858601311,0.0847732635426151,0.9778050242751024,0,0,0,0,0,0,0.9778050242751024,1,0,0,0,0,0,0,0,1,0,0,C,0.30256973257349196,0.30256973257349196,0.08319940973740216,0.06011825224254059,0.13850383622214762,0.01650107717202622,0.00424715719937533,0,0,0,0,0,0.14370807136460373,0.19237840717612992,0.26687324540365037,-0.00825053858601311,0.08052610634323976,0,0,0,0,0,0.6752352917016107,0,0.6752352917016107,0.6752352917016107,2.3129893019633556,2.634417455743104,2.8301886792452824,-0.5244755244755246,3.417951108986374,0,0,0,0,0,10.671071021462591,10.671071021462591,Free Birds,C,2,1,0,0.6752352917016107
Spencer Strider,ATL,pitcher,16.000138218742023,NA,NA,NA,NA,NA,NA,NA,NA,159,12,0,187,3.84757,1.20708,0,0,0,0,0,0,0.2943589375918171,0,0.516042865425628,0.07975374328865613,0.08020833378883312,0.9703638800949344,0.9703638800949344,0,0,0,0,0,0,0,0,0,1,0,P,0.4439721908381099,0.4439721908381099,0,0,0,0,0,0.13982049535611313,0.03627746556510604,0.2329091863204439,0.02333348430688774,0.0116315592895591,0,0,0,0,0,0.15453844223570395,-0.03627746556510604,0.28313367910518417,0.05642025898176839,0.06857677449927402,0,0.5263916892568246,0.5263916892568246,0.5263916892568246,0,0,0,0,0,8.012246820536982,-3.9795918367346976,7.067557914072864,4.421914431752386,5.09112374582167,20.61325107544921,20.61325107544921,Free Birds,P,2,17,0,0.5263916892568246
Bryan Reynolds,PIT,hitter,13.897190466963378,644,576,146,19,73,76,5,0.252658,NA,NA,NA,NA,NA,NA,0.25097342606737016,0.22844935852165427,0.42789803060500897,0.04125269293006554,0.04517290775911039,0.9937464158832092,0,0,0,0,0,0,0.9937464158832092,0,0,0,0,0,1,0,0,1,0,0,OF,0.5185403056045699,0.5185403056045699,0.13133129966813067,0.10580812394687146,0.2071927306087412,0.07920517042572585,-0.00499701904489933,0,0,0,0,0,0.11964212639923948,0.1226412345747828,0.22070529999626776,-0.03795247749566031,0.05016992680400972,0,0,0,0,0,0.4752061102786395,0,0.4752061102786395,0.4752061102786395,1.9256465958929376,2.1786743515850144,1.804245283018867,-2.4125874125874134,2.1294753309766357,0,0,0,0,0,5.625454148886041,5.625454148886041,Free Birds,OF,Opt,22,0,0.4752061102786395
Robbie Ray,SFG,pitcher,5.572023491849762,NA,NA,NA,NA,NA,NA,NA,NA,174,10,0,176,4.12049,1.29856,0,0,0,0,0,0,0.2452991146598476,0,0.48568740275353234,0.06608124998108193,0.04703285780660317,0.844100625201065,0.844100625201065,0,0,0,0,0,0,0,0,0,1,0,P,0.4439721908381099,0.4439721908381099,0,0,0,0,0,0.13982049535611313,0.03627746556510604,0.2329091863204439,0.02333348430688774,0.0116315592895591,0,0,0,0,0,0.10547861930373448,-0.03627746556510604,0.2527782164330884,0.04274776567419419,0.03540129851704407,0,0.4001284343629551,0.4001284343629551,0.4001284343629551,0,0,0,0,0,5.468676401318893,-3.9795918367346976,6.309827533421777,3.350338431111609,2.628184145857612,13.777434674975192,13.777434674975192,Free Birds,P,Opt,5,0,0.4001284343629551
TJ Friedl,CIN,hitter,11.72264242317588,623,537,132,15,76,61,13,0.244744,NA,NA,NA,NA,NA,NA,0.26128740248109766,0.1803547567276218,0.34344447193296773,0.10725700161817042,0.01066477100022761,0.9030084037600852,0,0,0,0,0,0,0.9030084037600852,0,0,0,0,0,1,0,0,1,0,0,OF,0.5185403056045699,0.5185403056045699,0.13133129966813067,0.10580812394687146,0.2071927306087412,0.07920517042572585,-0.00499701904489933,0,0,0,0,0,0.129956102812967,0.07454663278075034,0.13625174132422654,0.02805183119244457,0.01566179004512694,0,0,0,0,0,0.3844680981555154,0,0.3844680981555154,0.3844680981555154,2.091650612780259,1.3449979415397282,1.0966981132075468,1.7832167832167838,0.6647686704890255,0,0,0,0,0,6.981332121233343,6.981332121233343,Free Birds,OF,2026,11,0,0.3844680981555154
Mitch Keller,PIT,pitcher,3.335713339672293,NA,NA,NA,NA,NA,NA,NA,NA,175,10,0,152,4.19268,1.29668,0,0,0,0,0,0,0.2452991146598476,0,0.4194573023780506,0.06082214239757963,0.04814526617846836,0.7737238256139463,0.7737238256139463,0,0,0,0,0,0,0,0,0,1,0,P,0.4439721908381099,0.4439721908381099,0,0,0,0,0,0.13982049535611313,0.03627746556510604,0.2329091863204439,0.02333348430688774,0.0116315592895591,0,0,0,0,0,0.10547861930373448,-0.03627746556510604,0.1865481160576067,0.03748865809069189,0.03651370688890926,0,0.3297516347758363,0.3297516347758363,0.3297516347758363,0,0,0,0,0,5.468676401318893,-3.9795918367346976,4.6565976120012245,2.938158052266805,2.7107690839566416,11.794609312808866,11.794609312808866,Free Birds,P,2,6,0,0.3297516347758363
Max Muncy,LAD,hitter,3.65517083617392,455,375,82,21,60,62,3,0.219745,NA,NA,NA,NA,NA,NA,0.2062795282745508,0.2524966594186705,0.3490747091777705,0.02475161575803933,-0.06192674730280161,0.7706757653262296,0,0,0,0,0,0,0.7706757653262296,0,0,0,1,0,0,1,0,1,0,0,3B,0.4518055273846128,0.4518055273846128,0.1182669295440758,0.08416555313955683,0.18917597142537235,0.04785312379887603,0.01234394947673169,0,0,0,0,0,0.08801259873047498,0.16833110627911368,0.15989873775239816,-0.0231015080408367,-0.0742706967795333,0,0,0,0,0,0.31887023794161684,0,0.31887023794161684,0.31887023794161684,1.4165676107718157,1.578427336352409,2.476415094339622,-1.4685314685314683,-3.152438655617525,0,0,0,0,0,0.8504399173148531,0.8504399173148531,Free Birds,3B,Opt,19,0,0.31887023794161684
Reynaldo Lopez,ATL,pitcher,8.368578043697553,NA,NA,NA,NA,NA,NA,NA,NA,144,9,0,145,3.82855,1.25643,0,0,0,0,0,0,0.22076920319386284,0,0.4001401897685352,0.07345231164639407,0.05445205067295182,0.7488137552817439,0.7488137552817439,0,0,0,0,0,0,0,0,0,1,0,P,0.4439721908381099,0.4439721908381099,0,0,0,0,0,0.13982049535611313,0.03627746556510604,0.2329091863204439,0.02333348430688774,0.0116315592895591,0,0,0,0,0,0.08094870783774971,-0.03627746556510604,0.1672310034480913,0.05011882733950633,0.04282049138339272,0,0.30484156444363403,0.30484156444363403,0.30484156444363403,0,0,0,0,0,4.196891191709848,-3.9795918367346976,4.174405551586898,3.928042336471437,3.1789832940021228,11.498730537035607,11.498730537035607,Free Birds,IL,Opt,4,0,0.30484156444363403
Andrew Abbott,CIN,pitcher,4.221949257953275,NA,NA,NA,NA,NA,NA,NA,NA,164,9,0,149,4.17201,1.2703,0,0,0,0,0,0,0.22076920319386284,0,0.4111785398311154,0.05851211829674475,0.05619259089322349,0.7466524522149465,0.7466524522149465,0,0,0,0,0,0,0,0,0,1,0,P,0.4439721908381099,0.4439721908381099,0,0,0,0,0,0.13982049535611313,0.03627746556510604,0.2329091863204439,0.02333348430688774,0.0116315592895591,0,0,0,0,0,0.08094870783774971,-0.03627746556510604,0.1782693535106715,0.03517863398985701,0.04456103160366439,0,0.3026802613768365,0.3026802613768365,0.3026802613768365,0,0,0,0,0,4.196891191709848,-3.9795918367346976,4.449943871823655,2.7571108700396127,3.3082005940382535,10.732554690876672,10.732554690876672,Free Birds,P,2,2,0,0.3026802613768365
Ha-Seong Kim,ATL,hitter,4.952000918170866,413,360,88,9,48,42,15,0.244318,NA,NA,NA,NA,NA,NA,0.16502362261964065,0.10821285403657308,0.2364699642817155,0.12375807879019664,0.00601467062779866,0.6394791903559246,0,0,0,0,0,0,0.6394791903559246,0,0,0,0,1,0,0,1,1,0,0,SS,0.3492615922902857,0.3492615922902857,0.0955761814338752,0.0504993318837341,0.13625174132422654,0.05775377010209177,0.00918056754635808,0,0,0,0,0,0.06944744118576546,0.05771352215283897,0.10021822295748894,0.06600430868810486,-0.00316589691855941,0,0,0,0,0,0.29021759806563885,0,0.29021759806563885,0.29021759806563885,1.1177603803746363,0.9892960065870728,0.8490566037735847,4.195804195804196,-0.13437730166168818,0,0,0,0,0,7.0175398848778014,7.0175398848778014,Free Birds,SS,2,10,0,0.29021759806563885
Miguel Andujar,SDP,hitter,2.549697304967526,364,339,93,9,39,44,2,0.273894,NA,NA,NA,NA,NA,NA,0.13408169337845802,0.10821285403657308,0.247730438771321,0.01650107717202622,0.07986029471992442,0.5863863580783027,0,0,0,0,0,0,0.5863863580783027,0,0,0,1,0,1,1,0,1,0,0,3B,0.4518055273846128,0.4518055273846128,0.1182669295440758,0.08416555313955683,0.18917597142537235,0.04785312379887603,0.01234394947673169,0,0,0,0,0,0.01581476383438221,0.02404730089701624,0.05855446734594866,-0.03135204662684982,0.06751634524319274,0,0,0,0,0,0.13458083069369003,0,0.13458083069369003,0.13458083069369003,0.2545394925605604,0.5780156442980656,0.3537735849056604,-1.9930069930069936,2.8657484830452216,0,0,0,0,0,2.0590702118025144,2.0590702118025144,Free Birds,1B/3B,2,1,0,0.13458083069369003
Logan Henderson,MIL,pitcher,3.778122876259246,NA,NA,NA,NA,NA,NA,NA,NA,105,7,0,106,4.13465,1.21811,0,0,0,0,0,0,0.1717093802618933,0,0.29251627665837743,0.03921297921649456,0.05000338026359587,0.5534420164003612,0.5534420164003612,0,0,0,0,0,0,0,0,0,1,0,P,0.4439721908381099,0.4439721908381099,0,0,0,0,0,0.13982049535611313,0.03627746556510604,0.2329091863204439,0.02333348430688774,0.0116315592895591,0,0,0,0,0,0.03188888490578018,-0.03627746556510604,0.05960709033793351,0.01587949490960682,0.03837182097403677,0,0.10946982556225124,0.10946982556225124,0.10946982556225124,0,0,0,0,0,1.6533207724917578,-3.9795918367346976,1.487906929278498,1.2445488371901852,2.8487150402999006,3.2548997425256436,3.2548997425256436,Free Birds,IL,2,1,0,0.10946982556225124
Ronald Acuna Jr.,ATL,hitter,37.35024525975766,651,548,157,31,115,84,26,0.285741,NA,NA,NA,NA,NA,NA,0.3953690958595557,0.3727331639037517,0.472939928563431,0.21451400323634084,0.1771390288566591,1.6326952204197385,0,0,0,0,0,0,1.6326952204197385,0,0,0,0,0,1,0,0,1,0,0,OF,0.5185403056045699,0.5185403056045699,0.13133129966813067,0.10580812394687146,0.2071927306087412,0.07920517042572585,-0.00499701904489933,0,0,0,0,0,0.26403779619142503,0.2669250399568803,0.2657471979546898,0.135308832810615,0.18213604790155843,0,0,0,0,0,1.1141549148151686,0,1.1141549148151686,1.1141549148151686,4.249702832315448,2.623301770275834,3.9268867924528297,8.601398601398603,7.730810977721999,0,0,0,0,0,27.132100974164715,27.132100974164715,Westside Marauders,OF,2026,46,0,1.1141549148151686
Andy Pages,LAD,hitter,19.971198372634557,602,549,141,26,75,85,10,0.256543,NA,NA,NA,NA,NA,NA,0.25784941034318853,0.31261491166121114,0.47857016580823375,0.08250538586013109,0.05883908102648471,1.1903789546992491,0,0,0,0,0,0,1.1903789546992491,0,0,0,0,0,1,0,0,1,0,0,OF,0.5185403056045699,0.5185403056045699,0.13133129966813067,0.10580812394687146,0.2071927306087412,0.07920517042572585,-0.00499701904489933,0,0,0,0,0,0.12651811067505786,0.2068067877143397,0.27137743519949253,0.00330021543440524,0.06383610007138404,0,0,0,0,0,0.6718386490946795,0,0.6718386490946795,0.6718386490946795,2.036315940484486,2.678880197612186,3.042452830188679,0.2097902097902098,2.709539538672472,0,0,0,0,0,10.676978716748032,10.676978716748032,Westside Marauders,OF,2,3,0,0.6718386490946795
Chris Sale,ATL,pitcher,28.086041015437743,NA,NA,NA,NA,NA,NA,NA,NA,165,12,0,200,3.1503,1.10333,0,0,0,0,0,0,0.2943589375918171,0,0.551917503129014,0.13411599245908698,0.12705201769243535,1.107444450872353,1.107444450872353,0,0,0,0,0,0,0,0,0,1,0,P,0.4439721908381099,0.4439721908381099,0,0,0,0,0,0.13982049535611313,0.03627746556510604,0.2329091863204439,0.02333348430688774,0.0116315592895591,0,0,0,0,0,0.15453844223570395,-0.03627746556510604,0.3190083168085701,0.11078250815219924,0.11542045840287624,0,0.6634722600342435,0.6634722600342435,0.6634722600342435,0,0,0,0,0,8.012246820536982,-3.9795918367346976,7.963057454842332,8.682533196847478,8.568787914262813,29.24703354975491,29.24703354975491,Westside Marauders,P,Opt,13,0,0.6634722600342435
Masyn Winn,STL,hitter,16.057559923101323,644,587,150,15,79,68,13,0.25536,NA,NA,NA,NA,NA,NA,0.2716013788948252,0.1803547567276218,0.38285613264658697,0.10725700161817042,0.05777286877713753,0.999842138664342,0,0,0,0,0,0,0.999842138664342,0,0,0,0,1,0,0,1,1,0,0,SS,0.3492615922902857,0.3492615922902857,0.0955761814338752,0.0504993318837341,0.13625174132422654,0.05775377010209177,0.00918056754635808,0,0,0,0,0,0.17602519746095002,0.1298554248438877,0.2466043913223604,0.04950323151607865,0.04859230123077945,0,0,0,0,0,0.6505805463740562,0,0.6505805463740562,0.6505805463740562,2.833135221543632,2.4343351173322354,1.910377358490566,3.1468531468531475,2.062512611400907,0,0,0,0,0,12.387213455620488,12.387213455620488,Westside Marauders,IL,Opt,11,0,0.6505805463740562
Hunter Greene,CIN,pitcher,22.5126268782777,NA,NA,NA,NA,NA,NA,NA,NA,180,11,0,212,3.73339,1.11403,0,0,0,0,0,0,0.26982902612583237,0,0.5850325533167549,0.09946087519082523,0.1336724338151484,1.0879948884485608,1.0879948884485608,0,0,0,0,0,0,0,0,0,1,0,P,0.4439721908381099,0.4439721908381099,0,0,0,0,0,0.13982049535611313,0.03627746556510604,0.2329091863204439,0.02333348430688774,0.0116315592895591,0,0,0,0,0,0.13000853076971924,-0.03627746556510604,0.35212336699631097,0.0761273908839375,0.1220408745255893,0,0.644022697610451,0.644022697610451,0.644022697610451,0,0,0,0,0,6.740461610927938,-3.9795918367346976,8.789672415552609,5.966452733053145,9.060286063245044,26.57728098604404,26.57728098604404,Westside Marauders,P,Opt,14,0,0.644022697610451
Will Smith,LAD,hitter,17.51385371859528,500,428,109,19,67,67,2,0.255375,NA,NA,NA,NA,NA,NA,0.23034547323991503,0.22844935852165427,0.37722589540178425,0.01650107717202622,0.04217150908315602,0.8946933134185358,0,0,0,0,0,0,0.8946933134185358,1,0,0,0,0,0,0,0,1,0,0,C,0.30256973257349196,0.30256973257349196,0.08319940973740216,0.06011825224254059,0.13850383622214762,0.01650107717202622,0.00424715719937533,0,0,0,0,0,0.14714606350251286,0.16833110627911368,0.23872205917963665,0,0.03792435188378069,0,0,0,0,0,0.5921235808450439,0,0.5921235808450439,0.5921235808450439,2.3683239742591287,2.356525319061342,2.476415094339622,0,1.6097087822207825,0,0,0,0,0,8.810973169880874,8.810973169880874,Westside Marauders,IL,2,15,0,0.5921235808450439
Oneil Cruz,PIT,hitter,17.543000755828263,539,473,112,22,72,65,29,0.237373,NA,NA,NA,NA,NA,NA,0.24753543392946095,0.2645203098671786,0.3659654209121787,0.23926561899438015,-0.01640697674150729,1.1008798069616912,0,0,0,0,0,0,1.1008798069616912,0,0,0,0,0,1,0,0,1,0,0,OF,0.5185403056045699,0.5185403056045699,0.13133129966813067,0.10580812394687146,0.2071927306087412,0.07920517042572585,-0.00499701904489933,0,0,0,0,0,0.11620413426133028,0.15871218592030717,0.15877269030343752,0.1600604485686543,-0.01140995769660796,0,0,0,0,0,0.5823395013571214,0,0.5823395013571214,0.5823395013571214,1.870311923597163,1.5673116508851377,2.3349056603773577,10.174825174825177,-0.48429856270931904,0,0,0,0,0,15.463055846975514,15.463055846975514,Westside Marauders,OF,2026,22,0,0.5823395013571214
Mason Miller,SDP,pitcher,22.02036140420595,NA,NA,NA,NA,NA,NA,NA,NA,66,4,32,106,2.43299,0.962726,0,0,0,0,0,0,0.09811964586393904,0.44649188387822814,0.29251627665837743,0.07477783046134225,0.07457343954404469,0.9864790764059316,0.9864790764059316,0,0,0,0,0,0,0,0,0,0,1,P,0.4439721908381099,0.4439721908381099,0,0,0,0,0,0.13982049535611313,0.03627746556510604,0.2329091863204439,0.02333348430688774,0.0116315592895591,0,0,0,0,0,-0.04170084949217409,0.4102144183131221,0.05960709033793351,0.05144434615445451,0.06294188025448559,0,0.5425068855678216,0.5425068855678216,0.5425068855678216,0,0,0,0,0,-2.162034856335376,45.000000000000036,1.487906929278498,4.0319293246412835,4.672790511219918,53.030591908804354,53.030591908804354,Westside Marauders,P,2,21,0,0.5425068855678216
Brenton Doyle,COL,hitter,16.15258641271067,595,548,136,19,69,70,21,0.247605,NA,NA,NA,NA,NA,NA,0.23722145751573345,0.22844935852165427,0.3941166071361925,0.1732613103062753,0.02248548968718994,1.0555342231670457,0,0,0,0,0,0,1.0555342231670457,0,0,0,0,0,1,0,0,1,0,0,OF,0.5185403056045699,0.5185403056045699,0.13133129966813067,0.10580812394687146,0.2071927306087412,0.07920517042572585,-0.00499701904489933,0,0,0,0,0,0.10589015784760278,0.1226412345747828,0.18692387652745132,0.09405613988054946,0.02748250873208927,0,0,0,0,0,0.5369939175624756,0,0.5369939175624756,0.5369939175624756,1.7043079067098414,1.8452037875669,1.804245283018867,5.979020979020982,1.166502088132541,0,0,0,0,0,12.499280044449131,12.499280044449131,Westside Marauders,OF,2,10,0,0.5369939175624756
Sal Stewart,CIN,hitter,11.87260751029188,504,454,120,18,65,69,8,0.263756,NA,NA,NA,NA,NA,NA,0.2234694889640967,0.21642570807314615,0.38848636989138974,0.06600430868810488,0.0728909442526236,0.9672768198693612,0,0,0,0,0,0,0.9672768198693612,0,1,0,1,0,0,1,0,1,0,0,1B,0.4466098192993388,0.4466098192993388,0.11345374055100294,0.1106175841262747,0.19705830356809623,0.04125269293006554,-0.01577250187610062,0,0,0,0,0,0.11001574841309378,0.10580812394687145,0.1914280663232935,0.02475161575803933,0.08866344612872422,0,0,0,0,0,0.5206670005700222,0,0.5206670005700222,0.5206670005700222,1.77070951346477,1.889666529435982,1.5566037735849052,1.5734265734265744,3.763342570302578,0,0,0,0,0,10.553748960214808,10.553748960214808,Westside Marauders,1B/3B,2,1,0,0.5206670005700222
Francisco Alvarez,NYM,hitter,13.566215536877932,446,395,94,22,54,63,1,0.237891,NA,NA,NA,NA,NA,NA,0.1856515754470957,0.2645203098671786,0.3547049464225732,0.00825053858601311,-0.01218722910478244,0.8009401412180782,0,0,0,0,0,0,0.8009401412180782,1,0,0,0,0,0,0,0,1,0,0,C,0.30256973257349196,0.30256973257349196,0.08319940973740216,0.06011825224254059,0.13850383622214762,0.01650107717202622,0.00424715719937533,0,0,0,0,0,0.10245216570969357,0.20440205762463803,0.2162011102004256,-0.00825053858601311,-0.01643438630415777,0,0,0,0,0,0.4983704086445863,0,0.4983704086445863,0.4983704086445863,1.6489732344140666,2.1342116097159325,3.0070754716981125,-0.5244755244755246,-0.6975617156301538,0,0,0,0,0,5.568223075722433,5.568223075722433,Westside Marauders,Util,2027,11,0,0.4983704086445863
Zac Gallen,ARI,pitcher,10.12801848216554,NA,NA,NA,NA,NA,NA,NA,NA,182,13,0,170,4.02871,1.28017,0,0,0,0,0,0,0.31888884905780185,0,0.4691298776596619,0.0765753255350569,0.0577621793126374,0.922356231565158,0.922356231565158,0,0,0,0,0,0,0,0,0,1,0,P,0.4439721908381099,0.4439721908381099,0,0,0,0,0,0.13982049535611313,0.03627746556510604,0.2329091863204439,0.02333348430688774,0.0116315592895591,0,0,0,0,0,0.17906835370168872,-0.03627746556510604,0.236220691339218,0.05324184122816916,0.0461306200230783,0,0.4783840407270481,0.4783840407270481,0.4783840407270481,0,0,0,0,0,9.284032030146026,-3.9795918367346976,5.89652005306664,4.172807256627223,3.4247264722469093,18.798493975352105,18.798493975352105,Westside Marauders,P,Opt,26,0,0.4783840407270481
Brady House,WSN,hitter,4.953374174025109,546,512,125,15,57,63,6,0.244683,NA,NA,NA,NA,NA,NA,0.1959655518608233,0.1803547567276218,0.3547049464225732,0.04950323151607866,0.00993714985801081,0.7904656363851078,0,0,0,0,0,0,0.7904656363851078,0,0,0,1,0,0,1,0,1,0,0,3B,0.4518055273846128,0.4518055273846128,0.1182669295440758,0.08416555313955683,0.18917597142537235,0.04785312379887603,0.01234394947673169,0,0,0,0,0,0.07769862231674748,0.09618920358806496,0.16552897499720087,0.00165010771720262,-0.00240679961872088,0,0,0,0,0,0.3386601090004951,0,0.3386601090004951,0.3386601090004951,1.250563593884494,1.634005763688761,1.4150943396226414,0.10489510489510534,-0.10215722328421788,0,0,0,0,0,4.3024015788067835,4.3024015788067835,Westside Marauders,3B,2,1,0,0.3386601090004951
Brandon Pfaadt,ARI,pitcher,5.318911981117317,NA,NA,NA,NA,NA,NA,NA,NA,163,10,0,145,4.2175,1.25103,0,0,0,0,0,0,0.2452991146598476,0,0.4001401897685352,0.05484569005721788,0.0638896459783162,0.7641746404639169,0.7641746404639169,0,0,0,0,0,0,0,0,0,1,0,P,0.4439721908381099,0.4439721908381099,0,0,0,0,0,0.13982049535611313,0.03627746556510604,0.2329091863204439,0.02333348430688774,0.0116315592895591,0,0,0,0,0,0.10547861930373448,-0.03627746556510604,0.1672310034480913,0.03151220575033014,0.0522580866887571,0,0.32020244962580696,0.32020244962580696,0.32020244962580696,0,0,0,0,0,5.468676401318893,-3.9795918367346976,4.174405551586898,2.4697560751850323,3.879628168501205,12.01287435985733,12.01287435985733,Westside Marauders,P,Opt,10,0,0.32020244962580696
Quinn Priester,MIL,pitcher,3.0514050189112982,NA,NA,NA,NA,NA,NA,NA,NA,174,10,0,145,4.1224,1.31507,0,0,0,0,0,0,0.2452991146598476,0,0.4001401897685352,0.06593290913436672,0.03967982575856321,0.7510520393213128,0.7510520393213128,0,0,0,0,0,0,0,0,0,1,0,P,0.4439721908381099,0.4439721908381099,0,0,0,0,0,0.13982049535611313,0.03627746556510604,0.2329091863204439,0.02333348430688774,0.0116315592895591,0,0,0,0,0,0.10547861930373448,-0.03627746556510604,0.1672310034480913,0.04259942482747898,0.02804826646900411,0,0.3070798484832028,0.3070798484832028,0.3070798484832028,0,0,0,0,0,5.468676401318893,-3.9795918367346976,4.174405551586898,3.338712278684334,2.082296761434766,11.084499156290192,11.084499156290192,Westside Marauders,P,2,1,0,0.3070798484832028
Shohei Ohtani,LAD,two-way,47.38380727378751,679,575,162,48,129,118,26,0.282067,116,8,0,138,3.51178,1.13265,0.44350098579028424,0.5771352215283898,0.6643679948867245,0.21451400323634084,0.17023336372792042,2.06975156916966,0.19623929172787807,0,0.3808230771590197,0.0755712894477788,0.0806159511196175,0.733249609454294,2.803001178623954,0,0,0,0,0,0,0,0,1,1,0,P,0.4439721908381099,0.4439721908381099,0,0,0,0,0,0.13982049535611313,0.03627746556510604,0.2329091863204439,0.02333348430688774,0.0116315592895591,0.44350098579028424,0.5771352215283898,0.6643679948867245,0.21451400323634084,0.17023336372792042,0.05641879637176494,-0.03627746556510604,0.14791389083857578,0.05223780514089106,0.0689843918300584,2.06975156916966,0.2892774186161841,2.359028987785844,2.359028987785844,7.1381727261548535,6.558254425689584,8.490566037735848,13.63636363636364,7.225598514104404,2.925105982100803,-3.9795918367346976,3.6922134911725695,4.094116344099333,5.121385161397388,54.902184482083726,54.902184482083726,Louisville Sluggers,Bench,Opt,34,0,2.359028987785844
Jackson Chourio,MIL,hitter,29.540524030717837,651,601,163,25,92,88,24,0.271516,NA,NA,NA,NA,NA,NA,0.31629527668764457,0.300591261212703,0.495460877542642,0.19801292606431464,0.1310050101751138,1.441365351682418,0,0,0,0,0,0,1.441365351682418,0,0,0,0,0,1,0,0,1,0,0,OF,0.5185403056045699,0.5185403056045699,0.13133129966813067,0.10580812394687146,0.2071927306087412,0.07920517042572585,-0.00499701904489933,0,0,0,0,0,0.1849639770195139,0.19478313726583155,0.2882681469339008,0.1188077556385888,0.13600202922001312,0,0,0,0,0,0.9228250460778482,0,0.9228250460778482,0.9228250460778482,2.977005369512644,2.845615479621243,2.865566037735849,7.552447552447555,5.772640795713396,0,0,0,0,0,22.013275235030687,22.013275235030687,Louisville Sluggers,OF,Opt,15,0,0.9228250460778482
Hunter Goodman,COL,hitter,25.80467779402877,583,538,139,29,74,89,2,0.25869,NA,NA,NA,NA,NA,NA,0.25441141820527935,0.3486858630067355,0.5010911147874447,0.01650107717202622,0.06620803726585335,1.1868975104373392,0,0,0,0,0,0,1.1868975104373392,1,0,0,0,0,0,0,0,1,0,0,C,0.30256973257349196,0.30256973257349196,0.08319940973740216,0.06011825224254059,0.13850383622214762,0.01650107717202622,0.00424715719937533,0,0,0,0,0,0.1712120084678772,0.2885676107641949,0.3625872785652971,0,0.06196088006647802,0,0,0,0,0,0.8843277778638473,0,0.8843277778638473,0.8843277778638473,2.7556666803295484,3.5792507204610953,4.245283018867924,0,2.629945347590612,0,0,0,0,0,13.21014576724918,13.21014576724918,Louisville Sluggers,C,2,7,0,0.8843277778638473
Jackson Merrill,SDP,hitter,21.66373805828329,630,576,155,24,82,84,7,0.269561,NA,NA,NA,NA,NA,NA,0.2819153553085528,0.2885676107641949,0.472939928563431,0.05775377010209177,0.11722231970845744,1.218398984446728,0,0,0,0,0,0,1.218398984446728,0,0,0,0,0,1,0,0,1,0,0,OF,0.5185403056045699,0.5185403056045699,0.13133129966813067,0.10580812394687146,0.2071927306087412,0.07920517042572585,-0.00499701904489933,0,0,0,0,0,0.1505840556404221,0.18275948681732343,0.2657471979546898,-0.02145140032363408,0.12221933875335676,0,0,0,0,0,0.699858678842158,0,0.699858678842158,0.699858678842158,2.423658646554904,2.623301770275834,2.688679245283019,-1.3636363636363638,5.18763098579504,0,0,0,0,0,11.559634284272434,11.559634284272434,Louisville Sluggers,OF,Opt,7,0,0.699858678842158
Xavier Edwards,MIA,hitter,15.280336972797423,602,539,151,5,72,50,27,0.280612,NA,NA,NA,NA,NA,NA,0.24753543392946095,0.06011825224254059,0.28151186224013747,0.22276454182235397,0.15377169555289658,0.9657017857873896,0,0,0,0,0,0,0.9657017857873896,0,0,1,0,1,0,0,1,1,0,0,SS,0.3492615922902857,0.3492615922902857,0.0955761814338752,0.0504993318837341,0.13625174132422654,0.05775377010209177,0.00918056754635808,0,0,0,0,0,0.15195925249558576,0.00961892035880648,0.14526012091591092,0.1650107717202622,0.1445911280065385,0,0,0,0,0,0.6164401934971039,0,0.6164401934971039,0.6164401934971039,2.445792515473213,1.4339234252778918,0.141509433962264,10.489510489510494,6.137207282977343,0,0,0,0,0,20.647943147201204,20.647943147201204,Louisville Sluggers,SS,Opt,1,0,0.6164401934971039
Jesus Luzardo,PHI,pitcher,18.11055002850776,NA,NA,NA,NA,NA,NA,NA,NA,179,12,0,197,3.77514,1.19247,0,0,0,0,0,0,0.2943589375918171,0,0.5436387405820788,0.09557260967375893,0.0969912424281628,1.0305615302758175,1.0305615302758175,0,0,0,0,0,0,0,0,0,1,0,P,0.4439721908381099,0.4439721908381099,0,0,0,0,0,0.13982049535611313,0.03627746556510604,0.2329091863204439,0.02333348430688774,0.0116315592895591,0,0,0,0,0,0.15453844223570395,-0.03627746556510604,0.31072955426163495,0.07223912536687119,0.0853596831386037,0,0.5865893394377077,0.5865893394377077,0.5865893394377077,0,0,0,0,0,8.012246820536982,-3.9795918367346976,7.7564037146647635,5.661711533443327,6.3370829692108,23.787853201121177,23.787853201121177,Louisville Sluggers,P,2027,19,0,0.5865893394377077
Edwin Diaz,LAD,pitcher,19.180191869253964,NA,NA,NA,NA,NA,NA,NA,NA,66,5,36,93,2.98043,1.06953,0,0,0,0,0,0,0.1226495573299238,0.5023033693630067,0.25664163895499154,0.05865064424752094,0.05653073693236218,0.9967759468278052,0.9967759468278052,0,0,0,0,0,0,0,0,0,0,1,P,0.4439721908381099,0.4439721908381099,0,0,0,0,0,0.13982049535611313,0.03627746556510604,0.2329091863204439,0.02333348430688774,0.0116315592895591,0,0,0,0,0,-0.01717093802618932,0.46602590379790065,0.02373245263454762,0.0353171599406332,0.04489917764280308,0,0.5528037559896952,0.5528037559896952,0.5528037559896952,0,0,0,0,0,-0.8902496467263311,51.12244897959188,0.5924073885090321,2.767967784062418,3.3333044771238125,56.92587898256081,56.92587898256081,Louisville Sluggers,P,2027,33,0,0.5528037559896952
Luis Garcia Jr.,WSN,hitter,13.18650826343375,504,469,128,15,60,64,13,0.27202,NA,NA,NA,NA,NA,NA,0.2062795282745508,0.1803547567276218,0.360335183667376,0.10725700161817042,0.1039810957100471,0.958207565997766,0,0,0,0,0,0,0.958207565997766,0,0,1,0,0,0,0,1,1,0,0,2B,0.4277408742732015,0.4277408742732015,0.1107033468406756,0.07214190269104871,0.16327688009927974,0.07920517042572585,0.00241357421647157,0,0,0,0,0,0.09557618143387518,0.10821285403657308,0.19705830356809623,0.02805183119244457,0.10156752149357554,0,0,0,0,0,0.5304666917245646,0,0.5304666917245646,0.5304666917245646,1.5383038898225183,1.9452449567723344,1.5919811320754715,1.7832167832167838,4.31105933827518,0,0,0,0,0,11.169806100162289,11.169806100162289,Louisville Sluggers,2B,2,19,0,0.5304666917245646
Brandon Lowe,PIT,hitter,10.45483399600501,546,492,120,23,69,68,4,0.243207,NA,NA,NA,NA,NA,NA,0.23722145751573345,0.27654396031568673,0.38285613264658697,0.03300215434405244,0.00417500513749723,0.9337987099595568,0,0,0,0,0,0,0.9337987099595568,0,0,1,0,0,0,0,1,1,0,0,2B,0.4277408742732015,0.4277408742732015,0.1107033468406756,0.07214190269104871,0.16327688009927974,0.07920517042572585,0.00241357421647157,0,0,0,0,0,0.12651811067505786,0.20440205762463803,0.21957925254730723,-0.04620301608167341,0.00176143092102565,0,0,0,0,0,0.5060578356863553,0,0.5060578356863553,0.5060578356863553,2.036315940484486,2.1675586661177437,3.0070754716981125,-2.9370629370629375,0.07476438441293105,0,0,0,0,0,4.348651525650336,4.348651525650336,Louisville Sluggers,Bench,1,15,0,0.5060578356863553
Jared Triolo,PIT,hitter,6.018147684261752,539,473,116,9,60,50,15,0.244678,NA,NA,NA,NA,NA,NA,0.2062795282745508,0.10821285403657308,0.28151186224013747,0.12375807879019664,0.00916271701962247,0.7289250403610804,0,0,0,0,0,0,0.7289250403610804,0,1,0,1,1,0,1,1,1,0,0,SS,0.3492615922902857,0.3492615922902857,0.0955761814338752,0.0504993318837341,0.13625174132422654,0.05775377010209177,0.00918056754635808,0,0,0,0,0,0.1107033468406756,0.05771352215283897,0.14526012091591092,0.06600430868810486,-1.78505267356098e-5,0,0,0,0,0,0.3796634480707948,0,0.3796634480707948,0.3796634480707948,1.7817764479239244,1.4339234252778918,0.8490566037735847,4.195804195804196,-7.576701572022609e-4,0,0,0,0,0,8.259803002622395,8.259803002622395,Louisville Sluggers,1B,2,1,0,0.3796634480707948
Brett Baty,NYM,hitter,5.635986730344918,434,391,98,17,52,55,5,0.249302,NA,NA,NA,NA,NA,NA,0.17877559117127736,0.20440205762463803,0.30966304846415127,0.04125269293006554,0.02095371947040359,0.7550471096605358,0,0,0,0,0,0,0.7550471096605358,0,0,1,1,0,0,1,1,1,0,0,2B,0.4277408742732015,0.4277408742732015,0.1107033468406756,0.07214190269104871,0.16327688009927974,0.07920517042572585,0.00241357421647157,0,0,0,0,0,0.06807224433060176,0.13226015493358934,0.14638616836487153,-0.03795247749566031,0.01854014525393202,0,0,0,0,0,0.3273062353873343,0,0.3273062353873343,0.3273062353873343,1.0956265114563262,1.445039110745163,1.945754716981132,-2.4125874125874134,0.7869411909888689,0,0,0,0,0,2.860774117584077,2.860774117584077,Louisville Sluggers,IL,2,2,0,0.3273062353873343
Elly De La Cruz,CIN,hitter,34.233819624937674,672,598,157,24,96,89,41,0.262197,NA,NA,NA,NA,NA,NA,0.3300472452392813,0.2885676107641949,0.5010911147874447,0.33827208202653747,0.08911145439556314,1.5470895072130215,0,0,0,0,0,0,1.5470895072130215,0,0,0,0,1,0,0,1,1,0,0,SS,0.3492615922902857,0.3492615922902857,0.0955761814338752,0.0504993318837341,0.13625174132422654,0.05775377010209177,0.00918056754635808,0,0,0,0,0,0.2344710638054061,0.2380682788804608,0.36483937346321815,0.2805183119244457,0.07993088684920506,0,0,0,0,0,1.1978279149227358,0,1.1978279149227358,1.1978279149227358,3.773824650571791,3.601482091395636,3.5023584905660377,17.832167832167837,3.3926868658469567,0,0,0,0,0,32.102519930548254,32.102519930548254,Hoosiers,SS,2030,30,0,1.1978279149227358
Corbin Carroll,ARI,hitter,31.871956085962616,637,554,143,27,101,89,34,0.258486,NA,NA,NA,NA,NA,NA,0.3472372059288272,0.32463856210971925,0.5010911147874447,0.2805183119244457,0.06734070715914404,1.520825901909581,0,0,0,0,0,0,1.520825901909581,0,0,0,0,0,1,0,0,1,0,0,OF,0.5185403056045699,0.5185403056045699,0.13133129966813067,0.10580812394687146,0.2071927306087412,0.07920517042572585,-0.00499701904489933,0,0,0,0,0,0.2159059062606965,0.2188304381628478,0.2938983841787035,0.20131314149871987,0.07233772620404337,0,0,0,0,0,1.0022855963050112,0,1.0022855963050112,1.0022855963050112,3.4750174201746105,2.9011939069575954,3.219339622641509,12.7972027972028,3.070393226847225,0,0,0,0,0,25.463146973823743,25.463146973823743,Hoosiers,OF,2029,26,0,1.0022855963050112
Rafael Devers,SFG,hitter,22.00553458991862,686,589,149,31,94,93,2,0.252533,NA,NA,NA,NA,NA,NA,0.32317126096346294,0.3727331639037517,0.5236120637666557,0.01650107717202622,0.0456475945774543,1.2816651603833509,0,0,0,0,0,0,1.2816651603833509,0,1,0,0,0,0,1,0,1,0,0,1B,0.4466098192993388,0.4466098192993388,0.11345374055100294,0.1106175841262747,0.19705830356809623,0.04125269293006554,-0.01577250187610062,0,0,0,0,0,0.20971752041246,0.262115579777477,0.3265537601985595,-0.02475161575803932,0.06142009645355492,0,0,0,0,0,0.8350553410840121,0,0.8350553410840121,0.8350553410840121,3.3754150100422176,3.2235487855084393,3.8561320754716975,-1.573426573426573,2.6069916493001033,0,0,0,0,0,11.488660946895884,11.488660946895884,Hoosiers,1B/3B,2,30,0,0.8350553410840121
Manny Machado,SDP,hitter,20.154028045596707,644,583,153,26,80,90,9,0.262989,NA,NA,NA,NA,NA,NA,0.2750393710327344,0.31261491166121114,0.5067213520322474,0.07425484727411799,0.09029316156593786,1.2589236435662488,0,0,0,0,0,0,1.2589236435662488,0,0,0,1,0,0,1,0,1,0,0,3B,0.4518055273846128,0.4518055273846128,0.1182669295440758,0.08416555313955683,0.18917597142537235,0.04785312379887603,0.01234394947673169,0,0,0,0,0,0.1567724414886586,0.22844935852165432,0.3175453806068751,0.02640172347524196,0.07794921208920617,0,0,0,0,0,0.8071181161816361,0,0.8071181161816361,0.8071181161816361,2.523261056687297,3.134623301770276,3.3608490566037736,1.6783216783216792,3.308574175550996,0,0,0,0,0,14.00562926893402,14.00562926893402,Hoosiers,3B,Opt,25,0,0.8071181161816361
Logan Webb,SFG,pitcher,27.72133080179324,NA,NA,NA,NA,NA,NA,NA,NA,202,14,0,191,3.18557,1.16831,0,0,0,0,0,0,0.3434187605237866,0,0.5270812154882084,0.1610104302783931,0.12194541487991706,1.1534558211703052,1.1534558211703052,0,0,0,0,0,0,0,0,0,1,0,P,0.4439721908381099,0.4439721908381099,0,0,0,0,0,0.13982049535611313,0.03627746556510604,0.2329091863204439,0.02333348430688774,0.0116315592895591,0,0,0,0,0,0.2035982651676735,-0.03627746556510604,0.2941720291677645,0.13767694597150537,0.11031385559035796,0,0.7094836303321954,0.7094836303321954,0.7094836303321954,0,0,0,0,0,10.555817239755072,-3.9795918367346976,7.343096234309625,10.790373622845634,8.189674912388297,32.899370172563934,32.899370172563934,Hoosiers,P,2026,16,0,0.7094836303321954
Agustin Ramirez,MIA,hitter,16.666367975543622,480,436,106,18,60,62,12,0.243631,NA,NA,NA,NA,NA,NA,0.2062795282745508,0.21642570807314615,0.3490747091777705,0.09900646303215732,0.00506783410498219,0.875854242662607,0,0,0,0,0,0,0.875854242662607,1,0,0,0,0,0,0,0,1,0,0,C,0.30256973257349196,0.30256973257349196,0.08319940973740216,0.06011825224254059,0.13850383622214762,0.01650107717202622,0.00424715719937533,0,0,0,0,0,0.12308011853714863,0.15630745583060557,0.21057087295562288,0.0825053858601311,8.206769056068597e-4,0,0,0,0,0,0.573284510089115,0,0.573284510089115,0.573284510089115,1.980981268188711,2.0786331823795803,2.299528301886792,5.244755244755247,0.0348338404402929,0,0,0,0,0,11.638731837650624,11.638731837650624,Hoosiers,C,2,2,0,0.573284510089115
Heliot Ramos,SFG,hitter,16.951834787439772,637,573,147,22,77,78,7,0.257295,NA,NA,NA,NA,NA,NA,0.26472539461900685,0.2645203098671786,0.4391585050946145,0.05775377010209177,0.06460000307043647,1.0907579827533282,0,0,0,0,0,0,1.0907579827533282,0,0,0,0,0,1,0,0,1,0,0,OF,0.5185403056045699,0.5185403056045699,0.13133129966813067,0.10580812394687146,0.2071927306087412,0.07920517042572585,-0.00499701904489933,0,0,0,0,0,0.13339409495087615,0.15871218592030717,0.23196577448587333,-0.02145140032363408,0.06959702211533579,0,0,0,0,0,0.5722176771487584,0,0.5722176771487584,0.5722176771487584,2.146985285076033,2.2898312062577193,2.3349056603773577,-1.3636363636363638,2.954063343225726,0,0,0,0,0,8.362149131300473,8.362149131300473,Hoosiers,OF,2,16,0,0.5722176771487584
Matt McLain,CIN,hitter,12.656427576246664,616,543,128,19,78,67,18,0.235344,NA,NA,NA,NA,NA,NA,0.26816338675691603,0.22844935852165427,0.37722589540178425,0.14850969454823598,-0.02698823199950146,0.995360103229089,0,0,0,0,0,0,0.995360103229089,0,0,1,0,0,0,0,1,1,0,0,2B,0.4277408742732015,0.4277408742732015,0.1107033468406756,0.07214190269104871,0.16327688009927974,0.07920517042572585,0.00241357421647157,0,0,0,0,0,0.1574600399162404,0.15630745583060557,0.21394901530250451,0.06930452412251013,-0.02940180621597303,0,0,0,0,0,0.5676192289558876,0,0.5676192289558876,0.5676192289558876,2.5343279911464514,2.1119802387813915,2.299528301886792,4.405594405594408,-1.247967159044491,0,0,0,0,0,10.103463778364551,10.103463778364551,Hoosiers,2B/SS,2028,16,0,0.5676192289558876
JJ Wetherholt,STL,hitter,10.636168106694452,539,473,120,11,63,60,12,0.254265,NA,NA,NA,NA,NA,NA,0.21659350468827832,0.1322601549335893,0.337814234688165,0.09900646303215732,0.04272009608710381,0.8283944534292937,0,0,0,0,0,0,0.8283944534292937,0,0,1,0,1,0,0,1,1,0,0,SS,0.3492615922902857,0.3492615922902857,0.0955761814338752,0.0504993318837341,0.13625174132422654,0.05775377010209177,0.00918056754635808,0,0,0,0,0,0.12101732325440312,0.08176082304985521,0.20156249336393847,0.04125269293006555,0.03353952854074573,0,0,0,0,0,0.4791328611390081,0,0.4791328611390081,0.4791328611390081,1.9477804648112464,1.9897076986414164,1.202830188679245,2.6223776223776234,1.423593837780856,0,0,0,0,0,9.186289812290388,9.186289812290388,Hoosiers,Bench,2,1,0,0.4791328611390081
Jakob Marsee,MIA,hitter,14.238932142385671,581,498,115,13,73,58,35,0.230966,NA,NA,NA,NA,NA,NA,0.25097342606737016,0.15630745583060557,0.3265537601985595,0.2887688505104588,-0.04088590615367735,0.9817175864533166,0,0,0,0,0,0,0.9817175864533166,0,0,0,0,0,1,0,0,1,0,0,OF,0.5185403056045699,0.5185403056045699,0.13133129966813067,0.10580812394687146,0.2071927306087412,0.07920517042572585,-0.00499701904489933,0,0,0,0,0,0.11964212639923948,0.05049933188373411,0.11936102958981828,0.20956368008473297,-0.03588888710877801,0,0,0,0,0,0.4631772808487468,0,0.4631772808487468,0.4631772808487468,1.9256465958929376,1.1782626595306709,0.7429245283018867,13.321678321678323,-1.5233129610274838,0,0,0,0,0,15.645199144376331,15.645199144376331,Hoosiers,OF,2,1,0,0.4631772808487468
Jordan Beck,COL,hitter,13.844677283713796,581,528,133,17,66,65,17,0.251983,NA,NA,NA,NA,NA,NA,0.2269074811020059,0.20440205762463803,0.3659654209121787,0.14025915596222285,0.03877106319711878,0.9763051787981644,0,0,0,0,0,0,0.9763051787981644,0,0,0,0,0,1,0,0,1,0,0,OF,0.5185403056045699,0.5185403056045699,0.13133129966813067,0.10580812394687146,0.2071927306087412,0.07920517042572585,-0.00499701904489933,0,0,0,0,0,0.09557618143387522,0.09859393367776656,0.15877269030343752,0.061053985536497,0.04376808224201811,0,0,0,0,0,0.4577648731935944,0,0.4577648731935944,0.4577648731935944,1.538303889822519,1.5673116508851377,1.450471698113207,3.8811188811188817,1.8577474067808504,0,0,0,0,0,10.294953526720596,10.294953526720596,Hoosiers,OF,2,4,0,0.4577648731935944
Brandon Woodruff,MIL,pitcher,15.481622744545197,NA,NA,NA,NA,NA,NA,NA,NA,149,10,0,158,3.7426,1.15307,0,0,0,0,0,0,0.2452991146598476,0,0.43601482747192105,0.0817189769342628,0.09576204673705112,0.8587949658030826,0.8587949658030826,0,0,0,0,0,0,0,0,0,1,0,P,0.4439721908381099,0.4439721908381099,0,0,0,0,0,0.13982049535611313,0.03627746556510604,0.2329091863204439,0.02333348430688774,0.0116315592895591,0,0,0,0,0,0.10547861930373448,-0.03627746556510604,0.2031056411514771,0.05838549262737506,0.08413048744749202,0,0.41482277496497266,0.41482277496497266,0.41482277496497266,0,0,0,0,0,5.468676401318893,-3.9795918367346976,5.069905092356363,4.575938804842939,6.245827767767247,17.380756229550745,17.380756229550745,Hoosiers,IL,2,12,0,0.41482277496497266
