team,n,total_salary,sgpar,PA,AB,H,HR,R,RBI,SB,AVG,IP,W,SV,SO,ER,WH,ERA,WHIP,hr_pts,r_pts,rbi_pts,sb_pts,avg_pts,w_pts,sv_pts,so_pts,era_pts,whip_pts,hit_pts,pit_pts,total_pts,rank,sim_num
WESTSIDE MARAUDERS,23,268,11.18509037692112,7813,6993,1807,257,978,962,150,0.2584012584012584,1271,78,49,1282,547.5150111111111,1548.503666,3.876974901652242,1.2183349063729347,9,9,10,6,8,7,6,8,6,9,42,36,78,1,1
NATIONAL PASTIME,23,254,10.359562557373529,7527,6737,1710,256,914,924,134,0.253822176042749,1285,80,52,1240,551.05916,1575.2128699999998,3.859558319066148,1.2258465914396885,8,4,8,5,6,9,7,7,8,8,31,39,70,2,1
HOOSIERS,23,238,10.185407320277646,7888,6989,1755,255,1002,943,223,0.25110888539132925,1058,63,54,990,455.1680866666666,1329.03062,3.871940245746692,1.2561726086956522,7,10,9,10,3,3,8,3,7,5,39,26,65,3,1
BLUE SOCKS,22,265,10.405823491473887,7458,6722,1734,225,922,896,204,0.2579589407914311,1079,68,78,1120,462.0616633333334,1311.1278499999999,3.8540824559777582,1.2151323911028729,2,6,2,9,7,5,9,5,9,10,26,38,64,4,1
LOUISVILLE SLUGGERS,23,218,10.382200907967826,7567,6826,1822,235,974,905,181,0.26692059771462057,911,60,94,972,380.4915333333334,1126.6290199999999,3.7589723380900115,1.2366948627881447,4,8,4,8,10,2,10,1,10,6,34,29,63,5,1
MELONHEADS,23,232,9.944083128301306,7146,6354,1605,255,907,906,175,0.2525967894239849,1300,81,0,1311,560.593628888889,1599.22828,3.881032815384616,1.2301756,7,3,5,7,4,10,1,10,5,7,26,33,59,6,1
BIG RED MACHINE,23,200,9.615372446782535,7385,6553,1629,261,920,913,115,0.2485884327788799,1281,78,27,1222,555.5544766666667,1613.7957400000003,3.903193044496487,1.2597937080405934,10,5,6,1,2,7,4,6,4,4,24,25,49,7,1
ERIE LAKERS,23,191,8.132241345889279,7394,6574,1703,248,938,914,126,0.25905080620626714,1137,66,8,981,533.4471011111112,1513.28552,4.222536420404574,1.3309459278803868,6,7,7,4,9,4,2,2,1,1,33,10,43,8,1
FREE BIRDS,23,245,9.323902061521743,7438,6594,1666,240,899,901,117,0.2526539278131635,1307,79,19,1302,578.7411577777779,1650.3647799999999,3.9852107268553945,1.2627121499617444,5,2,3,2,5,8,3,9,3,3,17,26,43,8,1
FREE AT LAST,23,237,7.984590515954186,7288,6386,1571,232,896,853,123,0.24600689007203258,1205,74,32,1075,538.0896744444445,1534.0555000000002,4.018927029045644,1.2730751037344399,3,1,1,3,1,6,5,4,2,2,9,19,28,9,1
WESTSIDE MARAUDERS,23,264,11.119812026606938,7484,6663,1703,275,954,951,136,0.2555905748161489,1369,85,32,1354,589.4790255555556,1672.9622060000002,3.8753186486486486,1.2220322907231558,10,8,9,3,6,10,3,9,5,9,36,36,72,1,2
LOUISVILLE SLUGGERS,23,218,10.708936340980054,7543,6790,1787,248,967,917,183,0.26318114874815907,1129,73,38,1199,482.5127688888889,1410.04807,3.8464259698848537,1.2489354030115147,7,9,6,9,10,6,4,8,7,4,41,29,70,2,2
HOOSIERS,23,230,10.189544571134084,7958,7052,1757,269,1010,982,201,0.249149177538287,1101,69,24,1071,463.8487155555556,1361.4343199999998,3.791678873751136,1.2365434332425067,9,10,10,10,3,4,2,3,10,7,42,26,68,3,2
NATIONAL PASTIME,23,263,10.481136121703582,7542,6768,1744,243,935,903,149,0.2576832151300236,1195,75,74,1170,504.54534111111116,1475.08535,3.7999230711297076,1.2343810460251046,5,5,4,5,7,8,10,6,9,8,26,41,67,4,2
BLUE SOCKS,22,265,10.107008740970603,7438,6740,1748,220,906,893,163,0.2593471810089021,1151,75,40,1182,486.3649666666667,1380.60865,3.803027541268462,1.1994862293657689,2,2,3,7,8,8,6,7,8,10,22,39,61,5,2
MELONHEADS,23,220,9.79946136927047,7489,6629,1671,248,941,911,172,0.2520742193392669,1191,74,44,1143,518.1323077777778,1485.6805200000001,3.915357489504618,1.2474227707808565,7,6,5,8,4,7,7,5,4,6,30,29,59,6,2
BIG RED MACHINE,23,210,9.79806430102002,7657,6794,1692,268,949,932,123,0.249043273476597,1186,71,59,1114,509.0987844444445,1481.04948,3.86331286677909,1.2487769645868465,8,7,8,2,2,5,8,4,6,5,27,28,55,7,2
FREE BIRDS,23,244,9.310488572295899,7351,6537,1664,229,881,882,140,0.25455101728621693,1371,83,0,1355,617.2036911111112,1730.60206,4.051665368344275,1.262291801604668,3,1,2,4,5,9,1,10,3,3,15,26,41,8,2
ERIE LAKERS,23,192,8.20521705491516,7373,6563,1723,246,926,921,115,0.26253237848544875,1069,59,39,924,505.3494311111111,1431.8367600000001,4.2545789335827875,1.339416987839102,6,4,7,1,9,2,5,1,1,1,27,10,37,9,2
FREE AT LAST,23,247,8.357193622983369,7400,6471,1581,240,921,877,161,0.24432081594807603,1072,63,63,983,486.18646111111116,1371.92643,4.081789319029851,1.2797821175373134,4,3,1,6,1,3,9,2,2,2,15,18,33,10,2
WESTSIDE MARAUDERS,23,269,11.06025752684306,7680,6882,1782,258,964,947,141,0.25893635571054924,1274,78,51,1283,538.8940411111112,1560.980876,3.806943775510204,1.2252597142857145,8,8,8,4,8,9,5,10,9,9,36,42,78,1,3
LOUISVILLE SLUGGERS,23,223,10.643637250029357,7396,6647,1729,253,964,920,181,0.2601173461712051,940,65,77,1082,377.29708222222223,1130.4697399999998,3.6124188723404256,1.202627382978723,7,8,6,8,9,4,10,2,10,10,38,36,74,2,3
BLUE SOCKS,23,257,10.449837388912556,8065,7270,1862,243,980,953,184,0.256121045392022,1094,68,68,1130,468.67560444444445,1365.18278,3.8556493967093233,1.247881882998172,4,9,9,9,6,5,9,6,7,6,37,33,70,3,3
HOOSIERS,23,232,10.201226880496074,7937,7063,1765,260,995,968,222,0.24989381282741044,1167,74,8,1120,495.4577777777778,1469.43624,3.8210111396743787,1.2591570179948586,9,10,10,10,2,7,2,5,8,3,41,25,66,4,3
NATIONAL PASTIME,23,258,10.447149655254211,7702,6938,1787,242,931,918,147,0.25756702219659844,1258,78,52,1217,543.3549966666667,1551.5978,3.8872774006359303,1.2333845786963433,3,6,5,5,7,9,6,8,6,8,26,37,63,5,3
MELONHEADS,23,211,9.707256962120638,7279,6449,1617,250,919,897,160,0.2507365483020623,1393,84,0,1269,610.1486033333333,1726.7742799999999,3.9420943503230435,1.23960824120603,6,5,3,7,3,10,1,9,5,7,24,32,56,6,3
BIG RED MACHINE,23,208,9.821811945804527,7559,6704,1691,261,951,936,136,0.25223747016706444,1189,70,54,1110,523.5922222222223,1493.70229,3.9632716568545003,1.2562676955424725,10,7,7,3,4,6,7,3,4,4,31,24,55,7,3
FREE BIRDS,23,257,9.33945579165665,7341,6515,1652,240,890,897,113,0.25356868764389867,1208,75,57,1200,533.64169,1511.2570999999998,3.9758072930463584,1.251040645695364,2,2,3,1,5,8,8,7,3,5,13,31,44,8,3
ERIE LAKERS,23,194,8.156812667555199,7282,6474,1689,249,918,911,120,0.2608897126969416,1110,65,14,967,517.9104277777777,1453.7708,4.199273738738738,1.3097034234234235,5,4,4,2,10,4,3,1,1,1,25,10,35,9,3
FREE AT LAST,23,240,8.162225626013205,7393,6462,1592,226,915,847,157,0.2463633549984525,1201,70,32,1117,553.7490477777778,1538.06194,4.149659808492922,1.2806510741049126,1,3,2,6,1,6,4,4,2,2,13,18,31,10,3
WESTSIDE MARAUDERS,23,266,11.13601051532409,7498,6732,1727,259,944,938,158,0.2565359477124183,1306,82,54,1318,555.5215411111111,1604.5379360000002,3.828249517611026,1.2285895375191425,9,7,8,6,8,10,7,10,9,8,38,44,82,1,4
HOOSIERS,23,239,10.452958826334653,7863,6982,1774,252,993,959,202,0.2540819249498711,1264,75,16,1173,534.7070277777779,1587.6926799999999,3.8072494066455698,1.2560859810126581,7,10,10,10,5,8,3,7,10,4,42,32,74,2,4
BLUE SOCKS,23,265,10.398256931334043,7768,7004,1787,240,962,937,191,0.2551399200456882,1137,71,56,1161,486.14529222222234,1372.79694,3.8481157695690422,1.2073851715039576,3,8,7,9,6,6,8,6,7,10,33,37,70,3,4
LOUISVILLE SLUGGERS,23,219,10.643345984875808,7757,6961,1820,248,981,928,184,0.2614566872575779,968,62,85,1000,413.67560000000003,1192.74841,3.846157438016529,1.2321781095041322,5,9,6,8,10,4,10,2,8,7,38,31,69,4,4
NATIONAL PASTIME,23,252,10.454379286809015,7660,6898,1764,260,937,941,139,0.25572629747752973,1163,71,79,1110,514.0805511111112,1424.3936200000003,3.9782673774720556,1.2247580567497853,10,5,9,3,7,6,9,4,3,9,34,31,65,5,4
MELONHEADS,23,217,9.729417806217647,7332,6481,1620,254,931,905,160,0.2499614257059096,1339,82,0,1271,577.6717377777779,1667.2620800000002,3.8827824047796873,1.245154652725915,8,4,3,7,2,10,2,8,6,6,24,32,56,6,4
BIG RED MACHINE,23,204,9.763887477987797,7461,6621,1670,259,937,918,117,0.252227760157076,1221,72,46,1159,526.95487,1545.51181,3.8841882309582307,1.2657754381654382,9,5,5,1,3,7,6,5,5,3,23,26,49,7,4
FREE BIRDS,23,248,9.069276116627956,7218,6392,1618,214,861,839,145,0.25312891113892366,1254,81,32,1310,548.5852477777779,1569.9394200000002,3.937214696969698,1.251945311004785,2,2,1,5,4,9,5,9,4,5,14,32,46,8,4
ERIE LAKERS,23,200,8.181482685793187,7282,6474,1689,249,918,911,120,0.2608897126969416,1023,61,29,952,473.67803999999995,1343.2308699999999,4.167255483870967,1.3130311534701855,6,3,4,2,9,3,4,1,1,1,24,10,34,9,4
FREE AT LAST,23,239,8.03835603287315,7606,6684,1655,242,940,897,140,0.247606223818073,1159,70,16,1041,531.7015855555555,1493.12008,4.128830258843831,1.28828307161346,4,6,2,4,1,5,3,3,2,2,17,15,32,10,4
WESTSIDE MARAUDERS,23,270,11.208600048688705,7687,6837,1749,250,979,927,200,0.2558139534883721,1270,79,49,1277,544.9971955555554,1550.442356,3.8621848503937,1.2208207527559056,6,8,5,9,6,9,7,9,7,10,34,42,76,1,5
LOUISVILLE SLUGGERS,23,207,10.669132973186697,7718,6943,1806,259,985,946,172,0.2601181045657497,1112,71,38,1166,481.1206855555556,1384.93194,3.8939623830935255,1.245442392086331,9,9,9,7,10,5,6,6,6,6,44,29,73,2,5
BLUE SOCKS,23,261,10.440829578575132,7768,7004,1787,240,962,937,191,0.2551399200456882,1087,69,78,1114,463.8989622222223,1327.61189,3.8409297700092004,1.2213540846366144,2,7,8,8,5,4,9,4,9,9,30,35,65,3,5
HOOSIERS,23,245,10.220446633459623,7793,6921,1752,251,989,949,229,0.2531426094495015,1210,75,14,1119,526.2023788888889,1512.19519,3.9139019917355378,1.2497480909090908,7,10,10,10,3,7,2,5,5,4,40,23,63,4,5
NATIONAL PASTIME,23,258,10.546668905414439,7604,6832,1775,249,941,930,156,0.25980679156908665,1253,78,52,1186,548.1721744444444,1563.85777,3.93738992019154,1.248090798084597,5,5,6,6,9,8,8,7,3,5,31,31,62,5,5
MELONHEADS,23,224,9.727336929101838,7261,6441,1632,258,915,916,151,0.25337680484396835,1216,73,30,1194,519.2273744444445,1506.25591,3.8429657648026323,1.2386972944078949,8,2,4,5,4,6,5,8,8,8,23,35,58,6,5
BIG RED MACHINE,23,209,9.734868904786726,7469,6619,1638,274,931,931,105,0.24746940625472125,1028,64,116,997,435.7757155555556,1287.1413700000003,3.815157042801557,1.2520830447470819,10,4,7,2,2,2,10,2,10,3,25,27,52,7,5
FREE BIRDS,23,254,9.259918956222638,7351,6551,1676,222,865,871,97,0.25583880323614716,1431,88,0,1403,625.0055100000001,1778.0062199999998,3.9308522641509436,1.242492117400419,1,1,1,1,7,10,1,10,4,7,11,32,43,8,5
FREE AT LAST,23,240,8.384725582881345,7708,6752,1660,247,949,901,127,0.24585308056872038,1163,67,16,1100,518.4883977777778,1470.64066,4.012377970765263,1.2645233533963887,4,6,2,4,1,3,3,3,2,2,17,13,30,9,5
ERIE LAKERS,23,188,7.982237290978137,7366,6557,1702,246,929,911,123,0.25956992527070305,1064,63,20,939,499.83309888888886,1420.15054,4.227911550751879,1.3347279511278196,3,3,3,3,8,1,4,1,1,1,20,8,28,10,5
WESTSIDE MARAUDERS,23,270,11.067312369664878,7456,6673,1713,257,948,919,157,0.2567061291772816,1279,82,51,1323,536.138908888889,1565.180126,3.7726741047693517,1.2237530304925723,8,5,6,7,7,10,7,10,10,9,33,46,79,1,6
LOUISVILLE SLUGGERS,23,218,10.751513932498641,7476,6735,1746,250,949,918,178,0.2592427616926503,1049,63,107,1060,445.2733255555555,1290.09066,3.820266854146806,1.229829037178265,6,6,5,9,10,2,10,3,8,8,36,31,67,2,6
NATIONAL PASTIME,23,250,10.481575226351643,7818,7030,1797,264,959,952,141,0.25561877667140825,1223,75,52,1148,542.7753977777777,1515.6088599999998,3.994258855273916,1.2392549959116923,9,9,10,4,5,6,8,5,3,7,37,29,66,3,6
HOOSIERS,23,237,10.150518578056479,7719,6852,1716,249,974,933,235,0.2504378283712785,1219,78,0,1190,518.84077,1532.27026,3.830653757178015,1.2569895488105005,5,10,8,10,2,8,3,7,7,4,35,29,64,4,6
BLUE SOCKS,22,265,10.234106283233448,7479,6741,1743,230,915,903,174,0.2585669781931464,1089,70,62,1145,459.56687000000005,1310.59254,3.7980733057851244,1.2034825895316805,2,2,3,8,9,4,9,4,9,10,24,36,60,5,6
BIG RED MACHINE,23,207,9.801334237879775,7699,6840,1723,266,958,951,132,0.2519005847953216,1250,73,27,1154,550.9293922222223,1578.05875,3.9666916240000005,1.2624469999999999,10,8,9,3,3,5,5,6,4,3,33,23,56,6,6
MELONHEADS,23,214,9.679877621492814,7367,6544,1666,242,925,907,155,0.2545843520782396,1324,81,0,1263,577.9531611111112,1648.3940199999997,3.928684629909366,1.245010589123867,3,3,4,6,4,9,3,9,6,6,20,33,53,7,6
FREE BIRDS,23,248,9.072828745165486,7243,6419,1643,220,875,861,115,0.2559588720984577,1208,76,62,1216,536.6478455555557,1517.938,3.998204147350994,1.2565711920529803,1,1,1,1,6,7,9,8,2,5,10,31,41,8,6
ERIE LAKERS,23,195,8.272774712129255,7506,6661,1720,252,951,927,125,0.258219486563579,1070,62,22,949,500.6115055555556,1407.9887199999998,4.210750981308411,1.3158773084112148,7,7,7,2,8,1,4,1,1,1,31,8,39,9,6
FREE AT LAST,23,244,8.43191631579673,7589,6648,1636,245,945,894,148,0.24608904933814682,1123,67,30,1047,493.9843166666667,1435.1119099999996,3.958912600178095,1.277926901157613,4,4,2,5,1,3,6,2,5,2,16,18,34,10,6
WESTSIDE MARAUDERS,22,270,11.100048251023216,7232,6440,1638,271,929,920,139,0.2543478260869565,1303,82,43,1329,556.5076233333333,1579.3932260000001,3.8438746047582497,1.2121206646201075,9,5,7,5,5,10,5,9,8,10,31,42,73,1,7
LOUISVILLE SLUGGERS,23,212,10.74986965720197,7970,7186,1850,271,1001,981,174,0.2574450320066797,1126,69,36,1085,479.35433,1392.5354000000002,3.8314289253996447,1.2367099467140321,9,9,9,8,7,5,4,4,9,7,42,29,71,2,7
HOOSIERS,23,238,10.445373844701024,7942,7028,1757,277,1008,988,211,0.25,1049,67,46,1007,442.4908277777778,1320.03595,3.7963941372735936,1.2583755481410868,10,10,10,10,3,4,6,2,10,4,43,26,69,3,7
NATIONAL PASTIME,23,262,10.474444203867582,7583,6831,1776,233,931,901,159,0.25999121651295565,1268,79,52,1209,547.5773833333333,1560.62064,3.8865902602523654,1.2307733753943217,5,6,4,6,10,9,7,7,5,8,31,36,67,4,7
BLUE SOCKS,23,264,10.441335531687297,7911,7140,1841,231,968,939,204,0.257843137254902,1146,72,56,1146,500.4242555555556,1417.7826400000001,3.930033420593368,1.2371576265270507,4,7,8,9,8,6,8,5,4,6,36,29,65,5,7
MELONHEADS,23,222,9.755559276798175,7216,6421,1626,243,902,893,160,0.25323158386544153,1254,78,30,1222,538.2337244444444,1540.92161,3.862921467304625,1.2288051116427432,6,3,3,7,4,8,2,8,6,9,23,33,56,6,7
BIG RED MACHINE,23,202,9.70687619423656,7378,6545,1634,260,925,905,115,0.24965622612681437,1220,73,59,1148,523.1592922222222,1541.80365,3.859371827868853,1.2637734836065575,8,4,5,1,2,7,9,6,7,3,20,32,52,7,7
FREE BIRDS,23,249,9.088229913882346,7291,6445,1652,223,885,875,125,0.25632273079906903,1327,82,0,1356,592.1358355555557,1659.38866,4.015992856066316,1.2504812810851544,3,1,1,3,6,10,1,10,3,5,14,29,43,8,7
FREE AT LAST,23,242,8.431265510294418,7816,6860,1701,247,969,914,136,0.2479591836734694,1055,61,60,984,489.82538888888894,1351.4483599999999,4.178605213270142,1.2809937061611374,7,8,6,4,1,2,10,1,1,2,26,16,42,9,7
ERIE LAKERS,23,194,8.123047140541448,7197,6403,1663,233,896,876,122,0.25972200531001094,1086,64,31,1009,493.01283222222224,1437.3037100000001,4.085741703499079,1.3234840791896871,5,2,2,2,9,3,3,3,2,1,20,12,32,10,7
HOOSIERS,23,244,10.429571740102187,7943,7069,1760,273,1009,984,218,0.24897439524685244,966,59,71,959,399.5580477777778,1185.82557,3.7225905072463767,1.227562701863354,10,9,10,10,1,1,9,2,10,7,40,29,69,1,8
BLUE SOCKS,23,263,10.263109777624736,7586,6832,1742,226,920,898,208,0.2549765807962529,1216,79,29,1285,506.8184588888889,1472.0121,3.7511234621710527,1.2105362664473684,2,5,4,9,6,8,3,8,9,10,26,38,64,2,8
LOUISVILLE SLUGGERS,23,212,10.736713482784845,7921,7119,1850,264,1018,968,191,0.25986795898300324,1021,64,62,1003,455.97305555555556,1306.10669,4.019351126346718,1.2792425954946132,9,10,9,8,9,3,8,3,3,2,45,19,64,2,8
WESTSIDE MARAUDERS,23,263,10.979065210128665,7341,6584,1697,248,915,909,145,0.2577460510328068,1360,86,32,1378,581.5517,1660.0359560000002,3.8485038970588232,1.2206146735294119,5,3,5,5,7,10,4,10,7,8,25,39,64,2,8
NATIONAL PASTIME,23,267,10.347803652820964,7447,6667,1720,240,918,880,137,0.25798710064496777,1186,75,82,1198,494.51877,1436.1115300000001,3.75267194772344,1.2108866188870153,4,4,2,4,8,6,10,7,8,9,22,40,62,3,8
MELONHEADS,23,217,9.828009537862206,7577,6718,1686,261,952,942,152,0.25096754986603154,1183,69,41,1138,519.5808311111111,1464.2981900000002,3.9528550126796285,1.2377837616229925,8,8,8,7,3,4,7,5,5,6,34,27,61,4,8
BIG RED MACHINE,23,199,9.698488028601806,7433,6614,1665,259,926,925,116,0.2517387360145147,1313,78,27,1180,573.2627466666667,1670.1254000000004,3.9294476161462297,1.2719919268849964,7,7,7,1,4,7,2,6,6,4,26,25,51,5,8
FREE BIRDS,23,246,9.242642884488811,7463,6622,1683,233,897,892,120,0.2541528239202658,1367,84,0,1350,617.00183,1712.9445399999997,4.062192004389174,1.2530684272128747,3,2,3,3,5,9,1,9,2,5,16,26,42,6,8
ERIE LAKERS,23,197,8.220477260541152,7296,6481,1685,250,922,915,117,0.2599907421694183,1101,63,35,933,516.0958955555557,1460.40941,4.218767538601273,1.3264390644868302,6,6,6,2,10,2,6,1,1,1,30,11,41,7,8
FREE AT LAST,23,241,8.07118164703572,7347,6443,1615,222,915,854,149,0.25065963060686014,1121,70,34,1071,498.3601577777779,1433.36446,4.001107421944694,1.2786480463871543,1,3,1,6,2,5,5,4,4,3,13,21,34,8,8
WESTSIDE MARAUDERS,23,267,11.020634756229077,7498,6752,1762,246,939,926,158,0.2609597156398104,1352,85,32,1337,580.8357522222223,1661.635356,3.8665101849112427,1.2290202337278107,5,7,6,6,9,10,4,10,7,7,33,38,71,1,9
LOUISVILLE SLUGGERS,23,211,10.692935075407382,7759,6941,1812,258,1011,944,177,0.2610574845123181,1197,72,36,1162,540.2099144444445,1533.4907799999999,4.061728680033418,1.2811117627401836,9,10,10,9,10,7,5,6,2,2,48,22,70,2,9
HOOSIERS,23,236,10.263912458098734,7790,6899,1728,250,985,932,228,0.2504710827656182,950,63,92,951,386.5917000000001,1185.88092,3.662447684210527,1.248295705263158,6,9,8,10,3,4,10,2,10,5,36,31,67,3,9
NATIONAL PASTIME,23,259,10.435513344059553,7566,6826,1765,251,931,924,150,0.2585701728684442,1176,74,52,1196,513.0358122222223,1436.59746,3.9262944812925173,1.2215964795918366,7,6,5,4,7,8,7,7,6,8,29,36,65,4,9
BLUE SOCKS,23,264,10.398712047792927,7614,6875,1753,233,929,912,170,0.2549818181818182,1332,84,29,1297,555.9456677777778,1621.2454799999998,3.7563896471471474,1.2171512612612612,1,5,4,8,6,9,3,8,9,9,24,38,62,5,9
BIG RED MACHINE,23,205,9.780598464485381,7587,6710,1674,271,951,943,118,0.24947839046199702,1188,70,54,1137,525.3207588888889,1484.33998,3.979702718855219,1.2494444276094276,10,8,9,2,2,6,8,5,4,4,31,27,58,6,9
MELONHEADS,23,227,9.722027103770829,7315,6464,1623,245,923,895,154,0.2510829207920792,1099,69,68,1094,468.4871244444445,1336.01044,3.836564258416743,1.2156600909918107,4,3,2,5,4,5,9,3,8,10,18,35,53,7,9
ERIE LAKERS,23,195,8.252099840127345,7401,6573,1707,254,931,927,118,0.25969876768598815,1003,56,48,897,462.3368022222222,1335.44281,4.148585463609172,1.3314484646061815,8,6,7,2,8,3,6,1,1,1,31,12,43,8,9
FREE AT LAST,23,244,8.227276319271562,7564,6668,1647,238,927,895,160,0.24700059988002399,1157,70,2,1099,511.4904188888889,1441.1106,3.978750017286085,1.2455579948141746,3,4,2,7,1,6,2,4,5,6,17,23,40,9,9
FREE BIRDS,23,241,9.195962285442695,7540,6696,1695,236,900,896,128,0.2531362007168459,1380,84,0,1325,618.4675422222223,1765.48002,4.033483971014493,1.2793333478260869,2,2,3,3,5,9,1,9,3,3,15,25,40,9,9
LOUISVILLE SLUGGERS,23,207,10.734825128113425,7802,7020,1813,265,1003,958,183,0.25826210826210827,1024,63,61,1062,440.6795322222223,1285.6134299999999,3.8731599511718757,1.2554818652343749,10,9,9,8,9,2,10,4,7,5,45,28,73,1,10
WESTSIDE MARAUDERS,23,270,10.921960231614674,7321,6549,1673,252,932,902,142,0.25545884867918767,1281,83,43,1331,542.1086155555555,1555.240726,3.808725636221702,1.2140833145979704,7,5,3,6,6,10,5,10,9,9,27,43,70,2,10
BLUE SOCKS,23,262,10.38251318242741,7753,6976,1798,228,943,921,209,0.2577408256880734,1161,71,56,1170,499.6010922222223,1412.97313,3.872876683893196,1.2170311197243757,1,7,8,10,8,4,8,6,8,8,34,34,68,3,10
HOOSIERS,23,237,10.30201219087901,7930,7030,1768,263,1004,969,204,0.25149359886201994,1272,77,0,1142,551.8277211111111,1580.24453,3.904441422955975,1.242330605345912,9,10,10,9,3,7,2,5,5,7,41,26,67,4,10
NATIONAL PASTIME,23,265,10.396800564969068,7513,6735,1730,241,915,895,135,0.25686711210096513,1269,81,52,1286,534.1340966666667,1539.79404,3.788185082742317,1.2133916784869976,3,2,2,4,7,9,7,9,10,10,18,45,63,5,10
BIG RED MACHINE,23,210,9.756021655827732,7479,6629,1660,261,938,913,128,0.2504148438678534,1193,72,59,1142,516.8058277777778,1488.77262,3.8987866303436722,1.2479234031852473,8,6,6,3,2,5,9,5,6,6,25,31,56,6,10
MELONHEADS,23,212,9.684479195585462,7297,6462,1617,250,923,902,173,0.2502321262766945,1301,79,22,1226,570.8522033333334,1638.7011200000004,3.9490160107609538,1.2595704227517297,6,4,3,7,1,8,3,8,3,4,21,26,47,7,10
FREE AT LAST,23,245,8.415266709495938,7788,6896,1743,236,953,920,138,0.25275522041763343,1065,64,46,967,483.18322666666666,1366.83394,4.083238535211268,1.2834121502347418,2,8,7,5,5,3,6,3,2,2,27,16,43,8,10
FREE BIRDS,23,248,9.284112636994546,7383,6556,1655,249,891,909,112,0.2524405125076266,1218,74,46,1213,532.6581355555556,1543.5765999999999,3.9358975533661744,1.2673042692939243,5,1,4,1,4,6,6,7,4,3,15,26,41,9,10
ERIE LAKERS,23,200,8.174702538202276,7298,6468,1688,246,919,910,121,0.26097711811997526,1050,63,28,956,490.87104222222223,1389.48371,4.207466076190476,1.323317819047619,4,3,5,2,10,2,4,2,1,1,24,10,34,10,10
HOOSIERS,23,242,10.470949805515703,8000,7089,1777,278,1018,999,211,0.25067005219353927,989,62,52,972,415.54614555555554,1213.7724600000001,3.781511941354904,1.2272724570273004,10,10,10,10,3,3,8,2,10,9,43,32,75,1,11
WESTSIDE MARAUDERS,23,266,11.075535939767809,7603,6749,1729,260,980,937,156,0.2561861016446881,1342,83,32,1348,584.0052044444444,1651.514736,3.9165773770491805,1.230636912071535,9,9,8,5,6,10,6,10,4,7,37,37,74,2,11
BLUE SOCKS,23,262,10.239537463861593,7988,7247,1867,234,948,951,178,0.25762384434938596,1191,75,29,1185,508.74023777777785,1438.6648899999998,3.844384668345928,1.207947010915197,2,6,9,9,8,7,5,6,7,10,34,35,69,3,11
LOUISVILLE SLUGGERS,23,207,10.583911900636359,7666,6916,1793,255,961,931,163,0.2592539039907461,979,63,96,1010,412.4909966666667,1221.9308499999997,3.7920520633299293,1.2481418283963226,6,8,7,7,9,4,10,3,9,5,37,31,68,4,11
NATIONAL PASTIME,23,256,10.39346786279005,7419,6672,1716,240,907,894,141,0.25719424460431656,1300,80,52,1268,551.8909877777778,1595.73315,3.8207837615384617,1.2274870384615384,4,2,3,4,7,8,8,7,8,8,20,39,59,5,11
BIG RED MACHINE,23,209,9.77037555696766,7461,6621,1670,259,937,918,117,0.252227760157076,1186,71,54,1133,512.903068888889,1491.5372800000002,3.8921818043844865,1.2576199662731873,8,5,6,1,5,6,9,5,6,3,25,29,54,6,11
MELONHEADS,23,217,9.697568416322376,7191,6393,1597,256,908,898,160,0.2498044736430471,1346,83,0,1298,582.55284,1661.49352,3.8952270133729567,1.2343934026745913,7,3,4,6,2,10,3,8,5,6,22,32,54,6,11
FREE BIRDS,23,249,9.155550690674968,7222,6377,1607,228,879,862,129,0.25199937274580525,1262,82,32,1304,550.4225466666668,1586.42346,3.925358890649763,1.2570708874801901,1,1,1,3,4,9,6,9,3,4,10,31,41,7,11
ERIE LAKERS,23,195,8.170396758420386,7261,6465,1699,243,916,909,119,0.262799690641918,1031,59,47,897,482.94184222222225,1370.62267,4.2157871774975755,1.3294109311348206,5,4,5,2,10,2,7,1,1,1,26,12,38,8,11
FREE AT LAST,23,251,8.438842605686512,7655,6703,1671,237,957,892,170,0.2492913620766821,1208,69,19,1080,561.2276233333334,1569.54083,4.181331630794703,1.2992887665562913,3,7,2,8,1,5,4,4,2,2,21,17,38,8,11
WESTSIDE MARAUDERS,23,270,11.202875004996018,7687,6846,1749,272,976,949,161,0.25547765118317267,1266,79,54,1278,543.7985444444445,1554.4637160000002,3.8658664296998424,1.2278544360189576,10,7,8,6,7,9,9,8,7,8,38,41,79,1,12
BLUE SOCKS,23,261,10.414669127203398,8065,7270,1862,243,980,953,184,0.256121045392022,1164,75,43,1144,496.4156211111112,1440.26018,3.838265111683849,1.2373369243986254,4,9,9,9,8,6,6,5,8,7,39,32,71,2,12
LOUISVILLE SLUGGERS,23,222,10.506942407455261,7599,6865,1830,237,979,913,183,0.26656955571740715,1037,67,49,1111,438.39389555555556,1283.9036499999997,3.804768621022179,1.2380941658630662,3,8,5,8,10,4,7,4,9,6,34,30,64,3,12
HOOSIERS,23,231,10.241163738149654,8027,7117,1774,270,1013,988,199,0.24926232963327244,1149,69,43,1016,505.1113522222222,1448.9345600000001,3.956485787641427,1.2610396518711924,9,10,10,10,2,5,6,2,4,4,41,21,62,4,12
NATIONAL PASTIME,23,260,10.33922599976787,7443,6628,1673,254,906,904,129,0.2524140012070006,1187,76,84,1199,494.6759711111111,1437.9785900000002,3.7507023925863523,1.2114394187026118,7,2,3,3,3,7,10,7,10,10,18,44,62,4,12
MELONHEADS,23,228,10.023358566377258,7238,6440,1628,247,913,905,170,0.2527950310559006,1340,82,0,1310,585.5662566666666,1644.9502699999998,3.9329076940298506,1.2275748283582089,6,3,4,7,4,10,3,10,5,9,24,37,61,5,12
BIG RED MACHINE,23,206,9.789953694774455,7595,6763,1710,258,947,936,135,0.2528463699541624,1286,76,27,1181,568.0308644444444,1630.5515100000002,3.975332643856921,1.2679249688958012,8,6,7,4,5,7,4,6,3,2,30,22,52,6,12
ERIE LAKERS,23,193,8.146760445520616,7492,6637,1714,246,937,916,117,0.25824920897996084,1011,59,50,899,471.36239111111115,1341.7161099999998,4.196104371909001,1.3271178140454993,5,5,6,2,9,2,8,1,1,1,27,13,40,7,12
FREE BIRDS,23,236,9.21333961150484,7239,6432,1629,237,875,884,115,0.25326492537313433,1301,78,27,1286,583.4605111111113,1642.22398,4.036237202152192,1.2622782321291315,3,1,2,1,6,8,4,9,2,3,13,26,39,8,12
FREE AT LAST,23,249,8.296477207545909,7340,6459,1608,232,919,871,158,0.24895494658615885,1093,66,36,1071,475.9060855555556,1376.2512800000002,3.918714336688015,1.2591503019213177,2,4,1,5,1,3,5,3,6,5,13,22,35,9,12
WESTSIDE MARAUDERS,23,270,11.27278405812345,7757,6921,1773,254,994,944,185,0.25617685305591675,1344,84,32,1318,583.3388444444445,1664.2772160000002,3.906286904761905,1.2383015000000002,7,9,9,8,6,10,5,9,6,6,39,36,75,1,13
LOUISVILLE SLUGGERS,23,219,10.559250562594585,7522,6755,1786,245,976,906,165,0.2643967431532198,1033,68,64,1111,430.8432422222222,1268.91465,3.7537165343659242,1.2283781703775412,5,8,5,7,10,4,9,5,9,9,35,36,71,2,13
HOOSIERS,23,233,10.282487884162189,7986,7114,1794,268,999,993,195,0.2521788023615406,1106,69,32,1039,466.86011555555564,1388.68928,3.7990425316455703,1.2555960940325497,10,10,10,9,4,5,5,4,8,4,43,26,69,3,13
NATIONAL PASTIME,23,245,10.361704430597069,7524,6751,1694,267,920,938,138,0.25092578877203375,1149,73,84,1132,501.86693777777776,1415.71871,3.931072619669277,1.2321311662315058,9,4,8,4,3,7,10,6,5,7,28,35,63,4,13
BIG RED MACHINE,23,209,9.739679838256668,7461,6621,1670,259,937,918,117,0.252227760157076,1196,71,46,1155,514.5628444444445,1503.74494,3.8721284280936463,1.2573118227424749,8,6,6,1,5,6,7,7,7,3,26,30,56,5,13
BLUE SOCKS,20,265,10.05677588047725,6884,6201,1595,222,844,847,160,0.25721657797129494,1090,71,56,1111,441.6242322222223,1307.6571800000002,3.6464386146789,1.1996854862385322,2,1,1,6,7,6,8,5,10,10,17,39,56,5,13
MELONHEADS,23,219,9.982241568847346,7296,6477,1621,250,914,896,199,0.25027018681488344,1284,78,30,1228,569.5841344444444,1580.1538500000001,3.992412157320872,1.2306494158878505,6,3,3,10,2,8,4,8,4,8,24,32,56,5,13
FREE BIRDS,23,255,9.30394607932615,7540,6694,1730,224,909,892,126,0.25844039438302957,1317,82,0,1324,588.75045,1651.74949,4.023351594533029,1.2541757706909642,3,2,2,3,8,9,3,10,3,5,18,30,48,6,13
FREE AT LAST,23,242,8.406799490094144,7928,6972,1718,250,967,928,140,0.24641422834193918,1159,66,30,1031,529.1780188888888,1502.4314599999998,4.10923396893874,1.2963170491803278,6,7,7,5,1,3,4,3,2,2,26,14,40,7,13
ERIE LAKERS,23,197,8.258055142499217,7321,6474,1674,243,933,901,125,0.25857275254865614,1022,57,39,952,472.81509333333327,1327.39329,4.1637336986301365,1.2988192661448141,4,5,4,2,9,2,6,2,1,1,24,12,36,8,13
LOUISVILLE SLUGGERS,23,214,10.79673219221533,7718,6938,1814,257,998,954,187,0.26145863361199195,1040,64,66,1037,437.2706111111112,1286.34767,3.784072596153847,1.2368727596153848,6,9,9,8,10,5,8,4,8,7,42,32,74,1,14
WESTSIDE MARAUDERS,23,270,11.00500154574729,7288,6481,1667,268,939,927,146,0.2572133929949082,1274,81,59,1284,545.9072644444444,1552.9395559999998,3.856487739403453,1.218947846153846,10,6,5,6,6,8,7,8,7,8,33,38,71,2,14
BLUE SOCKS,20,265,10.099593696087236,8044,7250,1866,237,971,945,200,0.2573793103448276,747,49,48,815,305.7286544444445,878.38695,3.6834777643908976,1.175886144578313,4,7,8,9,7,2,5,1,10,10,35,28,63,3,14
HOOSIERS,23,230,10.331657044969976,7916,7008,1753,263,1011,966,222,0.2501426940639269,1276,76,0,1151,562.1428644444444,1616.8481499999998,3.96495750783699,1.2671223746081504,8,10,10,10,2,7,3,5,4,4,40,23,63,3,14
NATIONAL PASTIME,23,269,10.415190205054193,7359,6617,1707,231,901,872,141,0.2579718905848572,1183,75,84,1208,489.3468866666667,1426.03508,3.7228419103972947,1.2054396280642434,2,3,1,5,8,6,10,7,9,9,19,41,60,4,14
MELONHEADS,23,221,9.835793613468766,7405,6592,1685,240,922,908,153,0.2556128640776699,1313,83,0,1301,567.5914966666668,1643.1086800000003,3.890573853769993,1.2514155978674792,5,4,4,7,5,9,3,9,6,6,25,33,58,5,14
BIG RED MACHINE,23,207,9.717652677053165,7503,6660,1670,267,936,939,117,0.25075075075075076,1266,76,27,1193,552.13122,1586.4149200000002,3.92510345971564,1.2530923538704584,9,5,7,1,4,7,4,6,5,5,26,27,53,6,14
FREE BIRDS,23,238,9.265665272884943,7306,6492,1626,240,886,891,128,0.25046210720887246,1380,85,0,1355,615.3286933333335,1751.1382899999999,4.013013217391306,1.2689407898550724,5,1,3,3,3,10,3,10,3,3,15,29,44,7,14
FREE AT LAST,23,242,8.453821344481256,7956,6992,1716,258,976,933,135,0.24542334096109839,1041,62,50,986,474.9197577777778,1342.5308400000001,4.105934505283382,1.2896549855907782,7,8,6,4,1,4,6,3,2,1,26,16,42,8,14
ERIE LAKERS,23,195,8.152914738033541,7216,6416,1670,232,897,877,119,0.260286783042394,994,57,67,904,463.0475155555556,1279.37425,4.192583138832998,1.2870968309859157,3,2,2,2,9,3,9,2,1,2,18,17,35,9,14
WESTSIDE MARAUDERS,23,267,11.12231403835151,7789,6946,1769,260,971,953,155,0.2546789519147711,1324,82,32,1344,570.4988022222223,1628.1735660000002,3.878013006042296,1.2297383429003022,9,9,9,6,6,10,6,10,6,7,39,39,78,1,15
BLUE SOCKS,23,263,10.344791917203512,7768,7003,1800,239,946,936,177,0.2570327002713123,1121,73,51,1191,475.4336033333334,1364.3220800000001,3.8170405263157896,1.217058055307761,3,7,7,7,8,6,7,6,8,10,32,37,69,2,15
NATIONAL PASTIME,23,247,10.39472498711152,7618,6835,1742,266,935,958,145,0.2548646671543526,1227,77,52,1157,545.7253066666666,1530.9324699999997,4.0028751100244495,1.2477037245313771,10,6,10,5,7,8,8,5,3,6,38,30,68,3,15
LOUISVILLE SLUGGERS,23,214,10.536660600119387,7520,6769,1788,235,966,897,186,0.2641453685921111,969,62,101,1004,402.74004,1183.8878499999998,3.740619566563468,1.221762487100103,2,8,4,8,10,4,10,2,10,9,32,35,67,4,15
HOOSIERS,23,235,10.150517825004739,7713,6853,1731,250,986,938,217,0.2525901065226908,1185,74,19,1124,515.797948888889,1499.49846,3.9174527763713085,1.2653995443037975,8,10,8,10,5,7,4,4,5,3,41,23,64,5,15
MELONHEADS,23,232,9.980022663377117,7391,6582,1657,249,933,904,188,0.25174718930416284,1320,80,0,1262,568.2742544444445,1621.57286,3.8745971893939397,1.228464287878788,7,5,5,9,3,9,3,8,7,8,29,35,64,5,15
BIG RED MACHINE,23,211,9.723429973117119,7451,6597,1654,249,933,894,126,0.2507200242534485,1356,80,27,1256,572.3515144444444,1701.2978100000003,3.798793237463127,1.2546444026548675,7,5,3,3,2,9,5,7,9,5,20,35,55,6,15
FREE BIRDS,23,240,9.134907695276363,7180,6390,1610,243,871,891,97,0.2519561815336463,1279,80,27,1274,568.8529200000002,1605.66232,4.002874339327601,1.2554044722439406,5,3,2,1,4,9,5,9,4,4,15,31,46,7,15
ERIE LAKERS,23,199,8.159554857227283,7311,6517,1709,245,918,914,120,0.26223722571735464,872,50,72,816,394.4116933333333,1134.8434,4.070762889908257,1.3014259174311926,6,4,6,2,9,3,9,1,2,1,27,16,43,8,15
FREE AT LAST,23,239,8.10758564755114,7564,6610,1633,240,935,877,141,0.2470499243570348,1181,69,32,1067,548.63541,1531.0430299999998,4.18096417442845,1.296395453005927,4,6,1,4,1,5,6,3,1,2,16,17,33,9,15
BLUE SOCKS,23,260,10.45019503914344,7960,7171,1842,246,963,954,180,0.25686794031515825,1203,75,29,1221,517.3503544444445,1480.66772,3.8704515295095603,1.2308127348295925,4,8,9,8,8,8,3,7,9,9,37,36,73,1,16
LOUISVILLE SLUGGERS,23,210,10.718057414692005,7681,6918,1813,254,994,947,190,0.2620699624168835,1137,70,38,1120,496.0384055555556,1427.3928,3.9264253737906776,1.2554026385224275,6,9,8,9,10,6,6,5,6,4,42,27,69,2,16
NATIONAL PASTIME,23,256,10.494605321959543,7657,6872,1763,259,939,931,136,0.25654831199068684,1162,74,84,1120,507.89564777777775,1428.88245,3.933787289156626,1.22967508605852,8,5,7,4,7,7,10,5,5,10,31,37,68,3,16
WESTSIDE MARAUDERS,23,261,11.039144591771679,7463,6646,1701,250,947,912,159,0.2559434246163106,1362,85,32,1377,586.3543277777778,1685.251786,3.8745880690161534,1.2373361130690161,5,6,4,7,6,10,5,10,7,8,28,40,68,3,16
HOOSIERS,23,224,10.225891255079658,7916,7016,1748,267,1012,973,209,0.2491448118586089,1098,66,51,1020,483.98685666666665,1408.3839200000002,3.967105382513661,1.28268116575592,10,10,10,10,1,4,7,3,4,1,41,19,60,4,16
BIG RED MACHINE,23,207,9.780441745200905,7531,6667,1675,264,949,930,128,0.25123743812809357,1188,70,54,1137,525.3207588888889,1484.33998,3.979702718855219,1.2494444276094276,9,7,6,3,3,6,8,6,2,5,28,27,55,5,16
FREE BIRDS,23,262,9.360915285214935,7333,6502,1645,224,874,871,128,0.2529990772070132,1250,78,57,1248,536.7542255555556,1551.4885,3.8646304240000005,1.2411908,1,1,1,3,5,9,9,9,10,7,11,44,55,5,16
MELONHEADS,23,220,9.711006393087347,7311,6481,1630,256,927,906,158,0.2515043974695263,1284,78,14,1230,552.3008488888889,1595.35348,3.8712676323987543,1.2424871339563863,7,3,3,6,4,9,1,8,8,6,23,32,55,5,16
FREE AT LAST,23,253,8.372037763359893,7690,6809,1704,240,935,913,137,0.25025701277720663,1132,67,30,1038,506.75275888888893,1438.43342,4.028953030035336,1.2707009010600707,3,4,5,5,2,5,4,4,1,3,19,17,36,6,16
ERIE LAKERS,23,203,8.082800732165474,7197,6403,1663,233,896,876,122,0.25972200531001094,1018,64,24,984,449.9673088888889,1301.03979,3.978099980353635,1.2780351571709234,2,2,2,2,9,3,2,2,3,2,17,12,29,7,16
LOUISVILLE SLUGGERS,23,224,10.692012337933427,7865,7081,1853,258,999,957,179,0.26168620251376923,900,59,88,971,376.05592000000013,1107.4505499999998,3.760559200000001,1.230500611111111,8,10,10,8,10,3,10,2,9,7,46,31,77,1,17
WESTSIDE MARAUDERS,23,267,11.18544603474676,7659,6852,1758,267,978,955,159,0.2565674255691769,1363,84,32,1322,597.5518944444444,1680.864516,3.945683822450477,1.2332094761555392,9,9,9,6,6,9,7,10,4,6,39,36,75,2,17
NATIONAL PASTIME,23,263,10.374664012238856,7412,6664,1721,239,912,886,141,0.2582533013205282,1193,76,79,1173,497.5795033333334,1456.45017,3.753743109807209,1.2208299832355407,4,4,2,4,8,8,8,6,10,9,22,41,63,3,17
HOOSIERS,23,232,10.131454982790368,7496,6665,1666,249,964,923,222,0.24996249062265566,1146,74,24,1158,486.5749388888889,1422.1268300000002,3.821269153577661,1.2409483682373474,5,8,6,10,3,6,4,5,8,5,32,28,60,4,17
BIG RED MACHINE,23,200,9.76279377602491,7587,6724,1675,273,939,946,118,0.2491076740035693,1284,76,27,1183,557.074741111111,1640.7034900000003,3.9047294937694703,1.2778064563862932,10,6,8,3,2,8,5,7,6,3,29,29,58,5,17
BLUE SOCKS,23,259,10.029544625823684,7508,6775,1741,223,909,895,181,0.2569741697416974,1104,69,86,1124,469.4592755555556,1324.13267,3.82711365942029,1.1993955344202898,2,3,3,9,7,4,9,4,7,10,24,34,58,5,17
MELONHEADS,23,227,10.042936150422259,7357,6516,1638,252,930,911,177,0.2513812154696133,1257,75,17,1238,546.6358111111113,1539.00593,3.9138602227525867,1.2243483929992045,7,5,4,7,4,7,3,8,5,8,27,31,58,5,17
FREE BIRDS,23,243,9.23849180844223,7512,6683,1705,239,906,913,111,0.2551249438874757,1362,85,0,1303,610.4266,1748.45041,4.033655947136563,1.2837374522760645,4,2,5,2,5,10,2,9,3,2,18,26,44,6,17
ERIE LAKERS,23,194,8.273822186134119,7611,6728,1760,251,957,936,108,0.2615933412604043,1030,57,28,926,471.59660111111106,1365.83357,4.120747,1.3260520097087378,6,7,7,1,9,2,6,1,2,1,30,12,42,7,17
FREE AT LAST,23,245,8.058129956206612,7298,6387,1566,238,906,859,143,0.2451855331141381,1195,72,32,1097,549.7662077777778,1516.21571,4.140498635983263,1.2687997573221756,3,2,1,5,1,5,7,3,1,4,12,20,32,8,17
WESTSIDE MARAUDERS,23,264,11.120267578283235,7589,6824,1753,259,942,941,153,0.25688745603751467,1293,81,54,1312,556.354878888889,1586.1669660000002,3.872539760247487,1.2267339257540606,9,5,9,7,8,10,7,10,7,7,38,41,79,1,18
LOUISVILLE SLUGGERS,23,222,10.68679468938535,7469,6728,1751,257,949,929,153,0.26025564803804996,1186,73,38,1225,489.37143000000003,1448.83186,3.713611188870152,1.221612023608769,8,7,7,7,9,6,5,8,10,8,38,37,75,2,18
BLUE SOCKS,23,261,10.419273392680315,7768,7004,1787,240,962,937,191,0.2551399200456882,1170,72,56,1153,496.50749111111116,1424.2273599999996,3.8192883931623935,1.2172883418803415,4,8,8,9,5,5,8,5,9,9,34,36,70,3,18
NATIONAL PASTIME,23,257,10.418355482813896,7573,6802,1739,256,928,925,144,0.2556600999705969,1243,78,52,1222,537.5848577777778,1529.9081300000003,3.892408463395012,1.230819090909091,7,4,6,5,6,8,6,7,6,6,28,33,61,4,18
HOOSIERS,23,224,10.202528916706418,8028,7101,1784,265,1028,977,206,0.25123222081396984,1241,75,8,1092,561.1396822222223,1604.64388,4.069506156325544,1.293024883158743,10,10,10,10,3,7,1,3,1,2,43,14,57,5,18
MELONHEADS,23,227,9.899005427002345,7391,6546,1637,239,922,894,189,0.2500763825236786,1094,68,74,1100,469.90536222222227,1323.55652,3.8657662340036563,1.2098322851919563,3,3,3,8,2,4,10,4,8,10,19,36,55,6,18
BIG RED MACHINE,23,206,9.755502182645493,7503,6661,1692,257,947,925,136,0.25401591352649755,1251,75,27,1188,555.7050555555556,1580.3355999999999,3.9978780975219834,1.2632578737010391,8,6,6,4,4,7,3,6,4,4,28,24,52,7,18
ERIE LAKERS,23,208,8.191531847803459,7282,6474,1689,249,918,911,120,0.2608897126969416,904,53,58,855,398.35706777777773,1164.09625,3.9659442588495573,1.2877170907079647,6,2,5,2,10,3,9,1,5,3,25,21,46,8,18
FREE BIRDS,23,244,8.992687683688244,7236,6422,1646,214,867,848,123,0.2563064465898474,1278,80,32,1287,568.9522077777779,1606.3462200000001,4.0067056885759005,1.256921924882629,2,1,2,3,7,9,4,9,3,5,15,30,45,9,18
FREE AT LAST,23,236,8.303724493676725,7795,6842,1688,246,964,907,146,0.24671148786904415,1174,72,14,1061,528.8434599999999,1533.12106,4.054166218057921,1.3058952810902895,5,9,4,6,1,5,2,2,2,1,25,12,37,10,18
WESTSIDE MARAUDERS,22,270,11.080557442593086,7386,6554,1670,270,956,924,139,0.25480622520598106,1200,76,65,1253,510.8271422222222,1460.8947360000002,3.8312035666666664,1.2174122800000002,10,8,6,6,5,8,9,9,8,8,35,42,77,1,19
LOUISVILLE SLUGGERS,23,204,10.757735305133187,7697,6902,1805,254,987,931,170,0.2615184004636337,1119,70,53,1169,475.3824377777778,1417.92704,3.8234512421805187,1.2671376586237713,7,9,9,7,10,5,7,7,9,3,42,31,73,2,19
HOOSIERS,23,234,10.318455810393546,7923,7048,1773,257,1007,969,229,0.25156072644721905,1147,70,10,1083,488.8724411111112,1413.60599,3.8359651002615522,1.2324376547515257,8,10,10,10,4,5,1,4,7,7,42,24,66,3,19
NATIONAL PASTIME,23,248,10.481931778803137,7590,6852,1759,252,927,927,138,0.256713368359603,1253,78,52,1186,548.1721744444444,1563.85777,3.93738992019154,1.248090798084597,6,5,8,5,7,9,6,8,4,5,31,32,63,4,19
MELONHEADS,23,230,9.8239911669887,7237,6418,1612,247,913,895,174,0.2511685883452789,1155,71,57,1168,498.7611511111112,1393.89869,3.8864505281385284,1.2068386926406927,5,3,3,8,3,6,8,6,5,9,22,34,56,5,19
BIG RED MACHINE,23,210,9.759453535795954,7448,6591,1639,265,937,917,126,0.24867243210438478,1112,68,86,1076,477.75308777777786,1385.84064,3.866706645683454,1.2462595683453237,9,6,5,2,1,4,10,3,6,6,23,29,52,6,19
BLUE SOCKS,19,265,9.885711203232416,7435,6704,1722,224,899,885,183,0.2568615751789976,875,57,29,921,352.1948677777778,1023.6859099999999,3.622575782857143,1.1699267542857141,2,2,2,9,8,2,5,1,10,10,23,28,51,7,19
FREE BIRDS,23,247,9.096558735531891,7235,6408,1641,220,884,866,133,0.25608614232209737,1275,80,19,1288,560.8396855555557,1607.57893,3.9588683686274515,1.2608462196078432,1,1,1,4,6,10,4,10,3,4,13,31,44,8,19
FREE AT LAST,23,245,8.431967552457163,7830,6929,1727,245,942,925,129,0.2492423149083562,1187,72,14,1087,538.4116266666667,1529.31874,4.082312249368155,1.2883898399326033,3,7,7,3,2,7,2,5,2,2,22,18,40,9,19
ERIE LAKERS,23,196,8.321191568627661,7321,6494,1690,246,917,908,114,0.26024022174314754,1191,66,16,1003,562.20035,1566.5159400000002,4.2483653652392945,1.3152946599496222,4,4,4,1,9,3,3,2,1,1,22,10,32,10,19
WESTSIDE MARAUDERS,23,270,11.253479841154634,7554,6743,1738,261,976,941,180,0.25774877650897227,1365,84,32,1318,594.59732,1686.632276,3.92042189010989,1.235628041025641,9,7,8,8,8,10,6,10,6,8,40,40,80,1,20
BLUE SOCKS,23,260,10.467028236428908,8065,7270,1862,243,980,953,184,0.256121045392022,1232,77,29,1210,537.7946444444445,1523.3024699999999,3.928694642857143,1.2364468100649348,4,8,10,9,7,8,5,8,5,7,38,33,71,2,20
HOOSIERS,23,231,10.308449950414172,7902,6999,1755,256,1003,950,231,0.2507501071581654,1042,65,53,988,437.5038366666667,1291.02106,3.7788239251439544,1.2389837428023034,8,10,9,10,2,2,7,2,9,6,39,26,65,3,20
NATIONAL PASTIME,23,269,10.478102506011044,7503,6738,1705,249,898,916,143,0.25304244582962304,1183,75,84,1208,489.3468866666667,1426.03508,3.7228419103972947,1.2054396280642434,5,3,4,5,5,6,10,7,10,10,22,43,65,3,20
LOUISVILLE SLUGGERS,23,214,10.490284713172915,7382,6674,1768,241,947,899,161,0.2649086005394067,1071,71,58,1173,450.7001577777778,1331.25368,3.7873962838468724,1.2430006349206348,3,6,3,7,10,5,8,5,8,5,29,31,60,4,20
BIG RED MACHINE,23,203,9.755030019983034,7531,6667,1675,267,947,932,118,0.25123743812809357,1292,76,27,1203,564.3478344444444,1636.2361300000002,3.9312155650154796,1.2664366331269352,10,6,7,2,4,7,4,6,4,3,29,24,53,5,20
MELONHEADS,23,224,9.83933140142449,7377,6572,1666,236,911,898,153,0.2534996956786366,1119,68,76,1104,471.8911611111112,1369.09643,3.7953712689901704,1.2234999374441466,2,4,2,6,6,3,9,4,7,9,20,32,52,6,20
FREE BIRDS,23,248,9.219306843680128,7229,6407,1607,241,879,887,138,0.2508194162634618,1301,79,27,1272,583.2519277777778,1629.81482,4.034794273635665,1.2527400614911608,3,2,1,4,3,9,4,9,3,4,13,29,42,7,20
FREE AT LAST,23,242,8.40294094039196,7956,6978,1733,250,988,930,127,0.24835196331327028,1185,70,11,1082,555.1091244444444,1535.41895,4.216018666666667,1.295712194092827,6,9,6,3,1,4,2,3,1,2,25,12,37,8,20
ERIE LAKERS,23,195,8.143212858199334,7401,6573,1707,254,931,927,118,0.25969876768598815,1044,62,16,937,478.17859999999996,1372.42295,4.122229310344827,1.3145813697318007,7,5,5,2,9,1,3,1,2,1,28,8,36,9,20
LOUISVILLE SLUGGERS,23,217,10.657728461068558,7753,6983,1827,255,984,937,171,0.2616354002577689,1055,68,66,1061,454.06005,1310.1451200000001,3.873498056872038,1.2418437156398106,8,9,9,8,9,4,8,3,7,6,43,28,71,1,21
WESTSIDE MARAUDERS,23,262,11.026843497017085,7502,6691,1717,254,944,923,147,0.256613361231505,1345,84,32,1369,579.8898388888889,1648.608456,3.8803037546468406,1.2257311940520446,7,6,7,5,7,10,5,10,6,8,32,39,71,1,21
BLUE SOCKS,23,263,10.321699950407812,7771,7017,1803,229,936,918,186,0.2569474134245404,1095,69,83,1133,458.7035555555556,1336.96684,3.7701662100456623,1.220974283105023,3,5,6,9,8,5,10,5,10,9,31,39,70,2,21
NATIONAL PASTIME,23,262,10.463709773893003,7601,6812,1748,249,936,906,133,0.2566059894304169,1201,75,79,1152,510.8139577777778,1460.55816,3.8279147543713568,1.2161183680266445,6,5,3,3,6,8,9,7,9,10,23,43,66,3,21
HOOSIERS,23,231,10.26223436007557,7909,7009,1751,265,1004,977,216,0.24982165786845484,1217,73,14,1140,529.6726933333333,1548.26588,3.917053607230895,1.2721987510271158,10,10,10,10,2,7,3,6,5,2,42,23,65,4,21
MELONHEADS,23,227,9.81007706393922,7297,6475,1635,254,929,909,157,0.2525096525096525,1256,80,11,1241,534.243118888889,1544.3805200000002,3.828175214968153,1.2296023248407644,7,4,4,6,5,9,2,8,8,7,26,34,60,5,21
BIG RED MACHINE,23,209,9.819982204225825,7559,6704,1691,261,951,936,136,0.25223747016706444,1196,70,54,1111,525.3241511111112,1508.6747100000002,3.9531081605351175,1.261433704013378,9,8,8,4,4,6,7,4,4,4,33,25,58,6,21
FREE BIRDS,23,243,9.228429266984078,7271,6438,1612,244,885,889,124,0.2503883193538366,1376,84,0,1353,619.6619400000002,1726.31195,4.053021409883722,1.2545871729651163,5,2,1,2,3,10,1,9,2,5,13,27,40,7,21
FREE AT LAST,23,243,8.370217656624089,7634,6709,1658,240,947,901,163,0.2471307199284543,1106,68,24,1036,486.4583544444445,1402.7115199999998,3.958521871609404,1.2682744303797466,4,7,2,7,1,4,4,2,3,3,21,16,37,8,21
ERIE LAKERS,23,197,8.157286535593917,7330,6530,1716,244,919,915,117,0.26278713629402756,987,56,50,899,463.89383333333336,1314.61069,4.230034954407294,1.3319257244174265,5,3,5,1,10,3,6,1,1,1,24,12,36,9,21
WESTSIDE MARAUDERS,23,268,11.051551375429936,7582,6728,1714,275,980,946,142,0.254756242568371,1347,83,32,1325,581.2539099999999,1643.107646,3.8836564142538967,1.2198275025983667,10,8,8,4,6,10,3,10,8,9,36,40,76,1,22
NATIONAL PASTIME,23,267,10.557015389857273,7443,6668,1679,258,903,912,145,0.2517996400719856,1208,76,84,1198,503.2794122222222,1458.75668,3.74959826986755,1.2075800331125828,7,2,5,5,4,8,10,8,10,10,23,46,69,2,22
HOOSIERS,23,231,10.186322920793359,7755,6886,1725,259,993,955,225,0.2505082776648272,1194,75,2,1132,508.9426211111111,1492.7186600000002,3.8362509128978224,1.2501831323283084,8,10,10,10,2,7,1,4,9,7,40,28,68,3,22
BLUE SOCKS,23,264,10.4284970177537,7960,7171,1842,246,963,954,180,0.25686794031515825,1151,72,56,1124,499.1789177777778,1413.42056,3.9032235099913124,1.2279935360556038,4,7,9,9,7,4,9,3,7,8,36,31,67,4,22
LOUISVILLE SLUGGERS,23,199,10.628619936661583,7618,6852,1784,257,984,945,176,0.2603619381202569,1187,71,36,1177,525.0714611111111,1501.63791,3.981165248525695,1.265069848357203,6,9,7,8,8,3,5,7,2,2,38,19,57,5,22
MELONHEADS,23,214,9.850382116539862,7409,6592,1666,247,927,912,160,0.25273058252427183,1212,74,52,1156,527.8125733333334,1523.9314400000003,3.9194002970297035,1.257369174917492,5,4,5,7,5,6,7,6,6,4,26,29,55,6,22
BIG RED MACHINE,23,210,9.824233793604213,7608,6739,1695,267,958,941,126,0.25152099718059057,1208,73,38,1149,528.651338888889,1516.31806,3.9386275248344376,1.2552301821192053,9,6,6,2,3,5,6,5,5,5,26,26,52,7,22
FREE BIRDS,23,257,9.19508602498479,7379,6588,1717,204,880,850,149,0.2606253794778385,1259,79,27,1256,556.0921244444445,1575.8674599999997,3.9752415567911044,1.2516818586179506,1,1,2,6,9,9,2,9,3,6,19,29,48,8,22
ERIE LAKERS,23,193,8.041696177988678,7242,6425,1677,242,914,896,117,0.261011673151751,974,58,53,910,453.01839666666666,1297.0280200000002,4.186001611909651,1.3316509445585218,3,3,3,1,10,1,8,1,1,1,20,12,32,9,22
FREE AT LAST,23,251,8.354804016215763,7631,6719,1659,240,933,900,130,0.24691174281887185,1094,66,33,1068,479.42073777777784,1378.4474099999998,3.9440462888482637,1.2600067733089577,2,5,4,3,1,2,4,2,4,3,15,15,30,10,22
WESTSIDE MARAUDERS,23,268,11.202761203468572,7603,6768,1729,264,980,940,180,0.25546690307328607,1265,79,49,1288,541.3903622222222,1546.7162560000002,3.8517891383399205,1.2227005976284586,9,8,8,9,5,10,7,10,8,9,39,44,83,1,23
NATIONAL PASTIME,23,260,10.478029438000267,7570,6791,1743,256,936,922,144,0.2566632307465764,1243,78,52,1222,537.5848577777778,1529.9081300000003,3.892408463395012,1.230819090909091,7,7,6,6,7,9,8,8,7,8,33,40,73,2,23
LOUISVILLE SLUGGERS,23,206,10.74359233253107,7928,7136,1843,267,1005,963,175,0.25826793721973096,1186,72,36,1102,525.6716533333333,1515.2481899999998,3.989076627318718,1.2776123018549745,10,9,9,8,9,6,6,5,3,2,45,22,67,3,23
MELONHEADS,23,222,9.870824265488414,7419,6577,1669,245,935,911,168,0.25376311388170897,1241,76,30,1207,538.2220322222222,1542.1962200000003,3.9033024093473,1.2427044480257858,5,6,4,7,4,8,5,7,6,7,26,33,59,4,23
BIG RED MACHINE,23,208,9.69341118941042,7514,6678,1660,267,929,930,116,0.24857741838873915,1130,69,78,1085,479.6037533333334,1419.0785700000001,3.8198529026548673,1.255821743362832,10,5,7,3,1,5,10,4,9,4,26,32,58,5,23
BLUE SOCKS,20,265,10.103684375650714,6968,6280,1619,213,852,838,180,0.25780254777070066,1160,75,29,1192,482.4579233333333,1389.8872599999997,3.7432080258620686,1.1981786724137928,2,1,1,9,8,7,4,6,10,10,21,37,58,5,23
HOOSIERS,23,229,10.268352360686922,7992,7113,1790,258,1010,975,227,0.25165190496274426,1182,69,18,1070,519.967628888889,1503.0161200000002,3.9591443824027075,1.2715872419627752,8,10,10,10,3,5,1,3,4,3,41,16,57,6,23
FREE BIRDS,23,242,9.077019159560674,7354,6507,1663,231,897,883,95,0.25557092362071615,1290,79,27,1275,579.6914511111113,1618.62481,4.044358961240311,1.2547479147286822,4,2,3,2,6,10,3,9,2,5,17,29,46,7,23
FREE AT LAST,23,250,8.321404453986105,7449,6561,1638,229,906,875,134,0.2496570644718793,1022,62,60,1016,449.3512555555556,1274.80219,3.9571049902152646,1.247360264187867,3,3,2,5,2,3,9,2,5,6,15,25,40,8,23
ERIE LAKERS,23,201,8.2728293968852,7282,6463,1682,250,921,912,123,0.2602506575893548,1053,64,22,974,483.9320088888889,1382.46306,4.136171016144349,1.312880398860399,6,4,5,4,10,4,2,1,1,1,29,9,38,9,23
WESTSIDE MARAUDERS,23,268,11.168546221085528,7519,6718,1718,268,961,937,153,0.2557308722834177,1351,85,32,1381,583.63365,1654.238996,3.888010991857883,1.2244552153960029,9,7,6,5,5,10,5,10,6,8,32,39,71,1,24
BLUE SOCKS,23,264,10.502137918354002,8044,7250,1866,237,971,945,200,0.2573793103448276,1178,72,51,1153,505.52846444444447,1467.20081,3.8622717996604417,1.2455015365025468,5,8,8,9,7,6,8,5,8,6,37,33,70,2,24
HOOSIERS,23,243,10.4649278603754,7909,7040,1776,264,992,980,207,0.25227272727272726,1093,69,35,1047,464.8512822222222,1355.95659,3.8276866788655077,1.2405824245196706,8,9,10,10,4,5,6,2,9,7,41,29,70,2,24
NATIONAL PASTIME,23,269,10.408787239612998,7479,6703,1729,237,916,894,146,0.2579442040877219,1184,75,79,1203,494.43020333333334,1437.0727200000001,3.758337694256757,1.2137438513513514,5,2,3,4,9,7,10,8,10,9,23,44,67,3,24
LOUISVILLE SLUGGERS,23,208,10.755288670640134,7802,7033,1812,268,996,972,176,0.257642542300583,1134,69,50,1111,502.9566322222223,1435.99651,3.991719303350971,1.2663108553791886,9,10,9,8,8,5,7,4,3,3,44,22,66,4,24
MELONHEADS,23,222,9.729386649356334,7311,6475,1620,250,926,904,159,0.2501930501930502,1262,77,19,1225,546.3092655555556,1523.41703,3.896024873217116,1.207145031695721,7,4,4,6,3,9,2,9,5,10,24,35,59,5,24
BIG RED MACHINE,23,199,9.709999076810263,7552,6718,1664,274,939,940,110,0.24769276570407858,1258,77,27,1198,543.0939144444445,1596.76726,3.8854095627980927,1.2692903497615262,10,6,7,2,1,9,3,7,7,2,26,28,54,6,24
FREE BIRDS,23,252,9.170370275317747,7354,6499,1668,227,896,876,108,0.2566548699799969,1195,76,57,1195,526.8755477777779,1506.9630499999998,3.9681003598326368,1.2610569456066945,4,1,2,1,6,8,9,6,4,5,14,32,46,7,24
ERIE LAKERS,23,187,8.089449522209028,7282,6474,1689,249,918,911,120,0.2608897126969416,1054,60,31,933,490.0862211111111,1404.6731399999999,4.184796954459203,1.332706963946869,6,3,5,3,10,3,4,1,1,1,27,10,37,8,24
FREE AT LAST,23,244,8.17587236953385,7473,6547,1635,222,930,860,172,0.24973270200091646,1125,67,32,1049,504.9563122222222,1418.94774,4.039650497777778,1.26128688,3,5,1,7,2,4,5,3,2,4,18,18,36,9,24
WESTSIDE MARAUDERS,23,270,10.985241196286573,7288,6481,1667,268,939,927,146,0.2572133929949082,1251,79,59,1293,530.8039966666666,1522.664796,3.818733788968825,1.2171581103117506,10,6,7,5,7,9,7,10,8,9,35,43,78,1,25
LOUISVILLE SLUGGERS,23,207,10.73468536023534,7793,7011,1820,265,1007,965,181,0.25959206960490655,1040,63,69,1040,448.05789444444446,1327.81929,3.8774240865384617,1.2767493173076923,9,10,10,8,9,3,9,3,7,3,46,25,71,2,25
HOOSIERS,23,249,10.358862096182207,7608,6749,1692,249,974,922,220,0.25070380797155134,1173,75,25,1165,471.25825555555554,1431.97039,3.615792242114237,1.2207761210571184,5,9,6,10,3,7,3,6,10,8,33,34,67,3,25
NATIONAL PASTIME,23,253,10.468685542582504,7727,6970,1803,253,946,942,151,0.25868005738880917,1137,70,79,1083,507.63684666666666,1411.32178,4.018233614775725,1.2412680562884784,7,8,9,6,8,5,10,4,4,6,38,29,67,3,25
BIG RED MACHINE,23,204,9.81766924144758,7608,6765,1697,262,941,939,123,0.250849963045085,1268,75,27,1186,548.6867722222223,1612.8768400000001,3.8944644716088335,1.2719848895899055,8,7,8,4,4,7,4,7,5,4,31,27,58,4,25
BLUE SOCKS,21,265,10.089660179917605,7764,6994,1788,228,936,912,208,0.2556476980268802,856,58,61,948,351.5796155555556,1000.9951699999999,3.696514649532711,1.1693868808411214,1,5,5,9,6,2,8,1,9,10,26,30,56,5,25
MELONHEADS,23,224,9.714217337461562,7297,6462,1617,250,923,902,173,0.2502321262766945,1204,71,41,1190,520.6744088888889,1473.6311699999999,3.892084451827243,1.2239461544850498,6,4,4,7,2,6,6,8,6,7,23,33,56,5,25
FREE BIRDS,23,247,9.33219868135397,7571,6684,1697,237,917,888,105,0.25388988629563136,1283,80,30,1271,575.0244577777778,1614.2452700000001,4.033686765393608,1.258180257209665,3,3,1,1,5,10,5,9,3,5,13,32,45,6,25
ERIE LAKERS,23,197,8.102318611858742,7242,6425,1677,242,914,896,117,0.261011673151751,1110,66,10,1038,523.7183188888889,1451.5183900000002,4.246364747747748,1.3076742252252254,4,2,2,2,10,4,2,2,1,1,20,10,30,7,25
FREE AT LAST,23,234,8.288043962473424,7568,6691,1668,236,914,898,120,0.24929009116723957,1316,78,0,1123,597.13478,1684.3939300000002,4.083748495440729,1.2799345972644378,2,2,3,3,1,8,1,5,2,2,11,18,29,8,25
WESTSIDE MARAUDERS,23,269,11.219379821642864,7785,6949,1792,262,988,953,157,0.25787883148654484,1343,82,32,1326,582.652161111111,1643.124716,3.9045937825763213,1.2234733551749815,9,9,9,7,7,9,5,10,5,8,41,37,78,1,26
BLUE SOCKS,23,263,10.345821305776163,7754,6998,1791,235,961,933,188,0.25593026579022576,1060,67,75,1125,442.4899000000001,1286.2597099999998,3.7569897169811326,1.2134525566037735,2,7,8,9,6,3,9,6,9,10,32,37,69,2,26
HOOSIERS,23,235,10.299454821182971,7936,7053,1763,259,1001,964,229,0.24996455409045795,1028,63,45,1013,428.5779611111111,1256.4313300000001,3.7521416828793774,1.2222094649805448,8,10,10,10,3,1,6,2,10,9,41,28,69,2,26
LOUISVILLE SLUGGERS,23,214,10.687667281550029,7760,6964,1810,256,985,932,179,0.25990809879379667,1053,65,69,1109,461.2855544444444,1307.9693699999998,3.9426115764482432,1.2421361538461537,7,8,7,8,8,2,8,5,4,5,38,24,62,3,26
MELONHEADS,23,221,9.785394208041387,7262,6432,1620,241,911,887,154,0.251865671641791,1349,83,0,1313,581.2341166666666,1663.8484700000001,3.877766530763528,1.2333939733135657,5,3,2,6,4,10,1,9,6,7,20,33,53,4,26
NATIONAL PASTIME,23,259,10.388687146222848,7380,6624,1726,232,910,880,136,0.26056763285024154,1294,81,52,1254,544.0552766666667,1601.92614,3.7840011514683156,1.2379645595054096,1,2,1,4,9,8,7,7,8,6,17,36,53,4,26
BIG RED MACHINE,23,206,9.667793712084851,7420,6584,1634,268,924,926,115,0.24817739975698663,1120,69,86,1063,477.94397777777783,1406.87091,3.8406212500000003,1.2561347410714288,10,5,6,1,1,5,10,4,7,3,23,29,52,5,26
FREE BIRDS,23,249,9.218855783283447,7302,6504,1647,236,873,889,125,0.25322878228782286,1261,79,30,1266,563.0097044444445,1582.08158,4.018308754956385,1.2546245678033308,3,1,3,3,5,7,4,8,3,4,15,26,41,6,26
FREE AT LAST,23,244,8.106126775466288,7592,6686,1662,239,932,899,152,0.24857912055040382,1150,70,16,1045,532.7185666666667,1483.0506799999998,4.169101826086957,1.2896092869565217,4,6,4,5,2,6,3,3,2,2,21,16,37,7,26
ERIE LAKERS,23,189,8.148419070248899,7282,6474,1689,249,918,911,120,0.2608897126969416,1176,68,8,981,548.7542744444445,1569.6709400000004,4.19965005952381,1.3347542006802724,6,4,5,2,10,4,2,1,1,1,27,9,36,8,26
WESTSIDE MARAUDERS,23,269,11.0856730333339,7740,6876,1746,264,977,945,135,0.25392670157068065,1319,83,32,1342,561.0462766666667,1605.259976,3.828215686125853,1.217028033358605,9,9,8,5,4,10,6,10,8,9,35,43,78,1,27
LOUISVILLE SLUGGERS,23,209,10.662750429552704,7571,6819,1790,246,971,916,186,0.26250183311335973,1200,76,36,1179,525.49824,1511.60929,3.9412368,1.2596744083333333,5,8,5,9,10,8,7,5,4,4,37,28,65,2,27
NATIONAL PASTIME,23,270,10.448942397763748,7542,6785,1760,246,936,915,162,0.2593957258658806,1052,68,93,1087,447.1389566666667,1281.1511300000002,3.8253332794676806,1.2178242680608367,5,5,4,7,8,5,10,3,9,8,29,35,64,3,27
HOOSIERS,23,227,10.189469711479054,7807,6946,1743,257,992,960,221,0.2509357903829542,1266,75,0,1145,550.8616488888889,1615.0902999999998,3.9160780726698268,1.2757427330173774,8,10,10,10,3,7,2,4,6,2,41,21,62,4,27
BLUE SOCKS,20,265,10.069191072559548,6954,6274,1623,208,851,834,177,0.2586866432897673,1165,76,29,1192,478.0342444444444,1404.15431,3.692968412017167,1.2052826695278969,2,1,1,8,7,8,5,8,10,10,19,41,60,5,27
MELONHEADS,23,213,9.957352127289196,7629,6801,1727,256,960,940,162,0.25393324511101306,1243,73,22,1181,558.9422666666667,1549.7858,4.0470477876106195,1.2468107803700725,7,7,7,7,5,6,3,6,2,7,33,24,57,6,27
BIG RED MACHINE,23,196,9.768777572977157,7678,6834,1692,274,945,951,117,0.247585601404741,1278,75,27,1184,557.71036,1618.02595,3.9275377464788734,1.266060993740219,10,6,9,2,2,7,4,7,5,3,29,26,55,7,27
FREE BIRDS,23,249,9.035677008492158,7242,6391,1623,228,885,866,133,0.25395086840869974,1277,78,27,1265,569.658348888889,1595.61313,4.014820000000001,1.2495012764291307,3,2,3,4,6,9,4,9,3,6,18,31,49,8,27
ERIE LAKERS,23,201,8.25167312473304,7373,6552,1716,247,929,922,118,0.2619047619047619,877,51,77,813,408.98951666666665,1148.24544,4.197155815279361,1.3092878449258836,6,4,6,3,9,3,9,1,1,1,28,15,43,9,27
FREE AT LAST,23,245,8.171315414042114,7284,6377,1564,239,898,863,138,0.24525639015210915,1023,64,70,1013,441.5440544444445,1281.79474,3.8845517986314766,1.252976285434995,4,3,2,6,1,4,8,2,7,5,16,26,42,10,27
WESTSIDE MARAUDERS,23,270,11.179821905942841,7792,6941,1785,258,990,950,170,0.25716755510733325,1271,79,54,1267,551.9109100000001,1581.1051460000003,3.9081024311565704,1.2439851660110153,9,9,9,7,6,9,8,9,5,6,40,37,77,1,28
LOUISVILLE SLUGGERS,23,209,10.543742934675576,7319,6585,1719,249,954,908,189,0.2610478359908884,1069,65,79,1070,457.92173666666673,1317.2873399999999,3.855281225444341,1.2322613096351729,7,8,5,9,10,3,10,3,9,8,39,33,72,2,28
BLUE SOCKS,23,263,10.120257817267404,7484,6752,1737,226,906,895,185,0.25725710900473936,1224,80,29,1286,512.7969655555555,1489.09755,3.770565923202614,1.2165829656862746,3,3,4,8,7,10,4,10,10,10,25,44,69,3,28
NATIONAL PASTIME,23,260,10.427947765724758,7534,6763,1745,241,929,894,142,0.25802158805263936,1276,80,52,1233,547.22397,1557.0552900000002,3.8597301959247647,1.2202627664576804,6,4,3,5,8,10,7,8,8,9,26,42,68,4,28
HOOSIERS,23,230,10.214055280998446,7923,7053,1765,259,994,961,214,0.25024812136679425,1244,77,2,1131,540.5197533333334,1569.36179,3.91051268488746,1.2615448472668809,10,10,10,10,2,8,1,4,4,3,42,20,62,5,28
MELONHEADS,23,215,9.869022051152845,7524,6682,1698,258,950,935,155,0.2541155342711763,1252,75,17,1200,553.8002833333333,1580.39559,3.9809924520766766,1.2622967971246006,9,7,8,6,5,7,2,7,3,2,35,21,56,6,28
BIG RED MACHINE,23,212,9.794548292041656,7573,6730,1704,258,943,933,118,0.25319465081723624,1177,70,46,1137,506.6722722222223,1484.09391,3.8742994477485135,1.2609124129141887,9,5,7,1,4,5,5,5,6,4,26,25,51,7,28
FREE BIRDS,23,245,9.18093649328622,7208,6410,1621,237,868,885,124,0.2528861154446178,1221,74,57,1199,547.6536844444445,1535.1824100000001,4.036759344799345,1.2573156511056511,5,1,2,3,3,6,9,6,2,5,14,28,42,8,28
ERIE LAKERS,23,195,8.246671613380192,7506,6672,1727,251,948,926,122,0.2588429256594724,1056,61,26,950,494.8813911111111,1400.11463,4.217739128787879,1.3258661268939393,8,6,6,2,9,2,3,1,1,1,31,8,39,9,28
FREE AT LAST,23,250,7.98741193173184,7351,6440,1574,234,895,860,129,0.24440993788819876,1044,66,51,1022,449.3405266666667,1287.54019,3.8736252298850578,1.2332760440613026,4,2,1,4,1,4,6,2,7,7,12,26,38,10,28
WESTSIDE MARAUDERS,23,270,11.090109770032043,7649,6842,1772,247,960,934,153,0.2589885998246127,1339,84,32,1312,574.1571177777778,1635.669836,3.8591591187453322,1.2215607438386855,6,8,7,6,8,9,5,9,7,8,35,38,73,1,29
LOUISVILLE SLUGGERS,23,203,10.639760690926183,7737,6936,1807,254,993,939,172,0.2605247981545559,1123,67,66,1097,496.95626000000004,1414.9097500000003,3.982730489759573,1.2599374443455034,8,10,9,8,9,3,9,3,4,4,44,23,67,2,29
MELONHEADS,23,237,9.97195687399768,7331,6513,1630,257,934,911,164,0.2502686933824658,1198,75,30,1208,500.04637111111117,1454.19634,3.756608797996662,1.2138533722871452,9,5,4,7,3,7,4,8,10,9,28,38,66,3,29
NATIONAL PASTIME,23,250,10.45530102610581,7713,6952,1794,254,948,936,151,0.2580552359033372,1200,76,52,1168,531.6699955555556,1502.9314499999998,3.9875249666666672,1.2524428749999998,8,6,8,5,7,8,8,6,3,6,34,31,65,4,29
BLUE SOCKS,23,261,10.294455519474765,7586,6832,1742,226,920,898,208,0.2549765807962529,1107,69,88,1138,471.5669322222223,1334.84319,3.833877497741645,1.2058204065040652,4,4,3,9,5,4,10,5,8,10,25,37,62,5,29
HOOSIERS,23,237,10.16890832023541,7720,6829,1708,254,990,930,221,0.2501098257431542,1120,72,30,1102,474.83098555555557,1403.9981399999997,3.815606133928571,1.2535697678571427,8,9,6,10,2,5,4,4,9,5,35,27,62,5,29
BIG RED MACHINE,23,207,9.748122058222203,7636,6765,1698,273,956,948,109,0.25099778270509976,1232,74,27,1187,536.7887511111112,1554.9508600000001,3.9213463961038966,1.2621354383116885,10,7,10,1,4,6,3,7,5,3,32,24,56,6,29
FREE BIRDS,23,254,9.240024701612645,7201,6396,1633,221,870,866,116,0.25531582238899314,1435,87,0,1408,625.2073711111112,1795.66374,3.921161212543555,1.2513336167247386,3,1,1,2,6,10,2,10,6,7,13,35,48,7,29
ERIE LAKERS,23,195,8.090430045590383,7301,6498,1693,251,919,916,124,0.2605417051400431,1007,58,42,878,471.83098666666666,1339.46646,4.216960158887785,1.3301553723932473,7,3,5,3,10,1,6,1,1,1,28,10,38,8,29
FREE AT LAST,23,235,8.011998231608693,7529,6628,1635,240,914,892,135,0.24668074834037418,1073,65,46,997,479.66672222222223,1364.60408,4.0232996272134205,1.2717652190121156,5,2,2,4,1,2,7,2,2,2,14,15,29,9,29
WESTSIDE MARAUDERS,23,266,11.178818703397763,7715,6844,1736,274,993,951,164,0.2536528345996493,1319,82,34,1314,571.3348766666666,1611.577196,3.8984184154662618,1.2218174344200152,10,10,10,7,4,9,5,9,6,9,41,38,79,1,30
HOOSIERS,23,250,10.412546502488919,7727,6830,1703,264,979,949,204,0.2493411420204978,1168,73,22,1156,467.571928888889,1428.1254900000001,3.6028658904109596,1.2227101797945206,9,8,9,10,2,7,3,7,10,8,38,35,73,2,30
LOUISVILLE SLUGGERS,23,204,10.67464455500417,7716,6939,1811,261,982,951,165,0.26098861507421817,1053,63,71,1080,446.2930155555556,1324.50578,3.814470218423552,1.2578402469135803,8,9,10,8,10,1,9,3,9,4,45,26,71,3,30
NATIONAL PASTIME,23,259,10.50939141080215,7643,6898,1785,251,942,933,158,0.258770658161786,1143,72,63,1142,503.48845666666665,1399.2222,3.9644760367454066,1.224166404199475,6,6,8,6,8,6,8,6,4,7,34,31,65,4,30
BLUE SOCKS,23,264,10.306720222826455,7771,7017,1803,229,936,918,186,0.2569474134245404,1088,69,83,1128,461.31362444444454,1317.43453,3.8160134375000005,1.210877325367647,1,5,6,9,7,3,10,5,8,10,28,36,64,5,30
MELONHEADS,23,223,9.78097408467134,7332,6515,1649,246,920,910,158,0.2531082118188795,1263,79,27,1189,539.13331,1577.63579,3.8418050593824233,1.2491178068091846,4,4,5,6,3,8,4,8,7,6,22,33,55,6,30
BIG RED MACHINE,23,209,9.822003130685484,7587,6733,1710,256,953,932,139,0.25397296895885935,1189,71,54,1106,522.1527655555556,1512.98779,3.9523758536585367,1.2724876282590412,7,7,7,5,5,5,7,4,5,2,31,23,54,7,30
FREE BIRDS,23,250,9.29719031915018,7494,6654,1694,232,907,902,127,0.2545837090471897,1344,83,0,1326,598.7952677777778,1696.5776200000003,4.009789739583333,1.2623345386904763,2,3,4,3,6,10,1,10,2,3,18,26,44,8,30
FREE AT LAST,23,240,8.301864458253588,7624,6682,1636,247,936,897,125,0.24483687518706973,1156,70,17,1077,514.8753555555555,1447.7504800000002,4.008545155709343,1.2523793079584777,5,5,3,2,1,4,2,2,3,5,16,16,32,9,30
ERIE LAKERS,23,191,8.046916842386764,7158,6383,1662,236,897,879,128,0.26037913206955976,1111,65,42,977,537.7628922222223,1485.4169700000002,4.35631505850585,1.33700897389739,3,2,2,4,9,2,6,1,1,1,20,11,31,10,30
LOUISVILLE SLUGGERS,23,215,10.6135741085679,7459,6687,1741,249,973,911,184,0.2603559144608943,926,60,109,983,378.9934855555556,1124.6249799999998,3.6835219978401734,1.2144978185745139,6,8,5,9,10,5,10,2,10,10,38,37,75,1,31
WESTSIDE MARAUDERS,23,266,11.107213003192758,7596,6734,1710,280,981,950,145,0.25393525393525396,1334,83,32,1347,579.57336,1645.284586,3.9101650974512743,1.2333467661169415,10,9,9,5,6,9,5,9,5,8,39,36,75,1,31
HOOSIERS,23,232,10.249295866707444,7965,7074,1765,272,1005,987,196,0.24950523042126097,1122,70,25,1067,468.6660177777778,1399.8969800000002,3.7593530837789664,1.2476800178253122,9,10,10,10,1,6,4,3,9,5,40,27,67,2,31
BLUE SOCKS,23,259,10.296378350665774,7816,7072,1829,224,936,922,178,0.25862556561085975,1095,70,78,1149,467.68544666666673,1331.2579,3.84398997260274,1.2157606392694065,3,4,6,8,8,6,9,6,7,9,29,37,66,3,31
NATIONAL PASTIME,23,249,10.505411528990388,7671,6904,1768,261,942,940,140,0.25608342989571264,1265,78,52,1173,561.6082,1568.0036599999999,3.995631462450593,1.239528584980237,8,6,8,4,7,8,7,7,3,7,33,32,65,4,31
BIG RED MACHINE,23,208,9.724550725835611,7482,6632,1671,261,940,927,128,0.2519601930036188,1195,70,54,1128,524.2511900000001,1494.8270200000002,3.9483353221757325,1.2509012719665273,8,5,7,3,4,6,8,5,4,4,27,27,54,5,31
MELONHEADS,23,220,9.89025362183158,7413,6572,1655,242,930,904,168,0.25182592818015825,1273,78,22,1243,541.9071,1598.3810100000003,3.831236370777691,1.2556017360565594,5,2,4,6,3,8,3,8,8,3,20,30,50,6,31
FREE BIRDS,23,258,9.195631961266992,7239,6443,1631,223,854,861,122,0.25314294583268665,1391,86,0,1409,600.1395155555557,1724.45034,3.88300189791517,1.2397198705966932,2,1,2,2,5,10,2,10,6,6,12,34,46,7,31
ERIE LAKERS,23,205,8.237931347610356,7401,6573,1707,254,931,927,118,0.25969876768598815,963,58,41,875,435.52966444444445,1249.4970200000002,4.070370695742471,1.2975046936656285,7,3,7,1,9,4,6,1,2,2,27,15,42,8,31
FREE AT LAST,23,244,8.35452528862648,7683,6766,1700,230,953,890,172,0.25125628140703515,1270,74,0,1121,604.3675133333334,1665.0103499999998,4.282919385826772,1.3110317716535431,4,7,3,7,2,7,2,4,1,1,23,15,38,9,31
WESTSIDE MARAUDERS,23,270,11.041429622114162,7428,6614,1682,276,953,942,142,0.25430904142727545,1284,81,51,1306,547.56704,1565.1472159999998,3.8380867289719625,1.2189620062305295,10,7,9,5,5,10,6,10,6,8,36,40,76,1,32
HOOSIERS,23,238,10.43573949672808,7846,6979,1753,268,998,982,212,0.2511821177819172,1161,71,30,1063,492.25607222222226,1452.2823199999998,3.815938544358312,1.2508891645133504,8,10,10,10,3,5,4,3,7,5,41,24,65,2,32
NATIONAL PASTIME,23,250,10.272954138450846,7317,6555,1673,246,895,897,127,0.25522501906941264,1308,81,52,1255,552.0818777777778,1616.76342,3.7987285168195717,1.2360576605504587,6,1,3,4,7,10,7,9,9,7,21,42,63,3,32
BLUE SOCKS,23,262,10.139067188915707,7579,6867,1775,215,902,892,179,0.25848259793213924,1162,76,56,1211,490.11140888888895,1407.4092,3.796043614457832,1.2111955249569708,2,2,2,7,8,8,8,6,10,9,21,41,62,4,32
MELONHEADS,23,236,9.903060208793468,7461,6623,1665,243,936,905,197,0.25139664804469275,1147,71,28,1218,486.26735888888896,1377.92323,3.815524176111596,1.2013280122057541,5,6,5,9,4,5,3,7,8,10,29,33,62,4,32
LOUISVILLE SLUGGERS,23,210,10.550729609812874,7557,6830,1818,240,978,913,182,0.2661786237188873,1194,72,36,1159,541.5189855555556,1529.55087,4.081801398659967,1.281030879396985,4,9,6,8,10,6,5,5,2,2,37,20,57,5,32
BIG RED MACHINE,23,203,9.670325469263284,7364,6512,1607,269,920,918,120,0.24677518427518427,1224,73,59,1140,529.3298377777778,1533.46135,3.892131160130719,1.2528279003267975,9,3,7,3,1,7,9,4,5,4,23,29,52,6,32
ERIE LAKERS,23,192,8.293828254239553,7401,6573,1707,254,931,927,118,0.25969876768598815,1001,56,61,878,474.1633733333333,1346.41772,4.263207152847152,1.3450726473526473,7,5,8,2,9,3,10,1,1,1,31,16,47,7,32
FREE BIRDS,23,243,9.291367339101324,7529,6654,1695,236,926,898,109,0.25473399458972046,1269,80,30,1235,564.3441277777779,1625.5706900000002,4.002440622537432,1.280985571315997,3,4,4,1,6,9,4,8,4,3,18,28,46,8,32
FREE AT LAST,23,252,8.403656003181585,7963,6995,1739,243,971,918,157,0.24860614724803431,1084,66,10,1030,485.08141111111115,1346.7078299999998,4.027428690036901,1.2423503966789666,5,8,7,6,2,4,2,2,3,6,28,17,45,9,32
WESTSIDE MARAUDERS,23,268,11.005287002470864,7344,6579,1711,247,937,913,162,0.26006991944064445,1292,82,54,1299,554.3569877777778,1584.493426,3.8616198839009295,1.226388100619195,5,7,7,6,8,10,8,10,7,8,33,43,76,1,33
LOUISVILLE SLUGGERS,23,206,10.768614956754535,8033,7216,1881,268,1023,977,170,0.2606707317073171,1102,65,52,1071,489.0975777777778,1409.9840399999998,3.994444827586207,1.279477350272232,10,10,10,7,9,4,7,3,4,2,46,20,66,2,33
BLUE SOCKS,22,265,10.177563156197612,7417,6720,1752,214,897,885,179,0.26071428571428573,1069,67,75,1118,448.03445666666676,1291.1546600000001,3.772039391955099,1.2078153975678205,1,3,2,9,10,5,10,5,9,10,25,39,64,3,33
HOOSIERS,23,233,10.229475106191202,7836,6937,1731,259,998,954,205,0.24953149776560474,1217,75,14,1110,535.4715788888889,1530.1839300000001,3.959937723911257,1.25734094494659,8,9,9,10,3,7,2,4,5,5,39,23,62,4,33
MELONHEADS,23,223,9.774847829577496,7391,6556,1643,249,928,906,174,0.25061012812690664,1253,78,30,1190,541.7329266666667,1557.2986500000002,3.8911383399840385,1.242856065442937,6,5,5,8,4,8,6,7,6,7,28,34,62,4,33
NATIONAL PASTIME,23,258,10.284550093643212,7429,6689,1714,237,892,886,129,0.2562415906712513,1277,82,52,1273,534.3249866666666,1560.82431,3.765798653093187,1.2222586609240407,2,2,3,4,6,10,7,9,10,9,17,45,62,4,33
BIG RED MACHINE,23,204,9.650918272466221,7395,6559,1636,261,925,909,126,0.24942826650404026,1195,72,59,1158,509.2267666666668,1509.0820500000002,3.8351806694560677,1.262830167364017,9,4,6,2,2,6,9,6,8,4,23,33,56,5,33
FREE BIRDS,23,244,9.26666858526035,7348,6515,1636,239,891,886,127,0.2511128165771297,1301,79,27,1272,583.2519277777778,1629.81482,4.034794273635665,1.2527400614911608,3,1,3,3,5,9,4,8,3,6,15,30,45,6,33
ERIE LAKERS,23,200,8.26288909856883,7401,6562,1700,255,934,928,121,0.25906735751295334,1001,60,22,940,454.0705022222222,1291.19112,4.082551968031968,1.2899012187812187,7,6,8,1,7,3,3,1,2,1,29,10,39,7,33
FREE AT LAST,23,247,8.431308596291847,7592,6661,1659,241,949,898,155,0.24906170244708,1127,67,28,1064,513.1537822222222,1437.20684,4.097945022182786,1.2752500798580302,4,8,4,5,1,5,5,2,1,3,22,16,38,8,33
WESTSIDE MARAUDERS,23,267,11.18296229640836,7701,6889,1791,254,982,944,151,0.2599796777471331,1346,84,32,1336,585.63723,1668.022246,3.9158507206537894,1.239243867756315,8,9,8,5,9,10,4,10,5,6,39,35,74,1,34
BLUE SOCKS,23,261,10.453541234027593,7837,7069,1804,241,965,943,189,0.25519875512802376,1187,75,43,1189,503.4372488888889,1454.4090799999997,3.817131625947768,1.2252814490311708,4,8,7,9,6,8,6,7,8,9,34,38,72,2,34
LOUISVILLE SLUGGERS,23,212,10.68847195422589,7784,7034,1827,266,982,965,160,0.25973841342052884,1054,69,46,1110,443.68492777777783,1299.3527399999998,3.7885809772296017,1.2327824857685008,9,9,9,6,8,3,7,4,9,7,41,30,71,3,34
NATIONAL PASTIME,23,264,10.340899842490012,7479,6705,1706,244,910,895,142,0.2544369873228934,1276,81,52,1277,533.0645277777778,1550.2810800000002,3.7598595219435738,1.2149538244514109,6,4,3,4,5,9,8,9,10,10,22,46,68,4,34
HOOSIERS,23,239,10.406382264672141,7942,7028,1757,277,1008,988,211,0.25,1185,73,12,1077,508.69771000000003,1487.8578700000003,3.863526911392406,1.2555762616033757,10,10,10,10,2,6,3,2,7,4,42,22,64,5,34
MELONHEADS,23,220,9.685361984166118,7290,6450,1615,251,925,903,174,0.2503875968992248,1241,75,33,1176,542.5786755555556,1528.55737,3.934897727639001,1.2317142385173248,7,6,4,8,4,8,5,6,4,8,29,31,60,6,34
BIG RED MACHINE,23,204,9.72880373543973,7591,6752,1690,266,947,933,123,0.2502962085308057,1195,71,46,1126,518.8728688888889,1501.8430899999998,3.9078291380753134,1.256772460251046,9,7,6,3,3,5,7,5,6,3,28,26,54,7,34
FREE BIRDS,23,249,9.087231053178641,7305,6479,1661,222,883,868,117,0.2563667232597623,1186,74,57,1195,528.7505455555556,1486.42682,4.012440902192243,1.2533109780775715,3,2,2,1,7,7,9,8,3,5,15,32,47,8,34
ERIE LAKERS,23,191,8.16600797271513,7235,6451,1698,242,912,904,120,0.2632150054255154,1000,55,60,902,474.9266955555555,1339.85882,4.27434026,1.33985882,5,5,5,2,10,2,10,1,1,1,27,15,42,9,34
FREE AT LAST,23,240,8.154122107255777,7358,6443,1599,217,904,843,165,0.24817631538103369,1164,70,32,1107,523.0710633333334,1484.62473,4.044363891752578,1.2754507989690722,2,3,1,7,1,4,4,3,2,2,14,15,29,10,34
LOUISVILLE SLUGGERS,23,216,10.680051292252264,7592,6840,1771,257,965,936,170,0.25891812865497077,1191,70,38,1182,505.3685444444445,1474.60525,3.8189058774139384,1.238123635600336,7,7,8,7,9,6,6,6,9,7,38,34,72,1,35
BLUE SOCKS,23,264,10.510032067527293,8044,7250,1866,237,971,945,200,0.2573793103448276,1179,73,51,1157,515.0875344444445,1465.2812500000002,3.931965911789653,1.2428170059372352,3,9,9,10,8,7,8,5,5,6,39,31,70,2,35
WESTSIDE MARAUDERS,23,258,10.954577507724014,7379,6567,1677,259,939,921,139,0.2553677478300594,1355,85,32,1372,588.9643966666666,1665.719476,3.91194064206642,1.2293132664206643,8,6,5,5,6,10,4,10,7,8,30,39,69,3,35
HOOSIERS,23,231,10.231586791670868,7979,7090,1773,267,1006,979,198,0.25007052186177714,1202,76,14,1085,515.8759755555556,1507.60882,3.862632096505824,1.2542502662229618,10,10,10,9,2,9,1,3,8,5,41,26,67,4,35
NATIONAL PASTIME,23,259,10.513990459600176,7632,6860,1760,254,939,927,151,0.2565597667638484,1140,73,84,1125,498.03174777777775,1397.56113,3.9318295877192977,1.2259308157894737,5,6,7,6,7,7,10,4,6,9,31,36,67,4,35
MELONHEADS,23,231,9.854974605597901,7248,6432,1600,255,920,898,185,0.24875621890547264,1173,74,30,1218,486.11384555555566,1421.47474,3.7297737510656446,1.2118284228473999,6,4,3,8,1,8,3,9,10,10,22,40,62,5,35
BIG RED MACHINE,23,202,9.726323910471923,7447,6617,1671,260,934,926,127,0.2525313586217319,1285,76,27,1212,565.4174033333334,1625.74909,3.9601218910505835,1.2651743891050584,9,5,6,3,4,9,2,8,4,3,27,26,53,6,35
FREE BIRDS,23,252,9.264554632914837,7292,6447,1638,232,895,881,125,0.254071661237785,1195,76,57,1195,526.8755477777779,1506.9630499999998,3.9681003598326368,1.2610569456066945,1,2,1,2,5,9,9,7,3,4,11,32,43,7,35
FREE AT LAST,23,245,8.366550512697792,7872,6929,1747,239,968,917,132,0.2521287343050945,1111,63,33,1018,507.6646833333334,1423.31603,4.112495184518452,1.2811125382538253,4,8,4,4,3,5,5,2,1,2,23,15,38,8,35
ERIE LAKERS,23,198,8.132453761217807,7254,6453,1681,233,899,883,120,0.26049899271656596,1003,61,47,931,453.32181444444444,1312.95501,4.067693250249253,1.3090279262213358,2,3,2,1,10,4,7,1,2,1,18,15,33,9,35
LOUISVILLE SLUGGERS,23,209,10.742353757189525,7582,6823,1779,253,969,925,171,0.26073574673897115,1068,67,64,1100,455.0984422222222,1332.92991,3.8350992322097377,1.2480617134831462,9,9,8,8,10,4,10,3,8,6,44,31,75,1,36
NATIONAL PASTIME,23,255,10.492971132260475,7604,6832,1775,249,941,930,156,0.25980679156908665,1238,77,52,1184,547.5528888888889,1540.00264,3.9805945072697906,1.2439439741518579,7,7,9,6,8,9,6,7,5,7,37,34,71,2,36
HOOSIERS,23,235,10.189677526404754,7838,6937,1736,252,989,940,226,0.25025227043390513,1184,73,27,1133,520.7947677777778,1496.78075,3.958744011824324,1.2641729307432432,8,10,10,10,4,7,3,4,6,3,42,23,65,3,36
WESTSIDE MARAUDERS,21,270,10.853211880718188,7232,6477,1685,244,917,900,152,0.26015130461633473,1166,75,32,1232,487.36522222222226,1406.248036,3.761824185248714,1.206044627787307,4,3,3,5,9,8,4,9,9,10,24,40,64,4,36
BLUE SOCKS,22,265,10.280031851582704,7374,6666,1731,223,894,892,157,0.25967596759675965,1221,77,51,1220,504.2866800000001,1485.6615399999998,3.717100835380836,1.216758018018018,2,1,2,7,7,9,5,8,10,9,19,41,60,5,36
MELONHEADS,23,218,9.90004554709065,7412,6565,1639,249,932,902,182,0.24965727341964966,1201,72,57,1144,532.3121944444445,1475.27099,3.989017277268943,1.2283688509575355,7,5,4,9,3,6,8,5,4,8,28,31,59,6,36
BIG RED MACHINE,23,202,9.70449578723706,7434,6588,1633,267,927,918,105,0.2478749241044323,1195,72,59,1158,509.2267666666668,1509.0820500000002,3.8351806694560677,1.262830167364017,10,4,7,1,2,6,9,6,7,4,24,32,56,7,36
FREE BIRDS,23,247,9.309440327451725,7484,6654,1686,234,904,903,133,0.2533814247069432,1346,83,0,1338,608.2108911111112,1695.47091,4.066789019316493,1.2596366344725112,3,2,5,3,5,10,1,10,2,5,18,28,46,8,36
ERIE LAKERS,23,204,8.251557978552693,7387,6562,1702,247,938,911,127,0.2593721426394392,890,55,55,869,394.91578111111113,1148.85617,3.9935303707865173,1.2908496292134832,5,6,6,2,6,3,7,1,3,1,25,15,40,9,36
FREE AT LAST,23,241,8.12989756357251,7613,6678,1649,248,943,902,144,0.24693021862833184,1191,68,16,1023,539.6602788888889,1520.4270699999997,4.078037371956339,1.276597036104114,6,8,4,4,1,5,2,2,1,2,23,12,35,10,36
LOUISVILLE SLUGGERS,23,213,10.713428061330623,7704,6938,1805,263,981,953,167,0.26016142980686074,936,61,94,1003,393.0565911111111,1154.9987800000001,3.7793902991452994,1.2339730555555557,10,9,9,8,10,3,10,2,9,6,46,30,76,1,37
WESTSIDE MARAUDERS,23,265,10.98721297483428,7456,6655,1718,257,950,924,146,0.25815176558978215,1376,86,32,1334,595.5540922222223,1678.6620360000002,3.8953392659883725,1.2199578750000002,8,7,7,5,6,10,5,10,5,10,33,40,73,2,37
HOOSIERS,23,229,10.230403923307659,7790,6905,1729,261,999,954,212,0.2503982621288921,1179,73,13,1130,508.32484777777773,1475.53835,3.880342349448685,1.2515168363019509,9,10,10,10,3,6,2,5,7,5,42,25,67,3,37
NATIONAL PASTIME,23,266,10.345345400861358,7335,6591,1713,230,905,869,153,0.2598998634501593,1277,82,52,1273,534.3249866666666,1560.82431,3.765798653093187,1.2222586609240407,3,2,1,6,9,8,7,8,10,9,21,42,63,4,37
BLUE SOCKS,23,259,10.23624406722348,7732,6992,1811,227,934,923,187,0.25901029748283755,1101,68,78,1121,476.6676233333334,1350.01962,3.8964655858310633,1.2261758583106268,2,6,6,9,7,5,9,4,4,8,30,30,60,5,37
MELONHEADS,23,222,9.712631823464223,7265,6442,1617,239,907,888,166,0.25100900341508847,1353,83,0,1296,583.12968,1667.4343299999998,3.8789113968957873,1.2323978787878787,5,3,2,7,4,9,1,9,8,7,21,34,55,6,37
BIG RED MACHINE,23,199,9.70150712880166,7385,6553,1629,261,920,913,115,0.2485884327788799,1213,73,59,1157,524.2288611111112,1531.31661,3.889579348722177,1.2624209480626547,9,4,4,2,2,6,8,6,6,3,21,29,50,7,37
FREE BIRDS,23,251,9.336339057447306,7519,6683,1689,238,907,902,125,0.25273080951668414,1197,74,49,1190,528.6817844444445,1507.99679,3.975051010860485,1.2598135254803675,4,3,3,4,5,7,6,7,3,4,19,27,46,8,37
ERIE LAKERS,23,196,8.1417660106593015,7401,6573,1707,254,931,927,118,0.25969876768598815,1031,61,20,930,475.12864444444443,1352.92522,4.147582735208536,1.3122456062075656,7,5,8,3,8,3,4,1,2,1,31,11,42,9,37
FREE AT LAST,23,249,8.462493216247461,7858,6897,1706,247,970,920,167,0.2473539219950703,1171,66,16,1061,543.6243822222222,1521.5178,4.178154944491887,1.2993320239111872,6,8,5,8,1,4,3,3,1,2,28,13,41,10,37
WESTSIDE MARAUDERS,23,264,11.009915264524437,7393,6580,1687,265,956,926,150,0.25638297872340426,1363,85,32,1363,590.5947433333333,1667.464246,3.899745187087307,1.2233780234776228,8,8,7,6,6,10,5,10,7,8,35,40,75,1,38
LOUISVILLE SLUGGERS,23,216,10.591783247518007,7422,6662,1731,254,958,916,187,0.25983188231762233,951,62,93,1006,389.67738777777777,1165.48326,3.687798622502629,1.2255344479495267,6,9,6,9,9,5,9,2,10,7,39,33,72,2,38
BLUE SOCKS,23,264,10.23712939277588,7747,7007,1812,223,933,916,180,0.25859854431283,1004,65,102,1084,418.23571777777784,1219.0392100000001,3.749124960159363,1.2141824800796814,2,4,6,8,8,6,10,4,9,10,28,39,67,3,38
MELONHEADS,23,224,9.836987678068265,7542,6699,1683,257,944,939,165,0.2512315270935961,1160,69,44,1145,507.4091844444445,1438.3795,3.9367953965517244,1.239982327586207,7,6,9,7,4,7,6,6,6,6,33,31,64,4,38
NATIONAL PASTIME,23,263,10.359483963011396,7517,6731,1720,244,917,896,136,0.25553409597385235,1277,82,52,1273,534.3249866666666,1560.82431,3.765798653093187,1.2222586609240407,5,3,4,5,5,9,8,8,8,9,22,42,64,4,38
HOOSIERS,23,237,10.45101192781656,7919,7040,1758,279,1001,997,213,0.2497159090909091,1261,77,0,1131,569.7084888888888,1593.66247,4.066119270420301,1.2638084615384615,10,10,10,10,3,8,2,5,2,3,43,20,63,5,38
BIG RED MACHINE,23,193,9.739987969153477,7601,6757,1683,267,948,931,112,0.24907503329880123,1267,77,27,1171,554.5352122222223,1619.41699,3.939082012628256,1.2781507419100235,9,7,8,2,2,8,4,7,5,2,28,26,54,6,38
FREE BIRDS,23,245,9.174407293527112,7277,6431,1651,219,889,861,132,0.2567252371326388,1391,85,0,1338,620.42967,1753.28303,4.014282552120776,1.260447900790798,1,1,2,4,7,10,2,9,3,5,15,29,44,7,38
FREE AT LAST,23,253,8.404487569331671,7680,6748,1676,238,938,894,150,0.24836988737403676,1153,69,16,1066,512.7184066666666,1456.06043,4.002138473547268,1.2628451257588897,3,5,3,6,1,7,3,3,4,4,18,21,39,8,38
ERIE LAKERS,23,195,8.140405991407954,7249,6458,1694,243,916,908,117,0.26231031279033756,1007,56,47,918,465.08769555555557,1327.6204,4.156692413108242,1.3183916583912612,4,2,5,3,10,4,7,1,1,1,24,14,38,9,38
WESTSIDE MARAUDERS,23,261,11.143478521019444,7603,6808,1737,273,963,958,140,0.2551410105757932,1361,84,32,1366,591.8957766666666,1671.165766,3.9140793460690664,1.2278954930198385,10,8,10,4,6,10,5,10,4,9,38,38,76,1,39
LOUISVILLE SLUGGERS,23,206,10.710493550286603,7690,6938,1802,260,996,958,187,0.25972902853848373,1074,67,53,1077,457.87442666666664,1355.47214,3.8369365363128485,1.2620783426443203,8,10,10,9,8,5,7,4,7,4,45,27,72,2,39
HOOSIERS,23,235,10.15626738433325,7687,6778,1705,247,979,924,206,0.2515491295367365,1132,73,43,1078,479.07352888888886,1409.89359,3.808888480565371,1.2454890371024734,6,9,9,10,3,6,6,5,9,5,37,31,68,3,39
NATIONAL PASTIME,23,259,10.410741627567795,7559,6822,1769,243,920,915,144,0.2593081207856933,1143,74,71,1151,484.4515366666667,1422.38341,3.814579028871391,1.244429930008749,4,5,7,5,7,7,10,7,8,6,28,38,66,4,39
BLUE SOCKS,21,265,10.04315870048312,7410,6680,1736,219,905,890,181,0.25988023952095807,983,65,56,1050,412.69061888888893,1177.69257,3.778449206510682,1.1980595829094607,2,2,4,8,9,3,8,3,10,10,25,34,59,5,39
BIG RED MACHINE,23,203,9.713286073221049,7448,6591,1639,268,935,919,116,0.24867243210438478,1220,73,59,1148,523.1592922222222,1541.80365,3.859371827868853,1.2637734836065575,9,6,8,1,2,6,9,6,6,3,26,30,56,6,39
MELONHEADS,23,220,9.713750427550812,7237,6467,1643,246,911,900,167,0.2540590691201485,1273,76,22,1208,561.7237555555556,1566.04422,3.9713384131971727,1.2301997014925372,5,3,5,7,5,8,2,8,3,8,25,29,54,7,39
FREE BIRDS,23,261,9.314693028226902,7326,6471,1641,225,887,865,124,0.253592953175707,1320,80,27,1334,570.1086322222224,1632.02007,3.8871043106060617,1.236378840909091,3,1,3,3,4,9,3,9,5,7,14,33,47,8,39
FREE AT LAST,23,245,8.449909715918295,7872,6900,1696,250,961,915,159,0.24579710144927536,1156,66,30,1032,536.4181333333333,1483.60212,4.176265743944637,1.2833928373702421,7,7,7,6,1,4,4,2,2,2,28,14,42,9,39
ERIE LAKERS,23,194,8.10513930376372,7263,6461,1682,250,917,910,123,0.26033121807769694,1038,61,20,957,482.02821222222224,1350.65253,4.179435366088632,1.301206676300578,7,4,6,2,10,2,1,1,1,1,29,6,35,10,39
WESTSIDE MARAUDERS,23,267,11.05263713920463,7393,6645,1722,250,931,915,157,0.25914221218961625,1284,81,59,1312,547.07854,1567.7357060000002,3.834662663551402,1.220977964174455,7,5,5,6,8,8,8,10,9,9,31,44,75,1,40
LOUISVILLE SLUGGERS,23,218,10.706926994215033,7805,7046,1837,261,999,969,179,0.2607152994606869,1076,66,55,1035,462.3655633333334,1340.86994,3.8673699535315995,1.246161654275093,9,10,10,8,10,3,7,3,7,6,47,26,73,2,40
NATIONAL PASTIME,23,251,10.44893850675533,7769,6995,1793,261,950,949,141,0.25632594710507506,1195,75,52,1159,526.7868488888888,1482.5001300000004,3.967432334728033,1.2405858828451886,9,6,9,4,7,6,6,7,4,8,35,31,66,3,40
BIG RED MACHINE,23,218,9.827718961071472,7636,6765,1698,270,958,946,119,0.25099778270509976,1085,68,68,1064,462.88375,1353.8311700000002,3.83958870967742,1.24777066359447,10,7,8,2,3,5,10,5,8,5,30,33,63,4,40
BLUE SOCKS,22,265,10.271835315161345,7264,6556,1676,223,891,875,164,0.2556436851738865,1327,82,29,1312,556.1863277777778,1595.42718,3.7721755463451396,1.2022812207987943,4,2,2,7,6,9,3,10,10,10,21,42,63,4,40
HOOSIERS,23,230,10.20372865183649,7699,6827,1720,246,975,926,232,0.25194082320199207,1106,67,60,1080,483.4670211111111,1400.98038,3.9341800994575045,1.2667092043399637,6,8,6,10,4,4,9,6,5,2,34,26,60,5,40
MELONHEADS,23,221,9.89048273776819,7391,6546,1637,239,922,894,189,0.2500763825236786,1344,83,0,1303,585.495138888889,1672.4696,3.920726376488096,1.2443970238095237,5,4,3,9,2,10,1,9,6,7,23,33,56,6,40
FREE AT LAST,23,248,8.462394785895107,7998,7009,1727,256,979,932,146,0.24639748894278785,1130,66,10,1044,504.9106166666667,1428.1582099999996,4.021411991150443,1.2638568230088492,8,9,7,5,1,3,2,4,2,3,30,14,44,7,40
ERIE LAKERS,23,190,8.150279293574613,7282,6463,1682,250,921,912,123,0.2602506575893548,988,59,48,886,457.5325377777778,1323.09195,4.167806518218623,1.3391618927125506,7,3,4,3,9,2,5,2,1,1,26,11,37,8,40
FREE BIRDS,23,240,9.018902299436414,7201,6378,1630,221,877,854,108,0.25556600815302605,1299,80,32,1300,576.015148888889,1636.16958,3.9908670823710555,1.2595608775981524,3,1,1,1,5,7,4,8,3,4,11,26,37,8,40
WESTSIDE MARAUDERS,23,264,11.184867891322565,7715,6844,1736,274,993,951,164,0.2536528345996493,1268,78,49,1297,547.3675900000001,1556.109826,3.8851011908517354,1.227215951104101,10,9,9,7,5,9,7,9,7,8,40,40,80,1,41
HOOSIERS,23,236,10.295246072008307,7954,7079,1777,268,998,987,209,0.25102415595423083,1209,76,8,1093,520.2543311111111,1511.19859,3.872861025641026,1.2499574772539288,9,10,10,10,2,8,4,3,8,5,41,28,69,2,41
LOUISVILLE SLUGGERS,23,216,10.638437685058056,7522,6753,1770,246,983,913,198,0.2621057307863172,1113,70,49,1125,490.8766333333333,1374.68639,3.969352830188679,1.2351180503144654,6,8,6,9,10,5,7,4,4,7,39,27,66,3,41
NATIONAL PASTIME,23,262,10.413230117203964,7506,6736,1720,245,920,901,140,0.25534441805225655,1193,76,79,1173,497.5795033333334,1456.45017,3.753743109807209,1.2208299832355407,5,4,4,4,7,8,9,7,9,9,24,42,66,3,41
BIG RED MACHINE,23,202,9.794336908804336,7622,6768,1703,266,947,942,124,0.2516252955082742,1293,76,27,1186,565.4207955555555,1650.0838200000003,3.935643588553751,1.2761669141531324,8,7,8,3,3,8,5,8,5,3,29,29,58,4,41
BLUE SOCKS,21,265,10.013568575968252,6961,6314,1639,203,843,829,175,0.259581881533101,1006,64,107,1083,413.300848888889,1189.1302099999998,3.69752250497018,1.1820379821073557,2,2,2,8,8,4,10,2,10,10,22,36,58,4,41
MELONHEADS,23,214,9.756476790492597,7332,6515,1649,246,920,910,158,0.2531082118188795,1208,72,52,1147,524.8626644444445,1508.6078300000004,3.910400645695365,1.2488475413907287,6,4,5,6,4,6,8,5,6,6,25,31,56,5,41
FREE BIRDS,23,249,9.355554365724522,7554,6714,1710,242,912,915,97,0.2546916890080429,1346,84,0,1333,600.7210833333335,1703.18074,4.016708580980684,1.2653645913818723,4,3,7,1,6,10,3,10,3,4,21,30,51,6,41
ERIE LAKERS,23,200,8.237003098241344,7289,6475,1683,251,921,915,122,0.2599227799227799,972,58,42,910,435.8216855555556,1274.8427199999999,4.035385977366255,1.3115665843621398,7,5,7,2,9,3,6,1,2,1,30,13,43,7,41
FREE AT LAST,23,246,8.399012839428426,7624,6676,1649,239,934,886,155,0.2470041941282205,1226,73,0,1148,566.5163577777778,1576.94355,4.158766084828711,1.2862508564437194,3,6,3,5,1,7,3,6,1,2,18,19,37,8,41
WESTSIDE MARAUDERS,23,269,10.98078589159379,7365,6553,1687,268,950,936,154,0.2574393407599573,1331,82,32,1329,570.9674144444444,1632.311116,3.8607864237415477,1.2263795011269722,9,6,8,5,7,10,5,10,6,7,35,38,73,1,42
LOUISVILLE SLUGGERS,23,208,10.667690055200742,7543,6790,1768,254,965,923,173,0.26038291605301916,985,64,97,1037,415.9912233333334,1214.68368,3.8009350355329956,1.2331814010152284,7,9,7,8,10,1,10,3,10,6,41,30,71,2,42
BLUE SOCKS,23,263,10.250869692416783,7732,6992,1811,227,934,923,187,0.25901029748283755,1207,77,29,1242,516.3071500000001,1472.42508,3.8498461888980957,1.2199047887323944,2,4,7,9,8,8,4,8,9,9,30,38,68,3,42
NATIONAL PASTIME,23,260,10.462958004183784,7615,6833,1749,249,931,911,132,0.255963705546612,1284,79,52,1244,549.7987011111111,1564.66964,3.8537292133956385,1.218590062305296,6,3,5,4,6,9,9,9,7,10,24,44,68,3,42
HOOSIERS,23,227,10.293637099731349,8042,7120,1777,272,1021,992,200,0.24957865168539325,1161,68,38,1044,510.75760888888897,1477.44073,3.9593613092161934,1.272558768303187,10,10,10,10,2,4,7,4,3,3,42,21,63,4,42
MELONHEADS,23,225,9.79281087873224,7341,6505,1641,237,920,892,167,0.2522674865488086,1202,76,38,1195,514.6572933333333,1473.2503000000002,3.8535071880199667,1.2256658069883528,4,2,3,7,4,7,7,6,8,8,20,36,56,5,42
BIG RED MACHINE,23,210,9.80688277324204,7700,6843,1717,265,960,946,128,0.2509133421014175,1232,74,27,1187,536.7887511111112,1554.9508600000001,3.9213463961038966,1.2621354383116885,8,8,9,3,3,5,3,5,5,4,31,22,53,6,42
FREE BIRDS,23,252,9.2575542075504,7246,6431,1639,230,872,876,120,0.2548592753848546,1208,75,51,1241,531.1991511111112,1502.9012699999998,3.957609569536424,1.2441235678807945,3,1,2,1,5,6,8,7,4,5,12,30,42,7,42
FREE AT LAST,23,248,8.428768044776428,7697,6753,1668,245,955,902,166,0.247001332741004,1102,67,35,997,496.2685088888889,1415.7036899999998,4.053009600725953,1.2846675952813065,5,7,4,6,1,3,6,2,2,2,23,15,38,8,42
ERIE LAKERS,23,194,8.232809155867725,7444,6637,1720,249,937,918,124,0.25915323188187434,1122,65,14,979,519.9856911111111,1492.89748,4.171008217468806,1.33056816399287,6,5,6,2,9,2,2,1,1,1,28,7,35,9,42
WESTSIDE MARAUDERS,23,264,11.038863911222796,7537,6772,1763,243,938,923,152,0.2603366804489073,1357,84,32,1362,580.5960777777777,1686.8351360000001,3.8506740604274134,1.2430620014738394,5,7,7,5,10,10,4,10,7,8,34,39,73,1,43
HOOSIERS,23,237,10.1836332917747,7856,6961,1768,246,993,939,229,0.25398649619307573,1035,65,60,987,434.2192855555556,1295.19735,3.7758198743961353,1.2513984057971013,6,9,9,10,5,5,9,2,9,5,39,30,69,2,43
LOUISVILLE SLUGGERS,23,212,10.754552381774335,7620,6863,1783,258,999,948,196,0.25979892175433483,1135,71,44,1087,506.32457111111114,1436.8419299999998,4.0149084933920705,1.265940026431718,10,10,10,9,7,6,7,5,3,2,46,23,69,2,43
NATIONAL PASTIME,23,254,10.494171928896966,7604,6832,1775,249,941,930,156,0.25980679156908665,1241,77,52,1188,552.0190133333333,1543.6499099999999,4.003361095890411,1.2438758340048346,7,8,8,6,8,8,8,6,4,6,37,32,69,2,43
BLUE SOCKS,21,265,10.21838089206068,7598,6846,1759,232,933,906,181,0.25693835816535204,946,61,75,993,390.6851155555556,1129.48896,3.7168774207188164,1.1939629598308668,3,5,4,8,6,4,10,3,10,10,26,37,63,3,43
MELONHEADS,23,225,9.789212779369386,7384,6544,1641,250,930,907,175,0.2507640586797066,1246,76,22,1231,544.1687255555556,1527.76263,3.9305927207062603,1.226133731942215,8,4,5,7,4,7,2,7,6,9,28,31,59,4,43
BIG RED MACHINE,23,213,9.77221056832845,7490,6626,1651,255,935,903,105,0.2491699366133414,1335,79,27,1258,564.5895344444446,1660.2339100000002,3.8062215805243453,1.2436209063670414,9,6,3,1,2,9,3,8,8,7,21,35,56,5,43
FREE BIRDS,23,234,9.163454737689332,7375,6542,1637,249,884,903,108,0.25022928767960867,1291,79,27,1265,579.8514133333334,1631.42452,4.042341378776143,1.2636905654531372,7,1,3,2,3,9,3,9,2,4,16,27,43,6,43
ERIE LAKERS,23,202,8.264653743792254,7282,6463,1682,250,921,912,123,0.2602506575893548,961,56,40,948,439.4564688888889,1239.9416999999999,4.115617294484911,1.2902619146722163,8,3,6,3,9,3,6,1,1,1,29,12,41,7,43
FREE AT LAST,23,241,8.09359513459223,7417,6519,1602,238,902,873,130,0.24574321214910264,1153,71,34,1082,507.5137077777778,1459.35402,3.9615120294882917,1.2657016652211621,4,2,2,4,1,6,5,4,5,3,13,23,36,8,43
WESTSIDE MARAUDERS,23,267,10.97587573661944,7519,6692,1717,260,954,937,138,0.2565750149432158,1348,84,32,1349,581.6814133333334,1630.043816,3.8836296142433238,1.2092313175074185,9,8,7,5,6,10,5,10,7,9,35,41,76,1,44
HOOSIERS,23,230,10.282621689232545,7964,7079,1772,260,998,966,213,0.25031784150303715,1106,67,43,1037,472.43793888888894,1381.38519,3.844431690777577,1.248992034358047,9,10,10,10,3,4,6,3,9,7,42,29,71,2,44
LOUISVILLE SLUGGERS,23,216,10.780787314697795,7499,6721,1776,242,984,906,202,0.2642463919059664,1117,71,53,1138,483.1409511111111,1405.25521,3.892809811996419,1.2580619606087735,5,9,3,9,10,5,9,5,5,5,36,29,65,3,44
NATIONAL PASTIME,23,251,10.52655742279589,7727,6970,1803,253,946,942,151,0.25868005738880917,1223,77,52,1161,536.0079366666666,1543.4948500000003,3.944457424366312,1.262056295993459,7,5,8,6,8,8,8,7,3,4,34,30,64,4,44
MELONHEADS,23,226,9.78432974955775,7304,6487,1637,253,927,908,156,0.2523508555572684,1229,74,27,1217,527.2355133333334,1493.59152,3.860959820992677,1.2152900895036616,7,3,4,7,4,7,2,8,8,8,25,33,58,5,44
BIG RED MACHINE,23,200,9.75070736230116,7434,6588,1633,264,929,916,115,0.2478749241044323,1213,73,59,1157,524.2288611111112,1531.31661,3.889579348722177,1.2624209480626547,10,4,6,1,2,6,10,6,6,3,23,31,54,6,44
BLUE SOCKS,19,265,9.904371263006672,6968,6280,1619,213,852,838,180,0.25780254777070066,1012,66,29,1067,411.88622444444445,1194.83042,3.663019782608696,1.1806624703557311,3,1,1,8,7,3,3,4,10,10,20,30,50,7,44
ERIE LAKERS,23,195,8.361043192682361,7567,6723,1740,259,949,944,123,0.25881302989736726,1064,59,32,931,513.13483,1421.4716399999998,4.340426193609022,1.3359695864661651,8,6,9,3,9,1,5,1,1,1,35,9,44,8,44
FREE BIRDS,23,245,9.110198780989409,7249,6422,1627,227,872,872,137,0.2533478667081906,1300,81,30,1268,579.5218666666667,1644.09672,4.012074461538462,1.2646897846153846,4,2,2,4,5,9,4,9,2,2,17,26,43,9,44
FREE AT LAST,23,255,8.41025583088872,7764,6824,1687,246,953,909,122,0.24721570926143024,1026,63,44,1012,445.2998111111111,1285.9510500000001,3.906138693957115,1.2533635964912282,6,7,5,2,1,2,7,2,4,6,21,21,42,10,44
WESTSIDE MARAUDERS,23,266,11.045949541885067,7712,6868,1740,261,972,938,141,0.25334886429819453,1261,79,59,1265,534.2148288888889,1536.6083760000001,3.812794179222839,1.2185633433782712,9,8,7,4,5,9,7,8,8,9,33,41,74,1,45
LOUISVILLE SLUGGERS,23,211,10.601508707651025,7697,6914,1787,272,991,958,156,0.25846109343361295,1021,64,74,1037,440.6182922222223,1273.15365,3.8840006170421164,1.2469673359451519,10,9,10,6,8,6,9,3,6,6,43,30,73,2,45
HOOSIERS,23,233,10.221632648900561,7788,6911,1732,256,994,956,220,0.2506149616553321,1022,64,63,981,423.16912555555564,1286.7824500000002,3.7265382876712336,1.2590826320939337,7,10,9,10,3,6,8,1,9,4,39,28,67,3,45
NATIONAL PASTIME,23,261,10.419015089996615,7510,6755,1746,236,922,893,152,0.25847520355292375,1263,79,52,1245,541.19526,1543.89155,3.8564982897862232,1.2224002771179732,5,5,4,5,9,9,6,7,7,8,28,37,65,4,45
BLUE SOCKS,21,265,10.027420839649999,7297,6570,1685,217,889,865,205,0.256468797564688,941,63,75,1044,381.0102255555556,1117.21857,3.644093549415516,1.1872673432518597,2,2,1,9,7,5,10,4,10,10,21,39,60,5,45
MELONHEADS,23,215,9.930055348665626,7226,6414,1610,260,917,912,160,0.2510134081696289,1385,84,0,1292,614.3058733333334,1721.0846899999997,3.9918793212996393,1.2426604259927796,8,4,6,7,4,10,1,9,3,7,29,30,59,6,45
BIG RED MACHINE,23,203,9.710882311438368,7643,6796,1702,272,943,954,113,0.25044143613890524,1259,75,27,1165,551.5477855555556,1586.0251899999998,3.942756211278793,1.2597499523431293,10,6,8,1,1,8,4,6,5,3,26,26,52,7,45
FREE BIRDS,23,248,9.00784217356634,7201,6396,1633,221,870,866,116,0.25531582238899314,1274,79,32,1296,563.6231233333335,1594.40271,3.981639018838306,1.2514934929356358,3,1,2,2,6,9,5,10,4,5,14,33,47,8,45
FREE AT LAST,23,241,8.376320011232437,7676,6729,1686,231,954,881,167,0.25055728934462773,1196,69,19,1087,552.4142088888889,1550.2389899999998,4.156963110367894,1.2961864464882942,4,7,3,8,2,7,3,5,1,2,24,18,42,9,45
ERIE LAKERS,23,202,8.219241236677426,7273,6488,1709,243,914,910,121,0.2634093711467324,1078,63,12,989,497.32519,1401.3238900000001,4.152065593692022,1.29992939703154,6,3,5,3,10,5,2,2,2,1,27,12,39,10,45
WESTSIDE MARAUDERS,23,270,11.060358108613318,7502,6701,1721,259,953,927,147,0.256827339203104,1287,81,51,1302,549.3733633333334,1569.288116,3.841771771561772,1.2193380854700855,8,6,8,5,7,10,7,10,7,8,34,42,76,1,46
HOOSIERS,23,234,10.264225141329812,7958,7073,1771,270,1002,983,194,0.25038880248833595,1125,71,33,1047,483.1624066666667,1396.87557,3.8652992533333332,1.2416671733333333,9,10,10,10,3,5,6,2,6,6,42,25,67,2,46
BLUE SOCKS,23,265,10.266248410755994,7593,6855,1757,227,920,904,186,0.2563092633114515,1061,69,88,1149,443.32468777777785,1271.64934,3.760529868049011,1.19853849198869,2,4,4,9,6,4,10,6,10,10,25,40,65,3,46
LOUISVILLE SLUGGERS,23,204,10.689711290828193,7417,6664,1731,250,968,916,185,0.2597539015606242,1072,68,75,1121,455.8867377777778,1337.9419100000002,3.8274073134328357,1.2480801399253734,5,7,6,8,9,3,9,4,8,5,35,29,64,4,46
NATIONAL PASTIME,23,255,10.351308294539416,7401,6594,1670,254,913,904,129,0.25326053988474373,1282,79,52,1269,536.8888933333334,1573.4985900000001,3.7691107956318257,1.227377995319813,7,3,4,4,5,8,8,9,9,7,23,41,64,4,46
BIG RED MACHINE,23,203,9.80474491191041,7909,7044,1766,271,970,967,122,0.250709823963657,1256,76,27,1139,553.5057111111112,1622.33008,3.966203343949045,1.291664076433121,10,8,9,2,4,7,3,5,4,2,33,21,54,5,46
MELONHEADS,23,226,9.758956814356058,7290,6450,1615,251,925,903,174,0.2503875968992248,1245,74,27,1221,542.7800677777778,1514.79838,3.9237113333333338,1.2167055261044177,6,5,3,7,2,6,3,7,5,9,23,30,53,6,46
FREE BIRDS,23,250,9.395823249153297,7519,6704,1730,228,903,892,128,0.258054892601432,1269,80,30,1235,564.3441277777779,1625.5706900000002,4.002440622537432,1.280985571315997,3,2,2,3,8,9,5,8,3,3,18,28,46,7,46
FREE AT LAST,23,251,8.390274277268096,7816,6861,1716,236,971,906,165,0.25010931351114996,1181,69,2,1060,536.4780900000001,1495.78782,4.088317366638443,1.2665434546994072,4,9,5,6,1,4,2,3,2,4,25,15,40,8,46
ERIE LAKERS,23,198,8.193115304540688,7320,6511,1700,250,920,917,121,0.26109660574412535,1056,60,28,952,496.9774077777777,1393.49335,4.235602907196969,1.3195959753787878,5,4,7,1,10,2,4,1,1,1,27,9,36,9,46
NATIONAL PASTIME,23,253,10.35404941354059,7611,6831,1739,261,930,931,133,0.2545747328356024,1143,73,79,1151,492.57812666666666,1407.38455,3.878567926509186,1.2313075678040244,10,8,8,5,6,6,10,5,7,7,37,35,72,1,47
HOOSIERS,23,238,10.291941258272008,7916,7047,1779,255,1004,965,227,0.25244785014899956,979,61,63,942,400.6656022222223,1218.62352,3.683340572012258,1.2447635546475997,8,10,10,10,4,3,8,1,10,5,42,27,69,2,47
LOUISVILLE SLUGGERS,23,205,10.692950587863093,7816,7021,1835,259,992,948,172,0.26135878080045577,1102,68,66,1087,495.54322111111117,1413.30971,4.047086197822142,1.2824951996370235,9,9,9,9,10,4,9,3,3,2,46,21,67,3,47
BLUE SOCKS,23,261,10.181239348551983,7617,6904,1768,230,919,910,169,0.25608342989571264,1160,75,61,1199,489.1823955555556,1389.23085,3.7953806551724147,1.1976128017241379,2,3,6,8,7,7,7,7,9,10,26,40,66,4,47
WESTSIDE MARAUDERS,20,270,11.130885018547009,6924,6180,1600,246,886,874,155,0.2588996763754045,1226,77,32,1250,528.9196266666667,1491.009616,3.8827705057096247,1.216157924959217,6,1,2,7,8,8,5,8,6,9,24,36,60,5,47
MELONHEADS,23,220,9.667067291346486,7367,6527,1644,241,922,897,169,0.25187681936571166,1323,81,0,1255,582.652378888889,1628.11952,3.9636216250944827,1.230626999244142,4,5,5,8,3,10,1,9,4,8,25,32,57,6,47
BIG RED MACHINE,23,217,9.773817997678883,7385,6548,1648,242,926,885,125,0.2516799022602321,1248,75,54,1184,526.9453100000001,1545.3348,3.800086370192308,1.2382490384615386,5,7,3,4,2,7,6,6,8,6,21,33,54,7,47
FREE BIRDS,23,251,9.27600794065989,7291,6446,1630,242,889,892,117,0.25286999689730066,1271,79,19,1297,555.5106011111112,1595.6354199999998,3.9335919826907952,1.2554173249409912,5,2,4,2,5,9,3,10,5,4,18,31,49,8,47
ERIE LAKERS,23,191,8.15816218237402,7289,6475,1683,251,921,915,122,0.2599227799227799,1056,61,26,944,483.5801544444445,1399.6491,4.121421770833334,1.325425284090909,7,4,7,3,9,3,4,2,1,1,30,11,41,9,47
FREE AT LAST,23,240,8.053753742136397,7431,6529,1620,232,924,870,149,0.24812375555215194,1192,69,13,1092,543.8464966666667,1522.4329799999998,4.106223548657718,1.277208875838926,3,6,1,6,1,5,2,4,2,3,17,16,33,10,47
LOUISVILLE SLUGGERS,23,212,10.636648044816338,7564,6807,1789,245,971,913,187,0.2628176876744528,1094,70,50,1150,463.94067000000007,1360.92249,3.8166965539305306,1.243987650822669,6,8,6,9,10,5,7,5,10,6,39,33,72,1,48
WESTSIDE MARAUDERS,23,263,11.053254410212974,7722,6856,1740,269,980,954,144,0.25379229871645276,1334,83,32,1347,579.57336,1645.284586,3.9101650974512743,1.2333467661169415,9,9,9,4,5,10,5,10,4,7,36,36,72,1,48
BLUE SOCKS,23,257,10.2399868875924,7810,7085,1821,232,932,937,178,0.25702187720536346,1096,69,78,1113,466.3742844444445,1342.80258,3.829715839416059,1.2251848357664235,4,6,8,8,7,4,10,4,9,8,33,35,68,2,48
NATIONAL PASTIME,23,267,10.480278530044611,7440,6701,1737,233,916,890,159,0.2592150425309655,1272,79,52,1242,541.8948855555556,1545.1117800000002,3.834161926100629,1.2147105188679246,5,3,2,7,8,9,8,8,8,10,25,43,68,2,48
HOOSIERS,23,241,10.45433749231505,8104,7191,1788,277,1027,995,215,0.2486441385064664,1103,69,31,1037,469.9162700000001,1397.75644,3.834312266545785,1.2672315865820492,10,10,10,10,2,4,4,2,7,3,42,20,62,3,48
MELONHEADS,23,226,9.674930621232946,7195,6391,1606,260,904,907,158,0.2512908777969019,1265,76,19,1210,542.2603388888889,1542.3688399999999,3.857978695652174,1.2192639051383398,8,2,5,6,4,8,2,7,6,9,25,32,57,4,48
BIG RED MACHINE,23,200,9.713566980102355,7378,6545,1634,260,925,905,115,0.24965622612681437,1213,73,59,1157,524.2288611111112,1531.31661,3.889579348722177,1.2624209480626547,8,4,4,2,3,7,9,6,5,4,21,31,52,5,48
FREE BIRDS,23,252,9.145723024188397,7291,6445,1652,223,885,875,125,0.25632273079906903,1242,79,30,1271,550.3338744444445,1552.63505,3.9879266264090183,1.2501087359098229,3,1,1,3,6,9,3,9,3,5,14,29,43,6,48
ERIE LAKERS,23,197,8.22384356493747,7373,6563,1723,246,926,921,115,0.26253237848544875,1008,57,46,906,478.5785522222222,1327.62403,4.273022787698412,1.3170873313492062,7,5,7,2,9,3,6,1,1,1,30,12,42,7,48
FREE AT LAST,23,239,8.373567445200875,7589,6648,1636,245,945,894,148,0.24608904933814682,1207,72,16,1062,545.6203966666667,1555.41144,4.068420521955262,1.2886590223695114,6,7,3,5,1,6,1,3,2,2,22,14,36,8,48
LOUISVILLE SLUGGERS,23,218,10.681333490336321,7830,7057,1854,255,995,949,168,0.26271786878276887,1037,67,52,1092,434.08173444444446,1289.26636,3.767343886210222,1.2432655351976858,8,9,9,8,9,2,7,4,10,6,43,29,72,1,49
WESTSIDE MARAUDERS,23,264,11.063724251568086,7579,6763,1737,254,955,932,155,0.2568386810587018,1334,83,32,1347,579.57336,1645.284586,3.9101650974512743,1.2333467661169415,7,8,8,6,7,10,4,10,4,7,36,35,71,2,49
NATIONAL PASTIME,23,258,10.496129143987705,7639,6841,1748,251,940,910,132,0.25551819909369977,1298,81,52,1228,557.08787,1588.3766099999998,3.8627047996918336,1.2237107935285052,6,5,5,5,6,9,7,8,8,9,27,41,68,3,49
BLUE SOCKS,23,257,10.204481899198836,7767,7013,1813,230,951,931,168,0.2585198916298303,1105,70,70,1130,469.51054000000005,1354.1031099999998,3.824067746606335,1.2254326787330314,1,6,7,8,8,4,10,5,9,8,30,36,66,4,49
HOOSIERS,23,230,10.238363912689122,7909,7009,1751,265,1004,977,216,0.24982165786845484,1145,71,33,1070,493.683168888889,1459.49399,3.8804790567685594,1.2746672401746724,10,10,10,10,3,5,5,2,7,2,43,21,64,5,49
MELONHEADS,23,231,9.787745841098417,7125,6332,1599,249,897,887,178,0.2525268477574226,1303,79,0,1317,562.4646355555557,1575.15475,3.8850205065234085,1.208867805065234,5,2,1,9,5,8,2,9,6,10,22,35,57,6,49
BIG RED MACHINE,23,206,9.698809709360354,7399,6556,1635,262,928,914,126,0.24938987187309336,1224,73,59,1140,529.3298377777778,1533.46135,3.892131160130719,1.2528279003267975,9,4,6,4,2,6,9,6,5,5,25,31,56,7,49
FREE BIRDS,23,247,9.343109348330033,7428,6594,1658,242,896,902,123,0.25144070367000304,1203,76,57,1180,531.4949122222223,1528.65839,3.976271163757274,1.2707052285951788,2,1,3,3,4,7,8,7,3,4,13,29,42,8,49
FREE AT LAST,23,245,8.441883730732378,7690,6738,1664,244,953,900,165,0.24695755417037696,1168,69,19,1074,542.1726788888889,1486.41103,4.1777004366438355,1.2726121832191781,4,7,2,7,1,3,3,3,1,3,21,13,34,9,49
ERIE LAKERS,23,198,8.162627442527906,7261,6465,1699,243,916,909,119,0.262799690641918,1017,58,39,917,463.32275555555555,1341.02367,4.100201376597837,1.3186073451327434,3,3,4,2,10,1,6,1,2,1,22,11,33,10,49
WESTSIDE MARAUDERS,23,268,11.091322578296372,7600,6800,1754,250,955,927,152,0.25794117647058823,1351,85,32,1335,576.9215422222222,1658.4851760000001,3.843296728349371,1.2275982057735013,6,8,8,6,7,10,5,9,7,8,35,39,74,1,50
LOUISVILLE SLUGGERS,23,211,10.628606833000463,7599,6819,1771,257,988,938,172,0.25971550080656985,1038,67,80,1049,455.72903222222226,1300.22401,3.951407793834297,1.2526242870905586,8,10,9,7,9,4,9,3,5,5,43,26,69,2,50
HOOSIERS,23,238,10.105627881339307,7594,6761,1705,247,959,917,216,0.2521816299363999,1182,77,13,1152,493.15031777777773,1463.7694499999998,3.75495165820643,1.2383836294416242,5,9,7,10,4,6,3,6,10,7,35,32,67,3,50
BLUE SOCKS,23,264,10.24039754560985,7739,6970,1802,223,942,917,206,0.25853658536585367,940,58,114,1020,393.4753100000001,1135.91885,3.7673167978723416,1.2084243085106383,1,6,7,9,8,2,10,2,9,10,31,33,64,4,50
NATIONAL PASTIME,23,262,10.436059017885833,7521,6741,1727,244,930,899,144,0.25619344310933095,1259,78,52,1254,535.8661755555556,1531.94804,3.8306557426528998,1.2167974900714853,3,4,3,5,6,7,7,7,8,9,21,38,59,5,50
BIG RED MACHINE,23,206,9.744615413004224,7454,6617,1657,259,936,911,133,0.2504155961916276,1210,74,59,1127,519.5501944444445,1531.00419,3.8644229338842977,1.2652927190082646,9,5,6,3,3,5,8,5,6,3,26,27,53,6,50
MELONHEADS,23,213,9.672928417823172,7290,6450,1615,251,925,903,174,0.2503875968992248,1361,82,0,1269,603.2982922222222,1698.10994,3.9894817266715648,1.2476928288023512,7,3,5,8,2,8,2,8,4,6,25,28,53,6,50
ERIE LAKERS,23,206,8.480906581983893,7558,6701,1764,260,953,953,110,0.2632442918967318,998,57,36,873,462.01836888888886,1325.91223,4.166498316633267,1.3285693687374749,10,7,10,2,10,1,6,1,1,1,39,10,49,7,50
FREE BIRDS,23,239,9.199266842451467,7407,6609,1667,240,891,901,107,0.25223180511423815,1371,83,0,1355,617.2036911111112,1730.60206,4.051665368344275,1.262291801604668,2,1,4,1,5,9,2,10,2,4,13,27,40,8,50
FREE AT LAST,23,240,8.054779092945108,7543,6634,1631,245,915,896,138,0.2458546879710582,1124,66,27,1061,505.50856888888893,1425.2598999999998,4.0476664768683275,1.2680248220640566,4,2,2,4,1,3,4,4,3,2,13,16,29,9,50
