team,n,total_salary,sgpar,PA,AB,H,HR,R,RBI,SB,AVG,IP,W,SV,SO,ER,WH,ERA,WHIP,hr_pts,r_pts,rbi_pts,sb_pts,avg_pts,w_pts,sv_pts,so_pts,era_pts,whip_pts,hit_pts,pit_pts,total_pts,rank,sim_num
WESTSIDE MARAUDERS,23,268,11.07856144738481,7470,6672,1713,270,953,945,156,0.2567446043165468,1276,82,46,1281,547.4576755555555,1561.094936,3.8613785893416925,1.22342863322884,9,7,8,6,6,8,6,8,7,8,36,37,73,1,1
LOUISVILLE SLUGGERS,23,220,10.603981860032828,7720,6934,1795,253,976,933,168,0.2588693394865878,1021,65,76,1050,431.67206000000004,1255.6341799999998,3.805140587659158,1.2298082076395689,7,9,7,7,10,2,9,3,9,7,40,30,70,2,1
MELONHEADS,22,270,10.831315660134027,7373,6569,1660,247,932,904,180,0.25270208555335666,1381,86,0,1378,588.546788888889,1673.0357099999999,3.8355692251991313,1.2114668428674873,6,5,4,9,4,10,3,10,8,10,28,41,69,3,1
NATIONAL PASTIME,23,269,10.360788450701856,7475,6706,1730,236,913,889,146,0.2579779302117507,1184,75,79,1203,494.4346966666667,1437.0920700000001,3.7583718496621628,1.2137601942567569,3,3,3,4,9,7,10,7,10,9,22,43,65,4,1
HOOSIERS,23,228,10.256665540095879,7935,7032,1765,265,1007,975,208,0.25099544937428897,1209,74,8,1140,532.0931444444444,1527.9970899999998,3.960991149710504,1.2638520181968569,8,10,10,10,2,6,4,5,4,4,40,23,63,5,1
BLUE SOCKS,23,266,10.068471503852022,7729,6988,1800,224,938,915,178,0.2575844304522038,1165,73,61,1147,506.0606377777778,1450.85978,3.9094813218884124,1.2453732017167383,1,6,6,8,8,5,8,6,6,6,29,31,60,6,1
BIG RED MACHINE,23,210,9.790211003947183,7784,6911,1737,271,969,959,117,0.25133844595572274,1169,69,49,1102,509.1976622222222,1486.06804,3.920255739948674,1.271230145423439,10,8,9,1,3,4,7,4,5,3,31,23,54,7,1
FREE BIRDS,23,251,9.330812915692794,7396,6556,1673,240,898,904,121,0.25518608907870655,1340,83,0,1303,602.3908322222222,1686.1968200000001,4.045908574626866,1.2583558358208957,4,2,4,2,5,9,3,9,3,5,17,29,46,8,1
ERIE LAKERS,23,203,7.961496311269588,7349,6504,1674,246,931,906,122,0.257380073800738,962,55,45,894,434.38643444444443,1254.4820900000002,4.063906351351352,1.3040354365904367,5,4,5,3,7,1,5,1,2,1,24,10,34,9,1
FREE AT LAST,22,220,8.083427743771377,7060,6200,1533,228,884,839,152,0.24725806451612903,1145,66,49,1009,524.7052955555556,1493.0226900000002,4.124321100436681,1.3039499475982534,2,1,2,5,1,3,7,2,1,2,11,15,26,10,1
WESTSIDE MARAUDERS,23,266,11.11203689934988,7729,6918,1802,256,976,949,134,0.2604799074877132,1262,78,49,1293,540.0846088888887,1535.3141660000001,3.8516335023771777,1.2165722393026943,8,9,9,3,9,9,8,9,7,8,38,41,79,1,2
HOOSIERS,23,231,10.268493957111936,7935,7032,1765,265,1007,975,208,0.25099544937428897,1192,73,16,1123,522.2757422222223,1515.8732599999998,3.9433571140939603,1.2717057550335569,10,10,10,10,2,7,3,5,5,4,42,24,66,2,2
LOUISVILLE SLUGGERS,23,213,10.504495103252978,7532,6814,1812,239,959,907,157,0.26592309950102727,1162,71,47,1116,493.5176,1453.3128199999999,3.822425473321859,1.250699500860585,5,8,6,7,10,5,7,4,8,6,36,30,66,2,2
NATIONAL PASTIME,23,262,10.270749434747309,7412,6621,1673,246,895,888,138,0.2526808639178372,1117,72,114,1128,462.37788111111115,1349.5930700000001,3.7255156042972253,1.2082301432408238,7,2,4,5,5,6,10,6,9,9,23,40,63,3,2
BIG RED MACHINE,23,209,9.755887104257367,7559,6704,1691,261,951,937,136,0.25223747016706444,1258,75,27,1159,553.7158244444445,1584.52992,3.961400969793323,1.259562734499205,9,7,8,4,4,8,5,7,4,5,32,29,61,4,2
BLUE SOCKS,23,268,10.051613555820092,7635,6870,1753,229,934,909,201,0.2551673944687045,1069,68,78,1104,464.6511222222222,1330.89853,3.9119364826941063,1.244993947614593,3,6,7,9,7,4,9,3,6,7,32,29,61,4,2
MELONHEADS,19,270,10.35300676280545,6497,5796,1478,225,840,815,173,0.2550034506556246,1165,75,19,1187,474.8356322222223,1376.4971699999999,3.668258103004292,1.1815426351931329,2,1,2,8,6,8,4,8,10,10,19,40,59,5,2
FREE BIRDS,23,231,9.22087661177443,7417,6588,1654,240,897,905,120,0.2510625379477838,1397,85,0,1319,629.1261033333334,1783.6539700000003,4.053067236936292,1.2767744953471727,6,3,5,2,3,10,1,10,3,3,19,27,46,6,2
ERIE LAKERS,23,200,8.217288175767486,7328,6500,1692,246,919,907,114,0.2603076923076923,1076,63,10,1005,493.19143888888885,1395.3583099999996,4.12520720260223,1.2968014033457245,7,5,6,1,8,2,2,1,2,2,27,9,36,7,2
FREE AT LAST,22,222,8.163299577741435,7326,6433,1586,237,904,860,150,0.24654127156847505,1092,64,41,1009,512.3209144444444,1421.15977,4.222425119047618,1.3014283608058608,4,4,3,6,1,3,6,2,1,1,18,13,31,8,2
LOUISVILLE SLUGGERS,23,219,10.774797779906319,7823,7011,1817,265,995,945,173,0.2591641705890743,903,59,88,965,370.8267688888889,1098.1481600000002,3.6959478626799562,1.2161109191583612,9,9,9,8,9,2,10,2,10,8,44,32,76,1,3
MELONHEADS,23,269,10.667593613316601,7386,6592,1664,252,931,918,171,0.2524271844660194,1392,87,0,1363,580.0657777777778,1675.67234,3.750425287356322,1.2037876005747128,7,6,5,7,4,10,2,10,9,10,29,41,70,2,3
WESTSIDE MARAUDERS,23,261,10.759296887766267,7435,6598,1689,259,954,923,152,0.2559866626250379,1334,83,32,1347,579.5499855555555,1645.242716,3.9100073988005994,1.2333153793103449,8,8,6,6,6,8,5,9,6,7,34,35,69,3,3
NATIONAL PASTIME,23,270,10.412779900439354,7436,6667,1725,236,914,891,136,0.25873706314684264,1255,78,52,1263,530.5405077777777,1520.48558,3.804672964143426,1.211542294820717,5,4,3,5,8,7,7,7,8,9,25,38,63,4,3
HOOSIERS,23,224,10.255527485732518,7977,7106,1792,267,998,993,195,0.2521812552772305,1195,72,22,1101,525.4207866666667,1544.46165,3.957144,1.2924365271966527,10,10,10,9,3,5,3,5,4,3,42,20,62,5,3
BLUE SOCKS,23,262,10.244784291376147,7691,6931,1778,232,953,924,202,0.2565286394459674,1210,77,29,1211,529.2355811111112,1514.1016,3.9364630000000003,1.2513236363636364,2,7,7,10,7,6,4,6,5,6,33,27,60,6,3
BIG RED MACHINE,23,210,9.736969821799656,7524,6689,1664,265,925,928,121,0.24876663178352518,1120,69,86,1063,477.9663488888889,1406.90777,3.8408010178571432,1.2561676517857143,9,5,8,1,1,4,9,4,7,4,24,28,52,7,3
FREE BIRDS,23,243,9.287736721184006,7421,6579,1661,238,895,895,135,0.2524699802401581,1392,84,0,1326,634.7414333333335,1746.92032,4.103931681034484,1.2549714942528736,6,3,4,4,5,9,2,8,2,5,22,26,48,8,3
ERIE LAKERS,23,206,7.988316423721004,7034,6263,1629,235,892,871,130,0.26009899409228804,1007,58,61,898,457.7848055555555,1315.46991,4.091423286991062,1.3063256305858988,4,2,1,3,10,1,8,1,3,1,20,14,34,9,3
FREE AT LAST,22,230,8.200190551352968,7557,6646,1664,233,931,886,128,0.2503761661149564,1044,61,43,970,484.81323222222227,1358.0733599999999,4.179424415708813,1.3008365517241378,3,6,2,2,2,3,6,3,1,2,15,15,30,10,3
WESTSIDE MARAUDERS,23,264,11.11295113953897,7386,6556,1677,265,948,928,165,0.2557962172056132,1374,85,32,1370,596.9775933333333,1683.1889360000002,3.9103335807860256,1.2250283377001456,9,8,8,6,6,10,6,10,5,8,37,39,76,1,4
LOUISVILLE SLUGGERS,23,207,10.723582123376218,7825,7038,1842,254,991,946,176,0.2617220801364024,873,52,118,930,368.55583333333334,1089.9205299999999,3.799544673539519,1.2484771248568154,7,9,9,8,10,2,10,2,8,6,43,28,71,2,4
HOOSIERS,23,237,10.333003533821277,8061,7163,1787,279,1018,998,207,0.24947647633673042,1162,74,16,1058,503.0911511111111,1467.49071,3.896575180722891,1.26290078313253,10,10,10,10,3,7,3,4,7,3,43,24,67,3,4
NATIONAL PASTIME,23,266,10.340144061458606,7359,6617,1707,231,901,872,141,0.2579718905848572,1277,82,52,1273,534.3303900000001,1560.84525,3.765836734534065,1.2222750587314017,2,4,3,5,7,9,7,8,9,9,21,42,63,4,4
MELONHEADS,20,270,10.5546839966355,7027,6252,1597,238,901,871,168,0.2554382597568778,1215,79,0,1204,502.61782888888894,1468.05828,3.723095028806585,1.2082784197530865,5,4,2,7,5,8,2,7,10,10,23,37,60,5,4
BLUE SOCKS,21,270,9.975456884565551,7396,6663,1725,224,909,895,179,0.25889239081494825,1090,69,29,1091,473.0228277777778,1338.80795,3.9056930733944957,1.2282641743119265,1,6,6,9,9,5,5,5,6,7,31,28,59,6,4
BIG RED MACHINE,23,201,9.570880651270366,7255,6437,1605,258,904,899,130,0.24933975454404225,1206,73,59,1152,526.8589888888889,1511.81771,3.931783499170813,1.2535801907131012,8,5,7,4,2,6,8,6,4,5,26,29,55,7,4
FREE BIRDS,23,240,9.166059099850099,7271,6437,1628,235,893,886,111,0.2529128475998136,1361,85,0,1346,604.2009266666668,1712.66029,3.9954506539309333,1.2583837545922116,4,2,5,1,4,10,2,9,3,4,16,28,44,8,4
ERIE LAKERS,23,203,8.06379008365002,7335,6502,1678,243,925,899,123,0.2580744386342664,1112,62,27,991,527.1651777777778,1463.9104199999997,4.26662464028777,1.316466205035971,6,7,7,2,8,4,4,3,1,1,30,13,43,9,4
FREE AT LAST,22,230,8.151325310810755,7452,6579,1639,233,899,878,126,0.24912600699194407,996,56,68,925,448.11549222222226,1281.1782699999999,4.049236375502009,1.286323564257028,3,3,4,3,1,3,9,1,2,2,14,17,31,10,4
MELONHEADS,23,270,10.640530239214115,7450,6628,1675,263,950,934,160,0.25271575135787566,1269,80,27,1283,538.7778455555556,1519.1716099999999,3.8211194720252166,1.1971407486209613,7,8,8,7,4,8,5,9,9,10,34,41,75,1,5
WESTSIDE MARAUDERS,23,270,10.872453427046207,7232,6485,1680,245,916,901,142,0.259059367771781,1289,83,43,1347,543.9069377777777,1560.7831260000003,3.7976434755624506,1.2108480418929404,5,5,4,5,9,10,7,10,10,9,28,46,74,2,5
LOUISVILLE SLUGGERS,23,207,10.839157738051172,8066,7229,1893,265,1029,974,175,0.26186194494397563,943,56,91,973,405.66625,1206.2675499999998,3.8716821314952283,1.2791808589607634,8,10,9,9,10,3,10,2,7,3,46,25,71,3,5
NATIONAL PASTIME,23,264,10.41777216698357,7594,6821,1752,243,923,906,147,0.2568538337487172,1290,80,52,1241,556.9054366666667,1567.3748699999999,3.8853867674418607,1.2150192790697674,4,6,5,6,6,8,8,7,5,8,27,36,63,4,5
HOOSIERS,23,238,10.392842886038517,7858,6979,1738,276,994,985,209,0.24903281272388594,1263,77,14,1118,561.3785944444445,1615.1755999999998,4.000322525732384,1.2788405384006332,10,9,10,10,2,7,3,4,3,4,41,21,62,5,5
BLUE SOCKS,23,265,10.041479157816484,7558,6850,1770,215,906,894,174,0.2583941605839416,1100,69,80,1139,468.6671155555556,1351.97889,3.834549127272728,1.2290717181818183,1,4,3,8,8,6,9,5,8,7,24,35,59,6,5
BIG RED MACHINE,23,205,9.618925260948807,7357,6504,1612,268,923,912,120,0.24784747847478475,1267,77,27,1229,545.2024100000001,1592.2962300000002,3.872787442778217,1.2567452486187847,9,6,6,2,1,7,5,6,6,6,24,30,54,7,5
FREE BIRDS,23,243,9.08581134637432,7347,6500,1655,225,883,876,133,0.25461538461538463,1295,81,27,1246,573.6701666666668,1648.3985400000001,3.986896911196912,1.2728946254826257,2,3,2,4,5,9,5,8,4,5,16,31,47,8,5
ERIE LAKERS,23,208,8.046962755266811,7454,6601,1696,248,938,914,121,0.2569307680654446,1022,62,20,933,463.7124455555555,1313.8512299999998,4.083573395303326,1.2855687181996083,6,7,7,3,7,4,4,1,2,2,30,13,43,9,5
FREE AT LAST,22,225,8.185720407735856,7277,6380,1590,229,916,859,160,0.24921630094043887,1114,63,32,998,513.0580255555556,1450.18576,4.14499302513465,1.3017825493716337,3,5,1,7,3,5,6,3,1,1,19,16,35,10,5
MELONHEADS,23,270,10.77428263053127,7755,6896,1755,254,974,944,164,0.2544953596287703,1344,85,0,1315,565.4146122222222,1634.70311,3.786258563988095,1.216296956845238,6,9,8,7,5,10,3,9,10,9,35,41,76,1,6
WESTSIDE MARAUDERS,23,260,11.088398015826222,7589,6779,1724,279,953,962,144,0.25431479569258003,1333,83,32,1345,575.6359188888888,1642.092536,3.8865140810202545,1.2318773713428357,10,8,9,5,4,9,5,10,6,7,36,37,73,2,6
LOUISVILLE SLUGGERS,23,229,10.587914704183282,7200,6467,1688,240,936,884,178,0.2610174733261172,1120,69,85,1134,472.9592533333334,1374.98388,3.8005654285714288,1.2276641785714286,5,6,4,8,10,5,10,5,9,8,33,37,70,3,6
HOOSIERS,23,239,10.319057976956344,8134,7224,1821,267,1023,996,207,0.2520764119601329,1145,69,25,1046,511.36118444444446,1436.2959499999997,4.019432890829694,1.2544069432314409,9,10,10,10,3,5,4,4,3,4,42,20,62,4,6
NATIONAL PASTIME,23,255,10.393929712689538,7611,6831,1739,258,932,929,143,0.2545747328356024,1233,79,52,1221,535.2900211111112,1529.28229,3.9072264314679646,1.2402938280616385,7,5,6,4,6,7,8,7,5,6,28,33,61,5,6
BLUE SOCKS,21,270,10.119770890498534,7549,6803,1756,226,927,899,192,0.2581214170219021,1021,64,48,1041,437.79611888888894,1240.68785,3.85912347698335,1.2151692948090107,2,4,5,9,8,4,7,3,8,10,28,32,60,6,6
BIG RED MACHINE,23,214,9.755120520142095,7601,6734,1693,266,952,936,109,0.2514107514107514,1170,71,38,1149,504.70576666666676,1460.61686,3.882352051282052,1.2483904786324787,8,7,7,1,2,6,6,6,7,5,25,30,55,7,6
FREE BIRDS,23,245,9.030369206579515,7145,6319,1615,217,869,851,132,0.2555784143060611,1306,80,32,1291,574.9498377777778,1646.6622000000002,3.962135176110261,1.260843950995406,1,1,1,3,7,8,5,8,4,3,13,28,41,8,6
FREE AT LAST,22,226,8.064069165818262,7235,6377,1577,233,902,862,151,0.24729496628508704,1004,60,57,927,448.7651944444445,1293.24924,4.0227955677290845,1.2880968525896415,4,3,2,6,1,3,9,1,2,2,16,17,33,9,6
ERIE LAKERS,23,183,7.96941542891819,7223,6422,1672,232,899,876,119,0.2603550295857988,1114,64,32,974,519.21896,1487.6170699999998,4.1947671813285465,1.3353833662477557,3,2,3,2,9,4,5,2,1,1,19,13,32,10,6
WESTSIDE MARAUDERS,23,257,11.111456993968117,7757,6930,1760,270,967,966,146,0.25396825396825395,1265,79,49,1299,546.2339322222222,1554.7892960000001,3.8862493201581025,1.2290824474308302,10,9,9,5,6,9,7,10,7,8,39,41,80,1,7
MELONHEADS,22,270,10.788211197309598,7409,6561,1666,261,954,926,155,0.2539247065996037,1270,80,22,1259,536.323808888889,1529.8031099999998,3.8007199055118117,1.2045693779527558,9,7,7,7,5,10,3,7,9,10,35,39,74,2,7
LOUISVILLE SLUGGERS,23,213,10.662333242967524,7465,6692,1748,245,962,902,187,0.2612074118350269,1120,69,66,1118,493.73318666666665,1420.63513,3.9674988214285714,1.2684242232142857,7,8,5,9,10,5,9,4,4,5,39,27,66,3,7
HOOSIERS,23,225,10.163723345008012,7914,7060,1782,260,989,976,198,0.25240793201133144,1318,78,0,1129,570.3993488888889,1685.0533,3.894987966616085,1.278492640364188,8,10,10,10,4,8,2,5,6,2,42,23,65,4,7
NATIONAL PASTIME,22,270,10.293447832882025,7069,6347,1644,226,864,844,132,0.259020009453285,1251,80,52,1287,519.1370811111111,1517.5775,3.7347991446842523,1.2130915267785771,3,1,1,3,8,10,8,9,10,9,16,46,62,5,7
BIG RED MACHINE,23,218,9.736631839360248,7482,6632,1671,261,938,930,128,0.2519601930036188,1182,71,46,1139,504.7252833333334,1472.71075,3.8430859137055844,1.2459481810490693,9,6,8,2,2,7,6,6,8,6,27,33,60,6,7
BLUE SOCKS,23,264,10.138813958338728,7634,6897,1767,228,926,911,179,0.256198347107438,1104,70,88,1103,478.74052222222224,1366.53735,3.902775996376812,1.237805570652174,4,4,6,8,7,6,10,3,5,7,29,31,60,6,7
FREE BIRDS,23,247,9.296834143988972,7327,6485,1635,239,890,891,134,0.25212027756360833,1305,80,27,1267,577.2789133333333,1659.198,3.9812338850574713,1.2714160919540232,6,2,3,4,3,10,4,8,3,3,18,28,46,7,7
ERIE LAKERS,23,199,8.05743796508679,7362,6559,1709,239,918,897,127,0.26055801189205674,1010,61,22,948,461.2372355555555,1283.4282899999998,4.110034772277228,1.2707210792079207,6,3,4,1,9,4,3,1,2,4,23,14,37,8,7
FREE AT LAST,22,230,8.046322447580412,7410,6503,1607,238,931,871,154,0.24711671536214055,1027,60,41,958,483.13591555555564,1335.7506799999999,4.233907731256087,1.3006335735150925,5,5,2,6,1,3,5,2,1,1,19,12,31,9,7
HOOSIERS,23,234,10.490711345612354,7802,6922,1727,270,980,972,194,0.24949436579023404,1303,78,16,1193,555.9788977777779,1630.3735,3.8402226247122035,1.251245970836531,10,9,10,10,2,8,2,8,8,6,41,32,73,1,8
LOUISVILLE SLUGGERS,23,210,10.90161437209676,7966,7144,1866,264,1015,960,181,0.2611982082866741,955,59,86,1014,418.2604366666667,1205.8605,3.941721392670157,1.2626811518324608,9,10,9,9,10,2,10,3,5,4,47,24,71,2,8
NATIONAL PASTIME,23,254,10.35037189718391,7562,6796,1735,255,923,927,143,0.25529723366686286,1233,79,52,1221,535.2900211111112,1529.28229,3.9072264314679646,1.2402938280616385,7,6,8,5,5,9,8,9,6,7,31,39,70,3,8
WESTSIDE MARAUDERS,19,270,10.514038715193559,6693,5987,1562,232,866,844,148,0.2608986136629364,1063,68,32,1133,442.1800333333333,1271.0454260000001,3.743763217309501,1.1957153584195674,5,3,3,6,9,5,6,5,9,9,26,34,60,4,8
BIG RED MACHINE,23,202,9.717094145144358,7378,6545,1634,260,923,907,115,0.24965622612681437,1213,73,59,1157,524.2487388888889,1531.35002,3.8897268342951357,1.262448491343776,8,6,7,1,3,6,9,6,7,5,25,33,58,5,8
BLUE SOCKS,21,270,9.962914265042107,7396,6663,1725,224,909,895,179,0.25889239081494825,1085,68,29,1094,476.2586522222223,1320.92513,3.950532599078342,1.2174425161290323,3,5,6,8,8,5,5,4,4,8,30,26,56,6,8
MELONHEADS,19,270,10.346272366955978,6504,5809,1476,229,834,819,162,0.25408848338784645,1164,74,19,1191,473.5749966666667,1365.95077,3.6616623453608246,1.1734972250859106,4,2,2,7,4,7,3,7,10,10,19,37,56,6,8
FREE BIRDS,23,243,9.185745574148475,7323,6498,1669,222,893,875,135,0.25684826100338565,1281,81,27,1245,565.64355,1633.55967,3.974076463700234,1.275222224824356,2,4,4,4,6,10,4,10,3,3,20,30,50,7,8
ERIE LAKERS,23,195,8.129125755719855,7387,6529,1685,245,934,907,121,0.25807933833665186,1099,61,41,923,514.4414588888889,1452.57065,4.212896387625113,1.3217203366696997,6,7,7,2,7,3,7,1,1,1,29,13,42,8,8
FREE AT LAST,22,221,8.235120204208606,7634,6714,1655,245,937,894,127,0.2464998510574918,1101,65,32,999,507.94584333333336,1427.08489,4.152145858310627,1.2961715622161671,6,8,5,3,1,4,6,2,2,2,23,16,39,9,8
WESTSIDE MARAUDERS,23,266,11.125514585627192,7841,6959,1768,270,994,957,137,0.2540594913062222,1185,74,73,1224,499.38269888888885,1432.7073460000001,3.792779991561181,1.2090357350210972,10,9,10,5,4,7,10,7,9,9,38,42,80,1,9
NATIONAL PASTIME,23,258,10.429639226921934,7717,6935,1770,262,938,946,140,0.25522710886806055,1187,77,52,1203,514.9127433333333,1476.2273200000002,3.9041404296545914,1.2436624431339514,9,6,9,6,6,9,7,6,6,7,36,35,71,2,9
BLUE SOCKS,22,270,10.064659453577766,7138,6428,1644,230,878,877,159,0.2557560672059739,1225,76,48,1242,524.17029,1501.6778199999999,3.8510470285714287,1.2258594448979592,4,3,5,7,7,8,6,9,7,8,26,38,64,3,9
LOUISVILLE SLUGGERS,23,213,10.667030770809422,7728,6946,1822,255,1002,946,186,0.2623092427296286,1182,71,36,1153,542.9593733333334,1520.1864399999997,4.134208426395939,1.2861137394247038,7,10,9,9,10,5,4,5,1,2,45,17,62,4,9
HOOSIERS,23,218,10.165744969860642,7723,6854,1721,251,975,935,214,0.25109425153195214,1131,68,63,1025,479.51671666666664,1448.51777,3.8157828912466845,1.2807407338638372,6,8,8,10,2,4,9,2,8,3,34,26,60,5,9
MELONHEADS,19,270,10.343356173718552,6497,5796,1478,225,840,815,173,0.2550034506556246,1196,79,0,1234,490.4448655555556,1411.6066799999999,3.690638620401338,1.180273143812709,2,2,3,8,5,10,1,8,10,10,20,39,59,6,9
BIG RED MACHINE,23,213,9.708364259726457,7496,6646,1683,259,939,927,133,0.25323502858862473,1212,73,38,1118,530.0011266666667,1517.99161,3.9356519306930697,1.2524683250825084,8,7,7,4,3,6,5,4,5,6,29,26,55,7,9
FREE BIRDS,23,245,9.033747465056353,7386,6596,1690,220,878,877,126,0.25621588841722254,1279,79,27,1244,572.0195977777778,1620.0639800000001,4.0251574511336985,1.2666645660672402,1,3,5,1,8,10,3,10,3,4,18,30,48,8,9
ERIE LAKERS,23,201,8.144417455752501,7199,6412,1680,239,908,894,131,0.26200873362445415,1050,62,20,931,465.30317444444444,1359.0942099999997,3.988312923809524,1.294375438095238,5,5,6,2,9,3,2,1,4,1,27,11,38,9,9
FREE AT LAST,22,227,7.9284896249611965,7120,6215,1525,226,881,831,132,0.24537409493161705,1081,62,56,1030,491.0739833333333,1369.09759,4.088497548566142,1.2665102590194266,3,4,4,3,1,3,8,3,2,5,15,21,36,10,9
WESTSIDE MARAUDERS,23,261,11.116502148553824,7757,6916,1771,265,979,953,142,0.2560728744939271,1271,79,54,1294,551.2981077777777,1564.6917260000002,3.9037631549960654,1.2310713815893,10,8,8,6,7,9,8,9,7,8,39,41,80,1,10
LOUISVILLE SLUGGERS,23,215,10.692970653531223,7867,7073,1842,256,1002,956,189,0.26042697582355434,1025,65,58,1016,441.1434255555556,1286.1688199999999,3.8734544682926835,1.2547988487804878,7,10,9,9,10,3,10,2,8,6,45,29,74,2,10
NATIONAL PASTIME,23,260,10.338289126779541,7573,6802,1739,259,926,928,134,0.2556600999705969,1180,78,52,1214,503.4731877777778,1450.6558,3.840049737288136,1.2293693220338984,8,5,6,4,6,8,7,8,9,9,29,41,70,3,10
BLUE SOCKS,23,261,10.252465986296889,7838,7054,1809,247,961,950,174,0.25645024099801533,1165,70,56,1120,512.6851244444445,1468.75287,3.9606576137339053,1.260732077253219,5,7,7,7,8,5,9,5,4,5,34,28,62,4,10
HOOSIERS,23,231,10.260478293653993,8004,7126,1782,261,998,976,220,0.25007016559079426,1111,68,44,1052,483.8716433333334,1426.61431,3.919752286228624,1.2840812871287128,9,9,10,10,2,4,5,3,6,2,40,20,60,5,10
MELONHEADS,20,270,10.558041815780024,7015,6242,1586,237,898,865,179,0.25408522909323933,1152,74,27,1165,475.9897455555556,1362.41499,3.718669887152778,1.1826519010416667,4,4,2,8,4,6,3,7,10,10,22,36,58,6,10
BIG RED MACHINE,23,206,9.70260049070494,7433,6615,1687,249,935,913,135,0.25502645502645505,1275,76,27,1158,566.0181600000001,1615.50787,3.9954223058823533,1.2670649960784313,6,6,5,5,5,7,3,6,3,4,27,23,50,7,10
FREE BIRDS,23,256,9.294644505597368,7337,6487,1645,223,886,866,119,0.253584091259442,1408,86,0,1402,618.8586388888889,1742.63987,3.9557725497159093,1.237670362215909,1,2,3,2,3,10,2,10,5,7,11,34,45,8,10
ERIE LAKERS,23,196,8.007959205136073,7053,6275,1633,235,894,871,132,0.2602390438247012,1001,58,51,930,454.29509888888884,1291.06021,4.084571318681318,1.2897704395604397,3,3,4,3,9,2,6,1,1,1,22,11,33,9,10
FREE AT LAST,22,218,7.8420168702543425,6955,6104,1506,224,859,827,132,0.24672346002621232,1202,70,32,1092,538.4637355555556,1537.6845200000002,4.031758419301164,1.279271647254576,2,1,1,3,1,5,4,4,2,3,8,18,26,10,10
LOUISVILLE SLUGGERS,23,209,10.705647594612428,7562,6798,1764,268,974,949,174,0.2594880847308032,1102,68,55,1107,475.4324255555556,1380.8474299999998,3.8828419509981855,1.2530375952813064,10,8,8,9,9,3,9,4,5,6,44,27,71,1,11
WESTSIDE MARAUDERS,23,262,10.976614966050795,7253,6449,1634,259,922,903,165,0.2533726159094433,1371,88,32,1402,586.9516622222221,1668.3667560000001,3.853074369073668,1.21689770678337,7,4,5,8,4,10,4,10,8,8,28,40,68,2,11
HOOSIERS,23,235,10.30770619450656,7938,7074,1778,261,989,975,217,0.2513429459994346,1123,69,35,1055,481.62754666666666,1404.64575,3.8598823864648266,1.2507976402493322,8,10,10,10,2,4,5,3,7,7,40,26,66,3,11
NATIONAL PASTIME,22,270,10.2772915006064,6952,6255,1629,215,860,828,150,0.260431654676259,1208,76,84,1198,503.2845677777778,1458.7744500000001,3.749636680463577,1.2075947433774836,1,2,2,7,10,7,10,7,10,9,22,43,65,4,11
BLUE SOCKS,23,263,10.226078562233562,7838,7054,1809,247,961,950,174,0.25645024099801533,1186,71,48,1127,521.2123822222222,1486.89254,3.9552373018549747,1.2537036593591906,5,7,9,9,7,6,6,6,4,5,37,27,64,5,11
BIG RED MACHINE,23,214,9.800389350108576,7622,6768,1703,266,945,945,124,0.2516252955082742,1158,70,54,1112,496.68856000000005,1462.53986,3.8602737823834206,1.2629877892918826,9,6,7,6,3,5,8,5,6,4,31,28,59,6,11
MELONHEADS,20,270,10.551069330917688,6595,5885,1497,226,850,823,174,0.25437553101104504,1266,81,27,1298,529.7376944444445,1511.75154,3.7659077804107426,1.19411654028436,2,1,1,9,5,8,3,8,9,10,18,38,56,7,11
FREE BIRDS,23,239,9.222871001544146,7512,6655,1703,228,916,889,122,0.2558978211870774,1344,83,0,1313,601.1658322222223,1710.31628,4.025664055059524,1.272556755952381,3,3,3,4,6,9,1,9,3,3,19,25,44,8,11
FREE AT LAST,22,218,8.17177515395311,7977,7016,1752,250,979,934,123,0.24971493728620298,962,54,52,853,461.45353555555556,1277.60235,4.31713286902287,1.3280689708939708,6,9,6,5,1,1,7,1,1,1,27,11,38,9,11
ERIE LAKERS,23,200,8.057010955001246,7371,6509,1674,241,926,898,120,0.2571823628821632,1070,64,14,978,488.54266111111104,1384.4540299999999,4.109237336448597,1.2938822710280373,4,5,4,3,8,2,2,2,2,2,24,10,34,10,11
HOOSIERS,23,233,10.24852371446583,7655,6786,1696,253,968,926,219,0.24992631889183614,1056,68,57,1036,434.63071222222226,1293.4141399999999,3.7042390246212125,1.224823996212121,8,10,8,10,2,3,8,3,10,9,38,33,71,1,12
MELONHEADS,21,270,10.725437521400798,7360,6539,1669,258,937,923,156,0.25523780394555745,1216,77,0,1224,501.06622777777784,1464.8969000000002,3.7085493832236844,1.204684950657895,9,6,7,6,6,8,2,8,9,10,34,37,71,1,12
WESTSIDE MARAUDERS,22,270,10.998468235814787,7155,6396,1646,249,916,895,161,0.2573483427141964,1259,80,54,1306,533.8908955555555,1547.8420060000003,3.8165353931691812,1.229421768069897,7,3,3,7,8,9,6,9,8,8,28,40,68,2,12
NATIONAL PASTIME,23,250,10.294209331046318,7454,6690,1687,266,907,933,135,0.2521674140508221,1165,74,84,1142,505.50483444444444,1437.75789,3.905187562231759,1.2341269442060088,10,2,9,4,4,6,9,6,5,7,29,33,62,3,12
LOUISVILLE SLUGGERS,23,212,10.553819066816676,7522,6787,1809,239,966,909,170,0.26653897156328277,1032,63,93,1027,447.08664444444446,1290.2930700000002,3.8990114341085276,1.2502839825581398,5,9,5,8,10,2,10,2,6,4,37,24,61,4,12
BLUE SOCKS,22,270,10.175503437377534,7729,6964,1779,228,939,913,202,0.2554566341183228,1156,72,29,1133,495.9185966666667,1428.9600699999999,3.860957932525952,1.2361246280276816,3,7,6,9,7,5,5,5,7,6,32,28,60,5,12
BIG RED MACHINE,23,205,9.775386123983308,7601,6734,1693,266,952,936,109,0.2514107514107514,1266,75,27,1180,559.1084677777778,1597.1339400000002,3.974704747235388,1.2615591943127964,10,8,10,1,3,7,4,7,4,3,32,25,57,6,12
FREE BIRDS,23,247,9.222387116742425,7333,6500,1657,226,897,884,130,0.2549230769230769,1334,84,0,1344,594.1532166666667,1667.8255199999999,4.008529947526237,1.2502440179910044,2,1,1,3,5,10,2,10,3,5,12,30,42,7,12
ERIE LAKERS,23,211,7.9609828296246175,7295,6433,1659,238,922,890,118,0.2578890097932535,934,54,55,885,418.37844777777775,1215.44018,4.03148397216274,1.3013278158458246,4,4,2,2,9,1,7,1,2,2,21,13,34,8,12
FREE AT LAST,22,222,8.172296998141483,7627,6734,1663,244,930,899,136,0.24695574695574696,1248,70,2,1063,595.1981666666667,1634.3146299999999,4.292294471153847,1.3095469791666665,6,5,4,5,1,4,3,4,1,1,21,13,34,8,12
LOUISVILLE SLUGGERS,23,222,10.719764068470765,7849,7033,1845,256,1009,947,179,0.26233470780605717,1056,67,53,1067,451.0425333333334,1316.9189299999998,3.8441125000000005,1.2470823200757575,9,10,10,8,10,3,8,2,8,7,47,28,75,1,13
WESTSIDE MARAUDERS,23,262,10.777971476760023,7470,6655,1703,256,949,928,152,0.2558978211870774,1331,83,32,1339,575.3132066666666,1647.6592460000002,3.890171945905334,1.237910778362134,9,6,5,6,6,9,5,10,6,8,32,38,70,2,13
MELONHEADS,22,270,10.704631116395198,7618,6806,1720,255,953,933,171,0.2527181898325007,1137,73,27,1176,469.6930677777778,1337.04168,3.7178870800351804,1.175938153034301,8,7,6,7,5,6,4,6,10,10,33,36,69,3,13
NATIONAL PASTIME,23,270,10.474502841379364,7566,6807,1758,235,913,899,152,0.25826355222565006,1190,75,84,1184,503.72417,1445.42623,3.8096785966386557,1.2146438907563026,4,4,3,6,8,7,9,7,9,9,25,41,66,4,13
BLUE SOCKS,23,264,10.222008668472117,7782,7011,1799,236,964,937,200,0.25659677649408075,1160,70,51,1128,517.4363722222222,1452.03172,4.014592543103448,1.2517514827586207,5,8,8,10,7,4,7,5,2,6,38,24,62,5,13
HOOSIERS,23,234,10.124188855226418,7694,6806,1701,254,976,938,199,0.2499265354099324,1145,73,40,1108,495.8446044444445,1447.4365399999997,3.8974685065502186,1.264136716157205,7,9,9,9,2,6,6,4,5,5,36,26,62,5,13
BIG RED MACHINE,23,199,9.727546478823738,7531,6667,1675,267,945,935,118,0.25123743812809357,1302,77,27,1191,576.8000388888889,1650.4359,3.9870970430107526,1.2676158986175114,10,5,7,2,3,8,4,8,4,4,27,28,55,6,13
FREE BIRDS,23,246,9.288903367998113,7379,6556,1651,239,890,900,136,0.25183038438072,1374,84,0,1333,611.1210411111111,1742.2626,4.002976251819505,1.268022270742358,6,1,4,5,4,10,3,9,3,3,20,28,48,7,13
ERIE LAKERS,23,210,7.9754625620740125,7034,6263,1629,235,892,871,130,0.26009899409228804,798,48,99,791,342.72657,1022.3638400000002,3.8653372556390972,1.2811576942355893,4,2,2,4,9,2,10,1,7,2,21,22,43,8,13
FREE AT LAST,22,221,8.044752583979443,7340,6463,1605,236,901,868,125,0.24833668574965187,1235,71,0,1087,566.0829655555556,1595.59408,4.125300963562753,1.291979012145749,5,3,1,3,1,5,3,3,1,1,13,13,26,9,13
WESTSIDE MARAUDERS,23,267,11.11825891181788,7428,6654,1693,263,932,932,151,0.25443342350465886,1283,79,59,1306,541.4742166666666,1541.8566460000002,3.7983382307092746,1.2017588823070928,9,6,9,6,5,9,8,10,8,9,35,44,79,1,14
NATIONAL PASTIME,23,264,10.493922578572374,7485,6684,1677,266,916,928,126,0.2508976660682226,1277,82,52,1273,534.3303900000001,1560.84525,3.765836734534065,1.2222750587314017,10,4,8,4,3,10,7,9,9,8,29,43,72,2,14
LOUISVILLE SLUGGERS,23,215,10.711228025682301,7604,6813,1780,252,976,921,170,0.26126522824012915,1117,70,66,1113,486.3301822222223,1378.80413,3.9185063921217553,1.2343814950760967,7,9,6,7,10,6,9,5,5,7,39,32,71,3,14
HOOSIERS,23,236,10.280008879747358,8054,7156,1805,263,1015,988,220,0.25223588596981555,1104,68,30,1029,469.2786166666666,1393.5534400000001,3.82564089673913,1.2622766666666667,9,10,10,10,4,5,6,2,7,5,43,25,68,4,14
BLUE SOCKS,23,265,10.069245736935155,7718,6970,1810,224,945,924,179,0.25968436154949787,1100,68,78,1068,489.01554999999996,1365.51818,4.001036318181818,1.2413801636363637,3,8,7,9,9,5,10,3,3,6,36,27,63,5,14
BIG RED MACHINE,23,211,9.744375093982299,7479,6629,1660,261,936,915,128,0.2504148438678534,1185,73,59,1137,505.63775,1498.3146700000002,3.8402867088607593,1.2644005654008441,8,7,5,5,2,7,8,6,6,4,27,31,58,6,14
MELONHEADS,20,270,10.580052181947657,6940,6182,1580,247,889,881,151,0.25558071821417017,1229,78,0,1217,512.3973022222223,1470.5154400000001,3.7522992026037434,1.1965137835638733,6,1,2,6,6,8,2,7,10,10,21,37,58,6,14
FREE BIRDS,23,248,9.141273856367963,7603,6770,1739,223,907,885,122,0.2568685376661743,1270,79,19,1260,563.0040933333335,1615.29234,3.9897927874015755,1.2718837322834646,2,2,3,3,7,9,4,8,4,3,17,28,45,7,14
ERIE LAKERS,23,206,7.953246033759451,7283,6439,1662,239,915,888,116,0.25811461407050784,1025,61,21,964,463.33371999999997,1320.8034799999996,4.06829607804878,1.2885887609756093,5,3,4,2,8,3,5,1,2,2,22,13,35,8,14
FREE AT LAST,22,218,8.174448061795415,7312,6433,1596,233,919,864,173,0.24809575625680086,1200,66,17,1076,581.2950466666666,1600.6874099999998,4.359712849999999,1.3339061749999999,4,5,1,8,1,4,3,4,1,1,19,13,32,9,14
MELONHEADS,23,267,10.759955622827686,7517,6710,1690,257,951,930,180,0.2518628912071535,1386,87,0,1334,592.8841755555555,1669.55224,3.849897243867244,1.2045831457431457,7,7,7,9,4,10,1,10,7,10,34,38,72,1,15
WESTSIDE MARAUDERS,23,260,11.089358668934246,7869,7032,1805,262,977,963,143,0.25668373151308305,1341,83,32,1321,579.8557688888889,1669.563726,3.891649455630126,1.2450139642058167,8,9,9,5,6,9,4,9,6,7,37,35,72,1,15
HOOSIERS,23,227,10.255483148206007,7935,7046,1761,265,1003,979,215,0.249929037751916,1067,63,55,1034,450.4678022222222,1350.32269,3.799634695407685,1.2655320431115276,9,10,10,10,3,3,8,4,10,3,42,28,70,2,15
LOUISVILLE SLUGGERS,23,211,10.679320383006758,7655,6890,1813,245,970,923,175,0.26313497822931786,1179,72,36,1169,522.0109233333334,1463.7754599999998,3.9848162086513996,1.2415398303647158,5,8,6,8,10,6,5,7,3,8,37,29,66,3,15
NATIONAL PASTIME,23,255,10.440862010402874,7709,6950,1792,253,945,936,162,0.257841726618705,1208,76,52,1169,536.1280122222222,1509.23027,3.994331216887417,1.2493628062913908,6,6,8,7,8,7,7,7,2,6,35,29,64,4,15
BIG RED MACHINE,23,210,9.7121902930416,7448,6591,1639,268,933,922,116,0.24867243210438478,1120,69,86,1063,477.9663488888889,1406.90777,3.8408010178571432,1.2561676517857143,10,5,5,2,2,5,10,5,8,5,24,33,57,5,15
BLUE SOCKS,20,270,9.971951466468397,6940,6257,1612,213,855,839,175,0.25763145277289434,1103,69,56,1098,466.25807333333336,1349.57825,3.804462973708069,1.2235523572076157,2,1,1,8,7,5,9,6,9,9,19,38,57,5,15
FREE BIRDS,23,248,9.108216520285309,7326,6469,1655,223,893,875,120,0.25583552326480136,1289,78,19,1303,563.7432444444445,1628.13605,3.9361436772692016,1.2631001163692785,3,2,3,3,5,8,2,8,4,4,16,26,42,6,15
ERIE LAKERS,23,202,7.9780924589810835,7177,6396,1669,235,899,879,125,0.2609443402126329,906,59,47,903,392.34900222222217,1163.6597599999998,3.897506644591611,1.2843926710816775,4,3,4,4,9,2,6,2,5,1,24,16,40,7,15
FREE AT LAST,22,226,8.070078057320806,7256,6353,1564,235,912,859,145,0.24618290571383597,1129,65,30,1010,528.1212188888888,1446.4445499999997,4.210000859167404,1.281173206377325,4,4,2,6,1,4,3,3,1,2,17,13,30,8,15
WESTSIDE MARAUDERS,23,270,11.101669213588583,7554,6783,1767,247,951,926,161,0.2605042016806723,1217,78,68,1243,512.4503199999999,1490.3906160000001,3.7896901232539024,1.2246430698438786,6,8,9,6,10,8,9,8,7,7,39,39,78,1,16
LOUISVILLE SLUGGERS,23,223,10.571286231515964,7282,6565,1710,258,937,919,163,0.26047220106626046,1124,73,47,1165,470.29813888888896,1371.4989,3.7657324288256238,1.2201947508896798,8,7,7,7,9,7,6,7,9,8,38,37,75,2,16
HOOSIERS,23,238,10.29867730702623,8130,7222,1816,266,1021,998,220,0.2514538908889504,1114,70,10,1066,476.8243811111111,1379.1825000000001,3.852261606822262,1.2380453321364453,9,10,10,10,4,5,3,3,6,6,43,23,66,3,16
MELONHEADS,23,267,10.667932634298374,7413,6603,1660,245,932,905,192,0.25140087838861125,1361,87,0,1330,572.3360055555556,1625.9246099999998,3.7847347905951514,1.1946543791329902,5,5,4,9,3,10,2,9,8,10,26,39,65,4,16
BLUE SOCKS,23,263,10.038026761290793,7592,6837,1769,229,933,917,182,0.25873921310516307,1172,73,56,1136,518.3765755555555,1472.72827,3.980707491467577,1.2565940870307168,1,6,6,8,8,7,7,5,4,4,29,27,56,5,16
NATIONAL PASTIME,23,264,10.25794619480968,7398,6650,1711,233,898,880,135,0.25729323308270674,1115,71,109,1108,463.44632111111116,1351.58247,3.7408223228699558,1.2121815874439463,3,1,1,4,7,6,10,4,10,9,16,39,55,6,16
BIG RED MACHINE,23,209,9.702816258261386,7357,6504,1612,268,923,912,120,0.24784747847478475,1194,73,59,1148,513.1164822222222,1492.8648600000001,3.8677121775544383,1.2503055778894474,10,3,5,3,2,7,8,6,5,5,23,31,54,7,16
FREE AT LAST,22,229,8.131356307301223,7928,6959,1720,252,979,923,154,0.247161948555827,945,51,35,880,439.1940533333334,1233.49724,4.182800507936508,1.3052880846560846,7,9,8,5,1,3,5,1,2,2,30,13,43,8,16
FREE BIRDS,23,235,9.236815058190945,7477,6638,1694,232,906,897,113,0.2551973485989756,1372,83,0,1338,618.3019877777779,1744.5062300000002,4.055916829446065,1.271505998542274,2,2,2,1,5,9,2,10,3,3,12,27,39,9,16
ERIE LAKERS,23,189,7.944473789007257,7328,6482,1665,244,926,899,119,0.2568651650725085,1176,65,17,1029,561.7526022222223,1584.0152899999998,4.299127057823131,1.346951777210884,4,4,3,2,6,4,4,2,1,1,19,12,31,10,16
WESTSIDE MARAUDERS,23,260,10.72679721039383,7393,6583,1683,256,936,921,144,0.25565851435515724,1358,87,32,1327,578.6205922222222,1681.8732860000002,3.8347461929307807,1.238492846833579,9,6,6,6,6,10,3,10,8,8,33,39,72,1,17
MELONHEADS,23,267,10.580290231678228,7409,6602,1667,252,935,912,173,0.2524992426537413,1231,76,49,1230,516.17466,1470.9538400000001,3.773819610073111,1.194925946385053,7,5,5,7,3,8,8,8,10,10,27,44,71,2,17
LOUISVILLE SLUGGERS,23,204,10.708893663267446,7933,7146,1850,269,1000,972,175,0.258886090120347,1120,69,44,1097,497.1968977777778,1424.0324999999998,3.995332214285714,1.271457589285714,10,10,10,8,9,4,6,3,4,3,47,20,67,3,17
NATIONAL PASTIME,23,269,10.476133988676319,7622,6832,1759,242,928,904,137,0.2574648711943794,1190,75,84,1184,503.72417,1445.42623,3.8096785966386557,1.2146438907563026,5,4,4,5,8,7,10,6,9,9,26,41,67,3,17
HOOSIERS,23,234,10.168870370462948,7749,6846,1717,250,982,934,206,0.25080338884019865,1241,78,0,1216,533.3553144444445,1559.2640699999997,3.868007921031427,1.2564577518130537,6,9,8,10,2,9,1,7,7,6,35,30,65,4,17
BLUE SOCKS,23,258,10.265306537309586,7782,7011,1799,236,964,937,200,0.25659677649408075,1182,71,46,1156,521.2580688888889,1491.59701,3.9689700676818958,1.2619264043993232,4,8,9,9,7,5,7,5,5,4,37,26,63,5,17
BIG RED MACHINE,23,210,9.720530157315554,7489,6658,1686,253,941,922,135,0.25322919795734455,1213,74,38,1114,531.2617622222223,1528.53801,3.9417608079142625,1.2601302638087386,8,7,7,4,4,6,5,4,6,5,30,26,56,6,17
FREE BIRDS,23,254,9.304880254309271,7351,6527,1659,235,889,895,131,0.25417496552780755,1277,78,27,1265,569.6649944444445,1595.62057,4.014866836335161,1.2495071025841817,3,1,3,3,5,9,2,9,3,7,15,30,45,7,17
ERIE LAKERS,23,207,7.981456264252885,7034,6263,1629,235,892,871,130,0.26009899409228804,949,59,58,900,426.9546,1230.19992,4.049095258166491,1.2963118229715491,3,2,2,2,10,2,9,1,2,1,19,15,34,8,17
FREE AT LAST,22,226,8.060783743088418,7340,6463,1605,236,901,868,125,0.24833668574965187,1091,61,35,1018,492.7341677777778,1397.97797,4.064718157653529,1.2813730247479376,4,3,1,1,1,3,4,2,1,2,10,12,22,9,17
MELONHEADS,23,270,10.741250360566005,7608,6750,1700,271,972,949,163,0.2518518518518518,1275,80,22,1275,543.8192777777778,1540.02068,3.83872431372549,1.2078593568627451,10,8,9,6,3,8,3,9,7,10,36,37,73,1,18
LOUISVILLE SLUGGERS,23,209,10.673683064751131,7709,6926,1817,252,986,934,166,0.2623447877562807,991,62,87,1025,412.9659055555556,1215.80829,3.750447174571141,1.2268499394550958,8,9,7,7,10,2,10,3,9,7,41,31,72,2,18
HOOSIERS,23,239,10.43595935995519,7806,6917,1725,271,989,975,211,0.24938557177967327,1273,76,0,1142,551.8626,1592.23834,3.9016208955223886,1.2507763864886097,10,10,10,10,2,7,2,5,6,5,42,25,67,3,18
WESTSIDE MARAUDERS,22,270,10.948207669452984,7036,6311,1636,240,892,879,139,0.25922991601964823,1322,84,43,1339,557.3285988888889,1603.2878260000002,3.794218903177005,1.2127744523449322,5,2,3,4,9,10,6,10,8,9,23,43,66,4,18
NATIONAL PASTIME,23,264,10.35065374966064,7541,6739,1719,249,924,898,126,0.25508235643270516,1263,82,52,1272,526.3037733333333,1546.00638,3.750383182897862,1.2240747268408552,7,4,4,2,6,9,7,8,10,8,23,42,65,5,18
BLUE SOCKS,23,251,10.055080044792007,7813,7098,1831,231,934,940,172,0.2579599887292195,1095,68,73,1099,482.72567444444445,1377.65409,3.967608283105023,1.2581315890410958,4,5,8,9,7,4,9,4,4,3,33,24,57,6,18
BIG RED MACHINE,23,216,9.797468464026249,7503,6661,1692,254,947,925,146,0.25401591352649755,1241,74,27,1180,542.3531377777779,1559.87652,3.933262078968575,1.2569512651087833,9,6,5,5,4,5,4,6,5,4,29,24,53,7,18
FREE BIRDS,23,251,9.113345360906354,7229,6389,1626,219,875,855,136,0.25449992174049146,1198,75,59,1219,529.5459500000001,1490.70263,3.978225,1.2443260684474124,3,1,2,3,5,6,8,7,3,6,14,30,44,8,18
FREE AT LAST,22,217,8.155152382524177,7809,6874,1686,254,962,928,167,0.24527203956939192,1151,63,0,979,555.9385433333333,1538.5567799999997,4.347043344917463,1.336713101650738,9,7,6,8,1,3,2,2,1,1,31,9,40,9,18
ERIE LAKERS,23,205,7.972119820954363,7335,6513,1685,242,922,898,120,0.25871334254567785,981,60,38,913,443.25340666666665,1282.03945,4.06654501529052,1.3068699796126402,6,3,4,1,8,1,5,1,2,2,22,11,33,10,18
WESTSIDE MARAUDERS,23,270,11.031335820391625,7568,6768,1744,255,953,935,150,0.2576832151300236,1199,76,70,1254,506.0028633333333,1448.7429260000004,3.798186630525438,1.2082926822351963,8,7,9,5,7,6,8,7,9,9,36,39,75,1,19
MELONHEADS,22,270,10.775093362097698,7255,6469,1632,246,924,900,184,0.25228010511671045,1365,87,0,1356,568.7657711111112,1644.1831499999998,3.7501039853479865,1.20452978021978,5,5,4,9,5,10,2,10,10,10,28,42,70,2,19
HOOSIERS,23,235,10.184935773896475,7749,6846,1717,250,982,934,206,0.25080338884019865,1183,76,17,1157,503.34569999999997,1478.2568099999999,3.8293417582417577,1.249583102282333,7,10,8,10,4,6,3,5,8,6,39,28,67,3,19
LOUISVILLE SLUGGERS,23,217,10.601283862267655,7718,6991,1839,248,980,930,182,0.26305249606637104,1003,62,96,978,435.1818055555556,1266.2350599999997,3.9049214855433703,1.2624477168494515,6,9,7,8,10,4,10,3,5,4,40,26,66,4,19
NATIONAL PASTIME,23,255,10.399329426901224,7654,6866,1717,276,923,963,131,0.2500728226041363,1138,72,84,1113,488.8394177777778,1396.54248,3.8660410896309316,1.227190228471002,10,4,10,4,2,5,9,4,7,8,30,33,63,5,19
BLUE SOCKS,22,270,10.181139227618509,7407,6681,1715,224,902,886,178,0.256698099086963,1285,80,29,1255,555.9632233333333,1603.6699299999998,3.893905844357976,1.2479921634241244,1,3,3,7,6,8,5,8,6,7,20,34,54,6,19
BIG RED MACHINE,23,198,9.73361748786321,7517,6664,1669,263,941,929,117,0.2504501800720288,1295,77,27,1186,579.4102888888889,1630.90359,4.0267896525096525,1.2593850115830114,9,6,6,1,3,7,4,6,2,5,25,24,49,7,19
FREE BIRDS,23,243,9.211819267499097,7365,6546,1691,225,889,879,121,0.2583256950809655,1345,82,0,1336,594.9326844444445,1712.8406900000002,3.980962200743494,1.2734875018587362,2,1,2,2,8,9,2,9,4,2,15,26,41,8,19
ERIE LAKERS,23,208,8.003853958649202,7053,6265,1629,235,896,873,130,0.26001596169193936,942,56,52,926,418.41800666666666,1193.7892399999998,3.9976242675159237,1.267292186836518,3,2,1,3,9,3,7,2,3,3,18,18,36,9,19
FREE AT LAST,22,221,7.981688682306854,7809,6836,1699,242,977,906,159,0.24853715623171446,973,53,38,843,458.92480888888895,1282.0068899999999,4.244936567317575,1.317581593011305,4,8,5,6,1,2,6,1,1,1,24,11,35,10,19
LOUISVILLE SLUGGERS,23,224,10.727702252935977,7765,6974,1832,253,1000,944,176,0.26268999139661603,893,56,116,931,374.94833777777774,1116.8400100000001,3.778874624860022,1.2506607054871222,6,10,9,8,10,2,10,2,9,5,43,28,71,1,20
WESTSIDE MARAUDERS,23,265,10.940558119256526,7253,6459,1656,266,929,924,134,0.2563864375290293,1273,79,59,1293,547.8870133333332,1545.586056,3.8735138413197165,1.2141288735271014,10,4,5,4,7,8,8,8,6,9,30,39,69,2,20
HOOSIERS,23,236,10.220622055061805,7746,6842,1714,256,992,943,213,0.25051154633148204,1165,76,22,1128,493.12431555555554,1456.2844899999998,3.809544068669528,1.2500296051502144,7,9,8,10,2,7,3,5,8,6,36,29,65,3,20
BLUE SOCKS,23,263,10.100276569619144,7960,7224,1860,234,951,952,173,0.2574750830564784,1173,74,29,1191,517.71208,1458.8927399999998,3.9722154475703326,1.2437278260869564,2,8,10,7,8,6,6,7,3,7,35,29,64,4,20
MELONHEADS,22,270,10.759459175141767,7122,6355,1616,237,900,879,177,0.25428796223446104,1402,90,0,1366,588.409888888889,1699.55706,3.7772389443651933,1.2122375606276747,4,2,3,9,5,10,1,10,10,10,23,41,64,4,20
NATIONAL PASTIME,23,259,10.487302185717104,7695,6901,1763,261,943,936,135,0.255470221706999,1148,74,84,1119,499.87737111111113,1414.0737,3.9188992508710805,1.2317715156794424,8,6,7,5,6,6,9,4,4,8,32,31,63,5,20
BIG RED MACHINE,23,213,9.801866556886104,7531,6667,1675,264,947,932,128,0.25123743812809357,1232,72,46,1142,532.0759766666666,1547.68838,3.8869186607142856,1.2562405681818183,9,7,6,3,3,5,7,6,5,3,28,26,54,6,20
FREE BIRDS,23,255,9.177636826617489,7124,6331,1607,224,855,856,125,0.25383035855315117,1346,82,27,1319,579.1310355555556,1688.8845800000001,3.87234719167905,1.2547433729569095,1,1,1,2,4,9,4,9,7,4,9,33,42,7,20
ERIE LAKERS,23,196,7.910284381963559,7496,6635,1713,246,940,908,117,0.2581763376036172,1048,60,28,920,493.7188933333333,1389.00093,4.239952328244275,1.325382566793893,5,5,4,1,9,3,5,1,1,1,24,11,35,8,20
FREE AT LAST,22,223,8.151997819461743,7410,6516,1610,235,917,874,161,0.2470841006752609,1172,65,2,1098,544.0603155555556,1508.67546,4.177937576791809,1.2872657508532424,3,3,2,6,1,4,2,3,2,2,15,13,28,9,20
WESTSIDE MARAUDERS,23,270,11.087643825752298,7460,6684,1728,244,944,915,172,0.2585278276481149,1345,86,32,1344,573.9731177777777,1647.8430260000002,3.8407123122676574,1.2251621011152418,5,7,6,8,8,10,5,10,8,8,34,41,75,1,21
LOUISVILLE SLUGGERS,23,209,10.761937485222703,7756,6986,1832,251,988,938,183,0.2622387632407672,1165,73,38,1176,517.7654577777778,1476.1588899999997,3.9999048240343344,1.267089175965665,7,9,9,9,10,5,6,7,3,3,44,24,68,2,21
HOOSIERS,23,235,10.302311974845109,7976,7103,1778,263,993,979,216,0.25031676756300153,1203,76,14,1082,514.3350055555555,1519.3825499999998,3.8478928096425604,1.2629946384039898,9,10,10,10,3,7,1,3,7,4,42,22,64,3,21
NATIONAL PASTIME,23,258,10.427196551078898,7664,6885,1769,255,939,928,145,0.2569353667392883,1165,74,82,1110,513.0770588888889,1438.99237,3.963685433476395,1.235186583690987,8,6,8,4,6,6,10,4,5,7,32,32,64,3,21
MELONHEADS,21,270,10.598732798871453,6903,6165,1584,240,884,871,152,0.2569343065693431,1275,81,19,1299,534.0592255555556,1527.3124099999998,3.7698298274509807,1.1978920862745097,3,2,2,5,5,9,2,9,10,10,17,40,57,4,21
BIG RED MACHINE,23,204,9.675478501929385,7364,6512,1607,269,920,919,120,0.24677518427518427,1224,73,59,1140,529.3498966666666,1533.4931800000002,3.8922786519607837,1.2528539052287584,10,4,7,2,1,5,9,5,6,6,24,31,55,5,21
BLUE SOCKS,20,270,9.890417428768991,6856,6178,1588,222,847,847,155,0.25704111362900617,1154,74,29,1162,485.1753033333334,1407.66743,3.783862850953206,1.2198157972270363,1,1,1,6,7,6,4,6,9,9,16,34,50,6,21
FREE AT LAST,22,224,8.168006920287741,7830,6860,1696,249,979,913,159,0.24723032069970846,905,50,44,857,411.4059866666667,1173.7542899999999,4.091330254143647,1.2969660662983424,6,8,5,7,2,3,7,1,2,2,28,15,43,7,21
ERIE LAKERS,23,188,8.08582746538113,7373,6527,1689,242,928,900,122,0.2587712578519994,977,53,57,922,451.7915255555555,1281.01404,4.161846192425792,1.3111709723643807,4,5,4,3,9,4,8,2,1,1,25,16,41,8,21
FREE BIRDS,23,250,9.148775747249621,7466,6605,1687,228,900,890,116,0.2554125662376987,1253,77,27,1248,554.0036322222223,1572.26016,3.9792758898643266,1.2547966161213089,2,3,3,1,4,8,3,8,4,5,13,28,41,8,21
LOUISVILLE SLUGGERS,23,214,10.689447984997544,7417,6662,1729,264,956,929,164,0.25953167217051937,972,61,102,1037,406.68479333333335,1198.2634600000001,3.765599938271605,1.2327813374485599,10,9,8,7,10,3,10,3,8,7,44,31,75,1,22
WESTSIDE MARAUDERS,23,262,11.109950365265606,7267,6474,1643,259,924,909,170,0.2537843682421996,1390,87,32,1392,604.3158022222223,1685.618076,3.9128361294964034,1.212674874820144,9,5,6,8,4,10,6,10,6,9,32,41,73,2,22
NATIONAL PASTIME,23,267,10.326070411751422,7380,6628,1708,233,904,882,152,0.2576946288473144,1263,82,52,1272,526.3037733333333,1546.00638,3.750383182897862,1.2240747268408552,4,4,2,6,9,9,7,9,9,8,25,42,67,3,22
BLUE SOCKS,22,270,10.10056917707122,7407,6681,1715,224,902,886,178,0.256698099086963,1139,71,61,1170,488.72301333333337,1405.6450599999998,3.8617270588235297,1.2341045302897278,2,3,4,9,7,6,9,6,7,6,25,34,59,4,22
HOOSIERS,23,226,10.283507428312166,8033,7149,1808,256,1006,968,220,0.25290250384669183,1270,76,11,1126,585.8740477777778,1654.22911,4.151863330708662,1.3025426062992127,7,10,10,10,3,7,4,5,1,1,40,18,58,5,22
BIG RED MACHINE,23,206,9.7861290897623,7552,6722,1698,258,935,930,123,0.2526033918476644,1288,76,27,1175,563.2654166666666,1632.3930200000002,3.9358608307453418,1.2673858850931679,8,6,9,3,2,7,5,7,5,5,28,29,57,6,22
MELONHEADS,19,270,10.401172345820587,6940,6182,1580,247,889,881,151,0.25558071821417017,1000,64,27,1030,409.99881888888893,1165.88895,3.68998937,1.16588895,6,1,1,5,6,4,5,2,10,10,19,31,50,7,22
ERIE LAKERS,23,202,8.008915643238002,7473,6614,1703,247,939,915,118,0.2574841245842153,887,52,60,837,395.10871,1148.1970900000001,4.008994802705749,1.2944724802705752,6,7,7,1,8,2,8,1,3,2,29,16,45,8,22
FREE BIRDS,23,241,9.171176153009323,7344,6506,1661,230,900,885,121,0.25530279741776823,1295,81,27,1246,573.6701666666668,1648.3985400000001,3.986896911196912,1.2728946254826257,3,2,3,2,5,8,5,8,4,4,15,29,44,9,22
FREE AT LAST,22,230,8.214894796829267,7620,6703,1659,245,943,893,132,0.24750111890198417,1162,67,2,1055,530.9916677777778,1493.23866,4.11267212564544,1.2850590877796901,5,8,5,4,1,5,3,4,2,3,23,17,40,10,22
MELONHEADS,23,268,10.682432030090496,7449,6635,1691,258,944,937,158,0.25486058779201204,1380,87,0,1342,591.9702266666667,1660.5008,3.8606753913043477,1.2032614492753624,8,8,8,6,5,10,2,9,8,10,35,39,74,1,23
LOUISVILLE SLUGGERS,23,212,10.777553988116374,7914,7095,1854,256,1005,946,187,0.2613107822410148,989,62,82,1002,425.3272122222223,1233.4047499999997,3.8705206370070786,1.2471231041456012,7,10,9,9,10,3,9,3,6,6,45,27,72,2,23
WESTSIDE MARAUDERS,23,266,11.037033688924915,7300,6499,1646,261,926,911,163,0.2532697338052008,1344,85,32,1368,577.9215222222222,1638.024546,3.8700101934523805,1.2187682633928572,9,6,6,7,4,9,6,10,7,8,32,40,72,2,23
HOOSIERS,23,236,10.358508020531325,8054,7187,1792,273,1004,997,212,0.24933908445804925,1001,59,74,957,427.53576111111107,1263.5774500000002,3.843977872127872,1.2623151348651351,10,9,10,10,2,2,8,2,9,4,41,25,66,3,23
BLUE SOCKS,23,268,9.91462560096778,7509,6761,1733,230,921,904,180,0.2563230291377015,1208,80,29,1212,519.8617477777779,1503.9511699999998,3.8731421605960272,1.244992690397351,3,5,5,8,8,8,5,7,5,7,29,32,61,4,23
NATIONAL PASTIME,22,270,10.341295324439377,7135,6380,1633,236,877,850,122,0.25595611285266456,1183,75,84,1208,489.3518944444445,1426.0531,3.7228800084530853,1.2054548605240913,5,2,1,3,6,5,10,6,10,9,17,40,57,5,23
BIG RED MACHINE,23,203,9.708591946581596,7412,6586,1666,256,926,918,117,0.25296082599453384,1292,76,27,1203,564.3677833333334,1636.2679600000001,3.931354527863777,1.2664612693498454,7,6,7,1,3,6,4,5,4,3,24,22,46,6,23
FREE BIRDS,23,242,9.204814737635292,7295,6471,1657,224,893,880,131,0.25606552310307523,1305,78,27,1278,589.6348333333335,1633.88884,4.066447126436783,1.2520220996168583,2,3,2,4,7,7,4,8,2,5,18,26,44,7,23
ERIE LAKERS,23,202,7.917992732449834,7260,6424,1667,238,914,890,120,0.2594956413449564,1010,58,42,914,455.4682888888889,1326.3207300000001,4.058628316831683,1.3131888415841586,6,4,4,2,9,1,7,1,3,2,25,14,39,8,23
FREE AT LAST,22,227,8.185921395458118,7508,6627,1652,235,930,882,148,0.24928323524973592,1140,68,16,1023,529.5059577777778,1503.49406,4.180310192982456,1.3188544385964913,4,7,3,5,1,4,3,4,1,1,20,13,33,9,23
WESTSIDE MARAUDERS,23,262,10.969501883170084,7418,6658,1721,247,924,918,140,0.2584860318413938,1262,80,59,1317,537.2165244444444,1536.4225860000001,3.8311796513470675,1.2174505435816165,7,6,7,5,7,10,7,9,9,8,32,43,75,1,24
LOUISVILLE SLUGGERS,23,211,10.73643257549172,7940,7146,1857,264,1015,974,193,0.2598656591099916,945,59,85,935,404.71062777777774,1191.30135,3.8543869312169305,1.2606363492063493,9,10,10,9,10,4,9,1,8,4,48,26,74,2,24
HOOSIERS,23,232,10.188832883146716,7812,6935,1746,249,983,931,218,0.2517664023071377,1206,74,30,1133,533.7206977777778,1547.4398299999998,3.9829902819237146,1.2831176036484244,8,9,9,10,3,8,6,6,4,3,39,27,66,3,24
MELONHEADS,20,270,10.800946100357665,7057,6264,1588,243,919,879,190,0.25351213282247764,1227,79,0,1215,515.2216688888889,1475.0713999999998,3.779132045639772,1.2021771801140992,5,5,3,8,4,9,4,8,10,10,25,41,66,3,24
NATIONAL PASTIME,23,259,10.347958008625865,7527,6782,1757,244,926,913,161,0.25906812149808317,1126,73,82,1110,486.41466222222226,1403.96746,3.8878614209591476,1.2468627531083483,6,7,6,7,9,7,8,4,5,6,35,30,65,4,24
BIG RED MACHINE,23,208,9.730462526488598,7413,6547,1611,272,929,921,120,0.24606690087062777,1112,68,86,1076,477.7752822222222,1385.87591,3.866886276978417,1.246291285971223,10,8,8,2,1,5,10,3,7,7,29,32,61,5,24
BLUE SOCKS,21,270,10.053427199521463,7323,6602,1691,233,894,894,158,0.2561345046955468,1185,73,29,1131,510.45192444444444,1440.9291099999998,3.87685005907173,1.2159739324894514,3,3,4,6,5,7,5,5,6,9,21,32,53,6,24
FREE BIRDS,23,253,9.066566330784415,7424,6576,1698,221,899,876,113,0.25821167883211676,1319,80,0,1322,588.1506111111112,1647.62561,4.013158074298712,1.2491475435936317,1,4,2,1,6,10,4,10,3,5,14,32,46,7,24
ERIE LAKERS,23,197,8.062154150339186,7354,6525,1689,242,924,898,122,0.25885057471264367,1003,59,30,951,447.2517033333333,1289.7547,4.013225653040877,1.2858970089730808,4,6,5,3,8,4,6,2,2,2,26,16,42,8,24
FREE AT LAST,22,209,7.853218817224613,7137,6279,1552,232,874,855,126,0.24717311673833414,1281,72,0,1150,584.0225077777777,1659.4903900000002,4.10320263075722,1.2954647853239658,2,2,1,4,2,6,4,7,1,1,11,19,30,9,24
WESTSIDE MARAUDERS,23,264,10.980802313515683,7554,6708,1705,266,958,939,134,0.2541741204531902,1334,86,32,1391,570.4036288888889,1633.4535560000002,3.8483003448275865,1.224477928035982,9,7,7,5,5,10,5,10,8,9,33,42,75,1,25
LOUISVILLE SLUGGERS,23,213,10.720388408775715,7849,7049,1851,258,1003,951,174,0.2625904383600511,958,60,86,989,404.4697044444445,1198.49184,3.799819770354907,1.251035323590814,6,10,9,7,10,3,10,2,9,6,42,30,72,2,25
NATIONAL PASTIME,23,269,10.719672111278513,7751,6967,1771,263,939,944,139,0.2541983637146548,1284,81,52,1227,549.0698866666667,1573.5678599999999,3.848620700934579,1.2255201401869158,7,6,8,6,6,8,7,7,7,8,33,37,70,3,25
HOOSIERS,23,236,10.175266164187363,8001,7117,1795,267,1001,990,209,0.2522130111001827,1090,68,31,1015,479.11232333333334,1379.3618999999999,3.9559733119266056,1.2654696330275228,10,9,10,10,3,5,4,4,4,3,42,20,62,4,25
BLUE SOCKS,23,262,10.149856570167808,7544,6790,1732,225,923,896,203,0.25508100147275403,1193,75,61,1177,512.8645244444444,1490.86883,3.8690534115674766,1.2496804945515507,1,5,5,9,7,6,9,6,6,7,27,34,61,5,25
MELONHEADS,21,270,10.61349325769086,6968,6215,1574,238,892,866,176,0.25325824617860015,1325,84,0,1340,557.1542044444444,1592.39105,3.784443652830188,1.2018045660377359,5,3,2,8,4,9,1,9,10,10,22,39,61,5,25
BIG RED MACHINE,23,212,9.812373957926864,7615,6737,1699,264,960,936,130,0.25218940181089505,1266,75,27,1170,556.2858111111111,1592.59787,3.954638467614534,1.2579762006319115,8,8,6,4,2,6,3,5,5,5,28,24,52,6,25
FREE BIRDS,23,241,9.219306913164575,7428,6583,1685,226,912,880,129,0.25596232720644085,1303,78,22,1269,590.2232711111112,1648.45844,4.076753215656178,1.2651254336147353,2,4,4,3,8,7,2,8,2,4,21,23,44,7,25
ERIE LAKERS,23,201,7.982220948761359,7073,6293,1643,231,887,867,111,0.26108374384236455,1026,58,59,921,472.93961222222214,1339.3513200000002,4.148593089668615,1.305410643274854,3,2,3,1,9,2,8,1,1,1,18,13,31,8,25
FREE AT LAST,22,225,8.065689880167842,7179,6333,1570,232,875,861,125,0.24790778462024318,1073,63,43,1008,478.4222611111112,1376.94074,4.012861463187326,1.2832625722273998,4,1,1,2,1,4,6,3,3,2,9,18,27,9,25
WESTSIDE MARAUDERS,23,264,11.12444069970516,7645,6840,1764,255,966,942,158,0.2578947368421053,1326,83,32,1351,572.0201422222221,1629.006726,3.882489653092005,1.2285118597285067,8,8,8,8,8,9,4,10,5,9,40,37,77,1,26
LOUISVILLE SLUGGERS,23,203,10.817818416273377,7829,7068,1837,264,987,963,164,0.259903791737408,1011,64,82,1036,431.6539255555556,1255.83365,3.842616547972305,1.2421697823936697,10,10,10,9,10,2,9,2,7,6,49,26,75,2,26
MELONHEADS,21,270,10.730599059577386,7517,6661,1686,264,959,931,157,0.25311514787569434,1222,77,0,1194,518.0584688888889,1459.0347299999999,3.8154879050736494,1.1939727741407526,10,7,7,7,4,7,2,7,9,10,35,35,70,3,26
NATIONAL PASTIME,23,262,10.469359577758603,7790,7028,1803,260,941,949,151,0.25654524758110414,1188,74,52,1173,520.1668466666666,1459.66027,3.940657929292929,1.228670260942761,9,6,9,5,6,6,7,6,4,8,35,31,66,4,26
HOOSIERS,23,242,10.201264308487936,7792,6900,1740,242,982,931,233,0.25217391304347825,1108,71,33,1092,471.72157555555555,1395.82008,3.8316734476534293,1.2597654151624549,6,9,7,10,3,5,5,5,8,3,35,26,61,5,26
BLUE SOCKS,21,270,10.025121761681733,6856,6178,1588,222,847,847,155,0.25704111362900617,1241,78,48,1232,523.3905466666668,1536.5698100000002,3.795741273166801,1.2381706768734893,2,1,2,6,7,8,6,8,10,7,18,39,57,6,26
BIG RED MACHINE,23,210,9.707358075110843,7329,6510,1630,254,916,902,125,0.25038402457757297,1112,68,86,1076,477.7752822222222,1385.87591,3.866886276978417,1.246291285971223,7,4,6,3,2,4,10,4,6,5,22,29,51,7,26
FREE BIRDS,23,247,9.0717062134689,7284,6438,1650,223,885,876,124,0.25629077353215285,1364,84,0,1329,608.74313,1713.00988,4.0166335557184745,1.2558723460410557,3,2,4,2,5,10,2,9,3,4,16,28,44,8,26
ERIE LAKERS,23,192,8.013798347212415,7296,6495,1687,240,912,894,123,0.25973826020015395,970,57,64,862,450.06668222222225,1282.64235,4.175876432989691,1.322311701030928,5,3,5,1,9,1,8,1,1,1,23,12,35,9,26
FREE AT LAST,22,221,8.065727040722182,7333,6413,1575,239,925,862,143,0.2455948853890535,1186,65,16,1059,536.1879700000001,1539.7173599999999,4.068880042158517,1.2982439797639123,4,5,3,4,1,3,3,3,2,2,17,13,30,10,26
WESTSIDE MARAUDERS,23,267,10.817070773464078,7358,6585,1694,252,927,917,151,0.25725132877752466,1292,82,43,1332,552.9470888888889,1568.2031960000002,3.8517986068111454,1.2137795634674924,8,5,5,6,7,10,7,10,6,9,31,42,73,1,27
LOUISVILLE SLUGGERS,23,216,10.811841761509887,7627,6858,1774,264,982,945,194,0.25867599883347914,990,62,91,1025,435.7715188888889,1242.0544599999998,3.961559262626263,1.2546004646464646,9,10,10,8,9,2,10,3,5,5,46,25,71,2,27
HOOSIERS,23,236,10.205283133804453,7692,6782,1706,247,980,926,206,0.2515482158655264,1164,75,36,1110,491.46346,1465.3677799999998,3.799975206185567,1.2589070274914087,7,9,6,10,3,7,6,4,8,4,35,29,64,3,27
NATIONAL PASTIME,23,269,10.379311480361178,7436,6661,1716,236,913,881,146,0.25761897612971024,1217,76,84,1191,510.91743333333335,1478.6344800000002,3.7783540673788005,1.2149831388660641,4,3,2,5,8,8,9,8,9,8,22,42,64,3,27
BLUE SOCKS,23,260,10.232796742558058,7876,7105,1825,235,969,941,201,0.2568613652357495,1203,74,29,1180,543.8173644444445,1500.54749,4.068459085619285,1.2473378969243558,3,8,9,9,6,6,5,7,3,6,35,27,62,4,27
BIG RED MACHINE,23,215,9.736018348579545,7517,6664,1669,266,939,932,107,0.2504501800720288,1157,70,46,1149,490.7926100000001,1439.9894,3.8177471823681945,1.2445889369057908,10,6,8,1,2,4,8,5,7,7,27,31,58,5,27
MELONHEADS,19,270,10.32526289335374,6345,5651,1434,231,821,809,153,0.25376039639001946,1158,73,27,1175,478.2936166666667,1357.80997,3.7173079015544044,1.172547469775475,1,1,1,7,4,5,4,6,10,10,14,35,49,6,27
FREE BIRDS,23,241,9.244821789966599,7456,6632,1686,232,889,893,125,0.2542219541616405,1305,80,27,1267,577.2789133333333,1659.198,3.9812338850574713,1.2714160919540232,2,2,3,3,5,9,4,9,4,3,15,29,44,7,27
ERIE LAKERS,23,194,7.911195053275821,7335,6513,1685,242,922,898,120,0.25871334254567785,1155,66,2,1001,534.5271822222222,1513.8942899999997,4.165146874458874,1.3107309870129868,5,4,4,2,10,3,2,2,1,2,25,10,35,8,27
FREE AT LAST,22,214,8.099004101754801,7830,6914,1729,246,953,927,136,0.2500723170378941,1025,59,16,910,469.12702222222225,1352.1792799999998,4.119164097560976,1.3191992975609754,6,7,7,4,1,1,3,1,2,1,25,8,33,9,27
LOUISVILLE SLUGGERS,23,217,10.691796977706606,7793,7003,1815,269,988,964,169,0.2591746394402399,883,55,118,918,373.9220711111111,1114.7211300000001,3.8112102378255948,1.2624248357870895,10,9,9,7,9,3,10,2,7,5,44,27,71,1,28
WESTSIDE MARAUDERS,23,269,10.701299541737583,7120,6361,1623,246,902,881,147,0.2551485615469266,1271,83,51,1375,524.4535044444443,1534.0377660000001,3.713675483870967,1.206953395751377,7,3,4,6,4,9,6,10,10,9,24,44,68,2,28
NATIONAL PASTIME,23,270,10.447859787627818,7520,6737,1749,239,925,898,128,0.2596111028647766,1290,80,52,1215,545.6793944444445,1572.10839,3.807065542635659,1.2186886744186047,6,5,5,3,10,8,7,7,8,8,29,38,67,3,28
BLUE SOCKS,23,256,10.270115455953288,7932,7148,1835,246,966,954,175,0.25671516508114156,1229,76,29,1186,552.9371644444444,1547.51568,4.049173702196908,1.259166541903987,7,8,8,9,7,6,5,6,4,6,39,27,66,4,28
HOOSIERS,23,235,10.344637600285854,7970,7069,1779,259,1004,970,227,0.2516621870137219,1262,77,11,1136,567.7875833333334,1642.0329399999998,4.049198296354993,1.3011354516640252,9,10,10,10,3,7,4,4,3,1,42,19,61,5,28
MELONHEADS,20,270,10.511464655722872,6889,6135,1567,239,884,865,173,0.2554197229013855,1191,77,0,1225,497.65044888888895,1402.5509299999999,3.760582737195634,1.1776246263643995,6,1,2,8,5,7,3,8,9,10,22,37,59,6,28
BIG RED MACHINE,23,216,9.805337459452478,7416,6588,1657,257,930,909,134,0.25151791135397694,1112,68,86,1076,477.7752822222222,1385.87591,3.866886276978417,1.246291285971223,8,7,7,5,2,4,9,3,6,7,29,29,58,7,28
FREE BIRDS,23,238,9.234114936662278,7459,6625,1693,231,910,898,131,0.25554716981132075,1378,84,0,1291,618.4338811111111,1759.51619,4.039118236574746,1.2768622568940493,4,4,5,4,6,10,3,9,5,3,23,30,53,8,28
ERIE LAKERS,23,191,8.036531896124437,7375,6535,1688,246,927,905,119,0.25830145371078805,906,52,54,877,409.6357455555555,1149.2448800000002,4.069229260485651,1.2684822075055189,7,6,6,2,8,2,8,1,2,4,29,17,46,9,28
FREE AT LAST,22,218,8.143715398479817,7319,6452,1593,235,901,870,128,0.24690018598884067,1268,72,0,1144,577.8217922222223,1638.5871700000002,4.101258777602523,1.2922611750788646,5,2,3,3,1,5,3,5,1,2,14,16,30,10,28
WESTSIDE MARAUDERS,23,263,11.090720224046683,7638,6855,1785,249,955,935,154,0.2603938730853392,1308,80,54,1283,563.0339333333333,1619.8044560000003,3.874086697247706,1.2383826116207954,7,7,7,5,9,9,8,9,6,9,35,41,76,1,29
HOOSIERS,23,235,10.273391503335521,7697,6823,1708,253,980,942,217,0.2503297669646783,1137,73,28,1117,469.5113688888889,1416.9669199999998,3.7164488302550573,1.2462329991204923,8,10,8,10,3,6,3,5,10,6,39,30,69,2,29
NATIONAL PASTIME,23,256,10.414353417316839,7562,6792,1743,259,931,947,155,0.25662544169611307,1212,75,52,1171,534.5269322222223,1504.09309,3.969259397689769,1.241000899339934,9,5,9,6,6,7,7,6,4,8,35,32,67,3,29
LOUISVILLE SLUGGERS,23,212,10.551295189175573,7595,6870,1820,246,961,922,163,0.264919941775837,1065,68,68,1092,458.07992555555563,1339.04659,3.8710979624413153,1.2573207417840375,6,8,5,8,10,5,9,4,7,4,37,29,66,4,29
BLUE SOCKS,23,255,10.183768708251892,7918,7142,1839,241,965,950,172,0.25749089890786897,1234,75,29,1176,546.8950422222223,1554.63132,3.9886996596434368,1.2598308914100487,4,9,10,9,7,7,4,7,3,3,39,24,63,5,29
BIG RED MACHINE,23,213,9.755516572660662,7504,6634,1638,272,939,931,116,0.24690985830569792,1094,67,86,1077,462.77304,1363.64002,3.8070908226691036,1.2464716819012798,10,6,6,2,2,4,10,3,8,5,26,30,56,6,29
MELONHEADS,19,270,10.42570859358569,6630,5880,1494,242,864,842,149,0.2540816326530612,1204,78,0,1213,503.68238888888897,1415.7238499999999,3.765067691029901,1.1758503737541528,5,1,1,4,5,8,2,8,9,10,16,37,53,7,29
FREE BIRDS,23,257,9.27789666938747,7312,6467,1642,219,879,853,131,0.2539044379155714,1416,87,0,1389,619.0497055555556,1763.67173,3.934637959039548,1.2455308827683615,1,2,2,3,4,10,2,10,5,7,12,34,46,8,29
FREE AT LAST,22,219,8.159482693396106,7200,6317,1548,240,900,859,159,0.2450530315022954,1110,61,43,1001,513.9562333333333,1440.76954,4.167212702702702,1.2979905765765767,3,3,3,7,1,3,6,2,2,2,17,15,32,9,29
ERIE LAKERS,23,199,8.01003775911661,7419,6564,1699,238,925,896,113,0.25883607556368066,1010,60,41,924,474.58829777777777,1327.8434700000003,4.229004633663366,1.3146965049504953,2,4,4,1,8,2,5,1,1,1,19,10,29,10,29
LOUISVILLE SLUGGERS,23,224,10.738467321177081,7595,6848,1775,267,966,947,153,0.2591997663551402,1057,69,47,1125,438.85520333333335,1290.65382,3.7367046641438035,1.2210537559129613,9,9,9,6,10,6,6,4,10,8,43,34,77,1,30
HOOSIERS,23,224,10.244735595562007,7886,6997,1762,260,998,968,218,0.25182220951836504,1229,72,17,1147,539.786328888889,1577.50093,3.9528697803091957,1.2835646297803092,8,10,10,10,3,7,5,6,5,3,41,26,67,2,30
MELONHEADS,21,270,10.700932309947287,7262,6465,1644,251,926,908,175,0.254292343387471,1233,78,0,1215,518.1178355555556,1477.80652,3.781882011354421,1.1985454339010544,7,5,6,8,4,8,4,7,8,10,30,37,67,2,30
NATIONAL PASTIME,23,261,10.326584641084656,7568,6796,1744,241,917,902,151,0.25662154208357857,1271,80,52,1239,543.0379466666667,1560.39494,3.8452726357199056,1.2276907474429581,5,4,5,5,7,9,7,8,7,7,26,38,64,3,30
WESTSIDE MARAUDERS,21,270,10.872819176229477,6826,6061,1547,248,876,864,132,0.2552384095033823,1267,80,59,1257,531.4130255555555,1531.8644060000001,3.774836014206787,1.2090484656669298,6,1,2,4,5,9,8,9,9,9,18,44,62,4,30
BIG RED MACHINE,23,214,9.786369300498752,7584,6707,1663,274,947,932,108,0.24794990308632772,1174,72,59,1137,501.99920333333336,1458.51555,3.848375494037479,1.242347146507666,10,7,8,1,1,7,8,5,6,6,27,32,59,5,30
BLUE SOCKS,23,256,10.024655574131508,7704,6969,1804,227,937,924,182,0.25886066867556323,1096,67,78,1083,493.7614722222222,1367.83978,4.054610629562044,1.248028996350365,2,6,7,9,8,5,9,3,3,5,32,25,57,6,30
FREE BIRDS,23,242,9.213957071669807,7480,6632,1701,227,914,893,117,0.25648371531966224,1335,83,0,1315,591.3239377777779,1702.04123,3.9864535131086156,1.2749372509363297,2,3,4,2,6,10,4,10,4,4,17,32,49,7,30
ERIE LAKERS,23,210,8.0969922762785,7185,6386,1654,234,899,876,123,0.2590040714062011,865,52,89,838,391.4325955555555,1119.36883,4.072709086705202,1.2940680115606935,3,2,3,3,9,3,10,1,2,2,20,18,38,8,30
FREE AT LAST,22,218,8.118957251152493,7648,6721,1674,238,948,893,172,0.2490700788573129,1139,64,0,984,535.2086611111112,1491.89234,4.229041220368744,1.3098264618086042,4,8,4,7,2,4,4,2,1,1,25,12,37,9,30
LOUISVILLE SLUGGERS,23,216,10.667604445435032,7688,6893,1788,261,996,939,168,0.2593935876976643,899,59,113,962,386.48291,1115.40421,3.8691281312569523,1.2407165850945494,9,10,8,7,10,2,10,3,9,7,44,31,75,1,31
WESTSIDE MARAUDERS,23,256,10.795558299050638,7393,6611,1684,263,925,929,141,0.25472697020117985,1368,84,32,1371,589.2622955555554,1690.656206,3.87672562865497,1.2358597997076024,10,5,7,4,5,10,7,10,8,8,31,43,74,2,31
HOOSIERS,23,233,10.264412479029827,7704,6811,1709,253,986,941,227,0.2509176332403465,1313,81,0,1203,569.7754455555556,1665.0366599999998,3.9055438004569694,1.268116268088347,7,9,9,10,2,8,4,7,5,3,37,27,64,3,31
BLUE SOCKS,23,264,10.16743763898657,7824,7048,1813,242,960,946,171,0.2572360953461975,1051,64,75,1077,456.33416444444447,1304.12855,3.907714062797336,1.2408454329210274,5,7,10,8,7,4,8,4,4,6,37,26,63,4,31
NATIONAL PASTIME,23,260,10.405008212277973,7517,6759,1740,252,922,916,144,0.2574345317354638,1143,73,84,1147,495.64365000000004,1406.4432000000002,3.902705905511812,1.2304839895013124,6,4,5,5,8,5,9,5,6,9,28,34,62,5,31
MELONHEADS,20,270,10.599904251576854,6957,6223,1584,230,879,850,184,0.2545396111200386,1238,79,0,1232,524.4697855555556,1460.3559899999998,3.812785193861067,1.1796090387722131,2,3,1,9,4,7,4,8,10,10,19,39,58,6,31
BIG RED MACHINE,23,202,9.726686833033106,7468,6629,1665,260,932,927,117,0.2511691054457686,1297,77,27,1191,571.7991455555556,1638.47206,3.967765851966076,1.2632783808789514,8,6,6,2,3,6,6,6,3,4,25,25,50,7,31
FREE BIRDS,23,256,9.26430970691919,7291,6487,1661,220,869,868,118,0.2560505626637891,1336,83,27,1298,575.522288888889,1678.0851200000002,3.8770214071856297,1.2560517365269463,1,2,2,3,6,9,6,9,7,5,14,36,50,7,31
FREE AT LAST,22,229,8.14208010835788,7802,6875,1714,241,965,913,156,0.2493090909090909,1021,57,16,924,461.8157922222223,1317.4341,4.070854191968659,1.2903370225269344,4,8,4,6,1,1,5,1,2,2,23,11,34,8,31
ERIE LAKERS,23,197,7.908345028267317,7381,6539,1688,239,922,895,114,0.2581434470102462,1000,60,27,935,453.8307322222222,1301.86225,4.0844765899999995,1.3018622499999999,3,4,3,1,9,3,6,2,1,1,20,13,33,9,31
LOUISVILLE SLUGGERS,23,230,10.791464835739141,7835,7022,1846,250,1009,939,191,0.26288806607804044,925,61,91,984,394.00603333333333,1151.246,3.833572216216216,1.2445902702702705,7,10,9,9,10,3,10,3,8,6,45,30,75,1,32
WESTSIDE MARAUDERS,23,262,10.945880313577064,7327,6571,1694,247,914,908,144,0.2577994217014153,1270,80,59,1308,538.8468622222222,1538.1659860000002,3.818599811023622,1.2111543196850396,5,4,5,4,8,9,8,9,9,9,26,44,70,2,32
NATIONAL PASTIME,23,267,10.539462434946294,7695,6901,1763,258,945,933,145,0.255470221706999,1141,73,71,1180,487.6728877777778,1394.51443,3.8466748378615256,1.2221861787905346,8,7,8,5,6,5,9,7,7,7,34,35,69,3,32
HOOSIERS,23,239,10.320936876665547,7924,7034,1773,261,1000,974,219,0.252061415979528,1291,77,0,1158,573.0407988888888,1634.91667,3.9948622695584817,1.2663955615801705,9,9,10,10,3,7,3,5,3,4,41,22,63,4,32
MELONHEADS,21,270,10.618431294686753,6924,6201,1581,225,879,844,185,0.25495887760038705,1378,87,0,1337,581.9781433333334,1643.66231,3.8010183526850514,1.1927883236574746,1,2,1,8,5,10,3,10,10,10,17,43,60,5,32
BIG RED MACHINE,23,198,9.659685397867543,7489,6646,1673,265,938,932,117,0.2517303641287993,1289,79,27,1178,562.956588888889,1654.6747500000001,3.9306511249030263,1.2836887121799845,10,6,7,2,2,8,5,6,5,3,27,27,54,6,32
BLUE SOCKS,21,270,10.008251345930159,7323,6602,1691,233,894,894,158,0.2561345046955468,1146,72,29,1142,496.2975766666667,1394.49698,3.8976249476439797,1.2168385514834206,3,3,4,6,7,4,6,4,6,8,23,28,51,7,32
FREE BIRDS,23,240,8.985335754020468,7243,6393,1619,227,879,865,108,0.2532457375254184,1210,75,59,1211,529.93852,1529.3904200000002,3.94169147107438,1.2639590247933885,2,2,2,1,4,6,8,8,4,5,11,31,42,8,32
FREE AT LAST,22,217,8.12517361627709,7795,6868,1690,249,961,924,164,0.24606872451951078,1041,57,16,915,479.1164666666667,1354.6437,4.142217291066283,1.3012907780979828,6,8,6,7,1,2,4,1,1,2,28,10,38,9,32
ERIE LAKERS,23,190,8.01487532779899,7249,6417,1660,241,920,891,126,0.2586878603708898,975,56,49,927,441.08233222222213,1282.1671,4.0715292205128195,1.3150431794871793,4,5,3,3,9,1,7,2,2,1,24,13,37,10,32
WESTSIDE MARAUDERS,22,270,11.041959348859228,7176,6377,1634,254,919,900,146,0.2562333385604516,1358,84,32,1376,576.6802688888888,1658.4370560000002,3.8218869072164945,1.2212349455081004,8,6,7,5,6,10,5,10,7,9,32,41,73,1,33
LOUISVILLE SLUGGERS,23,210,10.773230733356092,7872,7096,1857,253,994,947,181,0.26169673055242393,1054,64,63,1060,457.9270255555556,1317.3603699999999,3.9101928178368124,1.249867523719165,7,9,9,8,10,3,9,4,5,5,43,26,69,2,33
MELONHEADS,21,270,10.695725178568852,7302,6468,1647,242,939,893,194,0.25463821892393323,1232,80,0,1218,516.6342355555556,1466.5489799999998,3.774113733766234,1.1903806655844154,6,8,5,9,5,8,1,7,9,10,33,35,68,3,33
NATIONAL PASTIME,23,267,10.32792904491797,7310,6582,1703,225,894,867,151,0.25873594652081433,1277,82,52,1273,534.3303900000001,1560.84525,3.765836734534065,1.2222750587314017,2,1,4,6,7,9,7,9,10,8,20,43,63,4,33
BIG RED MACHINE,23,208,9.645790139715565,7462,6613,1636,273,930,931,105,0.24739150158778164,1129,68,78,1089,478.36335333333335,1408.56717,3.813348255093003,1.2476237112488928,9,7,8,1,1,5,10,6,8,6,26,35,61,5,33
HOOSIERS,23,232,10.44206847573488,8047,7151,1784,286,1012,1014,201,0.24947559781848694,1228,76,16,1081,551.7371311111111,1582.19778,4.043676042345277,1.288434674267101,10,10,10,10,2,6,2,5,3,3,42,19,61,5,33
BLUE SOCKS,21,270,9.959667206241981,7396,6663,1725,224,909,895,179,0.25889239081494825,997,65,56,1016,429.18166222222226,1230.56096,3.8742577331995993,1.2342637512537613,1,4,6,7,8,4,8,2,6,7,26,27,53,6,33
FREE BIRDS,23,243,9.20387497021489,7442,6605,1666,237,901,893,120,0.2522331566994701,1262,79,30,1249,563.4403877777778,1592.3036200000001,4.018196109350238,1.2617302852614898,4,2,5,2,4,7,4,8,4,4,17,27,44,7,33
ERIE LAKERS,23,189,8.035118886034908,7296,6484,1680,241,915,895,126,0.2590993214065392,970,55,47,932,446.0941522222222,1252.74993,4.139017907216495,1.2914947731958761,5,5,6,3,9,2,6,1,1,2,28,12,40,8,33
FREE AT LAST,22,219,8.046000930609365,7368,6492,1628,228,907,862,130,0.25077017868145407,1159,64,27,1046,530.5476033333334,1508.3072300000001,4.119869223468508,1.301386738567731,3,3,3,4,3,3,3,3,2,1,16,12,28,9,33
WESTSIDE MARAUDERS,23,266,11.075053903499994,7659,6806,1732,264,969,943,155,0.2544813399941228,1242,79,49,1303,526.0765022222222,1513.0199160000002,3.812148566827697,1.2182124927536233,9,8,8,6,5,8,6,8,8,9,36,39,75,1,34
HOOSIERS,23,238,10.214918011860508,7886,7000,1754,258,995,958,216,0.25057142857142856,1160,71,27,1052,484.63039777777783,1457.49393,3.7600634310344834,1.2564602844827586,8,10,10,10,3,4,4,3,10,6,41,27,68,2,34
LOUISVILLE SLUGGERS,23,207,10.611396017586001,7639,6890,1805,255,986,944,188,0.26197387518142234,1108,66,55,1107,498.69222111111117,1419.37053,4.050749088447654,1.281020333935018,7,9,9,8,9,3,8,4,3,2,42,20,62,3,34
NATIONAL PASTIME,23,255,10.320364483833561,7517,6759,1740,252,922,916,144,0.2574345317354638,1146,73,82,1137,500.8167211111111,1416.5230000000001,3.933115610820244,1.2360584642233858,6,5,6,4,8,5,10,5,5,8,29,33,62,3,34
BLUE SOCKS,23,268,10.08616923930925,7519,6776,1735,238,918,916,161,0.2560507674144038,1235,77,51,1190,533.7432855555556,1536.29186,3.8896271821862354,1.243961020242915,4,4,6,7,6,6,7,6,7,7,27,33,60,4,34
MELONHEADS,20,270,10.51708924095543,6378,5683,1445,214,824,785,195,0.25426711244061234,1298,81,27,1306,547.0280166666666,1536.38277,3.7929523497688753,1.183653906009245,2,1,3,9,4,9,4,9,9,10,19,41,60,4,34
BIG RED MACHINE,23,203,9.671600868357812,7573,6701,1659,270,944,931,117,0.24757498880764064,1248,78,27,1216,539.8450922222222,1576.03638,3.893113645833333,1.2628496634615385,10,7,7,3,1,7,4,7,6,4,28,28,56,5,34
FREE BIRDS,23,245,9.085145005205785,7480,6635,1704,229,900,896,95,0.2568198944988696,1358,82,0,1321,606.6478155555556,1709.3919700000001,4.020493622974963,1.2587569734904271,3,3,5,1,7,10,3,10,4,5,19,32,51,6,34
ERIE LAKERS,23,199,8.180386798985792,7445,6630,1737,251,937,931,116,0.26199095022624436,964,57,36,868,438.91551999999996,1269.29748,4.097759004149378,1.316698630705394,5,6,7,2,10,1,5,1,1,1,30,9,39,7,34
FREE AT LAST,22,232,7.860947465284696,6945,6081,1514,211,862,807,147,0.2489722085183358,1093,64,59,1007,494.5496555555556,1391.6755699999999,4.07222955169259,1.2732621866422689,1,2,4,5,2,2,9,2,2,3,14,18,32,8,34
HOOSIERS,23,230,10.234518679174723,8025,7131,1780,272,1007,993,194,0.24961435983732996,1130,68,35,1030,478.0252411111111,1417.6902499999999,3.8072806814159295,1.2545931415929203,10,10,10,10,2,6,5,4,10,5,42,30,72,1,35
LOUISVILLE SLUGGERS,23,220,10.788720692822812,7792,6995,1801,270,996,956,184,0.25746962115796995,1008,62,75,1002,427.9019988888889,1259.8213700000001,3.820553561507937,1.2498227876984127,8,9,9,8,7,4,9,2,9,6,41,30,71,2,35
WESTSIDE MARAUDERS,23,263,10.787619122566898,7428,6575,1664,271,946,932,137,0.25307984790874527,1319,84,32,1362,566.9803722222222,1606.072736,3.868706103108415,1.217644227445034,9,7,7,5,5,9,4,9,6,9,33,37,70,3,35
MELONHEADS,23,267,10.663946199707217,7386,6592,1664,252,931,918,171,0.2524271844660194,1378,87,0,1377,586.5682533333334,1650.19064,3.8309973004354134,1.1975258635703918,6,5,5,7,4,10,2,10,8,10,27,40,67,4,35
BLUE SOCKS,23,265,10.246241737821343,8002,7221,1863,232,973,942,192,0.25799750727046117,1161,72,48,1125,508.8036044444445,1473.69139,3.9442139879414304,1.2693293626184323,4,8,8,9,8,7,6,6,4,4,37,27,64,5,35
NATIONAL PASTIME,23,270,10.489103760217654,7513,6762,1781,224,925,891,155,0.26338361431529134,1268,79,52,1209,547.5856966666668,1560.64917,3.886649266561515,1.2307958753943218,1,4,4,6,10,8,7,7,5,8,25,35,60,6,35
BIG RED MACHINE,23,214,9.756287114441193,7448,6591,1639,265,935,919,126,0.24867243210438478,1119,68,86,1067,476.70571333333334,1396.36137,3.8340942091152814,1.2478653887399465,7,6,6,2,1,6,10,5,7,7,22,35,57,7,35
FREE BIRDS,23,242,9.239174658116882,7358,6533,1662,229,889,883,130,0.2544007347313638,1362,84,0,1356,600.3309411111112,1728.90956,3.9669445447870784,1.2693902790014684,2,1,3,3,6,9,2,8,3,3,15,25,40,8,35
ERIE LAKERS,23,204,8.011129509815706,7034,6252,1622,236,895,872,133,0.25943698016634675,1050,64,28,1012,488.0545011111111,1365.7962100000002,4.183324295238095,1.3007582952380954,5,3,2,4,9,5,3,3,1,1,23,13,36,9,35
FREE AT LAST,22,219,8.111252001910406,7298,6430,1607,231,891,868,121,0.2499222395023328,1057,60,57,967,489.9889055555556,1366.30071,4.17209096499527,1.2926212961210974,3,2,1,1,3,3,8,1,2,2,10,16,26,10,35
WESTSIDE MARAUDERS,23,265,11.043794737604301,7477,6708,1721,257,945,928,167,0.2565593321407275,1321,83,32,1359,564.6330344444443,1617.062096,3.8468564042392117,1.2241196790310371,9,6,8,8,7,9,4,9,8,8,38,38,76,1,36
HOOSIERS,23,241,10.200162793888524,7707,6815,1712,247,976,932,220,0.2512105649303008,1103,73,36,1098,459.0351566666667,1372.5659899999998,3.7455271169537627,1.2443934632819582,5,9,9,10,3,7,6,3,10,7,36,33,69,2,36
LOUISVILLE SLUGGERS,23,217,10.515373151195512,7438,6707,1766,248,956,914,154,0.2633069926942001,1109,70,66,1135,475.34790333333336,1390.72649,3.8576475473399463,1.2540365103697024,6,8,5,6,10,5,9,6,7,4,35,31,66,3,36
NATIONAL PASTIME,23,251,10.398257686124607,7650,6869,1718,275,920,957,131,0.25010918619886446,1148,72,84,1136,500.6114122222222,1405.19325,3.9246539285714284,1.2240359320557492,10,3,10,4,2,6,10,7,5,9,29,37,66,3,36
BLUE SOCKS,23,264,10.169304754114556,7696,6938,1789,226,953,921,196,0.2578552897088498,1163,72,56,1127,507.1290777777778,1452.84918,3.9244726569217545,1.24922543422184,3,7,6,9,9,6,8,5,6,6,34,31,65,4,36
MELONHEADS,21,270,10.677944015540886,7034,6276,1606,246,894,885,152,0.25589547482472913,1279,81,22,1260,541.4841566666668,1543.76395,3.8102872634871,1.207008561376075,4,2,3,5,6,8,3,8,9,10,20,38,58,5,36
BIG RED MACHINE,23,210,9.812220596745778,7517,6687,1705,251,939,922,128,0.25497233438014055,1189,70,54,1110,523.6114666666667,1493.73433,3.9634173254836007,1.2562946425567705,7,5,7,3,5,5,7,4,3,3,27,22,49,6,36
FREE AT LAST,22,226,8.183904647553542,7984,6988,1726,256,985,922,156,0.24699484831139096,1035,57,16,923,495.3410533333334,1364.5656599999998,4.307313507246377,1.3184209275362317,8,10,7,7,1,3,2,2,1,1,33,9,42,7,36
FREE BIRDS,23,253,9.253393949714075,7243,6393,1619,224,881,862,118,0.2532457375254184,1447,88,0,1387,631.5737155555557,1808.36046,3.928240110573602,1.249730794747754,2,1,2,1,4,10,1,10,4,5,10,30,40,8,36
ERIE LAKERS,23,205,7.97006488211684,7349,6504,1674,246,931,906,122,0.257380073800738,996,58,35,908,447.32989111111107,1297.36958,4.042137570281124,1.3025798995983937,4,4,4,2,8,4,5,1,2,2,22,14,36,9,36
LOUISVILLE SLUGGERS,23,224,10.554266661194164,7900,7150,1892,251,996,949,175,0.26461538461538464,905,56,85,960,378.8357833333334,1109.61807,3.7674276795580117,1.226097314917127,7,10,8,8,10,1,9,2,10,8,43,30,73,1,37
WESTSIDE MARAUDERS,23,268,10.904942532401943,7358,6548,1672,258,937,919,138,0.25534514355528404,1319,84,32,1351,562.131431111111,1597.993736,3.8356200758150107,1.2115191326762698,8,8,7,6,6,9,5,8,6,9,35,37,72,2,37
HOOSIERS,23,244,10.44338055753088,7840,6959,1778,248,990,951,207,0.25549647937922115,1352,81,2,1176,575.1287377777778,1717.5388599999999,3.8285197041420123,1.2703689792899406,6,9,9,10,7,7,4,6,7,3,41,27,68,3,37
MELONHEADS,22,270,10.74349678518826,7113,6323,1595,236,915,874,203,0.2522536770520323,1377,88,0,1361,578.392258888889,1661.79285,3.780341561365288,1.2068212418300654,3,3,2,9,4,10,3,10,9,10,21,42,63,4,37
NATIONAL PASTIME,23,241,10.361371207250679,7646,6841,1725,276,935,966,127,0.2521561175266774,1256,76,52,1190,555.7861744444444,1572.5167900000001,3.9825442436305734,1.2520038136942677,10,7,10,4,3,6,8,7,4,4,34,29,63,4,37
BIG RED MACHINE,23,214,9.675914165983356,7308,6469,1608,262,916,907,130,0.2485701035708765,1094,67,86,1077,462.77304,1363.64002,3.8070908226691036,1.2464716819012798,9,4,6,5,2,4,10,5,8,7,26,34,60,5,37
BLUE SOCKS,23,256,9.942399007895968,7705,6976,1799,218,923,906,175,0.2578841743119266,1086,68,86,1068,474.4994566666666,1356.14041,3.9323159392265192,1.2487480755064457,1,6,5,8,8,5,10,4,5,6,28,30,58,6,37
FREE BIRDS,23,242,9.277499044388431,7571,6684,1697,237,917,888,105,0.25388988629563136,1345,83,0,1355,607.1453322222222,1681.6386,4.062682520446097,1.2502889219330855,4,5,3,3,5,8,3,9,3,5,20,28,48,7,37
ERIE LAKERS,23,203,8.022045175869266,7258,6459,1669,242,912,894,127,0.2583991329927233,1025,63,34,950,477.3208755555556,1347.8462599999998,4.191110126829268,1.3149719609756096,5,2,4,4,9,3,6,1,1,1,24,12,36,8,37
FREE AT LAST,22,226,8.04776720859976,7144,6287,1558,229,897,850,161,0.24781294735167805,1093,62,36,1019,498.9321377777778,1416.75781,4.108315864592864,1.2962102561756634,2,1,1,7,1,2,7,3,2,2,12,16,28,9,37
WESTSIDE MARAUDERS,23,267,10.924663481238353,7267,6462,1662,267,935,927,145,0.25719591457753016,1354,85,32,1358,579.9207588888888,1669.8963460000002,3.854717008862629,1.2333060162481537,9,6,7,6,8,9,5,9,8,9,36,40,76,1,38
NATIONAL PASTIME,23,253,10.376811913630073,7737,6942,1753,275,935,976,133,0.252520887352348,1150,74,63,1116,501.6899244444445,1418.60746,3.9262689739130443,1.233571704347826,10,6,10,4,5,7,8,6,5,8,35,34,69,2,38
LOUISVILLE SLUGGERS,23,209,10.497975879873295,7333,6611,1745,243,941,894,162,0.2639540160338829,1050,67,88,1073,447.48057222222224,1306.78838,3.835547761904762,1.2445603619047618,5,8,4,7,10,4,10,4,9,7,34,34,68,3,38
BLUE SOCKS,23,262,10.268942932210177,7876,7105,1825,235,969,941,201,0.2568613652357495,1082,66,73,1065,474.9418755555556,1358.92075,3.950533160813309,1.2559341497227356,4,9,9,9,7,3,9,3,4,4,38,23,61,4,38
HOOSIERS,23,224,10.140595229257391,7875,6991,1755,250,986,939,222,0.2510370476326706,1190,72,29,1083,534.6561988888889,1524.2769099999998,4.043618310924369,1.2809049663865544,7,10,8,10,3,6,4,5,2,3,38,20,58,5,38
MELONHEADS,19,270,10.332129867392073,6560,5828,1494,227,854,824,165,0.25634866163349346,1191,77,0,1225,497.65044888888895,1402.5509299999999,3.760582737195634,1.1776246263643995,2,2,1,8,6,8,2,8,10,10,19,38,57,6,38
BIG RED MACHINE,23,212,9.746563280313413,7402,6585,1651,256,924,906,123,0.2507213363705391,1168,71,59,1152,502.89321333333334,1456.0831,3.875033321917808,1.2466464897260274,8,5,5,3,1,5,7,7,7,6,22,32,54,7,38
FREE BIRDS,23,253,9.291068346162618,7299,6424,1620,230,890,859,113,0.2521793275217933,1442,87,0,1399,624.1423533333334,1806.1563600000002,3.89547932038835,1.2525356171983357,3,3,2,1,4,10,2,10,6,5,13,33,46,8,38
ERIE LAKERS,23,200,8.215714688540189,7492,6637,1714,246,938,914,117,0.25824920897996084,1056,62,20,990,476.9948377777777,1368.2969699999999,4.065296912878788,1.2957357670454543,6,7,6,2,9,2,3,2,1,1,30,9,39,9,38
FREE AT LAST,22,231,8.068648669188198,7403,6546,1643,225,904,873,140,0.25099297280782157,1045,60,49,943,469.4143866666667,1345.59356,4.04280333014354,1.2876493397129187,1,4,3,5,2,1,6,1,3,2,15,13,28,10,38
WESTSIDE MARAUDERS,23,266,10.811952833380449,7470,6655,1703,256,949,928,152,0.2558978211870774,1263,78,54,1283,542.5022566666665,1543.0780260000001,3.8658118052256523,1.2217561567695963,8,6,7,6,7,8,7,8,8,8,34,39,73,1,39
LOUISVILLE SLUGGERS,23,209,10.664286409906826,7477,6720,1761,243,966,913,183,0.26205357142857144,1090,69,66,1096,470.88170777777776,1360.14221,3.8880141009174314,1.2478368899082568,6,9,6,8,10,5,8,4,6,6,39,29,68,2,39
NATIONAL PASTIME,23,268,10.376077647085713,7426,6644,1693,244,907,887,140,0.2548163756773028,1187,76,84,1199,494.6840188888889,1438.0061600000001,3.750763411962932,1.211462645324347,7,4,3,5,6,7,10,7,9,9,25,42,67,3,39
BLUE SOCKS,23,262,10.26497164889151,7907,7130,1830,236,961,938,193,0.25666199158485276,1166,74,43,1152,522.0860077777778,1445.72762,4.029823387650086,1.2399036192109776,4,8,8,9,8,6,6,6,3,7,37,28,65,4,39
HOOSIERS,23,230,10.189376299448442,7973,7073,1772,266,1010,975,213,0.25053018521136716,1175,69,27,1059,514.7309966666667,1489.05827,3.9426204000000005,1.2672836340425533,9,10,10,10,2,5,4,3,5,4,41,21,62,5,39
BIG RED MACHINE,23,212,9.755316201515061,7615,6737,1699,267,958,939,120,0.25218940181089505,1212,74,38,1124,521.38297666666665,1535.5697800000003,3.8716557673267324,1.2669717656765678,10,7,9,1,4,6,5,5,7,5,31,28,59,6,39
MELONHEADS,21,270,10.545237013243007,6840,6122,1557,234,871,852,165,0.254328650767723,1270,82,19,1305,517.7792277777778,1519.2571399999997,3.6693016141732286,1.1962654645669288,3,1,1,7,5,9,3,9,10,10,17,41,58,7,39
FREE BIRDS,23,242,9.292094676651473,7327,6485,1635,239,890,891,134,0.25212027756360833,1410,85,0,1340,629.9230966666667,1796.3298100000002,4.020785723404255,1.2739927730496454,5,2,5,4,3,10,1,10,4,3,19,28,47,8,39
ERIE LAKERS,23,197,8.042694122834206,7072,6288,1640,234,895,872,129,0.2608142493638677,947,55,72,901,434.0855822222222,1240.72319,4.125417360084477,1.3101617634635692,3,3,2,3,9,3,9,1,2,1,20,16,36,9,39
FREE AT LAST,22,221,8.09430819253739,7529,6653,1666,233,910,890,123,0.2504133473620923,1132,66,10,1048,522.8893566666667,1457.5911999999998,4.1572475353356895,1.287624734982332,2,5,4,2,1,4,2,2,1,2,14,11,25,10,39
WESTSIDE MARAUDERS,23,266,10.957872795357986,7442,6630,1713,252,948,924,147,0.2583710407239819,1368,86,32,1360,594.9960622222221,1678.892376,3.9144477777777773,1.22726050877193,6,7,6,6,8,10,6,10,4,8,33,38,71,1,40
HOOSIERS,23,234,10.279932544885979,7900,7026,1760,261,990,970,219,0.25049814972957585,1170,73,24,1062,498.0948188888889,1459.41716,3.8314986068376067,1.247365094017094,9,9,10,10,3,8,3,4,8,5,41,28,69,2,40
LOUISVILLE SLUGGERS,23,221,10.725491587026086,7623,6850,1807,246,996,930,193,0.2637956204379562,972,62,96,966,414.11109222222217,1224.62501,3.834361965020576,1.2599022736625514,5,10,8,9,10,4,10,2,7,4,42,27,69,2,40
MELONHEADS,22,270,10.803917811895264,7308,6471,1635,258,936,914,153,0.2526657394529439,1357,86,0,1343,568.077668888889,1657.7085000000002,3.7676485040530587,1.2215980103168755,8,6,4,7,4,10,2,9,9,9,29,39,68,3,40
NATIONAL PASTIME,23,258,10.37179735822677,7611,6831,1739,258,932,929,143,0.2545747328356024,1121,72,79,1156,482.72139,1376.0908000000002,3.8755508563782337,1.227556467439786,8,5,7,5,5,7,9,7,5,7,30,35,65,4,40
BLUE SOCKS,21,270,9.923066825706773,7227,6546,1687,224,881,885,156,0.25771463489153684,1057,67,48,1114,440.3354466666667,1263.18034,3.749308438978241,1.195061816461684,3,3,3,8,7,5,7,6,10,10,24,38,62,5,40
BIG RED MACHINE,23,210,9.759769730339666,7619,6783,1687,265,932,933,112,0.24871001031991744,1116,69,70,1093,478.51939555555555,1388.42027,3.859027383512544,1.2441041845878136,10,5,9,2,2,6,8,5,6,6,28,31,59,6,40
FREE BIRDS,23,243,9.028439286722229,7207,6380,1632,220,876,864,141,0.25579937304075234,1399,85,0,1323,625.0537144444445,1774.9839500000003,4.02107464617584,1.2687519299499646,2,2,1,4,6,9,2,8,3,3,15,25,40,7,40
FREE AT LAST,22,226,8.236330853196558,7984,6988,1726,256,985,922,156,0.24699484831139096,1036,57,27,883,490.64011777777785,1370.5702999999999,4.262317625482626,1.3229443050193048,7,8,5,8,1,2,5,1,1,1,29,10,39,8,40
ERIE LAKERS,23,191,8.05727172652564,7177,6396,1669,235,899,879,125,0.2609443402126329,1092,61,25,1043,508.9259011111111,1422.3644799999997,4.19444423992674,1.302531575091575,4,4,2,3,9,3,4,3,2,2,22,14,36,9,40
LOUISVILLE SLUGGERS,23,223,10.672401391286307,7730,6947,1813,256,989,943,161,0.2609759608464085,938,61,96,990,386.3428244444445,1136.5159199999998,3.7069140938166316,1.2116374413646054,8,9,8,6,10,2,9,2,10,9,41,32,73,1,41
WESTSIDE MARAUDERS,23,269,11.096188246509229,7393,6594,1692,249,946,911,188,0.25659690627843496,1287,81,54,1327,550.1275222222221,1576.8733660000003,3.8470456099456087,1.2252318306138308,6,7,6,9,8,7,8,9,7,6,36,37,73,1,41
MELONHEADS,23,268,10.714746255466354,7440,6638,1683,253,936,918,172,0.2535402229587225,1381,86,0,1359,576.7276988888889,1669.11923,3.758544018826937,1.208630868935554,7,6,7,7,4,10,2,10,8,10,31,40,71,2,41
NATIONAL PASTIME,23,270,10.477370355420156,7556,6742,1722,248,934,899,137,0.2554138237911599,1263,82,52,1272,526.3037733333333,1546.00638,3.750383182897862,1.2240747268408552,5,5,4,4,6,8,7,7,9,7,24,38,62,3,41
HOOSIERS,23,237,10.398417481934054,8047,7140,1777,287,1015,1015,204,0.2488795518207283,1220,72,11,1096,543.6727233333334,1552.8922599999999,4.010700418032787,1.272862508196721,10,10,10,10,1,5,3,5,3,4,41,20,61,4,41
BLUE SOCKS,23,270,10.127356228875486,7634,6897,1767,228,926,911,179,0.256198347107438,1001,64,115,1028,432.7305611111111,1218.1238,3.8906843656343657,1.2169068931068932,2,3,6,8,7,4,10,4,6,8,26,32,58,5,41
BIG RED MACHINE,23,206,9.822347974010022,7699,6840,1723,266,958,952,132,0.2519005847953216,1247,75,27,1166,554.1724822222222,1592.12745,3.9996410104250204,1.2767661988773056,9,8,9,3,3,6,5,6,4,3,32,24,56,6,41
FREE BIRDS,23,244,9.142684701549587,7407,6570,1673,230,905,885,125,0.25464231354642314,1353,84,0,1297,599.8032444444445,1716.47533,3.989822025129343,1.2686439985218034,3,2,3,2,5,9,2,8,5,5,15,29,44,7,41
ERIE LAKERS,23,197,7.948224762177852,7349,6504,1674,246,931,906,122,0.257380073800738,1049,62,22,947,488.01197666666667,1371.9366799999998,4.186947368922784,1.3078519351763582,4,4,5,1,9,3,4,1,1,1,23,10,33,8,41
FREE AT LAST,22,222,8.086811625185172,7361,6512,1636,227,900,867,139,0.2512285012285012,1113,61,36,1025,513.0524211111111,1445.41299,4.148671868823001,1.298663962264151,1,1,2,5,2,2,6,3,2,2,11,15,26,9,41
WESTSIDE MARAUDERS,23,261,11.00513951439351,7687,6873,1761,265,967,951,143,0.2562199912701877,1210,77,63,1231,515.2435788888888,1471.905056,3.8323902561983463,1.2164504595041323,8,8,8,4,5,9,8,8,8,9,33,42,75,1,42
LOUISVILLE SLUGGERS,23,208,10.771590518953504,7928,7146,1845,272,998,981,165,0.25818639798488663,1049,64,74,1055,464.6275255555556,1345.0125299999997,3.9863181410867496,1.2821854432793134,10,9,10,8,10,5,9,3,3,2,47,22,69,2,42
BLUE SOCKS,23,269,10.04857728732271,7456,6729,1730,226,909,896,180,0.2570961509882598,1111,70,80,1147,472.08624444444445,1380.58403,3.8242810081008103,1.2426498919891988,3,4,4,9,7,6,10,4,9,7,27,36,63,3,42
NATIONAL PASTIME,23,260,10.459139824945227,7724,6953,1795,255,953,940,163,0.2581619444843952,1209,75,52,1154,533.9202844444444,1519.33117,3.974592688172043,1.25668417700579,7,6,7,7,9,7,6,5,4,5,36,27,63,3,42
HOOSIERS,23,234,10.238967406607976,7917,7005,1760,253,999,954,208,0.251249107780157,1242,76,11,1162,548.2463722222222,1591.1039099999998,3.972799798711755,1.2810820531400964,6,10,9,10,2,8,3,6,5,3,37,25,62,4,42
MELONHEADS,21,270,10.668996347302562,6903,6165,1584,240,884,871,152,0.2569343065693431,1383,87,0,1334,578.1167022222222,1667.65528,3.7621477368040495,1.2058244974692696,4,3,3,5,6,10,2,9,10,10,21,41,62,4,42
BIG RED MACHINE,23,215,9.810842560114933,7615,6737,1699,267,958,939,120,0.25218940181089505,1249,76,27,1163,545.4635988888889,1561.36403,3.9304822978382705,1.2500912970376301,9,7,6,1,3,8,4,7,6,6,26,31,57,5,42
FREE BIRDS,23,257,9.213540351651371,7218,6382,1613,220,869,852,136,0.25274208712002505,1416,87,0,1399,614.0796655555556,1757.1857400000001,3.903048721751413,1.2409503813559324,1,1,2,3,4,10,2,10,7,8,11,37,48,6,42
ERIE LAKERS,23,195,7.993091439391358,7387,6529,1685,245,934,907,121,0.25807933833665186,905,53,49,869,406.6535755555555,1143.01732,4.04406870718232,1.2630025635359114,5,5,5,2,8,3,5,1,2,4,25,15,40,7,42
FREE AT LAST,22,225,8.031776309643483,6997,6128,1512,225,880,828,154,0.24673629242819844,1078,63,57,993,492.50768,1388.32434,4.111845194805195,1.2878704452690166,2,2,1,6,1,4,7,2,1,1,12,15,27,8,42
WESTSIDE MARAUDERS,23,264,10.959788060189238,7463,6641,1693,276,948,951,141,0.25493148622195455,1263,79,54,1293,546.8451133333333,1558.412256,3.8967585273159138,1.2338972731591449,9,8,9,5,5,8,8,9,7,8,36,40,76,1,43
LOUISVILLE SLUGGERS,23,208,10.71704980668945,7555,6763,1761,256,967,918,170,0.2603874020405146,927,58,113,1006,379.10011000000003,1147.97442,3.6805835922330097,1.238375857605178,7,9,7,8,10,3,10,3,10,7,41,33,74,2,43
NATIONAL PASTIME,23,270,10.409386253005138,7325,6585,1706,227,902,871,152,0.2590736522399393,1263,82,52,1272,526.3037733333333,1546.00638,3.750383182897862,1.2240747268408552,2,3,2,6,8,9,7,7,9,9,21,41,62,3,43
BLUE SOCKS,23,267,10.211604426330027,7729,6964,1779,228,939,913,202,0.2554566341183228,1183,74,61,1131,512.6524111111111,1467.90739,3.9001451394759084,1.2408346491969569,3,6,6,9,6,5,9,4,6,6,30,30,60,4,43
MELONHEADS,20,270,10.55966619285453,6560,5828,1494,227,854,824,165,0.25634866163349346,1383,88,0,1332,586.3358166666667,1657.8411099999998,3.815634381778742,1.1987282067968184,2,1,1,7,7,10,3,10,8,10,18,41,59,5,43
HOOSIERS,23,229,10.375557476914068,8190,7277,1811,279,1022,1015,206,0.24886629105400576,1291,74,0,1134,587.0508055555556,1671.1692299999997,4.092530790085205,1.2944765530596436,10,10,10,10,1,5,3,5,2,2,41,17,58,6,43
BIG RED MACHINE,23,211,9.762069833235739,7531,6667,1675,267,945,935,118,0.25123743812809357,1266,76,27,1193,552.15135,1586.44675,3.9252465639810428,1.253117496050553,8,7,8,3,2,6,4,6,5,4,28,25,53,7,43
FREE BIRDS,23,241,9.222419725114104,7389,6539,1653,236,907,888,112,0.2527909466279248,1275,78,27,1286,573.4014188888889,1593.26052,4.04753942745098,1.249616094117647,6,4,5,2,4,7,4,8,4,5,21,28,49,8,43
ERIE LAKERS,23,192,7.912837780970524,7204,6409,1665,233,898,875,122,0.25979091902012796,995,61,36,933,449.0737977777778,1298.7071899999999,4.061974050251257,1.3052333567839194,5,2,3,4,9,4,5,2,3,1,23,15,38,9,43
FREE AT LAST,22,230,8.067620360715035,7529,6671,1679,230,917,887,141,0.2516864038375056,1006,58,43,927,458.0306311111112,1297.7581599999999,4.09768954274354,1.2900180516898607,4,5,4,5,3,3,6,1,1,3,21,14,35,10,43
HOOSIERS,23,255,10.381540983218699,8032,7157,1794,256,995,971,214,0.25066368590191423,1123,71,21,1098,454.2152822222222,1353.04365,3.6401937132680318,1.2048474176313446,7,9,10,10,3,7,4,5,10,10,39,36,75,1,44
MELONHEADS,22,270,10.752558399421595,7255,6454,1639,260,926,919,159,0.25395103811589714,1362,85,0,1339,580.1569366666666,1648.86938,3.8336361453744487,1.2106236270190895,9,5,6,7,5,10,2,10,8,9,32,39,71,2,44
WESTSIDE MARAUDERS,22,270,10.964375598647512,7253,6449,1654,254,932,907,154,0.2564738719181268,1260,78,54,1265,535.442821111111,1540.9584860000002,3.8245915793650784,1.2229829253968256,6,6,5,6,7,8,9,8,9,7,30,41,71,2,44
LOUISVILLE SLUGGERS,23,205,10.728949305006843,7830,7047,1851,258,999,949,174,0.2626649638143891,1131,70,50,1085,493.4102744444445,1443.2835699999998,3.926341706454466,1.2761127939876213,8,10,9,8,10,6,7,4,5,3,45,25,70,3,44
NATIONAL PASTIME,23,259,10.410610950017341,7601,6829,1764,252,935,920,146,0.25831014789866746,1203,78,52,1210,523.6306177777778,1492.42518,3.917436043225271,1.2405861845386534,5,7,7,5,8,8,8,7,6,6,32,35,67,4,44
BIG RED MACHINE,23,206,9.763082081061928,7517,6664,1669,266,939,932,107,0.2504501800720288,1184,71,54,1131,518.9638955555556,1480.30839,3.944826908783784,1.250260464527027,10,8,8,1,2,7,9,6,4,5,29,31,60,5,44
BLUE SOCKS,23,270,10.099808814953436,7544,6790,1732,225,923,896,203,0.25508100147275403,1056,68,88,1098,458.02405111111113,1280.27798,3.9036140719696975,1.2123844507575758,1,4,4,9,6,5,10,5,7,8,24,35,59,6,44
FREE BIRDS,23,246,9.19211764814436,7323,6500,1649,228,894,885,136,0.2536923076923077,1318,79,19,1285,583.8466444444445,1652.5151,3.986813201820941,1.2538050834597876,2,2,3,4,4,9,3,9,3,4,15,28,43,7,44
ERIE LAKERS,23,193,8.01408698315519,7092,6295,1643,231,891,869,111,0.26100079428117556,1104,65,42,959,503.2772755555556,1480.0820099999999,4.102803876811595,1.3406539945652172,3,1,1,2,9,4,6,2,2,1,16,15,31,8,44
FREE AT LAST,22,219,8.131939762009674,7515,6607,1630,240,916,882,126,0.24670803693052823,1111,63,33,1037,519.977428888889,1453.71966,4.212238397839785,1.3084785418541853,4,3,2,3,1,3,5,3,1,2,13,14,27,9,44
LOUISVILLE SLUGGERS,23,221,10.625136154842174,7401,6664,1728,263,950,934,161,0.25930372148859543,995,67,71,1108,405.5753011111111,1219.81253,3.668520311557789,1.2259422412060301,10,8,7,7,10,4,9,5,10,7,42,35,77,1,45
MELONHEADS,23,264,10.66200263651838,7378,6546,1657,246,936,906,183,0.2531316834708219,1373,86,0,1346,586.8522355555556,1656.37932,3.8468099927166794,1.2063942607428988,6,6,6,8,4,10,2,10,6,10,30,38,68,2,45
HOOSIERS,23,248,10.160751057757114,7791,6919,1752,251,989,951,229,0.25321578262754735,1065,68,49,978,441.2650833333332,1315.71468,3.729000704225351,1.2354128450704225,7,10,10,10,5,5,5,1,9,5,42,25,67,3,45
WESTSIDE MARAUDERS,23,264,10.777804167590602,7211,6447,1652,255,911,905,153,0.25624321389793703,1277,81,59,1306,543.5132022222222,1561.795896,3.830555066562255,1.2230194956930307,8,3,5,6,6,8,8,8,7,8,28,39,67,3,45
BLUE SOCKS,23,268,10.161323167633332,7862,7099,1829,230,968,937,198,0.2576419213973799,1116,68,51,1109,493.0449088888889,1369.35744,3.976168620071685,1.2270227956989248,1,9,8,9,9,5,6,6,4,6,36,27,63,4,45
NATIONAL PASTIME,23,270,10.416666481237096,7429,6663,1712,239,911,887,142,0.2569413177247486,1209,77,84,1194,504.54520333333335,1469.32085,3.755919627791563,1.2153191480562449,3,3,3,5,7,7,10,7,8,9,21,41,62,5,45
BIG RED MACHINE,23,204,9.807865868698475,7594,6754,1701,262,947,938,128,0.2518507551080841,1191,71,54,1081,520.39529,1521.6226600000002,3.932458110831235,1.2776008900083964,9,7,9,4,2,6,7,4,5,3,31,25,56,6,45
FREE BIRDS,23,241,9.187467196626079,7481,6602,1670,241,914,888,109,0.252953650408967,1361,84,0,1323,609.004298888889,1722.4968900000001,4.027214320352683,1.2656112343864807,4,4,4,1,3,9,2,9,3,4,16,27,43,7,45
ERIE LAKERS,23,194,7.941547954466793,7433,6590,1694,245,930,906,115,0.2570561456752656,1150,65,12,1032,557.4598,1529.92397,4.362728869565217,1.3303686695652175,5,5,6,2,8,3,3,3,1,1,26,11,37,8,45
FREE AT LAST,22,214,8.066084087085564,7452,6579,1639,233,899,878,126,0.24912600699194407,1115,61,33,1030,509.28990444444446,1459.05917,4.110860215246637,1.3085732466367712,2,2,2,3,1,2,4,2,2,2,10,12,22,9,45
LOUISVILLE SLUGGERS,23,214,10.767498608064932,7912,7099,1874,253,1019,949,193,0.26398084237216507,897,56,91,956,377.24003555555555,1123.87091,3.7850170791527313,1.252921861761427,7,10,9,9,10,2,10,2,10,5,45,29,74,1,46
WESTSIDE MARAUDERS,23,264,11.024715644847857,7446,6668,1705,255,929,924,143,0.2556988602279544,1338,84,32,1393,565.5174322222222,1629.235306,3.803928916292974,1.2176646532137518,8,6,6,4,5,9,4,10,9,9,29,41,70,2,46
NATIONAL PASTIME,23,259,10.4383398950983,7664,6885,1769,255,939,928,145,0.2569353667392883,1217,78,52,1211,531.6572344444444,1507.26405,3.931729753492194,1.2385078471651603,8,7,7,6,8,7,8,7,3,7,36,32,68,3,46
HOOSIERS,23,233,10.238800796313773,7945,7071,1775,267,997,987,209,0.2510253146655353,1138,71,35,1032,495.35910666666666,1438.52082,3.917602776801406,1.2640780492091388,9,9,10,10,3,6,5,3,5,3,41,22,63,4,46
MELONHEADS,21,270,10.638281182730552,6903,6165,1584,240,884,871,152,0.2569343065693431,1383,86,0,1328,586.7348522222222,1650.07711,3.8182311424439623,1.1931143239334778,5,2,3,7,7,10,1,8,8,10,24,37,61,5,46
BIG RED MACHINE,23,208,9.775964321209383,7587,6724,1675,270,941,944,128,0.2491076740035693,1195,71,46,1126,518.8928466666667,1501.87513,3.90797959832636,1.256799271966527,10,8,8,3,2,6,7,5,6,4,31,28,59,6,46
BLUE SOCKS,23,266,10.040993173014543,7494,6758,1730,228,913,900,179,0.2559928973068955,1094,68,88,1133,476.20839222222224,1348.37416,3.917619314442413,1.2325175137111517,3,3,5,8,6,4,9,6,4,8,25,31,56,7,46
FREE BIRDS,23,260,9.345510094231779,7229,6397,1621,223,876,862,123,0.2534000312646553,1325,83,30,1329,573.1729788888889,1648.0043600000001,3.8932504226415094,1.2437768754716982,2,1,2,1,4,8,3,9,7,6,10,33,43,8,46
ERIE LAKERS,23,197,7.972798802048336,7249,6417,1660,241,920,891,126,0.2586878603708898,1041,61,37,937,485.3302111111111,1372.3368699999999,4.1959384245917395,1.3182870989433235,6,5,4,2,9,3,6,1,1,1,26,12,38,9,46
FREE AT LAST,22,213,7.97850133059237,7298,6376,1574,234,917,854,144,0.24686323713927227,1224,70,2,1062,560.8321377777778,1605.92469,4.123765718954249,1.312029975490196,4,4,1,5,1,5,2,4,2,2,15,15,30,10,46
MELONHEADS,22,270,10.781853583316911,7412,6576,1656,266,948,927,160,0.2518248175182482,1337,84,0,1326,568.1570888888889,1617.42149,3.8245428571428572,1.2097393343305909,9,8,8,7,2,9,2,8,7,10,34,36,70,1,47
HOOSIERS,23,231,10.215010779526263,7942,7041,1776,253,1006,951,215,0.25223689816787387,1087,66,33,1076,454.43454777777777,1357.78674,3.762567552897884,1.2491138362465501,7,10,9,10,3,5,5,5,9,6,39,30,69,2,47
WESTSIDE MARAUDERS,23,270,10.964062446634872,7253,6482,1666,249,927,903,156,0.2570194384449244,1385,86,32,1369,589.0027755555556,1685.4698560000002,3.827454859205776,1.2169457444043323,6,4,4,6,8,10,4,10,6,9,28,39,67,3,47
LOUISVILLE SLUGGERS,23,212,10.566836193264916,7595,6886,1831,246,965,924,168,0.26590182979959337,1164,73,38,1151,509.3107588888888,1469.4729399999999,3.937969785223367,1.262433797250859,5,9,7,8,10,6,6,6,5,3,39,26,65,4,47
NATIONAL PASTIME,23,254,10.424309592431499,7737,6942,1753,275,935,976,133,0.252520887352348,1218,76,52,1151,535.1055055555556,1498.97876,3.953981568144499,1.2306886371100163,10,5,10,3,4,8,7,6,4,7,32,32,64,5,47
BLUE SOCKS,21,270,10.050187521139605,7178,6461,1652,226,884,874,179,0.25568797399783316,1161,74,29,1167,482.56505333333337,1427.19974,3.7408143669250653,1.229284875107666,2,1,3,9,7,7,3,7,10,8,22,35,57,6,47
BIG RED MACHINE,23,215,9.729132944249992,7518,6655,1656,263,941,922,129,0.24883546205860255,1033,63,105,1009,433.3520355555556,1291.29539,3.775574365924492,1.250043939980639,8,6,6,2,1,4,10,4,8,5,23,31,54,7,47
FREE BIRDS,23,241,9.211701989661707,7340,6511,1651,227,893,874,134,0.2535708800491476,1353,84,0,1349,608.9799,1698.1144199999999,4.050864079822617,1.2550734811529933,3,2,3,4,6,9,2,9,3,4,18,27,45,8,47
ERIE LAKERS,23,193,8.013320610466536,7534,6660,1724,245,943,909,116,0.25885885885885884,949,56,55,876,451.87918333333334,1262.10573,4.285471707060063,1.3299322760800842,4,7,5,1,9,2,8,2,1,1,26,14,40,9,47
FREE AT LAST,22,224,8.113458315997727,7256,6416,1621,218,894,851,146,0.2526496259351621,1103,62,57,969,513.3100188888889,1438.3459200000002,4.188386373526745,1.3040307524932004,1,3,2,5,5,3,9,3,2,2,16,19,35,10,47
LOUISVILLE SLUGGERS,23,204,10.73060608283664,7603,6811,1763,254,964,919,177,0.25884598443694024,1052,68,80,1050,441.6077888888889,1323.52848,3.7780134030418253,1.2581069201520911,8,9,7,8,8,5,9,5,8,5,40,32,72,1,48
WESTSIDE MARAUDERS,23,269,11.09414219458611,7421,6685,1731,247,927,921,143,0.2589379207180254,1309,84,32,1390,550.80163,1582.558706,3.787024194041253,1.2089829686783804,6,4,8,3,10,9,6,10,7,8,31,40,71,2,48
HOOSIERS,23,222,10.348162456940965,8025,7131,1780,272,1007,993,194,0.24961435983732996,1298,77,2,1176,584.6675077777777,1651.23273,4.053934953775038,1.272136155624037,10,10,10,10,3,6,3,6,3,3,43,21,64,3,48
NATIONAL PASTIME,23,262,10.466094087793326,7629,6868,1774,251,930,930,145,0.2582993593476995,1069,67,111,1050,468.00829444444446,1305.15939,3.9402007951356413,1.2209161739943872,7,5,9,4,6,4,10,5,5,7,31,31,62,4,48
MELONHEADS,20,270,10.62840806742967,6490,5777,1468,225,846,816,178,0.25411113034446947,1412,89,0,1367,590.70973,1700.2006700000002,3.7651470042492923,1.204108123229462,2,1,2,9,4,10,2,9,9,9,18,39,57,5,48
BIG RED MACHINE,23,203,9.661609236125578,7448,6591,1639,265,935,919,126,0.24867243210438478,1282,79,27,1218,556.8352422222222,1624.37397,3.9091397659906395,1.2670623790951638,9,7,7,2,2,7,5,7,6,4,27,29,56,6,48
BLUE SOCKS,19,270,9.624294132714176,7309,6596,1695,228,893,890,155,0.25697392359005455,790,51,56,826,321.3664366666667,935.59832,3.6611366202531648,1.1843016708860759,3,3,5,6,5,1,7,2,10,10,22,30,52,7,48
FREE BIRDS,23,247,9.133046346977101,7298,6470,1674,210,886,859,150,0.2587326120556414,1345,82,0,1332,611.9487044444445,1691.4752,4.094824044609666,1.2576023791821562,1,2,3,5,7,8,2,8,2,6,18,26,44,8,48
ERIE LAKERS,23,188,8.02683908483731,7534,6660,1724,245,943,909,116,0.25885885885885884,1106,61,22,957,517.6133744444444,1465.5745299999999,4.212043734177215,1.3251125949367086,5,8,6,1,9,3,4,4,1,1,29,13,42,9,48
FREE AT LAST,22,231,8.172403578784328,7424,6509,1603,243,932,875,157,0.24627438930711323,936,54,63,904,414.8851800000001,1218.23865,3.989280576923078,1.3015370192307691,4,6,4,7,1,2,8,3,4,2,22,19,41,10,48
WESTSIDE MARAUDERS,23,265,11.155938722087855,7673,6890,1778,256,951,943,149,0.25805515239477506,1279,83,46,1311,542.9099255555554,1560.840706,3.820320039093041,1.2203602079749805,8,8,8,6,7,9,7,10,8,8,37,42,79,1,49
LOUISVILLE SLUGGERS,23,218,10.643333421732205,7319,6565,1696,244,929,888,176,0.2583396801218583,1203,74,38,1246,501.78169333333346,1458.2807899999998,3.7539777556109732,1.2122034829592683,6,6,4,9,8,7,6,7,10,9,33,39,72,2,49
BLUE SOCKS,23,268,10.246456661215195,7838,7054,1809,247,961,950,174,0.25645024099801533,1123,69,46,1144,485.6825466666667,1379.8740000000003,3.8923801602849513,1.2287390917186112,7,9,9,8,6,4,7,4,5,7,39,27,66,3,49
NATIONAL PASTIME,23,259,10.389225442113021,7573,6802,1739,256,928,925,144,0.2556600999705969,1143,73,79,1151,492.58257444444445,1407.40549,3.878602948381452,1.2313258880139983,8,5,7,5,5,6,10,6,6,6,30,34,64,4,49
HOOSIERS,23,238,10.255568178565696,8073,7158,1805,263,1019,990,220,0.2521654093322157,1154,71,30,1015,512.6405588888889,1470.5243099999998,3.99806328422877,1.2742844974003464,9,10,10,10,3,5,5,2,3,4,42,19,61,5,49
BIG RED MACHINE,23,207,9.766406497615485,7517,6658,1660,266,938,922,117,0.2493241213577651,1220,73,59,1148,523.17917,1541.8354800000002,3.859518467213115,1.263799573770492,10,7,6,3,2,6,9,5,7,5,28,32,60,6,49
MELONHEADS,20,270,10.617853081056696,6630,5880,1494,242,864,842,149,0.2540816326530612,1286,82,27,1266,542.88652,1534.559,3.79936133748056,1.1932807153965785,5,1,1,6,4,8,4,8,9,10,17,39,56,7,49
FREE BIRDS,23,244,9.103206561748237,7417,6596,1706,220,892,881,122,0.25864160097028505,1340,84,0,1308,600.5701288888889,1717.1444700000002,4.033679970149254,1.2814510970149255,3,2,3,4,9,10,3,9,2,3,21,27,48,8,49
ERIE LAKERS,23,195,7.995658406144434,7354,6525,1689,242,924,898,122,0.25885057471264367,915,51,58,882,406.2818388888889,1181.7528900000002,3.9962148087431695,1.2915332131147543,5,4,5,4,10,2,8,1,4,2,28,17,45,9,49
FREE AT LAST,22,218,8.089395021882243,7144,6277,1557,225,899,848,161,0.24804843077903457,1189,68,30,1036,562.4302711111111,1573.2662699999998,4.257251841883936,1.323184415475189,4,3,2,7,1,3,5,3,1,1,17,13,30,10,49
WESTSIDE MARAUDERS,23,270,11.132340729705264,7526,6727,1734,253,965,926,161,0.25776720677865317,1271,80,54,1317,546.4947355555555,1554.8551260000002,3.8697502911093626,1.2233321211644377,7,8,6,7,9,8,8,9,6,9,37,40,77,1,50
LOUISVILLE SLUGGERS,23,211,10.702166510443366,7795,6992,1822,260,990,943,174,0.26058352402745993,960,59,93,973,402.70771,1182.3340600000001,3.77538478125,1.231597979166667,8,10,9,8,10,2,10,2,10,7,45,31,76,2,50
HOOSIERS,23,229,10.207830865769415,7905,7039,1778,262,988,981,194,0.2525926978263958,1184,72,25,1073,505.21685111111117,1494.97315,3.8403307939189193,1.262646241554054,9,9,10,10,4,5,3,4,8,5,42,25,67,3,50
MELONHEADS,21,270,10.719074249991746,6915,6183,1571,234,880,858,176,0.25408377810124533,1370,87,0,1376,582.1152588888889,1643.9111699999999,3.8241148394160587,1.1999351605839415,4,3,2,9,5,10,2,10,9,10,23,41,64,4,50
NATIONAL PASTIME,23,260,10.434396653043889,7667,6897,1774,250,936,931,154,0.2572132811367261,1137,72,79,1129,497.79348111111113,1396.68379,3.940317792436236,1.2283938346525947,6,6,7,5,6,5,9,5,4,8,30,31,61,5,50
BLUE SOCKS,22,270,10.069139087566693,7222,6542,1685,224,880,881,152,0.25756649342708654,1244,76,48,1213,532.7581166666666,1535.47933,3.8543593649517685,1.2343081430868166,3,3,4,4,8,6,7,7,7,6,22,33,55,6,50
BIG RED MACHINE,23,206,9.770196366478936,7615,6737,1699,267,958,939,120,0.25218940181089505,1274,77,27,1162,553.4859433333334,1629.9358600000003,3.9100262872841443,1.2793845054945057,10,7,8,1,2,7,4,6,5,3,28,25,53,7,50
FREE BIRDS,23,237,8.976304371382867,7260,6420,1620,220,868,845,134,0.2523364485981308,1293,81,32,1286,568.1838566666668,1642.3697300000001,3.9548760324825993,1.2702008739365818,2,2,1,3,3,9,6,8,3,4,11,30,41,8,50
ERIE LAKERS,23,203,7.941455765960843,7276,6420,1652,239,921,889,121,0.2573208722741433,1024,61,28,954,477.2171588888889,1329.7201899999998,4.194291435546875,1.2985548730468748,5,5,5,2,7,3,5,1,1,1,24,11,35,9,50
FREE AT LAST,22,230,8.145320614407513,7263,6379,1568,239,906,868,157,0.24580655275121494,1095,63,27,1024,504.9721155555556,1415.2209999999998,4.150455744292238,1.2924392694063924,5,4,3,6,1,4,4,3,2,2,19,15,34,10,50
WESTSIDE MARAUDERS,23,268,11.054260981269067,7523,6759,1760,242,937,922,151,0.26039354934161857,1287,81,51,1302,549.3764622222222,1569.297276,3.8417934421134423,1.2193452027972027,5,6,7,7,9,9,6,9,8,9,34,41,75,1,51
LOUISVILLE SLUGGERS,23,218,10.578104558422456,7809,7066,1872,250,994,941,183,0.2649306538352675,1025,64,74,995,456.92230555555557,1307.2099199999998,4.012000731707317,1.275326751219512,8,10,8,8,10,5,10,3,3,3,44,24,68,2,51
HOOSIERS,23,243,10.460965612633577,7760,6891,1722,274,989,978,217,0.2498911623857205,1168,73,19,1118,509.1514188888889,1455.384,3.9232557962328767,1.2460479452054796,10,9,10,10,3,6,2,4,5,7,42,24,66,3,51
BLUE SOCKS,23,268,10.395110724592092,8016,7227,1859,237,974,946,195,0.2572298325722983,1189,73,29,1204,517.5533911111112,1483.6637699999999,3.9175614129520615,1.2478248696383514,4,8,9,9,7,6,3,6,6,6,37,27,64,4,51
NATIONAL PASTIME,23,258,10.23992097465204,7247,6479,1647,248,886,899,142,0.25420589597160054,1300,80,52,1254,553.4367144444445,1586.70565,3.8314849461538465,1.2205428076923077,7,4,4,4,6,8,7,7,9,8,25,39,64,4,51
MELONHEADS,20,270,10.651815304428832,6630,5880,1494,242,864,842,149,0.2540816326530612,1374,86,0,1350,581.34536,1642.50134,3.8079390393013104,1.1954158224163027,5,2,1,6,5,10,1,10,10,10,19,41,60,5,51
BIG RED MACHINE,23,198,9.491822269686134,7377,6564,1628,263,912,912,103,0.24801950030469225,1188,74,54,1142,507.75153555555556,1498.43217,3.8466025420875423,1.2613065404040404,9,5,5,1,2,7,8,5,7,4,22,31,53,6,51
ERIE LAKERS,23,195,8.141825225653362,7572,6697,1735,246,945,915,117,0.25907122592205467,954,53,55,863,433.7507311111111,1240.40573,4.091988029350105,1.3002156498951782,6,7,6,2,8,3,9,1,2,2,29,17,46,7,51
FREE BIRDS,23,244,9.05838713446173,7201,6362,1614,224,873,863,122,0.25369380697893745,1281,81,32,1294,567.7912866666667,1603.68194,3.9891659484777517,1.2518984699453553,2,3,3,3,4,9,4,8,4,5,15,30,45,8,51
FREE AT LAST,22,218,8.097973746955518,7256,6353,1564,235,912,859,145,0.24618290571383597,1086,63,47,985,493.8660222222222,1438.20161,4.092812338858195,1.3243108747697976,3,5,2,5,1,4,5,2,1,1,16,13,29,9,51
WESTSIDE MARAUDERS,23,270,10.92529210972077,7442,6618,1703,262,958,927,152,0.2573284980356603,1339,84,32,1340,580.0783666666666,1645.7225760000001,3.898958401792382,1.2290683913368186,9,8,8,7,7,10,6,10,6,8,39,40,79,1,52
LOUISVILLE SLUGGERS,23,211,10.734638731406685,7689,6916,1801,255,977,930,169,0.26041064198958935,1004,63,82,1095,419.5604644444445,1242.37171,3.761000179282869,1.2374220219123504,7,9,9,8,10,3,10,3,10,7,43,33,76,2,52
HOOSIERS,23,233,10.392251116500322,8239,7350,1832,277,1023,1015,214,0.2492517006802721,1080,64,41,1002,465.61029999999994,1377.88684,3.8800858333333332,1.275821148148148,10,10,10,10,2,4,7,2,7,3,42,23,65,3,52
MELONHEADS,20,270,10.582576830400193,7064,6283,1619,246,906,892,151,0.25767945249084834,1233,79,0,1180,519.7152855555556,1464.91421,3.7935422303325232,1.1880893836171937,6,3,4,6,8,9,4,6,8,10,27,37,64,4,52
NATIONAL PASTIME,23,267,10.331294589163226,7321,6588,1707,229,897,868,142,0.25910746812386154,1211,76,82,1188,508.45763888888894,1468.85425,3.7787933526011566,1.2129267134599506,2,2,1,5,9,7,10,7,9,9,19,42,61,5,52
BIG RED MACHINE,23,203,9.704960728232615,7391,6545,1644,261,928,920,132,0.2511841100076394,1293,77,27,1199,565.6284188888889,1646.81436,3.937088762567672,1.2736383294663574,8,6,7,3,3,8,5,8,4,4,27,29,56,6,52
BLUE SOCKS,23,265,10.14681604598761,7563,6803,1739,224,924,897,200,0.25562251947670145,1197,75,61,1169,519.035251111111,1482.52653,3.902520685045948,1.238535112781955,1,5,5,9,5,6,9,5,5,6,25,31,56,6,52
FREE BIRDS,23,244,9.128740719975037,7229,6406,1623,232,887,884,125,0.25335622853574774,1257,77,27,1287,558.3991766666668,1571.0246300000001,3.998084797136039,1.2498207080350041,3,1,2,2,4,8,5,9,2,5,12,29,41,7,52
FREE AT LAST,22,217,8.239177946371756,7627,6734,1663,244,930,899,136,0.24695574695574696,1257,72,0,1101,602.6912622222222,1666.0985899999998,4.315211901352427,1.3254563166268893,5,7,6,4,1,5,4,4,1,1,23,15,38,8,52
ERIE LAKERS,23,211,7.992958953743143,7276,6420,1652,239,921,889,121,0.2573208722741433,919,57,49,882,406.92070333333334,1179.97729,3.985077616974973,1.283979640914037,4,4,3,1,6,2,8,1,3,2,18,16,34,9,52
WESTSIDE MARAUDERS,23,261,10.733639126871173,7358,6526,1669,259,941,916,144,0.2557462457860864,1265,79,59,1302,546.2566755555555,1543.842656,3.886411130434782,1.220428977075099,8,5,5,6,7,9,8,9,7,9,31,42,73,1,53
LOUISVILLE SLUGGERS,23,222,10.831654775791565,7522,6749,1767,243,965,910,184,0.26181656541709886,1175,74,58,1172,488.57885888888893,1482.80289,3.74230615319149,1.2619599063829787,5,9,4,8,10,8,7,7,10,4,36,36,72,2,53
HOOSIERS,23,239,10.280009243514343,7976,7065,1755,274,1004,986,199,0.2484076433121019,1118,73,25,1044,473.5154688888889,1394.4774900000002,3.811841878354204,1.2472965026833633,10,10,10,10,1,7,4,2,8,7,41,28,69,3,53
NATIONAL PASTIME,23,255,10.480125756152823,7720,6928,1768,262,943,940,135,0.25519630484988454,1166,73,84,1125,508.1054911111111,1446.5685,3.921912024013722,1.2406247855917667,9,6,9,4,6,7,10,4,6,8,34,35,69,3,53
MELONHEADS,23,268,10.610196769534854,7386,6592,1664,252,931,918,171,0.2524271844660194,1395,87,0,1354,588.7752255555555,1681.53748,3.798549842293906,1.205403211469534,6,4,6,7,3,10,2,10,9,10,26,41,67,4,53
BLUE SOCKS,23,267,10.304468290780477,7869,7101,1830,234,957,934,194,0.2577101816645543,1183,73,48,1142,517.7889511111111,1481.9840800000002,3.939222789518175,1.2527337954353341,3,8,7,9,8,7,6,5,5,5,35,28,63,5,53
BIG RED MACHINE,23,210,9.834084412940593,7615,6783,1722,258,954,936,136,0.25386996904024767,1227,73,27,1144,538.9612255555556,1558.27569,3.953260823145885,1.269988337408313,7,7,8,5,4,7,5,6,4,3,31,25,56,6,53
FREE BIRDS,23,246,9.210371488394529,7271,6429,1633,228,894,876,134,0.2540052885363198,1271,79,27,1280,567.025158888889,1589.19552,4.015127010228167,1.2503505271439812,1,2,2,3,5,9,5,8,2,6,13,30,43,7,53
ERIE LAKERS,23,207,7.99099957742169,7080,6289,1632,232,892,868,124,0.2595007155350612,880,53,69,885,389.17228666666665,1119.95547,3.9801711136363638,1.2726766704545456,2,1,1,1,9,5,9,1,3,2,14,20,34,8,53
FREE AT LAST,22,221,8.080257418455837,7571,6686,1664,238,920,890,127,0.24887825306610828,1172,64,16,1059,552.7658855555555,1526.8436299999998,4.244789223549488,1.3027676023890784,4,3,3,2,2,6,3,3,1,1,14,14,28,9,53
WESTSIDE MARAUDERS,23,264,11.030100479585613,7449,6698,1737,249,940,922,164,0.2593311436249627,1268,81,54,1302,539.6395299999999,1567.468006,3.830249029968454,1.2361735063091484,7,8,8,6,9,9,7,8,8,7,38,39,77,1,54
LOUISVILLE SLUGGERS,23,201,10.685892106829666,7590,6829,1780,253,970,927,170,0.26065309708595696,1194,74,36,1212,518.6964055555557,1486.44295,3.90977190117253,1.2449270938023451,8,9,9,7,10,7,6,7,5,6,43,31,74,2,54
HOOSIERS,23,239,10.285616154634814,8172,7253,1821,269,1027,1000,206,0.25106852336964014,1124,69,22,1022,480.2335,1408.8495699999999,3.8452860320284694,1.253424884341637,10,10,10,10,2,5,5,3,7,5,42,25,67,3,54
MELONHEADS,22,270,10.709759156747582,7206,6416,1621,248,913,891,171,0.2526496259351621,1358,85,0,1371,570.0214400000001,1627.07972,3.7777562297496328,1.1981441237113402,6,2,4,8,4,10,3,10,10,10,24,43,67,3,54
NATIONAL PASTIME,23,268,10.399984345906443,7507,6730,1727,243,915,896,141,0.2566121842496285,1190,76,82,1189,499.8570900000001,1448.0859600000001,3.7804317731092447,1.2168789579831933,5,3,6,4,7,8,10,6,9,9,25,42,67,3,54
BLUE SOCKS,23,270,9.981886668997076,7603,6855,1759,229,926,908,181,0.2566010211524435,1060,67,80,1103,455.2111377777778,1300.9348600000003,3.8650002264150953,1.2272970377358494,2,5,7,9,6,4,9,5,6,8,29,32,61,4,54
BIG RED MACHINE,23,203,9.688078309850226,7468,6629,1665,260,932,927,117,0.2511691054457686,1209,73,54,1097,530.5176488888889,1525.99365,3.949262894954508,1.2621949131513646,9,7,9,1,3,6,7,4,4,4,29,25,54,5,54
FREE BIRDS,23,243,9.289768481853784,7351,6527,1659,235,889,895,131,0.25417496552780755,1395,85,0,1331,618.8829877777779,1783.32625,3.992793469534051,1.2783700716845878,3,1,5,3,5,10,3,9,3,3,17,28,45,6,54
ERIE LAKERS,23,206,7.941845345754451,7276,6431,1659,238,918,888,118,0.25796921163116154,900,52,69,858,419.53235666666666,1163.6632499999998,4.195323566666667,1.2929591666666664,4,4,3,2,8,2,8,2,2,2,21,16,37,7,54
FREE AT LAST,22,224,8.082412793746933,7410,6503,1607,238,931,871,154,0.24711671536214055,1154,66,16,1022,538.3531311111111,1513.6391899999999,4.198594610051993,1.3116457452339687,4,6,2,5,1,3,4,3,1,1,18,12,30,8,54
WESTSIDE MARAUDERS,23,266,11.07713208648749,7579,6754,1735,250,957,928,158,0.25688480900207283,1360,86,32,1341,580.9255222222221,1669.9902560000003,3.8443600735294106,1.2279340117647062,6,8,8,7,8,10,5,10,8,8,37,41,78,1,55
LOUISVILLE SLUGGERS,23,212,10.66446822860712,7728,6979,1816,273,983,972,160,0.2602091990256484,1203,71,36,1145,553.1428922222223,1537.2432899999997,4.13822612635079,1.2778414713216955,10,9,10,8,10,5,6,5,1,2,47,19,66,2,55
NATIONAL PASTIME,23,266,10.333503027417859,7492,6704,1715,243,917,893,136,0.25581742243436756,1255,81,52,1278,524.4692055555556,1529.5305600000002,3.7611337450199205,1.2187494501992033,5,4,4,5,5,8,8,8,10,9,23,43,66,2,55
HOOSIERS,23,225,10.297128102081844,8033,7138,1801,257,1009,969,223,0.2523115718688708,1117,66,32,1047,484.8967655555555,1401.94905,3.9069569292748425,1.255102103849597,8,10,9,10,3,3,5,3,5,6,40,22,62,3,55
BLUE SOCKS,23,262,9.93628057176643,7603,6855,1759,229,926,908,181,0.2566010211524435,1062,68,86,1080,460.8862811111111,1331.88155,3.9058159416195855,1.2541257532956687,2,6,6,9,6,4,10,4,6,7,29,31,60,4,55
MELONHEADS,20,270,10.510415281588541,6567,5852,1503,235,847,838,149,0.25683526999316475,1291,82,19,1283,541.8976322222223,1544.6262299999999,3.7777526646010853,1.1964571882261812,4,1,1,6,7,9,2,9,9,10,19,39,58,5,55
BIG RED MACHINE,23,202,9.662891163825723,7371,6530,1629,259,923,903,114,0.24946401225114853,1220,73,59,1148,523.17917,1541.8354800000002,3.859518467213115,1.263799573770492,9,5,5,2,2,6,9,6,7,4,23,32,55,6,55
ERIE LAKERS,23,207,8.301788590631066,7401,6573,1707,254,932,925,118,0.25969876768598815,925,56,42,892,409.9759477777778,1179.8060799999998,3.9889551675675676,1.2754660324324323,7,7,7,3,9,1,7,1,4,3,33,16,49,7,55
FREE BIRDS,23,243,9.027330383984637,7284,6446,1630,230,878,874,122,0.25286999689730066,1309,80,27,1259,583.44964,1650.8557,4.011494851031322,1.2611579067990832,3,2,3,4,4,7,3,7,3,5,16,25,41,8,55
FREE AT LAST,22,229,8.108465903973332,7186,6300,1567,224,904,843,160,0.24873015873015872,1110,65,28,1034,508.12217111111113,1437.76521,4.119909495495496,1.295283972972973,1,3,2,8,1,2,4,2,2,1,15,11,26,9,55
LOUISVILLE SLUGGERS,23,224,10.71345676798888,7685,6880,1787,256,984,930,160,0.25973837209302325,1058,70,63,1090,442.2939955555556,1310.39394,3.7624252930056716,1.2385575992438562,8,9,8,7,10,6,8,4,9,7,42,34,76,1,56
WESTSIDE MARAUDERS,23,266,10.72655662738651,7358,6585,1694,252,927,917,151,0.25725132877752466,1330,82,32,1346,569.8763822222222,1618.428006,3.856306345864662,1.216863162406015,6,5,7,6,7,8,5,9,6,8,31,36,67,2,56
NATIONAL PASTIME,23,270,10.403184295173038,7321,6588,1707,229,897,868,142,0.25910746812386154,1209,77,84,1194,504.54520333333335,1469.32085,3.755919627791563,1.2153191480562449,2,3,3,5,9,7,10,7,10,9,22,43,65,3,56
MELONHEADS,23,269,10.575755326329675,7275,6486,1626,255,923,910,177,0.2506938020351526,1305,83,27,1284,550.7560855555556,1554.1607099999999,3.798317831417625,1.1909277471264368,7,4,5,8,2,9,3,8,8,10,26,38,64,4,56
BIG RED MACHINE,23,220,9.734094666828216,7482,6632,1671,261,938,930,128,0.2519601930036188,1157,70,46,1149,490.7926100000001,1439.9894,3.8177471823681945,1.2445889369057908,9,7,8,3,4,6,7,6,7,6,31,32,63,5,56
BLUE SOCKS,23,261,10.29386005676835,7876,7105,1825,235,969,941,201,0.2568613652357495,1079,67,73,1077,476.6625755555556,1362.1932800000002,3.975869490268768,1.2624590176088972,3,8,9,9,6,4,9,3,5,5,35,26,61,6,56
HOOSIERS,23,222,10.218710622523696,8054,7122,1791,265,1027,977,211,0.2514743049705139,1203,69,22,1103,544.8282788888888,1549.5286199999998,4.076022036575228,1.288053715710723,10,10,10,10,3,5,2,5,2,3,43,17,60,7,56
FREE BIRDS,23,245,9.328424811345023,7327,6485,1635,239,890,891,134,0.25212027756360833,1372,84,0,1361,613.4986155555556,1734.66963,4.024407827988338,1.2643364650145774,4,1,4,4,5,10,1,10,4,4,18,29,47,8,56
ERIE LAKERS,23,203,7.9228935762412975,7454,6612,1703,247,935,913,118,0.2575620084694495,956,59,36,860,429.34947666666665,1237.5572,4.041992981171548,1.29451589958159,5,6,6,2,8,3,6,1,3,2,27,15,42,9,56
FREE AT LAST,22,219,8.097263382344607,7375,6523,1632,227,894,868,134,0.2501916296182738,1183,67,30,1043,548.3420044444445,1549.2417699999999,4.17166360101437,1.3095872950126795,1,2,3,4,1,4,4,2,1,1,11,12,23,10,56
WESTSIDE MARAUDERS,23,268,10.934471270460453,7253,6459,1656,266,929,924,134,0.2563864375290293,1265,78,59,1292,541.9138188888888,1528.508426,3.8555133359683795,1.2083070561264824,8,6,7,4,6,9,8,10,7,9,31,43,74,1,57
LOUISVILLE SLUGGERS,23,204,10.819878706234924,7501,6742,1749,259,961,926,175,0.25941857015722336,1146,72,55,1181,494.60489222222225,1441.4897099999998,3.8843316143106463,1.2578444240837694,7,8,8,8,9,6,7,6,6,4,40,29,69,2,57
NATIONAL PASTIME,23,265,10.332022752792684,7429,6663,1712,239,911,887,142,0.2569413177247486,1212,77,82,1184,509.7182744444445,1479.40065,3.7850366914191427,1.220627599009901,5,4,4,6,8,8,10,7,8,8,27,41,68,3,57
HOOSIERS,23,234,10.318414834746417,7975,7100,1773,272,998,991,211,0.24971830985915494,1072,66,38,1033,448.81685,1346.04211,3.768051912313433,1.255636296641791,9,10,10,10,2,4,5,3,9,5,41,26,67,4,57
BLUE SOCKS,23,263,10.177946002503973,7729,6964,1779,228,939,913,202,0.2554566341183228,1155,73,61,1154,504.52669444444444,1445.43346,3.93137683982684,1.251457541125541,3,7,6,9,5,7,9,5,4,6,30,31,61,5,57
MELONHEADS,20,270,10.57090656119612,7045,6271,1596,239,897,876,155,0.25450486365810876,1247,79,0,1199,520.8766088888889,1484.94954,3.7593339855653567,1.1908175942261428,5,3,3,7,4,10,1,8,10,10,22,39,61,5,57
BIG RED MACHINE,23,214,9.85740279230936,7797,6905,1734,273,979,959,131,0.2511223750905141,1163,71,41,1094,507.27540888888893,1478.57687,3.92560505588994,1.2713472656921756,10,9,9,3,3,5,6,4,5,3,34,23,57,6,57
FREE BIRDS,23,257,9.235354409450688,7323,6498,1669,222,893,875,135,0.25684826100338565,1233,77,27,1270,540.9056377777779,1532.61032,3.948216334144364,1.2429929602595295,2,2,2,5,7,8,3,9,3,7,18,30,48,7,57
FREE AT LAST,22,220,8.129687665743315,7592,6681,1657,240,927,894,123,0.2480167639574914,1141,66,13,1029,527.2663511111111,1472.74166,4.158980858895706,1.2907464154250656,6,5,5,2,1,4,2,2,2,2,19,12,31,8,57
ERIE LAKERS,23,195,7.913841016234119,7171,6382,1662,232,897,875,112,0.2604199310560953,1094,62,37,968,513.8800333333334,1447.4180199999998,4.22753226691042,1.3230512065813527,4,3,2,1,10,3,4,1,1,1,20,10,30,9,57
WESTSIDE MARAUDERS,23,263,10.893784582479565,7421,6621,1714,255,949,922,137,0.2588732819815738,1378,85,32,1364,598.2645288888888,1707.5853060000002,3.9073880696661822,1.239176564586357,8,7,8,6,8,10,6,10,6,6,37,38,75,1,58
MELONHEADS,23,265,10.68966775493442,7421,6630,1680,252,936,922,171,0.25339366515837103,1291,82,22,1308,542.6486922222223,1552.20232,3.7829885592563905,1.2023255770720374,6,5,8,8,5,9,4,8,9,10,32,40,72,2,58
LOUISVILLE SLUGGERS,23,207,10.715552244081975,7599,6824,1778,253,966,921,164,0.2605509964830012,951,58,120,994,413.1943777777778,1176.1768,3.910356887486856,1.2367789695057834,7,8,7,7,10,4,10,3,5,7,39,29,68,3,58
HOOSIERS,23,237,10.276540451131273,7949,7055,1766,268,1002,984,209,0.2503189227498228,1211,75,11,1089,511.8665177777778,1520.7801900000002,3.804127712634187,1.2558052766308838,10,10,10,10,2,7,2,4,8,4,42,25,67,4,58
NATIONAL PASTIME,21,270,10.218322212053133,6583,5913,1539,212,816,793,135,0.2602739726027397,1251,80,52,1287,519.1370811111111,1517.5775,3.7347991446842523,1.2130915267785771,1,1,2,5,9,8,8,7,10,9,18,42,60,5,58
BLUE SOCKS,23,267,9.996002820116148,7606,6890,1765,226,917,907,179,0.25616835994194487,1063,69,80,1116,457.2194977777778,1291.5689599999998,3.87109640639699,1.2150225399811851,2,3,4,9,6,6,9,5,7,8,24,35,59,6,58
BIG RED MACHINE,23,207,9.81307364911713,7622,6768,1703,263,947,942,134,0.2516252955082742,1272,75,27,1183,559.1746377777778,1607.94672,3.9564243238993715,1.2641090566037736,9,6,9,4,3,7,5,6,4,3,31,25,56,7,58
FREE BIRDS,23,249,9.329993232248517,7540,6684,1693,241,912,909,118,0.2532914422501496,1352,82,0,1313,608.0564788888889,1697.42459,4.04771324704142,1.2554915606508876,3,2,5,2,4,9,1,9,3,5,16,27,43,8,58
FREE AT LAST,22,223,8.134988886817764,7816,6862,1703,246,971,915,171,0.2481783736519965,1016,61,16,869,467.21455000000003,1351.0188500000002,4.13871156496063,1.3297429625984254,5,9,6,8,1,5,3,1,2,1,29,12,41,9,58
ERIE LAKERS,23,196,7.909269664116996,7335,6502,1678,243,925,899,123,0.2580744386342664,1005,57,41,920,469.32050555555554,1323.9097499999998,4.202870199004975,1.317323134328358,4,4,3,3,7,3,7,2,1,2,21,15,36,10,58
WESTSIDE MARAUDERS,23,267,11.093245800505935,7407,6601,1699,267,948,938,145,0.25738524465990004,1376,86,32,1351,596.6263999999999,1680.635776,3.9023529069767435,1.2213922790697676,9,8,8,6,8,10,4,10,7,8,39,39,78,1,59
NATIONAL PASTIME,23,266,10.32819409998372,7534,6759,1727,245,919,900,145,0.25551117029146325,1203,76,71,1195,499.2446666666667,1468.67718,3.7349975062344143,1.220845536159601,5,4,4,6,7,7,10,8,9,9,26,43,69,2,59
LOUISVILLE SLUGGERS,23,216,10.771140738748512,7744,6953,1836,249,997,935,181,0.26405867970660146,1048,68,52,1089,437.4657011111112,1293.1914499999998,3.7568619370229013,1.2339613072519082,6,9,7,8,10,3,6,3,8,7,40,27,67,3,59
BLUE SOCKS,23,262,10.206270001678682,7729,6964,1779,228,939,913,202,0.2554566341183228,1190,75,61,1156,521.2484722222223,1508.9348900000002,3.9422153361344545,1.268012512605042,3,6,6,10,6,6,8,5,5,5,31,29,60,4,59
HOOSIERS,23,225,10.302549807783938,7938,7036,1755,272,1000,982,200,0.24943149516770893,1321,78,0,1183,606.0875511111111,1699.57735,4.129286873580621,1.2865839137017412,10,10,10,9,1,8,2,6,2,2,40,20,60,4,59
BIG RED MACHINE,23,210,9.772588412370663,7699,6861,1722,262,943,945,130,0.2509838216003498,1187,71,54,1100,516.3417666666667,1502.55229,3.91497548441449,1.2658401769165966,8,7,9,4,2,4,7,4,6,6,30,27,57,5,59
MELONHEADS,18,270,10.175530829092178,6063,5397,1378,216,795,770,163,0.25532703353715025,1133,72,27,1185,464.3609433333334,1325.08862,3.688657096204767,1.1695398234774934,1,1,1,7,5,5,3,7,10,10,15,35,50,6,59
FREE BIRDS,23,239,9.317040232783038,7348,6504,1638,250,907,907,113,0.2518450184501845,1375,84,0,1314,616.29672,1747.7661400000002,4.033942167272728,1.2711026472727274,7,3,5,2,4,9,2,9,3,4,21,27,48,7,59
ERIE LAKERS,23,203,8.061933468760783,7400,6551,1692,239,924,895,116,0.25828117844603876,951,58,36,922,419.06852111111107,1212.43565,3.965948149316509,1.2749060462670871,4,5,3,3,9,2,5,1,4,3,24,15,39,8,59
FREE AT LAST,22,220,8.157859942257039,7417,6544,1646,226,903,870,131,0.2515281173594132,1006,56,68,948,469.35612555555554,1307.3316399999999,4.199011063618291,1.2995344333996022,2,2,2,5,3,1,9,2,1,1,14,14,28,9,59
MELONHEADS,23,270,10.820602567280394,7685,6861,1746,264,968,956,163,0.2544818539571491,1346,84,0,1329,576.52415,1626.85114,3.8549163075780086,1.2086561218424963,10,8,9,7,5,10,1,10,7,10,39,38,77,1,60
LOUISVILLE SLUGGERS,23,209,10.69433117102265,7671,6890,1795,251,968,927,169,0.260522496371553,1049,69,80,1031,440.5687588888889,1315.07673,3.779903555767398,1.2536479790276454,6,8,7,9,10,3,10,2,9,6,40,30,70,2,60
NATIONAL PASTIME,23,253,10.343734609315042,7611,6831,1739,261,930,932,133,0.2545747328356024,1211,78,52,1226,525.4288366666667,1497.9676000000002,3.904921164327003,1.2369674649050373,9,6,8,3,6,7,7,7,5,7,32,33,65,3,60
WESTSIDE MARAUDERS,21,270,10.969200793537581,6917,6137,1568,245,892,868,144,0.25549942968877304,1316,83,43,1317,562.5395055555555,1592.5661260000002,3.847154673252279,1.2101566306990883,4,4,3,4,7,9,6,9,8,9,22,41,63,4,60
BLUE SOCKS,22,270,10.112515483638488,7269,6569,1697,223,886,880,155,0.25833460191810015,1128,71,78,1154,472.71603444444446,1379.07447,3.7716704875886524,1.22258375,1,3,5,6,8,5,9,6,10,8,23,38,61,5,60
HOOSIERS,23,228,10.272517774573506,7966,7097,1782,259,994,972,221,0.2510920107087502,1248,72,16,1128,552.4510844444444,1592.49909,3.984022243589744,1.2760409375,8,10,10,10,2,6,3,5,3,3,40,20,60,6,60
BIG RED MACHINE,23,220,9.83852542759333,7503,6661,1692,254,947,925,146,0.25401591352649755,1158,70,54,1112,496.68856000000005,1462.53986,3.8602737823834206,1.2629877892918826,7,7,6,5,4,4,8,4,6,4,29,26,55,7,60
FREE AT LAST,22,231,8.114718846906579,7893,6936,1730,246,982,927,168,0.2494232987312572,890,50,36,818,411.7021166666667,1158.8739500000001,4.163279831460675,1.302105561797753,5,9,7,8,1,1,5,1,2,1,30,10,40,8,60
FREE BIRDS,23,241,9.062770032708706,7257,6401,1610,231,885,864,114,0.2515231995000781,1306,80,32,1291,574.9498377777778,1646.6622000000002,3.962135176110261,1.260843950995406,2,2,2,1,3,8,4,8,4,5,10,29,39,9,60
ERIE LAKERS,23,188,8.01959733468749,7158,6383,1662,236,898,878,128,0.26037913206955976,1138,67,10,1037,532.5279833333334,1474.07982,4.211556985940247,1.2953249736379613,3,5,4,2,9,2,2,3,1,2,23,10,33,10,60
LOUISVILLE SLUGGERS,23,215,10.752942288548478,7990,7210,1861,272,1002,980,175,0.25811373092926493,895,57,87,948,365.96875222222224,1084.29792,3.6801327039106146,1.2115060558659219,9,9,9,8,8,1,10,1,10,9,43,31,74,1,61
MELONHEADS,22,270,10.74870826904918,7349,6548,1665,259,931,923,160,0.25427611484422724,1348,86,0,1318,577.0011388888889,1632.4810499999999,3.852381491097923,1.2110393545994065,7,6,7,7,4,10,3,10,6,10,31,39,70,2,61
WESTSIDE MARAUDERS,23,269,10.87821735720559,7358,6548,1672,258,937,919,138,0.25534514355528404,1268,79,51,1300,532.9584199999999,1539.0657560000002,3.782827902208201,1.2137742555205049,6,7,6,5,7,8,7,9,7,8,31,39,70,2,61
HOOSIERS,23,238,10.405063960050406,8054,7187,1792,273,1004,997,212,0.24933908445804925,1121,71,27,1061,469.57546111111105,1422.8611,3.77000816235504,1.269278412132025,10,10,10,10,1,4,4,4,8,3,41,23,64,3,61
BLUE SOCKS,23,270,10.121864206202632,7544,6790,1732,225,923,896,203,0.25508100147275403,1123,73,61,1178,487.57102444444445,1364.43713,3.907514888691006,1.2149929919857525,2,5,5,9,6,5,9,5,5,7,27,31,58,4,61
NATIONAL PASTIME,22,270,10.33740448918443,6989,6272,1625,222,865,838,149,0.2590880102040816,1277,82,52,1273,534.3303900000001,1560.84525,3.765836734534065,1.2222750587314017,1,2,1,6,9,9,8,7,9,6,19,39,58,4,61
BIG RED MACHINE,23,205,9.768633948513736,7531,6667,1675,267,945,935,118,0.25123743812809357,1289,76,27,1204,571.6080788888889,1617.4402,3.99105718386346,1.2548023273855702,8,8,8,2,3,6,4,6,3,5,29,24,53,5,61
FREE BIRDS,23,244,9.220511197401118,7351,6502,1658,230,902,877,126,0.2549984620116887,1283,77,27,1287,568.4618644444445,1619.9952500000002,3.987651426344505,1.2626619251753703,3,4,3,3,5,7,4,8,4,4,18,27,45,6,61
ERIE LAKERS,23,195,8.023610067957248,7092,6295,1643,231,891,869,111,0.26100079428117556,1093,63,42,987,516.5837933333333,1441.5161899999998,4.253663440073193,1.318862021957914,4,3,2,1,10,2,6,3,2,2,20,15,35,7,61
FREE AT LAST,22,215,8.089259280117492,7557,6646,1664,233,931,886,128,0.2503761661149564,1155,64,39,951,546.8863044444445,1542.54356,4.261451722943723,1.33553554978355,5,6,4,4,2,3,5,2,1,1,21,12,33,8,61
WESTSIDE MARAUDERS,23,265,11.064924095070511,7694,6868,1740,271,961,957,148,0.25334886429819453,1284,81,43,1295,549.5648922222222,1560.899376,3.8520903660436137,1.2156537196261683,10,8,9,5,5,9,5,9,8,9,37,40,77,1,62
NATIONAL PASTIME,23,269,10.380010091272615,7500,6727,1726,244,918,902,146,0.2565779693771369,1203,76,71,1195,499.2446666666667,1468.67718,3.7349975062344143,1.220845536159601,6,6,6,4,7,8,9,6,10,8,29,41,70,2,62
LOUISVILLE SLUGGERS,23,218,10.75614238391035,7837,7017,1831,259,1015,948,180,0.2609377226735072,1073,67,53,1105,469.37144000000006,1352.86928,3.9369459086672887,1.2608287791239514,8,9,8,9,10,3,7,3,5,5,44,23,67,3,62
MELONHEADS,21,270,10.658464582207223,6945,6186,1582,247,890,885,155,0.2557387649531199,1200,76,49,1217,502.6051366666667,1433.68059,3.769538525,1.194733825,7,2,3,7,6,8,6,8,9,10,25,41,66,4,62
BLUE SOCKS,23,262,9.928731833744525,7480,6752,1734,223,912,896,176,0.2568127962085308,1096,70,88,1112,477.1101844444444,1364.79395,3.9178756021897807,1.245249954379562,2,5,4,8,8,4,10,4,6,7,27,31,58,5,62
BIG RED MACHINE,23,207,9.807862304294302,7545,6691,1694,259,948,924,119,0.25317590793603345,1268,75,27,1196,551.5290777777778,1617.4436200000002,3.9146385646687705,1.275586451104101,8,7,7,2,4,7,4,7,7,4,28,29,57,6,62
HOOSIERS,23,232,10.285357701056009,8092,7193,1816,264,1017,994,221,0.2524676769081051,1223,71,16,1080,546.257948888889,1579.79002,4.0198867865903525,1.2917334587080949,9,10,10,10,3,5,3,2,3,1,42,14,56,7,62
FREE BIRDS,23,247,9.321354116727225,7463,6610,1666,241,901,897,121,0.2520423600605144,1382,83,0,1338,622.3091777777778,1732.7523800000001,4.05266468885673,1.2538005643994212,5,4,5,3,2,10,2,10,2,6,19,30,49,8,62
ERIE LAKERS,23,198,7.960694686123737,7223,6422,1672,232,899,876,119,0.2603550295857988,883,55,66,845,389.6373522222222,1129.78581,3.971388640996602,1.2794856285390714,4,3,2,2,9,2,8,1,4,2,20,17,37,9,62
FREE AT LAST,22,225,8.07557590823794,7060,6200,1533,228,884,839,152,0.24725806451612903,1240,74,0,1124,563.3153511111112,1584.7912000000001,4.0885791612903235,1.2780574193548389,3,1,1,6,1,6,2,5,1,3,12,17,29,10,62
WESTSIDE MARAUDERS,23,268,10.85032217011255,7449,6649,1707,261,945,933,156,0.25673033538878026,1314,81,32,1341,564.5987711111111,1607.3711460000002,3.8671148706240484,1.2232657123287674,9,8,9,6,7,8,5,10,6,8,39,37,76,1,63
LOUISVILLE SLUGGERS,23,206,10.608669987257635,7492,6730,1756,250,970,917,175,0.2609212481426449,1061,68,69,1104,450.11611444444446,1315.26911,3.8181385768143263,1.2396504335532517,7,9,7,8,10,3,9,4,8,7,41,31,72,2,63
HOOSIERS,23,241,10.263481121934001,8025,7115,1774,270,1013,989,199,0.24933239634574841,1106,69,30,1054,463.2887188888889,1380.62141,3.7699805334538876,1.2483014556962024,10,10,10,10,2,4,4,3,9,6,42,26,68,3,63
NATIONAL PASTIME,23,266,10.363146127844745,7503,6710,1719,247,920,894,127,0.25618479880774964,1277,82,52,1273,534.3303900000001,1560.84525,3.765836734534065,1.2222750587314017,6,4,4,2,6,9,6,8,10,9,22,42,64,4,63
BLUE SOCKS,23,256,10.086474962851362,7712,6972,1804,222,936,914,176,0.2587492828456684,1102,70,83,1104,482.15161666666665,1385.6430200000002,3.937717377495463,1.2573893103448277,2,6,6,9,9,5,10,4,4,4,32,27,59,5,63
MELONHEADS,21,270,10.675415467480219,7034,6276,1606,246,894,885,152,0.25589547482472913,1359,85,0,1307,579.7334333333333,1635.4879899999999,3.839294260485651,1.203449587932303,5,2,2,5,5,10,2,9,7,10,19,38,57,6,63
BIG RED MACHINE,23,213,9.7836274529729,7489,6658,1686,253,941,922,135,0.25322919795734455,1258,74,27,1169,550.3126166666667,1575.52024,3.9370536963434026,1.252400826709062,8,7,8,3,4,6,3,6,5,5,30,25,55,7,63
FREE BIRDS,23,251,9.246834566414954,7222,6400,1605,241,879,887,137,0.25078125,1217,75,57,1193,541.282317777778,1531.1279200000001,4.002909498767463,1.25811661462613,4,1,3,4,3,7,7,7,3,3,15,27,42,8,63
ERIE LAKERS,23,204,8.020234953220111,7454,6612,1703,247,935,913,118,0.2575620084694495,928,54,63,829,424.65259888888886,1209.15111,4.118398049568965,1.3029645581896552,6,5,5,1,8,2,8,2,2,2,25,16,41,9,63
FREE AT LAST,22,228,8.190526932848682,7375,6483,1610,235,911,862,159,0.24834181706000308,1230,70,0,1133,580.47865,1624.4462099999998,4.247404756097561,1.320687975609756,3,3,1,7,1,5,2,5,1,1,15,14,29,10,63
WESTSIDE MARAUDERS,23,268,11.192444635864776,7617,6773,1729,264,978,946,153,0.255278310940499,1337,84,32,1310,569.9806388888888,1636.0659260000002,3.8368180628272253,1.2236843126402395,10,9,9,6,7,10,5,9,8,9,41,41,82,1,64
HOOSIERS,23,243,10.279879324331864,7907,6991,1770,250,1005,949,229,0.2531826634244028,1049,67,43,1041,436.63092777777774,1312.89672,3.7461185414680647,1.2515697998093422,6,10,10,10,3,5,6,2,9,5,39,27,66,2,64
BLUE SOCKS,23,260,10.225311042814365,7747,6974,1788,243,950,937,176,0.2563808431316318,1075,67,83,1068,478.9272088888889,1329.60347,4.009623144186047,1.2368404372093023,4,7,7,8,8,5,10,5,4,7,34,31,65,3,64
LOUISVILLE SLUGGERS,23,221,10.608886613857145,7560,6829,1808,245,964,917,167,0.2647532581637136,1007,66,80,1052,429.8885811111111,1250.0801999999999,3.842102512413108,1.2413904667328697,5,8,5,7,10,4,9,4,6,6,35,29,64,4,64
NATIONAL PASTIME,23,258,10.371900845169652,7527,6714,1701,258,922,927,130,0.25335120643431636,1285,80,52,1240,551.0645633333334,1575.23381,3.8595961634241247,1.225862887159533,8,5,6,3,4,8,7,8,5,8,26,36,62,5,64
MELONHEADS,19,270,10.3416340217803,6490,5777,1468,225,846,816,178,0.25411113034446947,1151,75,19,1186,466.8090155555556,1361.6582999999998,3.650113935708081,1.1830219808861857,1,2,1,9,6,7,4,7,10,10,19,38,57,6,64
BIG RED MACHINE,23,211,9.745646009677603,7454,6617,1657,259,934,913,133,0.2504155961916276,1185,73,59,1137,505.63775,1498.3146700000002,3.8402867088607593,1.2644005654008441,9,6,4,4,2,6,8,6,7,3,25,30,55,7,64
FREE BIRDS,23,246,9.251031868307546,7358,6559,1665,235,879,898,122,0.253849672206129,1382,83,0,1338,622.3091777777778,1732.7523800000001,4.05266468885673,1.2538005643994212,3,3,3,2,5,9,1,10,3,4,16,27,43,8,64
FREE AT LAST,22,214,8.14987406823529,8047,7091,1752,255,978,941,141,0.24707375546467353,1025,56,17,918,470.2298611111112,1362.43727,4.12884756097561,1.3292070926829267,7,9,8,5,1,3,3,1,2,1,30,10,40,9,64
ERIE LAKERS,23,189,8.113036148568462,7223,6422,1672,232,899,876,119,0.2603550295857988,1170,66,16,1050,553.4584855555555,1518.8355999999997,4.257372965811966,1.2981500854700851,2,4,2,1,9,4,2,3,1,2,18,12,30,10,64
WESTSIDE MARAUDERS,23,268,10.983263694885503,7344,6608,1712,247,922,912,137,0.25907990314769974,1352,87,32,1356,570.5601788888888,1637.110376,3.7981076997041416,1.2108804556213018,7,4,7,4,8,10,6,10,8,9,30,43,73,1,65
LOUISVILLE SLUGGERS,23,230,10.640766848245375,7386,6627,1729,241,939,895,170,0.2609023690961219,1135,74,49,1193,460.5864644444445,1391.2525699999999,3.652227471365639,1.2257731894273127,5,7,4,7,10,6,7,7,10,8,33,38,71,2,65
NATIONAL PASTIME,23,250,10.372277715094857,7730,6911,1749,276,948,970,129,0.2530748082766604,1117,70,79,1093,493.4296811111111,1389.97149,3.9757091584601607,1.2443791316025066,10,8,10,3,4,5,10,4,4,7,35,30,65,3,65
BLUE SOCKS,23,259,10.250370758083294,7932,7148,1835,246,966,954,175,0.25671516508114156,1237,75,29,1173,549.8259433333334,1554.6820199999997,4.000350436540017,1.2568165076798705,6,9,8,8,7,7,4,6,3,5,38,25,63,4,65
HOOSIERS,23,229,10.237278340948167,7858,6959,1737,266,1000,969,201,0.24960482827992528,1049,64,77,994,457.5915211111111,1342.78028,3.9259520400381316,1.2800574642516682,9,10,9,10,1,4,9,2,6,2,39,23,62,5,65
MELONHEADS,21,270,10.62906466895312,6917,6153,1567,236,888,857,178,0.25467251747115227,1272,80,27,1292,532.6461177777778,1517.15598,3.7687225314465413,1.1927326886792453,4,1,2,9,6,9,3,8,9,10,22,39,61,6,65
BIG RED MACHINE,23,211,9.734543945145747,7367,6553,1653,251,923,904,144,0.252250877460705,1210,74,59,1127,519.5704233333333,1531.03602,3.8645733966942153,1.2653190247933885,8,5,6,5,3,6,8,5,7,3,27,29,56,7,65
FREE BIRDS,23,247,9.1991093171589,7375,6538,1664,226,896,877,128,0.2545120832058734,1293,78,19,1295,569.9139711111111,1619.79375,3.966918592420727,1.2527407192575406,3,2,3,2,5,8,2,9,5,6,15,30,45,8,65
ERIE LAKERS,23,179,7.897715810809283,7373,6538,1696,241,925,899,119,0.2594065463444478,1127,64,12,1000,532.8945133333334,1503.52046,4.255590612244899,1.3340909139307897,5,6,5,1,9,4,1,3,1,1,26,10,36,9,65
FREE AT LAST,22,233,8.050044743500695,7347,6476,1625,221,905,847,158,0.2509264978381717,1060,62,30,984,483.9264133333334,1338.18046,4.108809169811321,1.262434396226415,2,3,1,6,2,3,5,1,2,4,14,15,29,10,65
LOUISVILLE SLUGGERS,23,219,10.631748718674835,7606,6861,1829,241,984,914,189,0.2665792158577467,1048,68,52,1101,448.01585444444447,1310.5115999999998,3.847464398854962,1.250488167938931,6,9,7,8,10,5,8,5,7,6,40,31,71,1,66
WESTSIDE MARAUDERS,22,270,11.058284000554831,7043,6255,1595,260,905,896,152,0.25499600319744203,1261,79,59,1286,535.5375588888888,1524.443426,3.8222347581284692,1.208916277557494,8,4,4,6,5,8,9,9,8,9,27,43,70,2,66
BLUE SOCKS,23,267,10.31103226958813,7869,7101,1830,234,957,934,194,0.2577101816645543,1072,66,75,1084,460.63126111111114,1334.60168,3.867240065298508,1.2449642537313432,5,8,8,9,8,4,10,4,6,7,38,31,69,3,66
HOOSIERS,23,235,10.467935867213244,8228,7306,1811,281,1026,1019,205,0.24787845606350944,1191,73,19,1051,518.6199933333334,1520.42937,3.919042770780857,1.276598967254408,10,10,10,10,2,6,6,3,4,3,42,22,64,4,66
NATIONAL PASTIME,23,264,10.306458938738645,7317,6516,1660,241,902,879,134,0.25475751995089013,1276,81,52,1277,533.0697544444445,1550.2988500000001,3.759896387147336,1.2149677507836991,6,3,3,4,4,9,8,8,9,8,20,42,62,5,66
MELONHEADS,18,270,10.159637061528478,6063,5397,1378,216,795,770,163,0.25532703353715025,1210,79,0,1235,498.4714822222223,1426.44555,3.707639123966943,1.1788806198347106,2,1,1,7,7,8,5,7,10,10,18,40,58,6,66
BIG RED MACHINE,23,203,9.659256266576564,7357,6504,1612,268,923,912,120,0.24784747847478475,1211,74,59,1135,522.5839155555556,1529.20071,3.8837780677126346,1.262758637489678,9,6,6,3,1,7,9,6,5,4,25,31,56,7,66
FREE BIRDS,23,245,9.185863089986942,7484,6628,1691,233,914,897,108,0.2551297525648763,1336,82,0,1312,597.0587077777778,1674.24376,4.022102073353294,1.2531764670658683,4,5,5,1,6,10,5,10,3,5,21,33,54,8,66
FREE AT LAST,22,213,8.110666880878039,7921,7016,1754,242,954,935,142,0.25,976,53,33,888,449.05335777777776,1273.01395,4.140860881147541,1.3043175717213116,7,7,9,5,3,2,7,1,2,2,31,14,45,9,66
ERIE LAKERS,23,191,8.147281283440153,7223,6422,1672,232,899,876,119,0.2603550295857988,1085,62,52,971,521.8943244444445,1434.68945,4.32907734562212,1.3222944239631338,3,2,2,2,9,3,8,2,1,1,18,15,33,10,66
WESTSIDE MARAUDERS,23,266,10.912015473669088,7575,6735,1702,262,953,938,155,0.25270972531551594,1257,80,54,1277,531.2529233333333,1527.9267960000002,3.8037202147971363,1.2155344439140814,9,7,7,7,5,9,8,9,8,9,35,43,78,1,67
HOOSIERS,23,238,10.154227689166635,7926,7009,1772,248,1001,945,233,0.25281780567841344,1016,65,54,983,425.85223777777776,1268.6072,3.7723131299212596,1.2486291338582676,7,10,10,10,6,3,8,2,9,7,43,29,72,2,67
LOUISVILLE SLUGGERS,23,227,10.668818173260021,7396,6630,1740,245,955,894,151,0.26244343891402716,1102,71,64,1152,446.69302555555555,1354.2324,3.6481281578947367,1.2288860254083485,6,8,5,5,10,4,9,6,10,8,34,37,71,3,67
NATIONAL PASTIME,23,256,10.498913538676335,7730,6939,1799,255,959,944,154,0.25925925925925924,1224,74,52,1168,542.8115611111111,1540.85004,3.9912614787581706,1.2588644117647059,8,9,9,6,9,7,7,7,4,4,41,29,70,4,67
BLUE SOCKS,23,261,10.202242100252802,7785,7022,1806,243,949,942,174,0.25719168328111647,1163,73,48,1151,513.1682744444445,1463.81959,3.971207626827171,1.2586582889079967,5,6,8,8,7,6,6,5,5,5,34,27,61,5,67
MELONHEADS,21,270,10.712794901406914,6848,6104,1542,235,880,855,179,0.25262123197903014,1413,89,0,1357,600.5885155555555,1693.1689,3.8254045576786977,1.198279476291578,3,2,1,9,4,10,3,10,7,10,19,40,59,6,67
BIG RED MACHINE,23,215,9.782960821981128,7525,6681,1671,264,941,928,137,0.25011225864391556,1094,65,86,1040,470.4889455555556,1367.8809800000001,3.8705671937842783,1.2503482449725778,10,5,6,4,2,3,10,3,6,6,27,28,55,7,67
FREE BIRDS,23,242,9.158113523528165,7442,6605,1666,237,901,893,120,0.2522331566994701,1262,78,27,1254,563.4614700000001,1589.60247,4.01834645800317,1.2595899128367671,4,4,4,2,3,8,4,8,3,3,17,26,43,8,67
ERIE LAKERS,23,201,7.898911251197756,7185,6386,1654,234,899,876,123,0.2590040714062011,1066,61,28,976,492.5788766666667,1397.0108799999998,4.158733480300188,1.3105167729831142,2,3,3,3,8,2,5,1,2,1,19,11,30,9,67
FREE AT LAST,22,211,8.065045737920247,7228,6399,1595,230,878,868,120,0.24925769651508048,1255,72,0,1149,584.0493977777778,1622.38415,4.188402055776892,1.2927363745019922,1,1,2,2,1,5,3,4,1,2,7,15,22,10,67
LOUISVILLE SLUGGERS,23,222,10.539552867132839,7403,6684,1741,261,950,935,169,0.26047277079593056,1049,65,66,1090,442.1169044444445,1292.2877799999999,3.7931860247855105,1.231923527168732,9,8,8,8,10,4,10,4,9,8,43,35,78,1,68
MELONHEADS,23,269,10.675953359842609,7468,6670,1702,259,942,941,159,0.25517241379310346,1390,87,0,1324,596.512788888889,1682.40528,3.8623130215827346,1.2103635107913668,8,7,9,7,4,10,2,9,6,10,35,37,72,2,68
WESTSIDE MARAUDERS,23,260,10.9850383389951,7488,6678,1714,253,941,924,146,0.25666367175801136,1353,84,32,1358,579.2134055555555,1662.2149760000002,3.8528607908351806,1.228540263118995,6,6,6,6,7,9,4,10,7,9,31,39,70,3,68
HOOSIERS,23,231,10.228988174308045,7865,6990,1765,253,989,948,218,0.2525035765379113,1050,65,55,989,434.1619288888889,1302.97687,3.7213879619047616,1.2409303523809523,6,10,10,10,3,4,7,3,10,5,39,29,68,4,68
NATIONAL PASTIME,23,258,10.338396702099006,7610,6800,1744,248,937,901,137,0.2564705882352941,1289,79,52,1245,551.2660666666667,1592.88974,3.8490260667183867,1.2357561986035688,5,5,4,5,6,8,6,7,8,6,25,35,60,5,68
BLUE SOCKS,23,269,9.855494048253442,7495,6755,1737,225,920,900,177,0.2571428571428571,1104,72,56,1178,478.8080577777778,1362.0575999999999,3.903326557971015,1.2337478260869563,3,3,3,9,8,5,8,6,4,7,26,30,56,6,68
BIG RED MACHINE,23,203,9.720931170732676,7528,6696,1660,265,922,923,116,0.24790919952210275,1186,73,59,1118,510.8134288888889,1503.8182100000001,3.8763245025295108,1.2679748819561552,10,4,5,3,2,6,9,5,5,3,24,28,52,7,68
ERIE LAKERS,23,205,8.167071742819163,7453,6610,1705,255,942,925,113,0.2579425113464448,1042,61,34,926,488.87298444444446,1390.6348799999998,4.222511381957774,1.3345824184261035,7,7,7,2,9,3,5,2,1,1,32,12,44,8,68
FREE BIRDS,23,249,9.076357142497082,7284,6438,1650,223,885,876,124,0.25629077353215285,1277,78,27,1265,569.6649944444445,1595.62057,4.014866836335161,1.2495071025841817,2,2,1,4,5,7,3,8,3,4,14,25,39,9,68
FREE AT LAST,22,227,8.185573326795716,7606,6665,1649,239,954,892,177,0.2474118529632408,988,57,32,911,458.35401,1272.26486,4.175289564777328,1.2877174696356275,4,9,2,9,1,2,4,1,2,2,25,11,36,10,68
WESTSIDE MARAUDERS,23,264,11.106913005247435,7631,6857,1794,247,962,938,158,0.2616304506343882,1259,77,54,1284,543.8767366666666,1543.0561460000001,3.8879194837172357,1.2256204495631455,7,8,8,7,9,7,7,7,6,9,39,36,75,1,69
BLUE SOCKS,23,269,10.14863793284838,7425,6682,1709,239,913,912,160,0.2557617479796468,1308,81,29,1288,562.1028,1635.22409,3.8676798165137614,1.2501713226299693,5,4,5,8,6,9,6,8,8,7,28,38,66,2,69
MELONHEADS,21,270,10.751346149005006,6966,6193,1575,247,901,875,152,0.2543193928629097,1366,87,0,1352,580.6003455555556,1631.9156699999999,3.8253317057101026,1.194667401171303,7,2,3,6,5,10,2,10,9,10,23,41,64,3,69
NATIONAL PASTIME,23,254,10.293234085117215,7461,6682,1678,260,903,919,146,0.25112241843759353,1127,75,84,1164,477.1112577777778,1386.51222,3.810116521739131,1.230268163265306,8,3,6,5,4,6,9,5,10,8,26,38,64,3,69
HOOSIERS,23,225,10.242172248835299,7926,7036,1764,266,999,983,208,0.25071063104036384,1221,72,16,1121,525.1951744444445,1557.64377,3.8712175020475033,1.2757115233415233,9,10,10,10,3,4,3,4,7,3,42,21,63,4,69
LOUISVILLE SLUGGERS,23,214,10.65184130491276,7752,6996,1851,238,987,920,192,0.2645797598627787,1017,65,91,990,443.88227666666666,1286.1051,3.928161740412979,1.264606784660767,4,9,7,9,10,3,10,2,5,4,39,24,63,4,69
BIG RED MACHINE,23,209,9.742432980497115,7580,6693,1671,274,952,941,114,0.24966382787987448,1258,74,27,1169,550.3126166666667,1575.52024,3.9370536963434026,1.252400826709062,10,7,9,2,2,5,5,6,4,6,30,26,56,5,69
FREE BIRDS,23,249,9.15629322988526,7260,6460,1653,218,880,864,144,0.25588235294117645,1293,78,19,1295,569.9139711111111,1619.79375,3.966918592420727,1.2527407192575406,3,1,1,4,7,8,4,9,3,5,16,29,45,6,69
ERIE LAKERS,23,196,8.025712336768947,7400,6551,1692,239,924,895,116,0.25828117844603876,897,54,66,843,404.67685222222224,1166.5647000000001,4.060302865105909,1.300518060200669,5,6,4,3,8,2,8,1,2,1,26,14,40,7,69
FREE AT LAST,22,233,8.120717275747928,7466,6555,1617,240,923,872,146,0.24668192219679633,1106,65,27,1001,513.2731966666668,1423.14772,4.176725831826403,1.286752007233273,6,5,2,5,1,3,5,3,1,2,19,14,33,8,69
WESTSIDE MARAUDERS,23,266,11.110485289290736,7393,6571,1682,266,948,932,166,0.25597321564449854,1303,81,54,1300,565.1996133333332,1597.4663560000001,3.903911373752877,1.225991063699156,9,8,7,7,5,9,8,10,6,9,36,42,78,1,70
LOUISVILLE SLUGGERS,23,235,10.726443882198627,7672,6880,1786,262,982,941,156,0.25959302325581396,1126,70,49,1146,468.57758777777786,1380.5716699999998,3.7452915541740683,1.2260849644760212,8,9,9,6,10,5,6,4,9,8,42,32,74,2,70
NATIONAL PASTIME,23,256,10.468674879418367,7703,6924,1774,259,946,942,155,0.256210283073368,1227,77,52,1175,538.8682811111112,1536.15905,3.952579079054605,1.2519633659331704,7,7,10,5,6,8,7,8,4,6,35,33,68,3,70
BLUE SOCKS,23,264,10.138806422784052,7732,6976,1806,229,946,928,182,0.2588876146788991,1159,71,48,1174,505.57569111111115,1452.93444,3.925954460742019,1.2536103882657463,3,7,6,9,9,6,5,7,5,5,34,28,62,4,70
HOOSIERS,23,233,10.231843852355384,7893,6986,1765,248,999,936,228,0.25264815344975666,1265,77,0,1150,547.3967411111112,1604.4443699999997,3.8945222687747045,1.268335470355731,6,10,8,10,3,8,2,5,7,3,37,25,62,4,70
BIG RED MACHINE,23,209,9.77177166626276,7629,6767,1667,275,938,942,111,0.2463425447022314,1098,66,86,1083,469.1493,1367.70502,3.84548606557377,1.2456329872495446,10,6,10,1,1,3,10,2,8,7,28,30,58,5,70
MELONHEADS,19,270,10.369974521831898,6595,5885,1497,226,850,823,174,0.25437553101104504,1132,73,27,1164,467.0262122222223,1328.91627,3.7131059275618377,1.1739543021201413,2,2,2,8,4,7,4,6,10,10,18,37,55,6,70
FREE BIRDS,23,244,9.17677563684491,7358,6531,1683,223,906,880,125,0.2576940744143317,1361,83,0,1297,604.8278211111111,1722.5785300000002,3.9995961719324025,1.2656712196914035,1,4,4,4,7,10,2,9,3,4,20,28,48,7,70
ERIE LAKERS,23,194,8.1105929010914,7394,6548,1695,245,928,906,116,0.25885766646304215,959,57,68,853,449.42394333333334,1276.28651,4.2177429509906155,1.3308514181438997,5,5,5,2,8,2,9,1,1,1,25,14,39,8,70
FREE AT LAST,22,218,8.045282943147361,7165,6337,1575,231,872,859,122,0.24854031876282154,1160,69,17,1101,530.0516766666667,1479.12877,4.112469905172414,1.2751110086206896,4,3,3,3,2,4,3,3,2,2,15,14,29,9,70
WESTSIDE MARAUDERS,23,260,11.078961706875477,7379,6620,1697,252,932,914,159,0.2563444108761329,1382,87,32,1383,594.2381499999999,1695.8935460000002,3.869857706222865,1.227129917510854,7,6,6,7,8,10,5,10,6,8,34,39,73,1,71
LOUISVILLE SLUGGERS,23,205,10.677132376199294,7498,6743,1758,246,956,908,169,0.26071481536408125,1121,73,58,1149,475.6684744444444,1390.0645000000002,3.818926199821588,1.2400218554861733,5,8,4,9,10,5,8,7,8,7,36,35,71,2,71
MELONHEADS,21,270,10.713540919635085,7318,6516,1659,259,932,928,157,0.2546040515653775,1230,78,0,1219,516.311368888889,1473.66562,3.777888065040651,1.1981021300813008,9,6,7,5,5,8,3,8,10,9,32,38,70,3,71
NATIONAL PASTIME,23,257,10.460044242986658,7695,6901,1763,261,943,936,135,0.255470221706999,1164,74,82,1120,503.19827333333336,1446.02414,3.890708298969072,1.2422887800687286,10,7,9,4,6,6,10,5,5,6,36,32,68,4,71
HOOSIERS,23,229,10.347466558593421,8047,7159,1808,257,1007,976,228,0.2525492387204917,1307,77,0,1144,586.4970377777778,1690.89143,4.038617704667177,1.293719533282326,8,10,10,10,3,7,3,6,3,2,41,21,62,5,71
BIG RED MACHINE,23,220,9.765431166226177,7416,6588,1657,257,930,909,134,0.25151791135397694,1104,67,78,1099,464.43068,1375.84582,3.7861196739130434,1.2462371557971015,8,5,5,3,2,4,9,4,9,5,23,31,54,6,71
BLUE SOCKS,20,270,9.876345396859831,7323,6602,1691,233,894,894,158,0.2561345046955468,947,59,56,951,402.5090366666667,1131.40904,3.8253234741288282,1.1947297148891236,3,3,2,6,7,3,6,2,7,10,21,28,49,7,71
FREE AT LAST,22,225,8.087812299068062,7914,6965,1727,248,977,931,160,0.247954055994257,838,48,57,765,380.6436933333334,1096.57453,4.088058758949881,1.3085614916467783,6,9,8,8,1,2,7,1,2,1,32,13,45,8,71
FREE BIRDS,23,237,9.031402617918976,7249,6395,1628,223,882,863,123,0.254573885848319,1372,84,0,1361,613.4986155555556,1734.66963,4.024407827988338,1.2643364650145774,2,2,1,2,4,9,3,9,4,4,11,29,40,9,71
ERIE LAKERS,23,210,8.070503205485366,7354,6515,1685,242,926,900,120,0.25863392171910976,1032,59,30,979,476.82729888888883,1332.96459,4.158377606589147,1.2916323546511628,4,4,3,1,9,3,4,3,1,3,21,14,35,10,71
WESTSIDE MARAUDERS,23,264,11.185153970749186,7645,6819,1735,273,972,957,169,0.254436134330547,1278,79,54,1258,548.7812344444444,1584.4766660000003,3.864656580594679,1.2398095978090768,10,9,8,8,4,9,8,9,7,8,39,41,80,1,72
BLUE SOCKS,23,269,10.252545896095524,7631,6879,1759,232,930,917,179,0.2557057711876726,1237,77,46,1222,528.9264844444444,1537.3733200000004,3.8482929345189976,1.2428240258690384,4,4,6,9,7,8,6,7,8,7,30,36,66,2,72
HOOSIERS,23,241,10.254912533426578,7910,7002,1774,256,1007,959,208,0.2533561839474436,1081,69,35,1079,464.5151255555556,1347.7156499999999,3.8673784736355223,1.2467304810360775,7,10,9,10,3,5,5,4,6,5,39,25,64,3,72
LOUISVILLE SLUGGERS,23,217,10.538972814963387,7366,6653,1772,235,944,891,155,0.2663460093191042,960,63,107,1003,399.3537477777778,1174.4213399999999,3.743941385416667,1.2233555624999999,5,7,4,6,10,2,10,1,9,9,32,31,63,4,72
NATIONAL PASTIME,23,255,10.439715195079865,7835,7012,1788,271,961,974,140,0.2549914432401597,1200,74,52,1124,533.6863777777778,1492.0117,4.0026478333333335,1.2433430833333334,8,8,10,4,5,7,7,5,3,6,35,28,63,4,72
MELONHEADS,18,270,10.159637061528478,6063,5397,1378,216,795,770,163,0.25532703353715025,1210,79,0,1235,498.4714822222223,1426.44555,3.707639123966943,1.1788806198347106,2,1,1,7,6,9,2,8,10,10,17,39,56,5,72
BIG RED MACHINE,23,208,9.750777105323163,7504,6634,1638,272,939,931,116,0.24690985830569792,1199,72,59,1150,515.4172233333334,1500.7718300000001,3.8688532193494587,1.2516862635529609,9,6,7,1,1,6,9,6,5,4,24,30,54,6,72
FREE BIRDS,23,251,9.305504654358057,7410,6580,1688,218,890,863,143,0.25653495440729485,1286,80,27,1265,567.790157777778,1616.1568,3.9736480715396585,1.2567315707620528,3,2,2,5,8,10,4,10,4,3,20,31,51,7,72
ERIE LAKERS,23,186,8.094392720480547,7473,6624,1707,247,937,913,120,0.25769927536231885,1206,67,0,1042,574.5595277777778,1598.4965200000001,4.287757669983416,1.3254531674958543,6,5,5,2,9,4,2,2,1,1,27,10,37,8,72
FREE AT LAST,22,217,8.127922256594127,7333,6483,1613,235,894,873,134,0.2488045657874441,1133,64,21,1065,514.5955066666667,1468.32161,4.0876959929391,1.2959590556045895,5,3,3,3,2,3,3,3,2,2,16,13,29,9,72
WESTSIDE MARAUDERS,23,264,11.033636846925823,7491,6666,1698,262,956,925,168,0.25472547254725475,1348,84,32,1350,587.6744666666666,1656.9708060000003,3.9236425816023734,1.2292068293768548,9,8,7,8,7,10,6,10,5,8,39,39,78,1,73
HOOSIERS,23,238,10.312432615195059,7912,7014,1767,261,1002,974,219,0.25192472198460225,1148,73,10,1120,488.0554844444444,1417.4291699999999,3.8262189547038328,1.2346943989547037,8,10,10,10,3,6,3,5,8,7,41,29,70,2,73
BIG RED MACHINE,23,209,9.817011773401543,7643,6776,1709,263,955,946,129,0.2522136953955136,1258,76,27,1165,545.0976744444445,1602.10809,3.8997448887122417,1.2735358426073131,10,7,9,4,4,8,5,7,7,3,34,30,64,3,73
BLUE SOCKS,23,261,10.279490513260942,7782,7011,1799,236,964,937,200,0.25659677649408075,1171,71,46,1157,514.1829177777778,1473.25584,3.951875542271563,1.258117711357814,2,9,8,9,8,5,8,6,3,4,36,26,62,4,73
NATIONAL PASTIME,23,263,10.261943424905123,7366,6578,1655,246,895,883,144,0.2515962298570994,1182,77,84,1217,486.9899966666667,1431.0376700000002,3.708045659898478,1.2106917681895095,6,2,2,5,2,9,9,9,9,9,17,45,62,4,73
LOUISVILLE SLUGGERS,23,204,10.63240523963303,7319,6611,1742,244,937,896,153,0.26350022689456964,1086,69,88,1084,472.10650444444445,1357.31717,3.9124848434622463,1.2498316482504603,5,6,5,6,10,3,10,3,6,6,32,28,60,5,73
FREE BIRDS,23,252,9.364766725067456,7414,6592,1672,248,890,911,111,0.2536407766990291,1214,75,46,1208,532.4630966666667,1525.92969,3.947419991762768,1.2569437314662273,7,1,6,1,6,7,8,8,4,5,21,32,53,6,73
MELONHEADS,19,270,10.443452642080326,7104,6340,1605,240,903,872,163,0.2531545741324921,1092,70,0,1104,448.6338766666667,1279.09573,3.697531950549451,1.1713330860805862,4,3,1,7,5,4,2,4,10,10,20,30,50,7,73
ERIE LAKERS,23,205,7.97909707859287,7276,6431,1659,238,918,888,118,0.25796921163116154,1095,64,25,974,507.90715555555556,1453.48375,4.174579360730593,1.3273824200913242,3,5,3,2,9,2,4,2,2,1,22,11,33,8,73
FREE AT LAST,22,221,8.14777015062401,7515,6642,1670,233,916,889,128,0.25143029208069856,1094,59,43,964,518.3644344444444,1419.62527,4.264424049360146,1.2976464990859231,1,4,4,3,1,1,7,1,1,2,13,12,25,9,73
WESTSIDE MARAUDERS,23,265,11.062950706750087,7701,6879,1773,259,972,947,142,0.2577409507195813,1263,78,54,1283,542.5022566666665,1543.0780260000001,3.8658118052256523,1.2217561567695963,7,8,8,5,7,8,8,9,8,9,35,42,77,1,74
MELONHEADS,23,270,10.51179568833801,7297,6497,1657,246,920,905,159,0.25504078805602587,1281,81,27,1269,540.895718888889,1529.19435,3.8002041139734586,1.193750468384075,6,5,5,6,5,9,6,7,9,10,27,41,68,2,74
LOUISVILLE SLUGGERS,23,212,10.736555372717374,7954,7132,1858,262,1008,954,184,0.2605159842961301,1065,68,58,1051,471.5134377777778,1354.0778099999998,3.984620600938968,1.2714345633802815,8,9,9,9,10,4,9,2,3,3,45,21,66,3,74
NATIONAL PASTIME,23,270,10.324303780999923,7324,6585,1709,226,900,870,162,0.2595292331055429,1263,82,52,1272,526.3037733333333,1546.00638,3.750383182897862,1.2240747268408552,1,3,2,7,9,10,7,8,10,8,22,43,65,4,74
BLUE SOCKS,23,265,10.034860741091267,7603,6855,1759,229,926,908,181,0.2566010211524435,1157,74,61,1151,500.0509944444444,1445.42195,3.889765730337079,1.249284312878133,2,6,6,8,6,7,10,6,6,7,28,36,64,5,74
HOOSIERS,23,237,10.254755009671754,8054,7156,1805,263,1015,988,220,0.25223588596981555,1199,73,11,1085,528.3426688888889,1531.19476,3.965874912427022,1.2770598498748957,9,10,10,10,4,6,3,4,4,2,43,19,62,6,74
BIG RED MACHINE,23,211,9.75648387765516,7517,6664,1669,266,939,932,107,0.2504501800720288,1173,72,54,1113,504.3282788888889,1471.05135,3.869526436487639,1.2540932225063939,10,7,7,2,3,5,8,5,7,6,29,31,60,7,74
FREE BIRDS,23,248,9.17073536381116,7264,6431,1610,244,885,889,123,0.2503498678277095,1289,78,19,1303,563.7432444444445,1628.13605,3.9361436772692016,1.2631001163692785,5,2,4,3,2,8,5,10,5,4,16,32,48,8,74
ERIE LAKERS,23,194,7.92089787663287,7237,6437,1660,240,907,887,124,0.25788410750349544,952,55,61,901,437.1147466666667,1250.37775,4.13238731092437,1.313422006302521,4,4,3,4,8,2,10,1,2,1,23,16,39,9,74
FREE AT LAST,22,216,8.033310354788,7081,6227,1534,230,883,850,142,0.24634655532359082,1210,67,16,1079,556.1501077777777,1526.94498,4.136653694214876,1.261938,3,1,1,5,1,3,4,3,1,5,11,16,27,10,74
LOUISVILLE SLUGGERS,23,212,10.820063056947436,7788,7018,1838,259,995,955,182,0.2618979766315189,1035,65,63,1066,442.9329444444445,1295.4140799999998,3.8515908212560395,1.2516078067632848,8,10,9,9,10,3,9,4,7,6,46,29,75,1,75
WESTSIDE MARAUDERS,22,270,10.973724351148212,7050,6314,1642,241,898,882,150,0.2600570161545771,1356,85,32,1397,579.044841111111,1652.6257960000003,3.843217971976401,1.2187505870206492,6,2,4,6,9,10,6,10,8,9,27,43,70,2,75
NATIONAL PASTIME,23,266,10.410444933346549,7597,6805,1754,238,930,897,147,0.25775165319617926,1193,75,82,1174,508.89724111111116,1455.50603,3.8391241994970664,1.2200385834031853,4,6,6,5,7,7,10,8,9,7,28,41,69,3,75
BLUE SOCKS,23,268,10.036562986012608,7778,7049,1814,226,936,924,179,0.257341466874734,1140,76,43,1150,491.4576044444445,1390.3158399999998,3.879928456140351,1.2195752982456138,3,7,7,8,6,8,7,7,6,8,31,36,67,4,75
HOOSIERS,23,231,10.424307676977758,7816,6939,1727,279,993,983,214,0.2488831243695057,1231,71,17,1130,536.0846222222223,1561.53982,3.919383915515841,1.268513257514216,10,9,10,10,2,5,3,6,4,4,41,22,63,5,75
BIG RED MACHINE,23,202,9.731008490962873,7517,6664,1669,266,939,932,107,0.2504501800720288,1209,74,54,1103,521.899498888889,1543.5718200000001,3.885107932175352,1.2767343424317619,9,8,8,2,3,6,8,5,5,3,30,27,57,6,75
MELONHEADS,19,270,10.451169990730477,7003,6210,1571,254,906,885,151,0.2529790660225443,1000,64,27,1030,409.99881888888893,1165.88895,3.68998937,1.16588895,7,4,5,7,4,2,5,2,10,10,27,29,56,7,75
FREE BIRDS,23,245,9.118107154064031,7274,6455,1647,222,876,866,133,0.255151045701007,1284,79,32,1286,570.0586933333334,1621.8335000000002,3.9957385046728975,1.263110202492212,2,1,3,4,5,9,6,9,3,5,15,32,47,8,75
ERIE LAKERS,23,206,8.025195909605285,7400,6541,1688,239,926,897,114,0.25806451612903225,1046,61,27,940,468.5890244444445,1360.75771,4.03183673040153,1.3009155927342257,5,5,6,3,8,1,5,1,2,2,27,11,38,9,75
FREE AT LAST,22,218,8.178067971627781,7319,6413,1574,238,905,864,151,0.245438952128489,1172,67,24,1064,555.9729211111111,1530.4248,4.269416629692833,1.3058232081911263,4,3,2,7,1,4,4,3,1,1,17,13,30,10,75
WESTSIDE MARAUDERS,23,265,11.02758894750362,7519,6724,1731,256,954,934,160,0.2574360499702558,1263,78,54,1283,542.5022566666665,1543.0780260000001,3.8658118052256523,1.2217561567695963,9,8,10,7,8,8,6,8,5,8,42,35,77,1,76
LOUISVILLE SLUGGERS,23,212,10.6209517378531,7702,6944,1829,244,976,923,183,0.26339285714285715,1100,68,53,1118,472.2023644444445,1366.0500399999999,3.8634738909090918,1.2418636727272725,4,9,7,9,10,5,5,4,6,7,39,27,66,2,76
NATIONAL PASTIME,23,264,10.303609825377075,7387,6601,1678,251,905,911,138,0.25420390849871233,1185,75,79,1179,495.7524588888889,1439.99556,3.765208548523207,1.2151861265822785,7,2,5,4,6,7,10,6,10,9,24,42,66,2,76
MELONHEADS,22,270,10.769334269508626,7255,6439,1632,254,924,906,153,0.25345550551327845,1382,87,0,1336,587.1636422222223,1662.26116,3.8237863820549927,1.2027938929088278,8,4,3,6,4,10,2,9,8,10,25,39,64,3,76
HOOSIERS,23,232,10.130583064599406,7830,6952,1753,246,986,933,223,0.25215765247410815,1096,67,57,1002,463.03309333333334,1379.4217899999999,3.8022790510948905,1.2585965237226275,5,10,9,10,3,4,7,2,9,4,37,26,63,4,76
BIG RED MACHINE,23,204,9.703801926068364,7482,6614,1632,273,932,924,111,0.2467493196250378,1186,72,59,1151,517.8954555555555,1478.31899,3.9300666947723437,1.2464746964586846,10,7,8,1,1,6,8,5,4,6,27,29,56,5,76
BLUE SOCKS,23,268,9.950782928312028,7603,6855,1759,229,926,908,181,0.2566010211524435,1178,78,29,1233,504.4156266666667,1471.4153299999998,3.8537696434634974,1.2490792275042444,1,5,4,8,7,8,4,7,7,5,25,31,56,5,76
ERIE LAKERS,23,215,8.222461963719525,7335,6527,1705,248,927,919,119,0.261222613758235,902,54,63,836,418.99535444444444,1163.68097,4.180663181818182,1.2901119401330376,6,6,6,3,9,2,9,1,2,2,30,16,46,6,76
FREE BIRDS,23,246,9.267782500624751,7341,6515,1652,240,890,897,113,0.25356868764389867,1387,85,0,1346,614.2636144444446,1761.63091,3.985848976207643,1.2701015933669793,3,1,2,2,5,9,2,10,3,3,13,27,40,7,76
FREE AT LAST,22,216,8.019254758538466,7368,6470,1609,233,921,871,150,0.24868624420401855,1173,64,19,1023,554.7213611111112,1559.6306299999999,4.256174126172208,1.3296083802216538,2,3,1,5,2,3,3,3,1,1,13,11,24,8,76
LOUISVILLE SLUGGERS,23,208,10.738571092511954,7639,6833,1782,257,994,929,174,0.26079320942485,931,62,104,990,392.0188777777778,1164.42273,3.789656176154672,1.2507225886143931,8,9,8,8,10,3,10,3,9,6,43,31,74,1,77
MELONHEADS,23,269,10.65455324144603,7297,6508,1639,257,925,913,173,0.2518438844499078,1373,87,0,1372,583.9217255555556,1648.05207,3.8276005316824473,1.200329257101238,8,6,7,7,4,10,3,9,7,9,32,38,70,2,77
WESTSIDE MARAUDERS,23,265,10.81803741724754,7246,6447,1637,257,920,902,160,0.2539165503334884,1330,86,32,1393,564.6830955555555,1626.1624760000002,3.8211638045112775,1.2226785533834588,8,4,6,6,5,9,6,10,8,8,29,41,70,2,77
NATIONAL PASTIME,23,262,10.514990370690244,7776,6994,1803,254,947,942,146,0.25779239348012584,1140,72,84,1092,500.02351888888893,1402.89841,3.9475540964912286,1.2306126403508773,7,8,9,5,8,5,9,6,5,7,37,32,69,3,77
HOOSIERS,23,240,10.297728015388833,7973,7080,1783,265,1006,980,206,0.2518361581920904,1225,74,27,1042,540.5836033333334,1555.77569,3.971634636734694,1.2700209714285713,10,10,10,10,3,6,5,5,3,4,43,23,66,4,77
BIG RED MACHINE,23,201,9.770365845024967,7517,6664,1669,263,941,929,117,0.2504501800720288,1313,78,27,1180,573.2830466666667,1670.1572300000003,3.929586763137852,1.2720161690784464,9,7,8,2,1,7,5,7,6,3,27,28,55,5,77
BLUE SOCKS,19,270,9.715991425143356,6940,6257,1612,213,855,839,175,0.25763145277289434,930,58,56,972,391.14635000000004,1106.75564,3.7852872580645163,1.1900598279569894,3,1,2,9,7,2,8,2,10,10,22,32,54,6,77
FREE BIRDS,23,246,9.275406042117545,7375,6554,1675,225,893,880,136,0.25556911809581934,1354,83,0,1362,598.4963733333334,1712.4337400000002,3.97818859675037,1.2647221122599706,4,2,3,4,6,8,3,8,2,5,19,26,45,7,77
ERIE LAKERS,23,197,8.075931400254984,7400,6551,1692,239,924,895,116,0.25828117844603876,931,52,54,901,409.71819222222217,1194.19983,3.960755886143931,1.2827065843179377,6,5,5,1,9,1,7,1,4,2,26,15,41,8,77
FREE AT LAST,22,221,8.14334656313295,7515,6642,1670,233,916,889,128,0.25143029208069856,1139,65,17,1036,531.0614266666666,1497.02053,4.196271150131695,1.3143288235294117,5,3,4,3,2,4,4,4,1,1,17,14,31,9,77
WESTSIDE MARAUDERS,23,264,11.103774257168535,7470,6672,1713,270,953,945,156,0.2567446043165468,1318,83,32,1350,567.5671477777778,1622.7272560000001,3.875648201820941,1.2312042913505312,10,8,8,6,8,10,6,10,5,6,40,37,77,1,78
MELONHEADS,23,269,10.733189610226502,7493,6666,1686,250,953,917,186,0.25292529252925294,1306,83,22,1307,541.87301,1588.21045,3.7341937901990816,1.2160876339969373,6,8,7,9,4,10,2,9,10,9,34,40,74,2,78
LOUISVILLE SLUGGERS,23,219,10.76027148757022,7912,7124,1859,264,1003,974,167,0.26094890510948904,1047,66,69,1020,446.5439122222223,1341.68021,3.838486351480421,1.2814519675262654,8,10,9,7,10,3,9,2,8,2,44,24,68,3,78
NATIONAL PASTIME,23,266,10.357318205905583,7517,6731,1720,244,917,897,136,0.25553409597385235,1211,76,82,1188,508.45763888888894,1468.85425,3.7787933526011566,1.2129267134599506,4,6,4,5,5,8,10,7,9,10,24,44,68,3,78
HOOSIERS,23,246,10.478975738229996,7952,7073,1778,266,997,986,206,0.25137848154955467,1122,70,25,1074,481.8449444444444,1380.28708,3.865066399286987,1.2302023885918003,9,9,10,10,2,5,3,4,6,7,40,25,65,4,78
BIG RED MACHINE,23,206,9.67820257097673,7402,6603,1663,255,917,908,126,0.2518552173254581,1182,74,54,1126,504.34429222222224,1505.2886400000002,3.8401849661590526,1.2735098477157363,7,6,6,4,3,7,7,5,7,3,26,29,55,5,78
BLUE SOCKS,22,270,10.027151489863098,7313,6587,1689,225,897,882,177,0.2564141490815242,1137,72,61,1158,494.4626122222223,1395.41694,3.9139520756376434,1.2272796306068603,1,3,2,8,7,6,8,6,4,8,21,32,53,6,78
FREE BIRDS,23,244,9.16106810950023,7459,6574,1683,229,913,884,112,0.2560085184058412,1275,77,27,1263,578.2047911111113,1603.0971200000001,4.081445584313727,1.257331074509804,3,5,3,2,6,9,4,8,2,5,19,28,47,7,78
ERIE LAKERS,23,192,7.944586606174621,7356,6523,1684,246,925,905,117,0.2581634217384639,1093,60,28,967,524.8063011111111,1449.6478200000001,4.321369359560841,1.3263017566331199,5,7,5,3,9,2,5,1,1,1,29,10,39,8,78
FREE AT LAST,22,228,8.033167867045698,7228,6351,1571,227,899,850,156,0.2473626200598331,1161,67,13,1054,522.8405777777779,1470.2736400000001,4.053027734711456,1.26638556416882,2,4,1,6,1,4,1,3,3,4,14,15,29,9,78
WESTSIDE MARAUDERS,23,262,10.838487127591726,7393,6623,1692,257,927,924,140,0.25547335044541747,1252,79,59,1314,528.1421099999999,1519.3115660000003,3.796548714057507,1.2135076405750802,8,4,6,4,6,10,8,10,8,9,28,45,73,1,79
LOUISVILLE SLUGGERS,23,232,10.624709608082236,7214,6449,1675,244,936,882,170,0.2597301907272445,1113,70,85,1158,459.507828888889,1369.2221299999999,3.715696729559749,1.2302085624438452,6,5,4,7,9,4,10,7,10,7,31,38,69,2,79
NATIONAL PASTIME,23,265,10.46768197597964,7716,6932,1778,256,943,936,144,0.25649163300634736,1104,71,84,1118,476.6568055555556,1352.4921800000002,3.885789175724638,1.2250834963768118,7,7,7,6,7,5,9,5,7,8,34,34,68,3,79
BLUE SOCKS,23,252,10.21885347276281,7785,7022,1806,243,949,942,174,0.25719168328111647,1276,78,29,1201,572.6506744444445,1618.8588599999998,4.039072155172414,1.2686981661442005,5,8,9,8,8,9,5,8,3,4,38,29,67,4,79
MELONHEADS,21,270,10.619246317389694,7461,6648,1686,242,939,907,180,0.2536101083032491,1138,74,14,1152,473.90227888888893,1348.54111,3.747909059753955,1.1850097627416518,4,6,5,9,4,7,3,6,9,10,28,35,63,5,79
HOOSIERS,23,238,10.163695324926787,8031,7104,1793,261,1022,976,222,0.252393018018018,1197,72,11,1074,533.3785655555556,1513.7714799999999,4.01036515455305,1.264637827903091,10,10,10,10,2,6,2,3,4,5,42,20,62,6,79
BIG RED MACHINE,23,212,9.806808715682834,7643,6797,1724,259,954,940,142,0.25364131234368104,1185,70,49,1099,517.5859311111111,1513.8958100000002,3.9310323881856535,1.277549206751055,9,9,8,5,5,4,7,4,6,3,36,24,60,7,79
FREE BIRDS,23,251,9.106703109660634,7292,6452,1634,230,895,869,137,0.2532548047117173,1245,76,27,1247,548.0304377777778,1555.18253,3.961665815261044,1.24914259437751,1,2,1,3,3,8,4,9,5,6,10,32,42,8,79
ERIE LAKERS,23,203,8.06288582274337,7171,6382,1662,232,897,875,112,0.2604199310560953,1114,67,10,1061,505.3326755555555,1449.02614,4.082579964093357,1.3007415978456014,2,3,3,1,10,3,1,2,2,1,19,9,28,9,79
FREE AT LAST,22,209,8.08838173445201,7291,6427,1586,237,895,872,120,0.2467714330169597,1166,67,33,1019,530.90956,1505.88918,4.097929708404803,1.291500154373928,3,2,2,2,1,3,6,1,1,2,10,13,23,10,79
LOUISVILLE SLUGGERS,23,226,10.693552029509316,7639,6817,1776,255,1000,925,179,0.2605251576940003,821,53,121,960,327.2198566666667,1005.3870700000001,3.587062984165652,1.2245883922046286,7,10,7,8,10,3,10,2,10,8,42,33,75,1,80
WESTSIDE MARAUDERS,23,265,10.965894020413975,7323,6505,1661,271,941,936,145,0.25534204458109144,1345,84,32,1369,579.8897077777777,1648.608436,3.8803028773234196,1.2257311791821561,10,7,8,5,5,10,5,10,7,7,35,39,74,2,80
NATIONAL PASTIME,23,269,10.419947944547424,7521,6756,1747,240,925,900,154,0.25858496151568977,1260,79,52,1227,534.1439433333334,1541.79958,3.8153138809523814,1.2236504603174605,5,4,4,6,9,8,8,7,8,9,28,40,68,3,80
HOOSIERS,23,220,10.226525751147822,7924,7064,1778,260,988,967,209,0.2516987542468856,1249,75,2,1141,538.8239522222223,1593.5112299999998,3.882638566853483,1.2758296477181743,8,9,10,10,3,7,3,5,6,4,40,25,65,4,80
BLUE SOCKS,23,267,10.11170653903579,7743,6994,1796,229,939,919,181,0.2567915356019445,1074,67,88,1079,472.40013111111114,1323.58886,3.958660316573557,1.232391862197393,2,6,6,9,7,6,9,4,4,6,30,29,59,5,80
BIG RED MACHINE,23,203,9.8284978897299915,7692,6823,1702,269,961,943,124,0.24945038839220285,1314,79,27,1176,574.5436822222223,1680.70363,3.935230700152207,1.279074299847793,9,8,9,3,2,8,4,6,5,3,31,26,57,6,80
MELONHEADS,19,270,10.343356173718552,6497,5796,1478,225,840,815,173,0.2550034506556246,1196,79,0,1234,490.4448655555556,1411.6066799999999,3.690638620401338,1.180273143812709,1,1,1,7,4,8,2,8,9,10,14,37,51,7,80
FREE BIRDS,23,255,9.278642552463962,7375,6532,1676,233,896,897,121,0.256582976117575,1319,80,0,1322,588.1506111111112,1647.62561,4.013158074298712,1.2491475435936317,3,3,3,2,6,9,2,9,3,5,17,28,45,8,80
ERIE LAKERS,23,190,8.18759658996788,7473,6624,1707,247,937,913,120,0.25769927536231885,1102,63,38,948,527.6572366666667,1466.9681999999998,4.309360372050817,1.331187114337568,6,5,5,1,8,4,6,1,1,1,25,13,38,9,80
FREE AT LAST,22,224,8.094932504690785,7347,6494,1609,235,888,874,129,0.24776716969510318,1110,65,41,987,512.8228811111111,1426.39169,4.15802336036036,1.2850375585585585,4,2,2,4,1,5,7,3,2,2,13,19,32,10,80
WESTSIDE MARAUDERS,23,262,11.002056548446408,7372,6626,1717,249,927,915,156,0.2591306972532448,1352,86,32,1387,579.923971111111,1658.2993860000001,3.860440636094674,1.2265528002958581,8,6,6,5,9,10,6,10,7,8,34,41,75,1,81
LOUISVILLE SLUGGERS,23,224,10.543517773547341,7597,6856,1805,249,966,927,157,0.2632730455075846,874,57,129,934,363.4191711111111,1087.483,3.742302677345538,1.2442597254004577,8,9,7,6,10,3,10,2,8,6,40,29,69,2,81
HOOSIERS,23,242,10.265198699688622,8123,7225,1819,260,1013,986,228,0.25176470588235295,1085,66,35,1001,468.5224522222223,1367.22805,3.88636135483871,1.2601180184331797,9,10,10,10,3,4,7,3,6,5,42,25,67,3,81
NATIONAL PASTIME,23,267,10.312596412572578,7283,6492,1640,247,902,884,142,0.2526186075169439,1182,77,84,1217,486.9899966666667,1431.0376700000002,3.708045659898478,1.2106917681895095,7,3,3,4,5,7,9,8,10,9,22,43,65,4,81
BLUE SOCKS,23,260,10.076455651469146,7733,6968,1792,238,949,933,173,0.2571756601607348,1197,75,29,1198,532.5059744444445,1476.11052,4.003804319131161,1.233175037593985,4,8,9,9,7,5,5,6,3,7,37,26,63,5,81
MELONHEADS,19,270,10.366502943252875,6560,5828,1494,227,854,824,165,0.25634866163349346,1239,80,0,1202,514.5043788888889,1475.63591,3.737319943502825,1.1909894350282486,2,1,1,8,6,8,2,7,9,10,18,36,54,6,81
BIG RED MACHINE,23,198,9.732875271096011,7517,6664,1669,263,941,929,117,0.2504501800720288,1296,76,27,1194,569.69853,1647.74844,3.9562397916666665,1.2714108333333334,10,7,8,2,2,6,4,5,5,3,29,23,52,7,81
FREE BIRDS,23,247,9.328009194491836,7463,6610,1666,241,901,897,121,0.2520423600605144,1352,85,0,1335,596.7221944444445,1718.1100999999999,3.9722631286982253,1.2707914940828402,6,2,4,3,4,9,2,9,4,4,19,28,47,8,81
ERIE LAKERS,23,191,8.042036316137562,7438,6599,1710,239,923,900,114,0.25913017123806636,982,53,56,894,454.50176333333326,1288.8142500000001,4.165494775967413,1.3124381364562119,5,5,5,1,8,2,8,1,2,1,24,14,38,9,81
FREE AT LAST,22,223,8.13085532582862,7228,6346,1571,232,906,853,164,0.24755751654585564,1169,66,21,1042,542.9961377777778,1506.70344,4.180466415739949,1.2888823267750213,3,4,2,7,1,4,3,4,1,2,17,14,31,10,81
MELONHEADS,23,270,10.740519845970775,7608,6750,1700,271,972,949,163,0.2518518518518518,1346,84,0,1329,576.52415,1626.85114,3.8549163075780086,1.2086561218424963,10,9,9,7,4,10,2,10,8,10,39,40,79,1,82
WESTSIDE MARAUDERS,23,262,10.992542247563636,7428,6673,1732,247,933,920,153,0.25955342424696537,1266,79,59,1302,536.0827155555555,1537.542296,3.811014565560821,1.2144883854660349,5,4,5,6,9,9,8,9,9,9,29,44,73,2,82
LOUISVILLE SLUGGERS,23,218,10.734478749964044,7858,7087,1856,261,1011,972,188,0.2618879638775222,1053,67,46,1028,463.1515811111111,1311.5173599999998,3.958560522317189,1.2455055650522315,7,10,10,9,10,3,5,2,4,6,46,20,66,3,82
HOOSIERS,23,257,10.348436191379188,7561,6683,1669,252,960,928,206,0.24973814155319468,1234,79,25,1161,509.0528233333333,1543.00187,3.712702925445705,1.2504067017828202,6,8,6,10,2,9,3,6,10,4,32,32,64,4,82
NATIONAL PASTIME,23,259,10.465449712059323,7821,7026,1799,263,958,947,146,0.2560489610019926,1227,76,52,1147,541.3907177777778,1515.62836,3.9710810594947032,1.2352309372453136,8,7,8,5,6,7,7,4,3,7,34,28,62,5,82
BLUE SOCKS,23,268,10.049315912748709,7649,6900,1770,230,934,915,180,0.2565217391304348,1134,73,51,1183,491.54292666666663,1400.11088,3.9011343386243387,1.2346656790123456,2,5,4,8,7,6,6,7,7,8,26,34,60,6,82
BIG RED MACHINE,23,207,9.778120007282244,7531,6667,1675,264,947,932,128,0.25123743812809357,1288,77,27,1190,559.3503733333334,1637.43588,3.908504161490684,1.271301149068323,9,6,7,3,3,8,4,8,6,3,28,29,57,7,82
FREE BIRDS,23,252,9.143624226241448,7288,6466,1643,222,870,867,128,0.2540983606557377,1114,71,89,1140,487.5696944444445,1392.00671,3.9390729353680434,1.2495571903052065,1,1,2,3,5,4,10,3,5,5,12,27,39,8,82
ERIE LAKERS,23,200,7.9758335521853745,7354,6515,1685,242,926,900,120,0.25863392171910976,906,50,64,878,403.9787377777778,1188.32436,4.013033818984548,1.3116162913907286,4,3,3,2,8,2,9,1,2,1,20,15,35,9,82
FREE AT LAST,22,212,8.070245571718251,7263,6372,1578,231,893,850,135,0.24764595103578155,1284,72,0,1149,602.3015077777778,1673.06455,4.221739540498443,1.3030097741433022,3,2,1,4,1,5,2,5,1,2,11,15,26,10,82
LOUISVILLE SLUGGERS,23,207,10.732625457973848,7738,6962,1805,267,994,960,175,0.25926457914392415,954,59,82,995,406.45713333333333,1165.3912300000002,3.834501257861635,1.221584098532495,10,9,9,7,10,3,10,3,9,8,45,33,78,1,83
WESTSIDE MARAUDERS,23,269,11.156388011030064,7491,6678,1692,261,949,932,177,0.25336927223719674,1336,84,32,1371,569.8266288888888,1625.920376,3.83865244011976,1.217006269461078,8,8,8,8,5,9,4,9,8,9,37,39,76,2,83
BLUE SOCKS,23,270,9.975496287790374,7603,6855,1759,229,926,908,181,0.2566010211524435,1097,71,61,1160,477.21665,1349.1398399999998,3.915177620783956,1.2298448860528712,4,6,5,9,8,5,9,6,5,7,32,32,64,3,83
NATIONAL PASTIME,23,253,10.376143148337505,7573,6802,1739,259,926,928,134,0.2556600999705969,1240,79,52,1226,532.6797711111111,1548.8146000000002,3.8662241451612904,1.2490440322580647,7,6,7,4,7,8,6,7,7,5,31,33,64,3,83
HOOSIERS,23,231,10.3335756346643,8096,7187,1810,266,1021,990,206,0.25184360651175736,1217,74,24,1050,548.3142288888889,1551.4608699999999,4.054912128184059,1.2748240509449464,9,10,10,10,2,6,3,4,3,3,41,19,60,4,83
MELONHEADS,19,270,10.432993107807649,6595,5885,1497,226,850,823,174,0.25437553101104504,1223,78,0,1255,507.0683900000001,1446.96542,3.731492649223222,1.1831278986099754,3,2,1,6,6,7,2,8,10,10,18,37,55,5,83
BIG RED MACHINE,23,211,9.786034519726044,7545,6691,1694,259,948,924,119,0.25317590793603345,1186,71,46,1133,513.3484422222223,1496.98155,3.895561534569984,1.262210413153457,7,7,6,3,4,5,5,5,6,4,27,25,52,6,83
FREE BIRDS,23,251,9.301649440634975,7264,6427,1627,234,876,876,112,0.25315077018826826,1425,87,0,1392,621.7125311111113,1777.0457700000002,3.926605459649124,1.247049663157895,5,3,3,1,3,10,2,10,4,6,15,32,47,7,83
ERIE LAKERS,23,189,8.013064239442725,7321,6464,1673,238,918,889,115,0.2588180693069307,945,56,59,882,427.44594555555557,1254.0130199999999,4.070913767195767,1.3269979047619047,6,5,4,2,9,2,8,1,2,1,26,14,40,8,83
FREE AT LAST,22,229,8.18524712691692,7333,6472,1628,224,899,861,138,0.2515451174289246,1105,62,57,940,505.7148488888889,1441.43809,4.118944470588236,1.3044688597285068,2,4,2,5,1,4,7,2,1,2,14,16,30,9,83
LOUISVILLE SLUGGERS,23,218,10.682839577823932,7424,6651,1724,253,966,909,183,0.25920914148248386,1024,70,61,1122,420.37079111111115,1250.44991,3.69466515625,1.221142490234375,6,9,5,9,10,5,10,4,10,9,39,38,77,1,84
WESTSIDE MARAUDERS,23,265,11.100524817235907,7603,6780,1730,276,961,962,141,0.2551622418879056,1271,79,54,1284,548.475451111111,1560.1556560000001,3.883775814319433,1.2275024830841859,10,8,9,4,6,9,8,8,6,8,37,39,76,2,84
NATIONAL PASTIME,23,258,10.470045971899053,7836,7029,1802,265,966,951,147,0.2563664817185944,1194,75,52,1151,521.9796011111112,1501.34212,3.9345196063651593,1.257405460636516,9,9,8,6,7,8,7,7,4,4,39,30,69,3,84
HOOSIERS,23,228,10.236909716657902,7962,7093,1778,262,992,971,208,0.2506696743268011,1168,69,33,1043,507.5230866666667,1461.00713,3.910708715753425,1.2508622688356164,8,10,10,10,2,4,4,3,5,6,40,22,62,4,84
BIG RED MACHINE,23,209,9.785723385440143,7423,6596,1652,258,927,916,134,0.2504548211036992,1220,73,59,1148,523.17917,1541.8354800000002,3.859518467213115,1.263799573770492,7,6,7,3,1,6,9,6,8,3,24,32,56,5,84
MELONHEADS,20,270,10.558466550385015,6595,5885,1497,226,850,823,174,0.25437553101104504,1291,82,27,1289,541.4053455555556,1547.20713,3.774320766847406,1.198456336173509,2,2,1,7,4,10,2,9,9,10,16,40,56,5,84
BLUE SOCKS,21,270,10.071475640020065,7407,6681,1715,224,902,886,178,0.256698099086963,1163,74,29,1127,499.04211333333336,1436.7285499999998,3.861890816852967,1.2353641874462595,1,4,3,8,8,7,3,5,7,7,24,29,53,6,84
FREE BIRDS,23,244,9.096874530566271,7375,6504,1659,229,900,880,110,0.2550738007380074,1346,82,0,1351,604.8160277777779,1688.84102,4.044089338781576,1.2547110104011887,3,3,2,1,5,10,1,10,3,5,14,29,43,7,84
FREE AT LAST,22,225,8.078342740590031,7725,6837,1723,233,941,911,146,0.2520111159865438,954,53,46,864,438.21629444444443,1233.02737,4.134115985324947,1.2924815199161426,4,7,6,5,3,2,6,1,2,2,25,13,38,8,84
ERIE LAKERS,23,201,8.081428173106021,7295,6433,1659,238,922,890,118,0.2578890097932535,1057,61,40,964,496.46772666666664,1395.65882,4.227255950804163,1.320396234626301,5,5,4,2,9,3,5,2,1,1,25,12,37,9,84
WESTSIDE MARAUDERS,23,263,10.705831555110278,7169,6423,1651,248,905,898,131,0.25704499455083296,1265,82,59,1303,528.7607655555555,1545.683226,3.761934300395257,1.2218839731225297,7,4,5,4,6,9,7,10,9,8,26,43,69,1,85
NATIONAL PASTIME,23,267,10.486311173001848,7521,6756,1739,250,927,919,154,0.257400828892836,1053,67,111,1077,452.93620333333337,1284.5664000000002,3.8712496011396014,1.2199111111111112,8,6,7,6,7,4,10,4,6,9,34,33,67,2,85
HOOSIERS,23,239,10.29428818007693,7914,7001,1757,259,1009,963,215,0.2509641479788602,1217,75,17,1109,526.6663933333333,1533.38227,3.8948213147082984,1.259968997534922,9,10,10,10,3,5,3,5,5,6,42,24,66,3,85
LOUISVILLE SLUGGERS,23,203,10.710200323631877,8005,7197,1873,259,1005,957,183,0.2602473252744199,1052,62,60,1053,463.0871677777778,1334.4478399999998,3.9617723479087457,1.2684865399239542,9,9,9,8,10,2,8,2,4,5,45,21,66,3,85
MELONHEADS,20,270,10.533956161583108,6819,6079,1542,229,877,842,197,0.2536601414706366,1234,78,0,1252,510.62886666666674,1458.15543,3.724197568881686,1.1816494570502432,4,2,1,9,4,7,2,7,10,10,20,36,56,4,85
BLUE SOCKS,21,270,10.02510814680857,6856,6178,1588,222,847,847,155,0.25704111362900617,1290,81,29,1283,551.22783,1584.3314299999997,3.845775558139535,1.228163899224806,3,1,2,7,5,8,5,8,8,7,18,36,54,5,85
BIG RED MACHINE,23,195,9.651577999680834,7496,6623,1647,274,939,937,112,0.24867884644420957,1290,77,27,1185,573.5694155555556,1638.76253,4.001647085271318,1.270358550387597,10,8,8,1,1,6,4,6,3,4,28,23,51,6,85
ERIE LAKERS,23,205,8.086847878803624,7449,6604,1707,244,931,909,119,0.25847970926711084,808,50,80,790,345.4817588888889,1041.4136900000003,3.8481879084158424,1.2888783292079211,6,7,6,2,8,1,9,1,7,2,29,20,49,7,85
FREE BIRDS,23,243,9.185728522891486,7309,6503,1681,214,892,866,147,0.2584960787328925,1369,84,0,1298,610.8010155555555,1739.6561600000002,4.015492432432432,1.270749569028488,2,3,3,5,9,10,2,9,2,3,22,26,48,8,85
FREE AT LAST,22,218,8.164682658825043,7445,6548,1635,234,912,872,122,0.24969456322541234,1150,65,30,1054,546.6251533333334,1496.77179,4.277935982608696,1.3015406869565218,5,5,4,3,2,3,6,3,1,1,19,14,33,9,85
WESTSIDE MARAUDERS,23,269,11.024269964808244,7463,6691,1720,258,939,929,159,0.25706172470482735,1256,78,59,1271,529.7562088888889,1525.984926,3.7960237898089173,1.2149561512738853,8,7,7,6,6,9,7,9,8,9,34,42,76,1,86
MELONHEADS,21,270,10.688978938009175,7262,6465,1644,251,926,908,175,0.254292343387471,1209,77,0,1219,503.67647777777785,1445.3645900000001,3.749452688172043,1.1955042100909843,7,6,6,8,5,8,2,8,10,10,32,38,70,2,86
LOUISVILLE SLUGGERS,23,219,10.788700516384802,7913,7077,1848,260,1018,950,170,0.26112759643916916,985,62,83,1030,431.90724222222224,1225.86096,3.946360588832487,1.2445288934010152,9,10,9,7,10,2,9,2,4,6,45,23,68,3,86
HOOSIERS,23,225,10.281245207302629,7926,7036,1764,266,999,983,208,0.25071063104036384,1119,67,46,1038,483.98421444444443,1401.53983,3.892634432529044,1.2524931456657729,10,9,10,10,2,4,6,3,5,5,41,23,64,4,86
NATIONAL PASTIME,22,270,10.320153259218234,7071,6336,1638,226,879,845,151,0.2585227272727273,1209,77,84,1194,504.54520333333335,1469.32085,3.755919627791563,1.2153191480562449,4,1,1,4,9,8,10,7,9,8,19,42,61,5,86
BIG RED MACHINE,23,211,9.815676925550651,7622,6768,1703,266,945,945,124,0.2516252955082742,1250,76,27,1180,540.4783011111111,1580.41275,3.8914437680000002,1.2643302,10,8,8,3,3,7,5,6,6,4,32,28,60,6,86
BLUE SOCKS,23,270,9.87755569823501,7442,6723,1734,221,908,892,177,0.25792057117358325,1071,68,75,1153,461.17776222222227,1306.6302500000002,3.8754433800186745,1.2200095704948648,3,4,3,9,7,5,8,5,7,7,26,32,58,7,86
FREE BIRDS,23,246,9.266719386615383,7477,6640,1683,242,901,903,100,0.25346385542168676,1369,85,0,1331,608.8203000000001,1734.35563,4.002470927684442,1.2668777428780131,6,2,5,1,4,10,2,10,3,3,18,28,46,8,86
ERIE LAKERS,23,190,7.954337492808513,7400,6551,1692,239,924,895,116,0.25828117844603876,1093,64,25,922,499.4749055555556,1448.30982,4.112785132662397,1.3250776029277218,5,5,4,2,8,3,4,1,2,1,24,11,35,9,86
FREE AT LAST,22,220,8.165651727966992,7263,6379,1568,239,906,868,157,0.24580655275121494,1229,70,2,1105,582.2762522222222,1608.4113799999998,4.264024629780309,1.3087155248169242,5,3,2,5,1,6,3,4,1,2,16,16,32,10,86
WESTSIDE MARAUDERS,23,265,11.004909843456781,7519,6670,1698,263,963,938,151,0.2545727136431784,1369,85,32,1365,594.3310655555555,1681.0503660000002,3.9072166471877274,1.2279403696128561,9,9,8,6,5,10,5,10,6,7,37,38,75,1,87
LOUISVILLE SLUGGERS,23,208,10.655532704663278,7357,6609,1713,250,946,908,173,0.25919201089423516,1110,70,66,1110,472.3624500000001,1362.9008199999998,3.829965810810812,1.2278385765765765,6,5,5,9,9,5,9,4,8,8,34,34,68,2,87
MELONHEADS,21,270,10.731329574172616,7517,6661,1686,264,959,931,157,0.25311514787569434,1151,73,22,1140,485.3535966666667,1372.20427,3.7951193483927024,1.192184422241529,10,8,6,7,4,6,3,5,9,10,35,33,68,2,87
NATIONAL PASTIME,23,254,10.392709085729516,7706,6907,1767,262,948,934,136,0.2558274214564934,1211,77,52,1203,530.2322088888889,1507.8042000000003,3.940619223781998,1.2450901734104047,8,7,7,4,6,8,7,8,4,6,32,33,65,3,87
HOOSIERS,23,229,10.158553949424054,7872,6987,1752,256,996,948,229,0.2507513954486904,1214,76,8,1092,528.0513033333334,1536.51204,3.9147131219110385,1.2656606589785833,7,10,10,10,2,7,2,3,5,4,39,21,60,4,87
BIG RED MACHINE,23,207,9.831790375098482,7622,6768,1703,263,947,942,134,0.2516252955082742,1284,76,27,1183,557.09469,1640.7353200000002,3.9048693224299065,1.2778312461059191,9,6,9,3,3,7,4,7,7,3,30,28,58,5,87
BLUE SOCKS,21,270,9.961974811827854,6849,6212,1608,212,838,838,150,0.25885383129426914,1149,73,67,1179,481.3221333333334,1393.27313,3.77014725848564,1.2125962837249782,2,1,1,5,8,6,10,6,10,9,17,41,58,5,87
FREE BIRDS,23,251,9.038295613297961,7313,6496,1673,214,878,861,120,0.25754310344827586,1247,78,32,1277,551.3048544444445,1568.52736,3.978944418604651,1.257840705693665,3,2,3,2,7,9,5,9,3,5,17,31,48,6,87
ERIE LAKERS,23,205,8.165127526015727,7235,6441,1694,242,915,905,118,0.26300263934171714,1042,57,38,968,488.1490033333333,1381.1104100000002,4.216258186180422,1.325441852207294,5,4,4,1,10,3,6,2,1,1,24,13,37,7,87
FREE AT LAST,22,228,7.961317643074949,7193,6317,1553,231,885,852,159,0.24584454646192813,1013,59,57,926,457.8955622222222,1302.07307,4.0681738005923,1.2853633464955576,4,3,2,8,1,4,8,1,2,2,18,17,35,8,87
WESTSIDE MARAUDERS,23,265,10.986163659269454,7400,6622,1696,249,936,913,179,0.2561159770462096,1305,82,49,1310,559.9702122222221,1591.578876,3.8618635325670496,1.2196006712643679,8,5,5,9,6,10,7,10,7,9,33,43,76,1,88
LOUISVILLE SLUGGERS,23,223,10.68851022166479,7424,6663,1751,242,957,902,167,0.26279453699534744,1101,69,82,1101,454.5754188888889,1354.0619499999998,3.7158753587647597,1.2298473660308809,5,7,3,7,10,4,9,4,10,7,32,34,66,2,88
HOOSIERS,23,235,10.176096184099421,7683,6826,1717,245,961,929,219,0.2515382361558746,1223,76,11,1175,516.9157455555555,1538.14536,3.8039588798037616,1.2576822240392478,6,8,7,10,2,7,4,6,8,5,33,30,63,3,88
NATIONAL PASTIME,23,263,10.522964180650716,7577,6799,1738,257,931,931,144,0.2556258273275482,1164,73,84,1146,504.2441988888889,1427.2114900000001,3.898795352233677,1.2261267096219932,9,3,8,5,5,5,10,5,5,8,30,33,63,3,88
BLUE SOCKS,23,261,10.243308766271136,7932,7148,1835,246,966,954,175,0.25671516508114156,1099,68,70,1074,484.46579333333335,1396.29058,3.9674177797998182,1.2705100818926298,7,9,10,8,7,3,8,3,4,3,41,21,62,4,88
MELONHEADS,20,270,10.555971239614172,6567,5852,1503,235,847,838,149,0.25683526999316475,1264,81,27,1275,528.4875188888889,1511.95643,3.7629649287974685,1.1961680617088608,4,1,1,6,8,9,5,9,9,10,20,42,62,4,88
BIG RED MACHINE,23,213,9.76019462946873,7461,6621,1670,259,935,920,117,0.252227760157076,1252,75,27,1200,541.7791533333334,1564.91541,3.8945785782747606,1.2499324361022364,10,4,6,3,3,6,5,7,6,6,26,30,56,5,88
FREE AT LAST,22,217,8.155164332115008,7942,7006,1722,257,967,937,144,0.24578932343705395,1106,61,0,977,515.4239455555555,1452.17492,4.194227405063291,1.3129972151898734,9,10,9,5,1,2,3,2,1,1,34,9,43,6,88
FREE BIRDS,23,240,9.140697382210131,7347,6508,1648,233,901,886,126,0.25322679778733864,1268,78,27,1266,569.2752733333334,1595.3931,4.0405973659306005,1.258196451104101,3,2,2,4,4,8,5,8,3,4,15,28,43,6,88
ERIE LAKERS,23,195,7.953940900943531,7534,6660,1724,245,943,909,116,0.25885885885885884,946,58,36,880,434.64731,1225.44265,4.135122399577167,1.2953939217758985,6,6,4,2,9,1,6,1,2,2,27,12,39,7,88
WESTSIDE MARAUDERS,23,264,10.96243567659961,7523,6759,1760,242,937,922,151,0.26039354934161857,1249,78,54,1299,532.4399522222222,1529.820756,3.836636965572458,1.2248364739791835,7,6,6,6,9,7,8,8,8,8,34,39,73,1,89
MELONHEADS,22,270,10.769776495630913,7395,6553,1645,254,946,914,163,0.2510300625667633,1296,83,11,1313,545.468258888889,1543.53215,3.787974020061729,1.1909970293209877,8,7,5,7,4,9,3,9,9,10,31,40,71,2,89
HOOSIERS,23,235,10.365848109161172,7798,6939,1740,274,988,983,215,0.25075659316904453,1174,71,17,1096,509.2652455555555,1475.09817,3.90407769165247,1.2564720357751278,10,9,10,10,3,5,4,5,7,6,42,27,69,3,89
LOUISVILLE SLUGGERS,23,209,10.73220473373472,7667,6909,1811,256,991,951,185,0.2621218700246056,1058,66,77,1027,476.02306888888893,1352.7755399999999,4.0493455765595465,1.278615822306238,9,10,9,8,10,3,10,3,3,2,46,21,67,4,89
BLUE SOCKS,23,265,10.20776038754507,7893,7124,1834,231,960,934,190,0.25743964065131947,1094,67,75,1070,481.2133444444445,1360.56357,3.958793510054845,1.2436595703839122,4,8,8,9,7,4,9,4,5,7,36,29,65,5,89
NATIONAL PASTIME,23,269,10.34412452251671,7461,6688,1721,237,913,885,146,0.25732655502392343,1255,81,52,1278,524.4692055555556,1529.5305600000002,3.7611337450199205,1.2187494501992033,5,4,3,4,6,8,7,7,10,9,22,41,63,6,89
BIG RED MACHINE,23,198,9.626996098918772,7490,6637,1643,274,933,933,121,0.2475516046406509,1302,77,27,1165,565.5739966666666,1655.1694200000002,3.9094976728110598,1.271251474654378,10,5,7,3,2,6,5,6,6,4,27,27,54,7,89
FREE BIRDS,23,246,9.073384130366412,7354,6499,1668,227,896,876,108,0.2566548699799969,1352,85,0,1335,596.7221944444445,1718.1100999999999,3.9722631286982253,1.2707914940828402,3,2,2,1,5,10,2,10,4,5,13,31,44,8,89
ERIE LAKERS,23,207,8.00301617397044,7223,6433,1668,238,905,886,113,0.2592880460127468,985,60,52,924,446.9499111111111,1277.52052,4.083806294416243,1.296975147208122,6,3,4,2,8,2,7,1,1,1,23,12,35,9,89
FREE AT LAST,22,224,8.004545678370116,7249,6346,1555,231,886,848,149,0.24503624330286794,1087,60,48,1000,492.82005000000004,1383.3626199999999,4.0803867985280595,1.2726427046918123,4,1,1,5,1,2,6,2,2,3,12,15,27,10,89
WESTSIDE MARAUDERS,23,270,11.127765644240144,7596,6767,1726,261,959,942,160,0.2550613270282252,1264,80,54,1294,541.4093966666667,1533.678736,3.854971969936709,1.2133534303797469,9,7,9,8,7,8,6,9,5,9,40,37,77,1,90
HOOSIERS,23,237,10.275455357003304,7900,7010,1754,259,996,966,224,0.2502139800285307,1201,71,16,1119,513.8342200000001,1502.96614,3.8505478601165697,1.2514289258950875,8,10,10,10,2,6,5,6,6,5,40,28,68,2,90
MELONHEADS,22,270,10.807963662006573,7324,6520,1649,257,935,914,153,0.25291411042944784,1343,86,0,1354,570.6188211111112,1615.751,3.8239533804914374,1.2030908413998511,7,4,6,5,4,10,4,10,7,10,26,41,67,3,90
NATIONAL PASTIME,23,258,10.300027363636977,7342,6575,1667,251,903,902,158,0.2535361216730038,1127,75,84,1164,477.1112577777778,1386.51222,3.810116521739131,1.230268163265306,6,2,5,7,6,7,10,7,8,7,26,39,65,4,90
LOUISVILLE SLUGGERS,23,210,10.523217584436416,7590,6847,1817,243,974,914,171,0.265371695633124,1091,67,64,1091,469.81526333333335,1372.35314,3.875652951420715,1.257885554537122,4,9,6,9,10,5,8,5,4,4,38,26,64,5,90
BIG RED MACHINE,23,218,9.77272605272658,7531,6667,1675,267,945,935,118,0.25123743812809357,1102,66,73,1079,465.49912000000006,1377.83522,3.801716950998186,1.2503041923774953,10,6,8,2,3,4,9,4,9,6,29,32,61,6,90
BLUE SOCKS,22,270,10.141551297784416,7719,6973,1801,235,939,935,154,0.2582819446436254,1042,65,56,1073,438.7575355555556,1271.9720200000002,3.789652418426104,1.2207025143953936,3,5,8,6,8,3,7,3,10,8,30,31,61,6,90
FREE BIRDS,23,242,9.130224544139114,7393,6543,1657,235,908,885,130,0.25324774568240865,1378,85,0,1287,613.7359177777778,1749.1966800000002,4.008434876632801,1.2693734978229319,3,3,4,4,5,9,4,8,3,3,19,27,46,7,90
FREE AT LAST,22,216,8.072157835646639,7914,6966,1727,244,964,922,158,0.24791846109675567,1122,61,0,966,532.48693,1477.1207499999998,4.271285534759358,1.3165069073083777,5,8,7,7,1,2,4,2,1,1,28,10,38,8,90
ERIE LAKERS,23,210,8.0557995955855,7185,6397,1661,233,896,875,120,0.25965296232609036,996,61,54,913,461.6677477777778,1290.49244,4.171696516064257,1.295675140562249,2,1,3,3,9,2,6,1,2,2,18,13,31,9,90
WESTSIDE MARAUDERS,23,266,11.202603309264527,7778,6971,1781,257,968,941,171,0.2554870176445273,1311,82,32,1356,555.5586199999999,1599.951076,3.8139035697940495,1.2204050922959573,9,8,9,7,7,10,5,10,8,8,40,41,81,1,91
HOOSIERS,23,233,10.267354159260309,7820,6921,1734,255,992,950,225,0.2505418292154313,1194,75,27,1084,515.3868155555556,1519.19767,3.8848252428810723,1.2723598576214405,8,10,10,10,3,8,4,3,7,3,41,25,66,2,91
BLUE SOCKS,23,267,10.300737281049233,7729,6979,1796,232,952,929,200,0.2573434589482734,1113,67,75,1090,481.74834555555555,1393.8347800000001,3.895539182389937,1.2523223539982031,1,7,8,9,8,4,10,4,6,7,33,31,64,3,91
NATIONAL PASTIME,23,260,10.284538747845847,7317,6555,1673,246,893,899,127,0.25522501906941264,1286,79,52,1261,543.0645177777778,1565.17431,3.800607045101089,1.21708733281493,6,2,3,5,6,9,7,8,9,9,22,42,64,3,91
MELONHEADS,20,270,10.609356798245901,7050,6237,1583,253,912,884,154,0.25380792047458717,1136,73,27,1155,472.3569588888889,1340.3967499999999,3.742264639084507,1.1799267165492957,7,4,2,6,5,6,4,7,10,10,24,37,61,4,91
LOUISVILLE SLUGGERS,23,226,10.6479433179329,7661,6914,1850,236,985,916,186,0.26757304020827305,1116,70,50,1126,497.5280822222223,1414.235,4.012323243727599,1.2672356630824373,3,9,6,8,10,5,6,5,4,4,36,24,60,5,91
BIG RED MACHINE,23,201,9.650004545188953,7364,6512,1607,269,920,919,120,0.24677518427518427,1214,74,59,1139,527.0500555555556,1532.84957,3.9072903624382205,1.2626437973640858,10,5,7,3,1,7,9,6,5,5,26,32,58,6,91
FREE BIRDS,23,244,9.253032500349669,7407,6577,1667,241,890,903,120,0.25345902387106584,1337,82,0,1331,607.49571,1685.19573,4.089350329094989,1.260430613313388,4,1,4,3,4,10,2,9,2,6,16,29,45,7,91
ERIE LAKERS,23,196,8.02534273060727,7387,6529,1685,245,934,907,121,0.25807933833665186,998,58,25,951,450.08587888888883,1278.9587999999999,4.058890691382765,1.2815218436873745,5,6,5,4,9,2,3,2,3,2,29,12,41,8,91
FREE AT LAST,22,218,8.10143750910807,7389,6529,1630,234,904,875,120,0.24965538367284423,1085,64,54,950,495.82188333333335,1416.3973,4.1128082488479265,1.3054352995391705,2,3,1,3,2,3,8,1,1,1,11,14,25,9,91
WESTSIDE MARAUDERS,23,267,10.935079728238192,7225,6433,1640,260,927,915,150,0.2549354888854345,1308,82,59,1309,561.7994222222221,1584.773136,3.865592354740061,1.211600256880734,9,4,5,4,5,10,9,10,7,9,27,45,72,1,92
LOUISVILLE SLUGGERS,23,204,10.613982219747797,7300,6545,1702,247,944,900,173,0.26004583651642477,1037,67,85,1088,435.18905333333333,1299.03558,3.776954175506268,1.2526861909353906,7,5,4,8,9,5,10,4,9,5,33,33,66,2,92
MELONHEADS,19,270,10.430997392888255,7437,6613,1696,258,948,935,153,0.25646453954332377,934,61,0,959,380.33907888888893,1087.17471,3.664937591006425,1.163998618843683,8,7,9,6,6,4,2,3,10,10,36,29,65,3,92
NATIONAL PASTIME,23,268,10.376928957425188,7510,6764,1759,231,907,890,152,0.26005322294500294,1258,80,52,1263,533.5093566666667,1536.95063,3.8168395945945948,1.221741359300477,4,2,1,5,10,9,8,9,8,8,22,42,64,4,92
BLUE SOCKS,23,265,10.17539502441615,7732,6976,1806,229,946,928,182,0.2588876146788991,1238,76,29,1224,551.19521,1544.7090900000003,4.007073416801292,1.2477456300484655,3,6,7,9,8,7,5,7,4,6,33,29,62,5,92
HOOSIERS,23,231,10.292201830985556,7962,7077,1772,260,998,967,213,0.2503885827327964,1252,74,17,1132,562.6421511111112,1597.7432399999998,4.0445522044728435,1.2761527476038337,9,10,10,10,3,6,3,5,2,3,42,19,61,6,92
BIG RED MACHINE,23,203,9.740325355740135,7546,6659,1645,271,950,924,120,0.24703408920258296,1203,74,59,1136,520.6399922222222,1520.5505600000001,3.8950622859517874,1.263965552784705,10,8,6,2,1,6,9,6,6,4,27,31,58,7,92
FREE AT LAST,22,229,8.202644707417273,7886,6961,1731,247,973,929,154,0.24867116793564142,963,54,30,867,431.16332444444447,1253.7535599999999,4.029563779854621,1.301924776739356,7,9,8,7,2,2,6,1,3,2,33,14,47,8,92
FREE BIRDS,23,259,9.341979998069718,7421,6579,1661,238,895,895,135,0.2524699802401581,1258,78,27,1260,554.8383111111111,1565.33167,3.9694314785373606,1.2443018044515104,5,1,2,3,4,8,4,8,5,7,15,32,47,8,92
ERIE LAKERS,23,203,7.954828474091486,7335,6513,1685,242,922,898,120,0.25871334254567785,981,59,43,894,447.56537000000003,1279.2154500000001,4.106104311926606,1.3039912844036698,6,3,3,2,7,3,7,2,1,1,21,14,35,9,92
LOUISVILLE SLUGGERS,23,198,10.626140877221587,7350,6643,1739,247,950,911,179,0.26177931657383713,1125,69,66,1147,494.7774733333333,1389.6779299999998,3.9582197866666666,1.235269271111111,6,8,5,9,10,5,9,5,4,7,38,30,68,1,93
HOOSIERS,23,236,10.49173015363455,7895,7009,1767,263,995,978,206,0.25210443715223285,1319,79,2,1164,595.3527211111111,1678.71398,4.06230059893859,1.2727171948445792,10,10,10,10,3,8,2,6,3,3,43,22,65,2,93
MELONHEADS,22,270,10.649349663218025,7181,6397,1609,252,914,897,177,0.2515241519462248,1327,85,0,1337,552.6785044444445,1592.37954,3.7483847324792765,1.1999845817633759,7,4,4,8,2,10,1,10,9,9,25,39,64,3,93
NATIONAL PASTIME,23,263,10.33414992231338,7513,6735,1730,241,915,896,135,0.25686711210096513,1274,81,52,1273,537.1421433333334,1558.9688700000002,3.7945677315541606,1.223680431711146,4,5,3,4,7,9,6,9,8,8,23,40,63,4,93
BLUE SOCKS,23,255,10.03649910507058,7775,7050,1813,231,935,935,174,0.2571631205673759,1088,68,75,1092,473.7731655555556,1363.52834,3.919079494485294,1.2532429595588237,3,7,8,7,8,4,10,3,6,5,33,28,61,5,93
BIG RED MACHINE,23,208,9.740023283855908,7412,6586,1666,253,928,915,127,0.25296082599453384,1274,77,27,1194,550.8017355555555,1616.52546,3.891064065934066,1.2688582888540032,8,6,7,2,4,7,4,7,7,4,27,29,56,6,93
WESTSIDE MARAUDERS,19,270,10.579448534733112,6826,6060,1555,246,890,857,146,0.2566006600660066,1063,68,32,1133,442.1800333333333,1271.0454260000001,3.743763217309501,1.1957153584195674,5,3,2,5,6,4,5,4,10,10,21,33,54,7,93
FREE BIRDS,23,251,9.073205261357026,7187,6348,1613,220,877,848,129,0.2540957781978576,1205,75,59,1210,528.4763811111112,1501.18809,3.947126497925312,1.2457992448132782,2,2,1,3,5,6,8,8,5,6,13,33,46,8,93
FREE AT LAST,22,231,8.263373649704528,8068,7093,1757,255,983,940,157,0.24770900888199635,953,56,25,864,443.9819800000001,1246.6239799999998,4.192904323189927,1.3081049108079748,9,9,9,6,1,3,3,2,1,2,34,11,45,9,93
ERIE LAKERS,23,196,7.994798054335137,7454,6612,1703,247,935,913,118,0.2575620084694495,971,54,55,856,439.27975111111107,1279.28903,4.071593985581874,1.3174964263645725,6,7,6,1,9,2,7,1,2,1,29,13,42,10,93
WESTSIDE MARAUDERS,21,270,10.796790536108816,7134,6368,1652,247,921,894,165,0.2594221105527638,1189,75,32,1228,507.5225211111111,1448.0173960000002,3.8416338856181667,1.2178447401177461,8,6,5,7,10,8,5,8,7,9,36,37,73,1,94
HOOSIERS,23,232,10.268497689780276,8004,7094,1778,266,1010,980,204,0.250634338877925,1145,70,30,1032,476.54701555555556,1435.242,3.745784401746725,1.253486462882096,9,10,10,10,3,6,4,3,9,6,42,28,70,2,94
LOUISVILLE SLUGGERS,23,205,10.811063799110372,7751,6926,1793,267,993,940,163,0.25887958417557033,1090,69,53,1167,473.81185777777785,1375.41171,3.9122080000000006,1.2618456055045872,10,9,9,6,9,5,7,6,4,4,43,26,69,3,94
NATIONAL PASTIME,23,269,10.40662163377531,7458,6695,1723,237,908,891,151,0.2573562359970127,1212,77,82,1184,509.7182744444445,1479.40065,3.7850366914191427,1.220627599009901,5,5,4,5,7,9,10,7,8,8,26,42,68,4,94
BLUE SOCKS,23,270,10.180925711207967,7729,6964,1779,228,939,913,202,0.2554566341183228,1077,69,80,1097,466.57955444444445,1330.46612,3.8989934911792012,1.2353445868152275,3,8,7,9,6,5,9,4,6,7,33,31,64,5,94
MELONHEADS,19,270,10.35464706158456,6497,5796,1478,225,840,815,173,0.2550034506556246,1203,77,0,1254,498.10485666666676,1413.4667,3.726470249376559,1.1749515378221114,2,2,2,8,4,9,2,9,10,10,18,40,58,6,94
BIG RED MACHINE,23,202,9.750449255113558,7517,6664,1669,266,939,932,107,0.2504501800720288,1201,73,54,1116,521.7084322222222,1522.53996,3.9095552789342207,1.267726860949209,9,8,8,1,2,7,8,5,5,3,28,28,56,7,94
FREE BIRDS,23,252,9.31997934470848,7393,6567,1675,245,901,913,113,0.2550631947616872,1312,82,0,1302,580.49062,1645.76559,3.982024070121952,1.2543945045731708,7,4,7,2,5,10,2,10,3,5,25,30,55,8,94
ERIE LAKERS,23,191,8.093001148848924,7400,6551,1692,239,924,895,116,0.25828117844603876,1032,60,43,939,483.9882655555556,1358.0209799999998,4.2208278972868225,1.3159118023255811,6,7,6,3,8,3,6,1,2,1,30,13,43,9,94
FREE AT LAST,22,216,8.148088101167966,7396,6545,1633,234,900,882,132,0.24950343773873185,1205,65,27,1021,566.4648122222222,1569.54724,4.2308575186722,1.3025288298755187,4,3,3,4,1,4,3,2,1,2,15,12,27,10,94
WESTSIDE MARAUDERS,23,261,10.938804884222948,7519,6729,1707,258,936,930,167,0.253678109674543,1280,81,49,1311,541.3344322222222,1571.3928360000002,3.8062577265624995,1.2276506531250002,8,6,8,8,4,10,6,10,9,9,34,44,78,1,95
LOUISVILLE SLUGGERS,23,221,10.700312113514098,7504,6755,1751,272,960,952,154,0.2592153960029608,1019,64,96,997,441.42013222222226,1278.26598,3.8987057801766443,1.2544317762512267,10,8,10,7,10,5,10,3,7,5,45,30,75,2,95
BLUE SOCKS,23,269,10.265685276191064,7782,7011,1799,236,964,937,200,0.25659677649408075,1075,67,70,1072,471.0839911111111,1329.12035,3.943958995348837,1.236391023255814,5,9,9,9,7,6,9,4,5,7,39,31,70,3,95
NATIONAL PASTIME,23,267,10.487635432103454,7590,6783,1754,244,937,910,139,0.2585876455845496,1271,80,52,1239,543.0379466666667,1560.39494,3.8452726357199056,1.2276907474429581,6,7,4,4,9,9,7,7,8,8,30,39,69,4,95
HOOSIERS,23,227,10.18901674730195,7650,6751,1701,244,974,924,220,0.2519626721967116,1313,81,0,1233,575.1187788888889,1673.87879,3.9421698476770755,1.274850563594821,6,10,7,10,2,10,2,6,6,4,35,28,63,5,95
MELONHEADS,18,270,10.093818975382199,5972,5321,1357,219,779,766,151,0.2550272505168201,1184,77,0,1249,483.2781733333334,1383.1778,3.673567195945947,1.1682244932432433,3,2,1,6,6,8,2,8,10,10,18,38,56,6,95
BIG RED MACHINE,23,203,9.693295425526205,7472,6639,1660,259,928,911,116,0.2500376562735352,1203,73,59,1130,529.2581422222222,1502.97239,3.959537223607647,1.2493536076475478,9,5,5,2,1,7,8,5,4,6,22,30,52,7,95
FREE BIRDS,23,238,9.282706150217376,7564,6704,1705,236,910,893,114,0.2543257756563246,1299,80,27,1251,573.87167,1666.05447,3.976016189376444,1.2825669515011549,5,3,3,1,5,9,4,9,3,3,17,28,45,8,95
ERIE LAKERS,23,190,8.057487338814814,7473,6624,1707,247,937,913,120,0.25769927536231885,1069,61,14,976,487.6043766666666,1385.90734,4.105181842843779,1.2964521421889617,7,7,6,3,8,4,3,2,2,1,31,12,43,9,95
FREE AT LAST,22,227,8.0502240066303,7424,6575,1664,221,911,871,148,0.25307984790874527,1015,57,46,946,463.77692666666667,1306.00587,4.1123077241379304,1.286705290640394,4,4,2,5,3,3,5,1,1,2,18,12,30,10,95
MELONHEADS,23,269,10.841454839661775,7626,6777,1710,267,975,952,162,0.25232403718459495,1204,75,49,1223,508.9813966666667,1437.74559,3.8046782142857145,1.1941408554817277,10,9,9,7,4,7,8,8,8,10,39,41,80,1,96
LOUISVILLE SLUGGERS,23,210,10.57988968067951,7448,6703,1743,252,964,916,185,0.2600328211248695,999,62,82,1041,418.5902744444445,1213.0760699999998,3.7710835535535545,1.2142903603603603,7,8,5,9,10,2,10,3,10,8,39,33,72,2,96
WESTSIDE MARAUDERS,21,270,10.859001235857423,7449,6669,1726,245,948,916,182,0.2588094167041535,1088,69,32,1123,456.1127066666666,1303.7667760000002,3.7729911397058817,1.1983150514705885,6,7,5,8,9,3,6,5,9,9,35,32,67,3,96
BLUE SOCKS,23,268,10.256390555530729,7719,6973,1801,235,939,935,154,0.2582819446436254,1291,80,29,1245,557.47198,1614.8443700000003,3.8863267389620453,1.2508476917118514,4,5,7,6,8,9,5,9,6,6,30,35,65,4,96
NATIONAL PASTIME,23,262,10.409964893809617,7573,6802,1739,256,928,925,144,0.2556600999705969,1139,74,79,1145,486.20631444444444,1403.34049,3.841840939420544,1.232081202809482,8,3,6,5,5,6,9,6,7,7,27,35,62,5,96
HOOSIERS,23,229,10.262489306860104,7907,7034,1764,266,995,981,208,0.25078191640602787,1208,73,28,1102,539.4910333333333,1543.99279,4.019386837748344,1.278139726821192,9,10,10,10,2,5,4,4,2,2,41,17,58,6,96
BIG RED MACHINE,23,204,9.8077220633645,7622,6768,1703,266,945,945,124,0.2516252955082742,1290,76,27,1187,572.7020466666667,1631.3372100000001,3.9955956744186043,1.2646024883720932,9,6,8,3,3,8,3,7,4,4,29,26,55,7,96
FREE BIRDS,23,245,9.274553500881916,7494,6652,1706,220,894,872,136,0.25646422128683105,1353,82,0,1356,602.2057777777778,1708.3733300000001,4.005803399852181,1.2626558240946046,3,1,3,4,6,10,2,10,3,5,17,30,47,8,96
ERIE LAKERS,23,211,8.000444795082846,7452,6592,1694,245,934,908,115,0.25697815533980584,925,56,43,897,405.1567944444444,1180.4056899999998,3.942066108108108,1.2761142594594592,6,4,4,2,7,1,7,1,5,3,23,17,40,9,96
FREE AT LAST,22,223,7.951788277274622,7260,6346,1557,236,895,849,136,0.2453514024582414,1169,70,32,1021,538.0178855555556,1540.99603,4.142139409751925,1.3182173053892217,5,2,2,4,1,4,6,2,1,1,14,14,28,10,96
WESTSIDE MARAUDERS,23,262,10.936799331343801,7547,6720,1696,265,947,939,157,0.2523809523809524,1206,75,81,1213,512.3356933333333,1469.8376160000003,3.823400696517413,1.218770825870647,9,7,8,6,5,7,10,8,8,9,35,42,77,1,97
MELONHEADS,23,270,10.648728312209403,7335,6553,1653,255,925,914,175,0.252250877460705,1371,87,0,1357,567.3266022222223,1654.30224,3.724244653537564,1.206639124726477,7,6,6,8,4,10,2,10,10,10,31,42,73,2,97
LOUISVILLE SLUGGERS,23,210,10.60602309134043,7540,6782,1748,268,962,945,163,0.25774107932763196,1029,64,69,1082,442.6266988888889,1277.41942,3.871370544217687,1.2414182896015549,10,9,9,7,7,3,9,4,6,5,42,27,69,3,97
HOOSIERS,23,241,10.233382864139195,8018,7074,1769,265,1020,967,216,0.2500706813683913,1086,71,22,1063,450.9296166666667,1343.38946,3.7369857734806633,1.2370068692449356,9,10,10,10,3,4,3,3,9,6,42,25,67,4,97
BLUE SOCKS,23,267,10.096142007295128,7696,6938,1789,226,953,921,196,0.2578552897088498,1142,72,40,1173,503.33460111111117,1402.07024,3.9667350350262707,1.2277322591943958,4,8,7,9,8,5,5,6,4,7,36,27,63,5,97
NATIONAL PASTIME,22,270,10.392516875115133,7177,6449,1700,219,888,858,152,0.2636067607380989,1258,78,52,1206,538.5112822222222,1543.5381499999999,3.8526244356120825,1.2269778616852145,3,2,1,5,10,8,6,7,7,8,21,36,57,6,97
BIG RED MACHINE,23,206,9.708146882597893,7378,6545,1634,260,923,907,115,0.24965622612681437,1224,73,59,1140,529.3498966666666,1533.4931800000002,3.8922786519607837,1.2528539052287584,8,5,5,2,2,6,7,5,5,4,22,27,49,7,97
FREE BIRDS,23,237,9.22669191775036,7624,6750,1725,232,921,899,112,0.25555555555555554,1362,85,0,1303,610.4313133333334,1748.4591599999999,4.0336870925110135,1.2837438766519822,5,4,4,1,6,9,2,9,3,3,20,26,46,8,97
ERIE LAKERS,23,202,7.960960651779755,7027,6267,1640,234,887,870,117,0.26168820807403864,1035,59,63,922,487.74287888888887,1372.7295,4.241242425120773,1.326308695652174,6,1,2,3,9,2,8,1,1,1,21,13,34,9,97
FREE AT LAST,22,220,8.093997826799432,7410,6556,1629,234,894,883,127,0.24847467968273337,1139,64,27,1048,528.3566444444444,1480.24444,4.1748988586479365,1.299600035118525,6,3,3,4,1,3,4,2,2,2,17,13,30,10,97
LOUISVILLE SLUGGERS,23,222,10.678488539707823,7744,6966,1803,271,986,967,159,0.2588285960378984,1021,67,63,1068,439.7224188888889,1271.0535399999999,3.8761035945151816,1.2449104211557296,10,9,10,8,10,3,9,4,6,6,47,28,75,1,98
MELONHEADS,22,270,10.722161344341878,7240,6451,1636,258,918,915,158,0.25360409238877696,1359,85,0,1343,577.1424355555556,1625.71418,3.822135334805004,1.1962576747608535,9,5,7,7,4,9,3,10,9,10,32,41,73,2,98
WESTSIDE MARAUDERS,23,270,11.09982197245989,7425,6643,1713,247,937,910,150,0.2578654222489839,1282,80,59,1323,546.6061133333333,1541.505386,3.837328408736349,1.202422297971919,5,6,5,5,9,8,8,8,8,9,30,41,71,3,98
BLUE SOCKS,23,263,10.22084973206896,7838,7054,1809,247,961,950,174,0.25645024099801533,1139,70,46,1151,502.00824111111115,1417.72369,3.96670251975417,1.2447091220368744,5,8,8,9,7,5,6,6,5,7,37,29,66,4,98
NATIONAL PASTIME,23,264,10.32571187906148,7517,6731,1720,244,917,897,136,0.25553409597385235,1190,76,82,1189,499.8570900000001,1448.0859600000001,3.7804317731092447,1.2168789579831933,4,4,4,3,5,7,10,7,10,8,20,42,62,5,98
HOOSIERS,23,225,10.202813357286056,7879,7000,1765,254,990,956,226,0.25214285714285717,1166,69,49,1034,514.2781177777778,1514.62435,3.969556655231561,1.2989917238421955,7,10,9,10,3,4,7,3,4,1,39,19,58,6,98
BIG RED MACHINE,23,212,9.804501901239243,7486,6655,1675,256,937,910,125,0.2516904583020286,1185,72,59,1122,509.55279333333334,1493.2718100000002,3.870021215189874,1.2601449873417723,8,6,5,2,2,6,8,5,7,5,23,31,54,7,98
FREE BIRDS,23,240,9.1714891543035435,7333,6489,1659,225,889,875,138,0.255663430420712,1382,86,0,1326,612.1170066666667,1779.0337800000002,3.9862902026049207,1.2872892764109987,2,2,3,4,6,10,3,9,3,3,17,28,45,8,98
ERIE LAKERS,23,203,8.016202391822512,7454,6601,1696,248,938,914,121,0.2569307680654446,1007,59,20,956,463.70631888888886,1287.8587599999998,4.144346444885799,1.2789064150943394,6,7,6,1,8,1,4,1,1,4,28,11,39,9,98
FREE AT LAST,22,225,8.035848516590749,7214,6353,1580,226,900,855,151,0.2487014009129545,1121,64,35,995,505.9546922222223,1446.61195,4.062080490633364,1.2904656110615522,3,3,2,6,1,2,5,2,2,2,15,13,28,10,98
LOUISVILLE SLUGGERS,23,226,10.647711504546812,7212,6484,1699,242,933,890,171,0.2620296113510179,1075,71,82,1112,434.80859333333336,1305.03629,3.6402579906976746,1.213987246511628,8,8,4,8,10,5,9,5,10,9,38,38,76,1,99
WESTSIDE MARAUDERS,22,270,11.128092717660502,7253,6426,1628,254,930,899,171,0.2533457827575475,1290,80,51,1300,550.4784188888889,1570.560816,3.8405471085271317,1.2174890046511628,9,7,5,8,4,8,7,8,8,8,33,39,72,2,99
BLUE SOCKS,23,253,10.03505008816752,7960,7224,1860,234,951,952,173,0.2574750830564784,1196,74,29,1187,537.86951,1500.66212,4.047513035117057,1.2547342140468227,5,9,9,9,8,7,4,7,3,6,40,27,67,3,99
NATIONAL PASTIME,23,261,10.37029425535438,7555,6788,1740,254,926,920,143,0.2563347083087802,1142,72,79,1155,491.3219388888889,1396.8590900000002,3.8720643169877413,1.2231690805604205,9,6,8,5,7,6,8,6,5,7,35,32,67,3,99
HOOSIERS,23,231,10.14804211076319,7991,7095,1796,254,1009,954,222,0.25313601127554614,1136,71,30,997,486.25789,1448.3710300000002,3.85239525528169,1.2749744982394369,9,10,10,10,3,5,5,2,7,3,42,22,64,4,99
MELONHEADS,21,270,10.609315787413795,6824,6107,1550,237,864,854,164,0.25380710659898476,1356,86,0,1358,568.1022844444445,1618.29411,3.770590383480826,1.1934322345132744,6,1,1,7,5,10,2,10,9,10,20,41,61,5,99
BIG RED MACHINE,23,204,9.631722271879916,7364,6512,1607,269,920,919,120,0.24677518427518427,1128,68,86,1060,484.3385788888889,1416.2214000000001,3.8644035549645386,1.255515425531915,10,5,7,4,1,4,10,4,6,5,27,29,56,6,99
FREE BIRDS,23,245,9.085475022631107,7396,6530,1673,230,902,878,94,0.2562021439509954,1352,83,0,1350,602.3813366666667,1700.32032,4.0099349334319525,1.2576333727810651,4,2,3,2,6,9,2,9,4,4,17,28,45,7,99
ERIE LAKERS,23,196,8.144797182999115,7262,6454,1690,240,914,901,115,0.2618531143476914,1160,66,12,1020,556.2061844444445,1555.7178099999999,4.315392810344828,1.3411360431034482,7,3,6,3,9,3,3,3,1,1,28,11,39,8,99
FREE AT LAST,22,229,8.053362701063117,7396,6510,1614,230,916,870,158,0.24792626728110598,1017,57,44,968,459.1804922222223,1313.44042,4.063544178957719,1.2914851720747296,4,4,2,6,2,2,6,1,2,2,18,13,31,9,99
LOUISVILLE SLUGGERS,23,211,10.82696369547081,8039,7221,1886,266,1027,973,182,0.2611826616812076,1005,61,60,1026,429.3496466666667,1262.61428,3.8449222089552237,1.256332616915423,10,10,10,9,10,2,9,2,7,4,49,24,73,1,100
WESTSIDE MARAUDERS,23,269,10.9451557198974,7428,6627,1707,251,942,921,136,0.25758261656858306,1305,83,43,1320,558.9790288888888,1581.3761160000001,3.8550277854406128,1.2117824643678161,6,8,6,5,8,10,5,10,6,9,33,40,73,1,100
HOOSIERS,23,231,10.238568315326676,7737,6864,1721,252,976,943,222,0.2507284382284382,1126,71,49,1054,477.45672444444443,1405.2150000000001,3.8162615630550625,1.2479706927175844,7,9,9,10,3,6,6,4,9,6,38,31,69,2,100
NATIONAL PASTIME,23,259,10.326880435533159,7573,6802,1739,259,926,928,134,0.2556600999705969,1046,67,106,1075,446.3106211111111,1279.5873100000001,3.840148747609943,1.22331482791587,8,6,8,4,6,4,10,5,8,8,32,35,67,3,100
BLUE SOCKS,23,266,10.213138435723419,7736,6993,1800,234,933,927,158,0.2574002574002574,1200,74,51,1212,522.3202811111112,1478.7488,3.917402108333334,1.2322906666666666,4,7,7,6,7,8,7,7,4,7,31,33,64,4,100
BIG RED MACHINE,23,209,9.671174698645856,7308,6469,1608,262,916,907,130,0.2485701035708765,1199,72,59,1150,515.4172233333334,1500.7718300000001,3.8688532193494587,1.2516862635529609,9,4,5,3,2,7,8,6,5,5,23,31,54,5,100
MELONHEADS,18,270,10.159637061528478,6063,5397,1378,216,795,770,163,0.25532703353715025,1210,79,0,1235,498.4714822222223,1426.44555,3.707639123966943,1.1788806198347106,1,1,1,7,4,9,2,8,10,10,14,39,53,6,100
FREE BIRDS,23,241,9.148833973274535,7466,6605,1687,228,900,890,116,0.2554125662376987,1379,83,0,1319,614.4097622222223,1750.4556200000002,4.009925931834664,1.2693659318346628,2,3,4,1,5,10,2,9,3,3,15,27,42,7,100
FREE AT LAST,22,222,8.133072687251802,7396,6505,1614,235,923,873,166,0.24811683320522676,1162,69,14,1006,537.1478122222223,1548.64624,4.160353106712566,1.3327420309810671,5,5,2,8,1,5,3,1,2,1,21,12,33,8,100
ERIE LAKERS,23,193,8.09602179406573,7204,6409,1665,233,898,875,122,0.25979091902012796,1158,65,19,1046,546.2342855555556,1512.3302399999998,4.245344188255613,1.305984663212435,3,2,3,2,9,3,4,3,1,2,19,13,32,9,100
