team,n,total_salary,sgpar,PA,AB,H,HR,R,RBI,SB,AVG,IP,W,SV,SO,ER,WH,ERA,WHIP,hr_pts,r_pts,rbi_pts,sb_pts,avg_pts,w_pts,sv_pts,so_pts,era_pts,whip_pts,hit_pts,pit_pts,total_pts,rank,sim_num
WESTSIDE MARAUDERS,23,213,10.869792454307412,7442,6634,1697,246,943,908,163,0.25580343684051854,1262,82,43,1339,526.3173222222222,1532.053562,3.7534515847860535,1.213988559429477,5,7,5,8,7,10,6,10,10,9,32,45,77,1,1
LOUISVILLE SLUGGERS,23,165,10.815654530689653,7835,7062,1830,269,989,971,155,0.25913338997451146,1071,68,63,1057,455.75779666666665,1322.90249,3.829897450980392,1.2352030718954248,9,10,10,7,10,3,9,2,8,6,46,28,74,2,1
MELONHEADS,23,242,10.903318106394021,7685,6861,1746,264,967,956,163,0.2544818539571491,1289,82,22,1269,550.0190633333333,1558.3508500000003,3.8403192940263766,1.2089610938712183,8,8,8,8,5,10,2,8,7,10,37,37,74,2,1
NATIONAL PASTIME,23,190,10.467130070062675,7650,6892,1771,254,934,934,155,0.2569645966337783,1251,76,52,1189,554.3235822222223,1544.3069899999998,3.9879394404476423,1.2344580255795363,6,6,6,7,8,8,8,6,4,7,33,33,66,3,1
BLUE SOCKS,23,194,10.423481365578468,7635,6870,1753,229,934,908,201,0.2551673944687045,1261,78,29,1275,529.6296944444445,1548.7989699999998,3.7800691911181605,1.2282307454401267,1,6,5,9,6,9,3,9,9,8,27,38,65,4,1
HOOSIERS,23,190,10.263953826457232,7753,6871,1740,257,989,946,209,0.2532382477077572,1231,72,32,1107,548.9968022222222,1566.39163,4.013786531275385,1.2724546141348498,7,10,7,10,3,5,4,4,3,4,37,20,57,5,1
BIG RED MACHINE,23,151,9.784270870415718,7825,6941,1743,271,970,962,124,0.2511165538106901,1167,71,41,1092,513.0126611111111,1485.9122599999998,3.956395844044559,1.2732752870608397,10,9,9,3,2,4,5,3,5,3,33,20,53,6,1
FREE BIRDS,23,188,9.257876620093164,7389,6531,1657,232,906,881,125,0.2537130607870158,1188,73,46,1222,517.2755822222222,1482.67418,3.918754410774411,1.248042239057239,3,5,4,4,4,6,7,7,6,5,20,31,51,7,1
ERIE LAKERS,23,168,8.069145058008617,7080,6278,1625,233,895,869,127,0.2588403950302644,954,56,71,886,435.58237222222226,1252.44367,4.109267662473795,1.312834035639413,4,3,3,5,9,2,10,1,2,1,24,16,40,8,1
FREE AT LAST,22,151,8.190206046082771,7270,6390,1585,231,898,859,130,0.24804381846635368,1249,74,2,1134,579.4100733333333,1617.9895099999997,4.175092602081666,1.295427950360288,2,4,2,6,1,7,1,5,1,2,15,16,31,9,1
MELONHEADS,23,242,10.760570029173165,7552,6734,1711,263,952,944,162,0.2540837540837541,1357,86,0,1315,577.2794088888888,1628.5835400000003,3.8286769933677225,1.2001352542372883,9,7,7,7,5,10,3,9,9,10,35,41,76,1,2
WESTSIDE MARAUDERS,23,213,11.158057849058487,7666,6840,1736,262,971,947,167,0.25380116959064325,1317,83,32,1349,567.0875011111111,1621.4453019999999,3.875313219438117,1.2311657570235381,8,8,8,8,4,9,6,10,7,8,36,40,76,1,2
NATIONAL PASTIME,23,190,10.411291712005745,7514,6730,1685,270,916,948,135,0.25037147102526003,1057,69,111,1066,448.41258666666664,1297.0197600000001,3.818082573320719,1.227076404919584,10,5,9,4,2,6,10,4,10,9,30,39,69,2,2
LOUISVILLE SLUGGERS,23,165,10.66362407239368,7767,6967,1831,250,1001,920,180,0.26281039184728006,1086,64,71,1071,471.31157,1378.83414,3.9058969889502766,1.2696446961325967,6,9,5,9,10,4,9,5,6,4,39,28,67,3,2
HOOSIERS,23,190,10.318981026804645,7961,7036,1768,262,1012,964,225,0.25127913587265494,1117,68,47,1025,491.0497922222222,1420.2518699999998,3.9565336884512083,1.2714877976723364,8,10,10,10,3,5,8,3,4,1,41,21,62,4,2
BLUE SOCKS,23,194,10.174549062744363,7365,6651,1711,231,901,901,157,0.2572545481882424,1348,83,29,1293,574.4168444444445,1683.1716499999998,3.835127299703264,1.2486436572700295,3,2,4,6,7,9,5,8,8,7,22,37,59,5,2
BIG RED MACHINE,23,151,9.762089811090414,7510,6681,1703,251,938,921,127,0.2549019607843137,1245,75,27,1171,547.7083744444444,1571.88485,3.959337646586345,1.262558112449799,7,6,6,3,6,7,4,6,3,5,28,25,53,6,2
FREE BIRDS,23,188,9.305492109863208,7487,6654,1714,218,905,872,140,0.2575894198978058,1266,77,27,1260,569.8482411111111,1593.68544,4.0510538467614525,1.2588352606635071,2,3,2,5,8,8,4,7,2,6,20,27,47,7,2
ERIE LAKERS,23,168,8.121598806043096,7080,6278,1625,233,895,869,127,0.2588403950302644,975,60,37,974,428.13026111111117,1239.20814,3.951971641025642,1.2709827076923077,4,1,1,3,9,3,7,1,5,2,18,18,36,8,2
FREE AT LAST,22,151,8.229947319155668,7473,6584,1621,241,911,887,127,0.24620291616038883,1093,64,32,1007,498.7685544444445,1388.71982,4.106968883806039,1.2705579322964318,5,4,3,3,1,4,6,2,1,3,16,16,32,9,2
MELONHEADS,23,242,10.81923169470835,7584,6730,1696,270,970,953,159,0.25200594353640415,1187,76,39,1235,491.6129066666667,1414.2140800000002,3.7274778096040437,1.1914187700084247,10,8,9,8,4,8,7,8,10,10,39,43,82,1,3
WESTSIDE MARAUDERS,23,213,11.01390407217247,7498,6673,1712,259,949,938,137,0.2565562715420351,1361,84,32,1366,581.5326044444444,1668.636462,3.8455499191770754,1.2260370771491549,8,7,8,5,7,10,4,10,8,7,35,39,74,2,3
LOUISVILLE SLUGGERS,23,165,10.73563752986151,7699,6900,1801,250,983,926,185,0.2610144927536232,1159,72,36,1126,502.72058,1430.0125400000002,3.903783623813632,1.2338330802415878,5,9,7,9,10,7,6,4,4,6,40,27,67,3,3
NATIONAL PASTIME,23,190,10.565759900572539,7594,6831,1760,251,935,923,152,0.2576489533011272,1136,72,84,1134,492.7163077777778,1385.6477100000002,3.9035622975352116,1.2197603080985917,6,6,6,6,8,7,10,5,5,8,32,35,67,3,3
BLUE SOCKS,23,194,10.276664925017487,7529,6818,1742,236,910,916,159,0.25550014667057785,1121,70,83,1159,474.4764055555555,1356.11944,3.809355619982158,1.209740802854594,4,3,4,8,5,6,9,6,9,9,24,39,63,4,3
HOOSIERS,23,190,10.299434093193488,7907,7032,1762,262,991,969,219,0.25056882821387944,1256,76,11,1124,544.51355,1618.6870800000002,3.9017690684713373,1.2887635987261148,9,10,10,10,3,8,2,3,6,2,42,21,63,4,3
BIG RED MACHINE,23,151,9.708435571099576,7556,6734,1686,258,927,920,121,0.25037125037125035,1253,77,27,1201,539.3553811111111,1584.84096,3.8740609976057465,1.2648371588188347,7,5,5,3,2,9,3,7,7,5,22,31,53,5,3
FREE BIRDS,23,188,9.171953680952804,7417,6543,1677,226,911,880,126,0.2563044475011463,1362,84,0,1307,611.8832399999999,1729.19227,4.043281321585902,1.2695978487518356,2,4,3,4,6,10,1,9,2,4,19,26,45,6,3
ERIE LAKERS,23,168,7.971995691159345,7153,6384,1662,236,897,879,126,0.26033834586466165,870,55,66,852,388.95695666666677,1110.6597899999997,4.023692655172415,1.2766204482758616,4,1,2,4,9,4,8,1,3,3,20,19,39,7,3
FREE AT LAST,22,151,8.16800431375161,7284,6378,1582,231,909,856,156,0.24804013797428662,1156,63,35,1027,546.2452022222222,1524.7941799999999,4.252774065743945,1.3190261072664358,3,2,1,7,1,5,5,2,1,1,14,14,28,8,3
MELONHEADS,23,242,10.808913266795118,7580,6767,1705,254,955,929,187,0.25195803162405794,1337,85,0,1351,556.872791111111,1596.0342300000002,3.7485827374719514,1.193742879581152,7,8,8,9,4,10,2,10,10,10,36,42,78,1,4
WESTSIDE MARAUDERS,23,213,11.075810850091093,7551,6763,1749,250,943,926,142,0.2586130415496082,1302,81,54,1299,564.72093,1596.186612,3.903600898617511,1.2259497788018432,6,6,7,4,8,8,8,9,6,9,31,40,71,2,4
HOOSIERS,23,190,10.56665104999584,8031,7111,1783,268,1017,980,231,0.25073829278582477,1106,66,35,1074,474.685488888889,1402.07586,3.8627209764918633,1.267699692585895,10,10,10,10,3,4,5,4,8,4,43,25,68,3,4
LOUISVILLE SLUGGERS,23,165,10.789913752787871,7921,7161,1869,264,998,973,166,0.26099706744868034,1098,65,63,1059,481.0018955555556,1398.28506,3.9426384881602914,1.2734836612021858,9,9,9,7,10,3,9,3,5,3,44,23,67,4,4
NATIONAL PASTIME,23,190,10.36053174299268,7373,6620,1713,232,907,875,152,0.25876132930513596,1300,83,52,1260,548.2788444444444,1597.11301,3.795776615384615,1.2285484692307693,2,3,1,5,9,9,7,7,9,8,20,40,60,5,4
BIG RED MACHINE,23,151,9.715882376619453,7378,6547,1627,261,919,913,114,0.24851076829082022,1112,68,86,1076,477.7912011111111,1385.9180399999998,3.867015116906474,1.2463291726618704,8,4,6,1,2,5,10,5,7,6,21,33,54,6,4
BLUE SOCKS,23,194,9.89245693457917,7379,6657,1707,236,902,905,160,0.25642181162685895,1236,78,29,1262,542.2543477777778,1535.23661,3.948453988673139,1.2421008171521035,3,1,5,6,6,7,3,8,4,7,21,29,50,7,4
FREE BIRDS,23,188,9.209364540956694,7466,6605,1686,228,904,888,116,0.25526116578349733,1206,75,49,1179,531.6285388888889,1517.55808,3.9673771558872306,1.2583400331674959,1,2,2,2,5,6,6,6,3,5,12,26,38,8,4
ERIE LAKERS,23,168,8.004195900261392,7244,6407,1653,242,922,893,127,0.2579990635242703,1037,64,33,916,480.84271888888895,1361.3995300000001,4.173176923818708,1.3128250048216008,5,5,3,3,7,2,4,1,2,1,23,10,33,9,4
FREE AT LAST,22,151,8.11919137398054,7592,6674,1655,239,948,896,167,0.24797722505244232,1087,61,0,994,507.62704666666673,1392.0792799999997,4.202983827046919,1.2806617111315544,4,7,4,8,1,1,2,2,1,2,24,8,32,10,4
HOOSIERS,23,190,10.493288081220223,7849,6967,1771,254,994,958,196,0.2541983637146548,1063,66,62,1031,429.8647211111111,1298.0408,3.639494346190028,1.2211108184383819,7,10,10,9,4,4,10,3,10,9,40,36,76,1,5
WESTSIDE MARAUDERS,23,213,11.095782131153344,7344,6518,1658,277,940,943,148,0.2543725069039583,1373,85,32,1353,597.4256522222222,1683.0170719999999,3.9161186234522942,1.225795391114348,10,6,9,5,6,9,3,9,6,8,36,35,71,2,5
NATIONAL PASTIME,23,190,10.487636571847121,7654,6861,1767,255,947,928,146,0.2575426322693485,1184,76,52,1197,508.76760111111105,1456.7506199999998,3.867321292229729,1.230363699324324,8,7,8,4,7,8,6,7,7,7,34,35,69,3,5
LOUISVILLE SLUGGERS,23,165,10.727687201348788,7494,6744,1762,247,980,919,198,0.2612692763938316,1178,74,38,1161,514.5274533333334,1476.8734,3.9310246859083193,1.2537125636672326,6,9,5,10,10,7,5,6,5,4,40,27,67,4,5
MELONHEADS,23,242,10.781104680872227,7461,6659,1681,244,935,912,179,0.25244030635230513,1396,88,0,1369,585.3118411111111,1673.8731100000002,3.7735004083094554,1.1990495057306592,5,4,3,7,3,10,1,10,9,10,22,40,62,5,5
BLUE SOCKS,23,194,10.09861259305218,7704,6969,1804,227,937,923,182,0.25886066867556323,1116,71,56,1130,490.8010277777778,1374.1334,3.958072804659498,1.231302329749104,1,5,7,8,8,5,7,4,4,6,29,26,55,6,5
BIG RED MACHINE,23,151,9.72326872304374,7521,6676,1657,266,931,922,105,0.24820251647693228,1185,73,59,1137,505.65602666666666,1498.3605699999998,3.8404255189873417,1.264439299578059,9,3,6,1,2,6,9,5,8,3,21,31,52,7,5
FREE BIRDS,23,188,9.29543354827101,7540,6686,1700,234,900,890,110,0.25426263834878854,1190,73,57,1201,535.1433588888889,1490.5199000000002,4.047302714285714,1.2525377310924373,2,1,1,2,5,6,8,8,2,5,11,29,40,8,5
FREE AT LAST,22,151,7.947042349444621,7795,6867,1698,243,950,916,164,0.2472695500218436,927,52,35,834,416.0787311111111,1214.40981,4.039599331175836,1.310042944983819,4,8,4,6,1,2,4,1,3,2,23,12,35,9,5
ERIE LAKERS,23,168,8.082454103526075,7251,6437,1670,241,913,891,119,0.259437626223396,1147,65,22,1018,545.8155744444445,1526.8880299999996,4.282772598081953,1.3312014210985175,3,2,2,3,9,3,2,2,1,1,19,9,28,10,5
WESTSIDE MARAUDERS,23,213,11.16780434722658,7729,6896,1773,260,965,953,137,0.25710556844547566,1199,76,73,1241,510.5602755555555,1450.642062,3.8323957297748117,1.2098766155129272,9,9,9,4,7,8,9,9,8,9,38,43,81,1,6
MELONHEADS,23,242,10.835753265243111,7499,6653,1671,270,958,941,161,0.2511648880204419,1224,80,38,1232,507.03725888888886,1442.2006100000003,3.728215138888889,1.1782684722222225,10,8,7,8,2,10,5,8,9,10,35,42,77,2,6
LOUISVILLE SLUGGERS,23,165,10.639706769113298,7441,6707,1740,254,949,912,152,0.2594304458028925,1178,75,53,1186,487.1399177777778,1460.89219,3.721782054329372,1.2401461714770798,7,6,5,6,9,7,8,6,10,7,33,38,71,3,6
HOOSIERS,23,190,10.24250131593769,7975,7085,1792,255,1007,961,227,0.2529287226534933,1207,71,0,1119,523.6995411111111,1527.85481,3.9049675807787905,1.2658283429991715,8,10,10,10,3,5,3,4,5,4,41,21,62,4,6
NATIONAL PASTIME,23,190,10.389277300503435,7517,6759,1740,251,922,916,144,0.2574345317354638,1178,73,82,1133,512.9781866666666,1448.47517,3.919188183361629,1.2296054074702885,6,4,6,5,8,6,10,5,4,8,29,33,62,4,6
BLUE SOCKS,23,194,10.06669508760513,7544,6790,1732,225,923,895,203,0.25508100147275403,1194,76,51,1187,515.3685766666666,1503.5861300000001,3.884687763819095,1.25928486599665,3,5,3,9,6,8,7,7,7,5,26,34,60,5,6
BIG RED MACHINE,23,151,9.757389517258881,7713,6848,1735,260,957,944,133,0.2533586448598131,1167,70,46,1097,505.85442111111104,1494.4446599999999,3.9011909083119103,1.2805866838046271,9,7,8,3,4,4,6,2,6,3,31,21,52,6,6
FREE BIRDS,23,188,9.060355808500292,7215,6392,1630,222,879,864,111,0.25500625782227787,1255,79,32,1301,550.9627366666666,1564.98587,3.951127195219123,1.2470006932270916,2,1,2,1,5,9,4,10,3,6,11,32,43,7,6
ERIE LAKERS,23,168,8.292690299042352,7297,6482,1682,248,917,907,115,0.25948781240357915,1010,58,38,921,455.50209222222236,1305.0900800000002,4.058929534653466,1.2921683960396042,5,3,4,2,10,3,5,1,2,2,24,13,37,8,6
FREE AT LAST,22,151,8.138421183028942,7249,6373,1573,234,905,864,154,0.24682253255923428,1249,71,0,1114,604.9101277777778,1624.6329299999998,4.358839991993595,1.3007469415532424,4,2,2,7,1,5,3,3,1,1,16,13,29,9,6
MELONHEADS,23,242,10.821322961716675,7619,6745,1690,264,974,940,166,0.25055596738324687,1370,85,0,1340,573.3717977777777,1658.2233800000001,3.76667604379562,1.2103820291970804,10,9,9,6,3,10,1,9,10,10,37,40,77,1,7
WESTSIDE MARAUDERS,23,213,11.071183020935809,7533,6741,1744,247,949,927,175,0.2587153241358849,1313,81,32,1352,566.7515366666667,1603.4924219999998,3.8848163214013707,1.221243276466108,6,7,6,9,8,9,5,10,6,9,36,39,75,2,7
LOUISVILLE SLUGGERS,23,165,10.637827200030658,7244,6494,1697,239,934,880,168,0.2613181398213736,1216,77,50,1221,517.42758,1512.35442,3.829644917763158,1.2437125164473684,5,5,3,7,10,8,6,8,8,7,30,37,67,3,7
HOOSIERS,23,190,10.229542968227099,7721,6852,1718,256,976,937,214,0.2507297139521308,1260,77,17,1130,543.81739,1601.0404599999997,3.884409928571429,1.2706670317460316,8,10,8,10,4,8,3,5,7,3,40,26,66,4,7
NATIONAL PASTIME,23,190,10.442915594317206,7930,7123,1828,263,971,955,148,0.25663344096588514,1118,69,74,1088,496.4866566666666,1405.45928,3.9967619946332733,1.2571192128801432,9,8,10,5,5,5,9,2,4,5,37,25,62,5,7
BLUE SOCKS,23,194,10.060799755868322,7775,7050,1813,231,935,934,174,0.2571631205673759,1159,71,56,1141,518.9409933333334,1438.43985,4.029740241587576,1.2411042709232096,3,6,7,8,6,6,7,6,3,8,30,30,60,6,7
BIG RED MACHINE,23,151,9.694175463893332,7510,6668,1657,264,924,923,119,0.248500299940012,1129,68,78,1089,478.37726111111107,1408.6055199999998,3.813459123117803,1.2476576793622673,10,4,5,3,2,4,10,3,9,6,24,32,56,7,7
FREE BIRDS,23,188,9.12194242233034,7298,6468,1666,221,891,877,113,0.25757575757575757,1203,76,57,1180,531.5116744444445,1528.6860700000002,3.976396566916043,1.2707282377389861,2,3,2,1,7,7,8,7,5,2,15,29,44,8,7
ERIE LAKERS,23,168,8.207851266740812,7412,6578,1707,255,935,920,118,0.25950136819702035,984,59,26,912,450.55491,1273.6299400000003,4.120929054878049,1.2943393699186994,7,6,4,2,9,3,4,1,1,1,28,10,38,9,7
FREE AT LAST,22,151,8.118350069116211,7109,6260,1540,232,886,849,146,0.24600638977635783,1171,69,11,1117,533.08515,1481.89277,4.097153159692571,1.2654933988044406,4,2,1,4,1,5,2,4,2,4,12,17,29,10,7
MELONHEADS,23,242,10.753854065703564,7444,6619,1679,250,950,911,185,0.25366369542226924,1294,81,22,1285,539.20047,1543.1841700000002,3.7502351081916534,1.192568910355487,6,8,5,9,5,10,3,9,10,10,33,42,75,1,8
WESTSIDE MARAUDERS,23,213,11.080910088963153,7526,6744,1750,249,944,932,150,0.2594899169632266,1214,77,70,1249,515.7934855555555,1458.219572,3.823839678747941,1.201169334431631,5,7,7,5,8,7,10,8,9,9,32,43,75,1,8
LOUISVILLE SLUGGERS,23,165,10.76224102717169,7816,7052,1849,256,997,951,183,0.2621951219512195,1043,66,67,1035,459.1101633333334,1312.5523099999998,3.961640910834133,1.2584394151486096,8,9,9,8,10,5,8,2,5,5,44,25,69,2,8
HOOSIERS,23,190,10.257411138385617,7921,7007,1759,260,1010,963,215,0.2510346796061082,1243,77,0,1155,539.7532922222223,1586.34838,3.9081091150442484,1.2762255671761866,9,10,10,10,3,7,1,4,7,4,42,23,65,3,8
BLUE SOCKS,23,194,10.23238343013957,7417,6686,1707,238,906,909,159,0.2553096021537541,1211,76,56,1229,517.1831922222223,1477.99624,3.8436405697770444,1.220475838150289,4,4,4,7,6,6,7,7,8,8,25,36,61,4,8
NATIONAL PASTIME,23,190,10.433546433171365,7657,6872,1763,255,941,929,146,0.25654831199068684,1258,78,52,1203,553.8214222222222,1575.9849199999999,3.9621564387917325,1.2527702066772655,7,6,6,4,7,8,6,6,4,6,30,30,60,5,8
BIG RED MACHINE,23,151,9.754111198903466,7601,6759,1695,265,938,941,112,0.2507767421216156,1267,77,27,1171,554.5770544444445,1619.50137,3.9393792344119967,1.2782173401736385,10,5,8,1,2,7,4,5,6,3,26,25,51,6,8
FREE BIRDS,23,188,9.041712146266848,7267,6417,1616,226,876,857,126,0.2518310737104566,1285,79,32,1293,567.1937344444444,1605.61145,3.9725631206225676,1.249503073929961,2,1,1,3,4,9,5,10,3,7,11,34,45,7,8
ERIE LAKERS,23,168,8.001000462151483,7204,6399,1661,233,900,877,120,0.25957180809501484,920,54,68,866,414.5574322222223,1198.5593,4.055453141304349,1.3027818478260869,3,2,3,2,9,3,9,1,2,1,19,16,35,8,8
FREE AT LAST,22,151,8.076390516402181,7235,6377,1578,233,902,862,151,0.24745177983377764,1126,64,19,1045,512.8228877777779,1444.8467999999998,4.098939600355241,1.283167673179396,3,3,2,6,1,4,2,3,1,2,15,12,27,9,8
MELONHEADS,23,242,10.78888776087649,7625,6796,1739,260,965,950,154,0.25588581518540315,1212,78,28,1251,505.5496788888889,1439.8932200000002,3.7540817739273926,1.1880307095709572,7,8,8,6,6,8,4,8,10,10,35,40,75,1,9
WESTSIDE MARAUDERS,23,213,11.182595302660092,7764,6937,1761,271,965,969,146,0.2538561337754072,1359,85,32,1323,595.9119422222223,1678.2058920000002,3.946436703458425,1.234882922737307,9,8,9,4,5,10,5,9,4,8,35,36,71,2,9
LOUISVILLE SLUGGERS,23,165,10.759706879471075,7821,7035,1830,262,994,949,171,0.2601279317697228,1076,64,65,1078,469.2329066666667,1331.79937,3.924810557620818,1.237731756505576,8,9,7,8,9,4,9,3,6,7,41,29,70,3,9
NATIONAL PASTIME,23,190,10.36600098827927,7286,6556,1709,224,896,866,163,0.26067724222086636,1211,76,82,1188,508.45859888888884,1468.84812,3.77880048720066,1.212921651527663,1,3,2,7,10,7,10,7,9,9,23,42,65,4,9
BLUE SOCKS,23,194,10.095465879800207,7603,6855,1759,229,926,907,181,0.2566010211524435,1164,74,61,1166,500.27013999999997,1469.49894,3.8680680927835045,1.2624561340206184,3,6,5,9,7,6,8,5,8,4,30,31,61,5,9
HOOSIERS,23,190,10.293727541096306,8131,7197,1801,275,1031,992,197,0.2502431568709184,1267,73,22,1088,580.3219877777777,1667.74072,4.1222556353591155,1.3162910181531176,10,10,10,10,2,5,2,4,1,1,42,13,55,6,9
BIG RED MACHINE,23,151,9.77319712969257,7566,6724,1702,258,942,933,117,0.25312314098750743,1244,76,27,1173,544.0114133333333,1583.5087599999997,3.935773890675241,1.272917009646302,6,7,6,1,4,7,3,6,5,2,24,23,47,7,9
FREE BIRDS,23,188,9.252755158319342,7222,6400,1604,240,879,887,137,0.250625,1376,84,0,1353,619.6760011111111,1726.34036,4.053113379360465,1.2546078197674417,5,2,4,3,3,9,1,10,2,6,17,28,45,8,9
ERIE LAKERS,23,168,8.13174806599293,7153,6373,1655,237,900,880,129,0.2596893142946807,927,60,38,946,400.66681,1164.5212999999999,3.8899690291262137,1.2562257820927722,4,5,3,2,8,2,6,1,7,5,22,21,43,9,9
FREE AT LAST,22,151,8.111977112828129,7137,6250,1544,228,899,840,150,0.24704,1087,62,46,1004,486.2254711111111,1381.46743,4.025785869365225,1.2708991996320147,2,4,1,5,1,3,7,2,3,3,13,18,31,10,9
WESTSIDE MARAUDERS,23,213,11.063256814989874,7463,6627,1699,256,956,928,161,0.25637543383129624,1302,82,43,1328,556.0255166666667,1578.108872,3.8434943548387097,1.2120651858678955,6,8,6,6,7,9,6,9,8,9,33,41,74,1,10
LOUISVILLE SLUGGERS,23,165,10.74221957476156,7786,6992,1812,264,996,949,163,0.25915331807780323,925,60,99,968,378.8080766666667,1124.84175,3.6857002054054058,1.2160451351351351,9,9,8,7,9,2,10,1,10,8,42,31,73,2,10
MELONHEADS,23,242,10.73393070025596,7443,6637,1682,262,939,936,160,0.25342775350308877,1381,88,0,1348,592.1380722222221,1665.65805,3.8589736784938444,1.2061245836350472,8,6,7,5,4,10,1,10,6,10,30,37,67,3,10
HOOSIERS,23,190,10.481107101440237,8050,7148,1798,279,1023,1004,209,0.25153889199776164,1012,61,49,984,432.3259544444445,1274.74968,3.8447960375494077,1.259634071146245,10,10,10,10,3,3,7,2,7,4,43,23,66,4,10
NATIONAL PASTIME,23,190,10.35755556557822,7472,6693,1705,243,910,892,143,0.2547437621395488,1306,82,52,1273,556.09925,1590.87507,3.8322306661562022,1.2181279249617152,5,4,4,4,5,9,8,8,9,7,22,41,63,5,10
BLUE SOCKS,23,194,10.156636608600243,7960,7224,1860,234,951,951,173,0.2574750830564784,1238,76,29,1193,546.0095166666666,1577.43986,3.9693745153473343,1.274184054927302,3,7,9,9,8,7,4,6,4,3,36,24,60,6,10
BIG RED MACHINE,23,151,9.717337500778905,7399,6576,1648,257,926,911,122,0.25060827250608275,1186,71,59,1114,509.1382777777777,1481.12611,3.863612563237774,1.248841576728499,7,5,5,1,2,6,9,5,5,6,20,31,51,7,10
FREE BIRDS,23,188,9.214663011704706,7375,6520,1663,228,895,877,124,0.25506134969325156,1256,78,27,1266,561.0733577777778,1574.87001,4.020430111464968,1.2538773964968153,2,1,2,2,6,8,3,7,3,5,13,26,39,8,10
ERIE LAKERS,23,168,8.140357683612931,7153,6384,1662,236,897,879,126,0.26033834586466165,1126,65,39,991,531.0936077777777,1501.7171499999997,4.244975550621669,1.3336742007104794,4,2,3,3,10,4,5,3,1,1,22,14,36,9,10
FREE AT LAST,22,151,8.148533266364893,7207,6322,1575,225,904,846,164,0.24913002214489086,1129,66,16,1066,511.3015044444445,1453.4179599999998,4.0759198759964574,1.2873498317094771,1,3,1,8,1,5,2,4,2,2,14,15,29,10,10
MELONHEADS,23,242,10.867069376680254,7703,6827,1733,269,990,958,155,0.2538450270982862,1352,84,0,1303,575.5676088888889,1635.1401700000001,3.8314411834319526,1.209423202662722,10,9,10,7,4,10,2,10,6,10,40,38,78,1,11
WESTSIDE MARAUDERS,23,213,10.841820844637212,7372,6591,1690,257,925,923,154,0.2564102564102564,1239,79,54,1296,526.20645,1515.358542,3.822322881355932,1.2230496707021792,7,5,6,6,7,9,7,9,7,9,31,41,72,2,11
LOUISVILLE SLUGGERS,23,165,10.743043637287,7931,7116,1850,262,1014,952,175,0.25997751545812253,1079,64,66,1074,479.1579188888889,1372.8793299999998,3.9966832900834106,1.2723626784059312,9,10,9,8,10,4,9,2,5,3,46,23,69,3,11
NATIONAL PASTIME,23,190,10.545941638507914,7660,6875,1774,255,943,944,146,0.2580363636363636,1253,77,52,1180,556.7983377777778,1546.2944899999998,3.9993495929768557,1.2340738148443733,6,7,8,5,8,8,6,6,4,8,34,32,66,4,11
BLUE SOCKS,23,194,10.284227804377817,7453,6712,1713,230,915,901,180,0.2552145411203814,1247,77,56,1216,525.33269,1545.57836,3.7914949558941458,1.2394373376102645,3,3,4,9,5,8,8,7,9,7,24,39,63,5,11
HOOSIERS,23,190,10.269027244850918,7674,6783,1703,255,982,937,227,0.2510688485920684,1204,75,17,1160,511.2913611111111,1509.22143,3.821945390365448,1.2535061710963455,6,8,7,10,3,7,3,5,8,5,34,28,62,6,11
BIG RED MACHINE,23,151,9.76331672485098,7433,6608,1649,258,927,909,121,0.24954600484261502,1104,67,78,1099,464.44666666666666,1375.8886599999998,3.7862499999999994,1.2462759601449274,8,6,5,2,2,5,10,3,10,6,23,34,57,7,11
FREE BIRDS,23,188,9.290816168074505,7337,6525,1668,223,887,869,143,0.255632183908046,1264,79,27,1261,562.9213955555556,1591.3880399999998,4.008142848101266,1.2590095253164555,2,1,1,4,6,9,4,8,3,4,14,28,42,8,11
ERIE LAKERS,23,168,7.966204285218792,7381,6539,1688,239,922,895,114,0.2581434470102462,933,57,51,855,425.257198888889,1206.25944,4.102159474812434,1.292882572347267,5,4,3,1,9,3,5,1,2,2,22,13,35,9,11
FREE AT LAST,22,151,8.187599285194056,7396,6560,1635,233,891,881,124,0.24923780487804878,1248,73,0,1126,583.3453222222222,1613.8156499999998,4.206817227564103,1.2931215144230768,4,2,2,3,1,6,2,4,1,1,12,14,26,10,11
MELONHEADS,23,242,10.766695935234832,7443,6637,1682,262,939,936,160,0.25342775350308877,1295,83,27,1273,547.5070555555556,1545.9949700000002,3.80506833976834,1.1938185096525098,8,8,8,7,5,10,5,10,10,10,36,45,81,1,12
WESTSIDE MARAUDERS,23,213,11.15719898083623,7530,6747,1729,243,936,914,173,0.25626204238921,1210,75,81,1264,516.60962,1463.995062,3.842550892561983,1.2099132743801653,6,6,6,9,6,7,10,8,9,9,33,43,76,2,12
HOOSIERS,23,190,10.296787868188053,7977,7079,1782,263,1015,980,230,0.2517304704054245,1046,65,30,1040,446.7558,1297.2424,3.843979158699809,1.2401934990439771,9,9,10,10,4,3,6,2,8,7,42,26,68,3,12
LOUISVILLE SLUGGERS,23,165,10.77876504394215,7905,7089,1849,263,1016,954,159,0.26082663281139795,1218,73,36,1153,546.9534,1551.9755499999999,4.041527586206897,1.2741999589490969,9,10,9,6,10,6,7,5,2,2,44,22,66,4,12
NATIONAL PASTIME,23,190,10.439383783212767,7692,6932,1794,240,926,913,153,0.258799769186382,1255,78,52,1221,541.5557544444445,1547.47194,3.8836667649402394,1.2330453705179283,4,5,5,4,9,8,8,7,6,8,27,37,64,5,12
BIG RED MACHINE,23,151,9.758086772955275,7510,6658,1667,266,938,931,106,0.25037548813457494,1267,75,27,1213,550.4545122222222,1603.59551,3.9100951933701658,1.2656633859510655,10,7,7,1,2,7,5,6,5,4,27,27,54,6,12
BLUE SOCKS,23,194,9.924205715448737,7512,6777,1740,234,918,913,158,0.25675077467906154,1102,72,75,1094,473.9172222222222,1370.62927,3.870467332123412,1.2437652177858438,3,3,5,5,7,5,9,3,7,6,23,30,53,7,12
FREE BIRDS,23,188,9.390117117518397,7369,6516,1639,241,896,893,120,0.25153468385512584,1300,81,30,1269,579.5486766666667,1644.16381,4.012260069230769,1.2647413923076922,5,2,3,3,3,9,6,9,4,5,16,33,49,8,12
ERIE LAKERS,23,168,8.019291700556488,7356,6523,1684,246,925,905,117,0.2581634217384639,1081,60,27,946,494.5213844444445,1428.48011,4.117199315448659,1.3214432099907494,7,4,4,2,8,2,5,1,1,1,25,10,35,9,12
FREE AT LAST,22,151,8.22853409178652,7046,6178,1537,223,887,830,163,0.24878601489155067,1149,70,16,1097,512.5015244444445,1458.27549,4.01437225413403,1.269169268929504,2,1,2,8,1,4,4,4,3,3,14,18,32,10,12
MELONHEADS,23,242,10.82565401018856,7468,6636,1673,267,952,936,161,0.2521097046413502,1380,89,0,1352,579.60964,1680.0921900000003,3.780062869565217,1.2174581086956524,9,8,8,7,2,10,2,9,10,8,34,39,73,1,13
HOOSIERS,23,190,10.544175020817597,8075,7183,1821,270,1025,999,206,0.25351524432688294,1140,71,19,1052,484.07434111111115,1436.12597,3.8216395350877193,1.2597596228070176,10,10,10,10,4,6,4,4,8,5,44,27,71,2,13
WESTSIDE MARAUDERS,23,213,11.028642196185565,7488,6670,1710,253,939,923,145,0.2563718140929535,1323,84,32,1356,566.3277288888888,1602.3991219999998,3.852569584278155,1.2111860332577473,6,6,6,5,6,9,6,10,6,10,29,41,70,3,13
LOUISVILLE SLUGGERS,23,165,10.787463800190592,7788,7012,1816,266,1008,965,183,0.2589845978322875,953,59,88,989,406.2293911111111,1203.1363000000001,3.836374102833158,1.2624725078698846,8,9,9,9,8,3,10,2,7,4,43,26,69,4,13
BLUE SOCKS,23,194,10.042264882968162,7603,6855,1759,229,926,907,181,0.2566010211524435,1001,65,86,1095,421.8019044444444,1216.73016,3.792424715284715,1.2155146453546455,1,4,5,8,7,4,9,5,9,9,25,36,61,5,13
NATIONAL PASTIME,23,190,10.389065592424732,7520,6779,1757,232,911,890,145,0.2591827703201062,1306,80,52,1225,563.472538888889,1597.72064,3.883041998468607,1.2233695558958653,3,3,4,5,9,8,7,7,5,7,24,34,58,6,13
BIG RED MACHINE,23,151,9.699748875752148,7433,6605,1667,262,928,929,116,0.2523845571536715,1285,76,27,1212,565.4566066666666,1625.83007,3.9603964669260696,1.2652374085603113,7,5,7,2,3,7,5,6,4,3,24,25,49,7,13
FREE BIRDS,23,188,9.285335703270846,7369,6528,1656,231,894,886,129,0.2536764705882353,1286,80,27,1266,567.8090977777779,1616.2095,3.9737806220839818,1.2567725505443235,2,1,3,4,5,8,5,8,3,6,15,30,45,8,13
FREE AT LAST,22,151,8.071446173459929,7697,6730,1647,242,943,886,155,0.24472511144130757,926,53,62,880,434.6179155555556,1191.65609,4.224148207343413,1.286885626349892,5,7,3,6,1,2,8,1,1,2,22,14,36,9,13
ERIE LAKERS,23,168,8.062946686685363,7172,6386,1662,236,901,881,126,0.2602568117757595,1199,68,8,1040,559.7654033333333,1573.6114299999997,4.201741976647206,1.3124365554628854,4,2,2,3,10,5,3,3,2,1,21,14,35,10,13
WESTSIDE MARAUDERS,23,213,11.040247069302506,7512,6679,1708,261,952,939,150,0.25572690522533315,1366,85,32,1336,587.2664666666667,1677.260542,3.869251976573939,1.2278627686676427,8,8,9,5,6,10,5,10,7,9,36,41,77,1,14
LOUISVILLE SLUGGERS,23,165,10.73797655413542,7963,7177,1854,276,1013,988,166,0.2583252055176257,993,65,60,1003,426.7590111111112,1246.7586299999998,3.8679064451158114,1.2555474622356493,10,10,10,8,9,3,9,3,8,5,47,28,75,2,14
MELONHEADS,23,242,10.811480669000229,7433,6641,1676,251,938,917,186,0.2523716307784972,1300,83,27,1289,538.2133988888888,1541.63604,3.726092761538461,1.185873876923077,6,6,5,9,4,9,3,9,10,10,30,41,71,3,14
NATIONAL PASTIME,23,190,10.416901304127531,7709,6950,1792,252,945,936,162,0.257841726618705,1121,68,79,1089,495.4662511111111,1378.6979499999998,3.977873559322034,1.2298822033898302,7,7,8,7,8,4,10,4,4,8,37,30,67,4,14
BLUE SOCKS,23,194,10.274954708770561,7701,6977,1791,236,929,933,159,0.25670058764511966,1224,75,48,1216,531.5993488888889,1511.03937,3.9088187418300655,1.2345092892156861,4,5,7,6,7,7,7,8,5,7,29,34,63,5,14
HOOSIERS,23,190,10.203829052624961,7638,6762,1704,241,966,914,232,0.25199645075421473,1155,74,28,1110,485.83693000000005,1441.6693799999998,3.7857423116883124,1.2481985974025973,5,9,4,10,3,6,4,5,9,6,31,30,61,6,14
BIG RED MACHINE,23,151,9.745453750228798,7510,6658,1667,266,938,931,106,0.25037548813457494,1284,77,27,1198,553.1997477777778,1645.8260599999999,3.8775683255451714,1.281795996884735,9,6,6,1,2,8,3,6,6,3,24,26,50,7,14
FREE BIRDS,23,188,9.053754261209333,7348,6494,1657,222,896,867,119,0.25515860794579615,1216,74,54,1200,543.0796399999999,1539.6942900000001,4.019503914473684,1.2661959621710528,1,4,2,3,5,6,8,7,3,4,15,28,43,8,14
ERIE LAKERS,23,168,8.012841049031781,7060,6282,1644,234,892,873,117,0.2617000955109838,1045,59,42,980,488.78716222222226,1349.9602100000002,4.209650200956938,1.2918279521531102,3,3,3,2,10,2,6,2,1,1,21,12,33,9,14
FREE AT LAST,22,151,8.197188524759705,7242,6335,1577,225,896,837,145,0.2489344909234412,1157,69,16,1110,523.8051777777778,1490.26204,4.074543301642178,1.2880397925669835,2,4,1,4,1,5,2,5,2,2,12,16,28,10,14
MELONHEADS,23,242,10.98191957432524,7640,6799,1723,263,968,955,181,0.2534196205324312,1342,83,0,1332,565.220921111111,1614.87236,3.7906023025335314,1.20333260804769,7,7,9,9,4,10,2,10,10,10,36,42,78,1,15
WESTSIDE MARAUDERS,23,213,11.251758553075573,7883,7012,1780,264,991,953,159,0.25385054192812323,1307,80,54,1282,562.5566944444445,1618.5274720000002,3.873764537107881,1.2383530772762052,8,9,8,8,5,9,7,8,7,7,38,38,76,2,15
HOOSIERS,23,190,10.31182273904617,7976,7084,1780,265,1005,982,219,0.251270468661773,1120,72,10,1093,474.39056888888894,1387.39496,3.8120670714285714,1.2387455,9,10,10,10,3,7,3,4,9,6,42,29,71,3,15
BLUE SOCKS,23,194,10.373437894561937,7743,6994,1796,229,939,918,181,0.2567915356019445,1267,80,29,1246,544.9593711111112,1544.81505,3.8710610418310973,1.2192699684293606,2,6,4,9,7,9,4,7,8,9,28,37,65,4,15
NATIONAL PASTIME,23,190,10.311876994681803,7583,6795,1730,262,933,942,157,0.2545989698307579,1054,67,90,1053,457.4147944444444,1292.45154,3.9058189278937383,1.2262348576850095,6,5,7,7,6,5,10,3,5,8,31,31,62,5,15
LOUISVILLE SLUGGERS,23,165,10.592650579797485,7618,6864,1811,250,978,922,152,0.26384032634032634,1223,76,36,1187,539.6155533333333,1554.70536,3.971005707277187,1.271222698282911,5,8,5,6,10,8,5,6,3,3,34,25,59,6,15
BIG RED MACHINE,23,151,9.70364048873081,7497,6649,1643,267,927,927,123,0.24710482779365317,1168,71,59,1152,502.9107911111111,1456.13002,3.8751687671232875,1.2466866609589042,10,4,6,3,1,6,8,5,6,5,24,30,54,7,15
FREE BIRDS,23,188,9.163766094469231,7232,6431,1657,224,889,873,127,0.2576582180065309,1354,83,0,1306,605.9056133333332,1712.10642,4.027437607090103,1.2644803692762188,1,2,3,4,8,10,2,9,2,4,18,27,45,8,15
FREE AT LAST,22,151,8.253715666596806,7312,6413,1595,230,903,854,129,0.24871355060034306,979,59,79,899,429.0801166666667,1247.34472,3.9445567415730336,1.274100837589377,3,3,1,5,2,3,9,1,4,2,14,19,33,9,15
ERIE LAKERS,23,168,8.053708019154675,7073,6293,1643,231,887,867,111,0.26108374384236455,1109,61,44,1020,528.2705255555557,1483.47621,4.28713681695221,1.337670162308386,4,1,2,2,9,4,6,2,1,1,18,14,32,10,15
LOUISVILLE SLUGGERS,23,165,10.812684512326902,7819,7048,1824,265,989,959,163,0.25879682179341656,1152,72,36,1163,492.2939288888889,1428.1212,3.846046319444445,1.2396885416666668,10,9,9,8,9,6,6,7,7,6,45,32,77,1,16
MELONHEADS,23,242,10.784181462388625,7443,6637,1682,262,939,936,160,0.25342775350308877,1388,88,0,1349,576.5692977777777,1687.4360300000003,3.738561729106628,1.2157320100864555,9,5,8,7,4,10,2,9,10,9,33,40,73,2,16
HOOSIERS,23,190,10.342097314450983,7912,7005,1764,261,1003,970,218,0.2518201284796574,958,60,84,933,404.17533000000003,1191.41921,3.7970542484342382,1.2436526200417537,8,10,10,10,2,2,9,2,9,5,40,27,67,3,16
WESTSIDE MARAUDERS,23,213,11.1059157624929,7572,6757,1735,254,952,934,154,0.2567707562527749,1346,84,32,1334,585.1030922222222,1657.135892,3.912279219910847,1.2311559375928678,5,7,7,6,7,8,5,8,5,7,32,33,65,4,16
BLUE SOCKS,23,194,10.056647778875925,7456,6729,1730,226,909,895,180,0.2570961509882598,1048,67,88,1122,455.03100333333333,1265.05822,3.907708998091603,1.2071166221374046,2,3,3,9,8,4,10,4,6,10,25,34,59,5,16
NATIONAL PASTIME,23,190,10.357740829458969,7535,6754,1721,255,929,920,146,0.2548119632810187,1160,73,82,1145,510.48995222222214,1426.8028599999998,3.9606979051724127,1.2300024655172412,6,4,4,5,6,7,8,6,3,8,25,32,57,6,16
BIG RED MACHINE,23,151,9.7835293739396,7538,6685,1692,259,947,923,118,0.2531039640987285,1168,70,46,1134,498.3656,1474.7948999999999,3.840145890410959,1.262666866438356,7,6,5,2,3,5,7,5,8,3,23,28,51,7,16
FREE BIRDS,23,188,9.3113126053844,7271,6420,1630,222,881,857,122,0.2538940809968847,1425,87,0,1392,621.7189677777778,1777.0588,3.926646112280702,1.247058807017544,1,1,1,3,5,9,2,10,4,4,11,29,40,8,16
FREE AT LAST,22,151,8.171029757111132,7914,6965,1728,248,981,929,160,0.2480976310122039,1076,60,2,926,509.4301077777778,1414.49108,4.2610325,1.3145827881040892,4,8,6,7,1,2,3,1,1,2,26,9,35,9,16
ERIE LAKERS,23,168,8.01160354551406,7153,6384,1662,236,897,879,126,0.26033834586466165,1078,64,31,969,495.9872877777778,1421.1932799999997,4.140895723562152,1.3183611131725415,3,2,2,4,10,3,4,3,2,1,21,13,34,10,16
WESTSIDE MARAUDERS,23,213,10.831607950847856,7589,6762,1714,265,946,947,140,0.25347530316474415,1336,83,32,1331,579.2260255555556,1636.374092,3.9019717290419162,1.2248309071856287,10,7,10,5,5,10,6,10,6,8,37,40,77,1,17
LOUISVILLE SLUGGERS,23,165,10.749972919614464,7347,6607,1707,259,946,917,190,0.2583623429695777,996,62,94,1064,414.8291555555556,1233.5148000000002,3.748456224899599,1.2384686746987954,8,7,7,8,8,3,10,3,9,7,38,32,70,2,17
MELONHEADS,23,242,10.680404700584063,7276,6497,1639,253,920,910,173,0.2522702785901185,1226,79,38,1273,508.00965555555547,1435.9502400000001,3.7292715334420876,1.1712481566068516,6,5,5,7,4,7,7,9,10,10,27,43,70,2,17
NATIONAL PASTIME,23,190,10.513506722713867,7555,6769,1776,233,940,896,157,0.26237258088343923,1255,77,52,1211,537.2131844444444,1532.13771,3.8525248286852594,1.220826860557769,3,6,4,6,10,6,8,6,7,9,29,36,65,3,17
BLUE SOCKS,23,194,10.349990107905077,7729,6979,1796,232,952,928,200,0.2573434589482734,1234,80,29,1180,539.51172,1545.63613,3.9348504700162077,1.2525414343598056,2,8,8,10,7,8,5,5,5,6,35,29,64,4,17
HOOSIERS,23,190,10.220969035314862,7777,6889,1721,257,980,947,196,0.2498185513136885,1315,81,2,1225,591.3713722222222,1689.71329,4.047408631178707,1.284953072243346,7,10,10,9,2,9,2,7,2,2,38,22,60,5,17
BIG RED MACHINE,23,151,9.70415857488117,7378,6547,1627,261,919,913,114,0.24851076829082022,1195,72,59,1158,509.2650988888889,1509.16023,3.835469364016736,1.2628955899581589,9,4,6,2,1,4,9,4,8,4,22,29,51,6,17
FREE BIRDS,23,188,9.284694038919529,7610,6746,1731,227,915,892,130,0.2565965016305959,1238,76,27,1239,552.3492333333334,1561.31576,4.015462924071082,1.2611597415185782,1,3,3,3,6,5,4,8,4,5,16,26,42,7,17
FREE AT LAST,22,151,8.154761081473499,7970,7036,1761,249,976,937,132,0.25028425241614555,1066,58,16,894,497.6815233333333,1408.1931299999999,4.201813986866791,1.321006688555347,5,9,9,4,3,2,3,2,1,1,30,9,39,8,17
ERIE LAKERS,23,168,7.963757592061118,7242,6435,1668,238,909,888,113,0.2592074592074592,938,57,52,892,419.7075988888889,1191.5160899999998,4.027045191897655,1.2702730170575691,4,2,2,1,9,1,8,1,3,3,18,16,34,9,17
WESTSIDE MARAUDERS,23,213,11.194572713454253,7491,6680,1723,258,953,931,165,0.25793413173652696,1283,80,51,1295,542.7486622222222,1548.542402,3.8072782229150426,1.2069699158222915,9,6,6,6,8,9,7,9,7,9,35,41,76,1,18
MELONHEADS,23,242,11.014077483593192,7500,6662,1668,254,961,924,212,0.2503752626838787,1415,88,0,1354,598.2220766666667,1705.2069100000003,3.8049460706713782,1.2050932226148412,7,8,5,10,2,10,1,10,8,10,32,39,71,2,18
HOOSIERS,23,190,10.277443043213045,7701,6812,1703,255,977,938,199,0.25,1196,74,32,1153,522.1974555555555,1501.33513,3.9295795150501664,1.255296931438127,8,10,8,9,1,6,5,6,6,6,36,29,65,3,18
BLUE SOCKS,23,194,10.364192227321999,7939,7155,1836,247,967,955,175,0.25660377358490566,1141,71,56,1127,505.34045444444445,1448.1361499999998,3.9860333829973706,1.269181551270815,5,9,10,8,7,5,8,4,4,4,39,25,64,4,18
NATIONAL PASTIME,23,190,10.310884963198912,7328,6565,1659,251,892,900,134,0.2527037319116527,1195,77,84,1194,496.53643999999997,1454.5239000000001,3.7396049874476986,1.2171748117154813,6,2,3,3,6,7,10,7,10,8,20,42,62,5,18
LOUISVILLE SLUGGERS,23,165,10.528852536504392,7401,6684,1785,231,946,888,169,0.2670556552962298,1070,69,69,1143,446.7399844444444,1342.37586,3.757626037383177,1.254556878504673,1,5,2,7,10,3,9,5,9,7,25,33,58,6,18
BIG RED MACHINE,23,151,9.711953185883281,7783,6913,1735,260,967,943,136,0.2509764212353537,1181,70,44,1116,521.9734533333333,1502.9778,3.977782455546147,1.27263149872989,10,9,9,4,3,4,6,3,5,3,35,21,56,7,18
FREE BIRDS,23,188,9.430092757426236,7459,6629,1675,246,906,914,112,0.25267762860159904,1293,79,27,1250,579.9870288888889,1632.39423,4.037032683681361,1.2624858700696056,4,3,4,1,5,8,3,8,3,5,17,27,44,8,18
FREE AT LAST,22,151,8.16569735318148,7907,7005,1759,242,960,934,147,0.25110635260528197,970,56,30,855,459.22482111111117,1263.57081,4.260848855670103,1.302650319587629,2,7,7,5,4,1,4,1,1,1,25,8,33,9,18
ERIE LAKERS,23,168,8.032628679512557,7398,6546,1694,245,930,900,116,0.25878399022303694,1055,61,8,980,476.1941911111112,1344.44828,4.062320113744077,1.2743585592417062,3,4,3,2,9,2,2,2,2,2,21,10,31,10,18
MELONHEADS,23,242,10.841676572006145,7618,6784,1737,261,967,951,155,0.2560436320754717,1288,81,17,1269,543.2587055555555,1535.2527600000003,3.7960623835403724,1.1919664285714289,8,8,9,6,6,9,1,9,9,10,37,38,75,1,19
WESTSIDE MARAUDERS,23,213,11.14612432325429,7393,6623,1703,253,935,919,170,0.2571342292012683,1334,85,32,1379,566.9576955555556,1605.2618819999998,3.82505191904048,1.2033447391304346,5,6,5,8,8,10,4,10,6,9,32,39,71,2,19
LOUISVILLE SLUGGERS,23,165,10.747082517232414,7666,6863,1774,260,984,928,161,0.2584875418913012,1150,73,47,1143,484.59745999999996,1445.94286,3.792501860869565,1.2573416173913043,7,9,6,7,9,6,7,5,10,4,38,32,70,3,19
HOOSIERS,23,190,10.340938830108012,7954,7036,1769,264,1009,972,204,0.2514212620807277,1114,70,30,1075,471.96869555555554,1390.2845900000002,3.8130325493716333,1.2480113016157992,9,10,10,10,3,5,3,3,8,6,42,25,67,4,19
NATIONAL PASTIME,23,190,10.460623933901992,7664,6903,1767,254,928,935,150,0.2559756627553238,1253,78,52,1202,552.3548166666667,1547.7761699999999,3.9674328411811657,1.2352563208300078,6,4,8,5,5,8,8,6,4,7,28,33,61,5,19
BLUE SOCKS,23,194,10.30680412650786,7544,6792,1734,234,926,914,178,0.25530035335689044,1217,78,43,1228,516.8257377777777,1494.33995,3.822047362366474,1.2278882087099425,2,3,4,9,4,8,6,7,7,8,22,36,58,6,19
BIG RED MACHINE,23,151,9.679462986453064,7549,6701,1660,272,934,934,105,0.24772422026563198,1197,75,59,1123,512.8377155555555,1526.8330700000001,3.8559226733500416,1.2755497660818715,10,5,7,2,1,7,9,4,5,3,25,28,53,7,19
FREE AT LAST,22,151,8.1723436234576,7711,6766,1689,237,965,899,178,0.24963050546851906,823,46,67,791,377.8328277777778,1074.47892,4.13182922235723,1.3055636938031592,3,7,3,9,2,3,10,1,2,2,24,18,42,8,19
FREE BIRDS,23,188,9.108335283721074,7298,6499,1668,221,876,873,126,0.2566548699799969,1286,78,27,1258,577.3043555555556,1615.49559,4.040232659409021,1.2562174105754276,1,1,2,4,7,8,2,8,3,5,15,26,41,9,19
ERIE LAKERS,23,168,8.051385624692534,7349,6526,1689,242,923,899,120,0.25881091020533253,1097,59,39,963,525.4539777777778,1457.2009199999998,4.310925979945306,1.3283508842297171,4,2,3,3,10,4,5,2,1,1,22,13,35,10,19
MELONHEADS,23,242,10.765302225503849,7570,6756,1710,245,948,920,181,0.2531083481349911,1344,87,0,1339,559.1528122222222,1620.3430400000002,3.7443268675595243,1.205612380952381,6,7,6,9,4,10,4,10,10,10,32,44,76,1,20
LOUISVILLE SLUGGERS,23,165,10.775349721630484,7935,7115,1850,266,1019,964,179,0.2600140548137737,933,57,89,963,400.89928666666674,1152.70602,3.8671956913183285,1.2354834083601287,9,10,9,8,9,2,10,2,5,8,45,27,72,2,20
WESTSIDE MARAUDERS,23,213,11.104198614472342,7645,6852,1761,259,953,955,137,0.2570052539404553,1302,81,54,1287,551.9540299999999,1609.965652,3.8153504377880174,1.2365327588325654,7,8,8,3,7,8,7,8,8,7,33,38,71,3,20
HOOSIERS,23,190,10.322743792237965,8047,7127,1777,275,1018,988,195,0.249333520415322,1134,69,29,1068,480.6649311111112,1434.5835199999997,3.8148010405643746,1.2650648324514988,10,9,10,10,2,4,5,4,9,4,41,26,67,4,20
NATIONAL PASTIME,23,190,10.483251450703396,7688,6926,1795,245,943,929,162,0.2591683511406295,1200,77,52,1180,528.1831377777778,1492.67969,3.9613735333333335,1.2438997416666666,6,6,7,7,8,6,6,6,4,6,34,28,62,5,20
BLUE SOCKS,23,194,10.156745136646155,7379,6657,1707,236,902,905,160,0.25642181162685895,1270,79,29,1280,543.4633477777778,1536.29197,3.8513150629921262,1.209678716535433,5,4,4,6,6,7,5,7,6,9,25,34,59,6,20
BIG RED MACHINE,23,151,9.691992425037443,7455,6609,1656,260,935,910,116,0.2505674080798911,1089,67,86,1042,464.5615188888888,1376.04984,3.8393513957759406,1.2635903030303028,8,5,5,1,3,3,9,3,7,5,22,27,49,7,20
FREE BIRDS,23,188,9.020679070938028,7235,6418,1627,221,864,859,144,0.2535057650358367,1392,85,0,1332,626.1304777777777,1764.5118400000001,4.048257399425287,1.2676090804597702,2,1,2,4,5,9,4,9,3,3,14,28,42,8,20
ERIE LAKERS,23,168,8.082565859498049,7067,6278,1633,235,897,874,130,0.26011468620579803,914,53,74,882,414.5777477777778,1171.1356400000002,4.082275415754924,1.2813300218818382,4,3,3,2,10,1,8,1,2,2,22,14,36,9,20
FREE AT LAST,22,151,8.138330990173126,7102,6213,1543,223,891,832,151,0.24835023338161918,1283,74,0,1158,604.4258444444445,1664.5373000000004,4.239931878409976,1.2973790335151991,3,2,1,5,1,5,4,5,1,1,12,16,28,10,20
WESTSIDE MARAUDERS,23,213,11.125066887482653,7558,6776,1745,251,940,931,154,0.2575265643447462,1254,79,59,1278,529.70774,1536.892942,3.801730191387559,1.2255924577352473,7,7,7,6,8,9,8,9,10,9,35,45,80,1,21
MELONHEADS,23,242,10.756755735363098,7552,6734,1711,263,952,944,162,0.2540837540837541,1344,86,0,1326,570.7426844444444,1622.6682300000002,3.821937619047619,1.2073424330357145,9,8,8,8,5,10,2,10,9,10,38,41,79,2,21
LOUISVILLE SLUGGERS,23,165,10.78598504496809,7886,7076,1842,264,1015,953,162,0.2603165630299604,1022,64,77,1040,441.06440333333336,1285.9321,3.884128796477495,1.2582505870841487,10,10,9,8,10,5,10,2,7,4,47,28,75,3,21
HOOSIERS,23,190,10.290724391171715,7954,7036,1769,264,1009,972,204,0.2514212620807277,1254,76,8,1101,542.3981566666668,1582.9248899999998,3.892809736842106,1.2623005502392344,10,9,10,10,3,7,3,4,6,3,42,23,65,4,21
NATIONAL PASTIME,23,190,10.450963324732543,7527,6782,1757,243,926,913,161,0.25906812149808317,1216,77,52,1215,530.3968877777777,1496.7101799999998,3.925634860197368,1.2308471874999998,5,5,5,7,9,8,6,6,5,8,31,33,64,5,21
BLUE SOCKS,23,194,10.260952459443587,7456,6729,1730,226,909,895,180,0.2570961509882598,1240,77,56,1221,530.7580377777778,1530.56927,3.852276080645161,1.2343300564516129,3,3,3,9,6,8,7,8,8,7,24,38,62,6,21
BIG RED MACHINE,23,151,9.743646482039923,7461,6623,1663,260,931,926,116,0.2510946700890835,1271,75,27,1205,556.6219611111112,1595.24995,3.9414615656963026,1.2551140440597954,8,6,6,2,2,6,4,5,4,6,24,25,49,7,21
FREE BIRDS,23,188,9.174569254758708,7264,6424,1618,226,871,863,131,0.25186799501867996,1197,77,62,1216,525.8375066666666,1505.0438800000002,3.9536654636591475,1.2573465998329159,3,2,1,4,4,8,9,7,3,5,14,32,46,8,21
ERIE LAKERS,23,168,8.048045562759517,7349,6504,1674,246,931,906,122,0.257380073800738,937,55,45,880,414.31014111111114,1197.9472400000002,3.9794997545357527,1.278492251867663,6,6,4,3,7,3,5,1,2,2,26,13,39,9,21
FREE AT LAST,22,151,8.129066076583168,7326,6433,1584,238,918,867,152,0.24623037463080988,1126,63,27,1049,532.1756155555555,1468.8658299999997,4.253623925399645,1.3044989609236233,4,4,2,5,1,4,4,3,1,1,16,13,29,10,21
WESTSIDE MARAUDERS,23,213,11.138021129976268,7568,6768,1744,255,950,937,150,0.2576832151300236,1374,85,32,1354,587.5670944444444,1681.813972,3.8486927583697232,1.224027636098981,8,8,8,5,8,10,5,9,8,9,37,41,78,1,22
MELONHEADS,23,242,10.717384363447996,7307,6533,1655,254,921,916,172,0.2533292514924231,1318,84,0,1369,544.9724444444445,1553.96376,3.7213596358118366,1.179031684370258,7,4,4,7,4,9,1,10,10,10,26,40,66,2,22
LOUISVILLE SLUGGERS,23,165,10.766168861285184,7851,7063,1843,253,994,939,180,0.2609372787767238,1152,71,58,1078,516.9045955555555,1487.1529099999998,4.038317152777777,1.2909313454861109,6,9,9,8,9,5,8,4,2,2,41,21,62,3,22
HOOSIERS,23,190,10.281050974659934,8131,7197,1801,275,1031,992,197,0.2502431568709184,1205,72,13,1073,526.3565055555556,1541.7659800000001,3.9312934024896267,1.2794738423236516,10,10,10,9,3,6,2,3,5,3,42,19,61,4,22
NATIONAL PASTIME,23,190,10.453222068596727,7667,6897,1774,249,936,931,154,0.2572132811367261,1214,77,52,1211,534.4712077777777,1505.3833599999998,3.962307141680395,1.2400192421746292,5,6,6,6,6,7,7,7,4,7,29,32,61,4,22
BLUE SOCKS,23,194,10.221432264095512,7718,6946,1789,228,946,921,203,0.2575583069392456,1096,67,73,1093,477.21531111111113,1371.73852,3.918738868613139,1.2515862408759124,2,7,5,10,7,3,9,6,6,5,31,29,60,5,22
BIG RED MACHINE,23,151,9.726992172834848,7546,6684,1647,273,934,932,113,0.24640933572710952,1129,68,78,1089,478.37726111111107,1408.6055199999998,3.813459123117803,1.2476576793622673,9,5,7,1,1,4,10,5,9,6,23,34,57,6,22
FREE BIRDS,23,188,9.275428798569948,7159,6347,1624,218,871,852,122,0.2558689144477706,1334,82,27,1327,578.74397,1650.2077,3.904569512743628,1.237037256371814,1,1,1,3,5,8,4,8,7,8,11,35,46,7,22
ERIE LAKERS,23,168,7.9767353987261655,7158,6371,1663,235,902,881,118,0.26102652644796737,1023,64,22,960,457.64126000000005,1304.21578,4.02616944281525,1.2748932355816227,4,2,3,2,10,2,3,1,3,4,21,13,34,8,22
FREE AT LAST,22,151,8.076818060755503,7200,6324,1572,229,903,855,138,0.24857685009487665,1078,62,46,1016,508.0753,1406.9766100000002,4.241816048237477,1.3051731076066793,3,3,2,4,2,1,6,2,1,1,14,11,25,9,22
WESTSIDE MARAUDERS,23,213,11.149129263122399,7729,6896,1773,260,965,953,137,0.25710556844547566,1184,76,73,1216,491.1510122222222,1427.380512,3.733411410472973,1.2055578648648648,8,7,9,3,8,8,8,8,10,10,35,44,79,1,23
MELONHEADS,23,242,10.844723639295962,7624,6748,1717,265,982,947,155,0.2544457617071725,1289,82,22,1269,550.0190633333333,1558.3508500000003,3.8403192940263766,1.2089610938712183,9,10,8,7,6,9,4,9,7,9,40,38,78,2,23
LOUISVILLE SLUGGERS,23,165,10.50507627776495,7682,6940,1824,252,978,929,151,0.2628242074927954,1063,64,82,1032,457.79250888888896,1331.98585,3.875947864534337,1.2530440733772343,6,9,7,6,10,4,10,2,5,5,38,26,64,3,23
NATIONAL PASTIME,23,190,10.368827692841597,7681,6892,1743,268,935,959,150,0.2529019152640743,1194,73,52,1177,527.4189666666666,1479.92338,3.9755198492462305,1.2394668174204355,10,6,10,5,3,6,6,6,4,7,34,29,63,4,23
HOOSIERS,23,190,10.233643708752238,7592,6739,1705,243,966,911,230,0.25300489686897165,1143,73,36,1102,485.92822555555557,1419.72491,3.8262065004374457,1.2421040332458442,4,8,5,10,5,6,5,4,8,6,32,29,61,5,23
BLUE SOCKS,23,194,10.317084938726081,7621,6864,1757,224,933,904,198,0.25597319347319347,1216,74,56,1197,520.12704,1500.7567400000003,3.8496244736842105,1.234174950657895,1,5,3,9,7,7,7,7,6,8,25,35,60,6,23
BIG RED MACHINE,23,151,9.730433218417422,7430,6604,1662,256,927,912,138,0.2516656571774682,1099,67,78,1064,466.2190788888888,1388.2550199999998,3.817990636942675,1.2631983803457687,7,4,6,4,2,5,9,3,9,3,23,29,52,7,23
FREE BIRDS,23,188,9.046141030992507,7421,6599,1669,236,886,896,100,0.2529171086528262,1371,83,0,1355,617.2177933333334,1730.62685,4.051757943107221,1.2623098832968638,3,1,2,1,4,10,2,10,3,4,11,29,40,8,23
ERIE LAKERS,23,168,8.22634708451266,7297,6482,1682,248,917,907,115,0.25948781240357915,1157,67,0,1017,537.61739,1518.5895999999998,4.181984883318928,1.3125234226447708,5,3,4,2,9,5,2,1,1,1,23,10,33,9,23
FREE AT LAST,22,151,8.16965202996276,7102,6221,1536,227,893,839,163,0.24690564217971386,1207,73,2,1141,556.8338711111111,1556.2303999999997,4.152033835956917,1.2893375310687654,2,2,1,8,1,6,3,5,2,2,14,18,32,10,23
LOUISVILLE SLUGGERS,23,165,10.68565657958538,7620,6888,1786,261,980,947,178,0.2592915214866434,1015,64,69,1051,425.7002811111111,1245.3517,3.7746822955665023,1.226947487684729,8,9,9,8,9,3,10,3,8,8,43,32,75,1,24
WESTSIDE MARAUDERS,23,213,11.015725978011375,7519,6702,1733,252,958,933,155,0.25857952849895555,1262,79,54,1292,546.36388,1557.127922,3.896414358161648,1.2338573074484944,6,8,7,5,8,8,8,9,6,6,34,37,71,2,24
HOOSIERS,23,190,10.345900408179073,7956,7050,1761,267,1008,982,222,0.24978723404255318,1105,69,27,1037,461.7510088888889,1352.88359,3.7608679457013574,1.2243290407239817,10,10,10,10,2,4,3,2,9,9,42,27,69,3,24
MELONHEADS,23,242,10.644075205651239,7304,6504,1658,247,924,904,159,0.254920049200492,1224,81,38,1238,498.41876888888885,1459.77725,3.6648438888888886,1.1926284722222222,5,4,4,7,5,10,5,8,10,10,25,43,68,4,24
BLUE SOCKS,23,194,10.32221399986319,7621,6893,1768,228,925,910,180,0.25649209342811546,1217,75,56,1216,515.4883844444444,1510.20805,3.8121573212818403,1.2409269104354972,3,5,5,9,7,6,9,7,7,5,29,34,63,5,24
NATIONAL PASTIME,23,190,10.402154144172208,7778,6973,1784,259,950,940,141,0.25584396959701705,1200,76,52,1170,523.8405677777778,1477.34546,3.928804258333333,1.2311212166666667,7,7,8,4,6,7,7,5,4,7,32,30,62,6,24
BIG RED MACHINE,23,151,9.77272041288694,7510,6658,1667,266,938,931,106,0.25037548813457494,1241,75,27,1213,540.3909633333334,1554.62437,3.919031966156326,1.2527190733279614,9,6,6,1,3,6,3,6,5,3,25,23,48,7,24
FREE BIRDS,23,188,8.98256251296976,7204,6370,1618,219,869,845,122,0.25400313971742544,1292,80,32,1295,578.6360944444443,1616.656,4.030746787925696,1.25128173374613,1,1,1,2,4,9,4,10,3,4,9,30,39,8,24
ERIE LAKERS,23,168,8.006663323621908,7229,6450,1673,239,903,889,126,0.25937984496124034,1291,72,0,1054,621.1361922222221,1741.7901,4.330151611154143,1.3491790085205266,4,2,3,3,10,5,2,4,1,1,22,13,35,9,24
FREE AT LAST,22,151,8.216351933246736,7347,6444,1609,227,909,851,158,0.24968963376784606,1076,61,46,1004,498.5988088888889,1396.05967,4.170436133828996,1.2974532249070634,2,3,2,6,1,2,6,1,2,2,14,13,27,10,24
MELONHEADS,23,242,10.723368476777082,7548,6726,1698,254,947,931,164,0.25245316681534347,1387,87,0,1358,594.1160066666666,1669.94865,3.8551146791636626,1.2040004686373469,8,7,8,7,3,10,3,10,8,9,33,40,73,1,25
WESTSIDE MARAUDERS,23,213,10.74217913435334,7183,6399,1645,252,910,900,145,0.25707141740897016,1225,78,62,1291,504.59810222222217,1466.527922,3.7072513632653052,1.1971656506122448,6,4,5,6,8,8,7,8,10,10,29,43,72,2,25
LOUISVILLE SLUGGERS,23,165,10.654200348245979,7648,6887,1793,253,973,927,182,0.26034557862639757,1153,72,36,1193,501.50598777777776,1447.2057499999996,3.914617424111015,1.2551654379878574,7,9,6,8,10,5,6,6,6,7,40,30,70,3,25
NATIONAL PASTIME,23,190,10.452867639353176,7503,6710,1719,247,920,894,127,0.25618479880774964,1195,77,84,1194,496.53643999999997,1454.5239000000001,3.7396049874476986,1.2171748117154813,5,5,4,4,6,7,10,7,9,8,24,41,65,4,25
HOOSIERS,23,190,10.236914637901805,8038,7110,1795,262,1027,974,222,0.25246132208157523,1167,72,16,1069,511.5708077777778,1500.9155299999998,3.9452761525278492,1.2861315595544127,10,10,10,10,4,5,4,3,5,2,44,19,63,5,25
BLUE SOCKS,23,194,10.292914307332078,7876,7105,1825,235,969,940,201,0.2568613652357495,1253,75,29,1170,561.8140033333333,1577.20533,4.0353759217877085,1.2587432801276934,3,8,9,9,7,6,5,5,4,5,36,25,61,6,25
BIG RED MACHINE,23,151,9.728811794090557,7566,6724,1702,255,944,930,127,0.25312314098750743,1114,67,76,1024,482.60966111111105,1434.43215,3.8990008527827644,1.2876410682226214,9,6,7,4,5,4,8,2,7,1,31,22,53,7,25
FREE BIRDS,23,188,9.255832420677102,7201,6393,1604,243,870,893,123,0.25089942124198344,1365,84,0,1356,616.1162666666667,1715.15035,4.062305054945055,1.256520402930403,4,1,3,3,2,9,3,9,3,6,13,30,43,8,25
ERIE LAKERS,23,168,8.098455901625341,7185,6397,1661,233,896,875,120,0.25965296232609036,899,53,82,845,410.5271777777778,1154.9407999999999,4.109838264738599,1.2846949944382646,2,2,2,2,9,3,9,1,1,3,17,17,34,9,25
FREE AT LAST,22,151,8.208479837831348,7340,6481,1615,231,908,868,136,0.24918993982410123,1165,67,16,1070,530.9304966666667,1490.97373,4.101608987124464,1.2798057768240343,1,3,1,5,1,4,4,4,2,4,11,18,29,10,25
MELONHEADS,23,242,10.877514418632565,7584,6730,1696,270,970,953,159,0.25200594353640415,1382,86,0,1329,579.4638177777776,1681.01024,3.773642807525325,1.216360520984081,9,8,9,7,4,10,1,9,9,8,37,37,74,1,26
LOUISVILLE SLUGGERS,23,165,10.772002063026358,7697,6926,1808,254,987,932,181,0.2610453364135143,995,61,77,1068,419.9188333333334,1209.40526,3.7982608040201007,1.2154826733668342,6,9,6,9,10,3,10,3,8,9,40,33,73,2,26
NATIONAL PASTIME,23,190,10.36001028766135,7457,6692,1731,234,911,884,145,0.2586670651524208,1235,80,52,1267,513.3539244444444,1495.17694,3.741040744939271,1.2106695870445345,4,3,4,5,9,8,7,8,10,10,25,43,68,3,26
WESTSIDE MARAUDERS,23,213,11.008155167107814,7638,6809,1744,261,958,950,143,0.2561315905419298,1333,83,32,1346,579.0686022222222,1643.9583819999998,3.909690487621906,1.233277105776444,7,7,7,4,5,9,4,10,5,7,30,35,65,4,26
HOOSIERS,23,190,10.488658618312206,7839,6943,1735,271,992,977,208,0.24989197753132653,1142,71,39,1046,486.0017566666667,1465.09122,3.8301364360770584,1.2829170052539405,10,10,10,10,2,5,5,2,7,2,42,21,63,5,26
BLUE SOCKS,23,194,10.101016489745204,7960,7224,1860,234,951,951,173,0.2574750830564784,1161,71,56,1098,526.5907511111111,1451.61527,4.082098845822567,1.250314616709733,4,6,8,8,7,5,8,5,2,5,33,25,58,6,26
BIG RED MACHINE,23,151,9.746435825159436,7451,6640,1660,262,920,919,115,0.25,1219,74,59,1120,527.2206755555555,1550.9406199999999,3.8925234454470874,1.2723056767842493,8,5,5,1,3,6,9,6,6,3,22,30,52,7,26
FREE BIRDS,23,188,9.15139063105758,7284,6438,1649,220,891,871,134,0.2561354457906182,1277,78,27,1265,569.6703011111111,1595.6324,4.014904236491778,1.2495163664839468,2,1,3,3,6,7,3,7,4,6,15,27,42,8,26
ERIE LAKERS,23,168,8.104893972979031,7195,6408,1656,242,903,884,126,0.25842696629213485,979,60,40,938,440.4942066666667,1236.7590800000003,4.04948708886619,1.2632881307456592,5,2,4,2,8,2,6,1,3,4,21,16,37,9,26
FREE AT LAST,22,151,8.148989535997895,7235,6326,1564,233,913,848,155,0.24723363895036357,1200,68,19,1093,568.5420811111111,1582.2347,4.264065608333333,1.3185289166666667,3,4,2,6,1,4,2,4,1,1,16,12,28,10,26
MELONHEADS,23,242,10.79888280769381,7398,6596,1680,261,937,933,162,0.2546998180715585,1362,88,0,1353,579.4668088888889,1636.22248,3.8290758296622607,1.2013380910425844,9,6,6,8,4,10,1,10,10,10,33,41,74,1,27
WESTSIDE MARAUDERS,23,213,11.133981090630682,7603,6784,1735,260,959,946,154,0.255748820754717,1371,85,32,1329,583.5753577777778,1667.711882,3.830910444930707,1.2164200452224654,8,7,7,6,5,9,3,9,9,9,33,39,72,2,27
BLUE SOCKS,23,194,10.339432213558453,7845,7061,1810,248,962,951,174,0.25633762923098713,1135,70,56,1140,503.1946088888889,1429.97964,3.9900894096916297,1.2598939559471365,6,8,8,9,6,4,9,5,3,6,37,27,64,3,27
LOUISVILLE SLUGGERS,23,165,10.693806432682978,7815,7029,1815,278,996,979,158,0.25821596244131456,1107,65,53,1087,489.87063777777786,1411.14822,3.9826881120144537,1.2747499728997291,10,9,10,7,9,3,8,3,4,1,45,19,64,3,27
NATIONAL PASTIME,23,190,10.372060236910059,7547,6772,1747,234,915,895,151,0.2579740106320142,1295,81,52,1250,555.4692833333334,1588.01231,3.8604042857142864,1.226264332046332,5,4,4,4,8,8,7,8,8,8,25,39,64,3,27
HOOSIERS,23,190,10.246165375676487,7893,6993,1762,261,1007,960,196,0.25196625196625194,1212,73,22,1144,538.9585322222222,1543.8969799999998,4.002167318481848,1.2738423927392737,9,10,9,10,3,5,2,6,2,2,41,17,58,4,27
BIG RED MACHINE,23,151,9.730724261877445,7465,6633,1658,259,927,910,115,0.2499623096638022,1203,74,59,1136,520.6581211111111,1520.5951299999997,3.8951979135494597,1.2640026018287611,7,5,5,2,2,6,10,4,7,5,21,32,53,5,27
FREE BIRDS,23,188,9.168648433562486,7179,6373,1636,211,870,851,154,0.25670798681939433,1223,75,49,1223,536.7783066666666,1551.69091,3.950126541291905,1.2687578986099755,3,1,1,6,7,7,6,7,5,4,18,29,47,6,27
FREE AT LAST,22,151,8.154613078478354,7291,6396,1583,233,910,859,153,0.24749843652282677,948,59,43,958,414.10845000000006,1194.1717199999998,3.9314093354430386,1.259674810126582,4,3,2,5,1,2,4,2,6,7,15,21,36,7,27
ERIE LAKERS,23,168,8.092707541418427,7185,6386,1654,234,899,876,123,0.2590040714062011,1005,59,47,911,451.9330277777778,1279.3752400000003,4.04716144278607,1.2730101890547267,5,2,3,3,10,2,5,1,1,3,23,12,35,8,27
LOUISVILLE SLUGGERS,23,165,10.677217390193416,7660,6876,1794,254,992,931,187,0.26090750436300175,914,57,110,939,378.87897666666663,1145.84762,3.730755787746171,1.2536626039387309,7,9,7,9,9,2,10,2,10,7,41,31,72,1,28
WESTSIDE MARAUDERS,23,213,11.039765416911182,7631,6778,1740,262,971,944,139,0.2567128946591915,1332,83,32,1344,575.1586599999999,1640.8158819999999,3.8862071621621617,1.2318437552552552,9,8,8,3,7,9,6,9,5,8,35,37,72,1,28
MELONHEADS,23,242,10.734968863217446,7471,6670,1676,253,942,921,185,0.2512743628185907,1391,88,0,1353,592.5164422222222,1663.2629700000002,3.8336793529834647,1.195731826024443,6,7,6,8,4,10,2,10,8,10,31,40,71,2,28
HOOSIERS,23,190,10.555989966980599,8138,7200,1805,278,1045,1004,209,0.25069444444444444,1100,69,32,1010,474.7301544444445,1389.85917,3.88415580909091,1.2635083363636364,10,10,10,10,3,4,6,3,6,5,43,24,67,3,28
NATIONAL PASTIME,23,190,10.359911751312575,7454,6698,1724,239,903,888,141,0.25739026575097046,1255,81,52,1278,524.4728777777777,1529.52899,3.761160079681275,1.2187481992031872,4,3,4,4,8,8,7,8,9,9,23,41,64,4,28
BLUE SOCKS,23,194,10.075889391157434,7789,7058,1811,245,939,957,152,0.2565882686313403,1237,74,29,1213,549.2379733333332,1563.2646599999998,3.9960725626515754,1.2637547776879545,5,6,9,6,5,6,4,6,4,4,31,24,55,5,28
BIG RED MACHINE,23,151,9.71106744129671,7472,6641,1653,260,924,917,115,0.24890829694323144,1185,73,59,1137,505.65602666666666,1498.3605699999998,3.8404255189873417,1.264439299578059,8,5,5,2,2,5,9,5,7,3,22,29,51,6,28
FREE BIRDS,23,188,9.157816038379686,7179,6373,1636,211,870,851,154,0.25670798681939433,1291,79,30,1268,581.40988,1623.58671,4.053205979860573,1.2576194500387297,1,1,1,7,6,7,5,7,3,6,16,28,44,7,28
ERIE LAKERS,23,168,8.011704941273914,7073,6293,1643,231,887,867,111,0.26108374384236455,1035,57,55,937,479.1737222222223,1341.02511,4.1667280193236715,1.2956764347826086,2,2,3,1,10,2,8,1,1,1,18,13,31,8,28
FREE AT LAST,22,151,8.19787728872926,7368,6481,1611,233,906,864,148,0.24857275111865454,1121,68,14,1052,512.7784211111111,1427.25283,4.1168651115075825,1.2731961016949151,3,4,2,5,1,3,3,4,2,2,15,14,29,9,28
MELONHEADS,23,242,10.817016508117023,7511,6657,1681,262,957,935,155,0.25251614841520204,1362,86,0,1354,570.1859566666666,1657.3226300000001,3.767748612334801,1.2168301248164466,9,8,9,7,4,10,2,10,9,9,37,40,77,1,29
WESTSIDE MARAUDERS,23,213,10.991884699218796,7407,6632,1724,248,936,922,154,0.25995174909529556,1289,80,51,1299,549.9995055555555,1569.281072,3.840182738557021,1.2174407075252134,6,6,8,6,9,8,6,8,7,8,35,37,72,2,29
LOUISVILLE SLUGGERS,23,165,10.690967678649052,7361,6635,1744,244,963,908,196,0.26284853051996987,1042,69,77,1048,440.73130444444445,1298.94481,3.8067003262955854,1.2465881094049904,4,9,4,9,10,4,10,4,8,6,36,32,68,3,29
BLUE SOCKS,23,194,10.2421855103193,7529,6818,1742,236,910,916,159,0.25550014667057785,1193,75,56,1204,498.1725611111111,1445.16932,3.758217141659682,1.2113741156747695,2,2,6,8,6,6,8,6,10,10,24,40,64,4,29
NATIONAL PASTIME,23,190,10.394285050042585,7517,6759,1740,251,922,916,144,0.2574345317354638,1280,79,52,1209,559.5473377777778,1580.98442,3.9343172187500004,1.235144078125,7,3,6,5,7,7,7,7,5,7,28,33,61,5,29
HOOSIERS,23,190,10.329022331301793,8082,7169,1799,266,1017,977,219,0.2509415539126796,1106,66,39,1046,493.8651022222222,1401.1553199999998,4.018793779385172,1.2668673779385171,10,10,10,10,3,3,4,3,4,3,43,17,60,6,29
BIG RED MACHINE,23,151,9.723700464023187,7472,6641,1653,260,924,917,115,0.24890829694323144,1168,71,59,1152,502.9107911111111,1456.13002,3.8751687671232875,1.2466866609589042,8,4,7,1,2,5,9,5,6,5,22,30,52,7,29
FREE BIRDS,23,188,9.243984173967187,7291,6466,1648,226,884,880,139,0.25487163625115994,1359,85,0,1343,608.2958611111112,1721.3882899999999,4.028449411331863,1.2666580500367917,1,1,3,3,5,9,2,9,3,4,13,27,40,8,29
ERIE LAKERS,23,168,8.01594494431656,7515,6637,1713,246,944,910,117,0.2580985384963086,1092,62,19,955,510.2940888888889,1456.2412499999996,4.2057205128205135,1.3335542582417579,5,7,5,2,8,2,3,1,1,1,27,8,35,9,29
FREE AT LAST,22,151,8.282494103462565,7536,6609,1636,240,925,879,142,0.24754123165380543,1032,59,48,960,476.3224411111111,1325.20698,4.153974777131783,1.2841152906976743,3,5,2,4,1,1,5,2,2,2,15,12,27,10,29
MELONHEADS,23,242,10.759585997825152,7615,6796,1731,262,958,953,160,0.25470865214832256,1281,80,17,1285,544.4750588888888,1542.81392,3.8253517017954723,1.2043824512099923,10,8,10,7,5,8,3,8,7,10,40,36,76,1,30
LOUISVILLE SLUGGERS,23,165,10.67722970403858,7641,6876,1792,254,986,936,180,0.2606166375799884,932,59,93,1002,391.5737144444445,1135.8116599999998,3.7812912339055798,1.2186820386266093,7,9,7,9,10,3,10,2,8,8,42,31,73,2,30
WESTSIDE MARAUDERS,23,213,10.833044805107438,7197,6441,1656,250,907,903,150,0.25710293432696785,1390,88,32,1383,593.4089988888888,1710.1118420000003,3.842216539568345,1.2302962892086333,6,3,5,6,8,10,6,10,6,7,28,39,67,3,30
HOOSIERS,23,190,10.264117984302626,7853,6920,1735,256,1001,946,213,0.25072254335260113,1153,74,24,1085,483.6106144444444,1447.3303499999997,3.774931075455334,1.255273503902862,8,10,9,10,2,6,4,3,9,5,39,27,66,4,30
NATIONAL PASTIME,23,190,10.422234474678316,7423,6637,1694,245,912,893,135,0.25523579930691576,1208,76,84,1198,503.2853455555555,1458.76826,3.749642475165563,1.207589619205298,5,4,3,4,6,7,9,7,10,9,22,42,64,5,30
BLUE SOCKS,23,194,10.36416646718583,7792,7029,1807,244,950,943,174,0.2570778204581021,1175,72,56,1143,525.7435666666667,1460.35375,4.026972,1.2428542553191488,4,6,8,8,7,4,7,6,3,6,33,26,59,6,30
BIG RED MACHINE,23,151,9.846839548013085,7608,6777,1720,258,953,935,135,0.25379961634941717,1213,73,27,1137,529.0577233333333,1532.20131,3.9254076751854905,1.263150296784831,9,7,6,4,4,5,5,5,5,3,30,23,53,7,30
ERIE LAKERS,23,168,8.044928126957783,7349,6526,1689,242,923,899,120,0.25881091020533253,867,50,80,812,385.1416888888889,1132.0374100000001,3.998010611303345,1.305694821222607,3,5,4,2,9,2,8,1,4,2,23,17,40,8,30
FREE BIRDS,23,188,9.360213821088745,7382,6559,1661,230,889,884,138,0.2532398231437719,1365,84,0,1356,616.1162666666667,1715.15035,4.062305054945055,1.256520402930403,2,1,2,5,3,9,2,9,2,4,13,26,39,9,30
FREE AT LAST,22,151,8.151290848714003,7410,6522,1601,242,905,878,129,0.24547684759276295,1277,73,0,1130,601.6001566666667,1688.22566,4.239938457321848,1.3220247924823807,3,2,1,3,1,5,2,4,1,1,10,13,23,10,30
MELONHEADS,23,242,10.798785946094132,7436,6625,1680,263,941,937,161,0.25358490566037734,1295,83,27,1263,544.6894222222222,1541.4684900000002,3.785486332046332,1.1903231583011584,9,7,7,8,4,9,5,8,9,10,35,41,76,1,31
WESTSIDE MARAUDERS,23,213,11.129961160737997,7645,6830,1750,262,965,952,158,0.2562225475841874,1264,78,49,1288,542.6172822222221,1557.183662,3.8635724208860753,1.2319490996835443,8,8,8,7,7,8,6,9,7,8,38,38,76,1,31
HOOSIERS,23,190,10.306720633603652,7954,7036,1769,264,1009,972,204,0.2514212620807277,1237,75,0,1120,522.8949844444444,1535.9676500000003,3.804409749393694,1.2416876717865806,10,10,10,10,2,6,3,4,8,6,42,27,69,2,31
LOUISVILLE SLUGGERS,23,165,10.607971621661545,7410,6684,1728,253,934,909,151,0.2585278276481149,1021,65,93,1121,406.8135611111111,1249.53801,3.586015719882468,1.2238374240940255,6,6,5,6,9,2,10,5,10,9,32,36,68,3,31
NATIONAL PASTIME,23,190,10.454606096868249,7930,7123,1828,263,971,955,148,0.25663344096588514,1187,73,52,1136,527.6569444444444,1478.83447,4.000768744734626,1.2458588626790228,9,9,9,5,8,5,7,6,4,5,40,27,67,4,31
BLUE SOCKS,23,194,10.216971867249214,7635,6870,1753,229,934,908,201,0.2551673944687045,1098,68,88,1091,482.56844111111116,1360.56225,3.9554790255009116,1.239127732240437,3,6,4,9,5,3,9,3,5,7,27,27,54,5,31
BIG RED MACHINE,23,151,9.700147922905241,7405,6580,1664,256,925,917,116,0.252887537993921,1284,77,27,1198,553.1997477777778,1645.8260599999999,3.8775683255451714,1.281795996884735,7,5,6,1,3,7,5,7,6,3,22,28,50,6,31
FREE BIRDS,23,188,9.267263372597768,7295,6471,1656,224,897,878,131,0.25591098748261476,1334,84,0,1345,594.1740877777777,1667.8807599999998,4.008670757121439,1.2502854272863566,2,2,3,3,6,10,3,10,3,4,16,30,46,7,31
ERIE LAKERS,23,168,8.132013749011323,7185,6386,1654,234,899,876,123,0.2590040714062011,1213,69,8,1067,572.3540911111111,1598.83637,4.246650305028854,1.3180843940643034,5,3,2,2,10,4,4,2,1,1,22,12,34,8,31
FREE AT LAST,22,151,8.144624638950328,7445,6531,1621,233,921,865,146,0.2482008880722707,990,60,57,941,463.3563877777778,1275.7263899999998,4.2123307979797975,1.2886125151515149,4,4,1,4,1,1,8,1,2,2,14,14,28,9,31
WESTSIDE MARAUDERS,23,213,11.129370239006015,7645,6811,1753,251,971,938,176,0.25737777125238587,1326,81,32,1329,571.8627255555555,1631.0161819999998,3.8814212141779785,1.2300272865761688,5,9,8,8,7,9,7,10,8,8,37,42,79,1,32
MELONHEADS,23,242,10.729794174955387,7451,6616,1676,256,958,924,177,0.25332527206771466,1311,82,22,1279,552.812151111111,1580.1332100000002,3.7950490922959568,1.2052884897025173,8,7,6,9,4,10,2,8,10,10,34,40,74,2,32
NATIONAL PASTIME,23,190,10.443632815053514,7793,7022,1810,254,949,945,155,0.2577613215608089,1122,72,63,1111,488.7427744444444,1367.7826100000002,3.920396586452763,1.2190575846702318,6,6,9,5,8,6,10,4,5,9,34,34,68,3,32
LOUISVILLE SLUGGERS,23,165,10.653952295731584,7452,6710,1738,261,964,930,166,0.25901639344262295,1145,71,63,1137,499.648,1454.74225,3.927364192139738,1.270517248908297,9,8,7,7,9,5,10,5,4,3,40,27,67,4,32
HOOSIERS,23,190,10.263628887413635,8068,7148,1792,266,1019,971,214,0.2506994963626189,1152,70,31,1032,515.2580288888889,1478.67445,4.025453350694445,1.2835715711805555,10,10,10,10,2,4,6,2,2,2,42,16,58,5,32
BLUE SOCKS,23,194,10.197047344768816,7526,6783,1736,239,919,917,161,0.25593395252837975,1284,80,29,1271,557.1700988888889,1590.53104,3.9053978894081,1.238731339563863,4,5,5,6,5,8,4,7,6,7,25,32,57,6,32
BIG RED MACHINE,23,151,9.682385210231688,7416,6596,1658,255,916,907,130,0.25136446331109763,1193,72,59,1142,516.8413855555556,1488.84688,3.8990548784576697,1.2479856496227997,7,4,4,4,3,6,9,6,7,6,22,34,56,7,32
ERIE LAKERS,23,168,8.1377956468562,7204,6399,1661,233,900,877,120,0.25957180809501484,890,55,57,903,377.30373777777777,1124.9618799999998,3.8154310561797753,1.2640021123595504,2,3,3,2,10,2,8,1,9,4,20,24,44,8,32
FREE BIRDS,23,188,8.97914148329026,7214,6397,1642,215,868,854,124,0.25668282007190873,1279,78,27,1281,562.0940144444444,1615.94575,3.9553136278342453,1.2634446833463644,1,2,1,3,6,7,3,9,3,5,13,27,40,9,32
FREE AT LAST,22,151,8.176812409951843,7319,6450,1591,235,900,869,124,0.24666666666666667,1159,68,30,1046,532.2802177777778,1490.1702599999996,4.1333235202761,1.2857379292493525,3,3,2,3,1,3,5,3,1,1,12,13,25,10,32
MELONHEADS,23,242,10.739170859530129,7387,6601,1656,257,927,918,173,0.2508710801393728,1362,89,0,1376,570.69457,1638.42377,3.7711094933920704,1.202954309838473,8,5,6,9,4,10,2,10,10,10,32,42,74,1,33
LOUISVILLE SLUGGERS,23,165,10.785714346740985,7403,6661,1737,243,951,897,173,0.2607716559075214,1192,74,63,1194,505.5977222222222,1470.2939099999999,3.817432466442953,1.2334680453020133,5,9,4,9,10,6,8,7,8,7,37,36,73,2,33
WESTSIDE MARAUDERS,23,213,10.987136449582671,7407,6632,1724,248,936,922,154,0.25995174909529556,1321,83,32,1359,567.6009455555555,1606.0519419999998,3.8670768433005303,1.2157849674489023,7,6,7,7,9,8,5,9,6,9,36,37,73,2,33
HOOSIERS,23,190,10.258151031987662,7949,7003,1753,264,1018,958,219,0.25032129087533916,1009,65,66,957,422.95937999999995,1275.02822,3.7726802973240825,1.2636553221010902,9,10,10,10,3,4,9,2,9,4,42,28,70,3,33
NATIONAL PASTIME,23,190,10.459163616451974,7468,6724,1736,245,915,911,154,0.2581796549672814,1150,72,84,1153,493.87433888888893,1405.67845,3.8651035217391305,1.2223290869565218,6,2,5,7,8,5,10,5,7,8,28,35,63,4,33
BIG RED MACHINE,23,151,9.743805019976085,7650,6794,1699,268,947,943,112,0.25007359434795406,1258,75,27,1164,558.0326588888889,1587.9585899999997,3.9922845230524646,1.2622882273449918,10,8,8,5,2,7,3,6,4,6,33,26,59,5,33
BLUE SOCKS,23,194,10.129694199681111,7866,7130,1834,235,946,947,172,0.2572230014025245,1153,72,56,1117,509.35676555555557,1457.3552600000003,3.975898430182134,1.2639681352992196,2,7,9,8,6,5,7,4,5,3,32,24,56,6,33
FREE BIRDS,23,188,9.272982127837235,7505,6653,1687,236,903,895,106,0.2535698181271607,1406,87,0,1337,624.5568177777777,1806.67207,3.9978743669985772,1.2849730227596017,3,1,3,4,5,9,2,8,3,2,16,24,40,7,33
ERIE LAKERS,23,168,8.0136888316135,7295,6433,1659,238,922,890,118,0.2578890097932535,1041,56,43,936,484.18839333333335,1361.80143,4.186066801152738,1.3081665994236311,4,4,2,6,7,2,6,1,1,1,23,11,34,8,33
FREE AT LAST,22,151,8.17969834062975,7312,6433,1597,233,919,864,173,0.24825120472563345,1031,59,30,977,473.46335777777784,1302.56047,4.133045800193988,1.2633952182347234,1,3,1,9,1,3,4,3,2,5,15,17,32,9,33
LOUISVILLE SLUGGERS,23,165,10.754290459796959,7578,6823,1767,260,970,930,166,0.2589769895940202,1136,74,50,1190,484.1418611111111,1441.6920599999999,3.8356309419014085,1.2690951232394365,9,9,8,7,9,7,7,7,9,4,42,34,76,1,34
MELONHEADS,23,242,10.6566053939883,7387,6601,1656,257,927,918,173,0.2508710801393728,1369,87,0,1362,578.11932,1640.66486,3.800638334550767,1.198440365230095,7,5,6,8,2,10,1,9,10,10,28,40,68,2,34
NATIONAL PASTIME,23,190,10.464337632689656,7790,7028,1803,259,941,949,151,0.25654524758110414,1191,74,52,1168,521.4723555555556,1470.58781,3.940597145256088,1.2347504701931151,8,7,9,5,6,7,8,6,4,8,35,33,68,2,34
WESTSIDE MARAUDERS,23,213,11.032240159315705,7362,6615,1722,240,917,908,150,0.26031746031746034,1359,86,32,1387,583.8971022222222,1663.2958919999999,3.866868226637233,1.2239116203090508,5,3,5,4,10,9,4,10,8,9,27,40,67,3,34
HOOSIERS,23,190,10.328654170354758,8108,7168,1796,272,1029,992,211,0.2505580357142857,1122,66,55,986,500.73298666666676,1464.8467799999999,4.0165747593582894,1.3055675401069518,10,10,10,10,1,4,9,3,3,1,41,20,61,4,34
BLUE SOCKS,23,194,10.051505908631642,7603,6855,1759,229,926,907,181,0.2566010211524435,1083,68,88,1078,469.33453555555553,1346.07317,3.9002869990766387,1.242911514312096,3,4,4,9,7,5,10,4,6,7,27,32,59,5,34
BIG RED MACHINE,23,151,9.761467780204173,7461,6623,1663,260,931,926,116,0.2510946700890835,1225,72,46,1151,533.1599311111112,1537.2431499999998,3.917093371428572,1.2548923673469385,9,6,7,1,3,6,6,5,5,5,26,27,53,6,34
FREE BIRDS,23,188,9.364378944581143,7187,6348,1612,220,877,848,129,0.25393824826717076,1352,84,27,1324,583.337758888889,1684.0223700000001,3.8831655547337283,1.245578676035503,2,2,1,3,5,8,3,8,7,6,13,32,45,7,34
ERIE LAKERS,23,168,8.040466293152248,7349,6504,1674,246,931,906,122,0.257380073800738,1044,61,10,974,467.5561411111112,1328.40086,4.0306563888888896,1.2724146168582375,6,6,3,2,8,3,2,2,2,2,25,11,36,8,34
FREE AT LAST,22,151,8.09293401358057,7690,6747,1695,231,966,894,163,0.2512227656736327,918,53,41,847,427.4125755555555,1166.68452,4.190319368191721,1.2708981699346404,4,8,2,6,4,2,5,1,1,3,24,12,36,8,34
WESTSIDE MARAUDERS,23,213,11.090965720346595,7505,6685,1697,281,951,955,138,0.25385190725504864,1359,84,32,1339,587.3612022222222,1667.571492,3.8898092862398825,1.227057757174393,10,7,9,4,5,10,5,10,6,8,35,39,74,1,35
MELONHEADS,23,242,10.906370793425918,7682,6811,1712,250,968,928,181,0.25135809719571284,1309,82,17,1315,551.2816311111111,1582.8262300000001,3.790324430863254,1.2091873414820475,6,8,7,9,3,9,3,9,8,10,33,39,72,2,35
LOUISVILLE SLUGGERS,23,165,10.756739593701182,7765,6988,1811,269,993,970,173,0.25915855752718947,1076,67,49,1088,464.19582333333335,1347.5056,3.8826788197026025,1.252328624535316,9,10,10,7,9,3,7,3,7,6,45,26,71,3,35
NATIONAL PASTIME,23,190,10.47765583190486,7797,7018,1800,260,949,949,146,0.2564833285836421,1234,76,52,1152,546.1108344444444,1522.16493,3.9829801539708267,1.2335210129659642,7,6,8,6,7,6,8,5,4,7,34,30,64,4,35
BLUE SOCKS,23,194,10.226195000354894,7509,6761,1733,230,921,903,180,0.2563230291377015,1129,69,75,1155,471.7717588888888,1378.20002,3.760802329495128,1.220726324180691,3,4,3,8,6,4,10,6,10,9,24,39,63,5,35
HOOSIERS,23,190,10.28576786625888,7732,6833,1724,246,983,916,226,0.25230499048734084,1123,73,36,1100,472.31382222222214,1407.96924,3.7852398931433657,1.2537571148708815,5,9,5,10,4,5,6,4,9,5,33,29,62,6,35
BIG RED MACHINE,23,151,9.652976363437762,7524,6674,1655,268,936,927,115,0.24797722505244232,1273,77,27,1218,554.6531955555556,1598.71913,3.9213501649646507,1.255867344854674,8,5,6,2,1,7,4,7,5,4,22,27,49,7,35
FREE BIRDS,23,188,9.049233601119063,7284,6472,1668,220,882,879,118,0.257725587144623,1303,80,27,1243,580.0495911111111,1657.7261400000002,4.00648221028396,1.2722380199539527,1,1,2,3,8,8,4,8,3,3,15,26,41,8,35
ERIE LAKERS,23,168,8.200181470409797,7230,6452,1698,242,912,904,118,0.26317420954742715,997,58,36,943,460.8494511111112,1293.44154,4.1601254363089275,1.2973335406218656,4,3,4,3,10,1,6,1,1,1,24,10,34,9,35
FREE AT LAST,22,151,8.005800800597664,7186,6311,1573,222,897,840,141,0.24924734590397718,1058,63,62,978,485.42582444444446,1366.6801899999998,4.129331209829868,1.2917582136105858,2,2,1,5,2,2,9,2,2,2,12,17,29,10,35
WESTSIDE MARAUDERS,23,213,10.978163149840215,7463,6648,1711,256,944,929,149,0.2573706377858002,1266,80,51,1285,527.8592188888889,1541.011462,3.7525536887835704,1.2172286429699841,8,8,7,6,8,9,7,9,9,9,37,43,80,1,36
MELONHEADS,23,242,10.829990608790277,7444,6651,1673,256,939,921,177,0.25154112163584424,1279,81,27,1305,530.6597244444444,1512.9835600000001,3.734118467552775,1.182942580140735,8,7,6,8,3,10,3,10,10,10,32,43,75,2,36
NATIONAL PASTIME,23,190,10.401936342224468,7737,6942,1753,274,935,976,133,0.252520887352348,1200,75,52,1159,527.3498122222222,1487.6572099999998,3.955123591666667,1.2397143416666665,10,6,10,5,5,7,8,6,5,7,36,33,69,3,36
HOOSIERS,23,190,10.218331318265559,7921,7011,1766,256,1008,943,211,0.25188988731992584,1033,63,57,1034,436.09153666666674,1312.41507,3.7994422362052283,1.2704889351403679,8,9,8,10,4,3,9,2,8,4,39,26,65,4,36
LOUISVILLE SLUGGERS,23,165,10.713811592461463,7966,7204,1902,247,1015,946,203,0.2640199888950583,1126,67,36,1103,512.5050266666667,1428.2810999999997,4.096398969804619,1.2684556838365895,7,10,9,9,10,4,5,4,2,5,45,20,65,4,36
BLUE SOCKS,23,194,10.156325448725422,7480,6752,1734,223,912,895,176,0.2568127962085308,1290,81,29,1283,551.2326933333334,1584.3392799999997,3.8458094883720935,1.2281699844961238,3,4,5,7,7,10,4,8,7,8,26,37,63,5,36
BIG RED MACHINE,23,151,9.690638688574413,7458,6641,1666,258,923,921,125,0.25086583345881647,1219,74,59,1120,527.2206755555555,1550.9406199999999,3.8925234454470874,1.2723056767842493,9,5,6,2,2,6,10,5,6,3,24,30,54,6,36
FREE BIRDS,23,188,9.250326201781169,7362,6511,1650,235,909,890,127,0.25341729381047456,1271,78,27,1257,571.8339533333333,1599.0416599999999,4.049178269079464,1.2580972934697088,6,3,4,3,6,8,3,7,4,6,22,28,50,7,36
ERIE LAKERS,23,168,8.070688978560806,7099,6291,1632,232,896,870,124,0.25941821649976154,1078,63,38,970,501.8516366666667,1406.9030899999998,4.189855964749537,1.3051049072356213,5,1,3,1,9,3,6,1,1,1,19,12,31,8,36
FREE AT LAST,22,151,8.258992494807307,7312,6413,1595,230,903,854,129,0.24871355060034306,1161,70,25,1054,523.7206722222222,1488.25106,4.059850172265288,1.2818699913867355,4,2,2,4,1,5,2,3,3,2,13,15,28,9,36
MELONHEADS,23,242,10.790308966641714,7615,6762,1702,270,969,948,162,0.25170068027210885,1360,85,0,1313,578.3812155555555,1629.8470800000002,3.8275227499999995,1.1984169705882355,10,9,10,6,3,10,2,8,8,10,38,38,76,1,37
WESTSIDE MARAUDERS,23,213,11.142797339226345,7565,6751,1729,249,948,927,147,0.2561102058954229,1373,85,32,1369,596.4953133333333,1681.903232,3.910020262199563,1.2249841456664239,6,6,8,5,7,10,5,10,5,8,32,38,70,2,37
HOOSIERS,23,190,10.236830099367598,7793,6920,1747,251,986,935,228,0.25245664739884394,1112,68,36,1085,473.94483,1404.8598200000001,3.8358844154676266,1.2633631474820144,7,10,9,10,5,5,6,4,7,4,41,26,67,3,37
NATIONAL PASTIME,23,190,10.240531397099916,7478,6670,1666,263,909,915,117,0.24977511244377812,1180,76,79,1197,488.0604344444444,1433.02338,3.7224948389830503,1.214426593220339,9,2,5,2,2,8,9,7,10,9,20,43,63,4,37
BLUE SOCKS,23,194,10.070269841475032,7509,6761,1733,230,921,903,180,0.2563230291377015,1137,73,61,1155,482.80909777777777,1401.98123,3.8217078979771326,1.2330529727352684,1,3,3,8,8,6,8,6,9,7,23,36,59,5,37
LOUISVILLE SLUGGERS,23,165,10.493746126542678,7445,6723,1792,233,962,893,181,0.2665476721701621,995,63,94,1020,427.45178444444446,1234.97965,3.8663980502512563,1.2411855778894472,2,7,2,9,10,4,10,3,6,6,30,29,59,5,37
BIG RED MACHINE,23,151,9.74061370674999,7433,6605,1667,259,930,926,126,0.2523845571536715,1223,74,54,1119,532.6965588888888,1560.46292,3.920089149632052,1.2759304333605888,8,5,7,4,4,7,7,5,4,3,28,26,54,6,37
FREE BIRDS,23,188,9.289775888463241,7267,6458,1638,238,878,890,119,0.25363889749148344,1360,84,0,1341,607.9307822222223,1708.6560399999998,4.0230713529411775,1.2563647352941176,3,1,1,3,6,9,2,9,3,5,14,28,42,7,37
ERIE LAKERS,23,168,8.263029655801846,7335,6538,1712,247,924,918,116,0.2618537779137351,1049,60,29,939,488.23669555555557,1365.28732,4.188875367016206,1.3015131744518589,5,4,6,1,9,3,4,2,2,2,25,13,38,8,37
FREE AT LAST,22,151,8.100522080888508,7816,6867,1704,241,964,912,163,0.24814329401485366,1032,58,16,932,489.69709111111115,1360.8856399999997,4.270614166666667,1.3186876356589146,4,8,4,7,1,2,3,1,1,1,24,8,32,9,37
MELONHEADS,23,242,10.854920479927076,7625,6796,1739,260,965,950,154,0.25588581518540315,1286,81,19,1302,543.7050933333333,1556.9468200000001,3.805090077760497,1.2106895956454122,9,8,9,6,6,9,3,9,8,9,38,38,76,1,38
LOUISVILLE SLUGGERS,23,165,10.76099419321686,7494,6738,1751,257,958,921,171,0.25986939744731374,1043,66,80,1107,440.4540688888889,1295.23767,3.800658312559923,1.2418386097794822,7,7,6,8,10,2,9,5,9,6,38,31,69,2,38
NATIONAL PASTIME,23,190,10.619126814255203,7461,6682,1678,259,903,919,146,0.25112241843759353,1208,76,84,1198,503.2853455555555,1458.76826,3.749642475165563,1.207589619205298,8,3,5,5,3,7,10,7,10,10,24,44,68,3,38
BLUE SOCKS,23,194,10.301679880996614,7876,7105,1825,235,969,940,201,0.2568613652357495,1187,73,29,1169,517.1335611111111,1473.7678799999999,3.92097898062342,1.2415904633529906,4,9,8,9,8,5,6,6,5,7,38,29,67,4,38
WESTSIDE MARAUDERS,23,213,10.790158473677094,7547,6730,1712,255,949,924,156,0.25438335809806834,1283,80,54,1271,554.0334266666666,1572.057052,3.886438690568979,1.2252977802026501,5,6,7,7,5,8,7,8,6,8,30,37,67,4,38
HOOSIERS,23,190,10.324091628464727,8089,7155,1789,273,1028,991,214,0.25003494060097836,1101,70,22,1029,472.6584211111111,1368.10576,3.8636928156221617,1.2426028701180745,10,10,10,10,1,4,4,3,7,5,41,23,64,5,38
BIG RED MACHINE,23,151,9.772878151517379,7482,6652,1684,256,938,924,124,0.25315694527961513,1250,75,27,1169,545.3047444444444,1569.4626799999999,3.9261941599999997,1.255570144,6,5,7,3,4,6,5,6,4,4,25,25,50,6,38
FREE BIRDS,23,188,9.146419987082222,7292,6475,1659,226,881,866,117,0.2562162162162162,1402,84,0,1353,629.73955,1775.3115,4.042550606276747,1.2662706847360914,1,1,2,2,7,10,1,10,3,3,13,27,40,7,38
ERIE LAKERS,23,168,8.092926737490119,7099,6291,1632,232,896,870,124,0.25941821649976154,1183,67,16,1068,560.92106,1568.03704,4.26736224852071,1.3254750972104818,3,2,4,3,9,3,2,4,1,1,21,11,32,8,38
FREE AT LAST,22,151,8.243469442634048,7410,6531,1636,228,915,868,140,0.25049762670341447,980,60,70,904,443.0896788888889,1274.12945,4.0691909285714285,1.3001320918367345,2,4,3,4,2,1,8,2,2,2,15,15,30,9,38
WESTSIDE MARAUDERS,23,213,10.788573670087752,7449,6626,1682,263,937,935,134,0.2538484757017809,1258,82,43,1296,524.55087,1510.552222,3.7527486724960255,1.2007569332273451,9,7,8,5,6,9,5,9,10,9,35,42,77,1,39
LOUISVILLE SLUGGERS,23,165,10.756427248084318,7830,7047,1851,258,1003,947,174,0.2626649638143891,1080,64,58,1099,483.24573666666663,1349.73449,4.027047805555555,1.2497541574074074,8,9,9,7,10,3,8,3,3,6,43,23,66,2,39
MELONHEADS,23,242,10.692163402532282,7240,6469,1633,250,917,906,177,0.25243468851445355,1403,89,0,1380,601.4578122222222,1672.38375,3.8582468353528148,1.1920055238774054,6,4,4,8,4,10,1,10,8,10,26,39,65,3,39
NATIONAL PASTIME,23,190,10.547887734209421,7650,6897,1795,243,939,925,163,0.2602580832245904,1127,71,84,1104,493.99922888888887,1389.73068,3.9449805323868676,1.2331239396628215,5,8,7,6,9,4,10,4,4,8,35,30,65,3,39
BLUE SOCKS,23,194,10.449615700292172,7635,6870,1753,229,934,908,201,0.2551673944687045,1282,79,29,1288,544.65859,1586.29352,3.823656248049922,1.2373584399375974,1,6,5,9,7,8,4,8,9,7,28,36,64,4,39
HOOSIERS,23,190,10.256443845014397,7968,7024,1755,267,1020,966,203,0.24985763097949887,1190,72,17,1134,517.8406444444445,1515.5124099999998,3.916441848739496,1.2735398403361342,10,10,10,10,2,5,2,5,6,3,42,21,63,5,39
BIG RED MACHINE,23,151,9.729241085997378,7405,6580,1664,253,927,914,126,0.252887537993921,1288,77,27,1190,559.3671966666667,1637.4805000000001,3.90862171583851,1.271335791925466,7,5,6,3,5,7,3,6,7,4,26,27,53,6,39
FREE BIRDS,23,188,9.143916512294721,7309,6473,1632,235,895,881,128,0.2521242082496524,1200,75,46,1208,524.4572711111111,1511.1466799999998,3.933429533333334,1.2592888999999998,4,2,3,4,3,6,7,7,5,5,16,30,46,7,39
ERIE LAKERS,23,168,8.015460888601266,7185,6386,1654,234,899,876,123,0.2590040714062011,953,59,64,854,428.8283533333334,1258.93671,4.049795571878279,1.3210248793284365,3,3,1,2,8,1,9,1,2,1,17,14,31,8,39
FREE AT LAST,22,151,8.161429199727124,7452,6579,1640,233,899,878,126,0.2492780057759538,1080,61,45,978,495.60743111111117,1391.0335499999999,4.130061925925927,1.2879940277777777,2,3,2,3,1,2,6,2,1,2,11,13,24,9,39
MELONHEADS,23,242,10.691084631577002,7345,6532,1651,259,937,918,165,0.2527556644213105,1294,85,11,1320,539.26325,1542.0467400000002,3.7506717542503862,1.191689907264297,8,7,5,8,5,10,4,9,10,10,33,43,76,1,40
WESTSIDE MARAUDERS,23,213,11.133476385397383,7775,6933,1766,259,967,954,154,0.25472378479734603,1339,84,32,1317,574.9439066666666,1651.379362,3.864447468259895,1.2332930261389095,8,8,10,5,6,9,6,8,6,7,37,36,73,2,40
LOUISVILLE SLUGGERS,23,165,10.486864068777423,7590,6853,1805,251,971,924,159,0.26338829709616224,1043,62,72,1076,444.61654000000004,1288.11132,3.8365760882070954,1.2350060594439118,6,9,7,7,10,2,9,4,7,6,39,28,67,3,40
BLUE SOCKS,23,194,10.349994743639652,7582,6838,1750,225,922,900,201,0.2559227844398947,1128,72,70,1148,475.91779444444444,1351.0106499999997,3.797216445035461,1.1977044769503544,3,4,3,9,8,5,8,6,9,9,27,37,64,4,40
HOOSIERS,23,190,10.190910337453271,7795,6902,1735,253,984,931,214,0.2513764126340191,1160,74,32,1080,500.0131155555556,1462.4893899999997,3.879412103448276,1.260766715517241,7,10,8,10,3,6,6,5,5,4,38,26,64,4,40
NATIONAL PASTIME,23,190,10.313927397917633,7528,6751,1703,261,918,939,148,0.2522589246037624,1040,67,111,1045,443.00330999999994,1280.91362,3.833682490384615,1.2316477115384616,10,3,9,4,4,4,10,3,8,8,30,33,63,5,40
BIG RED MACHINE,23,151,9.622854606554707,7378,6527,1633,260,928,905,124,0.25019151218017466,1318,79,27,1223,576.0095977777778,1673.9839,3.9332977086494694,1.2700940060698027,9,5,4,3,2,7,5,7,4,3,23,26,49,6,40
FREE BIRDS,23,188,9.077256961554328,7354,6507,1662,231,897,883,95,0.25541724296911017,1382,83,0,1338,622.3137422222222,1732.76359,4.052694413892909,1.2538086758321274,4,2,2,1,7,8,2,10,3,5,16,28,44,7,40
ERIE LAKERS,23,168,8.23220427236104,7415,6615,1738,246,931,922,120,0.2627362055933484,1131,63,8,990,538.5661355555555,1500.52299,4.28567216622458,1.3267223607427054,5,6,6,2,9,3,3,1,1,1,28,9,37,8,40
FREE AT LAST,22,151,8.078153503194414,7130,6281,1563,224,896,846,158,0.24884572520299317,1088,63,38,1033,495.6775577777778,1428.60255,4.100273915441177,1.3130538143382353,2,1,1,6,1,3,7,2,2,2,11,16,27,9,40
MELONHEADS,23,242,10.74021209566864,7496,6698,1685,258,940,926,175,0.25156763212899375,1345,88,0,1349,562.6806411111111,1632.5575600000002,3.7651492713754644,1.2137974423791822,9,8,7,8,3,10,4,8,10,10,35,42,77,1,41
WESTSIDE MARAUDERS,23,213,10.98375013987988,7407,6632,1724,248,936,922,154,0.25995174909529556,1341,84,32,1350,572.3553444444444,1645.215162,3.8413110365398953,1.2268569440715884,7,7,6,6,9,9,5,9,9,8,35,40,75,2,41
LOUISVILLE SLUGGERS,23,165,10.844914579485417,8064,7247,1894,270,1031,975,168,0.2613495239409411,994,61,66,1012,429.6408366666667,1247.20759,3.890108179074447,1.2547360060362174,10,10,10,7,10,3,9,2,6,6,47,26,73,3,41
BLUE SOCKS,23,194,10.114717008310814,7563,6803,1739,224,924,896,200,0.25562251947670145,1166,76,56,1167,503.14172333333335,1445.8134999999997,3.8835982075471702,1.2399772727272724,3,6,4,9,7,7,8,7,8,7,29,37,66,4,41
HOOSIERS,23,190,10.484421237458456,7851,6949,1731,270,990,972,205,0.2491005900129515,1227,73,39,1105,530.7889144444445,1541.03422,3.8933172208638958,1.255936609616952,10,9,9,10,2,6,6,4,5,5,40,26,66,4,41
NATIONAL PASTIME,23,190,10.44914596084526,7541,6785,1734,252,920,917,132,0.2555637435519528,1175,73,84,1143,507.80493333333334,1438.39531,3.8895697021276594,1.2241662212765958,8,5,5,4,6,6,10,6,7,9,28,38,66,4,41
BIG RED MACHINE,23,151,9.806104766068511,7552,6704,1697,258,940,928,132,0.2531324582338902,1114,67,84,1020,484.58671222222216,1404.6205,3.9149734380610406,1.2608801615798924,9,8,8,4,4,4,10,3,4,4,33,25,58,5,41
FREE BIRDS,23,188,9.21070634933696,7271,6429,1632,231,892,879,124,0.2538497433504433,1354,83,0,1362,598.5064577777778,1712.45136,3.9782556277695713,1.2647351255539143,4,2,2,3,5,8,4,10,3,3,16,28,44,6,41
ERIE LAKERS,23,168,8.036455806668945,7276,6431,1659,238,918,888,118,0.25796921163116154,923,55,52,891,414.1436555555556,1177.54299,4.03823716143012,1.2757778873239436,6,4,3,2,8,2,7,1,2,2,23,14,37,7,41
FREE AT LAST,22,151,8.235773854609587,7354,6477,1610,232,911,870,139,0.248571869692759,1222,69,0,1132,570.3639155555555,1577.9663200000002,4.200716235679215,1.2912981342062195,5,3,1,5,1,5,4,5,1,1,15,16,31,8,41
WESTSIDE MARAUDERS,23,213,11.042915274319588,7449,6710,1734,253,927,935,143,0.25842026825633385,1210,77,73,1267,504.0698544444444,1478.373802,3.749279909090909,1.2217965305785126,7,7,8,5,8,6,9,8,10,9,35,42,77,1,42
MELONHEADS,23,242,10.793426758532778,7566,6713,1687,260,962,932,166,0.251303441084463,1379,87,0,1357,589.6633166666667,1663.67055,3.848419035532995,1.206432596084119,9,8,7,7,3,10,4,10,7,10,34,41,75,2,42
LOUISVILLE SLUGGERS,23,165,10.546960215595497,7669,6915,1823,247,982,923,164,0.26362979031091827,891,55,121,941,375.7347744444445,1102.24928,3.795300751964086,1.2370923456790124,5,10,5,6,10,3,10,2,9,7,36,31,67,3,42
NATIONAL PASTIME,23,190,10.393898046035561,7611,6807,1734,256,925,930,136,0.254737769942706,1267,79,52,1207,543.6803022222222,1557.50695,3.861975311760063,1.2292872533543804,8,6,6,4,6,8,7,7,5,8,30,35,65,4,42
BLUE SOCKS,23,194,10.337442855921648,7939,7155,1836,247,967,955,175,0.25660377358490566,1253,78,29,1170,557.7686844444445,1596.9264699999999,4.006319361532323,1.2744824181963288,5,9,10,9,7,7,5,6,4,2,40,24,64,5,42
HOOSIERS,23,190,10.201165936887476,7820,6941,1746,249,982,936,230,0.2515487681890218,1221,72,29,1085,546.2796566666667,1553.0230399999998,4.026631375921376,1.2719271416871416,6,10,9,10,4,5,5,3,3,3,39,19,58,6,42
BIG RED MACHINE,23,151,9.70415857488117,7378,6547,1627,261,919,913,114,0.24851076829082022,1195,72,59,1158,509.2650988888889,1509.16023,3.835469364016736,1.2628955899581589,10,5,4,1,1,5,8,5,8,5,21,31,52,7,42
FREE BIRDS,23,188,9.356798446053945,7389,6556,1658,236,897,897,130,0.2528981086028066,1345,83,0,1355,607.1542444444444,1681.65571,4.062742156133829,1.2503016431226766,3,3,3,3,5,9,4,9,2,6,17,30,47,8,42
ERIE LAKERS,23,168,8.032533909664133,7305,6480,1687,239,919,890,115,0.2603395061728395,880,55,50,880,377.21126444444445,1117.3998800000002,3.8578424772727273,1.2697725909090911,4,5,2,2,9,3,6,1,6,4,22,20,42,9,42
FREE AT LAST,22,151,8.112908471560425,7109,6244,1561,218,899,833,168,0.25,1220,71,0,1111,563.1859377777778,1562.8386,4.154650360655738,1.2810152459016393,2,4,1,8,2,4,4,4,1,1,17,14,31,10,42
WESTSIDE MARAUDERS,23,213,11.185408507191694,7456,6621,1682,274,950,947,156,0.25404017520012084,1289,81,59,1270,557.3443288888889,1574.0049920000001,3.891465446082234,1.221105501939488,10,8,9,6,5,9,9,9,6,9,38,42,80,1,43
MELONHEADS,23,242,10.818240781485898,7360,6566,1659,249,935,913,185,0.2526652452025586,1408,91,0,1370,588.5786511111111,1707.3883400000004,3.7622214914772725,1.2126337642045457,6,7,6,9,3,10,2,10,10,10,31,42,73,2,43
LOUISVILLE SLUGGERS,23,165,10.658313474256946,7455,6683,1736,254,951,906,170,0.25976357923088433,1241,76,36,1205,523.1103211111111,1555.85847,3.7937090169218375,1.253713513295729,7,9,4,7,10,7,5,7,9,6,37,34,71,3,43
NATIONAL PASTIME,23,190,10.427987015811947,7611,6831,1739,257,932,929,143,0.2545747328356024,1142,72,79,1155,491.32288777777774,1396.85162,3.8720717950963217,1.2231625394045533,8,5,8,5,6,6,10,5,8,8,32,37,69,4,43
BLUE SOCKS,23,194,10.040104696136954,7592,6837,1769,229,933,916,182,0.25873921310516307,1146,70,48,1171,501.3134911111111,1421.05308,3.9370169458987787,1.2400114136125653,3,6,7,8,9,4,8,6,5,7,33,30,63,5,43
HOOSIERS,23,190,10.300518080343263,8040,7155,1810,257,1007,968,220,0.2529699510831586,1096,68,38,1023,486.4458611111111,1390.06257,3.994537180656934,1.2683052645985402,8,10,10,10,4,2,6,2,4,3,42,17,59,6,43
BIG RED MACHINE,23,151,9.720790873555694,7455,6609,1656,260,935,910,116,0.2505674080798911,1161,71,59,1134,499.55025333333333,1463.7434799999999,3.8724825839793278,1.2607609646856157,9,7,5,2,2,5,9,4,7,4,25,29,54,7,43
FREE BIRDS,23,188,9.286820260777585,7358,6531,1682,223,910,878,125,0.2575409585055887,1242,78,30,1238,552.3344477777778,1557.97416,4.0024235346215775,1.254407536231884,2,3,1,4,7,8,4,8,3,5,17,28,45,8,43
ERIE LAKERS,23,168,7.972294997827582,7400,6541,1688,239,926,897,114,0.25806451612903225,995,56,41,892,450.0222722222223,1289.8838500000002,4.070553216080403,1.29636567839196,5,4,3,1,8,1,7,1,2,1,21,12,33,9,43
FREE AT LAST,22,151,8.185841718328778,7396,6560,1635,233,891,881,124,0.24923780487804878,1203,69,11,1112,560.3024355555556,1555.0035500000001,4.191788794679967,1.2926047797173734,4,2,2,3,1,3,3,3,1,2,12,12,24,10,43
MELONHEADS,23,242,10.950808769237906,7605,6770,1697,255,965,931,208,0.25066469719350076,1292,82,17,1303,537.2153099999999,1547.6120400000002,3.7422119117647052,1.1978421362229104,8,7,8,9,1,10,3,9,10,10,33,42,75,1,44
LOUISVILLE SLUGGERS,23,165,10.638274822931175,7501,6748,1758,262,969,938,160,0.26052163604030826,1101,69,52,1127,469.5074255555556,1360.92852,3.83793535876476,1.2360840326975475,10,9,9,7,10,4,7,3,8,7,45,29,74,2,44
WESTSIDE MARAUDERS,23,213,10.825352637936504,7393,6620,1687,259,920,927,146,0.25483383685800604,1278,81,54,1311,547.8632144444443,1570.091562,3.8581916510172136,1.228553647887324,9,3,6,6,6,9,8,10,7,8,30,42,72,3,44
NATIONAL PASTIME,23,190,10.429886342928175,7541,6739,1719,249,924,898,126,0.25508235643270516,1217,76,84,1191,510.9194,1478.63145,3.778368611339359,1.2149806491372228,6,5,4,4,7,6,10,6,9,9,26,40,66,4,44
BLUE SOCKS,23,194,10.301428502000121,7939,7155,1836,247,967,955,175,0.25660377358490566,1232,75,29,1164,549.5302533333333,1541.01444,4.014425551948052,1.250823409090909,5,8,10,8,8,5,5,5,3,6,39,24,63,5,44
HOOSIERS,23,190,10.249146113639693,7799,6917,1749,242,980,929,230,0.2528552840826948,1257,77,14,1142,552.9974588888889,1607.7532299999998,3.9594090135242643,1.2790399602227525,4,10,7,10,3,7,2,4,6,2,34,21,55,6,44
BIG RED MACHINE,23,151,9.75334103004195,7405,6580,1664,253,927,914,126,0.252887537993921,1285,76,27,1212,565.4566066666666,1625.83007,3.9603964669260696,1.2652374085603113,7,6,5,4,4,6,4,7,5,4,26,26,52,7,44
ERIE LAKERS,23,168,7.999704404176863,7263,6420,1660,241,923,894,124,0.2585669781931464,877,53,58,850,392.0510077777778,1098.53623,4.023328472063854,1.2526068757126567,3,4,3,3,9,2,9,1,2,5,22,19,41,8,44
FREE BIRDS,23,188,9.256187294557067,7344,6530,1660,233,896,889,122,0.2542113323124043,1273,80,27,1251,563.8185933333333,1617.1005599999999,3.986148735271013,1.2703068028279654,2,1,2,2,5,8,4,8,4,3,12,27,39,9,44
FREE AT LAST,22,151,8.13702936939138,7333,6472,1629,224,899,861,138,0.25169962917181704,1049,60,51,980,484.6538644444445,1375.3064100000001,4.1581361105815065,1.311064261201144,1,2,1,5,2,3,6,2,1,1,11,13,24,10,44
MELONHEADS,23,242,10.8688991579031,7499,6653,1671,270,958,941,161,0.2511648880204419,1287,84,27,1278,534.4358755555555,1557.29351,3.737313815073815,1.2100182672882673,10,7,8,7,2,9,5,7,9,10,34,40,74,1,45
WESTSIDE MARAUDERS,23,213,11.0943250155434,7418,6658,1721,247,921,920,140,0.2584860318413938,1383,86,32,1394,596.7311288888889,1681.643122,3.8832828344179315,1.2159386276211135,6,4,5,5,9,10,7,10,7,8,29,42,71,2,45
HOOSIERS,23,190,10.363995017959882,8061,7162,1807,264,1016,988,220,0.25230382574699806,1124,69,32,1026,483.7997077777778,1427.4328899999998,3.873841076512456,1.269958087188612,8,10,10,10,4,4,7,4,8,3,42,26,68,3,45
NATIONAL PASTIME,23,190,10.370347095504428,7353,6586,1694,234,910,875,155,0.2572122684482235,1251,80,52,1287,519.1392266666667,1517.5745200000001,3.734814580335731,1.2130891446842527,2,3,2,6,7,8,8,9,10,9,20,44,64,4,45
LOUISVILLE SLUGGERS,23,165,10.750836805322809,7930,7124,1835,269,1009,963,171,0.25758001122964624,1047,63,88,1008,473.20323777777776,1334.7646399999999,4.067649608404967,1.2748468385864373,9,9,9,8,8,3,10,3,2,2,43,20,63,5,45
BLUE SOCKS,23,194,10.335889269867097,7782,7011,1799,236,964,936,200,0.25659677649408075,1261,75,29,1209,563.6770022222222,1595.7042099999999,4.02307138778747,1.265427605075337,3,8,7,9,6,6,6,6,4,5,33,27,60,6,45
BIG RED MACHINE,23,151,9.793097631018485,7531,6705,1700,258,940,928,127,0.2535421327367636,1225,74,27,1170,539.4070544444444,1542.05928,3.962990604081632,1.2588239020408163,7,6,6,3,5,5,5,5,5,6,27,26,53,7,45
FREE BIRDS,23,188,9.338917291066336,7337,6510,1640,241,880,892,123,0.2519201228878648,1283,79,27,1281,575.2575177777777,1609.7915799999998,4.035321636788776,1.2547089477786437,4,2,3,2,3,7,5,8,3,7,14,30,44,8,45
ERIE LAKERS,23,168,7.986471864184188,7425,6588,1711,242,928,906,120,0.25971463266545236,1037,60,25,911,475.1199911111112,1345.07694,4.123510048216008,1.2970848023143684,5,5,4,1,10,1,4,1,1,1,25,8,33,9,45
FREE AT LAST,22,151,7.966869473876716,7074,6201,1544,223,879,832,128,0.24899209804870182,1025,62,62,1006,449.5542077777777,1300.48342,3.9473052390243897,1.268764312195122,1,1,1,4,1,2,9,2,6,4,8,23,31,10,45
WESTSIDE MARAUDERS,23,213,11.169116747604036,7736,6881,1765,260,978,945,147,0.2565034152012789,1269,79,59,1279,548.9969855555555,1561.028922,3.8935956422379823,1.2301252340425533,8,9,8,6,7,8,9,9,6,8,38,40,78,1,46
MELONHEADS,23,242,10.801909758554626,7436,6625,1680,263,941,937,161,0.25358490566037734,1357,87,0,1356,575.0673755555555,1624.79659,3.8140061753868824,1.1973445762711863,10,4,6,7,4,10,3,10,8,10,31,41,72,2,46
LOUISVILLE SLUGGERS,23,165,10.749314035194667,7525,6781,1750,256,959,921,182,0.2580740303790002,1284,76,36,1198,541.4102866666666,1615.4206199999999,3.7949319158878496,1.2581157476635514,6,7,4,9,9,7,6,6,9,6,35,34,69,3,46
HOOSIERS,23,190,10.29812651963534,7926,7045,1769,261,992,970,216,0.2511000709723208,1036,66,58,999,435.65330444444453,1315.71154,3.7846329536679546,1.269991833976834,9,10,10,10,3,3,8,2,10,3,42,26,68,4,46
BLUE SOCKS,23,194,10.33552916534299,7845,7061,1810,248,962,951,174,0.25633762923098713,1223,74,29,1199,539.1518255555555,1529.6882500000002,3.9675931561733444,1.2507671708912511,5,8,9,8,6,6,5,7,4,7,36,29,65,5,46
NATIONAL PASTIME,23,190,10.433297949985043,7664,6903,1767,257,926,938,140,0.2559756627553238,1164,73,82,1114,511.8201555555555,1428.44443,3.9573723367697586,1.2271859364261168,7,3,7,5,5,5,10,5,5,9,27,34,61,6,46
BIG RED MACHINE,23,151,9.748295360925319,7595,6719,1678,263,953,925,130,0.24973954457508557,1148,71,59,1110,495.57141777777775,1445.4868,3.885141777003484,1.259134843205575,10,6,5,4,2,4,9,4,7,5,27,29,56,7,46
FREE BIRDS,23,188,9.098741145654536,7347,6503,1670,227,898,882,103,0.2568045517453483,1287,80,27,1259,573.4870366666667,1627.38065,4.010398857808857,1.2644760295260296,2,2,3,2,8,9,4,8,3,4,17,28,45,8,46
ERIE LAKERS,23,168,8.113441314911457,7185,6397,1661,233,896,875,120,0.25965296232609036,984,59,51,926,443.84085555555555,1265.68681,4.059520020325203,1.2862670833333332,4,1,1,3,10,1,7,1,2,1,19,12,31,9,46
FREE AT LAST,22,151,8.111438781691138,7487,6578,1640,230,942,880,174,0.24931590148981453,1047,60,0,1027,484.1653244444444,1329.8668599999999,4.1618795797516714,1.2701689207258833,3,5,2,8,1,2,3,3,1,2,19,11,30,10,46
WESTSIDE MARAUDERS,23,213,10.987381338436647,7449,6624,1693,255,950,925,150,0.25558574879227053,1341,84,32,1360,575.1729777777778,1649.741642,3.8602213273676362,1.230232395227442,8,7,7,5,8,10,6,10,7,7,35,40,75,1,47
LOUISVILLE SLUGGERS,23,165,10.472182751406903,7567,6847,1816,241,962,912,161,0.26522564626843875,1008,65,80,1027,414.7052088888889,1239.7984299999998,3.7027250793650794,1.2299587599206347,4,8,6,7,10,4,9,3,10,8,35,34,69,2,47
NATIONAL PASTIME,23,190,10.394848199330372,7482,6727,1703,259,913,935,153,0.2531589118477776,1140,73,84,1125,498.04995888888885,1397.6021799999999,3.931973359649123,1.2259668245614035,9,3,9,6,6,5,10,5,5,9,33,34,67,3,47
MELONHEADS,23,242,10.672734179900106,7377,6590,1661,248,920,909,167,0.2520485584218513,1291,83,27,1291,537.8414133333333,1541.4560600000002,3.7494753834237025,1.1940015956622774,6,4,5,8,3,9,4,8,9,10,26,40,66,4,47
HOOSIERS,23,190,10.24594280637173,7858,6980,1764,249,992,940,226,0.25272206303724926,1093,65,55,1058,476.29143000000005,1411.15663,3.9218873467520585,1.2910856633119854,7,10,10,10,4,4,8,4,6,2,41,24,65,5,47
BLUE SOCKS,23,194,10.345573698314066,7544,6790,1732,225,923,895,203,0.25508100147275403,1277,80,29,1295,545.1982033333334,1571.1617699999997,3.842430563821457,1.2303537744714172,1,5,4,9,7,8,5,9,8,6,26,36,62,6,47
BIG RED MACHINE,23,151,9.789835593082465,7657,6766,1701,270,966,940,119,0.25140407921962754,1271,74,27,1184,568.3876922222222,1612.9608399999997,4.024775161290322,1.269048654602675,10,9,10,2,2,6,4,6,3,4,33,23,56,7,47
FREE BIRDS,23,188,9.191073025468041,7334,6500,1643,238,902,888,124,0.25276923076923075,1296,79,27,1220,578.5088955555556,1634.39297,4.017422885802469,1.2611056867283952,3,1,3,3,5,7,4,7,4,5,15,27,42,8,47
FREE AT LAST,22,151,8.064844248540817,7858,6938,1726,246,946,926,130,0.24877486307293167,1033,59,2,972,475.1806055555556,1313.68716,4.140005275895451,1.2717203872216845,5,6,8,4,1,2,3,2,1,3,24,11,35,9,47
ERIE LAKERS,23,168,8.072119531898998,7137,6329,1659,237,909,880,117,0.26212671828092904,1049,63,38,935,479.8281822222223,1371.5537899999997,4.116733689227837,1.307486930409914,2,2,2,1,9,3,7,1,2,1,16,14,30,10,47
MELONHEADS,23,242,10.7455822325618,7573,6725,1689,259,960,931,165,0.25115241635687735,1337,86,0,1345,563.9484222222222,1590.44454,3.7962122662677635,1.1895621091997008,8,8,6,8,4,10,1,10,9,10,34,40,74,1,48
WESTSIDE MARAUDERS,23,213,11.089360695107613,7596,6832,1775,250,947,942,155,0.25980679156908665,1128,70,90,1198,470.3562833333333,1376.220282,3.7528426861702124,1.2200534414893618,5,6,8,6,8,4,9,7,10,9,33,39,72,2,48
LOUISVILLE SLUGGERS,23,165,10.72717989809437,7781,6980,1823,257,1002,935,167,0.2611747851002865,1169,74,50,1109,509.9953155555555,1494.97387,3.9263967835757057,1.2788484773310522,7,10,7,9,10,6,7,4,4,3,43,24,67,3,48
HOOSIERS,23,190,10.288776844745696,7949,7053,1764,264,998,972,220,0.2501063377286261,1228,76,2,1115,531.1181455555555,1541.14498,3.892559698697068,1.255004055374593,10,9,10,10,2,7,2,5,6,4,41,24,65,4,48
BLUE SOCKS,23,194,10.145164452015443,7418,6683,1714,235,913,909,157,0.2564716444710459,1322,79,29,1273,562.4240844444445,1632.34667,3.828908290468987,1.234755423600605,3,4,5,7,6,9,5,9,8,8,25,39,64,5,48
NATIONAL PASTIME,23,190,10.395184559524711,7835,7037,1795,262,952,948,141,0.25508028989626264,1047,68,93,1052,448.92060333333325,1293.53722,3.858916361031518,1.235470124164279,9,7,9,3,5,3,10,2,7,7,33,29,62,6,48
BIG RED MACHINE,23,151,9.67857462139917,7416,6598,1654,253,920,905,125,0.250682024856017,1185,72,59,1131,514.2745166666666,1480.78393,3.9058824050632905,1.2496066919831224,6,5,4,2,3,5,8,6,5,5,20,29,49,7,48
FREE BIRDS,23,188,9.161392723740875,7228,6393,1643,216,883,859,145,0.2569998435789144,1277,78,27,1265,569.6703011111111,1595.6324,4.014904236491778,1.2495163664839468,1,1,1,4,7,8,4,8,3,6,14,29,43,8,48
ERIE LAKERS,23,168,8.10088582338395,7190,6384,1662,232,901,877,112,0.26033834586466165,1056,61,35,1006,495.85263666666674,1363.56999,4.226016789772728,1.2912594602272727,2,2,3,1,9,2,6,1,1,2,17,12,29,9,48
FREE AT LAST,22,151,8.190570629807462,7249,6383,1574,238,903,866,154,0.24659251135829546,1174,68,16,1076,543.764641111111,1543.1702299999997,4.168553466780238,1.3144550511073252,4,3,2,5,1,3,3,3,2,1,15,12,27,10,48
WESTSIDE MARAUDERS,23,213,11.087007223135702,7614,6800,1748,253,947,940,134,0.2570588235294118,1328,84,32,1343,566.3845922222222,1598.4907819999999,3.838449796686747,1.2036828177710843,7,7,7,4,7,9,7,9,8,10,32,43,75,1,49
LOUISVILLE SLUGGERS,23,165,10.679521615805099,7592,6834,1763,265,985,946,180,0.25797483172373425,930,58,96,1004,389.8921177777778,1149.8416200000001,3.7731495268817206,1.2363888387096775,9,9,8,8,8,3,9,2,10,8,42,32,74,2,49
MELONHEADS,23,242,10.68834384363964,7237,6452,1625,255,921,908,179,0.2518598884066956,1384,89,0,1367,582.4728777777777,1672.7712500000002,3.7877571531791907,1.2086497471098268,8,4,4,7,3,10,2,10,9,9,26,40,66,3,49
NATIONAL PASTIME,23,190,10.450883201289196,7720,6951,1804,246,943,930,156,0.25953100273341967,1223,77,52,1177,540.1966344444444,1527.4256699999999,3.975281856091578,1.2489171463614062,6,6,5,6,9,7,8,6,5,6,32,32,64,4,49
HOOSIERS,23,190,10.29463866431305,8019,7121,1794,265,1018,981,213,0.2519309085802556,1176,72,25,1036,520.0713522222222,1501.1582499999997,3.980137899659864,1.2764951105442175,9,10,10,10,4,5,4,3,4,2,43,18,61,5,49
BLUE SOCKS,23,194,10.398431798154608,7907,7130,1830,236,961,937,193,0.25666199158485276,1265,77,29,1227,568.6598244444444,1594.6404899999998,4.045801122529644,1.2605853675889327,5,8,6,9,6,7,6,7,2,4,34,26,60,6,49
BIG RED MACHINE,23,151,9.740064202781186,7629,6784,1698,268,943,950,122,0.2502948113207547,1258,76,27,1170,549.4141688888889,1605.53523,3.9306260095389502,1.2762601192368839,10,6,9,2,2,6,5,5,6,3,29,25,54,7,49
FREE BIRDS,23,188,9.278552039296756,7271,6423,1631,228,884,863,106,0.2539311848046084,1316,81,27,1328,563.7418755555556,1627.97314,3.855377568389058,1.2370616565349544,3,2,1,1,5,8,5,8,7,7,12,35,47,8,49
FREE AT LAST,22,151,8.01737949232977,7487,6540,1614,232,932,864,153,0.2467889908256881,807,45,105,776,362.10859555555555,1014.7566600000001,4.038385824039653,1.2574431970260225,4,5,2,5,1,2,10,1,3,5,17,21,38,9,49
ERIE LAKERS,23,168,8.034526513105805,7172,6386,1662,236,901,881,126,0.2602568117757595,1112,66,8,1039,506.2225288888889,1450.9183799999998,4.097124784172662,1.304782715827338,5,3,3,3,10,4,3,4,1,1,24,13,37,10,49
MELONHEADS,23,242,10.673553633041626,7461,6641,1682,259,948,925,166,0.25327510917030566,1359,87,0,1327,570.1953533333333,1659.61545,3.7761281677704193,1.221203421633554,8,7,6,7,5,10,2,9,9,8,33,38,71,1,50
WESTSIDE MARAUDERS,23,213,10.824566913815655,7218,6427,1641,260,916,910,140,0.2553290804418858,1346,86,32,1394,567.4061455555556,1634.712332,3.7939489673105498,1.2144965319465082,9,4,5,5,6,9,6,10,8,9,29,42,71,1,50
LOUISVILLE SLUGGERS,23,165,10.726304953710823,7547,6804,1764,254,970,930,177,0.25925925925925924,1109,69,63,1105,481.92993777777775,1393.28885,3.9110635166816947,1.2563470243462578,6,9,8,8,10,4,8,4,7,4,41,27,68,2,50
NATIONAL PASTIME,23,190,10.425762984324887,7391,6634,1712,234,909,880,153,0.25806451612903225,1167,75,84,1188,483.56944888888887,1403.65382,3.7293273693230504,1.2027881919451586,2,3,3,6,8,6,10,7,10,10,22,43,65,3,50
BLUE SOCKS,23,194,10.400183626279054,7907,7130,1830,236,961,937,193,0.25666199158485276,1108,66,75,1112,486.4780544444444,1387.7275300000001,3.9515365433213,1.2524616696750903,3,8,9,9,7,2,9,5,6,6,36,28,64,4,50
HOOSIERS,23,190,10.313823427645405,8131,7197,1801,275,1031,992,197,0.2502431568709184,1155,70,32,1042,520.4058544444445,1475.73086,4.055110554112554,1.2776890562770562,10,10,10,10,1,5,6,2,2,3,41,18,59,5,50
BIG RED MACHINE,23,151,9.773492791466646,7545,6716,1696,258,934,929,122,0.2525312686122692,1268,76,27,1168,560.3068388888889,1591.6972399999997,3.976941285488959,1.2552817350157726,7,5,7,2,3,7,4,6,5,5,24,27,51,6,50
FREE BIRDS,23,188,9.416369749467524,7285,6462,1624,239,885,896,135,0.2513153822346023,1258,79,30,1291,556.13599,1575.06573,3.978715349761526,1.25203953100159,4,1,4,3,2,8,5,8,4,7,14,32,46,7,50
ERIE LAKERS,23,168,8.001590602810422,7515,6637,1713,246,944,910,117,0.2580985384963086,952,56,41,867,426.60703666666666,1242.78995,4.033049716386555,1.3054516281512607,5,6,5,1,9,1,7,1,3,1,26,13,39,8,50
FREE AT LAST,22,151,8.203418327117399,7340,6488,1640,220,898,860,139,0.2527743526510481,1201,68,17,1076,557.2902900000001,1547.5423500000002,4.176197010824314,1.2885448376353041,1,2,2,4,4,3,3,3,1,2,13,12,25,9,50
MELONHEADS,23,242,10.941902852176018,7699,6863,1740,259,976,945,187,0.25353344018650736,1349,85,0,1325,578.2980733333334,1641.4952799999999,3.8581783988139366,1.216823780578206,8,9,9,9,4,10,2,9,7,10,39,38,77,1,51
WESTSIDE MARAUDERS,23,213,11.01163589120203,7659,6821,1735,258,959,938,164,0.2543615305673655,1199,76,65,1252,510.34677333333326,1459.611662,3.830793127606338,1.217357516263553,7,7,8,7,5,7,9,8,8,9,34,41,75,2,51
HOOSIERS,23,190,10.332418340424532,7956,7061,1768,266,1005,981,219,0.2503894632488316,1070,67,40,1002,444.02786000000003,1311.87009,3.734813775700935,1.226046813084112,10,10,10,10,2,3,5,2,10,7,42,27,69,3,51
BLUE SOCKS,23,194,10.201765096511677,7432,6689,1710,240,914,913,160,0.25564359396023323,1134,70,75,1152,473.7574711111111,1383.55624,3.759979929453263,1.2200672310405642,5,3,5,6,7,5,10,5,9,8,26,37,63,4,51
LOUISVILLE SLUGGERS,23,165,10.719812410826647,7562,6808,1797,242,967,911,177,0.2639541715628672,1247,77,36,1195,543.1549622222223,1577.4463099999998,3.920124025661588,1.26499303127506,6,8,4,8,10,8,4,7,5,3,36,27,63,4,51
NATIONAL PASTIME,23,190,10.334147349314286,7499,6723,1712,260,929,933,164,0.2546482225197085,1201,75,52,1171,530.5451833333334,1487.69645,3.9757757285595345,1.238714779350541,9,5,7,7,6,6,6,6,4,6,34,28,62,5,51
BIG RED MACHINE,23,151,9.752168259261438,7601,6750,1691,260,944,922,116,0.25051851851851853,1164,70,59,1109,504.25057555555554,1456.30465,3.8988446563573884,1.2511208333333335,9,6,6,4,3,5,8,4,6,5,28,28,56,6,51
FREE BIRDS,23,188,9.268410190958251,7610,6757,1737,231,915,898,102,0.2570667455971585,1347,82,0,1329,607.3921422222221,1701.5961,4.0582993912397916,1.2632487750556793,3,4,3,2,8,9,2,10,3,4,20,28,48,7,51
ERIE LAKERS,23,168,8.0983120932046,7073,6282,1636,232,890,868,114,0.26042661572747533,975,58,56,954,447.03991,1263.2917,4.126522246153846,1.295683794871795,4,1,2,3,9,2,7,1,1,2,19,13,32,8,51
FREE AT LAST,22,151,8.199096970802989,7277,6405,1590,232,898,863,131,0.24824355971896955,1175,69,30,1042,535.2001833333334,1539.93603,4.099405659574469,1.310583855319149,4,2,1,5,1,4,3,3,2,1,13,13,26,9,51
WESTSIDE MARAUDERS,23,213,11.151406754224327,7673,6812,1726,270,970,956,160,0.2533763945977686,1346,83,32,1324,580.7605222222222,1641.801662,3.8832427191679044,1.2197634933135215,10,9,9,7,5,9,5,9,6,9,40,38,78,1,52
MELONHEADS,23,242,10.663780595491044,7464,6673,1679,247,934,908,193,0.25161096957890006,1282,82,27,1285,541.4725655555555,1532.81746,3.801289461778471,1.1956454446177847,8,6,6,9,4,8,4,8,9,10,33,39,72,2,52
LOUISVILLE SLUGGERS,23,165,10.691290539880564,7732,6941,1811,256,1008,935,187,0.26091341305287424,1041,63,77,1011,448.7221444444445,1319.61782,3.879442170989434,1.267644399615754,9,10,8,8,9,3,10,3,7,4,44,27,71,3,52
HOOSIERS,23,190,10.239850004422955,7638,6774,1701,245,962,916,213,0.25110717449069975,1225,77,22,1135,519.5469922222222,1530.6029400000002,3.8170799428571427,1.2494717877551023,7,8,7,10,3,6,3,6,8,7,35,30,65,4,52
BLUE SOCKS,23,194,10.102623306802954,7883,7152,1837,244,944,961,153,0.2568512304250559,1181,75,43,1124,517.112298888889,1488.00892,3.9407372480948357,1.2599567485182048,6,7,10,6,7,5,6,4,5,5,36,25,61,5,52
NATIONAL PASTIME,23,190,10.329141031270247,7356,6625,1721,225,894,872,145,0.2597735849056604,1274,81,52,1273,537.1441411111111,1558.9645600000001,3.7945818445839876,1.22367704866562,3,2,3,5,8,7,7,7,10,8,21,39,60,6,52
BIG RED MACHINE,23,151,9.675769411067872,7412,6568,1665,256,931,916,126,0.25350182704019486,1195,70,54,1128,524.2860344444445,1494.9,3.9485977489539748,1.2509623430962344,9,5,7,3,6,4,8,5,4,6,30,27,57,7,52
FREE BIRDS,23,188,9.334438994370057,7327,6493,1629,242,891,898,121,0.2508855690743878,1380,85,0,1356,615.35659,1751.2039499999998,4.013195152173913,1.2689883695652173,5,1,4,2,2,10,2,10,3,3,14,28,42,8,52
ERIE LAKERS,23,168,8.228816061968278,7249,6454,1698,242,916,906,118,0.26309265571738455,978,59,27,965,447.6518611111112,1252.32731,4.119495654396729,1.28049827198364,5,4,5,1,10,2,4,1,2,2,25,11,36,9,52
FREE AT LAST,22,151,7.976907798689505,7354,6440,1590,238,914,864,131,0.2468944099378882,1021,57,67,969,478.27180000000004,1341.5794899999999,4.215912047012733,1.313985788442703,4,3,2,4,1,1,9,2,1,1,14,14,28,10,52
WESTSIDE MARAUDERS,23,213,11.18485378433182,7659,6848,1745,279,957,974,142,0.25481892523364486,1329,81,32,1337,576.0998088888889,1628.6010219999998,3.9013531075996992,1.2254334251316779,10,7,10,4,5,9,6,9,7,9,36,40,76,1,53
LOUISVILLE SLUGGERS,23,165,10.714983784457315,7802,7033,1830,262,990,947,171,0.2602019053035689,993,60,92,1011,432.21956,1247.2073699999999,3.917397824773414,1.2559993655589123,8,10,8,7,10,3,10,3,6,5,43,27,70,2,53
MELONHEADS,23,242,10.818493011357239,7471,6670,1676,253,942,921,185,0.2512743628185907,1414,89,0,1351,593.7868611111111,1688.2995300000002,3.7794071782178214,1.1939883521923622,7,6,5,9,3,10,1,10,9,10,30,40,70,2,53
HOOSIERS,23,190,10.494013218452123,7643,6775,1722,242,964,926,207,0.25416974169741696,1263,77,17,1190,524.6290877777778,1551.0352699999999,3.738449556611243,1.2280564291369753,5,8,7,10,4,6,3,6,10,8,34,33,67,3,53
NATIONAL PASTIME,23,190,10.413559565716454,7618,6835,1742,262,937,956,155,0.2548646671543526,1148,72,74,1097,507.9304233333333,1434.74293,3.9820329355400697,1.2497760714285713,8,5,9,5,6,4,9,4,3,6,33,26,59,4,53
BLUE SOCKS,23,194,9.899404184041561,7495,6755,1737,225,920,899,177,0.2571428571428571,1212,78,29,1251,532.4337566666667,1511.08488,3.953716014851485,1.246769702970297,4,2,3,8,7,7,5,7,5,7,24,31,55,5,53
BIG RED MACHINE,23,151,9.72326872304374,7521,6676,1657,266,931,922,105,0.24820251647693228,1185,73,59,1137,505.65602666666666,1498.3605699999998,3.8404255189873417,1.264439299578059,9,4,6,1,1,5,7,5,8,4,21,29,50,6,53
FREE BIRDS,23,188,9.198848290583653,7421,6609,1716,213,894,865,126,0.259645937358148,1293,79,19,1294,569.0852255555556,1640.1054,3.9611500618716162,1.2684496519721578,3,1,1,2,9,8,4,8,4,3,16,27,43,7,53
FREE AT LAST,22,151,8.168125615310354,7732,6757,1680,244,976,900,157,0.24863104928222585,1009,60,11,919,465.1311588888889,1285.98664,4.148840862239842,1.2745159960356789,6,9,4,6,2,3,2,2,2,2,27,11,38,8,53
ERIE LAKERS,23,168,8.12836496520166,7244,6407,1653,242,922,893,127,0.2579990635242703,953,56,68,880,442.19265888888896,1258.0878599999999,4.176006222455404,1.320134165792235,5,3,2,3,8,2,8,1,1,1,21,13,34,9,53
MELONHEADS,23,242,11.001413099112785,7687,6829,1746,257,978,948,176,0.25567433006296675,1323,83,0,1338,556.4101655555555,1582.6569600000003,3.785103167044595,1.1962637641723357,7,8,8,9,5,9,2,10,10,10,37,41,78,1,54
WESTSIDE MARAUDERS,23,213,11.077527066811975,7659,6806,1730,265,969,952,157,0.25418748163385246,1346,84,32,1334,585.1030922222222,1657.135892,3.912279219910847,1.2311559375928678,9,7,9,5,4,10,5,9,5,9,34,38,72,2,54
BLUE SOCKS,23,194,10.135814863630856,7866,7130,1834,235,946,947,172,0.2572230014025245,1075,70,54,1116,458.36548,1326.70027,3.837478437209302,1.2341397860465118,5,6,7,8,7,5,8,5,7,8,33,33,66,3,54
HOOSIERS,23,190,10.518519916599399,7896,7007,1746,274,994,985,208,0.24917939203653489,1224,74,10,1129,540.8977955555556,1537.3975799999998,3.9771896732026146,1.2560437745098039,10,10,10,10,3,6,3,6,4,4,43,23,66,3,54
LOUISVILLE SLUGGERS,23,165,10.765838173191083,7662,6904,1798,259,980,933,165,0.2604287369640788,954,60,102,1048,406.8109955555556,1187.27163,3.8378395807127887,1.2445195283018868,8,9,6,6,9,2,10,3,6,6,38,27,65,4,54
NATIONAL PASTIME,23,190,10.444561992702477,7496,6753,1763,231,913,889,157,0.2610691544498741,1306,81,52,1231,554.8540488888889,1615.2972800000002,3.823649647779479,1.236827932618683,4,4,3,5,10,8,7,7,8,7,26,37,63,5,54
BIG RED MACHINE,23,151,9.722649560875249,7500,6635,1635,274,931,927,110,0.24642049736247174,1129,68,78,1089,478.37726111111107,1408.6055199999998,3.813459123117803,1.2476576793622673,10,5,5,3,1,4,9,4,9,5,24,31,55,6,54
FREE BIRDS,23,188,8.980281233419568,7263,6425,1644,224,882,869,102,0.25587548638132296,1265,80,27,1267,559.2121544444445,1595.4471099999998,3.978584498023716,1.2612230118577075,3,1,2,2,6,7,4,8,3,3,14,25,39,7,54
ERIE LAKERS,23,168,8.0354572980459409,7258,6459,1669,242,912,894,127,0.2583991329927233,1184,68,0,1025,551.1229622222222,1548.9609299999997,4.189279273648649,1.308244028716216,6,3,4,4,8,4,2,2,1,1,25,10,35,8,54
FREE AT LAST,22,151,8.187585417857102,7123,6250,1557,223,900,837,171,0.24912,1117,64,46,993,519.1709944444444,1452.3509399999998,4.1831145478961504,1.300224655326768,2,2,1,7,2,3,6,1,2,2,14,14,28,9,54
MELONHEADS,23,242,10.918987909799618,7624,6748,1717,265,982,947,155,0.2544457617071725,1335,85,0,1338,561.0140155555556,1599.7659400000002,3.7821169588014985,1.1983265468164797,9,9,9,6,6,10,2,9,8,10,39,39,78,1,55
WESTSIDE MARAUDERS,23,213,11.098801186547751,7684,6833,1742,264,965,945,138,0.2549392653300161,1340,82,32,1347,585.53519000000006,1645.284932,3.9326990373134336,1.227824576119403,8,7,8,5,7,9,5,10,5,8,35,37,72,2,55
NATIONAL PASTIME,23,190,10.368203904429212,7401,6605,1663,255,901,910,130,0.251778955336866,1195,77,84,1194,496.53643999999997,1454.5239000000001,3.7396049874476986,1.2171748117154813,7,3,5,3,4,7,10,7,10,9,22,43,65,3,55
HOOSIERS,23,190,10.396618343713628,8032,7127,1779,269,1011,991,219,0.2496141433983443,1161,69,28,1060,508.44480000000004,1440.6605,3.941432558139535,1.2408789836347975,10,10,10,10,2,5,4,3,4,6,42,22,64,4,55
LOUISVILLE SLUGGERS,23,165,10.507365155315105,7410,6700,1774,239,949,898,161,0.26477611940298507,1077,69,66,1133,452.2755722222222,1326.98577,3.7794616063138347,1.2321130640668523,4,5,4,7,10,5,9,4,9,7,30,34,64,4,55
BLUE SOCKS,23,194,10.336151548474458,7855,7095,1834,229,956,929,191,0.258491895701198,1155,72,46,1182,501.34410444444444,1443.40349,3.9065774372294375,1.2496999913419913,1,6,7,9,8,6,6,6,6,5,31,29,60,5,55
BIG RED MACHINE,23,151,9.76956645853853,7612,6805,1729,251,937,929,124,0.2540778839088905,1267,77,27,1154,548.04998,1611.69323,3.893014853985793,1.272054640883978,6,4,7,1,5,7,3,5,7,3,23,25,48,6,55
FREE AT LAST,22,151,8.231489224250609,7816,6862,1704,246,971,915,171,0.2483241037598368,949,51,49,827,454.57542222222224,1242.9078,4.311041938883035,1.3097026343519493,5,8,6,8,1,3,7,1,1,2,28,14,42,7,55
FREE BIRDS,23,188,9.084761403766851,7026,6225,1564,234,858,859,132,0.2512449799196787,1266,80,27,1298,559.3368633333333,1582.23794,3.9763284123222746,1.249793001579779,2,1,2,4,3,8,3,8,3,4,12,26,38,8,55
ERIE LAKERS,23,168,8.020364848943563,7153,6384,1662,236,897,879,126,0.26033834586466165,1014,61,54,898,462.27960000000013,1345.40321,4.103073372781067,1.3268276232741616,3,2,3,2,9,4,8,2,2,1,19,17,36,9,55
MELONHEADS,23,242,10.901075871548061,7430,6621,1656,255,939,915,198,0.2501132759401903,1368,86,0,1379,564.78117,1637.3100800000002,3.715665592105263,1.1968640935672517,6,7,5,9,1,10,3,10,10,10,28,43,71,1,56
LOUISVILLE SLUGGERS,23,165,10.69245989410975,7469,6727,1759,247,955,909,153,0.26148357365839153,1182,75,47,1212,490.9624588888889,1451.8441699999998,3.7382928341793566,1.2282945600676818,5,8,4,6,10,7,7,7,9,7,33,37,70,2,56
WESTSIDE MARAUDERS,23,213,10.82669198971682,7337,6534,1676,260,930,918,154,0.25650443832262015,1187,74,81,1230,503.37993777777774,1454.126862,3.816697085088458,1.2250436916596463,8,3,6,7,7,6,9,8,8,8,31,39,70,2,56
BLUE SOCKS,23,194,10.260506567378105,7768,7005,1803,231,963,932,197,0.25738758029978587,1065,66,73,1078,462.80794000000003,1323.61866,3.911053014084507,1.2428344225352113,2,9,8,8,9,3,8,4,7,6,36,28,64,3,56
NATIONAL PASTIME,23,190,10.548356188539282,7702,6932,1767,256,932,939,149,0.25490478938257355,1141,72,84,1145,501.6839122222222,1394.7047599999999,3.957191244522349,1.2223529886064854,7,4,9,5,5,5,10,5,4,9,30,33,63,4,56
HOOSIERS,23,190,10.319712552715677,7977,7090,1789,262,1012,979,227,0.252327221438646,1182,71,30,1030,517.1036088888889,1524.8933499999998,3.937337123519458,1.29009589678511,9,10,10,10,4,4,5,3,5,2,43,19,62,5,56
BIG RED MACHINE,23,151,9.745771757403004,7510,6658,1667,266,938,931,106,0.25037548813457494,1313,78,27,1180,573.2977911111111,1670.1973600000001,3.9296878293983246,1.2720467326732674,10,6,7,1,2,8,4,6,6,4,26,28,54,6,56
FREE BIRDS,23,188,9.364231491156735,7526,6675,1704,234,906,889,115,0.2552808988764045,1339,84,0,1342,599.333838888889,1687.89365,4.028382785660941,1.2605628454070201,3,1,2,2,6,9,3,9,3,5,14,29,43,7,56
ERIE LAKERS,23,168,8.050061360092405,7368,6506,1674,246,935,908,122,0.25730095296649247,1053,60,27,947,492.4740188888889,1368.23072,4.209179648622982,1.2993644064577399,4,5,3,3,8,2,4,1,1,1,23,9,32,8,56
FREE AT LAST,22,151,8.222374472199855,7375,6507,1634,229,907,866,131,0.2511141847241432,1093,66,32,1027,504.5002733333334,1399.0045,4.1541651052150055,1.2799675205855443,1,2,1,4,3,3,6,2,2,3,11,16,27,9,56
WESTSIDE MARAUDERS,23,213,10.809211441405647,7498,6661,1686,266,946,937,134,0.25311514787569434,1205,75,81,1212,511.8549577777777,1468.553282,3.822983087136929,1.2187164165975104,10,7,8,5,5,6,10,8,9,9,35,42,77,1,57
MELONHEADS,23,242,10.709229799318098,7387,6601,1656,257,927,918,173,0.2508710801393728,1380,89,0,1375,576.3054288888889,1681.1168100000002,3.7585136666666665,1.218200586956522,9,5,7,7,3,10,2,10,10,10,31,42,73,2,57
BLUE SOCKS,23,194,10.430255938137277,7635,6870,1753,229,934,908,201,0.2551673944687045,1221,76,56,1192,518.9130055555556,1510.6585,3.82491158886159,1.2372305487305488,3,6,6,10,7,7,7,7,8,7,32,36,68,3,57
NATIONAL PASTIME,23,190,10.540272751108414,7905,7112,1845,255,963,963,153,0.2594206974128234,1193,72,52,1119,528.9161744444444,1472.51372,3.9901471668063704,1.234294819782062,7,8,10,6,8,5,5,4,4,8,39,26,65,4,57
HOOSIERS,23,190,10.22013392248087,7743,6844,1712,256,981,940,197,0.25014611338398596,1219,77,11,1188,525.60735,1533.6712399999997,3.880612100082035,1.2581388351107463,8,9,9,9,1,8,3,6,7,4,36,28,64,5,57
LOUISVILLE SLUGGERS,23,165,10.746183116601976,7835,7025,1847,253,1008,937,196,0.2629181494661922,1055,61,72,1047,470.4218688888889,1352.63245,4.01307755450237,1.282116066350711,6,10,8,8,10,3,9,2,3,2,42,19,61,6,57
BIG RED MACHINE,23,151,9.672117699859038,7416,6598,1654,253,920,905,125,0.250682024856017,1197,72,59,1133,522.1706211111111,1500.3232799999998,3.9260948955722643,1.2534029072681703,6,4,5,2,2,5,8,5,6,5,19,29,48,7,57
FREE BIRDS,23,188,9.217204156520223,7309,6479,1647,231,897,882,127,0.25420589597160054,1392,85,0,1332,626.1304777777777,1764.5118400000001,4.048257399425287,1.2676090804597702,4,2,4,3,6,9,2,9,2,3,19,25,44,8,57
ERIE LAKERS,23,168,8.04577511551738,7048,6265,1626,236,896,873,133,0.259537110933759,895,58,54,888,393.3803344444445,1121.2928200000001,3.955779899441341,1.2528411396648047,5,1,3,4,9,2,6,1,5,6,22,20,42,9,57
FREE AT LAST,22,151,8.151239336820778,7347,6496,1633,229,898,873,116,0.25138546798029554,1166,67,16,1084,536.6247311111111,1506.55017,4.1420433790737565,1.2920670411663808,3,3,3,1,4,4,4,3,1,1,14,13,27,10,57
MELONHEADS,23,242,10.885029708538251,7449,6634,1663,254,940,916,195,0.25067832378655414,1358,86,0,1386,560.0509122222222,1635.5356700000002,3.711677621502209,1.2043708910162005,6,6,5,9,2,10,3,10,10,10,28,43,71,1,58
BLUE SOCKS,23,194,10.336363910480708,7907,7130,1830,236,961,937,193,0.25666199158485276,1052,66,73,1071,456.83718777777784,1276.89428,3.908302937262358,1.2137778326996198,5,8,8,8,7,5,8,5,7,9,36,34,70,2,58
LOUISVILLE SLUGGERS,23,165,10.651323317149913,7609,6862,1772,264,979,949,167,0.2582337510929758,1093,68,77,1059,487.9505288888889,1387.9596,4.017890905763952,1.269862397072278,10,9,9,7,8,6,9,3,4,5,43,27,70,2,58
WESTSIDE MARAUDERS,23,213,10.812678999822337,7449,6626,1682,263,937,935,134,0.2538484757017809,1371,86,32,1339,587.9179277777778,1683.046112,3.859417469000729,1.2276047498176514,9,5,7,4,5,10,5,8,8,7,30,38,68,3,58
NATIONAL PASTIME,23,190,10.511062882153137,7566,6807,1758,235,913,899,152,0.25826355222565006,1190,75,84,1184,503.72687888888885,1445.4232,3.8096990840336136,1.214641344537815,4,3,4,6,9,7,10,7,9,8,26,41,67,4,58
HOOSIERS,23,190,10.259474590598142,8019,7108,1795,262,1023,972,222,0.2525323579065841,1169,68,27,1070,513.6561666666666,1507.8093600000002,3.95458126603935,1.2898283661248933,8,10,10,10,3,6,4,4,5,2,41,21,62,5,58
BIG RED MACHINE,23,151,9.748405149310193,7545,6673,1693,259,953,922,128,0.25370897647235124,1276,77,27,1164,560.1220533333333,1624.3954899999999,3.950704137931034,1.2730372178683385,7,7,6,3,4,8,4,6,6,4,27,28,55,6,58
FREE BIRDS,23,188,9.218889805819817,7320,6518,1665,235,879,895,99,0.25544645596808835,1372,84,0,1347,615.0447666666666,1725.63265,4.034550218658892,1.257749744897959,4,1,3,1,6,9,3,9,3,6,15,30,45,7,58
ERIE LAKERS,23,168,8.01813983334122,7073,6282,1636,232,890,868,114,0.26042661572747533,1026,61,38,953,466.2062955555556,1309.9092200000002,4.089528908382067,1.2767146393762185,3,2,1,2,10,4,6,1,1,3,18,15,33,8,58
FREE AT LAST,22,151,8.203772120723032,7431,6537,1621,236,924,873,137,0.2479730763347101,1016,61,43,997,458.81223222222224,1315.2185299999999,4.064281584645669,1.2945064271653541,5,4,2,5,1,4,7,2,2,1,17,16,33,8,58
MELONHEADS,23,242,10.925920062910299,7549,6685,1673,267,968,937,185,0.25026178010471206,1281,81,27,1286,545.2032622222222,1534.7446400000001,3.830467884465261,1.1980832474629197,10,8,8,9,4,9,5,8,9,10,39,41,80,1,59
WESTSIDE MARAUDERS,23,213,11.021737495431669,7638,6809,1744,261,958,950,143,0.2561315905419298,1346,83,32,1324,580.7605222222222,1641.801662,3.8832427191679044,1.2197634933135215,9,7,9,6,6,10,6,10,6,8,37,40,77,2,59
LOUISVILLE SLUGGERS,23,165,10.69388471047394,7533,6793,1774,248,970,920,185,0.26115118504342705,1197,74,36,1164,526.6887088888889,1510.26911,3.9600654803675854,1.2617118713450293,7,9,5,9,10,7,7,7,5,5,40,31,71,3,59
BLUE SOCKS,23,194,10.337416674241329,7607,6883,1765,237,924,929,158,0.25642888275461284,1153,71,73,1157,480.63576,1417.7070099999999,3.7517101821335648,1.2295811014744145,5,5,7,8,7,5,9,6,10,7,32,37,69,4,59
NATIONAL PASTIME,23,190,10.366812773820904,7573,6802,1739,258,926,928,134,0.2556600999705969,1103,71,82,1140,471.69764111111107,1340.7806799999998,3.848847479601088,1.2155763191296463,8,6,6,5,5,5,10,5,8,9,30,37,67,5,59
HOOSIERS,23,190,10.266551852456956,8063,7146,1788,267,1018,978,220,0.2502099076406381,1260,73,22,1067,569.4423855555556,1650.9004,4.067445611111111,1.3102384126984128,10,10,10,10,3,6,4,3,2,1,43,16,59,6,59
BIG RED MACHINE,23,151,9.710186068676181,7412,6598,1648,258,923,916,131,0.24977265838132767,1210,74,59,1127,519.5866211111111,1531.0774299999998,3.864693876033058,1.265353247933884,8,4,4,4,2,7,8,4,7,4,22,30,52,7,59
FREE BIRDS,23,188,9.130696226522547,7326,6495,1678,219,887,874,117,0.2583525789068514,1300,79,19,1297,581.3613833333333,1630.8499199999999,4.024809576923076,1.2544999384615383,3,1,2,2,8,8,3,9,3,6,16,29,45,8,59
ERIE LAKERS,23,168,8.203707626749726,7376,6572,1713,239,919,898,127,0.2606512477175898,923,59,36,930,406.86482888888895,1173.68814,3.967262686890575,1.271601451787649,6,3,3,3,9,3,7,1,4,3,24,18,42,9,59
FREE AT LAST,22,151,8.212271140034021,7333,6415,1600,230,912,851,145,0.24941543257989088,1088,64,27,1039,491.7720211111111,1390.9855200000002,4.067967086397059,1.2784793382352944,4,2,1,7,1,4,5,2,1,2,15,14,29,10,59
MELONHEADS,23,242,10.774719975830054,7457,6661,1677,248,936,909,194,0.25176399939948957,1334,87,0,1354,550.7803566666666,1582.4593900000002,3.7159094527736127,1.1862514167916043,7,8,6,9,4,10,2,9,10,10,34,41,75,1,60
LOUISVILLE SLUGGERS,23,165,10.655647120599472,7284,6566,1719,243,931,896,163,0.26180322875418827,1122,69,80,1151,464.14658000000003,1378.74928,3.7231009090909093,1.2288318003565062,6,7,4,7,10,4,10,6,9,8,34,37,71,2,60
WESTSIDE MARAUDERS,23,213,11.029655654977017,7362,6615,1722,240,917,908,150,0.26031746031746034,1362,86,32,1383,583.0041466666667,1668.207802,3.8524503083700434,1.2248221747430248,4,4,5,5,9,9,4,10,8,9,27,40,67,3,60
NATIONAL PASTIME,23,190,10.473245460751006,7664,6903,1767,254,928,935,150,0.2559756627553238,1191,76,52,1225,516.4662933333334,1463.9933199999998,3.902767959697733,1.2292135348446682,8,6,8,5,5,7,6,7,7,7,32,34,66,4,60
BLUE SOCKS,23,194,10.30128559092105,7845,7061,1810,248,962,951,174,0.25633762923098713,1153,70,56,1109,513.0368677777778,1436.89336,4.004624293148309,1.2462214744145708,7,9,9,8,6,5,7,4,3,6,39,25,64,5,60
HOOSIERS,23,190,10.306835738872632,8150,7199,1801,275,1035,994,197,0.2501736352271149,1132,69,35,1014,498.5209266666667,1445.42457,3.963505600706714,1.276876828621908,10,10,10,10,3,4,5,2,5,3,43,19,62,6,60
BIG RED MACHINE,23,151,9.701776188612039,7521,6676,1657,266,931,922,105,0.24820251647693228,1203,73,59,1130,529.2766111111112,1503.01849,3.9596753948462182,1.2493919285120532,9,7,7,2,1,6,9,5,6,5,26,31,57,7,60
FREE BIRDS,23,188,9.21924113107724,7410,6563,1685,225,904,885,135,0.2567423434404998,1357,82,0,1324,612.3507433333334,1730.1792500000001,4.061279801031688,1.2750031319086221,3,3,2,4,7,8,2,8,2,4,19,24,43,8,60
ERIE LAKERS,23,168,7.991936799389005,7244,6407,1653,242,922,893,127,0.2579990635242703,912,54,57,860,403.69384,1178.00324,3.9838207894736843,1.2916702192982457,5,5,3,3,8,2,8,1,4,2,24,17,41,9,60
FREE AT LAST,22,151,8.087279616740194,7186,6300,1568,224,904,843,160,0.24888888888888888,1157,66,30,1020,539.0485844444445,1524.89541,4.193117770095074,1.3179735609334486,2,3,1,6,2,3,3,3,1,1,14,11,25,10,60
WESTSIDE MARAUDERS,23,213,11.112402410292702,7817,6964,1771,262,973,956,140,0.2543078690407812,1271,80,54,1259,544.045651111111,1568.689802,3.852408229740362,1.2342169960660898,9,8,9,4,5,9,8,9,7,7,35,40,75,1,61
LOUISVILLE SLUGGERS,23,165,10.660357006968256,7556,6778,1770,253,985,924,189,0.2611389790498672,1051,64,66,1078,461.0389777777778,1292.1223599999998,3.9480026641294006,1.2294218458610846,6,9,6,9,9,4,10,4,5,8,39,31,70,2,61
MELONHEADS,23,242,10.655642717562932,7360,6536,1655,252,947,911,179,0.25321297429620565,1349,87,0,1365,573.4323188888889,1623.04497,3.8257159896219415,1.2031467531504818,5,7,4,8,4,10,2,10,9,10,28,41,69,3,61
BLUE SOCKS,23,194,10.182401046433563,7432,6689,1710,240,914,913,160,0.25564359396023323,1174,73,56,1203,495.40768888888886,1428.1484,3.7978442930153316,1.2164807495741057,3,4,5,6,6,7,9,7,10,9,24,42,66,4,61
HOOSIERS,23,190,10.247511999984752,7940,7058,1773,258,996,960,212,0.25120430716916975,1080,68,42,1036,461.2291455555556,1357.4718599999999,3.8435762129629634,1.2569183888888888,8,10,10,10,3,6,5,2,8,4,41,25,66,4,61
NATIONAL PASTIME,23,190,10.42337103363885,7671,6893,1764,255,936,935,145,0.2559117945742057,1243,78,52,1193,546.3716,1535.1825499999998,3.956029283990346,1.2350623893805308,7,6,8,5,7,8,7,6,4,6,33,31,64,5,61
BIG RED MACHINE,23,151,9.64323023803773,7528,6700,1667,271,932,933,115,0.24880597014925374,1309,78,27,1188,567.1303422222222,1678.5429199999999,3.8992918869365933,1.2823093353705117,10,5,7,1,2,8,3,5,6,3,25,25,50,6,61
FREE BIRDS,23,188,9.028029509901701,7305,6479,1660,222,883,868,117,0.25621237845346506,1269,78,27,1254,567.1034322222222,1587.56945,4.022010157604413,1.2510397557131598,2,2,2,2,8,8,3,8,3,5,16,27,43,7,61
ERIE LAKERS,23,168,8.219163604735108,7230,6452,1698,242,912,904,118,0.26317420954742715,1071,61,29,957,491.49676333333343,1411.6722600000003,4.130224901960785,1.3180880112044822,4,3,3,3,10,3,4,1,1,1,23,10,33,8,61
FREE AT LAST,22,151,8.00461734087126,7053,6190,1538,214,873,818,163,0.24846526655896609,1106,65,48,1037,503.06903,1429.37954,4.093690117540687,1.2923865641952983,1,1,1,7,1,5,6,3,2,2,11,18,29,9,61
MELONHEADS,23,242,10.863026828518867,7678,6840,1733,253,968,934,185,0.2533625730994152,1203,78,31,1255,491.9788311111111,1426.1214200000002,3.680639634247714,1.1854708395677473,8,9,8,9,4,9,5,8,10,10,38,42,80,1,62
WESTSIDE MARAUDERS,23,213,11.151105106385453,7477,6691,1711,275,941,959,135,0.25571663428486024,1207,77,62,1277,505.0396355555555,1453.1828619999999,3.7658299254349625,1.2039626031483015,10,5,9,3,6,8,8,9,8,9,33,42,75,2,62
NATIONAL PASTIME,23,190,10.544963018622909,7619,6839,1761,242,923,910,142,0.2574937856411756,1178,75,84,1173,491.12716333333333,1438.41776,3.7522448811544993,1.2210677079796266,5,4,5,6,7,7,10,7,9,8,27,41,68,3,62
HOOSIERS,23,190,10.252749523746147,7917,7017,1754,268,1005,966,215,0.24996437223884851,1264,75,2,1122,544.8398722222222,1600.1316099999997,3.8793978243670884,1.2659269066455694,9,10,10,10,2,7,2,4,7,4,41,24,65,4,62
LOUISVILLE SLUGGERS,23,165,10.726673712126448,7484,6721,1761,241,959,899,180,0.26201458116351733,1139,71,63,1151,493.3771277777778,1428.70768,3.8985023266022827,1.2543526602282704,4,8,3,7,10,5,9,5,6,6,32,31,63,5,62
BLUE SOCKS,23,194,10.17882482129883,7732,6976,1806,229,946,927,182,0.2588876146788991,1171,72,56,1122,521.7275411111111,1452.36207,4.009861545687447,1.2402750384286934,2,6,6,8,9,6,7,4,4,7,31,28,59,6,62
BIG RED MACHINE,23,151,9.7272020210948,7593,6762,1714,252,947,932,141,0.25347530316474415,1257,77,27,1161,550.62502,1616.5046799999998,3.942422577565632,1.2860021320604613,7,7,7,5,5,8,4,6,5,3,31,26,57,7,62
FREE BIRDS,23,188,9.242493827901447,7368,6535,1634,249,884,903,107,0.25003825554705433,1353,84,0,1350,609.0022822222222,1698.1737399999997,4.051012963784183,1.2551173244641536,6,2,4,1,3,10,1,10,3,5,16,29,45,8,62
ERIE LAKERS,23,168,8.090097717556716,7244,6418,1660,241,919,892,124,0.2586475537550639,983,57,54,910,455.28679222222223,1277.65854,4.168444689725331,1.2997543641912512,4,3,2,2,8,3,6,2,2,2,19,15,34,9,62
FREE AT LAST,22,151,8.099684245547243,7291,6380,1578,234,919,860,139,0.24733542319749216,1168,66,22,1049,547.3206844444445,1520.5637499999998,4.217368287671234,1.3018525256849314,3,3,1,4,1,4,3,3,1,1,12,12,24,10,62
WESTSIDE MARAUDERS,23,213,10.912988773696048,7435,6636,1713,256,945,924,145,0.2581374321880651,1258,79,54,1301,541.0346444444444,1545.6515220000001,3.870677106518283,1.2286578076311607,7,8,6,5,9,8,7,9,6,8,35,38,73,1,63
MELONHEADS,23,242,10.74402888832,7457,6629,1683,256,946,921,161,0.2538844471262634,1401,88,0,1335,597.0640455555556,1685.1761700000002,3.8355292005710213,1.2028380942184156,7,9,5,7,4,10,1,10,9,10,32,40,72,2,63
NATIONAL PASTIME,23,190,10.553739759860138,7510,6733,1686,269,913,942,135,0.2504084360611912,1290,80,52,1252,548.3995722222222,1577.1258,3.826043527131783,1.2225781395348838,10,6,8,4,2,9,6,7,10,9,30,41,71,3,63
LOUISVILLE SLUGGERS,23,165,10.696410287128923,7802,7046,1847,255,993,945,186,0.2621345444223673,1025,66,61,1034,446.8844466666667,1262.1615799999997,3.923863434146342,1.231377151219512,6,10,9,8,10,5,9,2,4,7,43,27,70,4,63
HOOSIERS,23,190,10.270668945433217,7760,6863,1721,258,993,947,214,0.25076497158676964,1226,76,10,1173,527.1338377777778,1547.5191399999999,3.8696611256117452,1.2622505220228384,8,10,10,10,3,7,2,6,7,4,41,26,67,5,63
BLUE SOCKS,23,194,10.208621174358246,7718,6946,1789,228,946,921,203,0.2575583069392456,1069,65,83,1058,465.7984144444444,1330.95293,3.9215956314312432,1.2450448362956033,4,9,5,9,7,4,10,3,5,6,34,28,62,6,63
BIG RED MACHINE,23,151,9.707939585551939,7518,6683,1659,266,926,928,110,0.24824180757144995,1161,70,59,1124,495.2076833333333,1448.40925,3.8388192506459946,1.247553186907838,9,7,7,1,1,6,8,5,8,5,25,32,57,7,63
FREE BIRDS,23,188,9.229979161448432,7281,6467,1649,225,895,874,146,0.2549868563476109,1281,79,30,1254,578.9422977777776,1626.28826,4.0675102888368455,1.2695458704137392,3,5,3,6,6,8,4,8,2,3,23,25,48,8,63
ERIE LAKERS,23,168,7.955578892665044,7400,6541,1688,239,926,897,114,0.25806451612903225,1092,63,16,980,508.0653122222223,1451.2943500000001,4.187351474358975,1.3290241300366301,5,7,4,2,8,3,3,1,1,1,26,9,35,9,63
FREE AT LAST,22,151,8.114069029725819,7207,6388,1622,213,881,833,133,0.2539135879774577,1120,66,36,1059,501.7946955555556,1437.24511,4.03227880357143,1.2832545625,2,4,2,3,5,5,5,4,3,2,16,19,35,9,63
MELONHEADS,23,242,10.758411835373229,7548,6726,1698,254,947,931,164,0.25245316681534347,1400,89,0,1342,588.7143733333332,1696.17632,3.7845923999999993,1.2115545142857143,6,7,7,7,4,10,1,9,10,10,31,40,71,1,64
WESTSIDE MARAUDERS,23,213,10.984297832757916,7435,6596,1695,266,959,930,139,0.25697392359005455,1329,84,32,1346,574.0568533333333,1639.552342,3.887518194130925,1.2336736960120391,9,8,6,4,6,9,3,10,7,8,33,37,70,2,64
HOOSIERS,23,190,10.312260316748212,7655,6787,1694,260,968,940,201,0.24959481361426256,1267,78,24,1172,537.2004977777777,1573.5020099999997,3.815946708760852,1.2419116101026044,7,9,9,9,3,7,2,6,9,7,37,31,68,3,64
LOUISVILLE SLUGGERS,23,165,10.781399051756205,7895,7113,1852,263,1008,974,186,0.26036833965977785,1099,67,47,1060,491.57932,1383.1147099999998,4.025672320291174,1.258521119199272,8,10,10,8,10,3,5,3,2,3,46,16,62,4,64
BLUE SOCKS,23,194,10.224820701188667,7718,6946,1789,228,946,921,203,0.2575583069392456,1130,68,56,1152,500.1557844444444,1392.15048,3.9835416460176987,1.231991575221239,2,6,5,10,8,4,8,5,3,9,31,29,60,5,64
BIG RED MACHINE,23,151,9.72905785434442,7549,6701,1660,272,934,934,105,0.24772422026563198,1174,72,59,1137,502.0131911111111,1458.5538999999999,3.84848272572402,1.2423798126064736,10,5,8,1,1,5,10,4,8,6,25,33,58,6,64
NATIONAL PASTIME,23,190,10.364793225243748,7454,6721,1730,244,909,908,143,0.2574021722957893,1269,79,52,1226,554.4513888888889,1578.8476799999999,3.932279353821907,1.244166808510638,5,3,4,5,7,8,7,8,6,5,24,34,58,6,64
FREE BIRDS,23,188,9.309286044162109,7355,6508,1667,226,893,872,128,0.2561462814996927,1187,75,57,1201,525.0571977777778,1490.51459,3.981057101937658,1.255698896377422,1,1,1,3,5,6,9,7,4,4,11,30,41,7,64
ERIE LAKERS,23,168,8.073357698356762,7223,6411,1665,233,902,877,122,0.2597098736546561,920,57,51,922,404.3029088888889,1194.2606799999999,3.955137152173913,1.2981094347826085,3,2,2,2,9,1,6,1,5,2,18,15,33,8,64
FREE AT LAST,22,151,8.220918458819304,7508,6627,1653,235,930,882,148,0.2494341330918968,1086,60,35,973,496.481618888889,1416.1317999999999,4.114488554327809,1.3039887661141805,4,4,3,6,2,2,4,2,1,1,19,10,29,9,64
MELONHEADS,23,242,10.83989787226378,7650,6795,1730,265,978,950,155,0.2545989698307579,1275,81,17,1291,541.5667855555555,1537.40948,3.8228243686274506,1.205811356862745,8,8,8,7,5,8,4,8,9,9,36,38,74,1,65
WESTSIDE MARAUDERS,23,213,10.948139754040481,7435,6601,1678,267,945,937,139,0.25420390849871233,1354,85,32,1359,586.0522722222222,1670.991182,3.8954730059084195,1.2341146100443132,9,7,7,4,4,10,6,10,6,7,31,39,70,2,65
LOUISVILLE SLUGGERS,23,165,10.803899442585665,7991,7150,1851,274,1024,971,167,0.25888111888111887,1043,62,69,1038,456.54098444444446,1328.6565299999997,3.9394715819750723,1.2738797027804407,10,10,10,8,9,2,8,3,4,3,47,20,67,3,65
BLUE SOCKS,23,194,10.174602579006802,7715,6987,1794,227,930,914,181,0.2567625590382138,974,65,99,1048,406.45880555555556,1166.56456,3.755779517453799,1.197704887063655,2,5,6,9,7,3,10,4,10,10,29,37,66,4,65
HOOSIERS,23,190,10.178064847129388,7850,6994,1769,257,986,961,214,0.25293108378610235,1077,68,48,994,457.57778222222225,1355.80687,3.8237697678737237,1.2588736025998142,7,9,9,10,3,4,7,1,8,6,38,26,64,5,65
NATIONAL PASTIME,23,190,10.376066425253569,7547,6772,1747,234,915,895,151,0.2579740106320142,1206,76,82,1162,514.9346222222222,1468.68057,3.8427956882255385,1.2178114179104478,4,4,3,6,8,7,9,6,7,8,25,37,62,6,65
BIG RED MACHINE,23,151,9.762584835048543,7426,6609,1685,249,934,912,134,0.2549553638977152,1232,74,27,1187,536.8297244444444,1555.0362599999999,3.9216457142857144,1.2622047564935064,6,6,5,2,6,6,5,7,5,5,25,28,53,7,65
FREE BIRDS,23,188,9.33058375908833,7285,6462,1624,239,885,896,135,0.2513153822346023,1379,84,0,1352,612.4370522222223,1745.16822,3.9970511022480064,1.26553170413343,5,1,4,3,2,9,3,9,3,4,15,28,43,8,65
ERIE LAKERS,23,168,8.14048250872839,7185,6397,1661,233,896,875,120,0.25965296232609036,1114,65,27,1017,514.8156411111111,1463.7540099999997,4.159192791741472,1.313962307001795,3,3,2,1,10,3,5,2,1,1,19,12,31,9,65
FREE AT LAST,22,151,8.177163440273103,7137,6256,1541,234,889,849,144,0.24632352941176472,1269,72,0,1122,583.1112800000001,1619.7564300000001,4.135540992907802,1.2764038061465721,4,2,1,5,1,5,3,5,2,2,13,17,30,10,65
MELONHEADS,23,242,10.813073487773377,7678,6824,1722,269,975,957,160,0.2523446658851114,1343,83,0,1326,573.7205022222222,1616.64644,3.8447390320178703,1.2037575874906925,10,8,9,6,4,9,3,9,8,10,37,39,76,1,66
WESTSIDE MARAUDERS,23,213,11.06328838627006,7495,6685,1715,254,939,927,146,0.25654450261780104,1257,80,59,1287,535.1620988888889,1540.9091019999998,3.83170953858393,1.2258624518695305,6,7,6,5,6,8,8,8,10,8,30,42,72,2,66
LOUISVILLE SLUGGERS,23,165,10.671245548474712,7739,6985,1823,260,1000,952,174,0.2609878310665712,1064,67,49,1090,465.4984177777778,1320.84279,3.937486616541353,1.2413935996240602,7,9,8,8,9,3,6,4,6,6,41,25,66,3,66
NATIONAL PASTIME,23,190,10.44763348774473,7615,6842,1762,241,920,904,142,0.2575270388775212,1206,76,82,1162,514.9346222222222,1468.68057,3.8427956882255385,1.2178114179104478,4,5,4,4,8,6,10,5,9,9,25,39,64,4,66
BIG RED MACHINE,23,151,9.75287759769382,7440,6582,1641,268,931,931,121,0.24931631722880584,1267,77,27,1207,557.2410955555556,1593.3769599999996,3.9583029676400945,1.2575982320441985,9,6,7,3,2,7,5,7,5,5,27,29,56,5,66
BLUE SOCKS,23,194,9.909887570077208,7480,6752,1734,223,912,895,176,0.2568127962085308,1164,74,56,1181,502.5556711111111,1440.98718,3.885739725085911,1.237961494845361,2,3,2,9,7,5,7,6,7,7,23,32,55,6,66
HOOSIERS,23,190,10.269994730781756,8068,7148,1792,266,1019,971,214,0.2506994963626189,1221,72,22,1049,544.6763388888888,1575.15607,4.014813308763308,1.2900541113841113,8,10,10,10,3,4,4,3,1,2,41,14,55,6,66
FREE BIRDS,23,188,9.294209692751316,7341,6515,1651,239,890,897,113,0.25341519570222565,1379,84,0,1352,612.4370522222223,1745.16822,3.9970511022480064,1.26553170413343,3,2,3,1,5,10,3,10,2,4,14,29,43,7,66
ERIE LAKERS,23,168,8.2110544818197,7249,6454,1698,242,916,906,118,0.26309265571738455,908,53,56,879,402.88601111111115,1178.41286,3.993363546255507,1.2978115198237885,5,4,5,2,10,1,7,1,3,1,26,13,39,8,66
FREE AT LAST,22,151,8.096154220614283,6976,6109,1511,216,870,809,172,0.24733999017842528,1052,63,62,998,464.9013244444446,1342.62432,3.977292699619773,1.2762588593155892,1,1,1,7,1,2,9,2,4,3,11,20,31,9,66
MELONHEADS,23,242,10.778870061184472,7552,6734,1711,263,952,944,162,0.2540837540837541,1359,87,0,1327,570.1953533333333,1659.61545,3.7761281677704193,1.221203421633554,10,8,8,7,4,10,2,9,10,9,37,40,77,1,67
WESTSIDE MARAUDERS,23,213,10.809846146208578,7393,6583,1683,256,933,923,144,0.25565851435515724,1252,81,43,1325,528.6755655555555,1503.131242,3.8003834584664533,1.2005840591054313,7,5,5,6,6,9,5,8,9,10,29,41,70,2,67
NATIONAL PASTIME,23,190,10.528480271287506,7800,7011,1806,260,950,959,142,0.25759520753102266,1205,76,52,1162,535.8788344444445,1499.65092,4.0024145311203325,1.2445235850622407,8,7,10,4,8,8,6,7,3,6,37,30,67,3,67
LOUISVILLE SLUGGERS,23,165,10.73703577591281,7718,6950,1819,254,1001,946,177,0.261726618705036,1214,74,36,1138,536.1789455555555,1556.07059,3.9749674711696867,1.2817714909390445,6,10,9,9,10,6,4,4,5,3,44,22,66,4,67
BLUE SOCKS,23,194,10.334925930428344,7792,7029,1807,244,950,943,174,0.2570778204581021,1167,70,56,1146,517.1577777777777,1451.15136,3.9883633247643524,1.2434887403598973,3,7,7,8,7,5,8,6,4,7,32,30,62,5,67
HOOSIERS,23,190,10.24451039690014,7704,6831,1721,247,976,927,232,0.25193968672229544,1201,75,22,1140,511.8760822222222,1514.8753699999997,3.8358740549542043,1.2613450208159864,5,9,6,10,3,7,3,5,7,4,33,26,59,6,67
FREE BIRDS,23,188,9.329582540043953,7145,6317,1607,217,871,846,143,0.2543929080259617,1439,87,0,1400,631.3874111111111,1787.33889,3.9489136205698396,1.2420701111883252,1,2,1,5,5,10,2,10,6,8,14,36,50,7,67
BIG RED MACHINE,23,151,9.654814311488376,7412,6579,1628,262,920,911,113,0.24745402036783706,1094,67,86,1077,462.78910666666667,1363.68348,3.8072229981718464,1.2465114076782449,9,4,4,1,1,4,10,3,8,5,19,30,49,8,67
ERIE LAKERS,23,168,8.123854759616979,7204,6399,1661,233,900,877,120,0.25957180809501484,958,58,64,897,445.38935222222227,1238.42503,4.184242348643007,1.2927192379958248,2,3,2,2,9,3,9,1,1,1,18,15,33,9,67
FREE AT LAST,22,151,8.21668282567941,7620,6703,1660,245,943,893,132,0.24765030583320902,972,54,54,919,434.48470555555565,1248.8621799999999,4.023006532921811,1.2848376337448557,4,6,3,3,2,2,7,2,2,2,18,15,33,9,67
MELONHEADS,23,242,10.832766127697399,7468,6636,1673,267,952,936,161,0.2521097046413502,1388,88,0,1349,576.5692977777777,1687.4360300000003,3.738561729106628,1.2157320100864555,8,8,8,7,3,10,3,9,10,10,34,42,76,1,68
WESTSIDE MARAUDERS,23,213,11.037564743201006,7523,6759,1760,242,934,924,151,0.26039354934161857,1188,74,81,1232,507.2898799999999,1457.269362,3.843105151515151,1.226657712121212,4,7,6,6,10,7,9,8,8,8,33,40,73,2,68
HOOSIERS,23,190,10.343920426288172,8089,7166,1796,272,1025,990,211,0.2506279653921295,994,62,54,969,418.80035555555565,1226.3905399999999,3.7919549295774657,1.2337932997987926,10,10,10,10,2,2,7,1,9,6,42,25,67,3,68
LOUISVILLE SLUGGERS,23,165,10.756472766207276,7819,7049,1824,269,1001,971,177,0.2587601078167116,1154,71,36,1110,519.5711077777778,1450.26672,4.052114358752166,1.256730259965338,9,9,9,8,9,6,5,5,3,3,44,22,66,4,68
NATIONAL PASTIME,23,190,10.416436696349406,7645,6868,1756,253,930,931,149,0.2556785090273733,1216,77,52,1215,530.3968877777777,1496.7101799999998,3.925634860197368,1.2308471874999998,6,6,7,5,6,8,6,7,5,7,30,33,63,5,68
BLUE SOCKS,23,194,10.086937218397715,7494,6758,1730,228,913,899,179,0.2559928973068955,1124,70,80,1132,483.80598333333336,1377.1448099999998,3.873891325622776,1.225217802491103,3,4,3,9,7,5,8,6,6,9,26,34,60,6,68
BIG RED MACHINE,23,151,9.81629983406134,7454,6615,1668,259,934,919,116,0.25215419501133784,1081,67,84,1047,462.17705777777775,1351.36576,3.8479125994449577,1.2501070860314523,7,7,5,1,4,4,10,3,7,4,24,28,52,7,68
FREE BIRDS,23,188,9.279994880035467,7061,6248,1587,221,856,843,131,0.25400128040973113,1409,87,0,1408,615.1564133333333,1746.7133099999999,3.9293170475514545,1.2396829737402413,1,2,1,3,5,9,3,10,4,5,12,31,43,8,68
ERIE LAKERS,23,168,7.97627392147855,7349,6515,1682,243,926,900,123,0.2581734458940906,1187,66,0,1032,553.1049444444445,1584.99819,4.19371903959562,1.335297548441449,5,5,4,2,8,3,3,2,1,1,24,10,34,9,68
FREE AT LAST,22,151,8.184818849701715,7319,6409,1604,225,911,847,142,0.2502730535184896,1182,70,14,1076,543.4530222222222,1533.5292100000001,4.137967174280879,1.2974020389170897,2,3,2,4,1,5,4,4,2,2,12,17,29,10,68
WESTSIDE MARAUDERS,23,213,11.145976856512632,7463,6675,1722,250,946,922,185,0.25797752808988766,1373,83,32,1358,599.9785544444444,1699.231852,3.93285286962855,1.2376051361981062,5,6,7,9,8,10,6,10,6,7,35,39,74,1,69
MELONHEADS,23,242,10.784840180010358,7384,6578,1654,258,938,920,180,0.2514442079659471,1293,83,22,1308,535.7182188888888,1560.4186300000001,3.728897115235885,1.2068202861562258,7,4,6,8,3,10,4,9,10,9,28,42,70,2,69
LOUISVILLE SLUGGERS,23,165,10.719170942048395,7449,6692,1743,252,953,913,165,0.2604602510460251,1034,66,79,1088,429.84046777777775,1257.7743899999998,3.741358036750483,1.216416237911025,6,8,4,6,10,4,10,3,9,8,34,34,68,3,69
HOOSIERS,23,190,10.296170239855844,8103,7193,1812,267,1022,990,206,0.2519115807034617,1095,68,27,1029,465.65638000000007,1378.89652,3.8273127123287676,1.2592662283105023,9,10,10,10,4,5,5,2,7,4,43,23,66,4,69
NATIONAL PASTIME,23,190,10.426542273619948,7783,6997,1799,260,954,943,147,0.25711019008146346,1211,75,52,1169,542.5156077777777,1515.9089799999997,4.031907902559867,1.251782807597027,8,9,8,4,7,8,7,6,3,6,36,30,66,4,69
BLUE SOCKS,23,194,10.308565350698302,7669,6952,1785,225,923,915,177,0.25676064441887225,1123,71,73,1152,472.5424644444445,1349.67265,3.7870722885129124,1.2018456366874444,2,3,5,7,6,7,9,5,8,10,23,39,62,5,69
BIG RED MACHINE,23,151,9.828938437471852,7671,6805,1700,270,950,953,123,0.24981631153563555,1259,75,27,1189,560.1944511111111,1586.6914199999997,4.004567164416204,1.2602791262907067,10,7,9,3,2,8,5,7,4,3,31,27,58,6,69
FREE BIRDS,23,188,9.12472070247604,7264,6427,1634,228,886,869,101,0.254239925315077,1197,77,62,1216,525.8375066666666,1505.0438800000002,3.9536654636591475,1.2573465998329159,3,1,2,1,5,9,8,8,5,5,12,35,47,7,69
ERIE LAKERS,23,168,7.975407056135801,7515,6637,1713,246,944,910,117,0.2580985384963086,1111,64,8,969,524.9776988888889,1466.4818500000001,4.2527446354635465,1.3199656615661568,4,5,3,2,9,3,2,1,1,1,23,8,31,8,69
FREE AT LAST,22,151,8.081340622757583,7074,6217,1542,221,888,832,153,0.2480295962682966,1227,70,19,1092,553.0636,1591.70394,4.056701222493887,1.2972322249388755,1,2,1,5,1,6,3,4,2,2,10,17,27,9,69
WESTSIDE MARAUDERS,23,213,10.946278977908843,7379,6558,1679,260,941,925,149,0.2560231777981092,1258,79,51,1296,524.1144566666666,1528.359452,3.74962647853736,1.2149121240063592,8,7,7,6,6,8,6,9,10,10,34,43,77,1,70
MELONHEADS,23,242,10.72841809111292,7472,6662,1708,254,950,920,167,0.25637946562593816,1378,86,0,1341,579.3494244444444,1675.30923,3.7838496516690854,1.2157541582002904,6,8,5,7,7,10,1,10,9,9,33,39,72,2,70
LOUISVILLE SLUGGERS,23,165,10.763791532035482,7613,6839,1783,253,974,921,172,0.2607106302090949,1047,68,80,1082,445.45212888888886,1303.29065,3.829101394460363,1.2447857211079274,5,9,6,8,10,3,9,5,8,6,38,31,69,3,70
NATIONAL PASTIME,23,190,10.617477488691568,7639,6863,1714,270,917,956,140,0.24974500947107678,1259,78,52,1254,535.8734,1531.96308,3.8307073868149324,1.2168094360603654,10,3,10,5,1,7,7,7,7,8,29,36,65,4,70
HOOSIERS,23,190,10.230437478387794,7856,6948,1748,257,1007,955,219,0.2515831894070236,1130,71,30,1048,481.97020333333336,1409.44176,3.838700734513275,1.247293592920354,7,10,9,10,4,5,5,3,6,5,40,24,64,5,70
BLUE SOCKS,23,194,10.189552264517069,7729,6964,1779,228,939,912,202,0.2554566341183228,1086,69,88,1060,477.83953555555553,1349.6082900000001,3.959996151012891,1.242733232044199,1,6,4,9,5,4,10,4,4,7,25,29,54,6,70
BIG RED MACHINE,23,151,9.775277429229469,7510,6658,1667,266,938,931,106,0.25037548813457494,1266,76,27,1203,554.3215577777778,1587.34123,3.9406745813586097,1.2538240363349131,9,5,8,2,2,6,4,6,5,4,26,25,51,7,70
FREE BIRDS,23,188,9.263308112296224,7421,6596,1692,229,910,892,132,0.25651910248635534,1307,81,11,1260,580.793631111111,1660.2698800000003,3.999344055087987,1.2702906503443,2,2,3,4,8,9,2,8,3,3,19,25,44,8,70
ERIE LAKERS,23,168,8.126529427441799,7153,6384,1662,236,897,879,126,0.26033834586466165,1072,60,55,959,504.83022111111114,1430.5016500000002,4.238313423507463,1.3344231809701494,4,1,1,3,9,1,8,1,1,1,18,12,30,9,70
FREE AT LAST,22,151,8.114527026466371,7536,6651,1672,231,924,882,132,0.251390768305518,1058,61,19,1028,489.46857555555556,1346.7192899999998,4.163721342155009,1.2728915784499053,3,4,2,4,3,2,3,2,2,2,16,11,27,10,70
LOUISVILLE SLUGGERS,23,165,10.758631813127064,7681,6913,1796,260,989,944,177,0.25980037610299433,1078,67,63,1087,458.41129333333333,1360.50244,3.827181484230056,1.2620616326530611,9,9,9,8,10,4,9,5,7,4,45,29,74,1,71
MELONHEADS,23,242,10.764283486616232,7521,6692,1716,257,959,938,158,0.25642558278541544,1365,87,0,1316,583.2570355555555,1645.6693900000002,3.8456507838827836,1.2056186007326009,6,8,8,7,7,10,3,9,6,10,36,38,74,1,71
WESTSIDE MARAUDERS,23,213,10.939096756249176,7463,6642,1701,259,952,931,156,0.25609756097560976,1258,79,54,1260,533.1663566666666,1547.440262,3.814385699523052,1.2300796995230525,8,6,6,6,6,8,8,8,9,8,32,41,73,2,71
HOOSIERS,23,190,10.28304404500569,8022,7126,1786,266,1005,972,210,0.2506314903171485,1093,69,22,1064,464.0090122222223,1361.83859,3.8207512442817944,1.2459639432753888,10,10,10,10,2,5,5,3,8,6,42,27,69,3,71
NATIONAL PASTIME,23,190,10.463473903926719,7615,6850,1765,248,932,923,155,0.2576642335766423,1216,77,52,1215,530.3968877777777,1496.7101799999998,3.925634860197368,1.2308471874999998,5,4,5,5,8,7,7,7,4,7,27,32,59,4,71
BLUE SOCKS,23,194,10.093473920784524,7494,6758,1730,228,913,899,179,0.2559928973068955,1010,65,107,1066,425.6175433333333,1235.1195,3.7926315742574253,1.222890594059406,1,3,3,9,5,3,10,4,10,9,21,36,57,5,71
BIG RED MACHINE,23,151,9.723041921118197,7566,6724,1702,258,942,933,117,0.25312314098750743,1191,71,54,1091,523.2357199999999,1526.2006499999998,3.9539223173803517,1.2814447103274558,7,5,7,1,4,6,8,6,3,2,24,25,49,6,71
FREE BIRDS,23,188,9.272561190041635,7152,6308,1584,229,873,853,130,0.25110970196575777,1355,83,30,1321,589.4120488888889,1688.6443100000001,3.914913977859779,1.246231963099631,2,1,1,3,3,9,6,10,5,5,10,35,45,7,71
FREE AT LAST,22,151,8.161411819197008,7816,6885,1703,246,954,919,140,0.24734931009440814,1085,60,0,1001,500.4599133333333,1375.8103500000002,4.151280387096774,1.2680279723502306,4,7,4,4,1,2,3,1,2,3,20,11,31,8,71
ERIE LAKERS,23,168,8.142559028175535,7185,6397,1661,233,896,875,120,0.25965296232609036,1148,67,19,1046,541.1987566666668,1505.5757999999996,4.242847395470384,1.311477177700348,3,2,2,2,9,4,4,2,1,1,18,12,30,9,71
WESTSIDE MARAUDERS,23,213,11.164160592054976,7750,6903,1762,265,975,954,136,0.2552513399971027,1297,80,54,1290,555.1914577777777,1592.087792,3.852523608326908,1.2275156453353895,9,9,9,4,5,9,7,9,6,8,36,39,75,1,72
MELONHEADS,23,242,10.761073069326757,7545,6722,1709,264,954,945,163,0.254239809580482,1284,82,11,1295,540.6721888888889,1534.48754,3.789758333333333,1.195083753894081,8,7,7,6,4,10,1,10,8,10,32,39,71,2,72
HOOSIERS,23,190,10.309404689374544,7893,7010,1765,257,994,960,230,0.25178316690442226,1134,73,16,1076,476.7626266666667,1409.7390999999998,3.783830370370371,1.243156172839506,7,10,10,10,3,6,2,3,9,6,40,26,66,3,72
NATIONAL PASTIME,23,190,10.449546734441709,7650,6892,1771,257,932,937,145,0.2569645966337783,1159,72,79,1104,507.7146311111111,1420.35331,3.942564003451251,1.225498973252804,7,5,6,5,8,5,10,4,5,9,31,33,64,4,72
LOUISVILLE SLUGGERS,23,165,10.58252987587951,7174,6446,1690,231,923,868,170,0.2621780949426001,1231,78,36,1281,511.23260777777773,1517.9881699999999,3.7376876279447604,1.2331341754670997,3,3,1,8,10,8,5,8,10,7,25,38,63,5,72
BLUE SOCKS,23,194,10.331942313985966,7845,7061,1810,248,962,951,174,0.25633762923098713,1173,71,56,1131,521.4886033333332,1490.37581,4.001191329923273,1.2705676129582268,6,8,8,9,7,4,8,5,3,3,38,23,61,6,72
BIG RED MACHINE,23,151,9.735249417225587,7552,6715,1660,267,927,926,109,0.24720774385703648,1185,73,59,1137,505.65602666666666,1498.3605699999998,3.8404255189873417,1.264439299578059,10,4,5,2,1,6,9,6,7,4,22,32,54,7,72
FREE BIRDS,23,188,9.187132085722578,7417,6543,1677,226,911,880,126,0.2563044475011463,1273,77,19,1268,564.6962533333333,1589.6345099999999,3.9923537156323645,1.2487309583660644,2,2,3,3,6,7,3,7,4,5,16,26,42,8,72
FREE AT LAST,22,151,8.084795242054208,7634,6708,1662,237,952,902,168,0.24776386404293382,898,52,46,862,416.54082222222223,1147.58507,4.174685300668152,1.2779343763919824,5,6,4,7,2,2,6,1,2,2,24,13,37,9,72
ERIE LAKERS,23,168,8.130908921877664,7153,6384,1662,236,897,879,126,0.26033834586466165,1165,67,25,1023,549.20935,1542.8995999999997,4.242819012875536,1.3243773390557938,4,1,2,3,9,3,4,2,1,1,19,11,30,10,72
WESTSIDE MARAUDERS,23,213,10.90876716534648,7484,6694,1714,251,937,924,172,0.25605019420376457,1352,82,32,1358,590.5417533333334,1667.2800419999999,3.9311211390532548,1.233195297337278,6,7,7,7,6,9,6,10,6,8,33,39,72,1,73
MELONHEADS,23,242,10.694414140155951,7352,6544,1653,258,935,917,164,0.2525977995110024,1383,87,0,1342,583.7211822222222,1641.6506400000003,3.798619407086045,1.1870214316702823,8,6,6,6,4,10,2,9,8,10,30,39,69,2,73
HOOSIERS,23,190,10.235872521616843,7764,6862,1726,250,993,936,218,0.25153016613232293,979,66,52,1026,400.6725522222223,1197.1547099999998,3.6834044637385093,1.2228342288049028,5,10,9,10,3,3,7,2,10,9,37,31,68,3,73
NATIONAL PASTIME,23,190,10.500529293192963,7933,7116,1834,263,972,965,144,0.2577290612703766,1125,70,74,1061,496.2719033333333,1416.0227599999998,3.970175226666666,1.2586868977777776,10,8,10,5,9,5,9,3,4,5,42,26,68,3,73
LOUISVILLE SLUGGERS,23,165,10.672255718744927,7660,6904,1809,253,980,931,185,0.2620220162224797,1088,65,71,1075,475.61393444444445,1387.8065199999999,3.934306443014706,1.275557463235294,7,9,8,9,10,2,8,4,5,3,43,22,65,4,73
BLUE SOCKS,23,194,10.255614181515096,7603,6855,1759,229,926,907,181,0.2566010211524435,1261,80,29,1257,531.8976888888889,1558.76111,3.796256304520222,1.2361309357652657,2,5,4,8,7,7,4,7,9,7,26,34,60,5,73
BIG RED MACHINE,23,151,9.653389817157278,7374,6550,1628,260,916,907,114,0.24854961832061068,1094,67,86,1077,462.78910666666667,1363.68348,3.8072229981718464,1.2465114076782449,9,4,4,1,1,4,10,5,7,6,19,32,51,6,73
FREE BIRDS,23,188,9.26063095239736,7271,6429,1632,231,892,879,124,0.2538497433504433,1300,81,30,1269,579.5486766666667,1644.16381,4.012260069230769,1.2647413923076922,3,3,3,3,5,8,5,8,3,4,17,28,45,7,73
ERIE LAKERS,23,168,8.066661569710764,7454,6612,1703,247,935,913,118,0.2575620084694495,1083,60,27,941,503.91484333333335,1418.2827000000002,4.187657977839335,1.3095869806094185,4,6,5,2,8,1,3,1,2,1,25,8,33,8,73
FREE AT LAST,22,151,8.145889138350151,7193,6366,1599,223,878,853,127,0.2511781338360038,1258,74,0,1164,585.3533088888889,1617.01834,4.187742273449921,1.2853881875993642,1,2,2,4,2,6,2,6,1,2,11,17,28,9,73
MELONHEADS,23,242,10.835816128810807,7640,6799,1742,262,973,954,155,0.25621414913957935,1267,80,17,1268,530.3409088888889,1522.3532100000002,3.7672203472770325,1.201541602209945,9,9,9,7,8,8,4,9,10,10,42,41,83,1,74
LOUISVILLE SLUGGERS,23,165,10.63011488844601,7382,6626,1697,260,940,910,163,0.25611228493812255,1300,81,36,1234,548.6588966666667,1636.82117,3.7984077461538464,1.2590932076923076,8,7,5,8,6,9,7,7,9,5,34,37,71,2,74
NATIONAL PASTIME,23,190,10.446855813381323,7632,6878,1772,252,932,929,154,0.25763303285838907,1139,71,79,1125,502.7516411111111,1396.6934999999999,3.9725766198419663,1.2262453906935908,5,5,7,6,10,7,10,6,4,7,33,34,67,3,74
WESTSIDE MARAUDERS,23,213,10.999294621534592,7267,6502,1665,254,919,910,145,0.2560750538295909,1346,85,32,1393,570.200818888889,1641.920822,3.8126354903417536,1.2198520222882616,6,3,5,5,5,10,6,10,8,8,24,42,66,4,74
HOOSIERS,23,190,10.27942352445828,8087,7161,1799,265,1020,972,211,0.2512218963831867,1100,69,32,1010,474.7301544444445,1389.85917,3.88415580909091,1.2635083363636364,10,10,10,10,2,5,6,1,7,3,42,22,64,5,74
BLUE SOCKS,23,194,10.195554647477685,7729,6964,1779,228,939,912,202,0.2554566341183228,1063,70,75,1092,461.5631288888889,1293.7914899999998,3.907872210724365,1.2171133490122295,2,6,6,9,4,6,9,4,5,9,27,33,60,6,74
BIG RED MACHINE,23,151,9.718253379582919,7573,6712,1703,258,948,932,127,0.2537246722288439,1110,65,73,1043,479.2087266666666,1399.2022599999998,3.885476162162162,1.2605425765765763,7,8,8,3,3,3,8,3,6,4,29,24,53,7,74
FREE BIRDS,23,188,9.2424945712348,7197,6403,1640,221,884,871,143,0.2561299390910511,1304,81,30,1261,577.9876666666667,1674.16282,3.989178680981595,1.2838671932515338,1,1,3,4,7,9,5,8,3,2,16,27,43,8,74
ERIE LAKERS,23,168,8.026091542665842,7276,6420,1652,239,921,889,121,0.2573208722741433,1165,63,16,1025,555.4519266666667,1542.8850900000002,4.291044927038627,1.3243648841201718,4,4,4,2,9,2,3,2,1,1,23,9,32,9,74
FREE AT LAST,22,151,8.229593488676507,7333,6450,1597,236,900,867,119,0.2475968992248062,1129,67,11,1119,509.4310811111111,1414.1345800000001,4.061009503985828,1.2525549867139063,3,2,2,1,1,4,2,5,2,6,9,19,28,10,74
MELONHEADS,23,242,10.860341557635946,7531,6698,1693,266,958,945,159,0.25276201851298896,1408,89,0,1338,598.9899733333333,1716.7582400000001,3.828771136363636,1.2192885227272727,10,8,8,6,4,10,2,9,9,9,36,39,75,1,75
LOUISVILLE SLUGGERS,23,165,10.789012670520576,7935,7143,1863,261,999,958,174,0.2608147837043259,1059,66,53,1090,453.86028999999996,1325.0300900000002,3.8571696033994334,1.251208772426818,7,10,9,8,10,2,7,4,8,6,44,27,71,2,75
BLUE SOCKS,23,194,10.27323237116693,7603,6855,1759,229,926,907,181,0.2566010211524435,1146,71,70,1152,481.28682111111107,1394.1781400000002,3.7797394328097726,1.2165603315881328,3,4,4,9,6,5,9,6,10,10,26,40,66,3,75
WESTSIDE MARAUDERS,23,213,11.136950503189844,7309,6554,1683,257,920,916,158,0.25678974671956056,1383,86,32,1408,595.1949144444445,1690.6963919999998,3.873285777295734,1.2224847375271148,5,3,5,5,8,9,5,10,7,8,26,39,65,4,75
HOOSIERS,23,190,10.296234605265031,7921,7055,1777,262,993,977,201,0.2518781006378455,1330,78,0,1186,600.4947222222222,1707.2798199999997,4.063498120300752,1.2836690375939848,8,9,10,10,3,8,2,7,2,2,40,21,61,5,75
NATIONAL PASTIME,23,190,10.335977589305791,7611,6831,1739,260,930,932,133,0.2545747328356024,1071,68,109,1056,464.4090655555555,1320.0171599999999,3.902597189542483,1.232509019607843,6,6,7,3,5,4,10,2,5,7,27,28,55,6,75
BIG RED MACHINE,23,151,9.744997350532573,7511,6652,1655,264,941,919,116,0.24879735417919424,1189,72,59,1120,515.2873144444444,1500.60124,3.9004086038687973,1.2620700084104288,9,7,6,1,1,6,8,5,6,4,24,29,53,7,75
FREE BIRDS,23,188,9.247717085728198,7410,6563,1685,225,904,885,135,0.2567423434404998,1261,77,27,1245,565.7247966666666,1588.29947,4.037686891356066,1.259555487708168,2,2,2,4,7,7,4,8,3,5,17,27,44,8,75
ERIE LAKERS,23,168,7.963945194849483,7368,6528,1689,242,927,901,120,0.2587316176470588,936,58,35,903,424.55351111111116,1196.26921,4.0822452991453,1.2780653952991452,4,5,3,2,9,1,6,1,1,3,23,12,35,9,75
FREE AT LAST,22,151,8.107652890822033,7109,6244,1561,218,899,833,168,0.25,1140,67,16,1072,510.5235411111112,1472.6943499999998,4.030449008771931,1.291837149122807,1,1,1,7,2,3,3,3,4,1,12,14,26,10,75
MELONHEADS,23,242,10.7775475239028,7451,6616,1676,256,958,924,177,0.25332527206771466,1268,81,22,1303,525.7025033333333,1522.6590400000002,3.731326916403785,1.2008352050473188,8,7,7,8,4,9,4,9,10,9,34,41,75,1,76
WESTSIDE MARAUDERS,23,213,10.81990633321992,7239,6456,1662,253,925,905,158,0.25743494423791824,1380,87,32,1350,594.9297977777777,1699.316532,3.879976942028985,1.231388791304348,6,3,3,6,8,10,5,10,7,8,26,40,66,2,76
LOUISVILLE SLUGGERS,23,165,10.738070380658705,7527,6764,1768,250,965,916,173,0.2613837965700769,1149,73,47,1176,482.04265999999996,1422.87094,3.775791070496083,1.23835590948651,5,8,4,7,10,5,6,6,8,6,34,31,65,3,76
BLUE SOCKS,23,194,10.40216881523039,7652,6892,1756,238,932,922,182,0.2547881601857226,1103,68,73,1151,459.85255111111115,1321.3623499999999,3.752196699909339,1.1979713055303716,2,5,6,9,6,3,9,5,9,10,28,36,64,4,76
HOOSIERS,23,190,10.323002967967541,7907,7032,1762,262,991,969,219,0.25056882821387944,1314,78,0,1177,582.9197022222222,1697.2701500000003,3.9926007001522072,1.2916820015220702,10,10,10,10,2,7,2,7,3,3,42,22,64,4,76
NATIONAL PASTIME,23,190,10.525171965379734,7664,6903,1767,254,928,935,150,0.2559756627553238,1148,74,84,1120,499.89799666666664,1414.12021,3.9190609494773523,1.2318120296167248,7,4,9,5,7,6,10,3,6,7,32,32,64,4,76
BIG RED MACHINE,23,151,9.768038201377491,7454,6615,1668,259,934,919,116,0.25215419501133784,1184,71,54,1131,518.9806144444444,1480.3533199999997,3.9449539949324324,1.2502984121621619,9,6,5,2,3,4,8,4,5,5,25,26,51,5,76
FREE AT LAST,22,151,8.199739100481835,7977,7032,1758,249,974,931,137,0.25,904,52,48,829,419.0421877777778,1196.95083,4.171880188053098,1.3240606526548673,4,9,8,4,1,1,7,1,2,1,26,12,38,6,76
FREE BIRDS,23,188,9.240869884616124,7361,6535,1663,228,898,886,121,0.2544758990053558,1318,79,19,1285,583.8496177777778,1652.52223,3.9868335053110773,1.253810493171472,1,1,1,3,5,8,3,8,4,4,11,27,38,6,76
ERIE LAKERS,23,168,7.942227769108952,7381,6539,1688,239,922,895,114,0.2581434470102462,1031,62,22,945,481.9469366666667,1336.0858699999997,4.207102259941805,1.2959125800193982,3,2,2,1,9,2,4,2,1,2,17,11,28,7,76
MELONHEADS,23,242,10.770503069317602,7430,6622,1684,259,942,936,161,0.2543038356991845,1387,87,0,1348,591.2983733333333,1665.42217,3.8368315501081467,1.200736964671954,7,7,9,7,5,10,3,9,9,10,35,41,76,1,77
LOUISVILLE SLUGGERS,23,165,10.745099382076882,7632,6852,1790,252,975,922,169,0.2612375948628138,1140,71,55,1152,483.7674544444444,1429.3065899999997,3.819216745614035,1.2537777105263155,6,9,8,8,10,6,7,6,10,5,41,34,75,2,77
WESTSIDE MARAUDERS,23,213,11.080329679818552,7505,6696,1710,263,946,936,152,0.2553763440860215,1360,86,32,1342,584.3581933333334,1671.856102,3.867076279411765,1.2293059573529412,8,8,9,5,6,9,4,8,7,9,36,37,73,3,77
HOOSIERS,23,190,10.282239916916943,8057,7158,1805,266,1020,987,214,0.2521654093322157,1162,71,0,1097,502.5501011111111,1453.0708,3.892384604130809,1.250491222030981,9,10,10,10,3,6,3,4,5,6,42,24,66,4,77
BLUE SOCKS,23,194,10.065194467126885,7592,6837,1769,229,933,916,182,0.25873921310516307,1053,67,78,1067,450.6364855555555,1302.23478,3.8515938936372267,1.2366901994301995,2,4,7,9,7,5,10,3,8,7,29,33,62,5,77
NATIONAL PASTIME,23,190,10.422428205011379,7699,6922,1791,238,936,910,158,0.25874024848309735,1281,78,52,1214,561.3076755555555,1582.7146699999998,3.9436136455893833,1.2355305776736922,5,5,6,6,8,7,5,7,4,8,30,31,61,6,77
BIG RED MACHINE,23,151,9.737870667152125,7511,6652,1655,267,939,922,106,0.24879735417919424,1169,71,59,1135,504.00294333333335,1470.0215799999999,3.8802621813515827,1.257503490162532,10,6,8,1,2,6,8,5,6,4,27,29,56,7,77
FREE BIRDS,23,188,9.342164806122279,7389,6556,1658,236,897,897,130,0.2528981086028066,1371,83,0,1355,617.2177933333334,1730.62685,4.051757943107221,1.2623098832968638,4,2,5,3,4,8,3,10,2,3,18,26,44,8,77
FREE AT LAST,22,151,8.156138981416163,7340,6444,1580,238,912,868,147,0.2451893234016139,970,59,71,892,431.1058022222222,1254.98831,3.9999507422680414,1.2938023814432988,5,3,3,4,1,4,9,1,3,2,16,19,35,9,77
ERIE LAKERS,23,168,8.157097834720634,7185,6397,1661,233,896,875,120,0.25965296232609036,1030,59,54,968,484.0801277777779,1351.5822599999997,4.229826359223302,1.3122157864077666,3,1,4,2,9,4,6,2,1,1,19,14,33,10,77
WESTSIDE MARAUDERS,23,213,11.123059204866273,7568,6768,1744,255,950,937,150,0.2576832151300236,1367,85,32,1349,590.1748088888888,1662.278402,3.885569334308705,1.2160046832479883,7,7,7,4,7,10,6,10,7,9,32,42,74,1,78
MELONHEADS,23,242,10.728698341248213,7269,6485,1637,254,922,911,174,0.25242868157286047,1204,79,38,1268,486.63064111111106,1409.6513000000002,3.63760446013289,1.170806727574751,6,5,5,8,5,8,7,8,10,10,29,43,72,2,78
HOOSIERS,23,190,10.31961963584035,8207,7263,1812,278,1037,1002,197,0.24948368442792235,1178,71,8,1087,521.1974755555556,1483.74843,3.981984108658744,1.2595487521222413,10,10,10,10,2,4,3,4,5,6,42,22,64,3,78
LOUISVILLE SLUGGERS,23,165,10.689208982482597,7851,7064,1841,265,1007,955,167,0.2606172140430351,980,61,86,1005,426.9992133333334,1248.17751,3.921421346938776,1.2736505204081632,8,9,8,7,10,1,9,2,6,4,42,22,64,3,78
NATIONAL PASTIME,23,190,10.387204044698962,7391,6634,1712,234,909,880,153,0.25806451612903225,1198,77,82,1184,501.7096933333333,1464.60376,3.7691045409015027,1.2225407011686142,4,4,3,6,8,7,8,7,9,8,25,39,64,3,78
BLUE SOCKS,23,194,10.11300026476657,7729,6988,1800,224,938,914,178,0.2575844304522038,1012,64,110,1024,436.6298133333333,1259.24271,3.8830714624505926,1.2443109782608694,1,6,6,9,6,3,10,3,8,7,28,31,59,4,78
BIG RED MACHINE,23,151,9.761845261479785,7776,6906,1739,268,961,960,124,0.25181002027222704,1255,74,27,1140,559.8750044444444,1608.1570199999996,4.015039872509959,1.2814000159362546,9,8,9,2,3,6,4,5,4,2,31,21,52,5,78
FREE BIRDS,23,188,9.33622568388217,7327,6485,1634,238,890,891,134,0.25196607555898226,1409,84,0,1344,628.66805,1785.7938000000001,4.015622746628815,1.2674193044712563,5,2,4,3,4,9,2,9,3,5,18,28,46,6,78
ERIE LAKERS,23,168,8.007842534341881,7190,6384,1662,232,901,877,112,0.26033834586466165,1069,63,30,971,487.4746955555556,1396.7700600000003,4.1040900467726855,1.3066137137511695,3,3,2,1,9,2,5,1,1,1,18,10,28,7,78
FREE AT LAST,22,151,8.174003406165783,7060,6200,1534,228,884,839,152,0.24741935483870967,1211,72,0,1162,551.1929744444445,1542.7563599999999,4.096397002477292,1.2739524029727496,2,1,1,5,1,5,2,6,2,3,10,18,28,7,78
HOOSIERS,23,190,10.397725535579468,7935,7023,1762,265,1008,971,207,0.2508899330770326,1106,68,35,1088,471.7151122222223,1372.7362699999999,3.8385497377938522,1.2411720343580468,9,10,10,10,2,5,6,6,7,8,41,32,73,1,79
LOUISVILLE SLUGGERS,23,165,10.776887361111955,7774,7021,1816,263,979,953,167,0.258652613587808,989,65,77,1083,413.2543433333334,1238.7947299999998,3.7606563094034384,1.2525730333670373,8,9,9,8,8,3,9,5,10,4,42,31,73,1,79
WESTSIDE MARAUDERS,23,213,10.816251366609714,7414,6569,1668,266,942,930,134,0.2539199269295174,1273,81,59,1283,545.4336722222222,1551.671452,3.856168931657502,1.2189092317360566,10,5,8,4,5,9,8,9,5,9,32,40,72,2,79
NATIONAL PASTIME,23,190,10.781124408070031,7720,6951,1804,246,943,930,156,0.25953100273341967,1276,80,52,1216,543.4244444444444,1584.50419,3.8329310344827583,1.2417744435736677,5,6,8,6,9,8,7,7,8,6,34,36,70,3,79
MELONHEADS,23,242,10.657386469808655,7310,6520,1659,252,929,912,164,0.25444785276073617,1375,86,0,1356,579.9915111111111,1636.8599200000003,3.796308072727273,1.1904435781818183,6,4,5,7,6,10,1,10,9,10,28,40,68,4,79
BLUE SOCKS,23,194,10.277241784671233,7718,6946,1789,228,946,921,203,0.2575583069392456,1226,75,29,1216,536.1345466666667,1522.1301299999998,3.9357348450244696,1.2415417047308317,1,7,7,9,7,7,3,7,4,7,31,28,59,5,79
BIG RED MACHINE,23,151,9.63264930107064,7374,6550,1628,260,916,907,114,0.24854961832061068,1098,66,86,1083,469.16602666666665,1367.74786,3.845623169398907,1.2456720036429871,7,3,4,1,1,4,10,5,6,5,16,30,46,6,79
FREE BIRDS,23,188,9.221237744054006,7299,6449,1630,236,903,881,129,0.2527523647077066,1271,80,30,1238,566.3834222222222,1601.85851,4.010582848151062,1.2603135405192762,3,2,3,3,4,8,4,8,3,3,15,26,41,7,79
FREE AT LAST,22,151,8.148759869728265,7865,6956,1751,239,961,920,153,0.25172512938470387,940,53,33,848,434.56956333333335,1217.73182,4.160772414893617,1.2954593829787233,4,8,6,5,3,2,5,3,2,2,26,14,40,8,79
ERIE LAKERS,23,168,8.023046143075366,7204,6399,1661,233,900,877,120,0.25957180809501484,1205,69,12,1020,569.3193455555555,1598.83183,4.252177684647303,1.3268313941908714,2,1,2,2,10,6,2,4,1,1,17,14,31,9,79
WESTSIDE MARAUDERS,23,213,11.160560446342858,7596,6762,1718,264,964,936,169,0.2540668441289559,1275,80,54,1294,549.23606,1572.044132,3.8769604235294115,1.2329757898039215,9,9,9,8,5,9,9,9,7,7,40,41,81,1,80
MELONHEADS,23,242,10.78881755820334,7398,6596,1680,261,937,933,162,0.2546998180715585,1388,87,0,1343,585.1877877777778,1669.85939,3.794445309798271,1.2030687247838616,8,5,8,6,6,10,3,10,9,10,33,42,75,2,80
HOOSIERS,23,190,10.329059514303703,7935,7023,1762,265,1008,971,207,0.2508899330770326,1134,72,19,1066,469.76827777777777,1393.6048700000001,3.728319664902998,1.2289284567901235,10,10,10,10,2,4,4,3,10,9,42,30,72,3,80
NATIONAL PASTIME,23,190,10.460067374470656,7611,6854,1783,233,930,900,164,0.26014006419608987,1254,78,52,1219,537.6458122222222,1544.32944,3.858702001594896,1.2315226794258374,3,3,3,7,10,7,8,7,8,8,26,38,64,4,80
LOUISVILLE SLUGGERS,23,165,10.630087840347453,7419,6672,1721,257,948,926,162,0.25794364508393286,1167,74,36,1217,503.1154877777778,1445.0048199999999,3.880068029134533,1.2382217823479005,6,6,7,6,7,6,6,6,5,6,32,29,61,5,80
BLUE SOCKS,23,194,10.177967544834337,7803,7052,1825,226,951,924,174,0.25879183210436757,1066,66,88,1086,474.03792,1328.11686,4.002196322701688,1.2458882363977486,1,8,6,9,9,3,10,4,4,5,33,26,59,6,80
BIG RED MACHINE,23,151,9.74873428284377,7454,6615,1668,259,934,919,116,0.25215419501133784,1208,73,54,1107,520.65435,1533.06617,3.8790473096026488,1.2690945115894041,7,4,5,2,3,5,9,5,6,3,21,28,49,7,80
FREE BIRDS,23,188,9.235491486057771,7323,6500,1648,231,892,888,126,0.25353846153846155,1291,79,30,1268,581.40988,1623.58671,4.053205979860573,1.2576194500387297,2,1,1,4,4,8,5,8,3,4,12,28,40,8,80
FREE AT LAST,22,151,8.228073645939833,7823,6873,1693,251,950,914,148,0.24632620398661428,992,59,19,948,456.3804622222223,1265.44469,4.140548548387097,1.2756498891129033,5,7,4,5,1,2,4,2,2,2,22,12,34,9,80
ERIE LAKERS,23,168,7.981086481916904,7244,6418,1660,241,919,892,124,0.2586475537550639,1046,58,49,922,488.2677655555556,1406.8292300000003,4.201156682600383,1.344961022944551,4,2,2,3,8,1,7,1,1,1,19,11,30,10,80
WESTSIDE MARAUDERS,23,213,11.073856975173348,7572,6757,1735,254,952,934,154,0.2567707562527749,1339,84,32,1317,574.9439066666666,1651.379362,3.864447468259895,1.2332930261389095,7,6,7,6,7,10,7,10,7,7,33,41,74,1,81
MELONHEADS,23,242,10.851300489118833,7468,6647,1674,254,953,923,192,0.2518429366631563,1293,83,22,1308,535.7182188888888,1560.4186300000001,3.728897115235885,1.2068202861562258,7,7,5,9,3,9,4,9,10,10,31,42,73,2,81
HOOSIERS,23,190,10.464613886121775,7872,6975,1766,257,1000,960,200,0.2531899641577061,1244,76,11,1146,522.29218,1536.9871199999998,3.778641173633441,1.2355201929260449,8,10,10,10,5,7,3,5,8,6,43,29,72,3,81
LOUISVILLE SLUGGERS,23,165,10.53105670756959,7541,6806,1789,249,963,917,149,0.2628563032618278,1027,67,69,1133,428.4025633333333,1274.7938199999999,3.7542581012658225,1.2412792794547223,6,9,4,5,10,5,9,4,9,5,34,32,66,4,81
NATIONAL PASTIME,23,190,10.424917615780418,7541,6763,1722,262,924,949,147,0.2546207304450688,1244,76,52,1198,555.3950822222223,1533.82469,4.018131623794213,1.232978046623794,9,4,9,4,6,7,8,7,3,8,32,33,65,5,81
BLUE SOCKS,23,194,10.279152193105874,7855,7095,1834,229,956,929,191,0.258491895701198,1000,62,100,1015,438.3532455555556,1230.99683,3.94517921,1.23099683,3,8,6,8,8,3,10,3,6,9,33,31,64,6,81
BIG RED MACHINE,23,151,9.681866495887556,7629,6805,1692,266,933,935,120,0.24864070536370317,1266,75,27,1180,559.1229511111111,1597.1737199999998,3.9748077093206953,1.2615906161137438,10,5,8,2,1,6,6,6,4,4,26,26,52,7,81
FREE BIRDS,23,188,9.095069497616372,7299,6424,1619,230,890,859,113,0.2520236612702366,1293,81,32,1287,568.2079744444444,1642.4295100000002,3.955043905645785,1.2702471075019337,4,1,2,1,4,8,7,8,5,3,12,31,43,8,81
ERIE LAKERS,23,168,8.033364095128645,7258,6470,1676,241,909,893,124,0.2590417310664606,1123,64,24,973,524.14957,1481.4355100000002,4.200664407836153,1.3191767675868213,5,3,3,3,9,4,5,1,1,1,23,12,35,9,81
FREE AT LAST,22,151,8.134006868528685,7207,6322,1575,225,904,846,164,0.24913002214489086,1094,64,32,1013,503.7392577777778,1402.38492,4.144107239488117,1.281887495429616,2,2,1,7,2,4,7,2,2,2,14,17,31,10,81
LOUISVILLE SLUGGERS,23,165,10.788557979486253,7781,6985,1821,257,996,935,184,0.26070150322118824,869,56,110,958,364.09178444444444,1055.35633,3.770800989643268,1.21444917146145,7,9,7,9,10,2,10,3,9,9,42,33,75,1,82
MELONHEADS,23,242,10.748500961657825,7496,6698,1685,258,940,926,175,0.25156763212899375,1345,86,0,1352,562.8504177777778,1613.1200800000001,3.7662853234200746,1.199345784386617,8,7,6,7,4,9,2,9,10,10,32,40,72,2,82
HOOSIERS,23,190,10.309177306852852,8150,7199,1801,275,1035,994,197,0.2501736352271149,1126,69,18,1061,479.5570077777778,1418.6481099999996,3.8330489076376555,1.2599006305506213,10,10,10,10,2,5,3,4,7,4,42,23,65,3,82
WESTSIDE MARAUDERS,23,213,11.022407224031518,7544,6754,1743,245,937,925,133,0.25806929227124664,1321,85,32,1336,560.5679766666667,1608.068482,3.819161082513248,1.2173114928084783,4,5,5,4,8,8,6,8,8,8,26,38,64,4,82
NATIONAL PASTIME,23,190,10.450593266370856,7723,6961,1788,252,939,937,157,0.25685964660249966,1200,76,52,1170,523.8405677777778,1477.34546,3.928804258333333,1.2311212166666667,6,6,8,5,6,6,7,6,4,6,31,29,60,5,82
BIG RED MACHINE,23,151,9.720220398602198,7489,6648,1666,266,934,938,116,0.2506016847172082,1302,78,27,1197,568.2018422222222,1668.0606199999997,3.927662503840246,1.2811525499231948,9,4,9,1,3,7,5,7,5,3,26,27,53,6,82
BLUE SOCKS,23,194,9.964666558515189,7442,6723,1734,221,908,891,177,0.25792057117358325,1087,69,88,1113,477.77353555555555,1336.25786,3.955806642134315,1.2293080588776448,2,3,3,8,7,5,9,5,3,7,23,29,52,7,82
FREE BIRDS,23,188,9.279805005976888,7145,6319,1614,217,873,849,132,0.2554201614179459,1446,87,0,1391,630.3159111111111,1797.8211900000001,3.923128077455048,1.2433064937759337,1,1,1,3,5,10,2,10,6,5,11,33,44,8,82
FREE AT LAST,22,151,8.206065321191975,7697,6749,1662,248,960,911,161,0.24625870499333236,1071,60,19,941,496.1886744444445,1414.60471,4.169652726423903,1.3208260597572363,5,8,4,6,1,4,4,1,2,1,24,12,36,9,82
ERIE LAKERS,23,168,8.056886733609593,7048,6276,1633,235,893,872,130,0.26019757807520716,1032,59,55,948,485.77685000000014,1354.2286299999998,4.236426017441861,1.3122370445736433,3,2,2,2,9,3,8,2,1,2,18,16,34,10,82
WESTSIDE MARAUDERS,23,213,11.167766031803092,7477,6679,1714,271,951,948,156,0.25662524329989517,1332,83,32,1344,575.1586599999999,1640.8158819999999,3.8862071621621617,1.2318437552552552,10,6,9,5,7,9,6,10,6,7,37,38,75,1,83
MELONHEADS,23,242,10.808515465707691,7678,6810,1719,257,971,935,162,0.25242290748898677,1287,80,27,1269,546.4624922222222,1528.42389,3.821416029526029,1.1875865501165501,8,9,8,7,3,8,4,8,9,10,35,39,74,2,83
HOOSIERS,23,190,10.276843889363002,7891,6998,1767,254,994,950,218,0.25250071448985423,1128,71,32,1073,486.78218000000004,1431.92878,3.8839003723404257,1.2694404078014183,7,10,10,10,4,4,6,3,8,4,41,25,66,3,83
LOUISVILLE SLUGGERS,23,165,10.600055634171117,7505,6737,1737,263,964,931,158,0.257829894611845,1101,69,66,1086,475.45647777777776,1374.5403000000001,3.886565213442325,1.2484471389645777,9,7,7,6,9,3,9,4,5,6,38,27,65,4,83
BLUE SOCKS,23,194,9.965332047366333,7589,6849,1763,224,925,903,178,0.2574098408526792,1119,72,56,1167,482.91742222222217,1372.9519699999998,3.8840543342269878,1.2269454602323502,3,5,3,9,8,5,7,6,7,8,28,33,61,5,83
NATIONAL PASTIME,23,190,10.344028401103062,7478,6724,1718,240,901,889,129,0.2555026769779893,1186,75,82,1198,494.5280044444444,1436.13126,3.7527420236087683,1.2109032546374368,4,2,2,3,5,7,10,7,10,9,16,43,59,6,83
BIG RED MACHINE,23,151,9.655782950256752,7350,6529,1631,263,916,916,114,0.24980854648491346,1217,73,59,1149,530.4346422222222,1523.0492299999999,3.9226883976992606,1.2514784141331141,9,4,5,1,2,6,8,5,4,5,21,28,49,7,83
FREE BIRDS,23,188,9.136261718742592,7284,6438,1649,220,891,871,134,0.2561354457906182,1395,85,0,1331,618.8915288888888,1783.3397,3.9928485734767025,1.2783797132616488,2,1,1,4,6,10,2,9,2,3,14,26,40,8,83
ERIE LAKERS,23,168,8.211845175414766,7230,6452,1698,242,912,904,118,0.26317420954742715,998,59,30,936,440.9679033333333,1291.6883500000001,3.9766644589178353,1.2942769038076154,5,3,4,2,10,2,5,2,3,2,24,14,38,9,83
FREE AT LAST,22,151,8.20596275556376,7774,6839,1694,247,966,920,172,0.24769703172978505,1036,58,17,914,497.5652566666667,1360.64211,4.322478098455599,1.31336111003861,6,8,6,8,1,1,3,1,1,1,29,7,36,10,83
WESTSIDE MARAUDERS,23,213,11.09597998833421,7566,6733,1722,252,965,924,166,0.25575523540769346,1283,81,43,1294,549.0859855555555,1559.6196320000001,3.85173333593141,1.2156037661730321,7,9,7,8,7,9,8,9,8,9,38,43,81,1,84
MELONHEADS,23,242,10.834738669106617,7465,6633,1692,259,949,932,161,0.25508819538670285,1384,89,0,1350,585.3260488888889,1687.3755900000003,3.8063110115606937,1.219202015895954,9,6,9,7,6,10,2,10,9,8,37,39,76,2,84
BLUE SOCKS,23,194,10.350001769973897,7845,7061,1810,248,962,951,174,0.25633762923098713,1192,76,29,1179,522.4850811111112,1477.39237,3.9449376929530207,1.239423129194631,6,8,10,9,8,7,6,6,4,7,41,30,71,3,84
HOOSIERS,23,190,10.255242657537126,7919,6996,1753,258,1006,951,225,0.25057175528873643,1129,69,25,1121,488.33849000000004,1421.4453499999997,3.8928666164747563,1.2590304251550042,8,10,10,10,2,5,4,5,6,5,40,25,65,4,84
LOUISVILLE SLUGGERS,23,165,10.557397679198898,7536,6816,1788,252,951,921,156,0.2623239436619718,1050,66,88,1046,450.6281533333333,1322.3922400000001,3.862527028571428,1.259421180952381,7,7,6,6,10,4,9,3,7,4,36,27,63,5,84
NATIONAL PASTIME,23,190,10.321251868103973,7394,6623,1678,248,896,901,136,0.2533595047561528,1112,71,111,1118,458.27595888888885,1341.50026,3.709068012589928,1.2063851258992806,6,2,5,4,4,6,10,4,10,10,21,40,61,6,84
BIG RED MACHINE,23,151,9.748442507550772,7461,6623,1663,260,931,926,116,0.2510946700890835,1292,76,27,1203,564.3851066666666,1636.31237,3.93147520123839,1.2664956424148608,10,5,8,1,3,7,5,7,5,3,27,27,54,7,84
FREE BIRDS,23,188,9.347806731060366,7351,6527,1658,234,893,893,131,0.25402175578366787,1287,77,27,1279,574.6383833333333,1611.6645700000001,4.018450233100233,1.2522646231546233,4,1,4,3,5,8,5,8,3,6,17,30,47,8,84
FREE AT LAST,22,151,8.223121435777449,7508,6627,1653,235,930,882,148,0.2494341330918968,1079,62,33,992,509.45755333333335,1407.7575299999999,4.249414253938832,1.304687238183503,5,4,3,5,1,2,7,2,1,1,18,13,31,9,84
ERIE LAKERS,23,168,7.997502156774738,7176,6384,1663,233,899,879,127,0.26049498746867167,1115,65,18,988,507.7041888888889,1446.3642000000004,4.0980607174887895,1.297187623318386,3,3,2,2,9,3,3,1,2,2,19,11,30,10,84
MELONHEADS,23,242,10.78570197872535,7573,6725,1689,259,960,931,165,0.25115241635687735,1295,83,27,1273,547.5070555555556,1545.9949700000002,3.80506833976834,1.1938185096525098,8,6,8,7,3,10,4,9,9,10,32,42,74,1,85
WESTSIDE MARAUDERS,23,213,11.162150259705298,7701,6871,1755,278,962,969,141,0.2554213360500655,1267,79,54,1270,549.5847633333333,1575.598522,3.903917024467245,1.243566315706393,10,7,9,4,6,8,9,8,6,7,36,38,74,1,85
LOUISVILLE SLUGGERS,23,165,10.753773939050497,7657,6879,1799,251,974,926,174,0.26152056985026895,1027,63,80,1060,436.0271088888889,1278.39418,3.8210749561830575,1.2447849853943525,6,8,7,8,10,3,10,3,8,6,39,30,69,2,85
HOOSIERS,23,190,10.316422850847937,7942,7052,1763,266,1004,979,215,0.25,1195,75,14,1084,511.3732066666667,1493.8458500000002,3.851346326359833,1.250080209205021,9,10,10,10,2,5,2,4,7,5,41,23,64,3,85
BLUE SOCKS,23,194,10.261040759565551,7603,6855,1759,229,926,907,181,0.2566010211524435,1196,78,40,1221,498.68871777777775,1463.12381,3.7526742976588627,1.2233476672240804,2,3,3,9,7,7,6,6,10,9,24,38,62,4,85
NATIONAL PASTIME,23,190,10.459406593855853,7583,6825,1756,250,930,925,151,0.2572893772893773,1209,77,52,1224,531.4683877777777,1486.2278799999997,3.9563403556658394,1.2293034574028119,5,5,6,5,8,6,8,7,4,8,29,33,62,4,85
BIG RED MACHINE,23,151,9.744113117892178,7405,6580,1664,253,927,914,126,0.252887537993921,1267,75,27,1213,550.4545122222222,1603.59551,3.9100951933701658,1.2656633859510655,7,4,5,3,4,5,4,5,5,3,23,22,45,5,85
FREE BIRDS,23,188,9.044409525818219,7194,6373,1618,224,868,860,114,0.2538835713164915,1310,80,32,1283,581.1243288888888,1638.32831,3.9924572213740457,1.2506322977099238,1,1,1,2,5,9,5,10,3,4,10,31,41,6,85
FREE AT LAST,22,151,8.092346489442916,7802,6840,1703,242,979,912,154,0.2489766081871345,903,50,51,830,424.38765222222224,1181.2960799999998,4.229777264673311,1.308190564784053,4,9,4,6,1,2,7,1,1,1,24,12,36,7,85
ERIE LAKERS,23,168,8.117377427039694,7153,6384,1662,236,897,879,126,0.26033834586466165,1130,65,24,1009,518.5488344444444,1477.1063600000002,4.13003496460177,1.3071737699115047,3,2,2,3,9,4,3,2,2,2,19,13,32,8,85
WESTSIDE MARAUDERS,23,213,11.127243084843844,7869,7032,1805,262,974,965,143,0.25668373151308305,1328,82,32,1321,573.2166577777778,1645.320342,3.8847514457831327,1.2389460406626507,10,9,9,5,7,9,4,9,7,8,40,37,77,1,86
MELONHEADS,23,242,10.811005516128864,7458,6655,1678,250,945,921,186,0.2521412471825695,1392,89,0,1368,586.9255677777778,1679.0493500000002,3.794777377873564,1.2062136135057473,8,8,6,9,4,10,2,10,9,10,35,41,76,2,86
LOUISVILLE SLUGGERS,23,165,10.723791588279864,7785,6999,1840,248,990,931,186,0.26289469924274894,1021,65,61,1058,442.0570133333333,1270.3012499999998,3.896682781586679,1.2441736043095002,7,10,8,9,10,4,8,2,6,6,44,26,70,3,86
BLUE SOCKS,23,194,10.129888746704761,7418,6683,1714,235,913,909,157,0.2564716444710459,1150,69,78,1152,483.45284111111107,1412.4494,3.7835439739130434,1.2282168695652174,5,5,5,8,6,5,10,6,10,9,29,40,69,4,86
HOOSIERS,23,190,10.336571419417517,7945,7080,1780,262,990,974,217,0.2514124293785311,1212,76,10,1099,518.8616488888889,1534.9951,3.852933036303631,1.2664976072607261,10,10,10,10,3,7,3,3,8,4,43,25,68,5,86
NATIONAL PASTIME,23,190,10.391504220446969,7583,6825,1756,250,930,925,151,0.2572893772893773,1214,77,52,1211,534.4712077777777,1505.3833599999998,3.962307141680395,1.2400192421746292,8,7,7,7,8,8,5,8,3,7,37,31,68,5,86
BIG RED MACHINE,23,151,9.681131637741698,7416,6598,1654,253,920,905,125,0.250682024856017,1210,73,59,1121,528.2051111111111,1513.50079,3.9287983471074384,1.2508270991735537,9,6,4,3,2,6,7,4,4,5,24,26,50,6,86
ERIE LAKERS,23,168,8.055065520502307,7067,6278,1633,235,897,874,130,0.26011468620579803,921,53,64,894,400.61957666666666,1178.10959,3.914849283387622,1.2791635070575462,5,2,2,4,9,3,9,1,5,2,22,20,42,7,86
FREE BIRDS,23,188,9.182683542126583,7375,6504,1658,229,904,878,110,0.254920049200492,1203,76,57,1180,531.5116744444445,1528.6860700000002,3.976396566916043,1.2707282377389861,4,3,3,2,5,7,6,7,2,3,17,25,42,7,86
FREE AT LAST,22,151,8.10227401064843,7207,6297,1541,241,907,854,150,0.24471970779736382,1210,69,0,1127,574.6918355555556,1555.00926,4.274567371900827,1.2851316198347107,6,4,1,6,1,5,2,5,1,1,18,14,32,8,86
WESTSIDE MARAUDERS,23,213,10.979478596756163,7638,6809,1744,261,958,950,143,0.2561315905419298,1330,83,32,1338,574.8315188888889,1646.3735419999998,3.8898373458646622,1.2378748436090223,9,8,9,5,6,9,5,10,7,5,37,36,73,1,87
HOOSIERS,23,190,10.315174113544153,7893,7010,1765,257,994,960,230,0.25178316690442226,1018,66,38,1021,414.3506088888889,1235.53647,3.663217563850688,1.2136900491159135,8,10,10,10,3,3,6,2,10,9,41,30,71,2,87
MELONHEADS,23,242,10.91991301419668,7566,6768,1711,252,953,929,187,0.25280732860520094,1275,81,27,1295,530.0157488888889,1507.85218,3.7412876392156864,1.1826291607843138,7,6,6,9,4,8,3,8,9,10,32,38,70,3,87
LOUISVILLE SLUGGERS,23,165,10.670860947520284,7517,6756,1765,245,957,909,166,0.26124925991711073,1077,70,77,1068,452.2218422222222,1332.3089,3.77901260909935,1.237055617455896,6,7,4,8,9,4,9,4,8,6,34,31,65,4,87
NATIONAL PASTIME,23,190,10.483904480529947,7720,6928,1768,261,943,940,135,0.25519630484988454,1204,77,52,1213,522.5007833333334,1477.17083,3.9057367524916944,1.2268860714285714,9,5,8,4,5,6,7,6,6,7,31,32,63,5,87
BLUE SOCKS,23,194,10.270785756185667,7634,6903,1772,234,921,920,156,0.25669998551354484,1297,80,29,1274,563.2763088888889,1585.1497499999998,3.908625119506554,1.2221663454124903,4,4,5,6,7,7,4,7,4,8,26,30,56,6,87
BIG RED MACHINE,23,151,9.729018038543545,7686,6799,1699,267,964,938,128,0.24988968966024416,1088,64,81,1032,472.4673655555555,1382.46896,3.9082778400735285,1.2706516176470588,10,9,7,3,2,2,10,3,5,4,31,24,55,7,87
FREE BIRDS,23,188,9.127182246540043,7347,6498,1675,219,904,871,128,0.25777162203755,1357,84,0,1312,612.0546499999999,1731.58155,4.059316028002947,1.2760365143699337,3,2,3,3,8,10,2,9,3,3,19,27,46,8,87
FREE AT LAST,22,151,8.14698953614455,7263,6379,1569,239,906,868,157,0.24596331713434708,1246,71,0,1074,577.9156577777778,1640.7924699999999,4.174350658105939,1.3168478892455857,5,3,2,7,1,5,2,5,2,2,18,16,34,9,87
ERIE LAKERS,23,168,7.989947362987054,7041,6280,1644,234,888,871,117,0.26178343949044586,1031,56,65,943,490.6904655555556,1372.5894599999997,4.283427924345297,1.3313185838991268,4,1,3,2,10,1,8,1,1,1,20,12,32,10,87
WESTSIDE MARAUDERS,23,213,11.030170463214793,7491,6666,1692,281,945,957,143,0.2538253825382538,1258,80,43,1295,530.45178,1539.436682,3.794965039745628,1.2237175532591416,10,6,9,5,6,9,6,8,9,8,36,40,76,1,88
MELONHEADS,23,242,10.95575102073616,7730,6851,1707,261,979,941,186,0.2491607064662093,1284,84,14,1305,538.2164922222222,1531.12871,3.772545506230529,1.1924678426791278,7,8,8,9,2,10,2,9,10,10,34,41,75,2,88
NATIONAL PASTIME,23,190,10.382907324138007,7428,6665,1736,225,915,878,163,0.26046511627906976,1206,76,82,1162,514.9346222222222,1468.68057,3.8427956882255385,1.2178114179104478,2,3,2,6,10,8,10,7,8,9,23,42,65,3,88
HOOSIERS,23,190,10.273670833756407,7935,7054,1771,262,994,964,209,0.2510632265381344,1211,74,16,1093,528.5392355555556,1530.21733,3.9280372584640797,1.2635981255161024,8,10,10,10,3,7,3,4,5,4,41,23,64,4,88
LOUISVILLE SLUGGERS,23,165,10.692953689707398,7595,6840,1775,259,982,940,178,0.2595029239766082,1125,69,63,1091,495.86325,1418.65104,3.9669060000000003,1.2610231466666666,6,9,7,7,8,4,9,3,4,5,37,25,62,5,88
BLUE SOCKS,23,194,10.004394028566812,7578,6831,1773,224,932,912,179,0.2595520421607378,1151,71,56,1136,501.52724333333333,1434.40416,3.9215857428323195,1.2462242919200694,1,4,4,8,9,5,7,5,6,7,26,30,56,6,88
BIG RED MACHINE,23,151,9.74594703169517,7535,6680,1659,272,939,928,106,0.24835329341317366,1193,72,59,1142,516.8413855555556,1488.84688,3.8990548784576697,1.2479856496227997,9,5,6,1,1,6,8,6,7,6,22,33,55,7,88
FREE BIRDS,23,188,9.284007939458572,7341,6515,1651,239,890,897,113,0.25341519570222565,1402,84,0,1353,629.73955,1775.3115,4.042550606276747,1.2662706847360914,5,1,3,2,5,10,1,10,3,3,16,27,43,8,88
FREE AT LAST,22,151,8.197692463554604,7858,6943,1753,238,963,919,141,0.25248451677949013,943,53,36,890,435.1362288888889,1230.7653400000002,4.152943860021209,1.305159427359491,4,7,5,4,4,2,5,1,1,2,24,11,35,9,88
ERIE LAKERS,23,168,8.17551016515535,7185,6386,1654,234,899,876,123,0.2590040714062011,1083,64,24,1033,492.5829155555556,1414.4442000000001,4.093486832871653,1.3060426592797785,3,2,1,3,7,3,4,2,2,1,16,12,28,10,88
LOUISVILLE SLUGGERS,23,165,10.736007168671076,7753,6985,1814,261,994,952,191,0.25969935576234787,1106,68,58,1070,491.4246122222222,1414.50309,3.9989344575045207,1.2789358860759492,9,9,9,9,10,6,8,3,4,3,46,24,70,1,89
BLUE SOCKS,23,194,10.173343908941433,7379,6657,1707,236,902,905,160,0.25642181162685895,1149,73,67,1179,481.32621888888883,1393.2802700000002,3.7701792602262834,1.2126024978241952,4,3,5,7,8,7,10,6,9,9,27,41,68,2,89
MELONHEADS,23,242,10.734318229290286,7338,6535,1642,251,935,911,190,0.25126243305279267,1300,83,27,1289,538.2133988888888,1541.63604,3.726092761538461,1.185873876923077,6,6,6,8,2,9,3,8,10,10,28,40,68,2,89
NATIONAL PASTIME,23,190,10.425751653465479,7671,6893,1764,255,936,935,145,0.2559117945742057,1238,78,52,1196,544.0654322222222,1529.75088,3.955241429725363,1.2356630694668822,7,7,8,5,7,8,7,7,5,7,34,34,68,2,89
WESTSIDE MARAUDERS,23,213,10.971577193431452,7449,6639,1698,248,940,911,157,0.25576140985088114,1354,85,32,1371,588.4828888888889,1664.4351219999999,3.911629246676514,1.2292726159527325,5,8,6,6,5,10,4,10,6,8,30,38,68,2,89
HOOSIERS,23,190,10.29639677575774,8059,7157,1810,257,1011,970,220,0.2528992594662568,1155,68,16,1076,493.69590555555556,1459.77171,3.846981082251082,1.2638716103896104,8,10,10,10,4,6,2,4,8,4,42,24,66,3,89
BIG RED MACHINE,23,151,9.701555413432565,7399,6564,1635,266,925,918,114,0.24908592321755027,1213,73,59,1157,524.2671933333334,1531.3947899999998,3.889863759274526,1.2624853998351193,10,5,7,2,1,7,9,5,7,5,25,33,58,4,89
FREE BIRDS,23,188,9.15911291417419,7459,6574,1682,229,917,882,112,0.2558564040158199,1321,83,0,1298,587.5713877777778,1655.92095,4.003135874337623,1.2535359197577591,2,4,4,1,6,9,1,9,3,6,17,28,45,5,89
ERIE LAKERS,23,168,8.038553263740434,7185,6386,1654,234,899,876,123,0.2590040714062011,1047,62,39,948,486.00733222222226,1367.47204,4.177713457497612,1.3060859980897803,3,2,3,3,9,5,5,1,1,1,20,13,33,6,89
FREE AT LAST,22,151,8.169841699163337,7333,6472,1629,224,899,861,138,0.25169962917181704,1040,59,51,986,475.27058000000005,1353.6592199999998,4.112918480769231,1.3015954038461537,1,2,2,4,3,4,6,2,2,2,12,16,28,7,89
LOUISVILLE SLUGGERS,23,165,10.739076079991387,7821,7029,1832,265,1001,952,173,0.26063451415564093,1100,65,55,1076,473.2600611111111,1381.15625,3.8721277727272727,1.255596590909091,10,10,9,9,10,4,8,3,7,5,48,27,75,1,90
WESTSIDE MARAUDERS,23,213,11.039041783691514,7638,6809,1744,261,958,950,143,0.2561315905419298,1338,84,32,1339,579.6018522222222,1644.4464619999999,3.8986671674140507,1.2290332301943199,8,7,8,5,6,10,5,10,6,9,34,40,74,2,90
MELONHEADS,23,242,10.777098677703293,7496,6654,1678,260,949,931,154,0.2521791403666967,1287,82,27,1262,538.7117955555556,1524.3826400000003,3.767215353535354,1.184446495726496,7,6,6,6,3,9,4,8,10,10,28,41,69,3,90
BLUE SOCKS,23,194,10.324186873764459,7701,6977,1791,236,929,933,159,0.25670058764511966,1222,76,56,1182,519.0731388888889,1523.4587900000001,3.8229609247135845,1.2466929541734861,2,5,7,8,7,6,9,5,9,7,29,36,65,4,90
NATIONAL PASTIME,23,190,10.370743856285518,7454,6721,1730,244,909,908,143,0.2574021722957893,1214,77,52,1240,517.4913655555556,1505.54713,3.836426927512356,1.2401541433278418,4,3,3,5,8,7,7,7,8,8,23,37,60,5,90
HOOSIERS,23,190,10.320981866546905,7886,7006,1767,255,991,955,226,0.252212389380531,1192,71,33,1095,535.1246822222222,1512.19082,4.040370922818791,1.2686164597315437,6,9,10,10,4,5,6,4,2,2,39,19,58,6,90
BIG RED MACHINE,23,151,9.695367261361193,7384,6539,1642,264,925,922,121,0.2511087322220523,1289,76,27,1204,571.6240555555556,1617.4845099999998,3.991168735453841,1.2548367028704421,9,4,5,3,2,6,4,6,4,6,23,26,49,7,90
FREE BIRDS,23,188,9.107700786853087,7145,6317,1607,217,871,846,143,0.2543929080259617,1267,81,32,1287,558.1444255555556,1593.45837,3.964719676400947,1.2576624861878454,1,1,1,5,5,8,5,9,5,4,13,31,44,8,90
FREE AT LAST,22,151,8.182788076053157,7816,6846,1699,247,980,916,157,0.24817411627227579,875,49,63,794,403.58203000000003,1159.12199,4.151129451428572,1.3247108457142858,5,8,4,7,1,2,10,1,1,1,25,15,40,9,90
ERIE LAKERS,23,168,8.133231991363342,7237,6437,1660,240,907,887,124,0.25788410750349544,1015,64,24,988,452.5511611111111,1282.2645099999997,4.0127689162561575,1.2633147881773397,3,2,2,4,9,3,3,2,3,3,20,14,34,10,90
WESTSIDE MARAUDERS,23,213,11.188014930396628,7414,6605,1682,258,939,918,179,0.2546555639666919,1271,81,59,1299,535.1170166666666,1552.999082,3.7891842250196692,1.2218718190401259,7,6,6,8,5,9,9,8,9,8,32,43,75,1,91
MELONHEADS,23,242,10.822289748147352,7566,6726,1706,265,965,944,163,0.2536425810288433,1352,86,0,1317,572.377741111111,1624.4198500000002,3.8102068565088754,1.2014939718934914,8,8,7,7,4,10,3,9,8,10,34,40,74,2,91
LOUISVILLE SLUGGERS,23,165,10.803306594997458,7884,7089,1860,257,1007,955,191,0.26237833262801524,1062,66,52,1032,456.53941000000003,1312.36423,3.8689780508474576,1.2357478625235403,6,9,9,9,10,4,7,3,6,6,43,26,69,3,91
NATIONAL PASTIME,23,190,10.42893609199099,7391,6634,1712,234,909,880,153,0.25806451612903225,1251,80,52,1287,519.1392266666667,1517.5745200000001,3.734814580335731,1.2130891446842527,3,3,2,6,9,8,7,7,10,9,23,41,64,4,91
HOOSIERS,23,190,10.332606428677487,8089,7166,1796,272,1025,990,211,0.2506279653921295,1196,70,24,1108,553.9934333333333,1540.38328,4.168846906354514,1.2879458862876254,10,10,10,10,3,6,4,5,1,2,43,18,61,5,91
BIG RED MACHINE,23,151,9.74640672980784,7629,6784,1698,271,941,953,112,0.2502948113207547,1193,71,46,1124,512.2961944444444,1507.5117599999999,3.864765926236378,1.2636309807208717,9,7,8,3,2,7,6,6,7,5,29,31,60,6,91
BLUE SOCKS,23,194,10.103944300563493,7606,6890,1765,226,917,906,179,0.25616835994194487,1107,69,88,1099,476.33092999999997,1360.65407,3.8726091869918697,1.2291364679313461,1,4,5,8,7,5,10,4,5,7,25,31,56,7,91
FREE BIRDS,23,188,9.280932934699042,7320,6518,1665,235,879,895,99,0.25544645596808835,1390,86,0,1358,618.1023411111111,1768.50059,4.002101489208632,1.272302582733813,4,1,4,2,6,10,3,10,4,4,17,31,48,8,91
ERIE LAKERS,23,168,8.032445823971424,7276,6420,1652,239,921,889,121,0.2573208722741433,1007,58,37,944,456.054448888889,1316.79977,4.075958331678253,1.3076462462760676,5,5,3,4,8,2,5,1,3,1,25,12,37,9,91
FREE AT LAST,22,151,8.137473248618287,7228,6347,1576,227,908,852,142,0.248306286434536,1032,62,55,963,474.06239222222223,1321.5973600000002,4.134265048449612,1.280617596899225,2,2,1,5,1,3,8,2,2,3,11,18,29,10,91
WESTSIDE MARAUDERS,23,213,11.058832584837695,7351,6541,1683,268,946,937,153,0.2573001070172756,1283,80,54,1271,554.0334266666666,1572.057052,3.886438690568979,1.2252977802026501,10,7,8,7,8,9,7,8,5,8,40,37,77,1,92
MELONHEADS,23,242,10.838006104969901,7475,6659,1676,253,951,922,191,0.2516894428592882,1337,88,0,1360,556.9293933333333,1601.9345200000002,3.7489637546746453,1.198155961106956,7,8,7,8,4,10,3,10,9,10,34,42,76,2,92
LOUISVILLE SLUGGERS,23,165,10.5180031200858,7597,6849,1808,248,973,918,152,0.26398014308658196,956,61,83,1069,392.5750433333333,1169.52249,3.6957901569037657,1.2233498849372386,5,9,6,6,10,3,9,4,10,9,36,35,71,3,92
HOOSIERS,23,190,10.22852832207105,7882,6997,1757,251,987,939,222,0.25110761755037875,1191,73,16,1090,506.95311666666674,1504.9221499999999,3.8308799748110838,1.2635786314021829,6,10,9,10,3,6,4,5,8,3,38,26,64,4,92
NATIONAL PASTIME,23,190,10.342555719211061,7541,6763,1722,265,922,952,137,0.2546207304450688,1219,76,52,1193,542.1669044444444,1512.35459,4.002872961443806,1.24065183757178,9,2,10,4,5,7,6,6,4,6,30,29,59,5,92
BLUE SOCKS,23,194,10.388743339936141,7544,6790,1732,225,923,895,203,0.25508100147275403,1243,77,56,1217,529.8650822222222,1535.4811799999998,3.8365130651649237,1.235302638777152,1,3,2,9,6,8,8,7,6,7,21,36,57,6,92
FREE BIRDS,23,188,9.231617696395622,7495,6635,1703,229,926,895,118,0.25666917859834215,1336,80,0,1297,602.7081133333332,1682.89377,4.060159446107784,1.2596510254491018,2,4,2,3,7,9,3,9,3,4,18,28,46,7,92
BIG RED MACHINE,23,151,9.655946833499806,7374,6550,1628,260,916,907,114,0.24854961832061068,1119,68,86,1067,476.7197011111111,1396.40034,3.8342067113494185,1.2479002144772118,8,1,3,2,1,5,10,3,7,5,15,30,45,8,92
ERIE LAKERS,23,168,8.207366372674057,7454,6612,1703,247,935,913,118,0.2575620084694495,1086,63,38,942,515.0863722222222,1442.3831699999998,4.268671593001841,1.3281612983425413,4,5,5,3,9,4,5,1,1,1,26,12,38,9,92
FREE AT LAST,22,151,8.139149991113076,7795,6880,1722,238,942,910,139,0.2502906976744186,1029,59,16,961,472.1274144444445,1325.56221,4.129394295432459,1.2882042857142857,3,6,4,5,2,2,4,2,2,2,20,12,32,10,92
MELONHEADS,23,242,10.784647612753634,7489,6686,1683,259,942,927,176,0.25172001196530064,1342,86,0,1361,565.338161111111,1612.35348,3.7913885618479877,1.20145564828614,7,6,7,7,4,10,1,10,10,10,31,41,72,1,93
LOUISVILLE SLUGGERS,23,165,10.687468129524369,7913,7147,1851,265,995,963,181,0.258989785924164,1043,64,60,1058,457.75809666666663,1308.20098,3.949973988494727,1.2542674784276127,9,9,9,9,9,3,9,3,5,6,45,26,71,2,93
WESTSIDE MARAUDERS,23,213,11.16885275477949,7575,6730,1724,255,959,931,170,0.25616641901931647,1363,86,32,1338,586.16466,1675.997002,3.870492986060162,1.229638299339692,6,8,8,6,5,10,4,9,7,8,33,38,71,2,93
HOOSIERS,23,190,10.277557908717291,7928,7017,1748,274,1007,982,196,0.24910930597121278,1127,69,35,1060,479.11896111111116,1426.14158,3.826149645075422,1.2654317480035493,10,10,10,10,2,5,5,4,9,3,42,26,68,3,93
BLUE SOCKS,23,194,10.3509457772388,7673,6946,1795,222,924,906,177,0.25842211344658794,1209,74,56,1210,519.2837811111111,1461.9216000000001,3.865636087675765,1.2091990074441687,1,3,5,8,8,7,7,7,8,9,25,38,63,4,93
NATIONAL PASTIME,23,190,10.389976166271632,7610,6833,1763,246,934,923,154,0.25801258597980387,1262,78,52,1195,559.9888711111112,1567.63936,3.9935814896988906,1.2421864976228207,5,5,6,4,7,8,6,6,3,7,27,30,57,5,93
BIG RED MACHINE,23,151,9.701125522720748,7427,6601,1651,263,929,923,122,0.25011361914861385,1194,72,59,1115,515.1159044444444,1498.2119599999999,3.882783199329983,1.2547838860971523,8,4,6,2,3,6,8,5,6,5,23,30,53,6,93
FREE BIRDS,23,188,9.089513233504764,7347,6503,1670,227,898,882,103,0.2568045517453483,1269,79,27,1260,558.4849422222222,1605.1460900000002,3.960886115051222,1.264890535855004,2,2,3,1,6,9,3,8,4,4,14,28,42,7,93
FREE AT LAST,22,151,8.124320007136932,7606,6669,1652,241,955,895,159,0.2477133003448793,883,51,66,809,396.46066222222225,1151.9120400000002,4.040935402038506,1.304543646659117,4,7,4,5,1,2,10,1,2,1,21,16,37,8,93
ERIE LAKERS,23,168,8.086856618498812,7080,6289,1632,232,892,868,124,0.2595007155350612,1099,67,14,1056,511.17767,1425.59842,4.186168362147407,1.2971778161965424,3,1,2,3,10,4,2,2,1,2,19,11,30,9,93
MELONHEADS,23,242,10.8139210591851,7521,6702,1705,263,953,949,159,0.25440167114294243,1367,85,0,1335,579.8112166666666,1648.5911500000002,3.8173379297732257,1.205992062911485,10,6,9,7,3,10,2,9,8,9,35,38,73,1,94
LOUISVILLE SLUGGERS,23,165,10.754680586726154,7496,6748,1737,258,954,932,173,0.25740960284528747,903,59,123,965,376.09163888888895,1111.26131,3.7484216500553718,1.2306326799557032,8,7,7,8,9,4,10,2,10,7,39,33,72,2,94
HOOSIERS,23,190,10.275057588231027,7711,6813,1695,260,987,945,230,0.24878907970057243,1120,71,47,1083,483.55194000000006,1415.0527599999998,3.885685232142858,1.2634399642857141,9,10,8,10,2,6,7,4,7,5,39,29,68,3,94
WESTSIDE MARAUDERS,23,213,10.821228560001488,7393,6583,1683,256,933,923,144,0.25565851435515724,1354,85,32,1371,588.4828888888889,1664.4351219999999,3.911629246676514,1.2292726159527325,7,4,5,6,6,10,6,10,6,8,28,40,68,3,94
BLUE SOCKS,23,194,10.255200362353882,7799,7033,1802,245,962,950,181,0.2562206739655908,1151,71,56,1097,515.7706388888889,1443.92031,4.032958948740227,1.254492015638575,3,8,10,9,7,6,8,5,2,6,37,27,64,4,94
NATIONAL PASTIME,23,190,10.465873748634367,7548,6770,1723,248,911,904,130,0.25450516986706057,1201,76,84,1207,504.35684555555554,1448.28596,3.779526736053289,1.2059000499583679,5,3,3,3,4,8,9,7,9,10,18,43,61,5,94
BIG RED MACHINE,23,151,9.763280224811764,7587,6753,1723,251,951,928,135,0.2551458610987709,1244,75,27,1129,541.7294855555556,1600.56115,3.919264766881029,1.2866247186495177,6,5,6,5,5,7,4,6,5,2,27,24,51,6,94
FREE BIRDS,23,188,9.319999021750224,7554,6721,1729,225,907,884,134,0.2572533849129594,1349,81,0,1313,603.5554833333333,1708.5669200000002,4.02668595255745,1.2665433061527058,1,2,2,4,8,9,2,8,3,4,17,26,43,7,94
FREE AT LAST,22,151,8.161310580654447,7851,6877,1709,246,972,908,135,0.24850952450196306,983,56,30,896,439.7228288888889,1267.81557,4.025946551373347,1.2897411698880976,4,9,4,5,1,3,5,1,4,1,23,14,37,8,94
ERIE LAKERS,23,168,8.10175825143088,7153,6384,1662,236,897,879,126,0.26033834586466165,1087,64,14,1035,496.3190211111111,1384.37646,4.109357120515179,1.2735754001839925,2,1,1,2,10,5,3,3,1,3,16,15,31,9,94
LOUISVILLE SLUGGERS,23,165,10.699217842162264,7718,6937,1814,255,1006,940,187,0.26149632405939166,903,58,96,958,376.0016688888889,1121.3101100000001,3.747524939091916,1.2417609191583612,7,10,8,8,10,3,10,2,10,7,43,32,75,1,95
WESTSIDE MARAUDERS,23,213,11.028425389279137,7638,6809,1744,261,958,950,143,0.2561315905419298,1330,84,32,1348,577.9667955555556,1642.6948419999999,3.911053503759399,1.2351089037593983,9,8,9,5,6,9,5,9,7,8,37,38,75,1,95
MELONHEADS,23,242,10.698293958109751,7387,6578,1657,254,934,915,174,0.2519002736394041,1386,88,0,1375,592.6305744444444,1683.6464600000004,3.848250483405483,1.214752135642136,6,5,5,7,4,10,2,10,8,10,27,40,67,2,95
NATIONAL PASTIME,23,190,10.540241066766521,7573,6797,1755,236,921,899,147,0.25820214800647345,1203,77,84,1178,501.14287888888884,1476.17735,3.7491985951787195,1.2270800914380715,4,4,4,6,8,7,9,6,9,9,26,40,66,3,95
BLUE SOCKS,23,194,10.403524883496301,7869,7101,1830,234,957,933,194,0.2577101816645543,1194,72,46,1177,525.2770322222223,1489.7806,3.959374614740369,1.247722445561139,3,7,7,9,7,6,6,5,5,6,33,28,61,4,95
HOOSIERS,23,190,10.425633289166145,7809,6920,1720,279,992,977,209,0.24855491329479767,1318,79,0,1190,590.5725111111111,1670.0898,4.032740971168438,1.267139453717754,10,9,10,10,1,8,2,7,1,3,40,21,61,4,95
BIG RED MACHINE,23,151,9.79891556709294,7538,6685,1692,259,947,923,118,0.2531039640987285,1196,70,54,1111,525.3781866666666,1508.79156,3.9535147826086954,1.261531404682274,8,6,6,1,5,5,7,4,6,4,26,26,52,5,95
FREE BIRDS,23,188,9.102617311601508,7313,6475,1626,236,881,886,120,0.2511196911196911,1271,79,27,1280,567.03256,1589.2091699999999,4.015179417781274,1.2503612667191186,4,1,2,2,3,8,4,8,3,5,12,28,40,6,95
ERIE LAKERS,23,168,8.034077715906596,7277,6472,1676,241,913,895,124,0.2589616810877627,952,54,58,872,425.90373888888894,1235.87663,4.0264008928571435,1.298189737394958,5,3,3,3,9,2,8,1,2,1,23,14,37,7,95
FREE AT LAST,22,151,8.199831130349661,7340,6481,1615,231,908,868,136,0.24918993982410123,1108,68,16,1042,492.1071877777779,1405.22799,3.997260550541517,1.26825630866426,2,2,1,4,2,4,3,3,4,2,11,16,27,8,95
MELONHEADS,23,242,10.799079747204448,7468,6636,1673,267,952,936,161,0.2521097046413502,1383,87,0,1356,585.1309244444444,1673.76773,3.8077934345625453,1.2102442010122922,10,8,9,7,4,10,2,10,8,10,38,40,78,1,96
WESTSIDE MARAUDERS,23,213,10.995648398164356,7551,6763,1749,250,943,926,142,0.2586130415496082,1194,77,65,1248,497.1511422222222,1454.9199219999998,3.747370418760469,1.2185258978224454,6,7,7,4,8,7,10,8,10,9,32,44,76,2,96
LOUISVILLE SLUGGERS,23,165,10.757880368984274,7627,6890,1801,255,965,933,176,0.2613933236574746,1131,70,53,1144,492.0607855555556,1404.74237,3.9156030680813445,1.2420356940760389,7,9,8,9,10,4,7,4,6,6,43,27,70,3,96
NATIONAL PASTIME,23,190,10.427806350326932,7612,6849,1777,243,940,920,165,0.25945393488100454,1200,76,52,1170,523.8405677777778,1477.34546,3.928804258333333,1.2311212166666667,4,6,6,8,9,6,6,6,5,8,33,31,64,4,96
HOOSIERS,23,190,10.278628572972634,8120,7229,1813,263,1012,983,222,0.2507954073869138,1253,72,16,1082,557.6572744444444,1623.2116699999997,4.005519130087789,1.295460231444533,9,10,10,10,3,5,3,3,4,2,42,17,59,5,96
BLUE SOCKS,23,194,10.232168605455445,7417,6686,1707,238,906,909,159,0.2553096021537541,1227,78,56,1212,516.0184855555556,1517.0842900000002,3.7849766666666667,1.236417514262429,3,2,3,6,5,8,8,7,9,7,19,39,58,6,96
BIG RED MACHINE,23,151,9.701919565712847,7378,6547,1627,261,919,913,114,0.24851076829082022,1199,72,59,1150,515.4325477777778,1500.81467,3.86896824854045,1.2517219933277732,8,4,4,1,2,5,9,5,7,5,19,31,50,7,96
FREE BIRDS,23,188,9.225336259033957,7333,6473,1653,226,898,876,124,0.25536845357639426,1269,80,30,1271,567.02692,1599.4791599999999,4.021467517730497,1.2604248699763592,1,1,2,3,6,9,4,9,3,4,13,29,42,8,96
ERIE LAKERS,23,168,8.123983744617334,7473,6614,1703,247,939,915,118,0.2574841245842153,1017,60,30,944,469.42748888888894,1327.9793300000001,4.154225565388398,1.3057810521140611,5,5,5,2,7,3,4,1,2,1,24,11,35,9,96
FREE AT LAST,22,151,8.181664156368207,7291,6396,1583,233,910,859,153,0.24749843652282677,1050,60,40,993,486.5788133333333,1332.47951,4.1706755428571425,1.2690281047619048,2,3,1,5,1,3,5,2,1,3,12,14,26,10,96
WESTSIDE MARAUDERS,23,213,11.052784580866513,7351,6541,1683,268,946,937,153,0.2573001070172756,1275,79,54,1270,548.0558,1554.9712020000002,3.8686291764705882,1.2195852564705885,10,7,7,6,6,8,9,7,8,8,36,40,76,1,97
MELONHEADS,23,242,10.742158265847493,7461,6659,1681,244,935,912,179,0.25244030635230513,1321,86,11,1327,546.4557711111111,1575.2549900000004,3.7230143376230127,1.1924716048448147,5,5,4,9,4,10,2,10,10,10,27,42,69,2,97
LOUISVILLE SLUGGERS,23,165,10.702669153873446,7639,6890,1786,261,984,949,178,0.2592162554426705,1148,71,50,1142,518.2018577777777,1465.47332,4.062558118466899,1.2765447038327526,8,9,10,8,9,6,7,5,3,3,44,24,68,3,97
NATIONAL PASTIME,23,190,10.412323636282265,7461,6688,1721,237,913,885,146,0.25732655502392343,1276,81,52,1277,533.0698211111111,1550.2913800000001,3.7598968573667713,1.2149618965517242,3,3,2,5,7,9,8,8,9,9,20,43,63,4,97
BIG RED MACHINE,23,151,9.778896326893955,7601,6759,1695,265,938,941,112,0.2507767421216156,1231,75,27,1164,530.4765500000001,1539.1697,3.8783825751421617,1.2503409423233143,9,6,9,2,3,7,4,6,7,7,29,31,60,5,97
HOOSIERS,23,190,10.213425387473976,7809,6918,1758,245,995,925,220,0.2541196877710321,1120,70,40,1065,488.45036333333337,1401.3100299999999,3.9250475625,1.251169669642857,6,10,5,10,5,5,5,3,5,6,36,24,60,5,97
BLUE SOCKS,23,194,10.096995608589983,7813,7098,1831,231,934,939,172,0.2579599887292195,1103,68,75,1079,480.96947777777774,1387.58043,3.924501631912965,1.258005829555757,1,4,8,7,8,4,10,4,6,5,28,29,57,6,97
FREE BIRDS,23,188,9.23250761496288,7264,6431,1609,243,885,889,123,0.25019437101539416,1297,79,27,1280,577.0961088888889,1638.18031,4.0045219583654585,1.2630534387047032,4,1,3,3,2,8,4,9,4,4,13,29,42,7,97
ERIE LAKERS,23,168,8.347002542971094,7573,6692,1742,253,958,934,112,0.26031081888822477,1089,61,16,957,502.55471,1441.7678099999998,4.153344710743802,1.32393738292011,7,8,6,2,10,2,3,1,1,1,33,8,41,8,97
FREE AT LAST,22,151,8.012295766626973,7207,6309,1562,232,894,846,142,0.2475828181962276,1063,62,49,1009,484.99449000000004,1357.82494,4.106256265286924,1.2773517779868298,2,2,1,4,1,3,6,2,2,2,10,15,25,9,97
MELONHEADS,23,242,10.810642136772284,7461,6624,1671,268,954,937,162,0.25226449275362317,1297,82,19,1284,540.3693555555556,1536.5878200000002,3.749671703932151,1.1847246106399385,9,7,7,8,4,8,4,8,9,10,35,39,74,1,98
WESTSIDE MARAUDERS,23,213,11.125467013182167,7558,6757,1749,246,943,928,144,0.25884268166346014,1355,86,32,1355,581.3553733333333,1652.7006219999998,3.861401003690037,1.2197052560885608,7,6,6,5,8,10,5,10,7,9,32,41,73,2,98
LOUISVILLE SLUGGERS,23,165,10.560402692317313,7473,6744,1783,245,957,905,155,0.26438315539739027,1119,71,53,1182,477.51763111111114,1393.73839,3.8406243789097414,1.2455213494191242,6,8,5,6,10,6,7,7,8,6,35,34,69,3,98
NATIONAL PASTIME,23,190,10.397516058929977,7608,6824,1711,269,921,952,136,0.2507327080890973,1123,71,84,1146,486.6818177777778,1372.4702,3.9003885663401605,1.222146215494212,10,5,9,4,2,6,10,6,6,8,30,36,66,4,98
BLUE SOCKS,23,194,10.288525497596304,7453,6712,1713,230,915,901,180,0.2552145411203814,1137,72,83,1142,473.3116988888888,1395.20749,3.746530598065083,1.227095417766051,3,4,4,9,6,7,9,5,10,7,26,38,64,5,98
HOOSIERS,23,190,10.308230233262583,8103,7180,1812,261,1029,973,231,0.2523676880222841,1169,69,19,1055,520.0543444444445,1490.6125199999997,4.00384011976048,1.2751176390076986,8,10,10,10,5,4,4,3,4,4,43,19,62,6,98
BIG RED MACHINE,23,151,9.767521385943162,7734,6864,1723,268,960,947,114,0.2510198135198135,1199,70,49,1093,524.6149366666666,1547.04343,3.937893603002502,1.2902780900750626,9,9,8,2,3,5,6,4,5,2,31,22,53,7,98
FREE BIRDS,23,188,9.27832440713509,7375,6554,1674,225,893,880,136,0.2554165395178517,1363,83,0,1333,607.4855477777777,1702.47061,4.01127654438738,1.249061342626559,2,1,2,4,7,9,3,9,3,5,16,29,45,8,98
ERIE LAKERS,23,168,8.019838277222854,7172,6386,1662,236,901,881,126,0.2602568117757595,1215,71,0,1055,571.8746266666666,1609.0987599999999,4.236108345679011,1.3243611193415636,5,2,3,3,9,6,3,3,1,1,22,14,36,9,98
FREE AT LAST,22,151,8.175017761056315,7284,6378,1582,231,909,856,156,0.24804013797428662,946,57,62,925,427.0596177777778,1211.89427,4.062935052854123,1.2810721670190275,4,3,1,7,1,3,8,2,2,3,16,18,34,10,98
WESTSIDE MARAUDERS,23,213,11.059566979467125,7533,6708,1729,257,959,937,158,0.25775193798449614,1205,77,65,1223,506.2220777777777,1467.0326420000001,3.7809117842323645,1.2174544746887968,8,8,8,6,6,7,8,8,9,9,36,41,77,1,99
HOOSIERS,23,190,10.53987047441785,7779,6868,1733,253,993,941,224,0.2523296447291788,1199,73,35,1119,498.5988755555556,1487.65674,3.7426104086738956,1.2407479065888238,7,9,9,10,4,6,5,5,10,7,39,33,72,2,99
LOUISVILLE SLUGGERS,23,165,10.718432308460393,7833,7074,1837,264,994,969,178,0.25968334746960703,1099,67,50,1054,473.8840111111111,1379.05441,3.880760782529572,1.2548265787079163,9,10,10,9,10,3,6,2,7,4,48,22,70,3,99
MELONHEADS,23,242,10.702042152832352,7387,6601,1656,257,927,918,173,0.2508710801393728,1373,88,0,1376,581.5177955555555,1651.34131,3.811842796795338,1.2027249162418063,8,4,4,7,3,10,2,10,8,10,26,40,66,4,99
NATIONAL PASTIME,23,190,10.381599222872904,7717,6945,1792,252,946,936,158,0.2580273578113751,1172,73,52,1153,514.3828211111111,1436.78713,3.950038728668942,1.225927585324232,6,6,7,6,7,6,7,6,5,8,32,32,64,5,99
BLUE SOCKS,23,194,10.157242139583252,7803,7052,1825,226,951,924,174,0.25879183210436757,1069,68,80,1087,463.7732533333333,1335.77276,3.9045456314312434,1.2495535640785782,3,7,6,8,8,4,9,3,6,6,32,28,60,6,99
BIG RED MACHINE,23,151,9.637317867304633,7521,6676,1657,266,931,922,105,0.24820251647693228,1271,78,27,1209,559.0610866666666,1594.5416099999998,3.958733107789142,1.254556734854445,10,5,5,2,2,8,4,7,4,5,24,28,52,7,99
FREE BIRDS,23,188,9.13582759461096,7340,6477,1645,230,897,877,116,0.2539756059904277,1353,82,0,1356,602.2156988888889,1708.3922900000002,4.005869393939395,1.2626698373983742,4,3,3,3,5,9,2,9,3,3,18,26,44,8,99
ERIE LAKERS,23,168,8.092293134382544,7080,6289,1632,232,892,868,124,0.2595007155350612,907,52,88,859,422.2035344444445,1174.31082,4.189450727673649,1.2947197574421168,5,1,2,4,9,2,10,1,1,2,21,16,37,9,99
FREE AT LAST,22,151,8.144548959170217,7249,6374,1576,230,894,853,144,0.24725447128961406,1213,71,16,1095,552.1539799999999,1587.9148,4.096773140972794,1.3090806265457544,4,2,1,5,1,5,3,4,2,1,13,15,28,10,99
WESTSIDE MARAUDERS,23,213,10.943229225519294,7414,6569,1668,266,942,930,134,0.2539199269295174,1271,82,64,1282,536.0132244444444,1548.067082,3.795530306845004,1.217991409913454,10,5,6,4,6,10,8,9,9,9,31,45,76,1,100
MELONHEADS,23,242,10.720622836444742,7416,6609,1668,253,935,913,173,0.25238311393554247,1257,81,22,1318,518.1447888888889,1487.8951000000002,3.7098672235481307,1.1836874303898173,8,4,5,7,4,9,4,10,10,10,28,43,71,2,100
HOOSIERS,23,190,10.36505999337175,7931,7040,1775,262,1001,974,219,0.2521306818181818,1086,69,36,1052,463.0704566666667,1356.7989499999999,3.8376004696132595,1.2493544659300182,9,10,10,10,2,5,6,2,7,7,41,27,68,3,100
LOUISVILLE SLUGGERS,23,165,10.666246725939695,7307,6560,1707,248,944,904,174,0.2602134146341463,1262,77,36,1196,544.7141911111112,1590.1353199999999,3.884649540412045,1.2600121394611727,6,6,4,8,9,8,6,7,6,4,33,31,64,4,100
NATIONAL PASTIME,23,190,10.426657317170191,7520,6764,1740,235,913,894,158,0.257244234180958,1271,81,52,1251,539.5458444444444,1550.12383,3.820544925255704,1.2196096223446105,3,3,3,6,8,9,7,8,8,8,23,40,63,5,100
BLUE SOCKS,23,194,10.356987840268664,8016,7227,1859,237,974,945,195,0.2572298325722983,1075,68,70,1064,470.31252777777775,1354.4540299999999,3.9375002325581394,1.2599572372093022,4,8,9,9,7,4,9,3,3,5,37,24,61,6,100
BIG RED MACHINE,23,151,9.804172790376063,7707,6859,1730,262,958,943,115,0.2522233561743694,1233,74,27,1165,539.3984533333334,1567.7756399999998,3.9372149878345497,1.2715130900243308,9,7,8,2,3,7,5,6,4,3,29,25,54,7,100
FREE BIRDS,23,188,9.341916836204115,7319,6466,1640,241,896,893,110,0.25363439529848436,1122,70,76,1142,490.3023144444444,1406.21416,3.9329062655971474,1.253310303030303,5,2,2,1,5,6,10,5,5,6,15,32,47,8,100
FREE AT LAST,22,151,8.20906810440235,7970,7033,1750,249,977,938,147,0.24882695862363144,978,56,18,901,460.3226144444445,1266.78983,4.236097678936606,1.2952861247443763,7,9,7,5,1,2,3,1,2,2,29,10,39,9,100
ERIE LAKERS,23,168,8.00384770817852,7041,6280,1644,234,888,871,117,0.26178343949044586,1244,67,0,1096,587.3401522222222,1615.25753,4.249245474276527,1.2984385289389069,2,1,1,3,10,3,2,4,1,1,17,11,28,10,100
