team,n,total_salary,sgpar,PA,AB,H,HR,R,RBI,SB,AVG,IP,W,SV,SO,ER,WH,ERA,WHIP,hr_pts,r_pts,rbi_pts,sb_pts,avg_pts,w_pts,sv_pts,so_pts,era_pts,whip_pts,hit_pts,pit_pts,total_pts,rank,sim_num
WESTSIDE MARAUDERS,23,267,11.0670124030881,7568,6768,1744,255,953,935,150,0.2576832151300236,1265,78,59,1292,541.9138188888888,1528.508426,3.8555133359683795,1.2083070561264824,8,9,9,4,7,9,8,10,7,9,37,43,80,1,1
LOUISVILLE SLUGGERS,23,214,10.62726128767614,7293,6554,1708,250,936,905,158,0.26060421116875193,1074,68,77,1089,454.34198000000004,1328.6854999999998,3.8073350279329614,1.2371373370577279,7,6,6,6,9,4,10,3,9,8,34,34,68,2,1
HOOSIERS,23,224,10.267780206544797,7938,7074,1778,261,989,975,217,0.2513429459994346,1303,79,2,1155,582.0336811111112,1695.21572,4.020186592478895,1.3010097620874903,9,10,10,10,3,10,3,7,4,1,42,25,67,3,1
NATIONAL PASTIME,23,268,10.485394041522627,7598,6834,1779,235,939,905,160,0.2603160667251975,1179,73,74,1152,503.06753444444445,1462.18729,3.8402101865988127,1.24019278201866,3,7,6,7,8,6,9,6,8,7,31,36,67,3,1
BIG RED MACHINE,23,203,9.756789859505167,7573,6701,1659,270,944,931,117,0.24757498880764064,1203,74,59,1136,520.6399922222222,1520.5505600000001,3.8950622859517874,1.263965552784705,10,8,8,3,2,7,8,5,6,4,31,30,61,4,1
BLUE SOCKS,23,203,9.872958436271587,7698,6936,1780,231,939,910,186,0.2566320645905421,1273,78,29,1197,573.2626488888889,1588.21691,4.052917391987431,1.2476173684210528,2,7,7,9,6,9,5,8,2,5,31,29,60,5,1
MELONHEADS,19,270,10.389949977576626,6964,6220,1581,236,887,862,176,0.2541800643086817,1092,70,0,1104,448.6338766666667,1279.09573,3.697531950549451,1.1713330860805862,4,3,3,8,4,5,2,4,10,10,22,31,53,6,1
FREE BIRDS,23,255,9.12717649295352,7375,6504,1659,229,900,880,110,0.2550738007380074,1233,77,27,1270,540.9056377777779,1532.61032,3.948216334144364,1.2429929602595295,1,4,5,2,5,8,4,9,5,6,17,32,49,7,1
ERIE LAKERS,23,211,8.083638671991302,7349,6533,1706,246,924,910,107,0.2611357722332772,973,57,41,902,440.3762811111111,1259.20259,4.073367451181912,1.2941444912641316,6,5,7,1,10,2,7,1,1,2,29,13,42,8,1
FREE AT LAST,22,222,8.22208499295703,7277,6390,1564,239,900,869,152,0.24475743348982787,1071,63,33,1043,479.760758888889,1383.6053,4.031603015873016,1.291881699346405,5,4,4,5,1,3,6,2,3,3,19,17,36,9,1
WESTSIDE MARAUDERS,23,266,11.076077767865442,7708,6869,1746,268,969,957,145,0.2541854709564711,1334,82,32,1337,575.2071288888887,1629.908486,3.880707766116941,1.2218204542728637,9,8,9,5,5,10,5,10,5,9,36,39,75,1,2
LOUISVILLE SLUGGERS,23,215,10.740441767920917,7744,6929,1792,261,994,936,165,0.2586231779477558,1064,70,67,1107,448.30771555555555,1339.4447300000002,3.7920765413533837,1.2588766259398498,7,9,8,9,8,5,9,5,9,5,41,33,74,2,2
MELONHEADS,21,270,10.67880583928937,7422,6610,1693,256,940,931,152,0.2561270801815431,1206,77,0,1197,506.0756311111112,1436.5192699999998,3.7766838142620234,1.1911436733001657,6,6,7,6,6,8,3,7,10,10,31,38,69,3,2
NATIONAL PASTIME,23,270,10.50877005519855,7507,6754,1758,231,928,892,162,0.2602901984009476,1252,79,52,1236,532.5136055555556,1540.05618,3.8279732028754,1.230076821086262,3,5,4,8,9,9,7,8,8,8,29,40,69,3,2
HOOSIERS,23,229,10.226621153601435,7949,7065,1769,269,1001,983,194,0.25038924274593066,1161,72,27,1071,494.75914888888894,1471.82362,3.8353422394487517,1.2677206029285097,10,10,10,10,2,6,4,3,7,3,42,23,65,4,2
BLUE SOCKS,23,216,9.787691142290946,7680,6955,1782,220,920,892,194,0.25621854780733283,1063,69,83,1088,455.5387433333333,1317.31933,3.856866124176858,1.2392467826904987,1,4,4,10,7,4,10,4,6,7,26,31,57,5,2
BIG RED MACHINE,23,213,9.814483085205577,7615,6737,1699,264,960,936,130,0.25218940181089505,1241,74,27,1190,545.1757944444445,1564.4125900000001,3.9537325946817083,1.2606064383561646,8,7,8,3,4,7,4,6,4,4,30,25,55,6,2
FREE BIRDS,23,248,9.29368978379949,7285,6462,1625,240,885,896,135,0.25147013308573196,1301,79,27,1272,583.2585733333334,1629.82384,4.034840245964643,1.2527469946195235,4,1,5,4,3,9,4,9,3,6,17,31,48,7,2
ERIE LAKERS,23,209,8.030092256740955,7286,6489,1691,241,907,903,113,0.26059485282786254,1009,56,39,926,470.1060366666666,1315.23556,4.193215391476709,1.3035040237859268,5,3,6,2,10,2,6,1,1,1,26,11,37,8,2
FREE AT LAST,22,222,8.150226674729225,7102,6221,1535,230,891,842,153,0.2467448963189198,1097,63,59,980,498.84219222222225,1412.62716,4.0925977484047404,1.2877184685505925,2,2,3,7,1,3,8,2,2,2,15,17,32,9,2
WESTSIDE MARAUDERS,23,262,10.813559046443942,7505,6689,1716,253,955,928,155,0.25654058902676036,1331,83,32,1339,575.3132066666666,1647.6592460000002,3.890171945905334,1.237910778362134,8,8,8,7,7,10,6,10,6,8,38,40,78,1,3
MELONHEADS,23,269,10.571621171088992,7244,6476,1636,253,913,905,173,0.2526250772081532,1277,81,27,1307,538.4274677777778,1515.61448,3.794711989036805,1.1868555050900549,8,4,5,9,5,9,5,9,10,10,31,43,74,2,3
LOUISVILLE SLUGGERS,23,197,10.736096277827915,7646,6880,1790,263,982,956,167,0.2601744186046512,1127,70,53,1131,496.54176666666666,1428.7741899999999,3.9652847382431236,1.2677676929902395,9,9,9,8,8,6,9,5,4,4,43,28,71,3,3
NATIONAL PASTIME,23,270,10.516571178660913,7492,6733,1760,228,918,893,147,0.2613990791623348,1298,81,52,1228,557.0965033333333,1588.40673,3.862764661016949,1.223733998459168,4,5,4,6,10,9,8,7,8,9,29,41,70,4,3
BLUE SOCKS,23,213,10.04047822775809,7796,7021,1800,227,948,906,209,0.25637373593505197,1163,73,48,1165,494.62242000000003,1474.2558800000002,3.8276885468615647,1.2676318830610491,3,7,6,10,6,7,7,6,9,5,32,34,66,5,3
HOOSIERS,23,234,10.23995812317109,8092,7176,1794,269,1028,988,209,0.25,1061,65,52,948,464.3007588888889,1348.72055,3.938460725730443,1.2711786522148916,10,10,10,10,2,4,8,1,5,3,42,21,63,6,3
BIG RED MACHINE,23,212,9.81528064818947,7566,6693,1664,269,947,924,117,0.24861795906170625,1102,68,89,1072,475.91920000000005,1379.62307,3.886817422867514,1.2519265607985481,10,6,7,3,1,5,10,4,7,7,27,33,60,7,3
FREE BIRDS,23,249,9.314014387309276,7327,6485,1635,239,890,891,134,0.25212027756360833,1301,79,27,1272,583.2585733333335,1629.82384,4.034840245964644,1.2527469946195235,7,1,3,5,4,8,5,8,3,6,20,30,50,8,3
ERIE LAKERS,23,208,7.987391145451748,7066,6274,1633,231,893,868,116,0.2602805227924769,1073,65,20,1015,481.1717622222222,1387.97857,4.035923448275861,1.2935494594594594,5,2,1,2,9,4,4,2,2,1,19,13,32,9,3
FREE AT LAST,22,230,8.096412506311776,7529,6653,1666,233,910,890,123,0.2504133473620923,1119,63,13,1030,504.2935688888889,1424.6268499999999,4.055980446827525,1.2731249776586238,6,3,2,4,3,3,3,3,1,2,18,12,30,10,3
WESTSIDE MARAUDERS,23,269,11.166394433451131,7568,6739,1733,251,961,929,168,0.25715981599643867,1375,85,32,1355,588.0429555555555,1683.0904560000001,3.8490084363636363,1.2240657861818183,8,8,7,8,7,10,5,10,6,9,38,40,78,1,4
HOOSIERS,23,241,10.447092360744946,7825,6930,1732,270,990,976,208,0.24992784992784992,1028,65,63,997,434.5114422222222,1297.02329,3.804088501945525,1.2616958073929962,10,10,10,10,3,4,8,2,9,3,43,26,69,2,4
MELONHEADS,19,270,10.480995037798145,7500,6641,1687,265,965,939,153,0.25402800783014606,934,61,0,959,380.33907888888893,1087.17471,3.664937591006425,1.163998618843683,9,9,9,6,6,3,2,1,10,10,39,26,65,3,4
LOUISVILLE SLUGGERS,23,208,10.55416155201823,7396,6700,1771,240,945,900,152,0.2643283582089552,1044,65,93,1063,444.40428000000003,1293.51621,3.831071379310345,1.2390002011494252,6,7,3,5,10,4,10,4,7,7,31,32,63,4,4
BLUE SOCKS,23,212,9.801416091816117,7778,7066,1819,224,924,917,185,0.25742994622134163,1052,68,73,1087,452.5591977777778,1309.8014699999999,3.871704163498099,1.2450584315589353,3,5,6,9,8,6,9,6,4,6,31,31,62,5,4
NATIONAL PASTIME,23,256,10.361505255035231,7401,6594,1670,251,915,902,139,0.25326053988474373,1298,81,52,1246,550.23121,1593.60319,3.815162473035439,1.227737434514638,8,3,4,4,4,8,6,8,8,8,23,38,61,6,4
BIG RED MACHINE,23,210,9.798822487414958,7601,6761,1684,265,938,935,129,0.24907558053542375,1185,72,59,1122,509.55279333333334,1493.2718100000002,3.870021215189874,1.2601449873417723,9,6,8,3,2,7,7,7,5,4,28,30,58,7,4
FREE BIRDS,23,245,9.202818305973153,7533,6665,1691,237,913,890,124,0.25371342835708927,1354,83,0,1311,612.06095,1696.47965,4.068351957163959,1.2529391802067946,5,2,2,2,5,9,2,9,3,5,16,28,44,8,4
ERIE LAKERS,23,199,8.120128523262638,7321,6525,1695,248,918,915,116,0.2597701149425287,1178,65,8,1021,561.7239266666667,1552.5729499999998,4.291608947368421,1.3179736417657044,7,4,5,1,9,4,3,3,1,1,26,12,38,9,4
FREE AT LAST,22,233,8.172178431596059,7207,6322,1574,225,904,846,164,0.24897184435305283,1116,66,21,1079,506.8891155555556,1441.40681,4.087815448028674,1.2915831630824373,4,1,1,7,1,5,4,5,2,2,14,18,32,10,4
WESTSIDE MARAUDERS,23,261,10.908291756088923,7561,6762,1733,257,955,930,145,0.25628512274475007,1267,81,49,1312,537.2218822222221,1559.704146,3.8160986108918697,1.2310214254143648,8,8,6,5,7,10,6,10,8,8,34,42,76,1,5
LOUISVILLE SLUGGERS,23,213,10.713569646343387,7534,6761,1747,261,965,932,166,0.2583937287383523,1082,68,63,1161,465.8502011111111,1344.6952399999998,3.8749092513863217,1.242786728280961,9,9,7,8,8,6,10,5,5,6,41,32,73,2,5
HOOSIERS,23,238,10.211283899765094,8004,7126,1782,261,998,976,220,0.25007016559079426,1115,70,21,1045,460.3713022222222,1378.0433099999998,3.7160015426008965,1.2359132825112107,9,10,10,10,2,7,1,3,10,7,41,28,69,3,5
NATIONAL PASTIME,23,258,10.510016981956493,7653,6867,1779,255,946,937,146,0.25906509392747923,1241,77,52,1188,552.0241944444444,1543.67085,4.0033986704270745,1.2438927074939565,7,7,9,6,9,9,7,6,3,5,38,30,68,4,5
MELONHEADS,21,270,10.719462560239837,7155,6326,1599,245,920,879,158,0.2527663610496364,1284,81,27,1259,541.341948888889,1533.6839699999998,3.7944529127725857,1.1944579205607475,6,5,2,7,4,10,3,8,9,10,24,40,64,5,5
BLUE SOCKS,23,228,9.976940670663122,7463,6727,1714,227,904,886,194,0.2547941132748625,1279,81,29,1270,548.1670533333333,1571.21211,3.857313119624707,1.2284692025019546,3,2,4,9,5,10,4,9,7,9,23,39,62,6,5
BIG RED MACHINE,23,213,9.787902240690965,7560,6700,1673,264,943,933,127,0.24970149253731344,1169,71,59,1125,501.1645244444444,1465.44404,3.8584095124037634,1.2535877159965783,10,6,8,3,1,8,8,4,6,4,28,30,58,7,5
FREE BIRDS,23,240,9.228842903237927,7582,6733,1718,232,917,907,128,0.2551611465914154,1273,77,22,1254,578.793228888889,1617.6667200000002,4.09201811468971,1.2707515475255304,4,4,5,4,6,9,2,7,2,3,23,23,46,8,5
ERIE LAKERS,23,196,8.002161438965246,7169,6363,1651,238,912,883,126,0.25946880402325945,918,54,61,860,407.0927144444445,1210.19387,3.991105043572985,1.3182939760348584,5,3,3,2,10,5,9,1,4,1,23,20,43,9,5
FREE AT LAST,22,225,8.083583296256846,7256,6416,1621,218,894,851,146,0.2526496259351621,1224,68,30,1033,578.9181777777777,1601.16915,4.256751307189542,1.3081447303921567,2,1,1,6,3,6,5,2,1,2,13,16,29,10,5
LOUISVILLE SLUGGERS,23,218,10.81071590435676,7648,6904,1807,256,987,940,187,0.26173232908458866,949,61,83,1028,400.8864311111111,1183.7609899999998,3.801873424657534,1.247377228661749,8,9,9,8,10,3,10,3,8,6,44,30,74,1,6
WESTSIDE MARAUDERS,23,259,11.015002364686941,7474,6675,1708,252,935,921,135,0.2558801498127341,1368,85,32,1350,590.6532055555555,1663.558146,3.8858763523391806,1.2160512763157896,7,6,7,4,5,10,5,10,5,9,29,39,68,2,6
HOOSIERS,23,230,10.28117494269569,7962,7063,1773,263,1004,978,218,0.251026476001699,1160,71,24,1079,496.41362777777783,1461.91349,3.8514850431034486,1.2602702499999998,9,10,10,10,3,6,3,4,7,4,42,24,66,3,6
NATIONAL PASTIME,23,270,10.410220832918016,7451,6664,1719,238,921,885,147,0.257953181272509,1285,81,52,1270,540.70262,1570.1588800000002,3.787022241245136,1.221913525291829,3,5,3,5,8,8,7,7,9,8,24,39,63,4,6
MELONHEADS,20,270,10.633265554990802,6630,5880,1494,242,864,842,149,0.2540816326530612,1278,83,27,1271,529.8153755555556,1545.8577,3.7310941940532087,1.2095913145539907,5,2,2,6,4,9,4,8,10,10,19,41,60,5,6
BIG RED MACHINE,23,206,9.793357272036866,7496,6623,1647,274,939,937,112,0.24867884644420957,1183,73,57,1127,515.2329766666667,1494.59178,3.9197775063398135,1.263391191885038,10,7,8,1,2,7,8,6,4,3,28,28,56,6,6
BLUE SOCKS,23,223,9.726722330732047,7568,6823,1747,222,916,885,194,0.2560457276857687,1069,68,80,1092,458.14604,1310.4753800000003,3.857169653882133,1.2258890364826944,1,4,3,9,6,5,9,5,6,7,23,32,55,7,6
FREE BIRDS,23,250,9.262202370375103,7330,6530,1673,231,878,893,117,0.2562021439509954,1359,83,0,1341,601.3117677777778,1710.8057800000001,3.982197137601178,1.2588710669610008,2,3,4,3,7,9,2,9,3,5,19,28,47,8,6
ERIE LAKERS,23,191,8.15297344759484,7359,6550,1706,247,921,916,115,0.26045801526717555,981,54,46,918,450.4539044444444,1268.77065,4.132604627930682,1.2933441896024465,6,5,6,2,9,2,6,1,2,2,28,13,41,9,6
FREE AT LAST,22,218,8.07739638433775,7816,6867,1703,241,964,912,163,0.24799767001601863,1158,65,0,967,562.4809188888889,1536.29819,4.371613359240069,1.3266823747841106,4,8,5,7,1,4,2,2,1,1,25,10,35,10,6
WESTSIDE MARAUDERS,22,270,11.010478270505436,7246,6456,1669,247,924,902,144,0.25851920693928127,1261,80,59,1296,539.8804155555555,1539.777656,3.8532305630452015,1.2210766502775574,6,7,5,5,8,9,9,10,9,8,31,45,76,1,7
MELONHEADS,21,270,10.762027007754757,7475,6638,1676,265,954,936,158,0.2524856884603796,1206,78,0,1203,497.4574811111112,1454.09744,3.712369262023218,1.2057192703150912,9,9,9,6,4,8,2,7,10,10,37,37,74,2,7
LOUISVILLE SLUGGERS,23,217,10.750475875513304,7830,7016,1843,250,999,932,178,0.26268529076396807,1054,67,58,1085,453.52225555555555,1332.09935,3.872580929791271,1.263851375711575,7,10,7,9,10,4,8,3,7,4,43,26,69,3,7
NATIONAL PASTIME,23,254,10.40653147246581,7633,6856,1750,261,943,935,142,0.25525087514585765,1156,73,71,1121,502.60345111111116,1428.2688999999998,3.9130026470588244,1.235526730103806,8,8,8,4,6,5,10,5,5,7,34,32,66,4,7
BLUE SOCKS,23,220,9.96185933245959,7487,6779,1729,228,899,892,172,0.25505236760584155,1333,82,29,1282,574.3913266666667,1626.40727,3.878110982745687,1.22011048012003,3,4,3,8,5,10,5,9,6,9,23,39,62,5,7
HOOSIERS,23,227,10.287008822289627,7926,7036,1764,266,999,983,208,0.25071063104036384,1262,75,16,1115,551.64138,1614.0168,3.9340510459587956,1.2789356576862125,10,10,10,10,3,6,3,4,4,2,43,19,62,5,7
BIG RED MACHINE,23,202,9.699959017639141,7385,6553,1629,261,920,914,115,0.2485884327788799,1220,73,59,1148,523.17917,1541.8354800000002,3.859518467213115,1.263799573770492,8,6,6,1,2,5,9,6,8,5,23,33,56,6,7
FREE BIRDS,23,245,9.140126247051644,7417,6577,1685,219,886,876,138,0.2561958339668542,1275,77,27,1253,575.3821344444445,1598.56105,4.0615209490196085,1.2537733725490197,2,3,2,3,7,7,4,8,3,6,17,28,45,7,7
ERIE LAKERS,23,208,8.047174264086419,7202,6426,1677,243,905,900,118,0.26097105508870216,997,58,42,940,463.89345777777777,1305.60842,4.187603931795386,1.30953703109328,5,5,4,2,9,2,7,1,1,1,25,12,37,8,7
FREE AT LAST,22,232,8.180161338667316,7200,6306,1563,229,905,847,163,0.24785918173168411,1026,61,40,1000,464.14579555555554,1305.5186199999998,4.071454346978557,1.2724353021442494,4,5,1,7,1,3,6,2,2,3,18,16,34,9,7
MELONHEADS,23,269,10.895159215696218,7744,6881,1724,262,980,947,165,0.25054497892748145,1379,87,0,1342,571.9459755555556,1675.9975800000002,3.732787367657723,1.2153717041334302,8,8,7,7,2,10,2,10,10,9,32,41,73,1,8
NATIONAL PASTIME,23,268,10.349060228218857,7461,6688,1721,237,913,885,146,0.25732655502392343,1263,82,52,1272,526.3037733333333,1546.00638,3.750383182897862,1.2240747268408552,4,5,4,6,7,9,7,9,9,8,26,42,68,2,8
WESTSIDE MARAUDERS,21,270,10.894795559108799,6721,5972,1531,256,868,869,128,0.2563630274614869,1215,77,70,1250,516.2715822222222,1459.4993160000001,3.8242339423868303,1.2012340049382717,7,2,3,4,6,8,10,8,8,10,22,44,66,3,8
HOOSIERS,23,240,10.432853465259404,7876,7007,1767,263,991,976,206,0.2521763950335379,1239,77,14,1115,549.6872599999999,1576.85232,3.9928856658595633,1.2726814527845036,9,9,10,10,4,8,3,4,5,3,42,23,65,4,8
LOUISVILLE SLUGGERS,23,214,10.74705818683036,7846,7051,1856,254,1017,949,189,0.26322507445752374,1093,65,58,1055,488.5020733333333,1425.4266099999998,4.022432442817932,1.3041414547118022,6,10,8,9,10,5,8,3,2,1,43,19,62,5,8
BLUE SOCKS,23,205,9.832396828373213,7778,7066,1819,224,924,917,185,0.25742994622134163,1249,75,29,1213,557.1251188888889,1544.0665000000001,4.0145124659727784,1.236242193755004,1,6,6,8,8,7,5,6,3,7,29,28,57,6,8
BIG RED MACHINE,23,206,9.847789344472663,7783,6912,1741,268,962,961,125,0.25188078703703703,1258,74,27,1165,559.7274333333334,1599.67046,4.004409300476948,1.2715981399046106,10,7,9,2,3,6,4,5,4,4,31,23,54,7,8
FREE BIRDS,23,254,9.171932812167007,7257,6393,1615,227,884,857,127,0.2526200531831691,1185,75,62,1230,518.6483388888889,1476.5571400000001,3.939101308016878,1.2460397805907173,2,3,2,3,5,7,9,7,7,6,15,36,51,8,8
ERIE LAKERS,23,195,8.050599058793976,7240,6440,1681,243,911,902,120,0.2610248447204969,879,52,58,876,388.84551555555555,1134.47601,3.981353401592719,1.290643924914676,5,4,5,1,9,3,8,1,6,2,24,20,44,9,8
FREE AT LAST,22,227,8.079985535257354,7095,6233,1530,235,884,854,145,0.24546767206802503,1092,64,43,989,493.8881566666667,1386.93109,4.070506785714286,1.2700834157509158,3,3,1,5,1,4,6,2,1,5,13,18,31,10,8
WESTSIDE MARAUDERS,23,264,11.079945255375755,7701,6838,1742,269,982,951,141,0.25475285171102663,1266,79,54,1289,548.65158,1562.5531560000002,3.9003666824644547,1.234244199052133,10,9,9,4,6,9,7,9,5,7,38,37,75,1,9
LOUISVILLE SLUGGERS,23,237,10.634172113423862,7331,6565,1730,239,955,893,172,0.26351865955826353,1199,74,36,1248,498.4451900000001,1472.3970599999998,3.7414568056713935,1.2280209007506253,4,7,3,7,10,7,5,8,9,9,31,38,69,2,9
HOOSIERS,23,233,10.194657598441722,7907,7034,1764,266,995,981,208,0.25078191640602787,1072,69,39,1010,441.83640888888885,1337.3315000000002,3.7094474626865668,1.2475107276119406,8,10,10,10,2,5,6,1,10,5,40,27,67,3,9
NATIONAL PASTIME,23,257,10.50707105423717,7780,7002,1806,257,958,950,151,0.2579263067694944,1124,68,79,1085,498.4775855555556,1401.8574600000002,3.9913685676156585,1.2472041459074734,7,8,8,6,8,4,9,5,4,6,37,28,65,4,9
MELONHEADS,21,270,10.701505586928851,7356,6559,1670,250,931,912,176,0.2546119835340753,1224,78,0,1191,516.7803833333334,1455.37369,3.799855759803922,1.18903079248366,6,5,6,8,5,8,2,7,7,10,30,34,64,5,9
BLUE SOCKS,23,220,9.802984130477597,7533,6829,1753,217,903,880,193,0.2566993703324059,1052,70,88,1098,443.0296411111111,1293.79115,3.7901775380228138,1.2298394961977186,2,3,2,9,7,6,10,6,8,8,23,38,61,6,9
BIG RED MACHINE,23,214,9.834445152829005,7531,6667,1675,267,945,935,118,0.25123743812809357,1119,69,76,1074,476.7704433333334,1414.3545,3.834614825737266,1.2639450402144772,9,6,7,3,3,5,8,3,6,3,28,25,53,7,9
FREE BIRDS,23,237,9.23811041399436,7396,6570,1657,235,894,894,116,0.25220700152207004,1398,85,0,1348,629.5305266666667,1757.64202,4.052771630901288,1.2572546638054363,3,2,4,2,4,10,2,10,3,4,15,29,44,8,9
ERIE LAKERS,23,200,8.049911450598449,7248,6441,1673,241,908,898,115,0.25974227604409256,1135,64,13,1021,543.7936711111112,1492.46587,4.312020299559472,1.3149479030837004,5,4,5,1,9,3,3,2,1,1,24,10,34,9,9
FREE AT LAST,22,224,8.179074600609646,7319,6399,1576,235,903,854,149,0.2462884825754024,1201,68,16,1079,548.7814377777778,1558.42458,4.1124337552039965,1.2976058118234806,3,3,1,5,1,4,4,4,2,2,13,16,29,10,9
WESTSIDE MARAUDERS,23,263,11.120195654268919,7743,6912,1796,252,975,947,143,0.25983796296296297,1284,80,54,1272,554.507391111111,1573.328576,3.8867340498442364,1.2253337819314642,6,9,8,5,9,8,9,9,6,8,37,40,77,1,10
LOUISVILLE SLUGGERS,23,218,10.746764424177497,7543,6808,1758,267,950,949,156,0.2582256169212691,1159,73,36,1203,499.38227,1443.1718999999998,3.877860595340811,1.2451871440897324,9,7,9,7,7,7,4,6,7,6,39,30,69,2,10
HOOSIERS,23,234,10.30435726481609,7877,6987,1752,256,999,958,229,0.2507513954486904,1154,71,17,1097,492.4049233333333,1436.1109800000002,3.8402463691507798,1.2444635875216639,8,10,10,10,3,6,2,4,8,7,41,27,68,3,10
MELONHEADS,21,270,10.762980835096048,7050,6237,1583,253,912,884,154,0.25380792047458717,1361,85,0,1356,579.0629688888889,1634.97237,3.829218750918443,1.2013022556943425,7,4,2,6,5,10,1,10,9,10,24,40,64,4,10
NATIONAL PASTIME,23,269,10.35793119706772,7387,6632,1721,233,905,889,136,0.25949939686369117,1248,80,52,1243,522.8805166666667,1518.62556,3.7707729567307697,1.2168474038461539,2,2,4,4,8,8,7,7,10,9,20,41,61,5,10
BLUE SOCKS,23,216,10.042645066698118,7897,7116,1823,239,956,931,188,0.2561832490163013,1170,71,48,1140,512.0522011111111,1468.9131500000003,3.938863085470086,1.255481324786325,4,8,7,9,6,6,6,5,4,4,34,25,59,6,10
BIG RED MACHINE,23,206,9.67661364507551,7357,6504,1612,268,923,912,120,0.24784747847478475,1116,67,86,1082,484.1515422222222,1389.94091,3.904447921146953,1.245466765232975,10,6,6,2,1,5,10,3,5,5,25,28,53,7,10
FREE BIRDS,23,238,9.021914210604018,7382,6542,1648,234,886,886,121,0.2519107306634057,1295,81,27,1246,573.6701666666668,1648.3985400000001,3.986896911196912,1.2728946254826257,3,1,3,3,4,9,3,8,3,3,14,26,40,8,10
ERIE LAKERS,23,192,8.076783519238235,7221,6438,1681,243,907,900,120,0.2611059335197266,1003,57,53,908,463.43943444444443,1335.6848499999999,4.158479471585244,1.331689780658026,5,3,5,2,10,3,8,1,1,1,25,14,39,9,10
FREE AT LAST,22,232,8.108674173427467,7277,6403,1603,221,916,853,170,0.25035139778228954,1062,63,40,960,489.3938133333333,1376.33657,4.147405197740113,1.2959854708097929,1,5,1,8,2,4,5,2,2,2,17,15,32,10,10
WESTSIDE MARAUDERS,23,270,11.082388102885975,7393,6600,1693,270,940,938,148,0.25651515151515153,1261,79,59,1286,535.5375588888888,1524.443426,3.8222347581284692,1.208916277557494,9,5,8,5,7,9,8,9,8,9,34,43,77,1,11
MELONHEADS,21,270,10.68249265217024,7542,6702,1712,250,956,930,157,0.25544613548194567,1198,76,0,1197,503.3367555555556,1441.99887,3.7813278797996666,1.2036718447412353,6,8,7,7,6,7,2,8,10,10,34,37,71,2,11
HOOSIERS,23,234,10.178930877734976,7837,6925,1730,259,999,948,206,0.24981949458483754,1038,64,65,1035,437.85731666666663,1295.0770899999998,3.7964507225433524,1.247665789980732,7,10,9,9,3,2,9,2,9,7,38,29,67,3,11
NATIONAL PASTIME,23,252,10.414402038007772,7730,6911,1749,276,948,970,129,0.2530748082766604,1222,77,52,1142,540.43763,1510.93182,3.9803098772504097,1.2364417512274959,10,7,10,3,5,8,6,6,3,8,35,31,66,4,11
LOUISVILLE SLUGGERS,23,213,10.615457148075569,7597,6851,1829,240,986,916,181,0.2669683257918552,1188,74,36,1121,519.3772111111111,1535.4515999999999,3.934675841750842,1.2924676767676766,5,9,5,8,10,6,4,5,5,2,37,22,59,5,11
BLUE SOCKS,23,211,10.035017278689738,7834,7069,1818,227,947,911,207,0.2571792332720328,1173,73,46,1159,518.0999255555555,1467.77557,3.975191244671781,1.2513005711849958,3,6,4,10,8,5,5,7,4,6,31,27,58,6,11
BIG RED MACHINE,23,208,9.78669963391131,7524,6686,1669,260,932,919,115,0.24962608435536943,1124,68,86,1069,484.3426088888889,1410.97277,3.8781881494661925,1.2553138523131673,8,4,6,2,2,3,10,3,7,4,22,27,49,7,11
FREE BIRDS,23,252,9.3176419922384,7316,6495,1635,226,871,872,133,0.2517321016166282,1435,87,0,1408,625.2119222222223,1795.6709,3.9211897560975615,1.251338606271777,2,1,2,4,4,10,2,10,6,5,13,33,46,8,11
ERIE LAKERS,23,208,8.026052168798142,7248,6452,1680,240,905,897,112,0.26038437693738375,939,54,55,882,427.4064833333333,1214.0031700000002,4.0965477635782745,1.2928681256656018,5,3,3,1,9,1,7,1,2,1,21,12,33,9,11
FREE AT LAST,22,229,8.078548224901558,7109,6252,1541,228,889,848,150,0.24648112603966732,1172,70,14,1108,534.7165555555556,1499.22039,4.106185153583618,1.279198284982935,4,2,1,6,1,4,3,4,1,3,14,15,29,10,11
WESTSIDE MARAUDERS,23,266,11.114074415539104,7757,6916,1771,265,979,953,142,0.2560728744939271,1347,83,32,1325,581.2390688888888,1643.081406,3.883557253155159,1.219808022271715,8,9,9,4,7,10,4,10,7,9,37,40,77,1,12
MELONHEADS,21,270,10.662191803572275,7335,6535,1650,248,936,910,187,0.252486610558531,1208,79,0,1221,501.91252222222226,1449.5131199999998,3.739414486754967,1.1999280794701985,5,5,6,9,4,9,1,8,10,10,29,38,67,2,12
NATIONAL PASTIME,23,263,10.47175932404346,7660,6875,1774,256,943,944,146,0.2580363636363636,1180,75,52,1187,518.3727933333333,1448.56854,3.9536907966101693,1.2276004576271187,7,7,8,6,8,6,7,5,5,8,36,31,67,2,12
LOUISVILLE SLUGGERS,23,207,10.71126282349368,7652,6877,1788,252,967,926,172,0.2599970917551258,1168,74,38,1174,500.8416111111111,1457.57033,3.8592247431506848,1.2479198030821919,6,8,7,8,9,5,5,4,8,6,38,28,66,3,12
BLUE SOCKS,23,225,10.012907418121472,7515,6786,1731,230,908,896,172,0.2550839964633068,1257,78,48,1234,529.5975511111111,1549.89839,3.791867907716786,1.2330138345266508,3,3,4,8,6,8,6,9,9,7,24,39,63,4,12
HOOSIERS,23,235,10.21121125817755,7968,7051,1763,267,1011,981,199,0.2500354559636931,1288,75,11,1127,571.5294944444445,1653.37845,3.99360671583851,1.2836789208074533,10,10,10,10,2,6,2,3,4,3,42,18,60,5,12
BIG RED MACHINE,23,199,9.727363618568011,7493,6661,1665,266,937,926,122,0.2499624680978832,1278,76,27,1207,568.0476022222223,1606.25019,4.000335226917058,1.2568467840375586,9,6,7,3,1,7,3,7,3,4,26,24,50,6,12
FREE BIRDS,23,251,9.093726780745095,7222,6392,1629,213,867,843,144,0.25484981226533165,1206,76,59,1206,529.7370166666667,1511.73449,3.953261318407961,1.2535111857379768,1,1,2,5,5,7,8,6,6,5,14,32,46,7,12
ERIE LAKERS,23,199,8.018134659749787,7202,6426,1677,243,905,900,118,0.26097105508870216,916,52,68,860,416.4570255555555,1205.4247300000002,4.091826670305676,1.3159658624454151,4,2,5,2,10,3,10,1,2,1,23,17,40,8,12
FREE AT LAST,22,235,8.081742388073655,7263,6374,1594,224,915,855,157,0.2500784436774396,942,56,66,902,428.3621822222222,1220.7713399999998,4.092632314225053,1.295935605095541,2,4,3,7,3,4,9,2,1,2,19,18,37,9,12
LOUISVILLE SLUGGERS,23,217,10.776731605931722,7935,7162,1858,269,1007,987,178,0.2594247416922647,976,63,61,1014,414.0431111111111,1211.8389599999996,3.8180204918032787,1.2416382786885243,9,10,10,8,9,4,10,3,8,6,46,31,77,1,13
WESTSIDE MARAUDERS,23,266,10.74790900129965,7232,6475,1669,247,916,901,153,0.25776061776061776,1276,82,51,1327,534.3324722222222,1561.039206,3.7688027037617555,1.2233849576802507,7,5,5,5,7,9,6,9,10,8,29,42,71,2,13
HOOSIERS,23,236,10.26151989651005,7823,6949,1748,249,984,944,226,0.2515469851777234,1194,72,24,1052,506.26209,1500.09917,3.8160459045226127,1.2563644639865996,8,9,9,10,3,6,3,4,9,5,39,27,66,3,13
BLUE SOCKS,23,218,9.972611961499343,7803,7022,1797,240,951,927,187,0.2559099971518086,1112,69,56,1115,489.51257111111113,1375.40824,3.9618823201438853,1.2368779136690646,5,8,7,9,6,5,8,5,4,7,35,29,64,4,13
NATIONAL PASTIME,23,269,10.458273439491917,7408,6661,1742,226,914,884,154,0.2615222939498574,1263,79,52,1245,541.2033788888889,1543.91912,3.8565561441013463,1.2224221060965954,2,4,4,6,10,8,7,7,6,9,26,37,63,5,13
BIG RED MACHINE,23,200,9.703557225970345,7507,6641,1637,274,932,928,111,0.24649902123174222,1203,74,59,1136,520.6399922222222,1520.5505600000001,3.8950622859517874,1.263965552784705,10,6,8,1,1,7,9,6,5,4,26,31,57,6,13
MELONHEADS,20,270,10.563781099767837,6483,5754,1467,227,843,812,168,0.25495307612095935,1412,88,0,1361,599.32788,1682.6225,3.8200785552407934,1.1916589943342777,3,1,2,7,5,10,2,10,7,10,18,39,57,6,13
FREE BIRDS,23,245,9.34287799372721,7431,6587,1664,240,899,901,116,0.2526187945954152,1287,79,30,1276,575.2317644444445,1631.9133000000002,4.022599751359752,1.2679979020979022,5,2,5,2,4,8,5,8,3,3,18,27,45,7,13
ERIE LAKERS,23,181,8.02190162171387,7387,6529,1685,245,934,907,121,0.25807933833665186,1104,61,29,971,526.8675977777777,1472.6508999999999,4.295116286231884,1.3339229166666666,6,7,6,3,8,3,4,1,1,1,30,10,40,8,13
FREE AT LAST,22,229,8.16629112513036,7368,6492,1628,228,907,862,130,0.25077017868145407,1025,61,51,1010,463.52437000000003,1325.44145,4.06997007804878,1.2931136097560976,4,3,3,4,2,3,6,2,2,2,16,15,31,9,13
WESTSIDE MARAUDERS,23,265,11.100709263998901,7673,6853,1774,253,964,939,147,0.2588647307748431,1197,74,81,1224,509.40079111111106,1460.2970960000002,3.8300811361737677,1.2199641570593152,8,9,8,6,8,6,10,7,9,9,39,41,80,1,14
LOUISVILLE SLUGGERS,23,208,10.529440827037813,7466,6721,1774,247,962,907,159,0.2639488171403065,1107,69,66,1142,483.94553222222225,1385.12744,3.934516522131888,1.2512442999096658,7,8,6,8,10,4,9,4,4,6,39,27,66,2,14
NATIONAL PASTIME,23,251,10.30329203810233,7583,6776,1712,271,943,945,143,0.2526564344746163,1189,75,52,1149,518.6423877777778,1483.75363,3.9258044491169053,1.2479004457527334,10,7,9,5,4,7,7,5,5,7,35,31,66,2,14
HOOSIERS,23,239,10.199424354319742,7942,7041,1776,253,1006,951,215,0.25223689816787387,1129,73,22,1074,480.81555999999995,1422.8230199999998,3.8328964038972533,1.260250682019486,8,10,10,10,3,5,3,3,8,5,41,24,65,3,14
BLUE SOCKS,23,231,9.982059793158468,7694,6956,1788,217,928,892,191,0.25704427832087406,1270,79,29,1254,548.8769377777778,1550.60185,3.8896790866141737,1.220946338582677,2,6,4,9,7,8,4,8,7,8,28,35,63,4,14
MELONHEADS,20,270,10.63432045498289,6700,5971,1521,236,865,847,152,0.25473120080388545,1278,81,19,1295,535.8656922222223,1531.4533099999999,3.773702057902974,1.1983202738654146,4,1,1,7,6,9,2,9,10,10,19,40,59,5,14
BIG RED MACHINE,23,207,9.792410127156227,7423,6596,1652,258,927,916,134,0.2504548211036992,1213,73,59,1157,524.2487388888889,1531.35002,3.8897268342951357,1.262448491343776,9,5,7,4,2,5,8,6,6,4,27,29,56,6,14
FREE BIRDS,23,237,9.047969948904703,7354,6538,1659,226,877,884,130,0.25374732334047106,1399,85,0,1323,625.0537144444445,1774.9839500000003,4.02107464617584,1.2687519299499646,3,2,3,3,5,10,1,10,3,3,16,27,43,7,14
ERIE LAKERS,23,197,8.146127170876836,7230,6411,1673,245,909,899,113,0.2609577289034472,999,57,39,931,459.62340555555556,1299.67982,4.140751401401402,1.3009808008008008,6,4,5,2,9,2,5,1,1,1,26,10,36,8,14
FREE AT LAST,22,225,8.120822056772266,7277,6390,1564,239,900,869,152,0.24475743348982787,1071,62,46,958,484.47246777777787,1385.41327,4.071197208216621,1.2935698132586368,5,3,2,7,1,3,6,2,2,2,18,15,33,9,14
WESTSIDE MARAUDERS,23,267,11.045477169838394,7635,6829,1769,246,959,933,152,0.2590423195196954,1344,83,32,1330,584.2093622222221,1646.837586,3.9121162648809515,1.2253255848214286,4,8,8,6,7,10,5,10,6,9,33,40,73,1,15
LOUISVILLE SLUGGERS,23,208,10.760151299497215,7802,7011,1822,258,990,940,180,0.2598773356154614,1158,72,36,1183,505.63664000000006,1456.1321599999999,3.929818445595855,1.2574543696027634,7,10,9,8,10,6,7,7,5,3,44,28,72,2,15
MELONHEADS,22,270,10.794468294444775,7412,6576,1656,266,948,927,160,0.2518248175182482,1288,81,22,1263,549.8512177777778,1553.1936,3.8421280745341617,1.205895652173913,9,6,6,7,4,9,3,8,9,10,32,39,71,3,15
HOOSIERS,23,240,10.37634767634397,7570,6713,1688,253,960,931,214,0.2514524057798302,1212,73,33,1168,501.51444111111107,1509.42066,3.7241171369636965,1.2453965841584158,6,9,7,10,3,7,6,6,10,6,35,35,70,4,15
NATIONAL PASTIME,23,262,10.515537654317388,7675,6901,1767,262,945,946,140,0.25604984784813795,1177,73,63,1140,509.6172288888889,1442.9352600000002,3.8968182327952428,1.2259432965165677,8,5,10,4,6,7,9,5,7,8,33,36,69,5,15
BIG RED MACHINE,23,212,9.79143710844033,7565,6672,1652,270,951,925,117,0.2476019184652278,1112,68,86,1076,477.7752822222222,1385.87591,3.866886276978417,1.246291285971223,10,7,5,2,2,4,10,3,8,5,26,30,56,6,15
BLUE SOCKS,23,219,9.835959422898682,7683,6938,1798,217,935,901,192,0.25915249351398095,1167,71,56,1138,519.6688977777778,1441.30076,4.007729288774636,1.2350477806341047,1,4,3,9,8,5,8,4,3,7,25,27,52,7,15
FREE BIRDS,23,250,9.135942509981632,7316,6509,1659,224,873,880,131,0.25487786142264557,1250,80,30,1265,552.1769611111112,1569.1296,3.9756741200000003,1.25530368,2,1,2,3,5,8,4,9,4,4,13,29,42,8,15
ERIE LAKERS,23,200,8.034382078529964,7321,6525,1695,248,918,915,116,0.2597701149425287,1055,64,22,915,478.0340855555555,1390.52804,4.078015895734596,1.3180360568720377,5,3,4,1,9,3,3,1,1,1,22,9,31,9,15
FREE AT LAST,22,221,8.053227652733002,7214,6330,1567,234,900,861,141,0.24755134281200633,1089,63,33,1029,492.4611111111111,1430.1298299999999,4.069926538108356,1.3132505325987143,3,2,1,5,1,2,6,2,2,2,12,14,26,10,15
LOUISVILLE SLUGGERS,23,213,10.69954631074214,7613,6839,1783,253,974,921,172,0.2607106302090949,951,61,98,1027,390.9688533333334,1151.8766899999998,3.7000206940063096,1.211226803364879,6,9,6,7,10,2,10,2,10,9,38,33,71,1,16
WESTSIDE MARAUDERS,23,262,10.940823882428989,7372,6551,1678,259,943,922,149,0.2561441001373836,1362,85,32,1377,586.3538722222221,1685.251766,3.8745850587371504,1.2373360983847284,7,7,7,5,6,9,5,10,6,7,32,37,69,2,16
HOOSIERS,23,240,10.208352673137691,7926,7020,1758,264,1005,979,213,0.2504273504273504,1166,74,22,1072,494.76484999999997,1490.17307,3.818939665523156,1.278021500857633,8,10,10,10,3,6,4,4,8,3,41,25,66,3,16
MELONHEADS,22,270,10.749454918585613,7223,6463,1658,248,914,906,154,0.2565372118211357,1373,86,0,1335,582.0032944444445,1648.3003199999998,3.815025236707939,1.2005100655498906,5,2,4,6,8,10,3,9,9,10,25,41,66,3,16
NATIONAL PASTIME,23,260,10.545310741814848,7724,6936,1771,265,954,948,140,0.25533448673587084,1122,71,79,1099,486.0198677777778,1384.29482,3.89855508912656,1.2337743493761142,9,8,9,4,4,4,9,5,5,8,34,31,65,4,16
BLUE SOCKS,23,222,10.005257555111717,7680,6955,1782,220,920,892,194,0.25621854780733283,1219,75,56,1196,521.3415577777778,1510.09084,3.8491173256767843,1.2387947826086958,2,5,3,9,7,7,7,7,7,6,26,34,60,5,16
BIG RED MACHINE,23,205,9.76537387230742,7580,6732,1663,269,931,937,121,0.2470291146761735,1213,73,59,1143,525.7894200000001,1522.3031700000001,3.901158103874691,1.2549902473206926,10,6,8,3,1,5,8,6,4,4,28,27,55,6,16
FREE BIRDS,23,247,9.1318154824883635,7459,6574,1683,229,913,884,112,0.2560085184058412,1337,81,0,1321,603.1528533333334,1669.8615,4.060116439790576,1.2489614809274494,4,1,2,1,5,8,3,8,2,5,13,26,39,7,16
ERIE LAKERS,23,206,8.055414393702867,7321,6525,1695,248,918,915,116,0.2597701149425287,932,55,45,886,417.57401444444446,1205.71697,4.032367092274678,1.293687736051502,5,4,5,2,9,1,6,1,3,2,25,13,38,8,16
FREE AT LAST,22,234,8.185019623514936,7291,6409,1599,226,917,857,173,0.24949290060851928,1177,67,22,1051,562.9766444444444,1557.6142599999998,4.3048341546304165,1.3233766015293116,3,3,1,8,2,3,4,3,1,1,17,12,29,9,16
WESTSIDE MARAUDERS,23,260,11.04476088496377,7498,6689,1709,262,948,933,152,0.2554940947824787,1356,84,32,1366,583.4501844444444,1659.7984460000002,3.872456976401179,1.2240401519174042,8,6,8,5,6,10,5,10,6,8,33,39,72,1,17
LOUISVILLE SLUGGERS,23,216,10.788759583690139,7531,6754,1763,249,959,915,163,0.26103050044418125,957,62,106,1048,396.8830011111111,1166.8229,3.7324420167189136,1.2192506792058515,6,7,5,8,9,4,10,2,9,9,35,34,69,2,17
HOOSIERS,23,229,10.297945421398156,7973,7094,1779,265,1002,984,213,0.25077530307301943,1185,70,33,1063,509.19172333333336,1510.87428,3.8672789113924053,1.2749993924050633,10,10,10,10,2,6,6,3,7,3,42,25,67,3,17
NATIONAL PASTIME,23,255,10.466553791736471,7709,6933,1768,263,946,944,139,0.25501226020481754,1156,73,71,1121,502.60345111111116,1428.2688999999998,3.9130026470588244,1.235526730103806,9,5,9,4,5,7,9,6,4,7,32,33,65,4,17
MELONHEADS,20,270,10.57878564458556,6945,6186,1582,247,890,885,155,0.2557387649531199,1149,75,27,1149,469.77074888888893,1371.14784,3.6796664403829418,1.1933401566579636,5,2,3,6,7,8,3,7,10,10,23,38,61,5,17
BLUE SOCKS,23,215,9.701922103134686,7568,6823,1747,222,916,885,194,0.2560457276857687,1153,73,51,1198,509.1922666666667,1434.93585,3.9746143972246317,1.2445237207285342,3,4,3,9,8,7,8,8,3,6,27,32,59,6,17
BIG RED MACHINE,23,219,9.791315058537197,7622,6763,1714,259,961,931,127,0.25343782345113114,1161,70,41,1101,497.80509000000006,1458.50017,3.8589541860465117,1.2562447631352283,7,8,7,3,3,6,7,5,8,4,28,30,58,7,17
FREE BIRDS,23,256,9.351205848029082,7271,6420,1631,222,881,857,122,0.25404984423676014,1351,83,30,1329,583.2356666666667,1696.9749800000002,3.885359733530718,1.2560880680977056,3,1,2,2,4,9,4,9,5,5,12,32,44,8,17
FREE AT LAST,22,224,8.037621108025052,7788,6840,1691,243,964,917,159,0.24722222222222223,1048,61,2,923,481.7305266666667,1337.9816,4.136998797709924,1.2767000000000002,4,9,6,7,1,3,2,1,2,2,27,10,37,9,17
ERIE LAKERS,23,187,8.083548526066727,7221,6438,1681,243,907,900,120,0.2611059335197266,1207,68,0,1075,585.7418877777778,1600.94832,4.367586570008286,1.326386346313173,4,3,4,1,10,5,1,4,1,1,22,12,34,10,17
WESTSIDE MARAUDERS,23,260,10.913744095883597,7561,6757,1723,254,956,926,150,0.2549948201864733,1250,77,59,1284,531.4009111111111,1528.273136,3.82608656,1.2226185088000001,9,8,7,6,6,8,9,10,9,8,36,44,80,1,18
LOUISVILLE SLUGGERS,23,219,10.740434709574085,7515,6759,1773,249,980,921,194,0.2623169107856192,1075,72,58,1084,460.8732888888889,1343.12798,3.8584740465116276,1.249421376744186,8,9,6,8,10,5,8,4,8,6,41,31,72,2,18
NATIONAL PASTIME,23,269,10.522617778136505,7762,6973,1802,254,952,936,147,0.25842535494048474,1056,68,95,1073,456.3442077777778,1290.46583,3.8892972253787885,1.2220320359848487,9,7,8,5,8,4,10,2,7,9,37,32,69,3,18
MELONHEADS,20,270,10.57825414848222,6940,6182,1580,247,889,881,151,0.25558071821417017,1238,78,0,1210,517.9417066666667,1475.40902,3.765327431340873,1.1917681906300486,7,1,2,7,7,9,1,7,10,10,24,37,61,4,18
BLUE SOCKS,23,221,10.042657008852323,7610,6853,1743,230,921,898,195,0.254341164453524,1311,82,29,1258,568.5982433333334,1642.6172700000002,3.903420434782609,1.252949862700229,4,5,4,9,4,10,4,9,6,5,26,34,60,5,18
HOOSIERS,23,224,10.266083756128726,7879,7000,1765,254,990,956,226,0.25214285714285717,1281,77,17,1123,573.1387688888889,1656.88464,4.026736081186573,1.2934306323185012,9,10,10,10,3,8,2,5,2,1,42,18,60,5,18
BIG RED MACHINE,23,212,9.840300973300955,7678,6811,1702,270,951,954,124,0.24988988401115841,1259,75,27,1175,546.6032122222223,1579.58065,3.9074097776012713,1.25463117553614,10,6,9,3,2,7,3,6,5,4,30,25,55,6,18
FREE BIRDS,23,249,9.266524708924676,7522,6657,1695,234,909,894,114,0.25461919783686343,1206,74,46,1221,532.2720300000001,1504.8978299999999,3.9721793283582096,1.2478423134328358,5,3,3,2,5,6,6,8,4,7,18,31,49,7,18
ERIE LAKERS,23,208,8.045514871454516,7253,6439,1681,239,910,899,104,0.2610653828234198,926,54,50,901,408.8458577777778,1192.1319799999999,3.9736638444924406,1.287399546436285,6,4,5,1,9,2,7,1,3,2,25,15,40,8,18
FREE AT LAST,22,215,8.166649422340715,7242,6361,1561,239,892,865,125,0.24540166640465336,1126,64,32,1075,513.7663433333333,1443.78243,4.106480541740675,1.282222406749556,6,2,1,4,1,3,5,3,1,3,14,15,29,9,18
LOUISVILLE SLUGGERS,23,207,10.713680335592919,7753,6975,1813,260,990,950,172,0.25992831541218636,1076,67,66,1073,458.65119,1357.1623799999998,3.8363017750929367,1.2613033271375462,10,10,10,7,10,5,9,4,7,4,47,29,76,1,19
WESTSIDE MARAUDERS,22,270,10.987445802946395,7645,6811,1753,251,974,936,176,0.25737777125238587,1140,72,54,1142,482.67595333333327,1391.1233760000002,3.8105996315789468,1.220283663157895,6,9,9,8,8,6,7,5,8,9,40,35,75,2,19
HOOSIERS,23,239,10.234965562940143,7636,6778,1700,247,954,932,196,0.2508114488049572,1257,77,13,1209,519.208488888889,1551.6669299999999,3.717483214001592,1.2344207875894988,5,7,8,10,2,8,3,7,10,7,32,35,67,3,19
MELONHEADS,22,270,10.710135540711896,7205,6413,1626,252,915,906,160,0.25354748167784186,1308,82,17,1295,551.2307466666666,1556.36143,3.7928721100917424,1.1898787691131498,7,5,5,6,3,9,4,9,9,10,26,41,67,3,19
NATIONAL PASTIME,23,257,10.407441875066695,7657,6872,1763,259,939,932,136,0.25654831199068684,1195,77,52,1216,521.7960499999999,1475.94936,3.9298447280334723,1.2351040669456068,9,6,8,5,7,8,6,8,4,6,35,32,67,3,19
BLUE SOCKS,23,223,9.699320598712678,7474,6729,1721,223,911,881,193,0.2557586565611532,994,62,107,1049,426.4889777777778,1221.84836,3.8615702213279683,1.2292237022132797,2,4,3,9,6,3,10,3,6,8,24,30,54,4,19
BIG RED MACHINE,23,218,9.79911779830197,7517,6687,1705,251,939,922,128,0.25497233438014055,1213,74,27,1182,521.9820500000001,1524.69404,3.8729088623248153,1.2569612860676012,6,6,6,1,5,7,5,6,5,5,24,28,52,5,19
FREE BIRDS,23,237,9.197919616298403,7365,6523,1659,227,899,880,135,0.2543308293729879,1392,85,0,1332,626.1232833333335,1764.49849,4.0482108836206905,1.2675994899425287,3,2,2,4,4,10,1,10,3,3,15,27,42,6,19
FREE AT LAST,22,224,8.136321818525047,7865,6916,1690,258,961,928,133,0.24436090225563908,988,56,57,838,465.6835366666667,1295.73298,4.242056508097167,1.3114706275303645,8,8,7,3,1,2,8,1,1,1,27,13,40,7,19
ERIE LAKERS,23,205,7.961219406688311,7104,6325,1644,241,910,886,130,0.2599209486166008,1103,65,8,1004,511.0959333333333,1438.841,4.170320398912057,1.3044796010879418,4,3,4,2,9,4,2,2,2,2,22,12,34,8,19
WESTSIDE MARAUDERS,23,264,11.12740974428754,7708,6868,1755,262,983,946,158,0.25553290623179964,1324,82,32,1344,570.4755711111111,1628.1316960000001,3.877855090634441,1.2297067190332327,8,10,9,6,7,8,5,10,7,6,40,36,76,1,20
MELONHEADS,23,270,10.771490782542193,7514,6690,1703,264,956,950,160,0.254559043348281,1373,86,0,1332,579.1808255555557,1684.90173,3.7965239839766936,1.2271680480699199,9,6,10,7,5,10,2,9,8,8,37,37,74,2,20
LOUISVILLE SLUGGERS,23,218,10.507848005994452,7541,6806,1789,249,963,917,149,0.2628563032618278,1022,68,79,1063,425.0699055555556,1251.47914,3.743277054794521,1.22453927592955,6,9,5,5,10,4,9,3,9,9,35,34,69,3,20
HOOSIERS,23,250,10.346151216979163,7540,6662,1673,248,957,919,211,0.25112578805163616,1177,74,33,1161,487.2349311111111,1447.3288200000002,3.725670671197961,1.229676142735769,5,7,6,9,2,6,6,6,10,7,29,35,64,4,20
NATIONAL PASTIME,23,259,10.398059001137952,7548,6785,1722,260,915,939,145,0.25379513633014,1136,72,84,1134,492.7106788888889,1385.64482,3.9035177024647885,1.219757764084507,7,3,8,4,4,5,10,5,6,10,26,36,62,5,20
BIG RED MACHINE,23,206,9.737982354234534,7601,6734,1693,266,952,936,109,0.2514107514107514,1245,75,27,1164,543.5466355555556,1571.22777,3.9292527871485943,1.2620303373493975,10,5,7,1,3,7,4,7,5,4,26,27,53,6,20
BLUE SOCKS,23,217,9.827596113614828,7694,6932,1767,221,929,890,215,0.25490478938257355,1147,74,59,1125,502.41891999999996,1431.15869,3.9422583086312115,1.2477407933740192,2,4,2,10,6,6,7,4,4,5,24,26,50,7,20
FREE BIRDS,23,244,9.323765993398288,7575,6729,1723,231,905,900,121,0.2560558775449547,1359,84,0,1330,609.7334233333333,1717.42065,4.037969690949227,1.2637385209713023,3,2,3,3,8,9,2,8,3,3,19,25,44,8,20
FREE AT LAST,22,222,8.103888983556715,7669,6732,1661,243,960,905,162,0.24673202614379086,1061,56,19,913,486.72696777777776,1378.35823,4.12869246936852,1.2991123751178135,4,8,4,8,1,3,3,2,2,2,25,12,37,9,20
ERIE LAKERS,23,198,8.017767217087059,7202,6426,1677,243,905,900,118,0.26097105508870216,946,53,68,877,448.99900888888885,1250.53944,4.2716607610993655,1.3219232980972515,4,2,3,2,9,2,8,1,1,1,20,13,33,10,20
MELONHEADS,23,269,10.773486748000954,7569,6727,1693,268,963,949,158,0.25167236509588226,1399,88,0,1331,594.3702155555555,1705.32305,3.8236825875625446,1.2189585775553966,10,7,9,7,3,10,2,9,9,10,36,40,76,1,21
LOUISVILLE SLUGGERS,23,216,10.714618243397283,7716,6939,1815,253,988,933,178,0.26156506701253784,936,62,93,996,387.18734666666666,1152.3255499999998,3.7229552564102564,1.2311170405982903,6,9,7,8,10,3,10,3,10,7,40,33,73,2,21
WESTSIDE MARAUDERS,23,267,10.954066202789013,7631,6778,1740,262,974,942,139,0.2567128946591915,1336,83,32,1333,576.5627044444444,1650.9112060000002,3.8840301946107783,1.2357119805389223,8,8,8,4,7,9,6,10,6,6,35,37,72,3,21
NATIONAL PASTIME,23,263,10.478272475891407,7664,6909,1787,240,927,914,148,0.2586481401071067,1267,79,52,1207,543.67163,1557.49899,3.8619137095501186,1.2292809707971586,4,5,5,5,8,8,7,7,7,9,27,38,65,4,21
HOOSIERS,23,234,10.250977654690493,7893,7012,1767,261,998,972,219,0.2519965772960639,1249,75,12,1123,551.1604988888888,1596.81594,3.971532818254603,1.2784755324259407,7,10,10,10,4,5,3,4,4,3,41,19,60,5,21
BLUE SOCKS,23,218,9.773957333945786,7586,6861,1756,221,915,888,193,0.2559393674391488,1136,71,61,1162,485.8791677777778,1397.87162,3.8493948151408452,1.230520792253521,2,4,2,9,6,4,8,5,8,8,23,33,56,6,21
BIG RED MACHINE,23,208,9.799888041516201,7517,6664,1669,263,941,929,117,0.2504501800720288,1266,76,27,1203,554.3050955555556,1587.29734,3.940557551342812,1.2537893680884677,9,6,6,2,2,6,5,6,5,4,25,26,51,7,21
FREE BIRDS,23,246,9.282208369581877,7407,6577,1667,241,890,903,120,0.25345902387106584,1275,77,27,1253,575.3821344444445,1598.56105,4.0615209490196085,1.2537733725490197,5,1,4,3,5,7,5,8,2,5,18,27,45,8,21
ERIE LAKERS,23,200,8.04839024424483,7248,6441,1673,241,908,898,115,0.25974227604409256,1035,61,25,970,480.42686555555554,1347.08205,4.177624917874396,1.3015285507246377,5,3,3,1,9,2,4,2,1,1,21,10,31,9,21
FREE AT LAST,22,229,8.121062610067904,7102,6221,1535,230,891,842,153,0.2467448963189198,953,56,84,929,421.9995688888889,1231.79661,3.9853054774396646,1.2925462854144807,3,2,1,6,1,1,9,1,3,2,13,16,29,10,21
MELONHEADS,23,270,10.775921266739415,7423,6591,1656,251,946,911,199,0.25125170687300863,1310,85,14,1299,542.624358888889,1569.37791,3.727953610687024,1.1979984045801526,6,8,5,9,4,10,2,10,10,10,32,42,74,1,22
WESTSIDE MARAUDERS,23,267,10.788180544745574,7491,6672,1697,259,944,932,136,0.25434652278177455,1215,77,70,1250,516.2715822222222,1459.4993160000001,3.8242339423868303,1.2012340049382717,8,7,7,5,5,7,9,7,8,9,32,40,72,2,22
NATIONAL PASTIME,23,259,10.531443641861724,7744,6968,1807,254,946,947,152,0.2593283582089552,1206,75,52,1182,539.5105677777779,1496.7578099999998,4.026198266998342,1.2410927114427859,7,8,8,6,8,6,7,6,4,7,37,30,67,3,22
LOUISVILLE SLUGGERS,23,206,10.776056174480376,7864,7095,1856,261,998,964,179,0.2615926708949965,990,59,102,968,444.82245333333333,1280.33131,4.043840484848484,1.2932639494949496,9,10,10,7,10,3,10,2,3,1,46,19,65,4,22
BLUE SOCKS,23,236,9.961577635199113,7568,6823,1747,222,916,885,194,0.2560457276857687,1259,80,29,1251,530.36098,1545.30278,3.791301683876093,1.2274049086576648,2,4,3,8,7,9,5,8,9,8,24,39,63,5,22
HOOSIERS,23,226,10.201942326073103,7792,6909,1734,254,990,950,217,0.25097698653929656,1300,77,0,1164,571.2470433333334,1668.56452,3.9547872230769237,1.2835111692307692,7,9,9,10,3,7,1,5,6,3,38,22,60,6,22
BIG RED MACHINE,23,205,9.740979660612735,7434,6588,1633,264,929,916,115,0.2478749241044323,1195,72,59,1158,509.24649666666664,1509.1141300000002,3.835329263598326,1.2628570125523013,10,6,6,2,1,5,8,4,7,5,25,29,54,7,22
FREE BIRDS,23,245,9.203686161646795,7470,6607,1690,233,919,891,109,0.2557893143635538,1289,79,19,1256,570.8545811111112,1627.73371,3.9857961442979057,1.2627879829325057,4,5,4,1,6,8,3,9,5,6,20,31,51,8,22
ERIE LAKERS,23,202,8.02388932105304,7102,6306,1638,240,898,878,117,0.2597526165556613,1058,65,22,1012,481.42635,1366.3208299999997,4.095309215500945,1.291418553875236,5,3,2,3,9,4,4,3,1,2,22,14,36,9,22
FREE AT LAST,22,228,8.127705979801332,7375,6521,1636,227,898,875,132,0.2508817666002147,1030,59,46,967,464.58081444444446,1302.4810899999998,4.059444009708738,1.2645447475728153,3,3,1,4,2,3,6,1,2,4,13,16,29,10,22
WESTSIDE MARAUDERS,23,262,11.11838233799407,7624,6811,1743,259,959,944,150,0.25590955806783144,1362,84,32,1367,582.0110155555554,1669.9175360000002,3.845887767988252,1.2260774860499266,8,7,8,6,6,10,6,10,7,8,35,41,76,1,23
LOUISVILLE SLUGGERS,23,213,10.687931529928475,7541,6765,1773,250,982,928,173,0.2620842572062084,1130,72,36,1206,481.82829777777783,1409.9271999999999,3.8375705132743367,1.2477231858407078,7,9,7,8,10,4,7,7,8,6,41,32,73,2,23
HOOSIERS,23,236,10.331064874294206,7903,7019,1760,263,1005,974,222,0.2507479697962673,1182,73,30,1041,520.1532166666667,1498.6422400000001,3.9605574873096447,1.2678868358714046,9,10,10,10,2,5,5,4,6,4,41,24,65,3,23
NATIONAL PASTIME,23,269,10.40274988252974,7429,6663,1712,239,911,887,142,0.2569413177247486,1195,77,84,1193,496.5185866666667,1454.48198,3.7394705271966533,1.2171397322175732,4,5,3,4,8,7,9,6,9,9,24,40,64,4,23
BLUE SOCKS,23,211,9.972467118194388,7803,7022,1797,240,951,927,187,0.2559099971518086,1025,61,95,1024,452.0164766666666,1274.54745,3.9689251609756093,1.2434609268292682,5,6,6,9,7,2,10,3,4,7,33,26,59,5,23
BIG RED MACHINE,23,207,9.848252355265009,7755,6873,1731,269,967,951,126,0.25185508511567,1255,75,27,1167,558.6254766666667,1598.4069200000001,4.006079115537849,1.2736310119521914,10,8,9,3,3,6,4,5,3,3,33,21,54,6,23
MELONHEADS,18,270,10.140606941108402,6056,5400,1381,210,787,758,171,0.25574074074074077,1188,78,0,1240,488.6102977777778,1395.13086,3.7015931649831653,1.1743525757575757,2,1,1,7,5,8,2,8,10,10,16,38,54,6,23
FREE BIRDS,23,250,9.252032310877986,7477,6640,1683,242,901,903,100,0.25346385542168676,1269,79,27,1260,558.4768577777779,1605.1307900000002,3.9608287785658005,1.2648784791174155,6,3,5,1,4,9,4,9,5,5,19,32,51,7,23
ERIE LAKERS,23,191,8.118569653913244,7267,6464,1684,240,907,897,114,0.26051980198019803,1099,64,19,996,511.95213666666666,1442.4658399999998,4.1925106733394,1.3125257870791627,5,4,4,2,9,3,3,2,1,1,24,10,34,8,23
FREE AT LAST,22,227,7.97268960293038,7263,6383,1575,228,888,857,149,0.24674917750274167,1085,61,51,949,495.90450555555555,1397.54017,4.113493594470047,1.288055456221198,3,2,2,5,1,2,8,1,2,2,13,15,28,9,23
WESTSIDE MARAUDERS,23,270,11.020046756216134,7442,6635,1706,257,951,926,171,0.2571213262999246,1340,83,32,1354,574.1083577777778,1650.149936,3.8559516567164183,1.231455176119403,8,7,8,7,7,9,5,10,8,7,37,39,76,1,24
MELONHEADS,23,268,10.672792500750436,7720,6885,1747,254,967,948,164,0.25374001452432826,1353,85,0,1313,579.9647555555556,1647.49208,3.857858684405026,1.2176585957132298,7,8,9,6,5,10,1,9,7,10,35,37,72,2,24
LOUISVILLE SLUGGERS,23,207,10.729374482048408,7610,6843,1785,252,974,926,172,0.26085050416483996,1100,69,61,1077,470.4400355555556,1377.6159799999998,3.8490548363636363,1.2523781636363636,6,9,8,8,9,4,9,4,9,4,40,30,70,3,24
HOOSIERS,23,235,10.407486461214127,7835,6941,1727,279,997,985,214,0.24881141045958796,1140,72,24,1087,491.5308044444444,1441.01618,3.8805063508771926,1.2640492807017545,10,10,10,10,2,6,3,5,6,3,42,23,65,4,24
NATIONAL PASTIME,23,268,10.428567538733539,7514,6738,1722,244,912,903,141,0.25556544968833483,1277,82,52,1273,534.3303900000001,1560.84525,3.765836734534065,1.2222750587314017,5,4,6,4,6,8,7,7,10,8,25,40,65,4,24
BIG RED MACHINE,23,209,9.761315450310427,7461,6621,1670,259,935,920,117,0.252227760157076,1184,71,54,1131,518.9638955555556,1480.30839,3.944826908783784,1.250260464527027,9,6,7,3,4,5,8,6,4,5,29,28,57,5,24
BLUE SOCKS,23,213,9.822587974633928,7715,6988,1810,215,925,896,187,0.2590154550658271,1011,63,105,1028,442.82201555555554,1233.88812,3.942035746785361,1.2204630267062315,1,5,4,9,8,2,10,3,5,9,27,29,56,6,24
FREE BIRDS,23,247,9.026417387491644,7424,6573,1653,237,892,888,107,0.25148334094020997,1268,78,19,1282,556.4959511111111,1577.53747,3.949892397476341,1.2441147239747634,3,1,3,1,3,7,2,8,3,6,11,26,37,7,24
ERIE LAKERS,23,196,7.9742026295727,7188,6411,1678,242,906,900,110,0.26173763843394166,1029,60,36,935,472.70034777777784,1358.6715599999998,4.13440537414966,1.320380524781341,4,3,5,2,10,1,6,1,2,1,24,11,35,8,24
FREE AT LAST,22,230,8.109272037114003,7186,6300,1567,224,904,843,160,0.24873015873015872,1150,65,30,1027,529.5886744444445,1497.9584399999999,4.144607017391304,1.302572556521739,2,2,2,5,1,3,4,2,1,2,12,12,24,9,24
LOUISVILLE SLUGGERS,23,212,10.716829140403874,7821,7019,1825,263,999,952,157,0.26000854822624303,1118,71,38,1156,474.76174888888886,1387.0436399999999,3.821874543828265,1.2406472629695884,9,10,9,7,10,5,5,4,8,7,45,29,74,1,25
WESTSIDE MARAUDERS,22,270,11.006908075108123,7442,6635,1700,256,937,926,140,0.2562170308967596,1200,76,65,1253,510.82807999999994,1460.8959960000002,3.8312105999999995,1.21741333,8,6,6,4,7,8,9,8,7,8,31,40,71,2,25
MELONHEADS,23,270,10.639022376367643,7321,6521,1645,251,937,911,191,0.25226192301794204,1300,81,27,1289,541.4307200000001,1562.46556,3.748366523076924,1.2018965846153846,6,6,4,8,4,9,4,9,10,10,28,42,70,3,25
NATIONAL PASTIME,23,255,10.51402974221565,7765,6999,1803,255,950,946,150,0.25760822974710673,1205,76,52,1162,535.87239,1499.6479,4.002366398340249,1.2445210788381742,7,7,8,6,8,8,6,5,4,6,36,29,65,4,25
BLUE SOCKS,23,228,9.946549682580542,7491,6760,1724,215,902,867,192,0.25502958579881657,1147,72,78,1199,483.8993666666667,1386.81226,3.7969435919790766,1.2090778204010462,2,3,2,9,6,6,10,7,9,9,22,41,63,5,25
HOOSIERS,23,231,10.25040292404808,7879,6989,1758,255,993,957,229,0.2515381313492631,1210,74,16,1098,520.2615011111112,1532.1678900000002,3.8697136446280997,1.2662544545454546,7,9,10,10,3,7,3,3,6,4,39,23,62,6,25
BIG RED MACHINE,23,204,9.7573678591576,7601,6734,1693,266,952,936,109,0.2514107514107514,1249,76,27,1172,539.5532700000001,1597.21451,3.8878938590872707,1.278794643714972,10,8,7,1,2,8,4,6,5,2,28,25,53,7,25
FREE BIRDS,23,238,9.127846048994241,7180,6353,1612,231,878,872,122,0.2537383913111916,1391,85,0,1338,620.4343411111113,1753.28861,4.014312774982028,1.2604519122933142,4,2,3,3,5,10,2,10,3,5,17,30,47,8,25
ERIE LAKERS,23,205,8.056437136530056,7321,6525,1695,248,918,915,116,0.2597701149425287,983,56,53,891,464.20531222222223,1306.5408699999998,4.250099501525941,1.3291361851475074,5,5,5,2,9,3,7,1,1,1,26,13,39,9,25
FREE AT LAST,22,230,8.205614102737146,7326,6459,1617,226,911,859,147,0.25034835113794707,1049,61,57,949,479.6984977777778,1339.40617,4.115621048617731,1.276840962821735,3,4,1,5,1,4,8,2,2,3,14,19,33,10,25
WESTSIDE MARAUDERS,23,267,11.033678132609753,7635,6829,1769,246,959,933,152,0.2590423195196954,1260,78,54,1275,538.2654777777777,1545.4945560000003,3.8447534126984126,1.2265829809523812,5,8,9,6,8,9,9,9,8,9,36,44,80,1,26
LOUISVILLE SLUGGERS,23,229,10.588500784391007,7931,7147,1867,254,1001,951,181,0.2612284874772632,1077,68,44,1058,456.1356811111111,1337.65894,3.81171878365831,1.242023156917363,9,10,10,8,10,7,6,3,9,6,47,31,78,2,26
NATIONAL PASTIME,23,260,10.394730645321378,7632,6815,1740,253,935,931,141,0.2553191489361702,1258,78,52,1217,543.3602233333334,1551.61715,3.8873147933227346,1.2333999602543722,8,6,8,5,6,9,8,7,6,7,33,37,70,3,26
MELONHEADS,22,270,10.80181036672039,7274,6475,1638,253,928,914,175,0.252972972972973,1372,87,0,1341,587.5172322222222,1654.2213299999999,3.8539760131195338,1.2057006778425654,8,5,5,7,4,10,2,10,7,10,29,39,68,4,26
HOOSIERS,23,229,10.174691226890152,7746,6864,1724,251,979,929,216,0.2511655011655012,1109,70,28,1145,467.79591111111114,1379.45024,3.7963599639314696,1.2438685662759241,7,9,6,10,3,8,4,5,10,5,35,32,67,5,26
BLUE SOCKS,23,221,9.746201999873586,7474,6729,1721,223,911,881,193,0.2557586565611532,1106,68,88,1080,482.0407611111111,1358.0582900000002,3.922574005424955,1.2279008047016275,2,4,2,9,7,7,10,4,4,8,24,33,57,6,26
BIG RED MACHINE,23,195,9.724448726563022,7531,6690,1665,268,941,930,121,0.24887892376681614,1309,78,27,1188,567.11232,1678.49953,3.899167975553858,1.2822761879297173,10,7,7,4,2,9,3,6,5,3,30,26,56,7,26
FREE BIRDS,23,250,9.249631868057943,7407,6588,1681,239,895,903,96,0.25516089860352154,1270,78,27,1274,570.7345633333334,1585.13511,4.044575645669292,1.2481378818897637,4,2,4,2,5,9,3,8,3,4,17,27,44,8,26
ERIE LAKERS,23,208,8.12131864448459,7146,6360,1659,249,906,901,120,0.2608490566037736,1010,58,42,934,469.2020866666666,1332.77016,4.181008693069306,1.319574415841584,6,3,3,3,9,5,5,1,1,1,24,13,37,9,26
FREE AT LAST,22,223,8.080829108645993,7060,6190,1532,224,886,837,152,0.24749596122778675,1081,65,51,995,488.78097111111117,1402.5781000000002,4.069406790009252,1.2974820536540241,3,1,1,6,1,6,7,2,2,2,12,19,31,10,26
WESTSIDE MARAUDERS,23,263,10.852896737265212,7505,6689,1716,253,955,928,155,0.25654058902676036,1342,83,32,1338,581.1803233333333,1646.986116,3.8976325707898654,1.2272623815201193,8,8,8,6,7,9,5,9,6,9,37,38,75,1,27
LOUISVILLE SLUGGERS,23,212,10.82601403614013,8075,7284,1892,271,1012,992,172,0.25974739154310816,964,61,77,990,420.1431111111111,1218.7488199999998,3.922497925311203,1.2642622614107881,10,9,10,8,9,3,10,2,4,4,46,23,69,2,27
NATIONAL PASTIME,23,267,10.449634368920618,7450,6670,1731,237,920,894,147,0.25952023988005996,1308,81,52,1255,552.0871,1616.78436,3.798764449541284,1.2360736697247707,6,5,4,5,8,8,7,7,9,8,28,39,67,3,27
HOOSIERS,23,228,10.262470337328551,8102,7176,1802,267,1031,987,203,0.25111482720178374,1104,67,19,1062,472.4786222222222,1385.9518500000001,3.851727898550725,1.255391168478261,9,10,9,9,3,4,2,4,8,5,40,23,63,4,27
BLUE SOCKS,23,219,10.017005385959788,7747,6979,1787,229,954,914,213,0.25605387591345463,1163,72,43,1140,506.47103333333337,1440.9352400000002,3.919380309544282,1.238981289767842,3,7,6,10,6,6,6,5,5,7,32,29,61,5,27
MELONHEADS,21,270,10.55172924279034,6742,6033,1538,233,861,844,164,0.254931211669153,1341,87,0,1359,563.3766377777778,1586.8765799999999,3.781051260253542,1.183353154362416,5,1,1,7,5,10,1,10,10,10,19,41,60,6,27
BIG RED MACHINE,23,209,9.693153791296997,7444,6585,1632,271,928,920,112,0.24783599088838268,1168,71,59,1152,502.89321333333334,1456.0831,3.875033321917808,1.2466464897260274,10,6,7,1,1,5,8,6,7,6,25,32,57,7,27
FREE BIRDS,23,248,9.323191353093515,7421,6579,1661,238,895,895,135,0.2524699802401581,1287,80,27,1259,573.4791,1627.36668,4.010343356643357,1.264465174825175,7,3,5,4,4,7,3,8,3,3,23,24,47,8,27
ERIE LAKERS,23,193,8.05370543805114,7104,6299,1644,230,896,869,115,0.26099380854103826,1141,67,31,1019,532.8049944444444,1530.03218,4.2026686678352325,1.3409572129710778,4,4,3,2,10,4,4,3,1,1,23,13,36,9,27
FREE AT LAST,22,223,8.14395464610652,7207,6362,1593,224,881,855,130,0.25039295818924867,1034,59,73,933,466.0310922222223,1315.71848,4.056363471953579,1.27245500967118,2,2,2,3,2,2,9,1,2,2,11,16,27,10,27
WESTSIDE MARAUDERS,22,270,10.988124874351477,7183,6417,1650,249,911,895,144,0.2571294997662459,1287,84,43,1302,537.9841855555555,1562.6616860000001,3.762127171717171,1.2141893442113443,6,4,4,6,8,10,6,10,10,9,28,45,73,1,28
MELONHEADS,22,270,10.72916795889698,7349,6548,1665,259,931,923,160,0.25427611484422724,1280,81,22,1262,545.3982233333334,1546.9141299999999,3.8348312578125006,1.2085266640624999,7,6,6,7,4,9,3,8,8,10,30,38,68,2,28
NATIONAL PASTIME,23,262,10.51451838192265,7675,6901,1767,262,945,946,140,0.25604984784813795,1136,71,79,1093,489.9078577777778,1398.53188,3.8813122535211266,1.2311020070422536,8,7,9,4,7,4,9,5,6,7,35,31,66,3,28
LOUISVILLE SLUGGERS,23,210,10.693080319538613,7753,6974,1840,247,998,930,185,0.26383710926297677,1036,66,80,1006,446.56952666666666,1315.3560599999998,3.879465,1.2696487065637063,5,9,7,8,10,3,10,3,7,3,39,26,65,4,28
HOOSIERS,23,228,10.272164404245729,7926,7036,1764,266,999,983,208,0.25071063104036384,1264,77,0,1171,559.63271,1604.1397200000001,3.9847265743670883,1.2690978797468355,9,10,10,10,3,6,1,7,4,4,42,22,64,5,28
BLUE SOCKS,23,233,10.105075628213651,7599,6865,1755,221,916,888,192,0.2556445739257101,1272,80,29,1302,535.9510766666667,1556.52785,3.792106674528302,1.2236854166666666,1,5,3,9,5,8,5,10,9,8,23,40,63,6,28
BIG RED MACHINE,23,208,9.785359554823183,7637,6760,1673,270,950,934,126,0.24748520710059171,1194,72,59,1125,517.9198544444445,1502.7014600000002,3.9039185008375212,1.258543936348409,10,8,8,3,2,5,8,6,5,5,31,29,60,7,28
FREE BIRDS,23,247,9.1355563465804,7312,6473,1657,222,888,875,125,0.2559864050672022,1311,79,19,1294,584.9162133333334,1642.02964,4.015443112128147,1.252501632341724,2,1,2,2,6,7,2,9,2,6,13,26,39,8,28
ERIE LAKERS,23,198,8.03334305388635,7286,6489,1691,241,907,903,113,0.26059485282786254,979,53,58,897,466.74577111111114,1294.66319,4.290819141981614,1.3224343105209397,4,3,5,1,9,1,7,2,1,1,22,12,34,9,28
FREE AT LAST,22,222,8.065680270114544,7214,6306,1550,234,904,850,142,0.2457976530288614,1093,65,24,1055,485.91980888888895,1401.95779,4.001169515096066,1.2826695242451966,3,2,1,5,1,2,4,4,3,2,12,15,27,10,28
LOUISVILLE SLUGGERS,23,228,10.807246813144367,7940,7099,1843,267,1025,958,170,0.2596140301450909,982,63,61,1020,405.9118411111111,1201.5481099999997,3.7201696232179224,1.223572413441955,10,10,9,8,9,2,8,3,10,7,46,30,76,1,29
WESTSIDE MARAUDERS,23,269,10.990189444938999,7344,6534,1682,267,948,934,153,0.2574227119681665,1355,84,32,1336,590.0349199999999,1664.6951060000001,3.919051129151291,1.2285572738007382,10,7,7,5,8,9,5,9,6,6,37,35,72,2,29
MELONHEADS,23,270,10.719590018532626,7626,6757,1692,263,973,939,165,0.25040698534852746,1359,86,0,1331,576.2323233333334,1643.06977,3.8161081015452543,1.2090285283296542,8,8,8,7,2,10,2,8,7,9,33,36,69,3,29
HOOSIERS,23,226,10.295662347538755,7907,7034,1764,266,995,981,208,0.25078191640602787,1211,71,38,1087,544.8343888888888,1548.6326,4.049140792733278,1.2788047894302228,9,9,10,10,3,5,6,6,4,4,41,25,66,4,29
NATIONAL PASTIME,23,269,10.35160932395671,7513,6735,1730,241,915,896,135,0.25686711210096513,1180,76,79,1197,488.0584366666667,1433.02707,3.722479601694915,1.214429720338983,5,4,5,4,7,6,9,7,9,8,25,39,64,5,29
BLUE SOCKS,23,225,9.83560481666438,7558,6843,1755,216,910,884,193,0.256466462078036,993,64,107,1048,416.6781377777778,1189.8214,3.776539013091642,1.1982088620342397,2,3,3,9,6,3,10,4,8,10,23,35,58,6,29
BIG RED MACHINE,23,199,9.733988661314307,7412,6586,1666,253,928,915,127,0.25296082599453384,1302,78,27,1197,568.1818888888889,1668.0140700000002,3.927524577572965,1.2811167972350233,7,6,6,3,4,7,3,7,5,3,26,25,51,7,29
FREE BIRDS,23,247,9.247099288800804,7330,6530,1673,231,878,893,117,0.2562021439509954,1382,83,0,1338,622.3091777777778,1732.7523800000001,4.05266468885673,1.2538005643994212,3,1,4,2,5,8,2,10,3,5,15,28,43,8,29
ERIE LAKERS,23,201,8.068728017652678,7433,6615,1720,244,924,915,114,0.2600151171579743,960,57,39,892,440.52819666666664,1268.0308,4.12995184375,1.3208654166666667,6,5,6,1,10,1,7,2,2,1,28,13,41,9,29
FREE AT LAST,22,226,8.14702634536121,7242,6357,1567,232,900,854,159,0.2464999213465471,1128,66,30,1061,518.1759166666667,1475.8920999999998,4.1343823138297875,1.3084149822695035,4,2,2,6,1,4,4,5,1,2,15,16,31,10,29
LOUISVILLE SLUGGERS,23,222,10.737840016277296,7893,7111,1852,265,1002,973,170,0.26044156939952184,966,60,79,993,407.30733000000004,1196.272,3.794788788819876,1.2383768115942029,10,10,10,8,9,4,10,3,8,6,47,31,78,1,30
MELONHEADS,23,267,10.756185243136569,7604,6742,1687,262,967,936,165,0.25022248590922574,1380,88,0,1338,580.5294200000001,1673.5429000000001,3.786061434782609,1.2127122463768116,9,8,8,7,3,10,1,9,9,10,35,39,74,2,30
WESTSIDE MARAUDERS,23,264,11.058569039671607,7537,6748,1750,249,947,924,134,0.25933609958506226,1374,87,32,1356,593.9907755555555,1684.909656,3.890769272197962,1.2262806812227074,7,7,6,4,8,9,5,10,6,8,32,38,70,3,30
HOOSIERS,23,239,10.177219057160624,7697,6825,1719,246,975,928,232,0.2518681318681319,1217,80,14,1109,507.8306077777778,1535.0460200000002,3.7555262695152014,1.2613360887428104,6,9,7,10,4,8,2,4,10,4,36,28,64,4,30
NATIONAL PASTIME,23,258,10.463941067741866,7762,7005,1796,260,942,950,146,0.2563882940756602,1129,72,63,1134,493.8234166666667,1388.95872,3.936590566873339,1.230255730735164,8,6,9,5,6,5,8,5,4,7,34,29,63,5,30
BLUE SOCKS,23,231,9.949550663640572,7610,6877,1764,226,920,900,171,0.2565071979060637,1253,78,29,1275,537.5142511111112,1525.94845,3.860836600159618,1.2178359537110934,3,4,3,9,7,7,4,7,7,9,26,34,60,6,30
BIG RED MACHINE,23,206,9.714676573314149,7399,6556,1635,262,926,917,126,0.24938987187309336,1217,73,59,1149,530.4194655555555,1523.00772,3.9225761626951514,1.2514443056696796,9,5,5,2,2,6,7,6,5,5,23,29,52,7,30
FREE BIRDS,23,244,9.025287670267206,7256,6399,1627,226,883,866,127,0.2542584778871699,1279,78,27,1281,562.0856044444445,1615.9302500000001,3.955254448788116,1.2634325645035185,3,1,2,3,5,7,3,8,3,3,14,24,38,8,30
ERIE LAKERS,23,198,8.041028952868432,7221,6428,1677,243,909,902,118,0.2608898568761668,1028,57,41,949,485.52802333333335,1347.3928799999999,4.250731721789884,1.3106934630350193,5,2,4,1,10,3,6,2,1,2,22,14,36,9,30
FREE AT LAST,22,224,8.149843585389988,7277,6380,1590,229,916,859,160,0.24921630094043887,1009,55,69,923,471.9163333333333,1334.47481,4.209362735381565,1.3225716650148662,4,3,1,6,1,2,9,1,2,1,15,15,30,10,30
MELONHEADS,23,266,10.866414568178905,7517,6688,1686,253,959,929,187,0.2520933014354067,1399,88,0,1331,594.3702155555555,1705.32305,3.8236825875625446,1.2189585775553966,6,7,6,9,4,10,3,9,9,9,32,40,72,1,31
WESTSIDE MARAUDERS,23,270,11.143726111353915,7547,6701,1701,263,956,935,165,0.25384271004327713,1264,80,54,1294,541.4093966666667,1533.678736,3.854971969936709,1.2133534303797469,8,5,7,7,5,9,6,8,7,10,32,40,72,1,31
LOUISVILLE SLUGGERS,23,222,10.552406131958072,7560,6823,1809,243,968,915,162,0.26513263960134836,966,64,97,1022,408.32127444444444,1209.80947,3.804235476190476,1.2523907556935816,4,9,5,6,10,4,10,3,10,5,34,32,66,2,31
HOOSIERS,23,228,10.226123120298666,7907,7005,1759,261,1008,963,220,0.25110635260528197,1221,73,8,1132,533.1294977777778,1562.5084399999998,3.929701457821458,1.279695692055692,7,10,10,10,3,7,4,6,4,3,40,24,64,3,31
NATIONAL PASTIME,23,253,10.414322014602902,7618,6835,1742,266,935,959,145,0.2548646671543526,1221,75,52,1164,540.0713366666666,1508.98667,3.9808698034398033,1.2358613185913185,9,3,9,5,6,8,5,7,3,8,32,31,63,4,31
BIG RED MACHINE,23,214,9.78352424687515,7705,6808,1684,275,958,940,113,0.24735605170387778,1161,70,59,1124,495.19133,1448.36641,3.838692480620155,1.247516287683032,10,6,8,1,1,6,8,5,8,6,26,33,59,5,31
BLUE SOCKS,23,216,9.931420478718362,7698,6936,1780,231,939,910,186,0.2566320645905421,1078,68,75,1099,465.2488411111111,1341.30084,3.884266762523191,1.2442493877551022,2,4,4,8,8,5,9,4,6,7,26,31,57,6,31
FREE BIRDS,23,254,9.220005665965978,7194,6399,1636,215,862,854,124,0.25566494764807,1443,88,0,1395,625.402988888889,1816.7027600000001,3.9006423423423433,1.2589762716562718,1,1,2,3,7,10,3,10,5,4,14,32,46,7,31
ERIE LAKERS,23,210,8.093520518990374,7240,6463,1688,244,907,906,119,0.26117901903140955,923,54,56,869,415.7830644444444,1187.84772,4.054222730227519,1.2869422751895991,5,2,3,2,9,3,7,1,2,1,21,14,35,8,31
FREE AT LAST,22,226,8.211454143005497,7802,6861,1712,241,963,915,141,0.24952630811835008,1114,64,0,1013,527.1689222222222,1431.6668899999997,4.258994883303411,1.2851587881508078,3,8,5,4,2,4,3,2,1,2,22,12,34,9,31
LOUISVILLE SLUGGERS,23,212,10.768744041185705,7667,6917,1814,255,988,941,184,0.2622524215700448,1049,66,58,1051,441.45002444444447,1299.73445,3.7874644613918016,1.239022354623451,9,9,9,8,10,4,9,3,9,7,45,32,77,1,32
WESTSIDE MARAUDERS,23,266,10.790412782559857,7428,6617,1696,253,942,921,147,0.25630950581834666,1267,80,51,1308,533.38721,1551.2498060000003,3.7888594238358326,1.2243487024467248,7,8,7,6,6,9,7,9,8,8,34,41,75,2,32
NATIONAL PASTIME,23,269,10.504822297365669,7646,6849,1762,249,931,921,133,0.2572638341363703,1259,78,52,1254,535.8712544444445,1531.96606,3.830692049245433,1.2168118030182684,5,7,7,5,8,8,8,7,6,9,32,38,70,3,32
HOOSIERS,23,238,10.214241151027043,7914,7004,1769,254,1005,955,225,0.2525699600228441,1055,66,44,1048,438.4108822222222,1330.97664,3.739998047393365,1.2615892322274882,8,10,10,10,4,4,5,2,10,3,42,24,66,4,32
MELONHEADS,23,267,10.676420825880099,7322,6525,1648,245,928,904,175,0.25256704980842914,1391,88,0,1362,590.7273311111111,1661.85421,3.8221035082674333,1.1947190582314882,4,6,4,7,3,10,1,10,7,10,24,38,62,5,32
BIG RED MACHINE,23,209,9.71927939836856,7497,6617,1635,272,942,925,122,0.24709082665860663,1187,72,59,1110,510.3846388888889,1491.63416,3.869807708508846,1.2566420893007582,10,8,8,3,1,6,10,5,4,4,30,29,59,6,32
BLUE SOCKS,23,218,10.014021368519881,7694,6947,1784,225,942,906,213,0.25680149704908595,1162,75,43,1149,497.66126222222226,1454.2926,3.8545192426850257,1.2515426850258176,1,8,5,9,7,7,4,6,5,5,30,27,57,7,32
FREE BIRDS,23,251,9.255771335645045,7358,6559,1665,235,879,898,122,0.253849672206129,1277,78,27,1265,569.6649944444445,1595.62057,4.014866836335161,1.2495071025841817,3,3,3,3,5,8,2,8,3,6,17,27,44,8,32
ERIE LAKERS,23,200,7.979922348227235,7341,6535,1684,252,913,918,110,0.2576893649579189,1028,57,49,900,489.82648555555556,1362.03692,4.288364173151751,1.3249386381322956,6,4,6,2,9,3,6,1,2,1,27,13,40,9,32
FREE AT LAST,22,214,8.164153657012527,7389,6487,1621,230,914,866,126,0.24988438415292122,1177,68,30,1060,563.5611444444444,1546.11799,4.309303568394221,1.3136091673746813,2,5,2,4,2,5,3,4,1,2,15,15,30,10,32
WESTSIDE MARAUDERS,23,261,10.806075796862423,7414,6614,1690,252,936,918,136,0.2555185969156335,1368,85,32,1338,577.8864822222222,1677.3385160000003,3.801884751461988,1.2261246461988307,7,7,7,5,6,10,6,10,9,8,32,43,75,1,33
NATIONAL PASTIME,23,270,10.462321642302715,7559,6776,1754,239,924,896,138,0.2588547815820543,1190,75,84,1184,503.72417,1445.42623,3.8096785966386557,1.2146438907563026,5,5,5,6,8,7,10,7,8,9,29,41,70,2,33
LOUISVILLE SLUGGERS,23,217,10.742401761378366,7725,6958,1814,268,1001,966,176,0.26070709974130496,1018,60,69,1025,445.7498411111111,1284.71797,3.9408139194499014,1.262001935166994,9,9,9,7,10,2,9,3,5,4,44,23,67,3,33
HOOSIERS,23,230,10.269367521017209,8025,7131,1780,272,1007,993,194,0.24961435983732996,1164,75,10,1101,498.5695733333333,1456.4008,3.854919381443299,1.2512034364261166,10,10,10,9,2,7,1,5,6,6,41,25,66,4,33
BLUE SOCKS,23,215,9.94499442015092,7675,6912,1773,224,944,902,212,0.2565104166666667,1201,76,29,1202,529.48667,1487.0937800000002,3.9678434887593674,1.2382129725228976,1,8,6,10,7,8,4,8,4,7,32,31,63,5,33
MELONHEADS,21,270,10.674374983201654,7101,6333,1598,244,903,881,187,0.25232906995105003,1151,73,27,1184,479.3631855555556,1347.32451,3.748278601216334,1.17056864465682,6,3,3,8,4,6,3,7,10,10,24,36,60,6,33
BIG RED MACHINE,23,210,9.705023698693934,7391,6545,1644,261,928,920,132,0.2511841100076394,1183,72,54,1117,506.70619000000005,1500.3040700000001,3.8549076162299247,1.268219839391378,8,6,8,4,3,5,8,6,7,3,29,29,58,7,33
FREE BIRDS,23,246,9.257606858854581,7512,6657,1687,236,906,895,120,0.25341745531019977,1318,79,19,1285,583.8466444444445,1652.5151,3.986813201820941,1.2538050834597876,4,4,4,2,5,9,2,9,3,5,19,28,47,8,33
ERIE LAKERS,23,202,8.020555505072625,7066,6274,1633,231,893,868,116,0.2602805227924769,1085,64,30,1028,506.35105444444446,1421.7012199999997,4.200146995391705,1.310323705069124,2,1,1,1,9,3,5,4,1,2,14,15,29,9,33
FREE AT LAST,22,217,8.144158481219158,7452,6579,1639,233,899,878,126,0.24912600699194407,1112,65,47,979,514.4130566666668,1473.3687900000002,4.163415026978417,1.3249719334532377,3,2,2,3,1,4,7,2,2,1,11,16,27,10,33
WESTSIDE MARAUDERS,23,267,10.95033861519206,7610,6794,1740,256,962,939,152,0.2561083308801884,1347,83,32,1325,581.2390688888888,1643.081406,3.883557253155159,1.219808022271715,9,7,9,7,6,10,5,10,7,7,38,39,77,1,34
LOUISVILLE SLUGGERS,23,201,10.697042531594706,7632,6837,1788,256,978,930,167,0.2615182097411145,1086,68,68,1086,472.33610333333337,1357.69342,3.914387596685083,1.250178103130755,9,9,8,8,10,5,9,4,5,5,44,28,72,2,34
HOOSIERS,23,243,10.235013536474975,7785,6901,1730,249,985,939,228,0.2506883060426025,1033,66,41,1021,424.7496188888889,1251.59391,3.7006259148112295,1.2116107550822846,7,10,9,10,2,4,7,2,10,9,38,32,70,3,34
NATIONAL PASTIME,23,269,10.433159387101906,7513,6735,1730,241,915,896,135,0.25686711210096513,1195,77,84,1193,496.5185866666667,1454.48198,3.7394705271966533,1.2171397322175732,5,5,5,4,8,8,10,7,9,8,27,42,69,4,34
MELONHEADS,21,270,10.73702543494595,7003,6210,1571,254,906,885,151,0.2529790660225443,1294,81,22,1281,546.5595466666667,1566.94946,3.801418794435858,1.2109346676970634,8,4,4,6,5,9,3,9,8,10,27,39,66,5,34
BLUE SOCKS,23,214,9.948139839775813,7610,6868,1760,234,934,914,193,0.256260920209668,1135,71,46,1181,492.37405111111116,1409.89383,3.9042876299559475,1.2421972070484582,3,6,7,9,7,6,8,6,6,6,32,32,64,6,34
BIG RED MACHINE,23,207,9.848252355265009,7755,6873,1731,269,967,951,126,0.25185508511567,1255,75,27,1167,558.6254766666667,1598.4069200000001,4.006079115537849,1.2736310119521914,10,8,10,2,4,7,4,5,3,3,34,22,56,7,34
FREE BIRDS,23,247,9.283425985433043,7379,6556,1651,239,890,900,136,0.25183038438072,1295,81,27,1246,573.6701666666668,1648.3985400000001,3.986896911196912,1.2728946254826257,4,1,6,5,3,9,4,8,4,4,19,29,48,8,34
ERIE LAKERS,23,204,8.033564240792385,7202,6426,1677,243,905,900,118,0.26097105508870216,1030,58,39,926,471.85213999999996,1341.9332,4.12297986407767,1.3028477669902911,6,3,6,1,9,3,6,1,2,2,25,14,39,9,34
FREE AT LAST,22,226,8.135668307602007,7312,6443,1607,228,892,863,130,0.2494179729939469,1182,68,27,1081,553.0204688888889,1553.05074,4.210815752961083,1.3139177157360404,2,2,3,3,1,5,4,3,1,1,11,14,25,10,34
WESTSIDE MARAUDERS,23,269,11.023373772909036,7544,6754,1743,245,940,923,133,0.25806929227124664,1267,80,59,1257,531.4130255555555,1531.8644060000001,3.774836014206787,1.2090484656669298,6,6,6,3,8,9,9,8,10,9,29,45,74,1,35
NATIONAL PASTIME,23,249,10.469316618360745,7671,6904,1768,261,942,940,140,0.25608342989571264,1227,77,52,1187,543.9975777777778,1528.83198,3.9902022819885903,1.2459918337408313,8,7,8,4,7,8,8,7,5,7,34,35,69,2,35
HOOSIERS,23,233,10.257487954346125,8025,7131,1780,272,1007,993,194,0.24961435983732996,1109,70,35,1034,470.82263333333333,1395.80741,3.8209230838593324,1.2586180432822363,10,9,10,10,2,5,4,3,9,5,41,26,67,3,35
LOUISVILLE SLUGGERS,23,204,10.730172189249757,8010,7172,1856,267,1017,959,169,0.2587841606246514,1189,71,36,1154,532.8146911111112,1526.57559,4.03308008410429,1.283915550883095,9,10,9,7,9,6,5,4,2,3,44,20,64,4,35
MELONHEADS,21,270,10.66322705431779,6938,6162,1573,239,897,871,171,0.2552742616033755,1381,87,0,1335,587.6139022222222,1661.5021499999998,3.829489587255612,1.203115242577842,4,3,3,8,5,10,1,10,8,10,23,39,62,5,35
BLUE SOCKS,23,228,9.87992040658705,7484,6744,1723,231,908,893,174,0.2554863582443654,1123,69,78,1156,481.43915444444445,1374.74934,3.858372564559217,1.2241757257346395,3,5,4,9,6,4,10,5,7,8,27,34,61,6,35
BIG RED MACHINE,23,216,9.816561202720113,7587,6733,1710,259,949,937,129,0.25397296895885935,1247,75,27,1175,544.2817844444445,1566.8450400000002,3.9282566639935848,1.2564916118684846,7,8,7,2,4,7,2,6,6,6,28,27,55,7,35
FREE BIRDS,23,243,8.977689695975375,7033,6235,1581,213,852,830,154,0.2535685645549318,1299,80,32,1300,576.0194066666667,1636.17674,3.990896581986143,1.2595663895304081,1,1,1,5,3,9,3,9,4,4,11,29,40,8,35
ERIE LAKERS,23,199,8.029834617815654,7221,6438,1681,243,907,900,120,0.2611059335197266,934,56,45,901,417.47422666666665,1208.72247,4.022770920770878,1.2941354068522484,5,4,5,1,10,2,6,1,3,2,25,14,39,9,35
FREE AT LAST,22,220,8.0298525974803,7088,6215,1539,222,892,835,160,0.24762670957361224,1076,63,49,1008,485.0688255555556,1394.40828,4.057267128252788,1.2959184758364313,2,2,2,6,1,3,7,2,1,1,13,14,27,10,35
WESTSIDE MARAUDERS,23,255,10.968170256598281,7484,6648,1675,262,943,928,159,0.2519554753309266,1361,85,32,1375,582.4398055555555,1682.1015860000002,3.851549044819985,1.2359306289493022,9,7,8,7,4,10,7,10,6,7,35,40,75,1,36
LOUISVILLE SLUGGERS,23,218,10.80543221645756,7956,7159,1883,256,1022,956,193,0.26302556222936163,908,57,88,926,386.02732333333336,1141.34386,3.8262620154185023,1.2569866299559471,8,10,10,9,10,2,10,1,7,5,47,25,72,2,36
BLUE SOCKS,23,236,10.045569217185571,7624,6883,1760,231,921,904,174,0.2557024553247131,1246,79,29,1257,525.6436588888889,1508.4374400000002,3.7967840529695027,1.210623948635634,2,5,5,8,7,8,6,8,9,9,27,40,67,3,36
NATIONAL PASTIME,23,263,10.518892917823646,7639,6858,1764,254,939,924,145,0.2572178477690289,1154,73,84,1133,507.7129211111111,1407.88071,3.9596328336221838,1.2200006152512997,7,6,7,5,8,7,9,6,4,8,33,34,67,3,36
HOOSIERS,23,233,10.20568254931542,7624,6741,1697,239,965,911,231,0.25174306482717695,1142,72,46,1083,484.4213222222222,1424.37646,3.817681173380035,1.2472648511383537,4,9,6,10,3,6,8,4,8,6,32,32,64,4,36
BIG RED MACHINE,23,202,9.772642559966684,7587,6710,1674,271,951,944,118,0.24947839046199702,1270,79,27,1183,550.2836511111111,1625.2364400000001,3.8996479212598425,1.2797137322834646,10,8,9,3,2,8,5,7,5,3,32,28,60,5,36
MELONHEADS,19,270,10.401172345820587,6940,6182,1580,247,889,881,151,0.25558071821417017,1000,64,27,1030,409.99881888888893,1165.88895,3.68998937,1.16588895,6,2,2,6,6,4,5,3,10,10,22,32,54,6,36
FREE BIRDS,23,242,9.18928707496663,7316,6510,1652,230,884,888,131,0.2537634408602151,1309,80,27,1259,583.44964,1650.8557,4.011494851031322,1.2611579067990832,1,1,3,4,5,9,5,9,3,4,14,30,44,7,36
ERIE LAKERS,23,201,8.104471138046708,7221,6428,1677,243,909,902,118,0.2608898568761668,1148,63,22,993,539.6401566666667,1511.5766799999997,4.230628405923345,1.3167044250871078,5,3,4,3,9,3,4,2,1,1,24,11,35,8,36
FREE AT LAST,22,224,8.1781923196937,7410,6524,1623,236,911,879,116,0.2487737584304108,1128,65,19,1101,515.3189122222223,1460.18052,4.111587065602837,1.2944862765957446,3,4,1,2,1,5,3,5,2,2,11,17,28,9,36
WESTSIDE MARAUDERS,23,264,10.898914596243793,7512,6671,1697,268,961,940,140,0.25438464997751464,1324,81,32,1334,569.3303288888887,1609.147936,3.870070211480362,1.2153685317220544,9,8,8,5,5,9,4,9,7,9,35,38,73,1,37
LOUISVILLE SLUGGERS,23,213,10.794044769316887,8103,7288,1881,279,1021,994,163,0.25809549945115257,953,61,77,949,401.24217111111113,1184.66904,3.789275487932844,1.243094480587618,10,10,10,7,7,2,9,1,9,6,44,27,71,2,37
NATIONAL PASTIME,23,260,10.508266562430329,7765,6976,1813,254,954,951,147,0.25989105504587157,1134,70,79,1087,505.83788111111113,1407.20941,4.014586358024691,1.2409254056437389,7,7,9,6,9,4,10,3,3,7,38,27,65,3,37
BLUE SOCKS,23,232,10.054521281758436,7610,6853,1743,230,921,898,195,0.254341164453524,1209,75,48,1217,514.5135733333334,1483.49952,3.830125856079405,1.2270467493796526,3,5,5,9,4,7,6,8,8,8,26,37,63,4,37
MELONHEADS,20,270,10.571529053017038,6560,5828,1494,227,854,824,165,0.25634866163349346,1361,88,0,1343,567.8564822222222,1644.1045900000001,3.7551126671565025,1.2080121895664953,2,1,2,8,6,10,2,10,10,10,19,42,61,5,37
HOOSIERS,23,236,10.238988275536988,7815,6914,1740,248,986,933,231,0.25166329187156494,1149,72,33,1114,494.69054,1449.35909,3.874860626631854,1.2614091296779808,6,9,7,10,3,5,5,4,6,4,35,24,59,6,37
BIG RED MACHINE,23,201,9.750203574860851,7434,6588,1633,264,929,916,115,0.2478749241044323,1213,73,59,1157,524.2487388888889,1531.35002,3.8897268342951357,1.262448491343776,8,6,6,2,2,6,8,6,5,3,24,28,52,7,37
FREE BIRDS,23,249,9.219714272657919,7176,6406,1655,217,873,869,129,0.25835154542616295,1195,76,57,1195,526.8834711111112,1506.97542,3.968160033472804,1.2610672970711296,1,2,4,3,8,8,7,7,4,5,18,31,49,8,37
ERIE LAKERS,23,188,8.068087432990856,7286,6477,1691,239,908,898,111,0.26107765941022076,1070,62,28,958,491.13933777777777,1417.61186,4.131078542056074,1.3248708971962617,5,4,5,1,10,3,3,2,2,1,25,11,36,9,37
FREE AT LAST,22,224,8.093730097204752,7214,6343,1569,233,892,854,133,0.24735929370960114,1244,70,0,1153,575.2027033333334,1591.55652,4.161434348874598,1.279386270096463,4,3,3,4,1,4,2,5,1,2,15,14,29,10,37
WESTSIDE MARAUDERS,23,260,11.093761767724942,7764,6947,1775,264,966,959,146,0.255505973801641,1333,83,32,1345,575.6359188888888,1642.092536,3.8865140810202545,1.2318773713428357,9,8,9,5,5,10,5,10,8,8,36,41,77,1,38
BLUE SOCKS,23,236,9.978856996473692,7624,6883,1760,231,921,904,174,0.2557024553247131,1183,76,40,1216,496.4240722222223,1424.2906600000001,3.776683558748944,1.2039650549450551,4,5,5,9,6,8,7,7,9,9,29,40,69,2,38
LOUISVILLE SLUGGERS,23,211,10.767458932408466,7725,6952,1809,262,985,953,168,0.26021288837744533,1066,66,85,1025,466.51785666666666,1345.84057,3.9387061069418388,1.2625146060037524,8,9,8,7,9,5,10,2,5,5,41,27,68,3,38
NATIONAL PASTIME,23,260,10.44330041270645,7598,6828,1759,253,938,929,152,0.2576157000585823,1135,73,82,1103,491.9590666666667,1408.86104,3.900997004405286,1.2412872599118943,7,6,6,6,8,6,9,5,7,7,33,34,67,4,38
HOOSIERS,23,228,10.24929575481285,7945,7050,1765,266,1011,976,208,0.250354609929078,1215,74,10,1099,533.0484555555556,1547.1977499999998,3.948507078189301,1.2734137860082304,10,10,10,10,2,7,3,4,4,4,42,22,64,5,38
BIG RED MACHINE,23,203,9.767903157379674,7531,6667,1675,264,947,932,128,0.25123743812809357,1314,79,27,1176,574.5436822222223,1680.70363,3.935230700152207,1.279074299847793,9,7,7,2,3,9,4,6,6,3,28,28,56,6,38
MELONHEADS,19,270,10.4085930674236,6497,5796,1478,225,840,815,173,0.2550034506556246,1229,79,0,1250,508.32812555555563,1450.24846,3.72250051261188,1.1800231570382425,3,1,1,8,4,9,2,8,10,10,17,39,56,6,38
FREE BIRDS,23,248,9.107404906797612,7284,6463,1653,211,870,851,140,0.25576357728609006,1272,79,32,1294,569.6661233333333,1583.14571,4.030656533018868,1.2446114072327044,2,2,2,3,7,9,5,9,2,6,16,31,47,7,38
ERIE LAKERS,23,194,8.072115078196779,7272,6462,1692,238,909,898,103,0.2618384401114206,920,51,70,868,420.2140244444445,1197.82154,4.110789369565218,1.3019799347826086,6,3,4,1,10,3,8,1,1,1,24,14,38,8,38
FREE AT LAST,22,229,8.11389643220888,7298,6376,1574,234,917,854,144,0.24686323713927227,1061,61,35,1028,473.44724444444444,1376.96887,4.016046371347785,1.2978028934967012,5,4,3,4,1,4,6,3,3,2,17,18,35,9,38
LOUISVILLE SLUGGERS,23,210,10.80784801740929,7774,6995,1821,266,994,956,164,0.26032880629020727,1045,67,61,1055,450.5549655555556,1310.2176,3.880377693779905,1.2537967464114832,10,9,9,7,10,6,9,4,8,6,45,33,78,1,39
WESTSIDE MARAUDERS,23,266,10.810031027404204,7512,6701,1718,252,953,927,154,0.25637964482913,1334,82,32,1337,575.2071288888887,1629.908486,3.880707766116941,1.2218204542728637,7,7,7,6,7,10,7,10,7,8,34,42,76,2,39
HOOSIERS,23,225,10.246007309348979,7928,7017,1760,264,1007,971,207,0.25081943850648425,1223,76,17,1092,527.6850988888889,1568.7880499999999,3.8832100490596893,1.2827375715453802,9,10,10,10,3,7,3,5,6,3,42,24,66,3,39
MELONHEADS,21,270,10.647051414998401,6964,6220,1581,236,887,862,176,0.2541800643086817,1286,82,22,1284,540.1873166666667,1557.63583,3.7804711119751166,1.2112253732503888,4,2,2,9,5,10,4,9,10,10,22,43,65,4,39
BLUE SOCKS,23,229,9.875323326045304,7390,6650,1697,232,903,889,173,0.255187969924812,1257,79,29,1279,534.4949466666667,1536.9317100000003,3.8269327923627685,1.2226982577565635,3,4,4,8,6,9,6,8,9,7,25,39,64,5,39
NATIONAL PASTIME,23,264,10.465751677565079,7611,6854,1775,246,930,922,154,0.2589728625620076,1069,67,111,1050,468.00829444444446,1305.15939,3.9402007951356413,1.2209161739943872,5,5,6,6,9,6,10,3,4,9,31,32,63,6,39
BIG RED MACHINE,23,203,9.767828672492936,7517,6664,1669,263,941,929,117,0.2504501800720288,1288,77,27,1190,559.3503733333334,1637.43588,3.908504161490684,1.271301149068323,8,6,8,2,2,8,5,6,5,4,26,28,54,7,39
FREE BIRDS,23,242,9.204123802221039,7309,6513,1655,224,876,876,139,0.2541071702748349,1304,79,27,1271,576.0182777777779,1648.6516000000001,3.975586273006136,1.2643033742331289,1,1,3,5,4,9,5,7,3,5,14,29,43,8,39
FREE AT LAST,22,221,8.127069244005881,7851,6907,1721,247,959,920,126,0.24916751122050093,1010,58,16,971,465.52653,1299.6332999999997,4.148256207920792,1.2867656435643562,6,8,5,3,1,5,2,2,2,1,23,12,35,9,39
ERIE LAKERS,23,210,7.966219269066791,6987,6175,1596,227,888,852,138,0.25846153846153846,974,57,59,914,449.06393555555553,1251.8291399999998,4.149461416837782,1.2852455236139628,2,3,1,4,8,4,8,1,1,2,18,16,34,10,39
WESTSIDE MARAUDERS,23,264,11.115816214234828,7708,6902,1784,254,972,951,156,0.25847580411474935,1271,78,49,1282,547.4910288888888,1548.465206,3.8768050826121154,1.2183046467348546,7,9,8,7,8,9,8,9,8,9,39,43,82,1,40
LOUISVILLE SLUGGERS,23,217,10.603936468091312,7036,6338,1656,235,900,865,152,0.26128116124960554,1115,71,93,1143,462.9978166666667,1365.40252,3.737202107623319,1.2245762511210763,4,4,4,5,9,5,10,6,9,8,26,38,64,2,40
HOOSIERS,23,233,10.294869148264546,8078,7158,1786,275,1019,994,196,0.2495110366024029,1247,74,16,1075,548.09242,1588.39462,3.9557592461908575,1.2737727506014436,10,10,10,10,2,6,3,3,6,2,42,20,62,3,40
BLUE SOCKS,23,217,9.970664675731458,7897,7116,1823,239,956,931,188,0.2561832490163013,1207,75,29,1165,532.0106644444445,1511.45572,3.9669395028997516,1.252241690140845,5,8,6,9,5,7,5,7,3,6,33,28,61,4,40
BIG RED MACHINE,23,204,9.837983226735686,7678,6811,1702,270,951,954,124,0.24988988401115841,1281,76,27,1184,564.3349855555556,1621.90756,3.9648828024980483,1.2661261202185794,9,7,9,2,3,8,4,8,4,4,30,28,58,5,40
NATIONAL PASTIME,23,253,10.472104457126362,7765,6999,1803,255,950,946,150,0.25760822974710673,1121,69,79,1099,499.8059411111111,1394.03649,4.01271495985727,1.2435651115075825,8,6,7,4,7,4,9,4,2,7,32,26,58,5,40
MELONHEADS,18,270,10.205355876159846,6560,5828,1494,227,854,824,165,0.25634866163349346,1067,69,0,1114,434.7012033333334,1246.37438,3.6666455763823813,1.168110946579194,3,1,1,8,6,4,2,5,10,10,19,31,50,6,40
FREE BIRDS,23,244,9.085960673468996,7250,6396,1618,221,876,845,135,0.2529706066291432,1306,80,32,1291,574.9498377777778,1646.6622000000002,3.962135176110261,1.260843950995406,1,2,3,3,4,10,6,10,5,5,13,36,49,7,40
ERIE LAKERS,23,188,8.070162726886448,7240,6451,1688,242,908,901,117,0.26166485816152535,1056,61,32,974,496.89187,1400.8478300000002,4.234873892045455,1.3265604450757578,6,5,5,1,10,2,6,1,1,1,27,11,38,8,40
FREE AT LAST,22,235,8.063194753001708,6997,6128,1512,225,880,828,154,0.24673629242819844,1017,65,44,1016,440.1998400000001,1292.70666,3.8955738053097355,1.2710979941002951,2,3,2,6,1,3,7,2,7,3,14,22,36,9,40
WESTSIDE MARAUDERS,23,263,11.121993687734356,7743,6912,1796,252,975,947,143,0.25983796296296297,1275,80,54,1279,548.9629866666667,1568.4349960000002,3.8750328470588236,1.230145094901961,6,8,8,5,8,9,8,8,7,8,35,40,75,1,41
HOOSIERS,23,241,10.2436177836592,7907,7007,1751,265,1004,978,216,0.24989296417867846,1103,68,33,1056,463.49829,1367.90519,3.7819443427017223,1.2401678966455123,9,10,10,10,3,6,5,4,9,7,42,31,73,2,41
MELONHEADS,23,266,10.634500464822151,7268,6474,1624,256,925,911,178,0.2508495520543713,1389,88,0,1372,590.996098888889,1668.80597,3.8293483729301663,1.2014441828653706,8,5,7,8,4,10,3,10,8,10,32,41,73,2,41
LOUISVILLE SLUGGERS,23,207,10.753368821438439,7797,7015,1835,254,992,947,171,0.2615823235923022,1054,64,77,1026,470.4098144444445,1345.5799299999999,4.016782096774194,1.2766412998102465,7,9,8,7,10,5,10,3,3,3,41,24,65,3,41
NATIONAL PASTIME,22,270,10.26303832830986,6985,6275,1626,224,860,835,139,0.2591235059760956,1251,80,52,1287,519.1370811111111,1517.5775,3.7347991446842523,1.2130915267785771,2,1,2,4,7,9,7,9,10,9,16,44,60,4,41
BLUE SOCKS,23,218,9.878173923793437,7614,6868,1758,223,924,892,193,0.2559697146185207,1186,72,61,1165,513.2298611111111,1472.84925,3.894661677908937,1.241862774030354,1,4,4,9,6,7,9,6,6,6,24,34,58,5,41
BIG RED MACHINE,23,209,9.78115092839198,7678,6811,1702,270,951,954,124,0.24988988401115841,1234,76,27,1160,534.6931466666667,1558.0165,3.8997069043760133,1.26257414910859,10,6,9,3,2,8,4,5,5,5,30,27,57,6,41
FREE BIRDS,23,245,9.29982289632265,7421,6587,1656,242,896,902,122,0.25140428115986035,1287,80,27,1259,573.4791,1627.36668,4.010343356643357,1.264465174825175,4,2,6,2,5,9,4,7,4,4,19,28,47,7,41
ERIE LAKERS,23,206,8.012881595864185,7202,6426,1677,243,905,900,118,0.26097105508870216,991,60,33,926,450.87891222222225,1280.8176399999998,4.0947630776992945,1.2924496871846618,5,3,5,1,9,4,5,2,2,2,23,15,38,8,41
FREE AT LAST,22,228,8.07118358924293,7648,6692,1661,240,960,890,158,0.2482068141063957,958,53,49,874,444.4992788888889,1249.81711,4.1758804906054285,1.3046107620041754,3,7,3,6,1,3,6,1,1,1,20,12,32,9,41
WESTSIDE MARAUDERS,23,268,10.837632744566587,7582,6731,1710,266,962,939,136,0.25404843262516713,1255,80,43,1310,531.5501144444444,1525.2109960000003,3.8119131713147403,1.2153075665338648,9,8,9,5,5,9,5,9,9,9,36,41,77,1,42
LOUISVILLE SLUGGERS,23,217,10.754346307251868,7653,6879,1822,242,988,920,199,0.2648640790812618,1084,67,68,1043,470.5884266666667,1348.53399,3.9070994833948345,1.2440350461254612,5,9,7,8,10,3,9,5,6,7,39,30,69,2,42
HOOSIERS,23,229,10.303793501786782,7910,7006,1750,260,1002,962,203,0.2497858978018841,1271,76,0,1140,551.9589944444444,1588.55542,3.9084429189614474,1.2498469079464987,8,10,10,9,2,8,2,7,5,6,39,28,67,3,42
NATIONAL PASTIME,23,264,10.522945835715184,7534,6786,1770,244,927,920,145,0.2608311229000884,1139,70,79,1140,503.7949344444445,1389.28171,3.980820377524144,1.21973811237928,6,6,7,6,9,4,10,7,3,8,34,32,66,4,42
BIG RED MACHINE,23,203,9.687693518470022,7413,6547,1611,275,927,924,110,0.24606690087062777,1224,73,59,1140,529.3498966666666,1533.4931800000002,3.8922786519607837,1.2528539052287584,10,6,8,1,1,5,8,7,8,5,26,33,59,5,42
BLUE SOCKS,23,212,10.002139395062756,7656,6899,1766,225,943,901,215,0.2559791274097695,1159,74,56,1137,506.4559111111111,1463.76969,3.932789646246764,1.262959180327869,3,7,6,10,7,6,7,6,4,3,33,26,59,5,42
MELONHEADS,19,270,10.3416340217803,6490,5777,1468,225,846,816,178,0.25411113034446947,1151,75,19,1186,466.8090155555556,1361.6582999999998,3.650113935708081,1.1830219808861857,3,2,3,7,6,7,3,8,10,10,21,38,59,5,42
FREE BIRDS,23,246,9.110122543455438,7127,6306,1592,223,853,848,124,0.2524579765302886,1443,88,0,1395,625.402988888889,1816.7027600000001,3.9006423423423433,1.2589762716562718,2,3,4,4,4,10,2,10,7,4,17,33,50,6,42
ERIE LAKERS,23,197,8.156380273099163,7378,6585,1717,248,919,920,116,0.2607441154138193,1079,64,22,967,513.7297688888888,1431.7305199999998,4.285049045412418,1.3269050231696013,7,5,7,2,8,2,4,3,1,1,29,11,40,7,42
FREE AT LAST,22,222,8.216080418026252,7529,6653,1666,233,910,890,123,0.2504133473620923,985,57,55,985,446.45681666666667,1287.25442,4.079300862944162,1.3068572791878172,4,4,5,3,3,1,6,4,2,2,19,15,34,8,42
WESTSIDE MARAUDERS,23,265,11.107508598670393,7778,6931,1777,263,977,953,137,0.25638436012119464,1272,79,59,1268,546.0097222222222,1563.652696,3.863276336477987,1.229286710691824,8,9,9,5,7,9,9,8,7,9,38,42,80,1,43
LOUISVILLE SLUGGERS,23,218,10.724704395461686,7387,6661,1718,249,935,907,176,0.25791923134664463,1247,78,36,1271,523.0036055555555,1534.3432699999998,3.7746852044907775,1.2304276423416198,6,6,5,8,9,8,6,9,9,8,34,40,74,2,43
HOOSIERS,23,250,10.211081095060068,7907,7007,1751,265,1004,978,216,0.24989296417867846,1075,71,35,1012,446.4391888888889,1336.0149999999999,3.7376304186046516,1.2428046511627906,9,10,10,10,2,4,5,3,10,6,41,28,69,3,43
MELONHEADS,23,269,10.56249010077228,7290,6485,1655,247,922,906,160,0.25520431765612955,1364,88,0,1336,578.485328888889,1645.3997399999998,3.816985307917889,1.2063047947214076,4,4,4,7,5,10,1,10,8,10,24,39,63,4,43
NATIONAL PASTIME,23,250,10.449266935169216,7681,6927,1785,253,946,937,157,0.2576873105240364,1208,74,52,1171,530.8287233333333,1518.3345800000002,3.9548497599337744,1.256899486754967,7,7,7,6,8,5,8,6,4,4,35,27,62,5,43
BIG RED MACHINE,23,207,9.755204769654307,7615,6737,1699,267,958,939,120,0.25218940181089505,1250,76,27,1174,543.4673366666667,1600.3646899999999,3.9129648240000003,1.280291752,10,8,8,4,3,6,3,7,6,3,33,25,58,6,43
BLUE SOCKS,23,217,9.858657147500175,7614,6868,1758,223,924,892,193,0.2559697146185207,1015,63,110,1050,445.66316666666665,1255.03337,3.951693103448276,1.236486078817734,2,5,3,9,6,2,10,4,5,7,25,28,53,7,43
FREE BIRDS,23,250,9.210023239549983,7547,6692,1707,232,910,890,119,0.2550806933652122,1273,77,19,1268,564.69032,1589.62422,3.9923117674783977,1.2487228750981931,3,2,2,3,4,7,2,8,3,5,14,25,39,8,43
ERIE LAKERS,23,206,8.055813513407855,7321,6525,1695,248,918,915,116,0.2597701149425287,949,55,45,904,439.23511666666667,1229.57976,4.165559589041096,1.295658335089568,5,3,6,2,10,1,7,2,1,1,26,12,38,9,43
FREE AT LAST,22,221,8.022392341159348,7088,6215,1539,222,892,835,160,0.24762670957361224,1199,67,30,1053,553.1227188888889,1553.13608,4.151880291909925,1.29535953294412,1,1,1,7,1,3,4,5,2,2,11,16,27,10,43
MELONHEADS,23,268,10.721418916924238,7512,6663,1682,265,961,941,158,0.2524388413627495,1369,86,0,1343,575.8325677777779,1656.64262,3.7856049013878748,1.2101114828341857,8,8,8,7,4,10,2,9,10,10,35,41,76,1,44
WESTSIDE MARAUDERS,23,264,10.964421297492725,7638,6809,1744,261,961,948,143,0.2561315905419298,1334,83,32,1347,579.5499855555555,1645.242716,3.9100073988005994,1.2333153793103449,7,8,9,4,6,9,4,10,5,7,34,35,69,2,44
HOOSIERS,23,234,10.262609905347684,7998,7090,1770,271,1011,986,209,0.24964739069111425,1099,69,36,1043,471.11102666666665,1382.0273099999997,3.858052083712466,1.2575316742493172,10,10,10,10,2,4,5,3,7,5,42,24,66,3,44
LOUISVILLE SLUGGERS,23,210,10.70876277368655,7609,6847,1795,245,970,918,181,0.2621586096100482,1152,73,53,1133,509.33798111111116,1462.9600599999999,3.9792029774305555,1.2699306076388888,5,9,5,9,10,6,7,5,4,3,38,25,63,4,44
NATIONAL PASTIME,23,269,10.476869009674626,7612,6854,1772,247,932,923,144,0.2585351619492267,1052,68,95,1082,451.01346111111116,1278.9853500000002,3.8584801806083653,1.2157655418250952,6,6,6,5,8,3,10,4,6,9,31,32,63,4,44
BLUE SOCKS,23,218,9.934240137241641,7449,6750,1729,226,895,888,173,0.2561481481481481,1251,77,56,1208,531.4935144444445,1537.2215199999998,3.823694348521183,1.2287941806554754,2,3,3,8,7,7,8,7,9,8,23,39,62,5,44
BIG RED MACHINE,23,216,9.788868571018734,7615,6737,1699,267,958,939,120,0.25218940181089505,1168,70,46,1134,498.34620000000007,1474.74566,3.8399964041095895,1.2626247089041096,9,7,7,1,3,5,6,6,8,4,27,29,56,6,44
FREE BIRDS,23,246,9.121107746557875,7386,6561,1672,219,886,867,137,0.254839201341259,1345,82,0,1318,598.3738800000001,1684.4073700000001,4.00398878810409,1.2523474869888476,1,2,2,3,5,8,2,8,3,6,13,27,40,7,44
ERIE LAKERS,23,203,8.028582701193491,7202,6415,1670,244,908,901,121,0.2603273577552611,1051,62,22,964,481.38432,1371.8152599999999,4.1222253853472886,1.305247630827783,4,5,4,2,9,2,3,2,2,1,24,10,34,8,44
FREE AT LAST,22,222,8.16960630659246,7179,6277,1542,233,898,849,155,0.24565875418193406,1031,58,73,935,474.50229111111116,1331.43554,4.142115053346266,1.2914020756547042,3,4,1,6,1,1,9,1,1,2,15,14,29,9,44
LOUISVILLE SLUGGERS,23,212,10.815542432317768,7737,6932,1806,260,994,939,169,0.26053087132140795,1089,71,52,1125,458.99282000000005,1349.2800599999998,3.7933290909090918,1.2390083195592285,7,9,9,8,10,5,8,4,9,7,43,33,76,1,45
WESTSIDE MARAUDERS,22,270,10.952244017202133,7232,6420,1633,261,923,912,136,0.2543613707165109,1321,85,32,1335,557.1353055555555,1606.2026360000002,3.795774224072672,1.2158990431491297,8,6,7,4,5,10,5,10,8,9,30,42,72,2,45
HOOSIERS,23,241,10.319387409234848,8187,7256,1824,271,1035,1004,207,0.2513781697905182,1000,60,50,979,425.52097555555554,1257.19346,3.82968878,1.2571934599999999,10,10,10,10,3,2,7,2,7,4,43,22,65,3,45
NATIONAL PASTIME,23,264,10.42263723087789,7510,6755,1746,236,920,895,152,0.25847520355292375,1263,79,52,1245,541.2033788888889,1543.91912,3.8565561441013463,1.2224221060965954,4,5,3,6,8,8,8,7,5,8,26,36,62,4,45
BLUE SOCKS,23,211,9.872686153615764,7669,6937,1792,220,927,901,195,0.25832492431886983,1173,71,56,1160,520.0978244444444,1458.4695800000004,3.990520392156862,1.2433670758738282,1,8,6,9,7,5,9,6,4,6,31,30,61,5,45
BIG RED MACHINE,23,205,9.776549985388177,7521,6692,1662,265,924,923,111,0.24835624626419606,1195,72,59,1158,509.24649666666664,1509.1141300000002,3.835329263598326,1.2628570125523013,9,7,8,1,2,6,10,5,6,3,27,30,57,6,45
MELONHEADS,20,270,10.521870366530717,6567,5852,1503,235,847,838,149,0.25683526999316475,1288,82,19,1287,540.0911655555557,1540.4853299999997,3.773928951863355,1.1960289829192545,3,1,1,5,6,9,2,9,10,10,16,40,56,7,45
FREE BIRDS,23,253,9.306304474832524,7389,6556,1659,237,893,899,130,0.25305064063453325,1277,78,27,1265,569.6649944444445,1595.62057,4.014866836335161,1.2495071025841817,5,2,5,3,4,7,4,8,3,5,19,27,46,8,45
ERIE LAKERS,23,187,8.05872882833674,7267,6464,1684,240,907,897,114,0.26051980198019803,1156,67,20,966,546.7607322222223,1542.52395,4.256787707612457,1.3343632785467128,6,4,4,2,9,4,3,1,1,1,25,10,35,9,45
FREE AT LAST,22,223,8.196231021372737,7200,6306,1563,229,905,847,163,0.24785918173168411,1090,63,46,987,502.2315344444445,1422.67457,4.146865880733945,1.3052060275229358,2,3,2,7,1,3,6,3,2,2,15,16,31,10,45
WESTSIDE MARAUDERS,23,262,10.842970861033281,7505,6689,1716,253,955,928,155,0.25654058902676036,1263,79,54,1293,546.8451133333333,1558.412256,3.8967585273159138,1.2338972731591449,8,7,7,6,6,9,8,9,7,8,34,41,75,1,46
NATIONAL PASTIME,23,270,10.429903968809189,7447,6685,1715,236,907,882,135,0.25654450261780104,1208,76,84,1198,503.2845677777778,1458.7744500000001,3.749636680463577,1.2075947433774836,5,5,4,5,7,7,10,7,10,9,26,43,69,2,46
LOUISVILLE SLUGGERS,23,203,10.810951723297123,7842,7037,1838,262,997,958,177,0.2611908483728862,1037,62,80,1028,456.54419000000007,1322.9159300000001,3.962292873674061,1.2757144937319191,9,9,9,8,10,3,9,3,5,3,45,23,68,3,46
HOOSIERS,23,233,10.239629635471367,7865,6982,1749,262,1003,968,221,0.25050128902893154,1131,71,24,1045,475.20670666666666,1410.0550799999999,3.7814857294429705,1.246733050397878,9,10,10,10,2,5,3,4,8,6,41,26,67,4,46
MELONHEADS,21,270,10.649573024349287,6772,6031,1524,240,872,855,168,0.25269441220361466,1357,86,0,1362,566.9312033333333,1627.7073300000002,3.760044826823876,1.1994895578481948,6,1,1,7,4,10,2,10,9,10,19,41,60,5,46
BIG RED MACHINE,23,207,9.811280522567179,7731,6879,1734,267,957,951,117,0.25207152202354993,1268,76,27,1163,554.1267222222223,1607.2663499999999,3.9330761041009468,1.2675602129337538,10,8,8,3,3,7,4,6,6,4,32,27,59,6,46
BLUE SOCKS,23,217,9.881794876639919,7683,6914,1777,221,936,899,216,0.25701475267573043,1193,73,48,1133,529.4651955555555,1487.33395,3.994288985750209,1.2467174769488685,2,6,5,9,8,6,7,5,3,7,30,28,58,7,46
FREE BIRDS,23,248,9.366655845648024,7459,6629,1676,246,902,916,112,0.2528284809171821,1244,77,27,1255,548.4592277777779,1567.36658,3.967952612540193,1.2599409807073956,7,3,6,1,5,8,4,8,4,5,22,29,51,8,46
ERIE LAKERS,23,204,7.986980293174052,7073,6282,1636,232,890,868,114,0.26042661572747533,1074,64,28,1018,500.54616444444446,1404.84024,4.194520931098696,1.3080449162011174,4,2,3,2,9,4,5,2,1,1,20,13,33,9,46
FREE AT LAST,22,228,8.144884925445249,7319,6428,1599,231,903,858,130,0.2487554449284381,1077,64,41,1012,489.5361366666667,1380.81124,4.090831225626741,1.2820902878365832,3,4,2,4,1,4,6,1,2,2,14,15,29,10,46
WESTSIDE MARAUDERS,22,270,10.986715288351165,7645,6811,1753,251,974,936,176,0.25737777125238587,1211,76,32,1196,515.3808255555555,1477.9538360000001,3.830245606936416,1.2204408224607763,6,9,8,7,7,9,5,8,8,8,37,38,75,1,47
MELONHEADS,22,270,10.650220487297595,7181,6397,1609,252,914,897,177,0.2515241519462248,1200,76,49,1217,502.6051366666667,1433.68059,3.769538525,1.194733825,7,3,4,8,4,9,6,9,9,10,26,43,69,2,47
NATIONAL PASTIME,23,253,10.416885394928139,7730,6911,1749,276,948,970,129,0.2530748082766604,1227,76,52,1147,541.3907177777778,1515.62836,3.9710810594947032,1.2352309372453136,10,7,10,4,5,9,8,5,4,7,36,33,69,2,47
BLUE SOCKS,23,229,9.99401324054576,7453,6727,1723,219,916,878,192,0.2561320053515683,1121,69,75,1178,467.0576822222223,1351.2095199999999,3.7497940588760037,1.2053608563782336,2,4,2,9,6,7,10,7,10,9,23,43,66,3,47
LOUISVILLE SLUGGERS,23,218,10.582259302338159,7543,6811,1812,240,962,907,173,0.2660402290412568,1101,73,50,1148,471.36661000000004,1385.50011,3.8531330517711173,1.2584015531335149,4,8,5,6,10,8,7,6,7,5,33,33,66,3,47
HOOSIERS,23,231,10.243007733800857,7868,6975,1745,257,996,960,217,0.25017921146953404,1147,69,30,1099,505.93113444444447,1456.36494,3.969817096774194,1.2697165998256321,8,10,9,10,3,7,4,3,5,4,40,23,63,4,47
BIG RED MACHINE,23,204,9.728536378008554,7434,6588,1633,264,929,916,115,0.2478749241044323,1213,73,59,1143,525.7894200000001,1522.3031700000001,3.901158103874691,1.2549902473206926,9,6,6,2,1,8,9,4,6,6,24,33,57,5,47
FREE BIRDS,23,243,9.302869424774828,7456,6623,1706,218,890,868,137,0.2575871961346822,1308,81,30,1253,584.1470277777779,1665.8025700000003,4.019360282874619,1.2735493654434253,1,1,1,5,8,10,4,10,3,3,16,30,46,6,47
ERIE LAKERS,23,208,8.10215414984346,7340,6527,1695,248,922,917,116,0.25969051631683776,1103,66,8,969,506.4134722222222,1437.8576199999998,4.132113553943789,1.3035880507706255,5,5,7,3,9,6,2,1,1,1,29,11,40,7,47
FREE AT LAST,22,214,8.149853591336267,7410,6524,1623,236,911,879,116,0.2487737584304108,1159,65,16,1093,526.0148411111111,1499.8902699999999,4.084670897325281,1.2941244779982743,3,2,3,3,2,5,3,2,2,2,13,14,27,8,47
MELONHEADS,23,270,10.764111951648902,7671,6798,1717,258,974,936,163,0.2525742865548691,1355,85,2,1317,576.8106588888888,1618.54021,3.8312147084870842,1.1944946199261992,7,8,7,7,4,9,3,8,8,10,33,38,71,1,48
LOUISVILLE SLUGGERS,23,224,10.684880714678918,7720,6926,1821,243,991,926,188,0.26292232168639906,1035,66,66,1058,440.00129333333336,1309.73065,3.826098202898551,1.2654402415458936,5,9,6,8,10,4,9,4,9,4,38,30,68,2,48
WESTSIDE MARAUDERS,23,269,11.024044541846894,7400,6644,1709,255,927,926,148,0.25722456351595424,1325,84,32,1377,562.7122866666666,1604.8922460000001,3.822196664150943,1.2112394309433963,6,4,6,5,8,8,4,9,10,8,29,39,68,2,48
HOOSIERS,23,234,10.215741800724498,7893,7012,1767,261,998,972,219,0.2519965772960639,1250,77,0,1127,547.1711033333333,1577.1794699999998,3.939631944,1.2617435759999998,8,10,10,10,3,7,2,6,4,5,41,24,65,3,48
NATIONAL PASTIME,23,256,10.491522170855827,7793,7003,1792,263,959,948,141,0.2558903327145509,1192,74,52,1164,525.4975933333333,1471.14075,3.9676831711409393,1.234178481543624,9,7,8,4,6,6,7,7,3,7,34,30,64,4,48
BLUE SOCKS,23,227,9.8061130746819,7694,6956,1788,217,928,892,191,0.25704427832087406,924,59,121,1008,396.22960555555557,1117.73892,3.8593792748917752,1.209674155844156,2,5,4,9,7,2,10,3,7,9,27,31,58,5,48
BIG RED MACHINE,23,208,9.780145126651718,7678,6811,1702,270,951,954,124,0.24988988401115841,1195,72,46,1122,517.4535755555556,1521.1635899999999,3.8971398995815902,1.2729402426778242,10,6,9,3,2,5,6,5,6,3,30,25,55,6,48
FREE BIRDS,23,248,9.214319168448004,7159,6321,1597,230,866,861,110,0.2526498971681696,1435,87,0,1408,625.2119222222223,1795.6709,3.9211897560975615,1.251338606271777,4,1,3,1,5,10,2,10,5,6,14,33,47,7,48
ERIE LAKERS,23,196,8.015633167437596,7188,6400,1671,243,909,901,113,0.26109375,1043,59,37,950,487.0975844444444,1372.2949099999998,4.203143106423777,1.3157189932885904,5,3,5,2,9,2,5,1,1,1,24,10,34,8,48
FREE AT LAST,22,221,8.077630152494061,7060,6200,1533,228,884,839,152,0.24725806451612903,1098,65,57,976,492.75960444444445,1437.1317600000002,4.039013151183971,1.3088631693989072,3,2,2,6,1,3,8,2,2,2,14,17,31,9,48
WESTSIDE MARAUDERS,23,266,11.146763478374332,7771,6930,1775,261,989,955,156,0.25613275613275616,1358,84,32,1301,584.4210088888888,1680.8476460000002,3.8731878350515454,1.2377375891016202,8,9,9,6,6,10,5,10,5,8,38,38,76,1,49
MELONHEADS,22,270,10.768488816725348,7255,6506,1667,242,916,906,159,0.25622502305564093,1282,81,27,1271,544.8097855555557,1532.3445299999998,3.8247176833073326,1.1952765444617783,5,5,6,7,7,9,4,9,9,10,30,41,71,2,49
LOUISVILLE SLUGGERS,23,213,10.609802051586115,7592,6844,1781,265,968,947,162,0.26022793687901813,1013,64,82,1033,435.8492166666667,1266.9451999999999,3.872303010858835,1.2506862783810462,9,8,8,8,10,2,10,2,6,6,43,26,69,3,49
NATIONAL PASTIME,23,268,10.451706385189961,7510,6755,1746,236,920,895,152,0.25847520355292375,1259,78,52,1254,535.8712544444445,1531.96606,3.830692049245433,1.2168118030182684,4,6,4,5,8,7,8,7,8,9,27,39,66,4,49
BIG RED MACHINE,23,209,9.700690621838168,7497,6617,1635,275,940,928,112,0.24709082665860663,1186,71,59,1114,509.12400333333335,1481.0877600000001,3.8635042411467118,1.2488092411467118,10,7,7,2,1,4,9,5,7,7,27,32,59,5,49
HOOSIERS,23,246,10.211834991911218,7924,7048,1772,258,994,963,214,0.2514188422247446,1143,73,19,1081,495.7838233333333,1432.3019399999998,3.9038096325459315,1.253107559055118,7,10,10,10,3,5,2,4,4,4,40,19,59,5,49
BLUE SOCKS,23,214,9.683860228778066,7459,6726,1718,221,903,877,192,0.2554267023490931,1185,76,48,1203,501.1968388888889,1485.7348599999998,3.8065582700421943,1.2537846919831221,1,3,2,9,4,6,7,6,10,3,19,32,51,6,49
FREE BIRDS,23,253,9.120003496312027,7333,6473,1654,226,894,878,124,0.25552294144909626,1259,79,27,1256,556.0989466666667,1575.87807,3.9752903256552825,1.2516902859412231,2,1,3,4,5,8,4,8,3,5,15,28,43,7,49
ERIE LAKERS,23,201,8.13244494764818,7211,6388,1662,246,910,900,114,0.2601753287413901,981,56,45,923,448.5569777777778,1293.1575300000002,4.115201630988787,1.318203394495413,6,4,5,3,9,1,6,1,2,1,27,11,38,8,49
FREE AT LAST,22,212,7.988425545986247,7228,6351,1571,227,899,850,156,0.2473626200598331,1186,66,22,1071,559.2333722222222,1545.21981,4.243760834738617,1.3028834822934232,3,2,1,6,2,3,3,3,1,2,14,12,26,9,49
MELONHEADS,23,270,10.86099568952057,7745,6888,1739,255,977,950,185,0.25246806039488967,1406,86,0,1324,617.4325144444445,1723.16076,3.9522707183499293,1.2255766429587482,8,9,10,9,4,10,2,8,4,8,40,32,72,1,50
LOUISVILLE SLUGGERS,23,211,10.647578714300023,7501,6748,1758,263,965,940,160,0.26052163604030826,1054,67,74,1080,449.24876,1321.25403,3.836089981024668,1.2535616982922202,9,8,9,7,9,4,8,4,8,5,42,29,71,2,50
WESTSIDE MARAUDERS,23,269,10.794127614732858,7197,6444,1646,254,905,902,142,0.25543140906269396,1335,85,32,1366,561.6520822222221,1610.492226,3.786418531835205,1.206361217977528,7,2,6,6,5,9,5,10,9,10,26,43,69,3,50
HOOSIERS,23,229,10.242343549181932,7804,6914,1737,248,986,940,225,0.25122938964420016,1154,72,17,1117,493.9860111111111,1444.7365200000002,3.8525772097053728,1.2519380589254767,6,10,9,10,3,5,3,5,7,6,38,26,64,4,50
NATIONAL PASTIME,23,269,10.410355607505892,7517,6731,1720,244,917,897,136,0.25553409597385235,1187,76,84,1199,494.6840188888889,1438.0061600000001,3.750763411962932,1.211462645324347,5,4,4,4,6,6,9,7,10,9,23,41,64,4,50
BLUE SOCKS,23,219,9.880834824039761,7736,6984,1798,231,938,915,184,0.2574455899198167,1022,64,94,1010,447.4527377777778,1253.99169,3.94038614481409,1.2269977397260274,2,7,7,8,8,3,10,3,6,7,32,29,61,5,50
BIG RED MACHINE,23,201,9.721645514421061,7531,6681,1676,266,935,935,128,0.2508606496033528,1276,77,27,1164,560.0999166666667,1624.3439799999999,3.9505480015673986,1.2729968495297805,10,5,8,2,2,7,4,6,5,3,27,25,52,6,50
FREE BIRDS,23,242,9.223994295254936,7361,6527,1669,224,897,879,134,0.25570706296920487,1378,83,0,1346,616.1384511111112,1741.0946800000002,4.024126313497823,1.263493962264151,1,1,3,3,7,8,2,9,3,4,15,26,41,7,50
ERIE LAKERS,23,201,7.991996577704312,7188,6411,1678,242,906,900,110,0.26173763843394166,1032,59,39,939,477.8556011111111,1361.5246399999999,4.1673453585271325,1.3193068217054262,4,3,5,1,10,2,6,1,1,1,23,11,34,8,50
FREE AT LAST,22,232,8.178190831424008,7515,6607,1644,236,937,877,139,0.24882700166490088,1008,59,46,962,452.39513444444447,1306.87872,4.039242271825397,1.2965066666666667,3,6,2,5,1,2,7,2,2,2,17,15,32,9,50
