team,n,total_salary,sgpar,PA,AB,H,HR,R,RBI,SB,AVG,IP,W,SV,SO,ER,WH,ERA,WHIP,hr_pts,r_pts,rbi_pts,sb_pts,avg_pts,w_pts,sv_pts,so_pts,era_pts,whip_pts,hit_pts,pit_pts,total_pts,rank,sim_num
WESTSIDE MARAUDERS,23,270,11.18217451368842,7666,6827,1734,267,970,950,155,0.2539915043210781,1355,85,32,1355,584.8604666666666,1642.7983460000003,3.8846820664206643,1.2123973033210333,9,8,9,7,4,10,5,10,6,9,37,40,77,1,1
NATIONAL PASTIME,23,263,10.573211549610432,7811,7029,1796,258,945,947,151,0.2555128752311851,1204,77,52,1204,517.7877544444444,1489.6867600000003,3.870506470099668,1.2372813621262462,7,7,7,6,6,9,8,7,7,7,33,38,71,2,1
LOUISVILLE SLUGGERS,23,207,10.802175642530415,7746,6946,1785,278,1004,976,163,0.2569824359343507,1067,64,77,1051,470.5067544444445,1358.6439899999998,3.9686605342080603,1.2733308247422679,10,10,10,8,8,5,10,3,4,2,46,24,70,3,1
HOOSIERS,23,241,10.538662261541296,7753,6889,1736,252,978,949,204,0.2519959355494266,1233,75,43,1133,508.25128333333333,1547.984,3.709863381995134,1.2554614760746148,6,9,8,10,2,7,6,4,10,5,35,32,67,4,1
MELONHEADS,23,233,9.837381187700538,7293,6515,1650,234,905,881,186,0.25326170376055257,1218,75,30,1221,517.8865555555557,1482.64835,3.826747947454845,1.2172810755336616,4,3,3,9,3,7,4,8,8,8,22,35,57,5,1
BIG RED MACHINE,23,212,9.839023882091325,7472,6654,1692,249,936,909,145,0.25428313796212804,1187,72,59,1134,518.9483577777778,1492.13327,3.9347390227464194,1.2570625695029487,5,6,5,4,5,6,9,5,5,4,25,29,54,6,1
FREE BIRDS,23,251,9.188019349230483,7466,6581,1685,229,913,884,113,0.256040115483969,1234,77,30,1237,546.3391277777779,1540.85972,3.984645178282011,1.2486707617504051,2,4,4,2,7,9,4,9,3,6,19,31,50,7,1
ERIE LAKERS,23,198,8.369855917769662,7410,6561,1699,261,945,931,120,0.2589544276787075,964,54,49,897,448.98434444444445,1269.6813699999998,4.19176255186722,1.3170968568464727,8,7,6,3,10,4,7,2,1,1,34,15,49,8,1
BLUE SOCKS,16,270,8.629001510868438,6450,5812,1494,204,800,788,150,0.25705437026841016,699,47,29,724,289.73859111111113,831.2363399999999,3.730539799713877,1.1891793133047208,1,2,1,5,9,3,3,1,9,10,18,26,44,9,1
FREE AT LAST,23,243,8.381045838592177,7459,6563,1637,233,921,873,151,0.24942861496266952,1251,76,0,1178,565.4930755555556,1577.5195399999998,4.068295507593926,1.2610068265387688,3,5,2,6,1,8,2,6,2,3,17,21,38,10,1
NATIONAL PASTIME,23,269,10.588833575326637,7702,6915,1797,241,935,922,144,0.2598698481561822,1260,80,52,1230,534.3429288888889,1556.51265,3.8167352063492066,1.2353275,5,6,8,5,8,10,8,7,9,6,32,40,72,1,2
WESTSIDE MARAUDERS,22,270,11.11616562201779,7260,6512,1684,242,912,896,132,0.2585995085995086,1265,80,59,1306,538.9796522222223,1534.525486,3.8346378418972336,1.2130636252964426,6,4,3,4,7,10,9,10,8,9,24,46,70,2,2
LOUISVILLE SLUGGERS,23,211,10.700761534121119,7452,6692,1740,252,957,915,176,0.26001195457262405,1017,62,85,1081,435.6365222222223,1248.9377800000002,3.85519046214356,1.2280607472959688,7,8,6,8,9,4,10,4,4,7,38,29,67,3,2
HOOSIERS,23,223,10.397216635349972,7979,7079,1766,268,1009,980,201,0.24947026416160475,1242,76,16,1138,529.9294866666667,1588.2997400000002,3.840068743961353,1.2788242673107892,10,10,10,10,3,7,3,5,5,3,43,23,66,4,2
BIG RED MACHINE,23,207,9.747732609851402,7448,6591,1639,265,937,917,126,0.24867243210438478,1195,72,59,1158,509.2267666666668,1509.0820500000002,3.8351806694560677,1.262830167364017,9,7,7,2,1,6,9,6,7,4,26,32,58,5,2
MELONHEADS,23,232,9.822430056978568,7164,6390,1613,241,903,883,192,0.25242566510172143,1263,77,19,1262,538.3685777777778,1539.8295699999999,3.8363556611243066,1.2191841409342834,5,3,2,9,4,8,4,8,6,8,23,34,57,6,2
FREE BIRDS,23,251,9.381851302670755,7396,6563,1661,237,893,899,131,0.25308547920158464,1290,79,30,1273,578.5974111111111,1619.2295700000002,4.0367261240310075,1.2552167209302327,4,2,4,3,5,9,6,9,3,5,18,32,50,7,2
ERIE LAKERS,23,202,8.392294724355658,7299,6488,1695,255,927,923,119,0.2612515413070284,1026,60,38,931,486.92365555555557,1335.64008,4.271260136452241,1.3017934502923976,8,5,9,1,10,3,7,2,1,1,33,14,47,8,2
BLUE SOCKS,16,270,8.629001510868438,6450,5812,1494,204,800,788,150,0.25705437026841016,699,47,29,724,289.73859111111113,831.2363399999999,3.730539799713877,1.1891793133047208,3,1,1,6,6,2,5,1,10,10,17,28,45,9,2
FREE AT LAST,23,247,8.449953780990732,7872,6892,1717,242,980,903,160,0.2491294254207777,1168,69,14,1044,536.85744,1499.3839399999997,4.13674397260274,1.2837191267123285,6,9,5,7,2,5,2,3,2,2,29,14,43,10,2
WESTSIDE MARAUDERS,23,270,11.293347628632505,7771,6912,1764,265,981,954,152,0.2552083333333333,1350,86,32,1366,576.4213533333333,1662.7818260000001,3.8428090222222218,1.2316902414814817,10,9,9,6,5,10,6,10,6,7,39,39,78,1,3
LOUISVILLE SLUGGERS,23,221,10.685458023782413,7590,6818,1775,265,978,943,168,0.2603402757406864,1113,72,50,1093,474.4108933333333,1389.12422,3.8362066846361187,1.2480900449236298,10,8,8,8,10,5,8,4,7,6,44,30,74,2,3
NATIONAL PASTIME,23,266,10.492170980729934,7608,6860,1776,238,922,904,160,0.2588921282798834,1268,80,52,1221,535.9732755555556,1558.25742,3.804226719242903,1.2289096372239747,6,5,5,7,9,9,9,7,9,8,32,42,74,2,3
MELONHEADS,23,242,10.051846575886643,7241,6462,1646,242,911,902,180,0.2547199009594553,1209,74,27,1241,513.3787933333334,1449.21109,3.821678362282879,1.19868576509512,7,3,4,9,4,7,4,8,8,9,27,36,63,3,3
HOOSIERS,23,226,10.321321157584086,7839,6957,1751,257,1001,959,226,0.25168894638493605,1274,73,16,1128,572.759728888889,1637.89389,4.046183328100471,1.2856309968602826,8,10,10,10,3,6,1,6,3,2,41,18,59,4,3
BIG RED MACHINE,23,209,9.787040089989024,7472,6639,1660,259,930,909,116,0.2500376562735352,1032,63,116,1003,442.1548444444445,1291.2082300000002,3.8560015503875973,1.2511707655038762,9,6,6,1,2,4,10,3,5,4,24,26,50,5,3
ERIE LAKERS,23,204,8.338393129907852,7332,6511,1684,259,934,930,118,0.2586392259253571,960,56,38,930,440.40843111111116,1231.71166,4.128829041666667,1.2830329791666666,9,7,7,2,8,3,7,2,1,3,33,16,49,6,3
BLUE SOCKS,16,270,8.629001510868438,6450,5812,1494,204,800,788,150,0.25705437026841016,699,47,29,724,289.73859111111113,831.2363399999999,3.730539799713877,1.1891793133047208,4,1,1,5,7,2,5,1,10,10,18,28,46,7,3
FREE BIRDS,23,248,9.139971241524426,7333,6476,1657,223,893,875,121,0.25586781964175415,1281,79,19,1302,568.6753966666668,1601.38594,3.9953774941451994,1.2501061202185793,5,2,2,3,6,8,2,9,4,5,18,28,46,7,3
FREE AT LAST,23,232,8.359614081402416,7470,6554,1614,238,914,876,140,0.2462618248397925,1226,72,22,1126,554.8750033333333,1580.3810700000001,4.073307528548124,1.2890547063621534,6,4,3,4,1,5,3,5,2,1,18,16,34,8,3
WESTSIDE MARAUDERS,23,265,11.030460137305875,7386,6578,1681,261,945,921,144,0.2555487990270599,1363,87,32,1384,572.3001477777779,1678.0964360000003,3.778944482758621,1.2311786030814382,8,8,6,3,6,10,6,10,9,8,31,43,74,1,4
LOUISVILLE SLUGGERS,23,212,10.812055423180226,7640,6881,1789,258,985,946,168,0.2599912803371603,1121,74,50,1150,485.5256266666667,1397.12331,3.898064799286352,1.2463187421944693,7,9,9,8,8,5,7,5,6,6,41,29,70,2,4
HOOSIERS,23,249,10.551279862152631,7864,6976,1770,248,989,952,209,0.2537270642201835,1305,77,17,1177,569.1531022222223,1649.66266,3.9251938084291194,1.2641093180076628,5,10,10,10,5,8,3,7,4,3,40,25,65,3,4
NATIONAL PASTIME,23,259,10.43136878033689,7611,6799,1719,271,942,944,148,0.25283129872040006,1053,67,101,1057,449.82084444444445,1303.17125,3.844622602089269,1.2375795346628682,10,7,8,5,4,3,10,3,7,7,34,30,64,4,4
MELONHEADS,23,223,9.95039744883354,7451,6606,1662,246,938,908,172,0.25158946412352406,1247,75,27,1250,542.2517388888889,1520.7304199999999,3.9136051724137935,1.2195111627906976,4,5,4,9,3,6,4,8,5,9,25,32,57,5,4
BIG RED MACHINE,23,212,9.825466848515026,7591,6738,1667,270,936,935,122,0.24740279014544375,1119,68,86,1067,476.68351888888895,1396.3276799999999,3.8339157015192136,1.2478352815013403,9,4,7,2,1,4,9,4,8,5,23,30,53,6,4
FREE BIRDS,23,249,9.233901799292202,7442,6642,1728,205,893,853,157,0.2601626016260163,1376,83,0,1320,621.6457000000001,1731.62207,4.065996584302327,1.2584462718023255,1,2,1,6,9,9,2,9,2,4,19,26,45,7,4
BLUE SOCKS,16,270,8.68173655404807,7003,6355,1639,214,849,854,145,0.2579071597167585,540,37,29,583,220.18333444444448,628.77051,3.6697222407407413,1.1643898333333331,2,1,2,4,7,1,5,1,10,10,16,27,43,8,4
FREE AT LAST,23,244,8.52500461235401,7571,6640,1652,237,939,881,163,0.24879518072289156,1272,76,0,1167,574.4382333333334,1630.2222100000001,4.064421462264152,1.2816212342767297,3,6,3,7,2,7,2,6,3,2,21,20,41,9,4
ERIE LAKERS,23,196,8.361423780997933,7261,6440,1677,255,928,918,121,0.26040372670807455,962,53,51,922,440.10653888888896,1247.0129600000002,4.117420841995843,1.2962712681912685,6,3,5,1,10,2,8,2,1,1,25,14,39,10,4
WESTSIDE MARAUDERS,23,270,11.156995197182416,7547,6698,1702,263,958,930,163,0.2541057031949836,1379,86,32,1353,585.5903333333333,1692.3198960000002,3.821836838288615,1.2272080464104425,10,7,8,7,5,10,5,10,7,7,37,39,76,1,5
NATIONAL PASTIME,23,269,10.510021254217994,7657,6867,1752,246,926,909,142,0.25513324595893405,1255,81,52,1278,524.4610866666667,1529.5029900000002,3.76107552191235,1.2187274820717133,6,6,6,5,7,8,8,8,9,8,30,41,71,2,5
LOUISVILLE SLUGGERS,23,218,10.638028925906001,7498,6728,1763,241,967,903,188,0.2620392390011891,979,63,88,1038,415.41535,1190.2276,3.818935801838611,1.215758529111338,3,9,4,9,9,3,10,3,8,9,34,33,67,3,5
BIG RED MACHINE,23,210,9.905333456256473,7713,6858,1746,261,966,946,140,0.2545931758530184,1167,69,54,1088,517.0741233333334,1491.46197,3.987718174807199,1.278030822622108,9,8,10,4,6,5,9,5,3,2,37,24,61,4,5
HOOSIERS,23,225,10.252065043379895,7772,6907,1744,248,992,940,222,0.2524974663384972,1234,73,30,1112,551.349381111111,1573.35455,4.02118673419773,1.2750036871961101,7,10,9,10,4,6,4,6,2,3,40,21,61,4,5
MELONHEADS,23,229,10.106213804287467,7324,6522,1642,257,924,921,174,0.25176326280282124,1292,78,19,1256,560.0002766666667,1585.55665,3.9009307198142413,1.2272110294117646,8,5,7,8,3,7,2,7,6,6,31,28,59,5,5
BLUE SOCKS,16,270,8.68173655404807,7003,6355,1639,214,849,854,145,0.2579071597167585,540,37,29,583,220.18333444444448,628.77051,3.6697222407407413,1.1643898333333331,1,1,1,6,8,1,3,1,10,10,17,25,42,6,5
FREE BIRDS,23,242,9.311167044469851,7334,6500,1632,243,891,898,122,0.2510769230769231,1387,85,0,1346,614.2591244444445,1761.62533,3.9858198413842834,1.270097570295602,5,2,3,2,2,9,1,9,4,4,14,27,41,7,5
ERIE LAKERS,23,200,8.283305725953554,7254,6453,1698,242,916,906,120,0.26313342631334263,1042,60,40,951,487.6871688888889,1369.3779799999998,4.212269213051823,1.3141823224568137,4,4,5,1,10,2,6,2,1,1,24,12,36,8,5
FREE AT LAST,23,246,8.122955135261973,7410,6488,1598,239,915,867,126,0.2463008631319359,1070,65,49,1059,466.2838855555556,1331.05651,3.9220139906542064,1.2439780467289718,2,3,2,3,1,4,7,4,5,5,11,25,36,8,5
LOUISVILLE SLUGGERS,23,214,10.800582604401022,7753,6967,1826,257,992,943,167,0.2620927228362279,1058,68,80,1031,455.51666,1324.72385,3.8749054253308133,1.2521019376181475,9,10,10,8,10,5,9,4,5,5,47,28,75,1,6
WESTSIDE MARAUDERS,22,270,11.134523950111765,7267,6521,1690,247,918,897,141,0.25916270510657874,1330,85,32,1377,563.7205611111111,1624.1654859999999,3.8146504135338346,1.221177057142857,6,5,4,5,8,10,6,10,7,8,28,41,69,2,6
HOOSIERS,23,235,10.365199466354191,7701,6808,1706,246,969,924,219,0.2505875440658049,1236,79,11,1218,519.87392,1550.1347,3.785489708737864,1.25415428802589,5,9,8,10,4,8,2,7,9,4,36,30,66,3,6
BIG RED MACHINE,23,211,9.843259700942694,7650,6814,1700,267,942,937,132,0.24948635162899913,1098,67,86,1035,470.06383777777785,1380.85971,3.8529822768670314,1.2576135792349725,10,7,9,3,2,4,10,5,6,3,31,28,59,4,6
MELONHEADS,23,219,9.86695999757948,7311,6475,1620,250,926,904,159,0.2501930501930502,1359,81,0,1319,587.3806711111112,1661.61035,3.8899382192788816,1.2226713392200146,7,6,6,7,3,9,1,9,4,7,29,30,59,4,6
NATIONAL PASTIME,23,266,10.434230734640277,7436,6667,1725,236,914,891,136,0.25873706314684264,1210,74,79,1184,510.72477444444445,1464.8110800000002,3.798779314049587,1.2105876694214877,2,4,2,4,7,6,8,6,8,9,19,37,56,5,6
FREE BIRDS,23,258,9.334094193258343,7428,6586,1663,238,895,895,136,0.2525053143030671,1261,77,19,1302,554.5861455555556,1570.76827,3.9581881919111823,1.2456528707375099,3,3,3,4,5,7,3,8,3,6,18,27,45,6,6
BLUE SOCKS,16,270,8.672700104739814,6996,6315,1623,219,857,859,147,0.2570071258907363,540,37,29,583,220.18333444444448,628.77051,3.6697222407407413,1.1643898333333331,1,2,1,6,6,2,5,1,10,10,16,28,44,7,6
FREE AT LAST,23,245,8.539690303862896,7634,6705,1665,240,959,899,182,0.24832214765100671,1078,64,41,1012,493.69184333333334,1385.35743,4.121731530612245,1.2851182096474953,4,8,5,9,1,3,7,3,2,2,27,17,44,7,6
ERIE LAKERS,23,193,8.372368574158022,7280,6475,1688,256,926,922,122,0.2606949806949807,1153,64,24,986,558.240631111111,1541.5431199999998,4.357472402428447,1.336984492627927,8,6,7,2,9,3,4,2,1,1,32,11,43,8,6
WESTSIDE MARAUDERS,23,262,11.176812579590319,7365,6579,1685,253,931,913,170,0.25611795105639157,1384,89,32,1384,587.8619022222223,1709.389256,3.822801387283237,1.2351078439306358,7,6,6,7,6,10,5,10,8,7,32,40,72,1,7
LOUISVILLE SLUGGERS,23,206,10.883181794532605,7760,6976,1812,269,1002,964,172,0.25974770642201833,1187,72,36,1156,527.0837488888889,1495.11806,3.996422695871946,1.2595771356360572,9,9,9,9,8,6,6,7,3,5,44,27,71,2,7
MELONHEADS,23,236,9.937036499608283,7342,6503,1642,245,924,899,171,0.25249884668614486,1098,67,76,1113,462.76766555555565,1322.798,3.793177586520948,1.2047340619307831,6,5,5,8,4,5,10,5,9,9,28,38,66,3,7
NATIONAL PASTIME,23,269,10.597798674723771,7548,6797,1774,231,921,899,150,0.26099749889657203,1265,79,52,1242,538.26443,1547.16948,3.8295493043478257,1.2230588774703557,3,4,5,6,9,8,7,8,7,8,27,38,65,4,7
BIG RED MACHINE,23,206,9.757382698672439,7493,6650,1661,261,933,918,127,0.24977443609022557,1220,73,59,1148,523.1592922222222,1541.80365,3.859371827868853,1.2637734836065575,8,7,7,4,3,7,8,6,6,4,29,31,60,5,7
HOOSIERS,23,239,10.581797253684096,7972,7072,1761,283,1013,1005,213,0.24901018099547512,1189,73,24,1075,527.4646233333334,1515.29151,3.9925833557611443,1.2744251555929353,10,10,10,10,1,7,2,4,4,2,41,19,60,5,7
FREE AT LAST,23,250,8.491200738757485,7897,6960,1734,241,965,920,143,0.24913793103448276,978,57,62,939,440.97156222222225,1236.1670399999998,4.0580205112474435,1.2639744785276072,5,8,8,5,2,3,9,2,2,3,28,19,47,6,7
FREE BIRDS,23,252,9.250752968548793,7515,6660,1698,228,901,881,122,0.25495495495495496,1338,82,0,1343,593.5454588888889,1669.7363,3.992458243647235,1.2479344544095665,2,2,3,3,5,9,1,9,5,6,15,30,45,7,7
BLUE SOCKS,16,270,8.629001510868438,6450,5812,1494,204,800,788,150,0.25705437026841016,699,47,29,724,289.73859111111113,831.2363399999999,3.730539799713877,1.1891793133047208,1,1,2,6,7,2,3,1,10,10,17,26,43,8,7
ERIE LAKERS,23,198,8.239315071441398,7142,6347,1658,240,909,887,118,0.26122577595714513,1054,63,31,1010,477.9390366666667,1364.4820499999996,4.081073368121443,1.2945749999999996,4,3,4,2,10,4,4,3,1,1,23,13,36,9,7
LOUISVILLE SLUGGERS,23,219,10.939892332258308,7659,6889,1782,263,974,950,183,0.25867324720569024,1172,72,38,1164,503.62101555555563,1461.65167,3.8673968771331064,1.2471430631399316,8,9,9,9,8,6,7,5,6,6,43,30,73,1,8
NATIONAL PASTIME,23,268,10.57011781510462,7527,6768,1753,235,914,901,142,0.2590130023640662,1282,79,52,1269,536.8888933333334,1573.4985900000001,3.7691107956318257,1.227377995319813,4,4,5,4,9,9,9,10,9,8,26,45,71,2,8
WESTSIDE MARAUDERS,21,270,11.188736887650125,7428,6614,1690,254,947,909,154,0.2555185969156335,1217,77,32,1245,516.1576077777778,1478.478236,3.817106384552178,1.2148547543138866,7,7,6,7,5,8,6,8,7,9,32,38,70,3,8
HOOSIERS,23,233,10.445730016608495,7937,7031,1762,265,1007,973,206,0.25060446593656666,1289,80,0,1185,566.9409077777777,1626.9761899999999,3.958470263770365,1.262200302560124,9,10,10,10,3,10,2,6,4,3,42,25,67,4,8
BIG RED MACHINE,23,213,9.783509987619553,7542,6685,1665,267,940,923,117,0.24906507105459985,1038,64,108,1019,437.43549111111116,1299.34903,3.7927932755298657,1.2517813391136803,10,6,8,1,1,4,10,3,8,5,26,30,56,5,8
MELONHEADS,23,220,9.85021241049114,7226,6423,1619,250,907,900,175,0.2520628989568737,1265,79,27,1227,546.8962311111112,1571.72994,3.8909613280632414,1.2424742608695651,6,2,4,8,4,9,3,7,5,7,24,31,55,6,8
ERIE LAKERS,23,201,8.468897227781337,7443,6585,1710,254,939,923,120,0.25968109339407747,1024,56,49,936,477.3643166666667,1338.86375,4.195584814453126,1.307484130859375,7,5,8,2,10,3,8,2,1,1,32,15,47,7,8
FREE AT LAST,23,246,8.528252607111602,7774,6857,1714,242,959,912,147,0.24996354090710224,1097,67,31,1033,493.58338333333336,1389.4709699999999,4.049453463992708,1.2666098176845941,5,8,7,5,2,5,5,4,3,2,27,19,46,8,8
BLUE SOCKS,16,270,8.629001510868438,6450,5812,1494,204,800,788,150,0.25705437026841016,699,47,29,724,289.73859111111113,831.2363399999999,3.730539799713877,1.1891793133047208,2,1,2,6,7,2,4,1,10,10,18,27,45,9,8
FREE BIRDS,23,251,9.343747020432954,7442,6614,1698,230,909,897,133,0.25672815240399155,1262,76,27,1262,573.6776266666668,1581.99927,4.0912033597464355,1.2535651901743265,3,3,3,3,6,7,3,9,2,4,18,25,43,10,8
NATIONAL PASTIME,23,269,10.646754686271295,7814,7009,1823,255,972,948,156,0.2600941646454558,1130,72,63,1117,485.91515888888887,1399.27851,3.870120734513274,1.2382995663716816,9,9,9,7,9,6,10,4,5,7,43,32,75,1,9
WESTSIDE MARAUDERS,23,269,11.011931851360773,7253,6504,1685,246,918,903,143,0.25907134071340715,1277,81,59,1329,542.4108222222222,1545.280886,3.8227857478465155,1.2100868332028192,5,4,5,4,8,9,9,10,8,9,26,45,71,2,9
LOUISVILLE SLUGGERS,23,206,10.792281865836426,7421,6653,1716,252,962,918,178,0.25792875394558845,1145,72,58,1187,494.05122,1428.45661,3.8833720349344976,1.2475603580786025,8,8,7,9,7,6,8,7,4,5,39,30,69,3,9
HOOSIERS,23,238,10.336002063872492,7905,7023,1773,250,994,952,235,0.25245621529261,1061,68,54,1014,450.27452,1334.1245999999999,3.819482262016965,1.2574218661639962,7,10,10,10,4,5,7,3,9,3,41,27,68,4,9
MELONHEADS,23,232,9.793717967922378,7391,6556,1643,249,928,906,174,0.25061012812690664,1236,76,19,1243,526.0461611111111,1513.94839,3.8304332119741105,1.2248773381877023,6,5,6,8,3,8,3,8,7,8,28,34,62,5,9
BIG RED MACHINE,23,211,9.799384284647974,7573,6724,1668,268,936,928,121,0.2480666270077335,1169,72,59,1158,499.1610055555556,1460.1032100000002,3.842984644995723,1.2490189991445682,10,6,8,2,1,6,9,6,6,4,27,31,58,6,9
FREE BIRDS,23,256,9.335859349235252,7299,6451,1630,229,883,864,123,0.25267400403038287,1350,82,27,1311,585.2948944444446,1680.5332600000002,3.9019659629629637,1.244839451851852,3,3,3,3,5,10,4,9,3,6,17,32,49,7,9
ERIE LAKERS,23,189,8.375009426775922,7261,6440,1677,255,928,918,121,0.26040372670807455,1143,62,33,973,546.8839033333333,1528.30427,4.3061724671916,1.3370990988626423,9,5,7,2,10,4,6,2,1,1,33,14,47,8,9
BLUE SOCKS,16,270,8.68173655404807,7003,6355,1639,214,849,854,145,0.2579071597167585,540,37,29,583,220.18333444444448,628.77051,3.6697222407407413,1.1643898333333331,2,2,2,5,6,3,5,1,10,10,17,29,46,9,9
FREE AT LAST,23,242,8.509749336196373,7711,6765,1688,242,951,900,148,0.24951958610495195,1272,74,0,1132,583.7613588888889,1613.94426,4.130386973270441,1.2688241037735848,4,7,4,6,2,7,2,5,2,2,23,18,41,10,9
LOUISVILLE SLUGGERS,23,216,10.761892487288772,7648,6871,1807,248,985,921,179,0.2629893756367341,962,63,91,1056,402.99926777777785,1195.82661,3.7702634199584204,1.2430630041580042,5,9,5,9,10,5,10,3,10,5,38,33,71,1,10
NATIONAL PASTIME,23,265,10.626142172023226,7594,6831,1760,252,935,923,152,0.2576489533011272,1146,74,84,1147,492.8238944444444,1408.2904200000003,3.870344720767888,1.228874712041885,7,5,7,6,8,8,9,7,6,8,33,38,71,1,10
WESTSIDE MARAUDERS,23,267,11.08535792124758,7453,6645,1700,269,938,941,133,0.2558314522197141,1346,85,32,1362,579.31591,1637.9033960000004,3.8735833506686483,1.2168673075780092,9,6,9,3,6,9,5,9,5,10,33,38,71,1,10
HOOSIERS,23,233,10.393234668483258,8049,7142,1785,275,1016,997,195,0.24992999159899187,1092,66,44,1058,470.09614888888893,1385.22705,3.8744188095238097,1.2685229395604396,10,10,10,10,2,6,6,4,4,3,42,23,65,2,10
BIG RED MACHINE,23,214,9.833300792480097,7601,6734,1693,263,954,933,119,0.2514107514107514,1159,69,54,1104,496.23249222222233,1450.3154200000001,3.853401578947369,1.2513506643658328,8,8,8,2,4,7,7,5,8,4,30,31,61,3,10
MELONHEADS,23,225,9.8829533019837,7275,6447,1612,249,917,899,173,0.25003877772607414,1213,74,57,1163,521.2233455555556,1491.24944,3.8672795630667776,1.2293894806265457,6,3,3,8,3,8,8,8,7,7,23,38,61,3,10
FREE BIRDS,23,260,9.362331620845197,7344,6517,1654,219,874,853,146,0.25379775970538593,1405,86,0,1381,610.5905200000001,1742.6893,3.9112560000000003,1.240348256227758,2,2,2,4,5,10,2,10,3,6,15,31,46,4,10
BLUE SOCKS,17,270,8.864107717018667,6450,5812,1494,204,800,788,150,0.25705437026841016,859,55,29,870,362.3076388888889,1049.4849,3.796005529685681,1.221751920838184,1,1,1,5,7,3,4,1,9,9,15,26,41,5,10
FREE AT LAST,23,242,8.405532516277773,7683,6769,1682,238,951,905,167,0.2484857438321761,1254,74,0,1106,587.0666088888889,1615.9548,4.213396714513557,1.2886401913875598,3,7,4,7,1,8,2,6,1,1,22,18,40,6,10
ERIE LAKERS,23,200,8.297746285443154,7373,6552,1716,247,929,922,118,0.2619047619047619,1078,62,10,987,490.7591377777778,1386.18305,4.097246975881262,1.285884090909091,4,4,6,1,9,4,3,2,2,2,24,13,37,7,10
LOUISVILLE SLUGGERS,23,211,10.828580825168029,8053,7252,1866,277,1022,994,171,0.2573083287369002,1054,67,58,1025,466.45856555555565,1331.8021099999999,3.9830427798861487,1.2635693643263757,10,10,10,9,8,5,9,4,4,3,47,25,72,1,11
WESTSIDE MARAUDERS,23,266,11.138455682654918,7393,6645,1722,250,931,915,157,0.25914221218961625,1395,89,32,1381,591.4223788888888,1720.5792660000002,3.8156282508960566,1.2333901548387098,6,5,5,7,9,10,5,10,8,7,32,40,72,1,11
NATIONAL PASTIME,23,261,10.558763081929799,7720,6928,1768,259,945,937,145,0.25519630484988454,1232,78,52,1225,534.0243811111111,1518.7181200000002,3.90115213474026,1.2327257467532469,9,8,9,4,5,8,7,7,5,8,35,35,70,2,11
HOOSIERS,23,245,10.582642724301524,7731,6838,1712,247,978,930,224,0.2503656039777713,1243,76,19,1219,516.5974144444444,1543.1733900000002,3.740447892196299,1.2414910619469028,5,9,8,10,2,7,3,6,9,6,34,31,65,3,11
MELONHEADS,23,227,9.972496139212401,7451,6614,1657,250,939,915,159,0.25052918052615664,1235,76,19,1275,527.67516,1491.51289,3.845406024291498,1.2077027449392712,6,7,5,8,3,7,3,8,7,9,29,34,63,4,11
BIG RED MACHINE,23,214,9.869742194501068,7528,6697,1691,256,938,922,135,0.2525011199044348,1103,68,89,1045,474.1694877777778,1388.9486200000001,3.8690166727107895,1.2592462556663646,8,6,7,2,4,6,10,5,6,5,27,32,59,5,11
BLUE SOCKS,16,270,8.629001510868438,6450,5812,1494,204,800,788,150,0.25705437026841016,699,47,29,724,289.73859111111113,831.2363399999999,3.730539799713877,1.1891793133047208,2,2,2,6,7,2,4,1,10,10,19,27,46,6,11
FREE BIRDS,23,245,9.172767057188393,7417,6570,1688,225,900,887,136,0.25692541856925416,1349,81,0,1313,603.5359344444445,1708.53568,4.026555530022239,1.2665201482579689,3,3,4,3,6,9,2,9,3,2,19,25,44,7,11
ERIE LAKERS,23,200,8.347196572550677,7261,6440,1677,255,928,918,121,0.26040372670807455,1008,55,49,926,473.7315300000001,1316.84551,4.229745803571429,1.3063943551587303,7,4,6,1,10,3,6,2,1,1,28,13,41,8,11
FREE AT LAST,23,249,8.41295056918054,7620,6685,1665,237,939,884,148,0.24906507105459985,1094,65,54,1001,491.4428677777778,1381.83976,4.042948638025594,1.2631076416819014,4,7,3,5,1,4,8,3,2,4,20,21,41,8,11
WESTSIDE MARAUDERS,22,270,11.19143482508969,7694,6834,1746,256,987,940,192,0.25548726953467954,1220,78,32,1216,515.6411766666666,1497.6242960000002,3.803910319672131,1.2275608983606558,8,10,9,9,5,9,6,8,7,7,41,37,78,1,12
LOUISVILLE SLUGGERS,23,232,10.74701037175166,7641,6855,1794,255,983,937,168,0.2617067833698031,1075,67,65,1070,439.03041444444443,1312.9191899999998,3.6756034697674416,1.221320176744186,7,9,8,8,10,3,9,3,10,8,42,33,75,2,12
MELONHEADS,23,239,10.324274111352878,7538,6704,1699,257,945,925,192,0.25343078758949883,1206,74,27,1224,523.0245233333334,1466.81255,3.903168084577115,1.2162624792703152,9,5,5,9,4,7,3,9,5,9,32,33,65,3,12
NATIONAL PASTIME,23,261,10.614232297734597,7744,6968,1807,254,948,945,152,0.2593283582089552,1140,70,79,1123,504.8636244444445,1403.11005,3.9857654561403515,1.2307982894736842,6,6,10,7,8,4,10,4,4,6,37,28,65,3,12
HOOSIERS,23,234,10.331121055608056,7675,6777,1699,249,978,926,208,0.25070090010329055,1168,75,36,1159,489.7444211111111,1479.54547,3.773715573630137,1.2667341352739727,5,8,6,10,3,8,7,7,8,2,32,32,64,4,12
BIG RED MACHINE,23,204,9.791620196921993,7622,6736,1663,276,951,935,107,0.24688242280285036,1213,73,59,1143,525.7693611111112,1522.27134,3.901009274525969,1.2549640065952186,10,7,7,2,1,6,8,6,6,5,27,31,58,5,12
FREE BIRDS,23,246,9.255956168954318,7323,6521,1668,225,886,886,123,0.2557889894188008,1286,79,30,1281,572.4268655555557,1627.5718700000002,4.0060978149300155,1.2656079860031106,3,2,2,5,6,10,5,10,3,4,18,32,50,6,12
BLUE SOCKS,16,270,8.629001510868438,6450,5812,1494,204,800,788,150,0.25705437026841016,699,47,29,724,289.73859111111113,831.2363399999999,3.730539799713877,1.1891793133047208,2,1,1,6,7,1,4,1,9,10,17,25,42,7,12
ERIE LAKERS,23,194,8.359622879501586,7261,6440,1677,255,928,918,121,0.26040372670807455,1132,61,30,981,546.2250544444445,1493.0555799999997,4.342778701413428,1.3189536925795051,7,4,4,4,9,2,5,2,1,1,28,11,39,8,12
FREE AT LAST,23,238,8.30420205955269,7571,6700,1660,239,911,895,119,0.24776119402985075,1184,72,14,1126,527.5183466666667,1498.59782,4.009852297297297,1.2657076182432432,4,3,3,3,2,5,2,5,2,3,15,17,32,9,12
LOUISVILLE SLUGGERS,23,211,10.895902634534819,7704,6917,1796,266,996,962,174,0.25965013734277864,1044,66,66,1089,437.8963100000001,1310.95068,3.7749681896551732,1.2556998850574712,9,9,10,8,10,4,9,4,7,4,46,28,74,1,13
HOOSIERS,23,246,10.414245256268943,7858,6940,1737,258,1000,948,203,0.25028818443804035,1125,71,32,1160,463.6573422222222,1379.59096,3.7092587377777777,1.2263030755555555,8,10,9,10,1,6,6,7,9,6,38,34,72,2,13
WESTSIDE MARAUDERS,21,270,11.009580353140878,7351,6587,1710,243,931,906,151,0.2596022468498558,1194,76,32,1238,507.35225333333335,1450.4977760000002,3.824263216080402,1.214822257956449,4,6,7,7,9,8,6,9,6,9,33,38,71,3,13
NATIONAL PASTIME,23,269,10.580953550730705,7632,6840,1747,245,926,905,142,0.2554093567251462,1209,77,84,1194,504.5398711111111,1469.2999100000002,3.755879933829611,1.2153018279569894,5,5,6,4,6,9,10,8,8,8,26,43,69,4,13
MELONHEADS,23,227,9.952621259769256,7265,6471,1636,249,910,898,178,0.25282027507340443,1172,73,57,1153,501.50551777777787,1436.1302600000001,3.851151587030717,1.2253671160409558,6,4,4,9,5,7,8,6,5,7,28,33,61,5,13
BIG RED MACHINE,23,215,9.93261436002648,7818,6936,1749,271,977,962,130,0.2521626297577855,1161,68,54,1065,504.8463700000001,1471.2705700000001,3.9135377519379855,1.2672442463393627,10,8,10,2,4,5,7,3,4,3,34,22,56,6,13
FREE BIRDS,23,248,9.348928995011786,7386,6563,1653,239,890,900,137,0.2518665244552796,1374,83,0,1352,620.5747833333335,1717.92884,4.064900327510918,1.2503121106259099,3,3,5,3,3,10,2,10,3,5,17,30,47,7,13
BLUE SOCKS,16,270,8.615080779926117,6450,5812,1494,204,800,788,150,0.25705437026841016,685,47,29,723,281.71199,816.39906,3.701325416058394,1.1918234452554743,1,2,3,6,7,2,4,1,10,10,19,27,46,8,13
ERIE LAKERS,23,196,8.36991632487598,7288,6459,1672,254,926,917,117,0.25886360117665275,1111,64,30,962,535.8990655555556,1473.6493999999998,4.341216552655266,1.326417101710171,7,5,8,1,8,3,5,2,1,1,29,12,41,9,13
FREE AT LAST,23,241,8.498222962908226,7704,6774,1696,238,952,898,146,0.2503690581635666,1205,71,17,1090,549.3795677777778,1528.77263,4.103249883817427,1.268690979253112,2,7,4,5,2,6,3,5,2,2,20,18,38,10,13
WESTSIDE MARAUDERS,23,268,11.315892806644245,7799,6913,1756,260,992,938,184,0.25401417618978733,1355,85,32,1332,578.6173266666666,1677.7804460000002,3.843214715867158,1.2382143512915131,8,9,8,9,4,10,7,10,7,6,38,40,78,1,14
LOUISVILLE SLUGGERS,23,219,10.715437703804715,7403,6653,1731,249,955,905,178,0.2601833759206373,1240,76,36,1227,528.1242366666667,1524.5747,3.8331597822580643,1.2294957258064516,5,8,5,8,10,9,8,8,8,8,36,41,77,2,14
NATIONAL PASTIME,23,256,10.534122459528737,7594,6857,1762,250,916,923,139,0.2569636867434738,1165,74,84,1142,505.49972444444444,1437.7369500000002,3.9051480858369096,1.2341089699570817,6,4,6,5,7,7,10,5,6,7,28,35,63,3,14
HOOSIERS,23,229,10.379852590118011,7916,7036,1772,256,1007,966,230,0.251847640704946,1075,66,52,1026,470.30749666666674,1380.0893999999998,3.9374581116279077,1.2838040930232557,7,10,10,10,2,5,9,3,4,2,39,23,62,4,14
MELONHEADS,23,236,9.830620930361421,7167,6405,1628,240,893,885,167,0.25417642466822793,1189,75,30,1261,501.79483000000005,1428.85855,3.798278780487805,1.2017313288477711,4,2,2,7,5,8,6,9,9,9,20,41,61,5,14
BIG RED MACHINE,23,210,9.753396216866255,7482,6632,1671,261,940,927,128,0.2519601930036188,1277,76,27,1190,555.6916966666666,1597.6049300000002,3.9163862725137037,1.2510610258418169,9,6,7,3,3,9,4,7,5,5,28,30,58,6,14
ERIE LAKERS,23,205,8.488848498515237,7471,6619,1716,264,952,947,117,0.25925366369542224,1057,59,27,933,492.50358000000006,1381.0629599999997,4.19350257332072,1.3065874739829704,10,7,9,2,9,4,4,2,1,1,37,12,49,7,14
BLUE SOCKS,16,270,8.615080779926117,6450,5812,1494,204,800,788,150,0.25705437026841016,685,47,29,723,281.71199,816.39906,3.701325416058394,1.1918234452554743,1,1,1,6,8,3,5,1,10,10,17,29,46,8,14
FREE BIRDS,23,254,9.312288310796298,7522,6657,1695,234,909,894,114,0.25461919783686343,1116,69,84,1126,495.0073655555557,1398.04874,3.9919948835125454,1.2527318458781362,2,3,4,1,6,6,10,4,3,4,16,27,43,9,14
FREE AT LAST,23,241,8.385334073498301,7568,6661,1656,235,927,887,129,0.24861131962167843,1253,75,0,1174,559.5380644444444,1591.03595,4.01902839584996,1.2697812849162011,3,5,3,4,1,8,3,6,2,3,16,22,38,10,14
WESTSIDE MARAUDERS,23,268,11.005141921318492,7344,6524,1666,275,941,940,136,0.2553648068669528,1284,82,51,1312,538.95195,1582.734566,3.777700584112149,1.2326593193146418,10,6,8,4,6,9,7,9,9,7,34,41,75,1,15
LOUISVILLE SLUGGERS,23,216,10.741551416228134,7491,6700,1741,250,978,912,179,0.25985074626865673,1126,74,47,1166,486.53067,1395.6642100000001,3.8887886589698044,1.2394886412078154,6,9,6,9,9,8,6,7,5,6,39,32,71,2,15
NATIONAL PASTIME,23,266,10.601945492902468,7744,6968,1807,254,948,945,152,0.2593283582089552,1113,69,79,1121,481.5154755555556,1371.4951600000002,3.893656136567835,1.232250817610063,7,8,9,7,8,5,10,5,4,8,39,32,71,2,15
MELONHEADS,23,229,9.976655665512332,7419,6588,1654,250,932,908,160,0.2510625379477838,1151,72,57,1172,495.1835200000001,1394.3172100000002,3.8719823457862734,1.2113963596872286,6,4,5,8,3,6,8,8,7,9,26,38,64,3,15
HOOSIERS,23,237,10.346007541204733,8098,7176,1810,260,1024,974,231,0.2522296544035674,1112,67,26,1037,470.3814266666667,1398.5223199999998,3.80704392086331,1.2576639568345322,8,10,10,10,4,4,3,3,8,3,42,21,63,4,15
BIG RED MACHINE,23,209,9.857423910318138,7510,6660,1656,263,940,922,133,0.24864864864864866,1195,74,59,1151,516.000398888889,1498.82181,3.8861954728033483,1.2542441924686192,9,5,7,3,2,8,9,6,6,4,26,33,59,5,15
FREE BIRDS,23,260,9.353753758757387,7288,6467,1644,219,875,864,139,0.2542137003247255,1446,87,0,1391,630.308347777778,1797.8084800000001,3.923081002766253,1.243297704011065,3,2,2,5,5,10,1,10,3,5,17,29,46,6,15
BLUE SOCKS,16,270,8.68173655404807,7003,6355,1639,214,849,854,145,0.2579071597167585,540,37,29,583,220.18333444444448,628.77051,3.6697222407407413,1.1643898333333331,2,1,1,6,7,2,4,1,10,10,17,27,44,7,15
FREE AT LAST,23,235,8.486395588872618,7683,6751,1666,246,942,898,145,0.24677825507332246,1234,73,17,1096,551.4867677777777,1578.4702799999998,4.022188743922204,1.2791493354943273,5,7,3,6,1,7,2,4,2,2,22,17,39,8,15
ERIE LAKERS,23,200,8.378448201535345,7254,6453,1698,242,916,906,120,0.26313342631334263,1079,61,36,997,516.82118,1407.8855399999998,4.310834680259499,1.3048058758109358,4,3,4,2,10,3,5,2,1,1,23,12,35,9,15
WESTSIDE MARAUDERS,21,270,11.019603816420695,7288,6509,1664,255,924,910,161,0.2556460285758181,1211,78,32,1258,512.7503488888889,1466.566646,3.810696234516928,1.2110376928158546,8,5,6,8,7,9,7,9,8,8,34,41,75,1,16
LOUISVILLE SLUGGERS,23,210,10.689923904539327,7564,6804,1777,253,974,922,187,0.26116990005878893,1044,67,77,1056,448.45819222222224,1297.5057699999998,3.8660188984674333,1.242821618773946,7,9,8,9,9,4,9,3,6,6,42,28,70,2,16
MELONHEADS,23,224,9.88634955950562,7499,6637,1674,250,945,917,153,0.2522223896338707,1272,77,19,1223,539.2690511111111,1571.1281800000002,3.8155829088050317,1.2351636635220127,6,7,7,7,4,8,3,8,7,7,31,33,64,3,16
NATIONAL PASTIME,23,269,10.567548860757478,7398,6626,1670,253,901,904,140,0.25203742831270753,1183,75,84,1208,489.3468866666667,1426.03508,3.7228419103972947,1.2054396280642434,7,4,4,3,3,6,10,6,9,9,21,40,61,4,16
HOOSIERS,23,223,10.297788398272353,7640,6761,1691,249,976,927,219,0.25011093033574916,1265,76,30,1151,558.0340111111111,1637.80851,3.9702024505928852,1.2947102845849803,5,10,9,10,1,7,6,5,4,2,35,24,59,5,16
ERIE LAKERS,23,201,8.68748341455094,7478,6630,1736,261,949,953,113,0.2618401206636501,952,52,65,892,453.5656611111111,1253.81466,4.287910661764706,1.317032205882353,10,8,10,1,10,3,8,2,1,1,39,15,54,6,16
BIG RED MACHINE,23,205,9.713131928620326,7416,6588,1657,257,932,907,134,0.25151791135397694,1293,79,27,1215,560.3754122222222,1635.52898,3.900524911059551,1.2649102706883217,9,6,5,2,2,10,4,7,5,3,24,29,53,7,16
BLUE SOCKS,16,270,8.68173655404807,7003,6355,1639,214,849,854,145,0.2579071597167585,540,37,29,583,220.18333444444448,628.77051,3.6697222407407413,1.1643898333333331,2,2,2,6,8,2,5,1,10,10,20,28,48,8,16
FREE BIRDS,23,245,9.066595534803238,7235,6394,1626,222,877,853,141,0.25430090710040665,1275,78,27,1286,573.3947500000002,1593.24514,4.047492352941178,1.249604031372549,3,3,1,4,6,9,4,10,2,4,17,29,46,9,16
FREE AT LAST,23,258,8.250157515093665,7599,6711,1694,231,932,885,142,0.25242139770526,1156,71,11,1067,517.1714911111111,1443.63943,4.026421643598616,1.24882303633218,4,6,3,5,5,5,2,4,3,5,23,19,42,10,16
LOUISVILLE SLUGGERS,23,211,10.763227935091683,7466,6699,1742,250,973,914,183,0.2600388117629497,1041,68,77,1115,431.77487,1293.34872,3.7329239481268015,1.2424099135446685,6,9,7,9,10,5,9,5,9,6,41,34,75,1,17
NATIONAL PASTIME,23,270,10.531942218087734,7556,6742,1722,251,932,901,127,0.2554138237911599,1208,76,84,1198,503.2794122222222,1458.75668,3.74959826986755,1.2075800331125828,7,5,4,3,6,7,10,7,8,9,25,41,66,2,17
WESTSIDE MARAUDERS,22,270,11.161746102018304,7176,6442,1669,241,916,888,171,0.25908103073579636,1360,88,32,1361,577.3458088888889,1687.6489760000002,3.8206707941176474,1.2409183647058826,4,3,2,8,8,10,5,10,7,7,25,39,64,3,17
HOOSIERS,23,236,10.4061752931146,7926,7054,1781,256,994,962,228,0.25248086192231356,1200,72,21,1141,526.4286788888888,1528.4839299999999,3.948215091666666,1.2737366083333332,8,10,9,10,4,6,2,6,4,2,41,20,61,4,17
BIG RED MACHINE,23,210,9.87517500074369,7804,6936,1738,272,966,965,135,0.2505767012687428,1163,68,49,1091,509.44025777777784,1472.5110000000002,3.9423579707652627,1.2661315563198625,10,8,10,4,2,5,8,4,5,3,34,25,59,5,17
MELONHEADS,23,224,9.862908752754247,7394,6589,1663,245,919,908,159,0.25239034754894524,1302,80,0,1325,562.8985855555557,1587.34525,3.8910040476190484,1.219159178187404,5,4,5,7,3,9,1,9,6,8,24,33,57,6,17
ERIE LAKERS,23,198,8.432060392731408,7380,6539,1695,260,941,934,119,0.25921394708671053,1046,59,41,912,493.3048533333333,1369.9680000000003,4.244496826003823,1.3097208413001915,9,7,8,2,9,3,7,2,1,1,35,14,49,7,17
FREE BIRDS,23,248,9.414474526538694,7547,6691,1695,241,912,909,119,0.25332536242714093,1292,79,30,1241,579.6683277777778,1632.9228,4.0379372678018575,1.2638721362229102,4,2,6,2,5,8,4,8,3,4,19,27,46,8,17
BLUE SOCKS,16,270,8.629001510868438,6450,5812,1494,204,800,788,150,0.25705437026841016,699,47,29,724,289.73859111111113,831.2363399999999,3.730539799713877,1.1891793133047208,2,1,1,6,7,2,3,1,10,10,17,26,43,9,17
FREE AT LAST,23,250,8.420635658851813,7666,6742,1680,233,937,890,147,0.2491842183328389,1101,65,38,1026,494.9169255555556,1370.96999,4.045642443233424,1.2452043505903725,3,6,3,5,1,4,6,3,2,5,18,20,38,10,17
LOUISVILLE SLUGGERS,23,212,10.791283566886658,7543,6772,1750,258,963,924,179,0.2584170112226816,1184,76,36,1204,500.39024888888895,1476.0611099999999,3.8036420945945952,1.246673234797297,8,9,8,9,9,7,6,7,7,6,43,33,76,1,18
HOOSIERS,23,246,10.61518141914121,7851,6985,1764,266,995,979,212,0.2525411596277738,1090,67,50,1087,467.18448666666666,1366.0874400000002,3.8574865871559636,1.2532912293577985,10,10,10,10,4,4,8,4,6,4,44,26,70,2,18
NATIONAL PASTIME,23,261,10.32539701832791,7517,6731,1720,244,917,896,136,0.25553409597385235,1198,77,82,1183,501.68515333333335,1464.53908,3.7689201836393993,1.2224867111853088,5,4,5,5,5,8,10,6,9,8,24,41,65,3,18
MELONHEADS,23,219,10.034742865674229,7366,6562,1656,250,920,911,175,0.25236208473026517,1319,79,19,1272,569.1552388888889,1643.07306,3.883545981804397,1.2456960272934041,6,5,7,8,2,10,2,10,4,7,28,33,61,4,18
BIG RED MACHINE,23,212,9.811253859336784,7500,6658,1681,257,945,911,136,0.25247822168819467,1185,72,59,1122,509.5327344444445,1493.23998,3.8698688691983127,1.2601181265822785,7,7,7,5,3,6,9,5,5,3,29,28,57,5,18
WESTSIDE MARAUDERS,20,270,10.918182244778993,6987,6227,1594,244,892,867,129,0.2559820138108238,1182,76,32,1258,496.99921,1411.4105960000002,3.784257944162437,1.1940867986463621,5,2,3,4,6,7,5,8,8,9,20,37,57,5,18
FREE BIRDS,23,249,9.227787439622247,7396,6546,1691,218,898,880,136,0.2583256950809655,1291,78,27,1259,588.4665033333334,1613.8371699999998,4.1024001006971345,1.2500675213013166,3,3,4,5,8,9,3,9,2,5,23,28,51,6,18
BLUE SOCKS,16,270,8.672700104739814,6996,6315,1623,219,857,859,147,0.2570071258907363,540,37,29,583,220.18333444444448,628.77051,3.6697222407407413,1.1643898333333331,4,1,2,6,7,2,4,1,10,10,20,27,47,7,18
ERIE LAKERS,23,200,8.533649826841621,7494,6629,1719,264,956,941,119,0.25931513048725296,1106,61,18,987,524.1638466666667,1461.72842,4.265347757685353,1.3216350994575043,9,8,9,3,10,3,1,2,1,1,39,8,47,7,18
FREE AT LAST,23,249,8.549568242001891,7582,6668,1644,244,938,899,157,0.2465506898620276,1118,68,41,1001,503.1100677777778,1415.80502,4.050081046511628,1.2663730053667264,5,6,6,7,1,5,7,3,3,2,25,20,45,8,18
HOOSIERS,23,255,10.654596349950786,7916,6990,1768,256,1013,960,221,0.25293276108726753,1278,77,11,1176,535.6917233333334,1595.82332,3.7724769248826293,1.2486880438184664,8,9,10,10,4,8,2,6,9,6,41,31,72,1,19
WESTSIDE MARAUDERS,23,263,11.040710188090205,7449,6646,1712,252,944,923,137,0.2575985555221186,1387,87,32,1354,591.56884,1709.4053460000002,3.838586560922855,1.2324479783705842,6,8,6,4,7,10,6,10,7,7,31,40,71,2,19
NATIONAL PASTIME,23,264,10.511700148752748,7664,6903,1767,255,928,935,150,0.2559756627553238,1117,73,79,1150,476.3350977777778,1371.9963700000003,3.837973034914951,1.2282868128916744,7,5,7,7,5,7,10,5,8,8,31,38,69,3,19
LOUISVILLE SLUGGERS,23,209,10.820343455354656,7927,7107,1846,263,1014,959,176,0.25974391445054174,1081,65,68,1068,480.50572444444447,1360.5601299999998,4.00051019426457,1.258612516188714,9,10,9,8,10,5,8,3,3,3,46,22,68,4,19
MELONHEADS,23,230,9.864940994535537,7217,6427,1618,232,902,869,210,0.25175042788237123,1253,77,19,1260,539.0115577777779,1526.25441,3.871591396648045,1.2180801356743816,5,3,3,9,3,8,3,8,6,9,23,34,57,5,19
BIG RED MACHINE,23,198,9.748345308344279,7496,6623,1647,274,939,936,112,0.24867884644420957,1312,77,27,1204,573.3113677777778,1669.7348500000003,3.932776150914635,1.2726637576219515,10,7,8,1,2,8,4,7,4,2,28,25,53,6,19
BLUE SOCKS,16,270,8.68173655404807,7003,6355,1639,214,849,854,145,0.2579071597167585,540,37,29,583,220.18333444444448,628.77051,3.6697222407407413,1.1643898333333331,2,1,2,6,8,3,5,1,10,10,19,29,48,7,19
ERIE LAKERS,23,201,8.376585926553087,7275,6447,1673,256,932,922,118,0.25950054288816504,954,54,69,857,445.56902888888885,1242.4256800000003,4.203481404612159,1.3023329979035643,8,6,5,2,9,4,9,2,1,1,30,17,47,8,19
FREE BIRDS,23,248,9.285403443717337,7449,6601,1690,227,915,883,130,0.25602181487653386,1339,82,0,1332,606.4982133333334,1684.99855,4.076537654966393,1.25840070948469,3,4,4,3,6,9,1,9,2,4,20,25,45,9,19
FREE AT LAST,23,246,8.093005471125847,7074,6224,1539,230,874,840,140,0.24726863753213368,1084,68,59,1080,473.6291766666668,1363.28482,3.932345562730629,1.2576428228782288,4,2,1,5,1,6,7,4,5,5,13,27,40,10,19
LOUISVILLE SLUGGERS,23,210,10.878381857655878,7875,7060,1837,262,1012,949,177,0.2601983002832861,969,61,104,994,417.17181555555555,1239.5548799999997,3.874660825593395,1.2792104024767799,9,10,9,9,10,4,10,3,5,2,47,24,71,1,20
NATIONAL PASTIME,23,265,10.61956226124445,7681,6904,1795,252,950,941,154,0.2599942062572422,1240,75,52,1170,541.2812411111111,1525.0930700000001,3.928654169354838,1.2299137661290322,6,8,8,7,9,7,8,6,4,7,38,32,70,2,20
HOOSIERS,23,230,10.400666429181616,7881,6991,1759,255,993,955,229,0.2516092118437992,1286,79,2,1181,566.8925822222221,1629.20686,3.967366438569206,1.2668793623639192,8,9,10,10,3,9,2,7,3,3,40,24,64,3,20
BIG RED MACHINE,23,209,9.833583357147123,7629,6767,1667,272,940,939,121,0.2463425447022314,1112,68,86,1076,477.75308777777786,1385.84064,3.866706645683454,1.2462595683453237,10,6,7,3,2,6,9,5,7,6,28,33,61,4,20
MELONHEADS,23,227,9.973086318196605,7538,6719,1720,241,937,920,154,0.2559904747730317,1253,79,11,1255,539.03489,1535.2544100000002,3.871758986432562,1.2252628970470871,4,5,6,7,5,9,3,8,6,8,27,34,61,4,20
WESTSIDE MARAUDERS,20,270,10.821392097954098,6749,6054,1562,235,860,845,149,0.25801123224314504,1198,76,32,1278,502.78451222222225,1433.8081760000002,3.777179140233723,1.1968348714524208,3,2,2,5,7,8,6,9,9,9,19,41,60,5,20
FREE BIRDS,23,257,9.379269216507208,7278,6427,1633,222,881,857,123,0.2540843317255329,1416,88,0,1418,607.8432311111112,1778.41242,3.863410367231639,1.2559409745762713,2,3,3,4,4,10,1,10,8,5,16,34,50,6,20
FREE AT LAST,23,244,8.456907225880112,7585,6679,1645,248,945,905,160,0.2462943554424315,1076,61,46,1024,484.0645511111112,1360.09497,4.048867063197027,1.264028782527881,5,7,4,8,1,4,7,4,2,4,25,21,46,7,20
BLUE SOCKS,16,270,8.629001510868438,6450,5812,1494,204,800,788,150,0.25705437026841016,699,47,29,724,289.73859111111113,831.2363399999999,3.730539799713877,1.1891793133047208,1,1,1,6,6,3,4,1,10,10,15,28,43,8,20
ERIE LAKERS,23,194,8.398822947909865,7307,6472,1679,253,927,918,114,0.25942521631644005,1109,63,31,957,525.5442833333334,1464.2377400000003,4.265012218214609,1.32032257889991,7,4,5,2,8,5,5,2,1,1,26,14,40,9,20
HOOSIERS,23,251,10.591722429903081,7762,6877,1729,262,984,957,201,0.2514177693761815,1185,75,27,1161,487.7312977777778,1453.88521,3.7042883375527427,1.2269073502109704,9,9,8,9,3,7,3,7,10,8,38,35,73,1,21
WESTSIDE MARAUDERS,22,270,11.124833945217313,7155,6387,1654,245,925,893,165,0.2589635196492876,1357,88,32,1365,575.5394855555555,1683.508076,3.81713733971997,1.2406102254974207,5,6,5,7,8,10,5,10,8,6,31,39,70,2,21
LOUISVILLE SLUGGERS,23,213,10.850856073196903,8022,7216,1890,261,1016,973,179,0.2619179600886918,1205,72,36,1088,543.3897088888889,1525.34486,4.058512348547718,1.265846356846473,8,10,10,8,10,6,6,4,2,4,46,22,68,3,21
NATIONAL PASTIME,23,265,10.60106831847536,7710,6904,1766,260,953,937,146,0.2557937427578216,1120,71,84,1138,482.41616777777784,1374.8210900000001,3.876558491071429,1.227518830357143,7,7,7,5,6,5,10,6,6,7,32,34,66,4,21
BIG RED MACHINE,23,203,9.88274839218411,7727,6846,1706,276,958,958,114,0.24919661115980135,1193,72,57,1113,516.1669377777778,1531.5171800000003,3.8939668398994134,1.2837528751047782,10,8,9,1,2,6,9,5,5,2,30,27,57,5,21
MELONHEADS,23,229,9.951384136981693,7332,6501,1620,241,919,885,205,0.24919243193354867,1244,76,19,1268,533.2197166666667,1496.4078399999999,3.8576989147909972,1.202900192926045,4,4,3,10,1,8,2,8,7,9,22,34,56,6,21
FREE BIRDS,23,246,9.321289211354319,7445,6600,1676,235,908,891,121,0.25393939393939396,1291,78,27,1270,579.9580466666667,1623.5906300000001,4.043084756003099,1.2576224864446166,3,3,4,2,5,9,3,9,4,5,17,30,47,7,21
BLUE SOCKS,16,270,8.629001510868438,6450,5812,1494,204,800,788,150,0.25705437026841016,699,47,29,724,289.73859111111113,831.2363399999999,3.730539799713877,1.1891793133047208,1,2,1,6,7,2,4,1,9,10,17,26,43,8,21
ERIE LAKERS,23,192,8.24609942155388,7313,6509,1693,246,920,908,122,0.2601013980642188,1008,56,45,964,465.2149422222222,1326.29445,4.153704841269841,1.3157683035714287,6,5,6,3,9,3,7,2,1,1,29,14,43,8,21
FREE AT LAST,23,241,8.405816209074853,7477,6617,1664,222,908,872,130,0.25147347740667975,1118,66,49,1050,503.58245777777785,1415.4268700000002,4.053883828264759,1.2660347674418606,2,3,2,4,4,4,8,3,3,3,15,21,36,9,21
WESTSIDE MARAUDERS,23,270,11.2501367850409,7470,6632,1685,265,952,927,182,0.2540711700844391,1297,80,54,1318,557.3965388888889,1584.0017060000002,3.8678248650732465,1.2212811919814959,9,8,8,9,5,9,8,9,5,7,39,38,77,1,22
HOOSIERS,23,241,10.29632259433585,7613,6742,1703,248,976,927,227,0.2525956689409671,1204,79,16,1155,498.2075166666667,1496.9488799999997,3.724142566445183,1.2433130232558136,6,10,8,10,3,8,4,6,8,5,37,31,68,2,22
NATIONAL PASTIME,23,268,10.61935459742813,7685,6932,1788,251,935,933,158,0.257934218118869,1120,71,84,1128,479.61467000000005,1370.33571,3.854046455357143,1.2235140267857143,7,6,9,7,8,5,9,5,6,6,37,31,68,2,22
LOUISVILLE SLUGGERS,23,233,10.70198402765021,7330,6588,1714,248,931,903,151,0.2601700060716454,951,62,121,1033,377.99605444444444,1146.54564,3.577249726603575,1.205621072555205,6,5,5,5,10,2,10,3,10,9,31,34,65,3,22
BIG RED MACHINE,23,204,9.88105995235007,7727,6859,1729,268,967,947,120,0.2520775623268698,1167,69,54,1088,517.0741233333334,1491.46197,3.987718174807199,1.278030822622108,10,9,10,3,2,4,8,4,4,3,34,23,57,4,22
MELONHEADS,23,226,9.787998126063888,7359,6535,1656,243,917,901,156,0.2534047436878347,1260,75,19,1255,539.3328788888889,1527.6561399999998,3.852377706349206,1.2124255079365078,5,3,4,6,4,6,5,8,7,8,22,34,56,5,22
FREE BIRDS,23,246,9.354084313297749,7673,6785,1729,238,928,904,102,0.2548268238761975,1359,84,0,1330,609.7287366666667,1717.4118999999998,4.037938653421634,1.2637320824135392,3,4,6,2,6,10,3,10,3,4,21,30,51,6,22
BLUE SOCKS,16,270,8.68173655404807,7003,6355,1639,214,849,854,145,0.2579071597167585,540,37,29,583,220.18333444444448,628.77051,3.6697222407407413,1.1643898333333331,2,2,2,4,7,1,7,1,9,10,17,28,45,7,22
ERIE LAKERS,23,192,8.328184489208592,7263,6446,1667,258,931,924,120,0.25860999069190194,1145,63,24,980,543.0553733333334,1520.2861599999999,4.268557519650655,1.3277608384279476,8,5,7,3,9,3,6,2,1,1,32,13,45,7,22
FREE AT LAST,23,239,8.516351613167036,7508,6579,1622,240,941,890,170,0.2465420276637787,1280,76,0,1177,591.3931522222223,1649.3258899999998,4.1582331015625,1.2885358515624998,4,7,3,8,1,7,3,7,2,2,23,21,44,8,22
WESTSIDE MARAUDERS,23,270,11.167252964182076,7554,6789,1760,252,946,933,158,0.25924289291500957,1352,86,32,1361,584.1236,1653.577586,3.88839674556213,1.2230603446745563,6,6,8,7,8,10,6,9,5,6,35,36,71,1,23
NATIONAL PASTIME,23,264,10.61242011474942,7751,6967,1771,263,939,944,139,0.2541983637146548,1143,72,84,1150,492.4762788888889,1389.36408,3.877765975503062,1.215541627296588,9,4,9,4,4,7,9,6,7,9,30,38,68,2,23
LOUISVILLE SLUGGERS,23,222,10.691103256041242,7526,6752,1762,250,963,916,168,0.2609597156398104,904,58,131,926,379.1594511111111,1100.33475,3.7748175442477874,1.2171844579646018,4,8,4,9,10,4,10,2,8,8,35,32,67,3,23
MELONHEADS,23,233,10.041505217362088,7671,6799,1713,251,960,924,158,0.2519488160023533,1155,73,33,1206,484.2019555555556,1410.62183,3.7730022510822514,1.2213176017316019,5,7,6,7,3,8,7,8,9,7,28,39,67,3,23
HOOSIERS,23,226,10.391050784403323,7970,7059,1766,268,1006,984,209,0.25017707890636065,1189,72,38,1092,519.7851788888889,1539.06564,3.9344546761984867,1.2944202186711522,10,10,10,10,2,7,8,4,3,2,42,24,66,4,23
BIG RED MACHINE,23,212,9.849104378460563,7636,6766,1720,260,969,932,138,0.2542122376588826,1234,74,27,1162,538.9744244444445,1567.46335,3.930931782820098,1.2702296191247975,8,9,7,3,5,9,4,7,4,3,32,27,59,5,23
FREE BIRDS,23,258,9.340329339564015,7274,6465,1652,216,868,853,142,0.25552977571539054,1401,86,0,1389,604.4199744444445,1751.0316,3.882783561741614,1.2498441113490364,2,2,2,5,6,10,2,10,6,5,17,33,50,6,23
BLUE SOCKS,16,270,8.629001510868438,6450,5812,1494,204,800,788,150,0.25705437026841016,699,47,29,724,289.73859111111113,831.2363399999999,3.730539799713877,1.1891793133047208,1,1,1,6,7,3,5,1,10,10,16,29,45,7,23
FREE AT LAST,23,235,8.43838018495485,7543,6633,1631,239,942,896,161,0.2458917533544399,1194,70,19,1116,545.4397422222222,1506.93314,4.111354840871021,1.262088056951424,3,5,3,8,1,6,3,5,2,4,20,20,40,8,23
ERIE LAKERS,23,195,8.35081643731108,7249,6439,1671,257,927,920,123,0.25951234663767664,1176,65,0,1038,548.6035211111111,1533.5583700000004,4.198496335034014,1.3040462329931977,7,3,5,2,9,5,2,3,1,1,26,12,38,9,23
WESTSIDE MARAUDERS,22,270,11.161505828588407,7288,6486,1654,272,926,931,139,0.25501079247610237,1321,83,32,1365,563.8690666666666,1613.1460260000003,3.841651476154428,1.2211552051476158,10,6,7,6,6,10,5,10,7,8,35,40,75,1,24
LOUISVILLE SLUGGERS,23,214,10.84831097976957,7816,7009,1838,253,1000,937,182,0.2622342702239977,1162,71,53,1143,518.0680611111111,1485.8302700000002,4.0125753442340795,1.2786835370051637,8,10,10,9,10,5,9,5,3,2,47,24,71,2,24
NATIONAL PASTIME,23,270,10.67096019064984,7601,6847,1759,251,924,922,134,0.2569008324813787,1272,79,52,1242,541.8948855555556,1545.1117800000002,3.834161926100629,1.2147105188679246,7,5,5,5,7,9,8,8,8,9,29,42,71,2,24
HOOSIERS,23,245,10.456892112485413,7729,6834,1724,245,986,933,229,0.25226807140766755,1105,70,65,1059,474.23420111111113,1396.45337,3.8625410045248874,1.263758705882353,5,9,8,10,4,4,10,4,6,4,36,28,64,3,24
MELONHEADS,23,226,10.01681345469343,7349,6537,1648,242,915,898,182,0.2521034113507725,1210,75,49,1186,510.95943555555556,1494.49529,3.8005247272727276,1.2351200743801654,4,4,3,9,3,6,6,6,9,7,23,34,57,4,24
BIG RED MACHINE,23,204,9.783724741181798,7531,6667,1675,264,949,930,128,0.25123743812809357,1278,76,27,1207,568.0274722222223,1606.21678,4.000193466353678,1.256820641627543,9,7,6,4,2,7,3,7,4,6,28,27,55,5,24
FREE BIRDS,23,250,9.281958573673819,7354,6549,1664,227,889,881,144,0.2540845930676439,1263,78,27,1261,556.2939855555557,1593.5249800000001,3.9640901583531285,1.261698321456849,3,2,2,7,5,8,3,9,5,5,19,30,49,6,24
BLUE SOCKS,16,270,8.629001510868438,6450,5812,1494,204,800,788,150,0.25705437026841016,699,47,29,724,289.73859111111113,831.2363399999999,3.730539799713877,1.1891793133047208,2,1,1,8,8,2,4,1,10,10,20,27,47,7,24
FREE AT LAST,23,244,8.519246173689115,7963,7000,1741,253,983,935,122,0.24871428571428572,1127,70,16,1045,509.3699933333333,1428.3598299999999,4.0677284294587395,1.2674000266193433,8,8,9,3,1,4,2,3,1,3,29,13,42,8,24
ERIE LAKERS,23,191,8.124662957077186,7193,6405,1662,248,903,905,119,0.2594847775175644,988,53,51,915,446.14534000000003,1268.3025400000004,4.064076983805668,1.2837070242914983,6,3,4,2,9,3,7,2,2,1,24,15,39,9,24
WESTSIDE MARAUDERS,23,268,11.035578314725832,7274,6501,1671,250,929,905,157,0.25703737886479006,1308,82,59,1309,561.79688,1584.7623860000003,3.865574862385321,1.2115920382263,5,5,4,7,7,9,9,9,7,10,28,44,72,1,25
HOOSIERS,23,234,10.321309126110036,7797,6907,1729,254,991,942,220,0.2503257564789344,1161,74,32,1097,494.0676344444444,1455.2986799999999,3.829981662360034,1.2534872351421187,8,9,9,10,2,6,4,5,9,4,38,28,66,2,25
NATIONAL PASTIME,23,255,10.422994661547982,7541,6763,1722,263,926,947,147,0.2546207304450688,1207,76,52,1200,522.4766622222222,1493.3065300000003,3.89584917978459,1.2372050787075397,9,4,10,4,6,7,7,7,4,7,33,32,65,3,25
MELONHEADS,23,235,10.17979893549808,7479,6653,1680,251,949,927,182,0.2525176612054712,1255,77,11,1242,541.6688666666668,1521.42281,3.884477928286853,1.212289091633466,6,7,6,9,4,8,2,8,5,9,32,32,64,4,25
LOUISVILLE SLUGGERS,23,210,10.609412665058393,7877,7089,1880,251,1008,941,171,0.26519960502186485,1103,67,58,1077,496.94929888888896,1430.4076,4.054890018132367,1.2968337262012692,6,10,8,8,10,4,8,4,2,2,42,20,62,5,25
BIG RED MACHINE,23,208,9.725063744699932,7563,6713,1664,273,936,935,106,0.24787725309101744,1122,68,78,1098,479.4128633333334,1398.0483,3.8455577272727277,1.2460323529411763,10,6,7,1,1,5,10,6,8,5,25,34,59,6,25
FREE BIRDS,23,261,9.386792706923966,7326,6505,1648,218,866,858,136,0.25334358186010764,1390,88,0,1418,597.7774700000001,1729.4335800000001,3.8705016043165474,1.2441968201438849,3,2,2,3,5,10,1,10,6,6,15,33,48,7,25
FREE AT LAST,23,250,8.46497623640171,7746,6807,1704,236,961,898,151,0.250330542089026,1083,63,43,990,475.90374555555564,1359.7772599999998,3.9548787719298253,1.2555653370267774,4,8,3,6,3,3,6,3,3,3,24,18,42,8,25
BLUE SOCKS,17,270,8.864107717018667,6450,5812,1494,204,800,788,150,0.25705437026841016,859,55,29,870,362.3076388888889,1049.4849,3.796005529685681,1.221751920838184,2,1,1,5,8,1,3,1,10,8,17,23,40,9,25
ERIE LAKERS,23,199,8.381122458877817,7319,6495,1689,253,925,919,116,0.2600461893764434,1026,58,39,933,481.0539044444445,1341.18234,4.219771091617934,1.3071952631578947,7,3,5,2,9,2,5,2,1,1,26,11,37,10,25
LOUISVILLE SLUGGERS,23,219,10.880382139118577,7772,6950,1806,263,998,940,163,0.2598561151079137,1131,74,47,1144,485.2853322222222,1391.30213,3.8616869938107867,1.230152192749779,9,9,9,8,9,7,7,6,7,6,44,33,77,1,26
WESTSIDE MARAUDERS,23,266,11.04239541255509,7344,6524,1666,275,941,940,136,0.2553648068669528,1355,86,32,1371,579.0468744444444,1664.8710760000001,3.8460678007380067,1.2286871409594098,10,7,9,4,6,10,5,10,8,7,36,40,76,2,26
NATIONAL PASTIME,23,270,10.551200487483955,7500,6734,1727,240,917,893,150,0.25645975645975644,1201,76,84,1207,504.34898111111113,1448.26964,3.779467801831807,1.2058864612822648,3,5,4,7,7,8,10,7,9,9,26,43,69,3,26
HOOSIERS,23,231,10.401413906542947,7839,6957,1751,257,1001,959,226,0.25168894638493605,1199,70,33,1096,531.2720577777778,1530.80395,3.987863653044204,1.2767339032527105,8,10,10,10,2,6,6,4,3,2,40,21,61,4,26
MELONHEADS,23,224,9.832421709976833,7307,6492,1634,245,917,903,171,0.251694393099199,1339,82,0,1308,581.6520466666666,1641.80009,3.9095357879014183,1.2261389768483943,5,5,5,9,3,9,2,9,6,8,27,34,61,4,26
BIG RED MACHINE,23,203,9.75566597258771,7412,6586,1666,253,930,913,127,0.25296082599453384,1287,76,27,1214,559.3788422222224,1637.0132500000002,3.9117401554001563,1.2719605672105674,7,6,6,3,4,8,3,8,5,4,26,28,54,5,26
BLUE SOCKS,16,270,8.615080779926117,6450,5812,1494,204,800,788,150,0.25705437026841016,685,47,29,723,281.71199,816.39906,3.701325416058394,1.1918234452554743,1,3,2,7,8,3,4,1,10,10,21,28,49,6,26
FREE AT LAST,23,247,8.563434590072843,7914,6977,1731,250,973,930,149,0.24810090296689122,983,59,65,936,448.98053666666664,1254.72344,4.110706846388606,1.2764226246185146,6,8,8,6,1,4,8,2,2,3,29,19,48,7,26
FREE BIRDS,23,257,9.358406497392801,7389,6566,1664,231,885,886,139,0.2534267438318611,1122,70,76,1142,490.28801222222233,1406.1895399999999,3.9327915418894843,1.2532883600713012,2,4,3,5,5,6,9,5,4,5,19,29,48,7,26
ERIE LAKERS,23,200,8.353852410336067,7459,6634,1739,243,930,919,116,0.26213445884835695,1145,63,0,1023,524.9580444444445,1491.8145100000004,4.126307772925764,1.3028947685589523,4,6,7,2,10,5,2,3,1,1,29,12,41,8,26
LOUISVILLE SLUGGERS,23,211,10.88350225696623,7851,7060,1835,267,997,965,166,0.25991501416430596,1036,66,66,1088,433.4644655555556,1304.7205299999998,3.7656179440154447,1.2593827509652509,10,10,10,7,10,4,8,5,9,5,47,31,78,1,27
WESTSIDE MARAUDERS,23,267,11.223319871305321,7596,6802,1744,255,950,935,172,0.25639517788885624,1358,85,32,1359,586.5225622222222,1646.3428159999999,3.887115655375552,1.2123290250368188,8,7,8,8,6,10,6,10,5,9,37,40,77,2,27
NATIONAL PASTIME,23,260,10.562727333044402,7639,6864,1773,254,940,934,135,0.2583041958041958,1211,75,52,1211,531.4952822222223,1488.9046,3.95000622625929,1.2294835672997524,7,5,7,4,9,7,7,8,4,7,32,33,65,3,27
HOOSIERS,23,248,10.542894787777056,7722,6830,1721,250,974,938,210,0.2519765739385066,1317,79,19,1193,563.4552988888889,1666.44243,3.8504917919514052,1.2653321412300684,6,9,9,10,3,8,2,7,7,3,37,27,64,4,27
MELONHEADS,23,230,9.904512006408247,7216,6430,1632,239,907,880,184,0.25381026438569204,1119,70,68,1132,475.8851511111111,1362.82721,3.8274945129579985,1.217897417336908,4,2,3,9,4,6,9,6,8,8,22,37,59,5,27
BIG RED MACHINE,23,213,9.854888382014723,7531,6707,1689,258,942,920,144,0.2518264499776353,1098,67,86,1045,472.86533555555565,1385.34509,3.8759453734061937,1.2616986247723134,9,6,6,5,2,5,10,3,6,4,28,28,56,6,27
BLUE SOCKS,16,270,8.629001510868438,6450,5812,1494,204,800,788,150,0.25705437026841016,699,47,29,724,289.73859111111113,831.2363399999999,3.730539799713877,1.1891793133047208,2,1,2,6,8,2,5,1,10,10,19,28,47,7,27
FREE AT LAST,23,243,8.545134508917727,7781,6841,1684,255,961,919,128,0.24616284168981142,1193,70,22,1078,537.3125511111111,1502.13733,4.05348948868399,1.2591260100586756,8,8,5,2,1,6,3,4,2,6,24,21,45,8,27
FREE BIRDS,23,253,9.36187168413396,7463,6615,1691,228,913,895,133,0.2556311413454271,1348,84,0,1337,598.7370033333334,1709.4758000000002,3.9975022477744813,1.2681571216617211,3,3,4,3,5,9,1,9,3,2,18,24,42,9,27
ERIE LAKERS,23,195,8.158411780291416,7480,6625,1701,249,939,919,122,0.25675471698113206,1033,59,27,967,479.32007,1335.75954,4.176070309777347,1.2930876476282671,5,4,5,1,7,3,4,2,1,1,22,11,33,10,27
LOUISVILLE SLUGGERS,23,212,10.87798191464954,7592,6845,1787,256,982,940,184,0.2610664718772827,1119,72,50,1133,471.9049544444445,1396.24957,3.795482207327972,1.2477654781054512,8,9,8,8,10,7,7,6,7,5,43,32,75,1,28
HOOSIERS,23,252,10.644360540887906,7783,6908,1732,251,983,941,223,0.2507237984944991,1156,72,51,1065,470.3000811111112,1429.55934,3.661505821799308,1.236643027681661,6,10,9,10,2,7,8,4,10,6,37,35,72,2,28
NATIONAL PASTIME,23,267,10.619428215658065,7594,6831,1760,252,935,923,152,0.2576489533011272,1150,72,84,1153,493.8672166666667,1405.6621300000002,3.865047782608696,1.222314895652174,7,4,5,7,8,7,10,8,6,8,31,39,70,3,28
WESTSIDE MARAUDERS,20,270,10.853274610701591,7281,6455,1650,273,939,925,135,0.25561580170410536,1002,64,51,1065,412.75916,1198.700816,3.7074176047904195,1.1963081996007985,10,5,7,5,6,5,8,4,9,9,33,35,68,4,28
BIG RED MACHINE,23,217,9.973054865303542,7783,6912,1741,265,964,958,135,0.25188078703703703,1108,68,68,1060,483.04118,1395.60055,3.923619693140794,1.2595672833935019,9,8,10,5,4,6,9,3,5,3,36,26,62,5,28
MELONHEADS,23,227,9.990454713775465,7517,6660,1663,249,943,912,197,0.2496996996996997,1244,75,22,1239,543.0571611111112,1522.1387000000002,3.928870136655949,1.2235841639871383,5,6,4,9,1,9,4,9,4,7,25,33,58,6,28
FREE BIRDS,23,248,9.3248748465959,7564,6704,1705,236,910,893,114,0.2543257756563246,1267,78,27,1271,566.4718822222223,1591.05502,4.0238728808208375,1.2557656037884768,2,3,3,3,5,10,5,10,3,4,16,32,48,7,28
BLUE SOCKS,16,270,8.629001510868438,6450,5812,1494,204,800,788,150,0.25705437026841016,699,47,29,724,289.73859111111113,831.2363399999999,3.730539799713877,1.1891793133047208,1,1,1,6,7,4,6,2,8,10,16,30,46,8,28
FREE AT LAST,23,235,8.530297509532838,7767,6867,1722,243,944,924,120,0.25076452599388377,1283,74,0,1148,585.3180566666666,1628.10413,4.105894395946999,1.2689821745908028,4,7,6,4,3,8,2,7,2,2,24,21,45,9,28
ERIE LAKERS,23,188,8.268174486266282,7195,6382,1658,238,907,884,120,0.25979316828580384,1163,68,19,1081,556.0908555555555,1555.73631,4.303368615649183,1.3376924419604472,3,2,2,4,9,6,3,5,1,1,20,16,36,10,28
LOUISVILLE SLUGGERS,23,204,10.89983771671922,7746,6975,1813,267,982,959,163,0.25992831541218636,1186,73,36,1191,510.6099866666667,1486.97768,3.8747806745362565,1.2537754468802698,9,9,9,8,10,7,5,7,6,5,45,30,75,1,29
WESTSIDE MARAUDERS,23,265,11.027053859994492,7330,6537,1669,264,942,927,155,0.2553158941410433,1278,81,59,1296,543.6713033333333,1574.593766,3.828671150234742,1.2320764992175273,8,5,7,7,5,9,9,9,8,8,32,43,75,1,29
HOOSIERS,23,240,10.455039539086945,7929,7015,1776,260,1017,970,214,0.2531717747683535,1067,63,65,1011,465.8833433333334,1342.2088500000002,3.9296626897844424,1.2579276944704783,7,10,10,10,4,4,10,3,4,3,41,24,65,2,29
MELONHEADS,23,230,10.12024396300217,7622,6745,1693,247,954,916,194,0.25100074128984434,1198,73,49,1157,513.9308833333334,1492.3676300000002,3.8609164858096836,1.2457158848080134,6,7,6,9,3,7,7,6,7,7,31,34,65,2,29
NATIONAL PASTIME,22,270,10.598480384337579,7101,6394,1647,239,872,871,129,0.25758523615889894,1279,79,52,1258,541.6685011111111,1548.8582400000003,3.811584448788116,1.2109915871774826,4,2,2,3,8,8,8,8,9,9,19,42,61,3,29
BIG RED MACHINE,23,206,9.886438123890061,7717,6863,1703,275,949,949,123,0.24814221186070232,1203,72,59,1108,522.7101566666668,1517.9933800000001,3.910549800498754,1.2618398836242728,10,6,8,2,1,6,9,5,5,2,27,27,54,4,29
FREE BIRDS,23,252,9.29908742701433,7452,6622,1704,219,903,881,140,0.25732407127755963,1326,82,0,1327,597.0965044444445,1661.1298199999999,4.052691206636501,1.2527374208144795,2,4,4,4,7,10,2,10,2,6,21,30,51,5,29
BLUE SOCKS,16,270,8.629001510868438,6450,5812,1494,204,800,788,150,0.25705437026841016,699,47,29,724,289.73859111111113,831.2363399999999,3.730539799713877,1.1891793133047208,1,1,1,6,6,3,4,1,10,10,15,28,43,6,29
FREE AT LAST,23,253,8.460396606483553,7774,6857,1714,242,959,912,147,0.24996354090710224,1141,69,13,1061,515.1894533333333,1433.23251,4.063720490797546,1.2561196406660824,5,8,5,5,2,5,3,4,1,4,25,17,42,7,29
ERIE LAKERS,23,200,8.245246116967618,7216,6405,1663,233,900,878,122,0.2596409055425449,1005,63,39,993,451.4830011111111,1295.8245699999998,4.04313135323383,1.2893776815920395,3,3,3,1,9,4,6,2,3,1,19,16,35,8,29
WESTSIDE MARAUDERS,23,268,11.209106021878114,7477,6735,1741,255,933,936,144,0.2585003711952487,1372,87,32,1399,580.6955188888888,1680.961706,3.8092271647230316,1.2251907478134112,7,5,8,5,8,10,6,10,8,8,33,42,75,1,30
LOUISVILLE SLUGGERS,23,221,10.857901846668849,7606,6849,1791,251,980,932,196,0.2614980289093298,1101,69,55,1136,466.76018888888893,1377.80346,3.8154783832879207,1.251410953678474,5,9,7,9,10,5,9,6,7,5,40,32,72,2,30
MELONHEADS,23,224,9.98519858254795,7671,6812,1712,260,957,946,153,0.25132119788608337,1155,68,49,1139,503.19642222222234,1422.11577,3.9210110822510833,1.231269064935065,9,8,9,8,3,4,7,7,5,7,37,30,67,3,30
NATIONAL PASTIME,23,263,10.344771891109016,7391,6634,1712,237,907,882,143,0.25806451612903225,1204,76,82,1197,509.52086444444444,1458.34609,3.8087107807308973,1.2112509053156146,3,3,3,4,7,8,10,8,9,9,20,44,64,4,30
HOOSIERS,23,244,10.684482722955277,8091,7165,1798,275,1034,1003,223,0.2509420795533845,1157,71,31,1096,519.3257877777778,1484.1878299999998,4.03969929991357,1.282789827139153,10,10,10,10,2,6,5,4,2,2,42,19,61,5,30
BIG RED MACHINE,23,212,9.76921273379831,7412,6586,1666,253,930,913,127,0.25296082599453384,1190,71,54,1127,515.0726077777779,1486.4292400000002,3.89550711764706,1.2491002016806725,6,4,5,3,4,6,8,5,6,6,22,31,53,6,30
FREE BIRDS,23,245,9.136642467433424,7250,6423,1628,220,869,849,145,0.25346411334267477,1289,80,32,1284,572.5126844444445,1617.5362300000002,3.9973732816136547,1.2548768269976727,2,2,2,6,5,9,6,9,4,4,17,32,49,7,30
BLUE SOCKS,16,270,8.629001510868438,6450,5812,1494,204,800,788,150,0.25705437026841016,699,47,29,724,289.73859111111113,831.2363399999999,3.730539799713877,1.1891793133047208,1,1,1,7,6,2,4,1,10,10,16,27,43,8,30
ERIE LAKERS,23,200,8.34991973829977,7351,6524,1691,258,935,931,115,0.25919681177191906,1050,61,26,937,480.53800111111116,1358.37014,4.118897152380953,1.2936858476190476,8,6,6,2,9,3,3,2,1,1,31,10,41,9,30
FREE AT LAST,23,241,8.410531361628259,7638,6674,1642,242,942,884,143,0.2460293676955349,1195,72,11,1095,531.4356444444444,1516.20488,4.002444184100418,1.2687906945606695,4,7,4,4,1,7,2,3,3,3,20,18,38,10,30
LOUISVILLE SLUGGERS,23,212,10.838847128120026,7711,6949,1816,257,984,942,177,0.261332565836811,1145,73,50,1098,491.9928866666667,1412.0360999999998,3.867192995633188,1.2332193013100434,8,9,8,9,10,8,8,4,6,6,44,32,76,1,31
HOOSIERS,23,236,10.370227061413269,7884,6979,1760,256,1004,961,216,0.2521851268089984,1131,73,30,1130,480.18945777777776,1435.0344599999999,3.821136268788682,1.2688191511936338,7,10,10,10,4,8,6,5,8,3,41,30,71,2,31
NATIONAL PASTIME,23,266,10.625641364481526,7723,6961,1788,253,939,937,157,0.25685964660249966,1120,71,84,1138,482.41616777777784,1374.8210900000001,3.876558491071429,1.227518830357143,6,5,7,7,6,6,10,6,5,7,31,34,65,3,31
WESTSIDE MARAUDERS,21,270,11.008399883151615,7267,6521,1690,247,918,897,141,0.25916270510657874,1133,72,59,1195,477.16987,1361.7045260000002,3.7904049691085615,1.2018574810238307,5,3,4,3,8,7,9,8,9,9,23,42,65,3,31
MELONHEADS,23,227,9.974327441277888,7566,6714,1683,253,949,920,161,0.25067024128686327,1163,71,49,1168,496.4350400000001,1422.83491,3.8417157007738614,1.223417807394669,6,7,5,8,3,6,7,7,7,8,29,35,64,4,31
BIG RED MACHINE,23,205,9.81170374879155,7587,6710,1674,271,951,943,118,0.24947839046199702,1266,76,27,1207,550.59072,1595.46019,3.9141520379146924,1.2602371169036335,10,8,9,1,2,9,4,9,4,4,30,30,60,5,31
FREE BIRDS,23,258,9.311318570876278,7229,6399,1631,213,867,842,145,0.254883575558681,1446,87,0,1391,630.308347777778,1797.8084800000001,3.923081002766253,1.243297704011065,3,2,2,4,5,10,2,10,3,5,16,30,46,6,31
BLUE SOCKS,16,270,8.629001510868438,6450,5812,1494,204,800,788,150,0.25705437026841016,699,47,29,724,289.73859111111113,831.2363399999999,3.730539799713877,1.1891793133047208,2,1,1,5,7,3,5,1,10,10,16,29,45,7,31
ERIE LAKERS,23,191,8.427055856769446,7380,6539,1695,260,941,934,119,0.25921394708671053,1138,61,24,986,543.1513122222221,1508.90983,4.295572768014059,1.325931309314587,9,6,6,2,9,4,3,2,1,1,32,11,43,8,31
FREE AT LAST,23,245,8.437128874403024,7568,6662,1648,239,937,895,154,0.247373161212849,1082,65,49,1010,491.9899855555556,1392.89858,4.09233814232902,1.2873369500924214,4,4,3,6,1,5,7,3,2,2,18,19,37,9,31
WESTSIDE MARAUDERS,21,270,11.093721402009733,7785,6923,1774,272,991,954,157,0.2562472916365737,1066,68,32,1118,451.22169333333335,1278.938096,3.8095640150093812,1.199754311444653,10,9,10,7,6,4,6,5,7,9,42,31,73,1,32
LOUISVILLE SLUGGERS,23,218,10.91702726497822,7550,6785,1752,260,958,934,188,0.25821665438467206,1168,72,36,1200,511.44862666666666,1437.1682099999998,3.9409568835616433,1.230452234589041,8,8,6,9,8,7,7,8,4,6,39,32,71,2,32
NATIONAL PASTIME,21,270,10.321557202979132,6756,6078,1580,215,830,810,143,0.25995393221454427,1183,75,84,1208,489.3468866666667,1426.03508,3.7228419103972947,1.2054396280642434,3,2,2,5,10,9,10,9,10,8,22,46,68,3,32
HOOSIERS,23,224,10.40719644728648,7755,6856,1716,257,992,945,212,0.25029171528588096,1115,70,69,1052,471.26029000000005,1422.9232200000001,3.80389471748879,1.2761643228699553,7,10,9,10,2,5,9,3,8,2,38,27,65,4,32
MELONHEADS,23,238,10.143337039272689,7762,6923,1747,251,956,942,175,0.2523472483027589,1164,72,30,1165,494.9437088888889,1406.01133,3.8268843470790377,1.2079135137457044,6,7,7,8,3,7,5,7,6,7,31,32,63,5,32
BIG RED MACHINE,23,206,9.808427141383731,7587,6710,1674,271,951,943,118,0.24947839046199702,1226,71,54,1126,536.7752,1539.5157500000003,3.9404378466557914,1.2557224714518762,9,6,8,1,1,6,8,6,5,5,25,30,55,6,32
FREE BIRDS,23,246,9.317709577306792,7403,6569,1671,232,902,889,135,0.2543766174455777,1302,79,27,1267,580.0842022222223,1657.3126000000002,4.009798632872505,1.2728975422427038,4,3,3,4,5,10,3,10,3,4,19,30,49,7,32
BLUE SOCKS,16,270,8.629001510868438,6450,5812,1494,204,800,788,150,0.25705437026841016,699,47,29,724,289.73859111111113,831.2363399999999,3.730539799713877,1.1891793133047208,2,1,1,6,7,2,4,1,9,10,17,26,43,8,32
FREE AT LAST,23,244,8.518217040725887,7711,6824,1723,236,942,911,130,0.25249120750293086,1169,73,14,1112,529.9443355555555,1488.6859499999998,4.079982053036784,1.273469589392643,5,5,4,3,4,8,1,4,2,3,21,18,39,9,32
ERIE LAKERS,23,195,8.459910068166398,7333,6507,1691,260,938,930,122,0.2598739818656831,1134,64,18,997,535.9120111111112,1516.2113299999999,4.253269929453263,1.3370470282186948,8,4,5,2,9,3,2,2,1,1,28,9,37,10,32
WESTSIDE MARAUDERS,23,269,11.188402680331398,7610,6798,1729,280,955,964,145,0.254339511621065,1314,83,32,1359,562.2366755555556,1611.246796,3.850936133942162,1.2262152176560122,10,7,10,3,6,9,6,9,7,8,36,39,75,1,33
LOUISVILLE SLUGGERS,23,218,10.8012062912277,7732,6958,1831,249,998,932,188,0.2631503305547571,889,57,102,1004,371.0205377777778,1097.1186699999998,3.7561134308211477,1.2341042407199099,6,9,7,9,10,3,10,3,9,7,41,32,73,2,33
NATIONAL PASTIME,23,263,10.64767870001657,7765,6976,1813,251,956,948,157,0.25989105504587157,1225,77,52,1165,531.9355477777779,1534.8264100000004,3.9080979020408173,1.2529195183673472,7,8,8,7,8,8,8,7,5,5,38,33,71,3,33
HOOSIERS,23,229,10.32252128485287,7818,6914,1726,261,1000,962,220,0.24963841481052937,1212,73,32,1114,528.5527877777778,1534.91156,3.924896938943894,1.266428679867987,8,10,9,10,3,7,6,5,3,2,40,23,63,4,33
MELONHEADS,23,225,9.863161932485388,7440,6600,1657,243,928,902,153,0.25106060606060604,1262,77,19,1253,538.87017,1535.1364399999998,3.8429726862123617,1.2164314104595877,5,5,4,6,4,8,3,8,8,9,24,36,60,5,33
BIG RED MACHINE,23,207,9.805401881153328,7584,6707,1663,274,947,931,108,0.24794990308632772,1185,72,59,1156,515.0759433333334,1473.95466,3.911969189873418,1.243843594936709,9,6,6,1,1,6,9,6,4,6,23,31,54,6,33
BLUE SOCKS,16,270,8.672700104739814,6996,6315,1623,219,857,859,147,0.2570071258907363,540,37,29,583,220.18333444444448,628.77051,3.6697222407407413,1.1643898333333331,3,2,2,5,7,2,5,1,10,10,19,28,47,7,33
FREE BIRDS,23,255,9.408094039597335,7344,6517,1654,219,874,853,146,0.25379775970538593,1429,88,0,1394,617.3716600000001,1801.85673,3.8882749755073482,1.2609214345696291,3,3,1,4,5,10,2,10,6,3,16,31,47,7,33
ERIE LAKERS,23,200,8.349078053970457,7268,6460,1694,243,920,910,117,0.26222910216718265,1096,63,49,920,525.8882100000001,1441.20632,4.318425082116789,1.3149692700729927,5,4,5,2,9,4,7,2,1,1,25,15,40,8,33
FREE AT LAST,23,248,8.406476488565989,7354,6465,1604,237,920,875,161,0.24810518174787316,1171,69,27,1099,522.8475122222222,1473.71641,4.018469350982067,1.258511024765158,4,4,3,8,2,5,4,4,2,4,21,19,40,8,33
WESTSIDE MARAUDERS,23,268,11.01721764224656,7288,6504,1677,251,937,906,168,0.2578413284132841,1363,86,32,1396,588.6109833333333,1662.1541260000001,3.886646258253851,1.2194821173881145,6,6,6,8,7,10,7,10,6,8,33,41,74,1,34
HOOSIERS,23,242,10.601542166533537,7820,6926,1730,270,989,974,208,0.2497834247762056,1181,72,35,1077,495.71738666666675,1482.90318,3.777693886536834,1.255633513971211,9,9,9,10,3,6,8,6,9,3,40,32,72,2,34
LOUISVILLE SLUGGERS,23,219,10.874533435742494,8019,7215,1883,264,1010,975,182,0.26098406098406096,1041,66,61,1038,457.87385555555556,1306.1792299999997,3.9585635926993277,1.2547350912584052,8,10,10,9,10,4,9,2,4,4,47,23,70,3,34
NATIONAL PASTIME,23,270,10.5269196943599,7419,6679,1732,229,905,877,143,0.2593202575235814,1201,76,84,1207,504.34898111111113,1448.26964,3.779467801831807,1.2058864612822648,3,3,3,5,9,7,10,7,8,9,23,41,64,4,34
BIG RED MACHINE,23,214,9.820978440617148,7496,6623,1647,271,941,934,122,0.24867884644420957,1081,67,84,1047,462.1375744444445,1351.28495,3.8475838760407037,1.250032331174838,10,7,7,1,1,5,10,4,7,6,26,32,58,5,34
MELONHEADS,23,218,9.74884987270198,7286,6495,1648,241,906,901,157,0.25373364126250963,1282,77,27,1228,557.2400044444445,1575.6054700000002,3.911981310452419,1.2290214274570985,4,4,5,7,4,8,5,8,5,7,24,33,57,6,34
BLUE SOCKS,16,270,8.629001510868438,6450,5812,1494,204,800,788,150,0.25705437026841016,699,47,29,724,289.73859111111113,831.2363399999999,3.730539799713877,1.1891793133047208,1,1,1,6,6,2,6,1,10,10,15,29,44,7,34
FREE AT LAST,23,237,8.550748688711181,7956,7020,1749,252,976,940,131,0.24914529914529915,1129,66,24,1051,508.73940222222234,1465.71208,4.055495677590789,1.2982392205491586,7,8,8,2,2,4,4,5,2,2,27,17,44,7,34
FREE BIRDS,23,250,9.275821357768285,7403,6552,1666,227,901,871,134,0.25427350427350426,1356,82,0,1353,605.5726888888889,1695.6942800000002,4.019287758112095,1.2505120058997052,2,2,2,3,5,9,2,9,3,5,14,28,42,8,34
ERIE LAKERS,23,197,8.25776057097971,7130,6332,1638,242,910,884,141,0.25868603916614025,1114,64,17,1043,516.94325,1464.1473900000003,4.176381732495512,1.314315430879713,5,5,4,4,8,3,3,3,1,1,26,11,37,9,34
WESTSIDE MARAUDERS,23,268,11.294659632221478,7708,6883,1760,266,978,948,147,0.2557024553247131,1366,85,32,1360,581.5845666666667,1673.550126,3.831816325036603,1.225146505124451,10,9,9,5,5,10,6,10,8,8,38,42,80,1,35
LOUISVILLE SLUGGERS,23,214,10.649075561004988,7274,6546,1698,258,933,915,160,0.25939505041246563,1070,69,77,1118,459.82179666666667,1315.7075200000002,3.867659971962617,1.2296331962616824,8,6,5,7,9,5,9,6,7,6,35,33,68,2,35
HOOSIERS,23,237,10.419469314393586,8006,7128,1782,261,998,974,220,0.25,1104,64,52,1072,474.54827,1385.31673,3.868600027173913,1.2548158786231884,9,10,10,10,2,3,7,4,6,5,41,25,66,3,35
NATIONAL PASTIME,23,268,10.500370747118495,7374,6620,1710,233,909,876,142,0.2583081570996979,1209,77,84,1194,504.5398711111111,1469.2999100000002,3.755879933829611,1.2153018279569894,5,3,2,4,8,7,10,7,9,9,22,42,64,4,35
BIG RED MACHINE,23,210,9.826784581402903,7608,6757,1707,266,953,941,129,0.2526269054314045,1182,70,54,1090,514.2374066666667,1491.7054600000001,3.9155132487309654,1.2620181556683587,10,7,8,3,4,6,8,5,4,4,32,27,59,5,35
MELONHEADS,23,221,9.93296186049028,7349,6537,1648,242,915,898,182,0.2521034113507725,1316,82,0,1313,568.8820599999999,1613.9817400000002,3.890530805471124,1.2264298936170215,6,4,4,9,3,9,1,9,5,7,26,31,57,6,35
BLUE SOCKS,16,270,8.615080779926117,6450,5812,1494,204,800,788,150,0.25705437026841016,685,47,29,723,281.71199,816.39906,3.701325416058394,1.1918234452554743,3,2,1,6,7,1,4,1,10,10,19,26,45,7,35
FREE BIRDS,23,254,9.351812900408513,7582,6719,1720,229,915,897,126,0.2559904747730317,1256,78,27,1273,560.8158677777778,1585.78932,4.018585039808917,1.2625711146496816,4,4,3,2,6,8,3,8,3,3,19,25,44,8,35
FREE AT LAST,23,248,8.463937979393027,7844,6891,1710,242,969,916,164,0.24814976055724858,1138,67,16,1041,513.0426688888889,1454.93419,4.057455202108963,1.2785010456942003,6,8,6,8,1,4,2,3,2,2,29,13,42,9,35
ERIE LAKERS,23,198,8.373152224336668,7261,6440,1677,255,928,918,121,0.26040372670807455,1086,63,30,950,509.6118133333333,1426.50763,4.223302320441989,1.3135429373848988,7,5,7,1,10,2,5,2,1,1,30,11,41,10,35
NATIONAL PASTIME,23,265,10.582560931516792,7744,6936,1767,264,952,938,135,0.254757785467128,1104,72,84,1141,471.8456077777778,1342.6280100000001,3.8465674547101445,1.2161485597826087,9,6,8,4,6,7,10,5,7,9,33,38,71,1,36
WESTSIDE MARAUDERS,23,269,11.11119249095825,7533,6692,1706,258,957,926,160,0.25493126120741183,1370,85,32,1379,591.6259711111111,1671.6591560000002,3.8865939708029194,1.2201891649635037,6,7,6,7,7,10,5,10,5,8,33,38,71,1,36
LOUISVILLE SLUGGERS,23,222,10.861509418251243,7585,6794,1781,250,995,925,197,0.2621430674124227,1084,67,53,1147,463.1917344444445,1342.5258700000002,3.845687832103321,1.2384925000000002,4,9,5,9,10,4,8,7,8,6,37,33,70,2,36
HOOSIERS,23,229,10.461440241253335,7916,7031,1759,268,999,982,211,0.25017778409899016,1254,76,16,1144,532.9883711111112,1604.18288,3.825275390749602,1.2792526953748007,10,10,10,10,1,8,1,6,9,2,41,26,67,3,36
MELONHEADS,23,224,10.049467106077936,7349,6547,1655,252,917,903,177,0.252787536276157,1199,72,54,1183,524.5824077777779,1466.3367700000001,3.9376494328607183,1.2229664470391994,5,3,4,8,3,7,9,8,3,7,23,34,57,4,36
BIG RED MACHINE,23,211,9.884279270915405,7699,6855,1740,260,958,945,129,0.2538293216630197,1173,70,46,1094,509.5532722222223,1495.11739,3.9096158994032404,1.2746098806479111,7,8,9,3,5,6,7,4,4,3,32,24,56,5,36
FREE BIRDS,23,255,9.37469922975887,7344,6494,1647,223,886,866,120,0.25361872497690174,1351,83,30,1329,583.229998888889,1696.9644700000001,3.8853219763138425,1.2560802886750555,2,2,2,2,4,9,4,9,6,5,12,33,45,6,36
BLUE SOCKS,16,270,8.629001510868438,6450,5812,1494,204,800,788,150,0.25705437026841016,699,47,29,724,289.73859111111113,831.2363399999999,3.730539799713877,1.1891793133047208,1,1,1,6,8,2,3,1,10,10,17,26,43,7,36
ERIE LAKERS,23,198,8.436130278133097,7387,6551,1696,261,941,937,118,0.2588917722485117,1086,62,24,965,515.53421,1421.86591,4.272382955801105,1.30926879373849,8,5,7,1,9,3,2,2,1,1,30,9,39,8,36
FREE AT LAST,23,246,8.396886666680764,7687,6799,1701,232,927,899,137,0.25018385056625975,1127,69,33,1044,512.8525966666667,1428.5403500000002,4.095539813664597,1.267560204081633,3,4,3,5,2,5,6,3,2,4,17,20,37,9,36
LOUISVILLE SLUGGERS,23,214,10.85326726283272,7386,6625,1712,254,952,913,166,0.2584150943396226,1113,73,50,1171,456.98439111111117,1387.1262699999997,3.695291572327045,1.246294941599281,6,7,5,8,7,7,8,7,10,6,33,38,71,1,37
MELONHEADS,23,232,10.040827978266597,7619,6738,1695,257,955,925,169,0.25155832591273375,1106,66,57,1135,470.2674066666667,1337.7782200000001,3.8267691320072337,1.2095643942133816,7,8,6,9,3,4,9,6,7,8,33,34,67,2,37
HOOSIERS,23,227,10.471472163332301,7935,7044,1766,267,1000,983,208,0.250709823963657,1227,76,24,1134,532.0179899999999,1572.99104,3.902332444987775,1.2819812876935617,10,10,10,10,2,8,3,5,5,2,42,23,65,3,37
NATIONAL PASTIME,22,270,10.453240372552553,7204,6441,1666,232,899,854,143,0.25865548827821766,1187,76,84,1199,494.6759711111111,1437.9785900000002,3.7507023925863523,1.2114394187026118,3,4,3,5,8,8,10,8,8,7,23,41,64,4,37
WESTSIDE MARAUDERS,21,270,11.010315050185689,6721,6017,1560,236,857,848,137,0.2592654146584677,1366,85,32,1411,581.5116288888889,1649.9201460000002,3.8313357686676435,1.2078478374816985,4,2,2,3,9,10,7,10,6,9,20,42,62,5,37
BIG RED MACHINE,23,207,9.85359322312837,7622,6768,1703,263,949,940,134,0.2516252955082742,1195,72,57,1101,524.3215633333334,1516.87982,3.948865330543933,1.26935549790795,9,6,9,2,4,6,9,4,4,3,30,26,56,6,37
FREE BIRDS,23,253,9.378563739281857,7498,6663,1693,232,898,894,141,0.2540897493621492,1278,78,27,1248,570.7313100000001,1609.46082,4.01923457746479,1.259359014084507,3,3,4,4,5,9,5,9,3,5,19,31,50,7,37
BLUE SOCKS,16,270,8.629001510868438,6450,5812,1494,204,800,788,150,0.25705437026841016,699,47,29,724,289.73859111111113,831.2363399999999,3.730539799713877,1.1891793133047208,2,1,1,7,6,2,6,1,9,10,17,28,45,8,37
FREE AT LAST,23,249,8.599818355880663,7977,7039,1751,249,979,939,147,0.24875692569967325,1159,68,16,1024,528.6920655555556,1461.2744500000001,4.1054603882657466,1.2608062553925798,5,9,8,6,1,5,2,3,2,4,29,16,45,8,37
ERIE LAKERS,23,198,8.406215395380189,7356,6552,1706,258,929,931,119,0.2603785103785104,1082,61,25,987,519.8553933333333,1428.54599,4.3241206469500915,1.3202828003696858,8,5,7,1,10,3,4,2,1,1,31,11,42,9,37
LOUISVILLE SLUGGERS,23,207,10.754134036635561,7511,6794,1781,251,966,930,182,0.2621430674124227,1062,65,83,1082,465.1117466666667,1328.91976,3.9416249717514127,1.2513368738229755,8,9,8,9,10,5,10,4,5,5,44,29,73,1,38
WESTSIDE MARAUDERS,22,270,11.150426513075262,7302,6499,1653,257,929,905,137,0.2543468225880905,1259,79,59,1314,534.2132733333333,1524.8810960000003,3.818839920571882,1.2111843494837176,9,6,5,3,5,8,8,9,8,9,28,42,70,2,38
NATIONAL PASTIME,23,268,10.516289559597706,7569,6799,1744,241,920,899,148,0.25650831004559493,1277,82,52,1273,534.3249866666666,1560.82431,3.765798653093187,1.2222586609240407,5,5,4,6,7,9,7,8,9,8,27,41,68,3,38
HOOSIERS,23,226,10.306714362175148,7881,7001,1753,257,996,950,228,0.2503928010284245,1251,76,29,1090,560.7591088888889,1625.64347,4.034238193445244,1.2994751958433253,9,10,10,10,2,7,6,5,2,1,41,21,62,4,38
BIG RED MACHINE,23,211,9.822508874523827,7671,6780,1698,271,964,947,120,0.2504424778761062,1232,74,27,1173,536.5302122222223,1534.7060199999999,3.9194577191558446,1.2457029383116882,10,8,9,2,3,6,5,6,6,6,32,29,61,5,38
MELONHEADS,23,230,9.891808047790237,7255,6466,1651,245,905,906,156,0.25533560160841323,1241,76,19,1233,530.5767011111112,1527.7271700000001,3.8478568170829983,1.2310452618855763,6,4,6,7,6,7,4,7,7,7,29,32,61,5,38
BLUE SOCKS,16,270,8.672700104739814,6996,6315,1623,219,857,859,147,0.2570071258907363,540,37,29,583,220.18333444444448,628.77051,3.6697222407407413,1.1643898333333331,2,2,2,5,8,2,6,1,10,10,19,29,48,6,38
ERIE LAKERS,23,202,8.413853190568084,7359,6526,1697,247,940,913,138,0.26003677597303093,1080,60,27,962,499.8030955555556,1397.84618,4.165025796296297,1.2943020185185186,7,7,7,4,9,3,5,2,1,2,34,13,47,7,38
FREE BIRDS,23,247,9.263279730266191,7341,6515,1652,240,890,897,113,0.25356868764389867,1379,84,0,1352,612.4218255555556,1745.1412900000003,3.996951725888325,1.2655121754894854,4,3,3,1,4,10,3,10,3,3,15,29,44,8,38
FREE AT LAST,23,247,8.363421911137802,7410,6481,1611,227,920,855,167,0.24857275111865454,1037,64,68,1015,458.1845011111112,1308.2797,3.9765289392478307,1.2616004821600773,3,5,1,8,1,4,9,3,4,4,18,24,42,9,38
WESTSIDE MARAUDERS,22,270,11.131176945164048,7400,6615,1686,259,926,921,141,0.254875283446712,1258,79,51,1307,528.2059866666667,1537.239666,3.778898155802862,1.2219711176470587,8,6,8,6,6,8,7,8,8,7,34,38,72,1,39
LOUISVILLE SLUGGERS,23,216,10.780122991340887,7679,6904,1808,244,973,919,178,0.26187717265353416,1044,65,93,1023,440.8506188888889,1303.78531,3.8004363697318007,1.2488365038314175,6,8,7,9,9,5,10,3,7,6,39,31,70,2,39
NATIONAL PASTIME,23,270,10.434156204137944,7517,6731,1720,244,917,896,136,0.25553409597385235,1183,75,84,1208,489.3468866666667,1426.03508,3.7228419103972947,1.2054396280642434,6,5,4,5,7,7,9,7,9,9,27,41,68,3,39
HOOSIERS,23,240,10.446303469213216,8021,7118,1786,266,1020,984,215,0.2509131778589491,1215,75,25,1076,542.7652366666666,1553.3327,4.020483234567901,1.2784631275720164,9,10,10,10,2,7,3,5,4,2,41,21,62,4,39
MELONHEADS,23,234,10.020146727350403,7265,6471,1636,249,910,898,178,0.25282027507340443,1282,82,0,1339,547.86071,1562.8819600000002,3.846136029641186,1.219096692667707,7,3,5,9,4,9,2,9,6,8,28,34,62,4,39
BIG RED MACHINE,23,203,9.934046509269393,7741,6862,1735,269,975,948,131,0.25284173710288543,1267,75,27,1171,561.4285533333334,1630.50387,3.9880481294396217,1.2869012391475927,10,9,9,3,5,7,4,6,5,1,36,23,59,5,39
BLUE SOCKS,16,270,8.607099256126716,6947,6243,1610,215,859,842,152,0.25788883549575525,540,37,29,583,220.18333444444448,628.77051,3.6697222407407413,1.1643898333333331,2,1,2,8,8,3,5,1,10,10,21,29,50,6,39
ERIE LAKERS,23,202,8.342964439249819,7254,6453,1698,242,916,906,120,0.26313342631334263,959,56,53,901,431.41969444444453,1224.5041099999999,4.048777111574558,1.276855172054223,5,4,6,2,10,4,8,2,3,3,27,20,47,7,39
FREE AT LAST,23,237,8.464264678066185,7480,6579,1621,241,935,896,151,0.24639002887976896,1158,69,39,1066,524.7272666666667,1469.5080400000002,4.078191191709845,1.2690052158894647,4,7,4,7,1,6,6,4,1,4,23,21,44,8,39
FREE BIRDS,23,247,9.312951821012241,7334,6492,1637,239,890,891,135,0.25215650030807146,1374,83,0,1352,620.5747833333335,1717.92884,4.064900327510918,1.2503121106259099,3,2,3,4,3,10,2,10,2,5,15,29,44,8,39
LOUISVILLE SLUGGERS,23,212,10.841746201662481,7807,7036,1824,269,985,967,155,0.25923820352473,1069,68,69,1085,465.3680311111111,1325.15721,3.9179721983161833,1.239623208606174,10,9,10,8,9,5,9,5,5,6,46,30,76,1,40
WESTSIDE MARAUDERS,23,268,11.165629984889103,7428,6620,1704,268,952,938,146,0.25740181268882173,1379,86,32,1353,585.5903333333333,1692.3198960000002,3.821836838288615,1.2272080464104425,9,6,7,5,7,10,4,10,7,7,34,38,72,2,40
NATIONAL PASTIME,23,270,10.630465662901733,7730,6919,1786,246,946,922,145,0.25812978754155225,1256,78,52,1241,533.1040822222222,1533.2086399999998,3.8200133280254778,1.2207075159235667,6,5,6,4,8,7,7,8,8,10,29,40,69,3,40
HOOSIERS,23,234,10.335300635244625,7860,6937,1736,260,1005,957,219,0.25025227043390513,1286,79,0,1187,555.4607944444444,1625.45965,3.8873617029548986,1.2639655132192846,8,10,9,10,2,8,2,6,6,3,39,25,64,4,40
BIG RED MACHINE,23,215,9.899501737991635,7682,6828,1710,268,953,941,128,0.2504393673110721,1099,67,78,1064,466.1790566666667,1388.17242,3.817662884440401,1.2631232211101002,9,7,8,3,3,4,10,4,9,4,30,31,61,5,40
MELONHEADS,23,222,9.950753199465401,7381,6562,1639,250,941,908,188,0.24977141115513563,1291,80,0,1286,563.2561333333334,1582.44343,3.9266500387296674,1.2257501394268009,7,4,3,9,1,9,2,9,4,8,24,32,56,6,40
FREE BIRDS,23,254,9.414585654667107,7379,6566,1656,233,882,887,145,0.25220834602497716,1212,74,57,1206,540.0208188888889,1515.32396,4.010055585808582,1.2502672937293728,3,2,2,4,5,6,8,7,3,5,16,29,45,7,40
BLUE SOCKS,17,270,8.864107717018667,6450,5812,1494,204,800,788,150,0.25705437026841016,859,55,29,870,362.3076388888889,1049.4849,3.796005529685681,1.221751920838184,2,1,1,7,6,1,3,1,10,9,17,24,41,8,40
FREE AT LAST,23,245,8.473483913749849,7823,6881,1731,236,972,910,148,0.25156227292544686,1079,63,33,1040,485.3555811111111,1382.27563,4.048378341056535,1.2810710194624653,4,8,4,6,4,3,5,3,2,2,26,15,41,8,40
ERIE LAKERS,23,207,8.364799462943408,7350,6537,1710,242,917,911,114,0.2615878843506195,984,58,51,902,456.7724944444445,1269.2786499999997,4.177797205284554,1.289917327235772,5,3,5,2,10,2,6,2,1,1,25,12,37,9,40
LOUISVILLE SLUGGERS,23,211,10.67167282316513,7361,6625,1708,271,949,934,174,0.25781132075471697,1145,73,47,1138,497.8540477777778,1427.30313,3.9132632576419213,1.2465529519650655,10,8,10,8,8,6,7,5,5,6,44,29,73,1,41
WESTSIDE MARAUDERS,21,270,11.097835397398972,7379,6550,1676,257,951,917,170,0.25587786259541984,1212,78,32,1225,514.0108299999999,1495.8795260000002,3.8169121039603957,1.2342240313531354,8,9,6,7,6,9,5,9,7,7,36,37,73,1,41
NATIONAL PASTIME,23,269,10.580953550730705,7632,6840,1747,245,926,905,142,0.2554093567251462,1209,77,84,1194,504.5398711111111,1469.2999100000002,3.755879933829611,1.2153018279569894,4,5,5,5,5,8,10,8,9,9,24,44,68,2,41
HOOSIERS,23,233,10.381654747740166,7657,6782,1705,249,986,931,232,0.25140076673547623,1101,69,41,1127,462.2399344444445,1380.7371199999998,3.7785280744777476,1.2540754950045412,6,10,8,10,4,4,6,4,8,3,38,25,63,3,41
MELONHEADS,23,220,9.996168885680785,7248,6418,1610,256,914,903,178,0.25085696478653785,1203,71,57,1174,527.4128777777778,1472.5778400000002,3.9457322527015797,1.2240879800498754,7,3,4,9,2,5,8,7,4,8,25,32,57,4,41
BIG RED MACHINE,23,214,9.766099584901273,7531,6667,1675,267,947,932,118,0.25123743812809357,1127,67,73,1069,479.40952777777784,1410.52288,3.828470053238687,1.2515730967169476,9,7,9,2,3,3,9,3,6,5,30,26,56,5,41
FREE BIRDS,23,253,9.300546958126946,7533,6697,1733,218,901,879,134,0.25877258473943554,1326,82,0,1327,597.0965044444445,1661.1298199999999,4.052691206636501,1.2527374208144795,1,2,2,4,9,10,2,10,2,4,18,28,46,6,41
BLUE SOCKS,16,270,8.672700104739814,6996,6315,1623,219,857,859,147,0.2570071258907363,540,37,29,583,220.18333444444448,628.77051,3.6697222407407413,1.1643898333333331,2,1,1,6,7,1,3,1,10,10,17,25,42,7,41
ERIE LAKERS,23,198,8.346872644420383,7453,6634,1741,246,936,927,116,0.26243593608682547,1129,62,30,967,539.3170077777778,1516.17256,4.2992498405668735,1.34293406554473,5,6,7,1,10,2,4,2,1,1,29,10,39,8,41
FREE AT LAST,23,240,8.461665568766193,7561,6673,1654,235,921,888,119,0.24786452869773715,1264,75,0,1173,565.4261966666667,1590.4135099999999,4.02597766613924,1.258238536392405,3,4,3,3,1,7,2,6,3,2,14,20,34,9,41
WESTSIDE MARAUDERS,23,268,11.289531025725065,7701,6855,1744,267,971,949,184,0.25441283734500364,1337,84,32,1338,571.105691111111,1655.2657760000002,3.844391338818249,1.2380447090501123,9,9,9,9,5,10,7,10,7,6,41,40,81,1,42
LOUISVILLE SLUGGERS,23,213,10.882887088120452,7704,6917,1796,266,996,962,174,0.25965013734277864,1078,67,64,1112,468.85561222222225,1368.1415499999998,3.9143789517625236,1.2691480055658626,8,10,10,8,8,6,8,6,6,2,44,28,72,2,42
NATIONAL PASTIME,23,267,10.646588486565449,7681,6904,1795,249,952,939,164,0.2599942062572422,1147,70,79,1104,500.9925577777778,1409.1117100000001,3.9310662772449874,1.2285193635571057,6,6,8,6,9,7,9,5,4,8,35,33,68,3,42
HOOSIERS,23,248,10.574408325639851,7514,6641,1649,257,950,926,205,0.24830597801535914,1253,80,16,1235,519.7419255555556,1528.62213,3.7331822266560257,1.2199697765363129,7,5,5,10,1,9,3,7,9,9,28,37,65,4,42
MELONHEADS,23,228,10.126406145985682,7706,6842,1735,248,965,934,169,0.25358082432037415,1223,75,22,1250,533.4136177777779,1512.8285500000002,3.9253659525756346,1.2369816434995913,5,8,7,7,4,8,4,8,5,7,31,32,63,5,42
BIG RED MACHINE,23,215,9.817390407531946,7559,6713,1672,268,942,927,126,0.249068970653955,1033,63,105,1009,433.3298411111112,1291.26012,3.775380997095838,1.2500097967086157,10,4,6,4,2,5,10,2,8,5,26,30,56,6,42
BLUE SOCKS,16,270,8.629001510868438,6450,5812,1494,204,800,788,150,0.25705437026841016,699,47,29,724,289.73859111111113,831.2363399999999,3.730539799713877,1.1891793133047208,1,1,2,5,7,4,5,1,10,10,16,30,46,7,42
FREE BIRDS,23,246,9.314510354816651,7463,6628,1698,228,899,887,116,0.256185878092939,1311,80,30,1269,590.3603977777777,1657.0592100000001,4.052817376048817,1.2639658352402747,2,2,3,2,6,9,6,9,2,4,15,30,45,8,42
FREE AT LAST,23,248,8.473193834023792,7823,6898,1723,246,955,919,125,0.24978254566541028,1173,70,16,1060,516.8900877777778,1485.3147299999998,3.965908601875533,1.266252966751918,4,7,4,3,3,7,3,3,3,3,21,19,40,9,42
ERIE LAKERS,23,189,8.098445543601104,7156,6362,1657,241,908,887,126,0.2604526878340145,1193,67,0,1063,562.4943955555556,1544.34657,4.243461492036881,1.2945067644593462,3,3,3,4,10,6,2,4,1,1,23,14,37,10,42
LOUISVILLE SLUGGERS,23,211,10.939406567908314,8159,7355,1909,272,1023,998,174,0.25955132562882394,1143,69,38,1104,510.8032522222222,1461.7837799999998,4.022072852143482,1.2789009448818895,10,10,10,8,9,6,7,6,4,2,47,25,72,1,43
WESTSIDE MARAUDERS,20,270,10.926975831368678,7470,6623,1690,256,955,911,159,0.25517137248980826,1065,68,32,1123,448.42224,1274.6071760000002,3.789483718309859,1.1968142497652585,7,8,6,7,6,5,6,7,8,10,34,36,70,2,43
HOOSIERS,23,236,10.494778148502066,7755,6848,1721,253,991,938,225,0.2513142523364486,1037,67,85,1015,425.26275333333336,1311.4657100000002,3.6908049951783997,1.2646728158148508,6,9,9,10,4,4,10,2,10,3,38,29,67,3,43
NATIONAL PASTIME,23,270,10.388746534556812,7401,6635,1727,234,913,889,147,0.26028636021100227,1185,73,79,1194,496.79224888888893,1432.08948,3.7731056877637132,1.2085143291139242,2,3,2,5,10,7,9,8,9,9,22,42,64,4,43
MELONHEADS,23,228,9.945535844947207,7174,6369,1597,257,902,901,180,0.2507457999685979,1242,76,27,1242,536.0913233333334,1503.50352,3.8847197342995172,1.2105503381642513,8,2,4,9,2,9,4,9,5,8,25,35,60,5,43
BIG RED MACHINE,23,209,9.844792994112948,7615,6792,1705,261,938,936,113,0.2510306242638398,1141,68,76,1072,491.14804333333336,1438.47024,3.8740862313759865,1.2607101139351446,9,6,8,1,3,5,8,4,6,4,27,27,54,6,43
FREE BIRDS,23,252,9.542675747528518,7575,6733,1714,248,924,926,120,0.2545670577751374,1327,81,0,1304,598.80092,1671.03732,4.061196895252449,1.259259472494348,5,5,7,2,5,10,1,10,2,5,24,28,52,7,43
FREE AT LAST,23,249,8.530854181594595,7652,6748,1680,236,940,898,138,0.24896265560165975,1203,75,11,1096,541.8278355555556,1510.14534,4.0535748295926854,1.2553161596009976,3,7,3,4,1,8,2,5,3,6,18,24,42,8,43
BLUE SOCKS,17,270,8.864107717018667,6450,5812,1494,204,800,788,150,0.25705437026841016,859,55,29,870,362.3076388888889,1049.4849,3.796005529685681,1.221751920838184,1,1,1,6,7,2,5,1,7,7,16,22,38,9,43
ERIE LAKERS,23,192,8.297404668918979,7275,6461,1675,246,921,903,124,0.25924779445906204,1121,64,24,1027,522.5261233333333,1480.15704,4.195124986619089,1.320389866190901,4,4,5,3,8,3,3,3,1,1,24,11,35,10,43
WESTSIDE MARAUDERS,23,270,11.111052128837713,7344,6570,1688,250,938,906,164,0.25692541856925416,1300,80,59,1300,555.0812933333334,1578.7956960000001,3.842870492307693,1.2144582276923077,6,6,5,7,7,10,8,10,8,9,31,45,76,1,44
LOUISVILLE SLUGGERS,23,217,10.855891624713474,7872,7093,1854,259,999,960,178,0.26138446355561823,1027,65,64,1070,442.2366122222222,1265.70408,3.875491246348588,1.2324285102239532,8,9,9,9,10,5,9,4,6,6,45,30,75,2,44
NATIONAL PASTIME,23,267,10.505276288306861,7556,6742,1722,251,932,901,127,0.2554138237911599,1195,77,84,1193,496.51327000000003,1454.46263,3.739430485355649,1.217123539748954,7,4,4,2,6,9,10,7,9,8,23,43,66,3,44
HOOSIERS,23,229,10.639571850877514,7881,6992,1740,279,1002,992,215,0.2488558352402746,1257,75,22,1146,557.8639844444444,1623.53748,3.994252871917263,1.2915970405727923,10,10,10,10,2,8,3,5,3,1,42,20,62,4,44
MELONHEADS,23,230,9.97848150739348,7531,6696,1705,240,937,914,176,0.25462962962962965,1249,74,19,1233,535.501618888889,1527.50914,3.8586986148919147,1.2229857005604483,4,5,7,8,5,7,2,8,7,7,29,31,60,5,44
BIG RED MACHINE,23,204,9.860724131320334,7748,6893,1739,268,962,954,135,0.2522849267372697,1247,74,27,1155,550.706278888889,1596.22775,3.9746243063352047,1.280054330392943,9,8,8,3,3,7,4,6,5,2,31,24,55,6,44
FREE BIRDS,23,250,9.350454783534294,7386,6541,1664,228,902,883,136,0.2543953523926005,1288,80,30,1282,571.5140222222223,1635.9549800000002,3.9934986024844723,1.2701513819875778,2,2,2,4,4,10,6,9,4,4,14,33,47,7,44
BLUE SOCKS,16,270,8.629001510868438,6450,5812,1494,204,800,788,150,0.25705437026841016,699,47,29,724,289.73859111111113,831.2363399999999,3.730539799713877,1.1891793133047208,1,1,1,6,8,3,5,1,10,10,17,29,46,8,44
FREE AT LAST,23,246,8.506020677894272,7669,6765,1677,245,948,908,144,0.24789356984478936,1170,69,27,1059,527.7432633333333,1472.53922,4.0595635641025645,1.2585805299145298,5,7,6,5,1,6,4,3,1,5,24,19,43,9,44
ERIE LAKERS,23,207,8.229789617981142,7292,6482,1681,235,903,887,119,0.25933353903116324,980,61,40,972,441.8973766666667,1247.22437,4.058241214285714,1.2726779285714285,3,3,3,1,9,4,7,2,2,3,19,18,37,10,44
WESTSIDE MARAUDERS,23,270,11.292402031226706,7785,6923,1774,272,991,954,157,0.2562472916365737,1355,84,32,1309,586.1630555555555,1658.227146,3.893333948339483,1.2237838715867158,10,9,9,7,6,10,5,9,4,8,41,36,77,1,45
LOUISVILLE SLUGGERS,23,214,10.929325389435702,7620,6859,1783,265,980,954,171,0.25995043009185015,1143,70,55,1133,484.7731744444445,1425.2022499999998,3.8171116097987756,1.2468961067366577,9,8,9,8,8,5,8,5,8,6,42,32,74,2,45
NATIONAL PASTIME,23,270,10.570127360758857,7541,6768,1764,234,925,898,137,0.26063829787234044,1272,80,52,1248,533.2797955555556,1562.69913,3.7732061006289306,1.2285370518867924,5,5,6,3,9,8,7,8,9,7,28,39,67,3,45
MELONHEADS,23,235,9.865951043174961,7311,6467,1625,246,925,897,172,0.25127570743776095,1084,68,68,1137,461.1135544444445,1294.63766,3.8284335701107013,1.1943151845018452,6,5,5,9,4,4,10,6,7,9,29,36,65,4,45
HOOSIERS,23,227,10.399505906950829,7970,7051,1757,265,1006,971,207,0.24918451283505885,1209,74,18,1169,516.0977577777778,1534.09639,3.8419187923904055,1.2688969313482217,9,10,10,10,1,7,2,7,6,2,40,24,64,5,45
BIG RED MACHINE,23,212,9.899336941775864,7587,6750,1688,262,946,931,144,0.25007407407407406,1173,72,59,1116,506.47385,1477.3568400000001,3.8859886189258313,1.2594687468030692,8,7,7,5,3,6,9,4,5,5,30,29,59,6,45
FREE BIRDS,23,246,9.380501718077346,7498,6663,1693,232,898,894,141,0.2540897493621492,1376,83,0,1330,624.4471977777779,1736.10745,4.084320334302326,1.261705995639535,4,3,4,4,5,9,1,10,2,3,20,25,45,7,45
BLUE SOCKS,16,270,8.615080779926117,6450,5812,1494,204,800,788,150,0.25705437026841016,685,47,29,723,281.71199,816.39906,3.701325416058394,1.1918234452554743,2,2,2,6,7,1,3,1,10,10,19,25,44,8,45
ERIE LAKERS,23,204,8.423505587250398,7371,6555,1709,260,937,935,120,0.2607170099160946,1040,59,31,946,490.16198999999995,1379.6116100000002,4.241786451923076,1.3265496250000002,7,6,8,1,10,2,4,2,1,1,32,10,42,9,45
FREE AT LAST,23,244,8.391335187441923,7456,6576,1642,230,908,877,135,0.24969586374695862,1110,66,49,1053,502.70035222222225,1398.84915,4.075948801801802,1.2602244594594594,3,4,3,2,2,3,6,3,3,4,14,19,33,10,45
LOUISVILLE SLUGGERS,23,203,10.84302851933956,7714,6946,1803,268,986,962,174,0.2595738554563778,1131,68,53,1096,492.3073833333334,1421.40829,3.9175653846153855,1.2567712555260833,10,10,10,7,9,5,8,5,4,6,46,28,74,1,46
NATIONAL PASTIME,23,262,10.59171287502064,7706,6907,1767,262,948,934,136,0.2558274214564934,1061,68,111,1071,454.76641000000006,1301.02287,3.857585004712536,1.2262232516493874,9,7,7,4,7,5,10,4,8,7,34,34,68,2,46
WESTSIDE MARAUDERS,22,270,11.203008123047494,7071,6304,1612,244,905,877,176,0.25571065989847713,1383,87,32,1396,584.2559955555556,1692.1517160000003,3.8020997541576285,1.223537032537961,6,2,2,8,6,10,4,10,9,8,24,41,65,3,46
BIG RED MACHINE,23,214,9.853362763088123,7559,6704,1691,261,951,936,136,0.25223747016706444,1147,71,57,1102,494.98679000000004,1448.1972500000002,3.8839416826503927,1.2625956843940715,8,8,8,4,4,6,9,6,6,5,32,32,64,4,46
HOOSIERS,23,245,10.520674334024237,7794,6897,1735,255,984,950,211,0.2515586486878353,1357,79,0,1224,587.9050422222222,1718.4658800000002,3.8991491378039793,1.2663713190862198,7,9,9,10,3,8,2,8,5,2,38,25,63,5,46
MELONHEADS,23,227,9.963396331771959,7402,6586,1655,241,925,900,181,0.2512906164591558,1190,72,46,1193,510.72354444444454,1438.5827199999999,3.8626150420168077,1.2088930420168067,5,5,4,9,2,7,7,7,7,9,25,37,62,6,46
FREE BIRDS,23,244,9.319823520856529,7641,6778,1732,236,921,905,111,0.25553260548834467,1349,82,0,1324,612.1265544444445,1706.2432800000001,4.083868784284657,1.264820815418829,2,4,5,2,5,9,2,9,2,4,18,26,44,7,46
BLUE SOCKS,16,270,8.629001510868438,6450,5812,1494,204,800,788,150,0.25705437026841016,699,47,29,724,289.73859111111113,831.2363399999999,3.730539799713877,1.1891793133047208,1,1,1,6,8,2,3,1,10,10,17,26,43,8,46
ERIE LAKERS,23,205,8.217204073488897,7142,6347,1658,240,909,887,118,0.26122577595714513,974,61,37,965,429.05902777777783,1233.1727799999999,3.9646111396303905,1.2660911498973304,4,3,3,3,10,3,6,2,3,3,23,17,40,9,46
FREE AT LAST,23,247,8.44724072915489,7809,6901,1728,239,946,913,140,0.25039849297203304,1121,67,36,1039,512.9269722222223,1442.71056,4.118057760927743,1.2869853345227475,3,6,6,5,1,4,5,3,1,1,21,14,35,10,46
LOUISVILLE SLUGGERS,23,220,10.92146036160078,7669,6902,1796,265,990,961,173,0.26021443059982613,1077,66,53,1127,452.280818888889,1314.3827099999999,3.7795054503249776,1.2204110584958217,10,10,10,8,9,5,7,7,9,8,47,36,83,1,47
WESTSIDE MARAUDERS,21,270,11.033885496551195,7680,6855,1772,260,974,942,174,0.25849744711889133,1083,69,32,1097,462.58115,1303.582316,3.844164681440443,1.2036771154201293,8,8,9,9,8,6,6,5,6,9,42,32,74,2,47
HOOSIERS,23,245,10.552351582807617,7683,6810,1720,253,975,941,216,0.2525697503671072,1328,81,2,1246,567.0001322222222,1662.58374,3.842621378012048,1.2519455873493976,7,9,8,10,4,9,2,8,7,4,38,30,68,3,47
NATIONAL PASTIME,23,253,10.435611909469685,7720,6928,1768,262,943,939,135,0.25519630484988454,1143,74,82,1121,494.5885411111111,1425.2249300000003,3.894397961504812,1.2469159492563433,9,7,7,3,5,7,10,6,4,6,31,33,64,4,47
MELONHEADS,23,224,10.032567243270401,7451,6614,1657,250,939,915,159,0.25052918052615664,1240,77,27,1268,535.1394144444445,1513.33074,3.8840763951612907,1.2204280161290324,6,5,5,7,2,8,4,9,5,7,25,33,58,5,47
BIG RED MACHINE,23,214,9.820821030566554,7472,6649,1668,260,931,918,137,0.2508647916979997,1116,69,78,1084,471.5771522222223,1404.24129,3.8030415501792123,1.2582807258064514,8,4,6,4,3,6,9,4,8,3,25,30,55,6,47
BLUE SOCKS,16,270,8.629001510868438,6450,5812,1494,204,800,788,150,0.25705437026841016,699,47,29,724,289.73859111111113,831.2363399999999,3.730539799713877,1.1891793133047208,2,1,2,6,7,2,5,1,10,10,18,28,46,7,47
FREE BIRDS,23,243,9.159750882555823,7431,6581,1684,225,894,888,131,0.25588816289317734,1379,83,0,1319,614.4055855555556,1750.4514100000001,4.009898672951414,1.269362878897752,3,2,4,2,6,10,1,10,2,2,17,25,42,8,47
FREE AT LAST,23,251,8.443465053501374,7638,6674,1642,242,942,884,143,0.2460293676955349,966,60,74,943,430.1709477777778,1206.7371500000002,4.007803861283644,1.2492103002070396,4,6,3,5,1,3,8,2,3,5,19,21,40,9,47
ERIE LAKERS,23,188,8.332545971338234,7325,6524,1705,246,922,918,117,0.26134273451870016,1225,65,16,1048,590.0077988888888,1641.0361799999998,4.3347511755102035,1.3396213714285712,5,3,6,1,10,4,3,3,1,1,25,12,37,10,47
HOOSIERS,23,243,10.329780253489165,7982,7049,1749,271,1015,968,205,0.24812030075187969,938,60,79,972,375.0330477777778,1157.1672999999998,3.598398113006397,1.2336538379530915,10,10,10,10,1,3,10,2,10,7,41,32,73,1,48
LOUISVILLE SLUGGERS,23,212,10.91699319937964,7739,6964,1834,253,995,940,193,0.2633543940264216,1192,72,36,1162,524.0694422222223,1505.42347,3.9569001510067117,1.2629391526845637,8,9,8,9,10,6,6,6,4,4,44,26,70,2,48
NATIONAL PASTIME,23,269,10.555138087523263,7527,6768,1753,235,914,901,142,0.2590130023640662,1275,79,52,1264,539.4989622222222,1553.96628,3.8082279686274507,1.2187970823529413,3,4,4,4,8,8,8,8,8,8,23,40,63,3,48
BIG RED MACHINE,23,219,9.972944788600824,7836,6980,1773,262,970,955,128,0.2540114613180516,1105,68,68,1052,478.78339444444447,1397.9677600000002,3.899593257918552,1.265129194570136,9,8,9,3,5,5,9,5,6,3,34,28,62,4,48
WESTSIDE MARAUDERS,21,270,11.057422349140595,6819,6123,1579,235,869,846,156,0.2578801241221623,1329,84,32,1383,567.9564533333333,1613.2591760000003,3.846206230248307,1.2138895229495863,3,2,2,7,7,10,5,10,7,9,21,41,62,4,48
MELONHEADS,23,214,9.834574654758928,7269,6444,1615,247,920,902,173,0.2506207324643079,1302,78,27,1243,564.6630377777778,1618.1494599999999,3.903200721966207,1.2428183256528418,6,5,5,8,3,7,3,7,5,6,27,28,55,5,48
FREE BIRDS,23,245,9.278053996717762,7243,6413,1612,241,875,879,123,0.2513644160299392,1289,80,32,1284,572.5126844444445,1617.5362300000002,3.9973732816136547,1.2548768269976727,4,3,3,2,4,9,5,9,3,5,16,31,47,6,48
FREE AT LAST,23,243,8.506828151737484,7641,6713,1666,244,952,909,143,0.24817518248175183,1108,68,44,1001,497.74997,1407.55776,4.043095424187726,1.270358989169675,5,7,6,5,2,5,7,3,2,2,25,19,44,7,48
BLUE SOCKS,16,270,8.629001510868438,6450,5812,1494,204,800,788,150,0.25705437026841016,699,47,29,724,289.73859111111113,831.2363399999999,3.730539799713877,1.1891793133047208,2,1,1,6,6,2,4,1,9,10,16,26,42,8,48
ERIE LAKERS,23,203,8.34653060724193,7397,6560,1701,249,923,918,114,0.25929878048780486,1175,66,2,1049,558.7907277777778,1530.9279099999999,4.280099191489361,1.3029173702127659,7,6,7,1,9,4,2,4,1,1,30,12,42,8,48
LOUISVILLE SLUGGERS,23,212,10.950248734885186,7438,6708,1736,255,961,928,176,0.2587954680977937,1226,77,36,1235,525.6116955555556,1537.20089,3.8584871615008156,1.2538343311582383,8,8,8,9,9,8,8,8,7,5,42,36,78,1,49
HOOSIERS,23,235,10.515942283478426,8012,7090,1771,271,1012,986,195,0.24978843441466855,1131,69,35,1114,485.0494477777778,1390.4897,3.859809929266136,1.2294338638373121,10,10,10,10,2,5,7,5,6,6,42,29,71,2,49
WESTSIDE MARAUDERS,21,270,11.091496155679959,6826,6070,1560,248,878,862,149,0.257001647446458,1302,81,51,1334,546.9928922222223,1599.7641760000001,3.781056858678956,1.228697523809524,6,3,5,7,6,9,9,9,8,7,27,42,69,3,49
NATIONAL PASTIME,22,270,10.4271944207652,7038,6307,1629,228,872,843,139,0.2582844458538132,1208,76,84,1198,503.2794122222222,1458.75668,3.74959826986755,1.2075800331125828,3,2,4,6,8,7,10,7,9,9,23,42,65,4,49
MELONHEADS,23,227,10.071909234583076,7408,6563,1634,248,930,904,195,0.24897150693280512,1111,68,84,1106,476.8845022222223,1360.3464200000003,3.8631507830783085,1.2244342214221424,6,5,6,10,1,4,10,4,5,8,28,31,59,5,49
BIG RED MACHINE,23,208,9.785522676769839,7713,6853,1733,262,971,939,135,0.252881949511163,1211,73,27,1157,531.1738477777778,1530.07292,3.947617365813378,1.263478876961189,9,9,9,4,4,6,4,6,4,3,35,23,58,6,49
FREE BIRDS,23,252,9.494374396984316,7470,6637,1687,246,898,904,115,0.25418110592135,1338,84,0,1346,596.5027655555557,1683.48529,4.012350440956653,1.2582102316890882,5,4,6,2,5,10,2,10,3,4,22,29,51,7,49
BLUE SOCKS,16,270,8.607099256126716,6947,6243,1610,215,859,842,152,0.25788883549575525,540,37,29,583,220.18333444444448,628.77051,3.6697222407407413,1.1643898333333331,2,1,3,8,7,2,5,1,10,10,21,28,49,8,49
ERIE LAKERS,23,196,8.38113743279286,7448,6624,1722,254,936,928,125,0.259963768115942,1132,62,25,982,542.8500144444445,1515.9298999999999,4.3159453445229685,1.3391606890459362,7,6,8,3,10,3,3,2,1,1,34,10,44,9,49
FREE AT LAST,23,246,8.43210004459971,7848,6943,1739,234,942,917,138,0.25046809736425174,1124,69,30,992,505.45446666666663,1427.9280199999998,4.047233274021352,1.2703985943060496,4,7,7,5,3,5,6,3,2,2,26,18,44,9,49
LOUISVILLE SLUGGERS,23,214,10.772459680133203,7616,6841,1787,253,975,924,176,0.2612191200116942,1166,74,36,1204,498.30043444444453,1439.61797,3.846229768439109,1.234663782161235,8,9,8,8,10,6,7,8,6,7,43,34,77,1,50
HOOSIERS,23,239,10.725682887563694,7923,7015,1750,278,1007,987,214,0.2494654312188168,1134,73,47,1048,482.11163777777773,1448.8423400000001,3.826282839506172,1.2776387477954145,10,10,10,10,2,5,8,3,7,2,42,25,67,2,50
NATIONAL PASTIME,23,269,10.550305207670437,7562,6794,1742,240,914,893,131,0.25640270827200473,1208,76,84,1198,503.2794122222222,1458.75668,3.74959826986755,1.2075800331125828,4,4,4,3,5,8,10,7,9,8,20,42,62,3,50
MELONHEADS,23,214,9.832590158533755,7318,6501,1631,243,916,896,183,0.25088447931087526,1299,77,19,1267,562.1322677777779,1612.6594099999998,3.8946808391070062,1.2414622093918397,5,5,5,9,3,9,3,10,5,6,27,33,60,4,50
BIG RED MACHINE,23,209,9.832787925223435,7552,6696,1696,260,956,928,136,0.2532855436081243,1261,75,27,1191,554.098338888889,1597.8299100000002,3.9547066217287874,1.2671133306899287,9,8,9,4,4,7,4,6,4,3,34,24,58,5,50
WESTSIDE MARAUDERS,19,270,10.655676727025675,6833,6081,1567,244,884,861,159,0.2576878802828482,1065,68,32,1123,448.42224,1274.6071760000002,3.789483718309859,1.1968142497652585,6,2,2,7,8,3,6,5,8,9,25,31,56,6,50
FREE BIRDS,23,250,9.329986325237613,7435,6617,1701,224,901,884,141,0.25706513525766966,1269,78,27,1239,567.542798888889,1604.7482499999999,4.0251262332545314,1.2645770291568164,3,3,3,5,7,10,4,9,3,4,21,30,51,7,50
ERIE LAKERS,23,193,8.42711093421937,7366,6541,1696,250,932,916,122,0.25928757070784286,1040,58,65,911,497.11659111111123,1387.05622,4.301970500000001,1.333707903846154,7,6,7,1,9,2,9,2,1,1,30,15,45,8,50
BLUE SOCKS,16,270,8.672700104739814,6996,6315,1623,219,857,859,147,0.2570071258907363,540,37,29,583,220.18333444444448,628.77051,3.6697222407407413,1.1643898333333331,2,1,1,6,6,1,5,1,10,10,16,27,43,9,50
FREE AT LAST,23,246,8.481965019933272,7631,6719,1659,240,933,900,130,0.24691174281887185,1142,69,27,1105,512.8698366666667,1421.21674,4.041881374781086,1.244498021015762,4,7,6,2,1,4,4,4,2,5,20,19,39,10,50
