team,n,total_salary,sgpar,PA,AB,H,HR,R,RBI,SB,AVG,IP,W,SV,SO,ER,WH,ERA,WHIP,hr_pts,r_pts,rbi_pts,sb_pts,avg_pts,w_pts,sv_pts,so_pts,era_pts,whip_pts,hit_pts,pit_pts,total_pts,rank,sim_num
BLUE SOCKS,23,256,10.371251941377812,7785,6999,1783,239,953,916,189,0.2547506786683812,1068,68,83,1127,452.3500911111112,1283.93581,3.8119389700374544,1.2021870880149812,5,7,6,9,5,4,10,5,9,10,32,38,70,1,1
LOUISVILLE SLUGGERS,23,207,10.669089869193916,7618,6807,1777,255,996,932,175,0.26105479653298075,1201,74,36,1175,525.1685966666666,1530.48493,3.935484904246461,1.2743421565362198,7,10,7,8,10,6,6,7,4,3,42,26,68,2,1
NATIONAL PASTIME,23,253,10.363321042323527,7591,6833,1747,256,936,933,151,0.25567100834187034,1132,71,71,1131,490.4712611111111,1400.9598,3.8995064929328622,1.237596996466431,8,6,8,5,7,5,9,6,6,7,34,33,67,3,1
WESTSIDE MARAUDERS,21,270,10.94856282337456,6749,6054,1562,235,860,845,149,0.25801123224314504,1261,79,59,1322,533.6918788888889,1528.6117760000002,3.8090617842981764,1.2122218683584458,3,1,1,4,8,8,8,10,10,9,17,45,62,4,1
BIG RED MACHINE,23,211,9.800027619087196,7811,6916,1730,276,971,962,116,0.2501445922498554,1194,71,38,1115,518.1907333333334,1506.3702100000003,3.9059603015075375,1.2616165912897825,10,9,10,3,2,5,7,4,5,5,34,26,60,5,1
MELONHEADS,23,217,9.65438991025375,7279,6483,1646,242,908,902,158,0.2538948017892951,1264,81,14,1215,543.903498888889,1560.3837899999999,3.8727306091772156,1.2344808465189872,6,3,4,6,4,9,1,8,8,8,23,34,57,6,1
HOOSIERS,23,227,10.147525484169872,7626,6763,1707,239,963,909,229,0.2524027798314358,1242,75,32,1127,552.0690622222222,1567.97924,4.000500450885668,1.2624631561996777,5,8,5,10,3,7,5,5,3,4,31,24,55,7,1
FREE BIRDS,23,258,9.240370954194614,7285,6450,1648,223,881,863,101,0.25550387596899227,1342,83,27,1314,578.9224877777779,1671.2180399999997,3.8824906035767515,1.2453189567809237,2,2,2,1,6,10,4,9,7,6,13,36,49,8,1
ERIE LAKERS,23,201,8.299180318541278,7402,6582,1712,260,932,942,115,0.2601033120632027,1002,59,24,914,455.6955311111111,1305.3348300000002,4.093073632734531,1.3027293712574852,9,5,9,2,9,2,3,2,2,1,34,10,44,9,1
FREE AT LAST,22,229,8.144572007849327,7564,6668,1647,238,927,895,160,0.24700059988002399,1066,62,17,991,487.4097855555556,1366.66238,4.115091998123828,1.2820472607879925,4,4,3,7,1,3,2,3,1,2,19,11,30,10,1
WESTSIDE MARAUDERS,23,270,11.170386486488239,7512,6675,1705,272,964,945,179,0.2554307116104869,1256,78,48,1279,532.89419,1546.4834660000001,3.8185093232484073,1.2312766449044588,10,9,9,9,7,10,5,10,8,8,44,41,85,1,2
LOUISVILLE SLUGGERS,23,225,10.598402610611677,7354,6620,1716,254,936,913,153,0.259214501510574,1163,75,47,1206,479.57565999999997,1406.30472,3.71124758383491,1.2092044024075668,7,6,5,6,9,7,4,9,10,10,33,40,73,2,2
BLUE SOCKS,23,252,10.373407201163037,7841,7071,1805,239,959,929,170,0.25526799604016404,1168,74,61,1167,489.06212888888894,1418.1729599999999,3.7684581849315073,1.2141891780821916,4,8,8,8,5,6,9,4,9,9,33,37,70,3,2
HOOSIERS,23,233,10.221294083860904,7741,6868,1714,261,984,957,216,0.24956319161327897,1207,77,2,1188,514.5692055555555,1494.1764400000002,3.8368871996686,1.2379257995028998,8,10,10,10,2,9,2,5,7,6,40,29,69,4,2
NATIONAL PASTIME,23,249,10.464196349371226,7604,6855,1765,253,935,928,149,0.2574762946754194,1246,77,52,1189,557.8568333333334,1535.7833799999999,4.029463483146068,1.232570930979133,6,5,7,4,8,9,6,6,3,7,30,31,61,5,2
BIG RED MACHINE,23,204,9.783500729921824,7517,6664,1669,263,941,929,117,0.2504501800720288,1296,76,27,1195,570.51838,1627.8938300000002,3.961933194444444,1.2560909182098767,9,7,8,2,3,8,3,8,5,5,29,29,58,6,2
MELONHEADS,23,220,9.775929520906933,7451,6612,1686,245,936,917,154,0.25499092558983666,1109,70,66,1080,476.71371,1394.9439900000002,3.8687316411181243,1.2578394860234448,5,6,6,7,4,4,10,2,6,3,28,25,53,7,2
FREE BIRDS,23,250,9.257140752404979,7365,6523,1666,225,897,867,135,0.25540395523532117,1208,74,54,1192,537.1756277777779,1517.7782799999998,4.002136299668875,1.2564389735099335,2,2,2,3,6,6,7,7,4,4,15,28,43,8,2
ERIE LAKERS,23,193,8.02514166447675,7279,6471,1689,239,906,899,111,0.2610106629578118,934,55,56,884,425.17877555555555,1234.39307,4.0970117558886505,1.321619989293362,4,3,4,1,10,3,8,1,2,1,22,15,37,9,2
FREE AT LAST,22,244,8.311488634682672,7543,6638,1650,232,923,876,152,0.24856884603796325,1247,71,0,1115,579.1769822222223,1625.3037100000001,4.1801065276664,1.3033710585404974,3,4,3,5,1,5,1,3,1,2,16,12,28,10,2
LOUISVILLE SLUGGERS,23,216,10.694621707311198,7620,6847,1770,261,980,943,183,0.2585073754929166,1074,70,36,1158,446.55235888888893,1312.08307,3.7420588733705777,1.2216788361266293,9,10,8,9,8,3,5,6,10,10,44,34,78,1,3
WESTSIDE MARAUDERS,23,268,10.940604380898993,7344,6579,1711,247,937,913,162,0.26006991944064445,1329,84,32,1353,563.2930577777778,1637.2293160000002,3.814625673438676,1.2319257456734387,6,6,6,7,9,10,3,10,9,8,34,40,74,2,3
BLUE SOCKS,23,254,10.393827034908504,8030,7236,1849,246,974,953,181,0.25552791597567714,1132,71,51,1142,484.34831666666673,1383.88088,3.8508258392226153,1.2225096113074205,5,9,10,8,6,4,6,4,8,9,38,31,69,3,3
NATIONAL PASTIME,23,248,10.506222412293873,7793,7003,1792,263,959,948,141,0.2558903327145509,1214,76,52,1169,539.6965966666667,1517.7687299999998,4.00104560955519,1.2502213591433275,10,7,9,6,7,7,7,7,3,5,39,29,68,4,3
HOOSIERS,23,250,10.375823837323857,7703,6817,1714,251,973,937,213,0.2514302479096377,1243,77,21,1141,537.1288411111111,1540.94947,3.889106653258246,1.2397019066773933,7,8,7,10,4,8,2,3,6,6,36,25,61,5,3
BIG RED MACHINE,23,207,9.689862704091887,7329,6510,1630,254,918,900,125,0.25038402457757297,1199,72,59,1150,515.3973122222224,1500.7397500000002,3.868703761467891,1.2516595079232695,8,5,4,4,2,5,9,5,7,4,23,30,53,6,3
MELONHEADS,23,217,9.716447029711158,7237,6433,1617,240,903,881,181,0.2513601741022851,1372,83,0,1298,599.9467177777777,1697.48227,3.9355105393586003,1.237231975218659,3,2,3,8,3,9,1,9,5,7,19,31,50,7,3
FREE BIRDS,23,243,9.07782527226919,7263,6406,1629,226,883,866,128,0.2542928504527006,1213,75,57,1201,535.1040100000001,1539.4578500000002,3.970268829348723,1.2691326051112946,1,1,2,5,5,6,8,8,4,2,14,28,42,8,3
ERIE LAKERS,23,186,7.987874415197499,7226,6436,1689,241,908,902,109,0.26243008079552516,945,52,72,855,438.2634411111111,1262.01588,4.173937534391534,1.3354665396825396,4,3,5,2,10,1,10,1,1,1,24,14,38,9,3
FREE AT LAST,22,244,8.34725783343851,7424,6536,1627,237,914,881,116,0.24892900856793146,1113,67,33,1028,502.9908411111112,1409.62663,4.067311383647799,1.2665108984725966,2,4,3,3,1,2,4,2,2,3,13,13,26,10,3
WESTSIDE MARAUDERS,23,270,11.007025106423548,7582,6718,1710,270,971,942,142,0.2545400416790711,1213,77,65,1241,516.8558522222222,1474.0584760000002,3.8348744187963724,1.2152172102225887,10,8,8,6,6,9,10,10,8,8,38,45,83,1,4
BLUE SOCKS,23,254,10.403152199508957,7785,6999,1783,239,953,916,189,0.2547506786683812,1169,75,61,1163,497.6507044444445,1415.7260999999999,3.831357005988024,1.2110573994867406,5,7,6,9,7,7,9,5,9,10,34,40,74,2,4
LOUISVILLE SLUGGERS,23,209,10.80887674933998,7718,6924,1773,270,983,954,188,0.25606585788561526,1179,71,36,1195,523.1769077777777,1480.5643,3.993716853265479,1.2557797285835455,10,9,9,8,8,4,5,7,3,6,44,25,69,3,4
NATIONAL PASTIME,23,262,10.390617893843666,7454,6727,1750,230,908,887,141,0.2601456815816857,1243,78,52,1234,530.0808733333333,1509.55046,3.8380755108608207,1.214441238938053,3,4,4,5,9,10,7,9,7,9,25,42,67,4,4
HOOSIERS,23,229,10.206326685880853,7902,7046,1774,265,988,983,196,0.25177405620210047,1135,73,22,1088,484.7834366666667,1436.4201899999998,3.8440977356828196,1.265568449339207,8,10,10,10,3,6,2,4,6,4,41,22,63,5,4
BIG RED MACHINE,23,200,9.742284821144482,7531,6667,1675,267,947,932,118,0.25123743812809357,1293,77,27,1199,565.6082933333333,1646.77936,3.9369486774942,1.273611260634184,9,6,7,2,2,9,3,8,5,3,26,28,54,6,4
MELONHEADS,23,227,9.694547441228925,7153,6356,1604,241,891,880,170,0.2523599748269352,1210,72,46,1174,512.7989644444444,1478.2827399999999,3.8142071735537186,1.2217212727272726,6,1,2,7,4,5,6,6,10,7,20,34,54,6,4
FREE BIRDS,23,253,9.281202273792154,7250,6424,1628,230,892,884,136,0.2534246575342466,1195,76,57,1195,526.8755477777779,1506.9630499999998,3.9681003598326368,1.2610569456066945,3,2,3,4,5,8,8,7,4,5,17,32,49,7,4
ERIE LAKERS,23,192,8.050148148374308,7240,6451,1688,242,907,902,117,0.26166485816152535,1090,64,14,968,491.49787,1419.47199,4.058239293577981,1.302267880733945,7,3,5,1,10,3,1,2,2,1,26,9,35,8,4
FREE AT LAST,22,242,8.363013867720328,7480,6580,1648,231,929,878,135,0.25045592705167175,1107,64,33,1038,513.3930433333334,1433.41718,4.173927181571816,1.294866467931346,4,5,1,3,1,3,4,3,1,2,14,13,27,9,4
WESTSIDE MARAUDERS,23,270,11.242382758517577,7624,6832,1748,263,955,947,162,0.25585480093676816,1281,80,59,1286,554.0927166666667,1561.1473160000003,3.892923067915691,1.218694235753318,10,7,9,7,6,9,9,8,5,9,39,40,79,1,5
LOUISVILLE SLUGGERS,23,209,10.581470441591836,7618,6847,1796,247,981,921,189,0.2623046589747335,1058,66,55,1106,456.8414455555556,1292.2161299999998,3.886174867674858,1.2213763043478258,5,10,6,9,10,3,7,5,6,8,40,29,69,2,5
NATIONAL PASTIME,23,251,10.478322619151864,7874,7096,1832,256,963,954,152,0.25817361894024804,1119,69,74,1090,500.38852222222226,1408.58546,4.024572564789992,1.258789508489723,8,9,10,5,8,4,10,4,3,5,40,26,66,3,5
MELONHEADS,23,231,10.00136291873595,7366,6542,1662,255,933,926,168,0.25405074900642005,1270,77,19,1209,543.57507,1581.6842199999999,3.8521067952755903,1.2454206456692913,7,5,7,8,4,7,5,7,8,7,31,34,65,4,5
BLUE SOCKS,20,260,10.016606047575651,6394,5757,1477,202,797,771,161,0.2565572346708355,1205,79,56,1290,490.8800922222223,1429.60985,3.6663243402489636,1.186398215767635,2,1,1,6,7,8,8,9,10,10,17,45,62,5,5
HOOSIERS,23,230,10.128953549423954,7521,6678,1671,245,959,916,219,0.2502246181491464,1071,70,56,1045,442.12911,1349.5721999999998,3.7153706722689077,1.2601047619047618,4,8,5,10,3,5,8,2,9,4,30,28,58,6,5
BIG RED MACHINE,23,206,9.670194300102256,7378,6545,1634,260,925,905,115,0.24965622612681437,1175,73,59,1133,503.2396033333334,1469.0269500000002,3.8546012170212767,1.2502357021276598,9,4,4,2,2,6,9,6,7,6,21,34,55,7,5
FREE BIRDS,23,235,9.015695672790077,7256,6402,1630,223,882,863,124,0.25460793502030615,1409,84,0,1344,628.6581322222223,1785.7778300000002,4.0155593967352745,1.2674079701916254,3,2,2,3,5,10,3,10,4,3,15,30,45,8,5
ERIE LAKERS,23,196,8.233173332065334,7469,6630,1736,249,940,930,115,0.2618401206636501,1101,63,24,932,526.6189677777778,1471.52902,4.304787202543142,1.3365386194368756,6,6,8,2,9,2,6,1,1,1,31,11,42,9,5
FREE AT LAST,22,242,8.0826206135809109,7522,6605,1620,247,918,893,126,0.24526873580620742,1145,66,11,1060,516.2978333333333,1452.0848700000001,4.058236244541484,1.2681963930131006,5,3,3,4,1,3,4,3,2,2,16,14,30,10,5
LOUISVILLE SLUGGERS,23,225,10.739956475083542,7501,6736,1768,249,979,917,194,0.26247030878859856,976,65,72,1061,399.4808766666667,1186.6497800000002,3.683737592213115,1.215829692622951,7,9,5,9,10,3,9,3,10,9,40,34,74,1,6
BLUE SOCKS,23,249,10.410880281060813,7883,7110,1820,243,957,941,180,0.2559774964838256,1239,78,29,1227,529.8367588888889,1527.80712,3.8486931638418076,1.2330969491525423,6,8,9,8,7,8,4,8,8,6,38,34,72,2,6
WESTSIDE MARAUDERS,23,261,10.967158611827193,7344,6524,1666,275,941,940,136,0.2553648068669528,1358,85,32,1368,590.77072,1669.860376,3.915269867452136,1.2296468159057439,10,6,8,4,6,10,5,10,5,8,34,38,72,2,6
NATIONAL PASTIME,23,270,10.556169466070134,7601,6824,1753,242,922,898,142,0.25688745603751467,1209,77,84,1194,504.5398711111111,1469.2999100000002,3.755879933829611,1.2153018279569894,5,4,4,5,8,7,10,7,9,10,26,43,69,3,6
HOOSIERS,23,223,10.203858127074044,7790,6916,1736,260,996,953,209,0.25101214574898784,1310,76,0,1188,582.69163,1678.55339,4.003224938931298,1.281338465648855,8,10,10,10,2,6,1,6,3,3,40,19,59,4,6
BIG RED MACHINE,23,211,9.797997717979694,7601,6734,1693,263,954,933,119,0.2514107514107514,1169,70,46,1136,502.2404277777779,1477.86376,3.8666927715996584,1.2642119418306244,9,7,7,2,4,5,7,4,7,4,29,27,56,5,6
MELONHEADS,23,221,9.68257577918651,7265,6442,1617,239,907,888,166,0.25100900341508847,1238,77,41,1173,536.3112511111111,1524.8691600000002,3.8988701615508887,1.2317198384491117,4,2,3,7,1,7,6,5,6,7,17,31,48,6,6
FREE BIRDS,23,249,9.234674553254951,7222,6410,1610,235,871,874,146,0.25117004680187205,1279,80,27,1274,568.8529200000002,1605.66232,4.002874339327601,1.2554044722439406,3,1,1,6,3,9,3,9,4,5,14,30,44,7,6
ERIE LAKERS,23,191,8.113681672818247,7366,6551,1700,249,923,922,117,0.2595023660509846,888,52,66,835,405.8981444444444,1159.25079,4.113832545045045,1.3054626013513515,7,5,6,1,9,2,8,1,2,1,28,14,42,8,6
FREE AT LAST,22,240,8.247838268339303,7501,6624,1675,226,916,883,128,0.2528683574879227,1168,67,16,1039,542.0988933333334,1501.4172399999998,4.1771318835616444,1.2854599657534245,2,3,2,3,5,4,2,2,1,2,15,11,26,9,6
WESTSIDE MARAUDERS,23,269,11.060509364505648,7358,6530,1662,280,942,944,139,0.2545176110260337,1299,82,43,1337,550.3370777777778,1587.7355260000002,3.8129589684372602,1.2222752317167054,10,6,9,5,5,9,6,9,8,9,35,41,76,1,7
LOUISVILLE SLUGGERS,23,217,10.695294361788715,7445,6696,1750,252,968,916,178,0.2613500597371565,1028,69,66,1113,424.9845555555556,1263.4482199999998,3.7206819066147863,1.2290352334630348,6,9,5,8,10,4,9,5,10,8,38,36,74,2,7
BLUE SOCKS,23,257,10.3552308378545,7760,6975,1797,234,959,921,187,0.25763440860215053,1077,68,83,1073,456.01022444444453,1295.83684,3.8106703992571966,1.2031911234911792,2,8,7,9,8,3,10,4,9,10,34,36,70,3,7
NATIONAL PASTIME,23,257,10.54158494700436,7675,6901,1767,259,947,943,150,0.25604984784813795,1229,75,52,1173,537.7207644444444,1513.90306,3.9377435964198533,1.2318169731489017,8,7,8,6,7,7,7,7,6,7,36,34,70,3,7
HOOSIERS,23,230,10.22673449664915,7895,7000,1757,262,1001,971,220,0.251,1211,74,17,1113,531.3348944444444,1550.00634,3.948814244426094,1.2799391742361683,9,10,10,10,3,6,2,5,5,3,42,21,63,4,7
BIG RED MACHINE,23,208,9.782976732813161,7440,6614,1651,258,928,910,122,0.2496220139098881,1199,72,59,1150,515.3973122222224,1500.7397500000002,3.868703761467891,1.2516595079232695,7,4,4,2,2,5,8,6,7,5,19,31,50,5,7
MELONHEADS,23,213,9.620852010386955,7353,6542,1660,236,909,894,154,0.25374503210027516,1269,78,30,1191,559.3769877777777,1590.76052,3.967212679275019,1.2535543892829,3,2,3,7,4,8,4,8,3,4,19,27,46,6,7
FREE BIRDS,23,256,9.29752067125139,7281,6445,1644,217,875,848,133,0.25508145849495734,1408,86,0,1402,618.8539066666667,1742.6327099999999,3.955742301136364,1.2376652769886363,1,1,1,3,6,10,1,10,4,6,12,31,43,7,7
ERIE LAKERS,23,193,8.088078624368555,7359,6539,1699,248,923,919,118,0.2598256614161187,1008,59,39,906,468.64365888888887,1335.4459,4.184318382936508,1.324847123015873,5,3,6,1,9,1,5,2,1,1,24,10,34,8,7
FREE AT LAST,22,240,8.311877725943411,7613,6716,1668,237,930,893,136,0.24836212030970817,1106,64,24,1037,500.06211111111116,1420.72498,4.069221518987342,1.2845614647377939,4,5,2,4,1,2,3,3,2,2,16,12,28,9,7
WESTSIDE MARAUDERS,23,269,11.051188953013321,7477,6735,1741,255,933,936,144,0.2585003711952487,1274,80,51,1327,535.4266666666666,1550.0014760000001,3.782448979591836,1.2166416609105182,7,6,8,6,8,10,7,10,8,9,35,44,79,1,8
NATIONAL PASTIME,23,255,10.464371030805351,7675,6901,1767,262,945,945,140,0.25604984784813795,1177,76,52,1172,511.5125655555556,1461.1620699999999,3.9113110365335606,1.241429116397621,9,8,10,5,6,7,8,5,7,6,38,33,71,2,8
LOUISVILLE SLUGGERS,23,210,10.590947329269575,7646,6859,1790,251,991,932,183,0.26097098702434757,1023,64,73,1051,447.34312,1259.3315499999999,3.9355699706744867,1.2310181329423264,5,10,6,8,9,3,9,2,6,7,38,27,65,3,8
BLUE SOCKS,23,259,10.29395883180076,7313,6575,1663,223,901,865,194,0.2529277566539924,1154,76,88,1196,463.83934333333343,1380.31702,3.6174645493934148,1.1961152686308492,1,3,1,9,5,7,10,6,10,10,19,43,62,4,8
HOOSIERS,23,229,10.100748876427403,7776,6880,1726,253,991,933,230,0.2508720930232558,1134,70,29,1101,475.72099666666674,1447.5723600000001,3.775563465608466,1.276518835978836,6,10,7,10,2,5,5,4,9,3,35,26,61,5,8
BIG RED MACHINE,23,209,9.787216763337858,7531,6667,1675,264,949,930,128,0.25123743812809357,1271,75,27,1205,556.5858544444445,1595.1722300000001,3.9412058929976403,1.255052895357986,10,9,5,2,3,6,4,8,5,5,29,28,57,6,8
MELONHEADS,23,217,9.745675642626146,7549,6697,1686,244,941,910,155,0.2517545169478871,1287,79,11,1203,565.7439855555555,1576.55524,3.956251647241647,1.2249846464646463,4,7,4,7,4,9,2,7,4,8,26,30,56,7,8
FREE BIRDS,23,251,9.326446753149849,7494,6651,1712,224,909,887,132,0.25740490151856865,1280,78,30,1248,567.5192755555556,1624.17965,3.99036990625,1.2688903515625,2,4,3,3,7,8,6,9,3,4,19,30,49,8,8
ERIE LAKERS,23,203,8.269455442642712,7378,6571,1715,258,929,941,110,0.26099528230101965,1042,61,30,902,487.77485888888884,1377.70605,4.213026612284069,1.3221747120921306,8,5,9,1,10,2,6,1,1,1,33,11,44,9,8
FREE AT LAST,22,231,8.140436898499335,7340,6448,1585,241,893,875,136,0.24581265508684863,1192,68,22,1090,551.2548266666668,1529.2362,4.162158926174498,1.2829162751677852,3,2,2,4,1,4,3,3,2,2,12,14,26,10,8
WESTSIDE MARAUDERS,23,270,11.169842546495186,7544,6765,1748,256,948,942,154,0.25838876570583885,1263,78,54,1283,542.4962322222223,1543.070316,3.865768875692795,1.221750052256532,8,7,9,6,8,7,8,9,8,8,38,40,78,1,9
BLUE SOCKS,23,259,10.382026588245907,7852,7074,1803,244,958,939,181,0.2548770144189991,1006,65,94,1042,418.36262777777785,1196.5758099999998,3.74280680914513,1.189439174950298,6,8,8,9,5,4,10,2,10,10,36,36,72,2,9
LOUISVILLE SLUGGERS,23,210,10.681952191750202,7611,6819,1774,256,992,930,180,0.26015544801290513,1173,74,38,1189,525.3504266666666,1483.8188499999999,4.0308216879795395,1.2649777067348678,8,9,7,8,9,6,4,6,2,4,41,22,63,3,9
NATIONAL PASTIME,23,259,10.357327597156935,7436,6690,1715,240,908,889,129,0.2563527653213752,1262,80,52,1244,530.9017299999999,1533.4434899999999,3.7861454595879547,1.2150899286846275,4,3,3,4,6,9,7,8,9,9,20,42,62,4,9
HOOSIERS,23,235,10.482756249419422,8045,7142,1792,269,1014,983,232,0.2509101092131056,1250,74,8,1114,556.6443433333334,1608.4448000000002,4.007839272,1.28675584,10,10,10,10,4,6,2,4,3,2,44,17,61,5,9
MELONHEADS,23,213,9.638283964459234,7290,6450,1615,251,925,903,174,0.2503875968992248,1305,79,14,1215,571.4492744444444,1623.7969499999997,3.9410294789272027,1.2442888505747125,7,5,4,7,3,8,3,7,5,7,26,30,56,6,9
BIG RED MACHINE,23,199,9.630031703156641,7493,6650,1661,261,933,918,127,0.24977443609022557,1206,74,57,1126,525.7916466666667,1530.5936000000002,3.9238182587064676,1.269148922056385,9,6,6,3,2,6,9,5,6,3,26,29,55,7,9
FREE BIRDS,23,246,9.114551104234879,7438,6577,1696,221,904,882,122,0.25786832902539153,1350,81,0,1316,609.3531544444445,1701.1219,4.062354362962964,1.2600902962962963,2,2,2,2,7,10,1,10,1,6,15,28,43,8,9
ERIE LAKERS,23,201,8.129284944075414,7249,6458,1694,243,916,908,117,0.26231031279033756,948,55,47,888,419.6389122222222,1227.37347,3.9839137236286915,1.294697753164557,5,4,5,1,10,3,5,1,4,1,25,14,39,9,9
FREE AT LAST,22,241,8.099098855718767,7053,6211,1528,230,862,841,131,0.24601513443889872,1071,67,49,1078,462.73314555555567,1352.9946600000003,3.8885138281979468,1.2633003361344541,3,1,1,5,1,5,6,3,7,5,11,26,37,10,9
WESTSIDE MARAUDERS,23,262,11.097979885396665,7722,6865,1736,268,971,953,168,0.25287691187181355,1296,80,34,1323,559.4248777777777,1577.643556,3.8848949845679006,1.2173175586419753,10,10,10,7,4,9,5,9,7,10,41,40,81,1,10
BLUE SOCKS,23,251,10.411191436231958,7666,6895,1754,238,951,914,196,0.25438723712835387,1103,70,83,1134,464.68206222222227,1354.05229,3.7916034088848596,1.227608603807797,3,7,5,9,7,4,10,5,10,8,31,37,68,2,10
HOOSIERS,23,236,10.11829604802861,7631,6765,1718,241,964,922,207,0.25395417590539543,1261,77,0,1233,543.2905844444444,1585.40496,3.8775695955590805,1.2572600793021411,5,9,6,10,6,8,2,8,8,5,36,31,67,3,10
NATIONAL PASTIME,23,260,10.464209524993793,7612,6862,1768,252,943,931,159,0.2576508306616147,1163,73,63,1121,508.44759777777773,1422.87298,3.9346761650902837,1.2234505417024937,7,6,7,6,8,6,8,4,5,9,34,32,66,4,10
LOUISVILLE SLUGGERS,23,212,10.539085821078087,7200,6490,1707,239,920,881,147,0.263020030816641,1200,75,66,1183,508.7320111111111,1493.5944200000001,3.815490083333333,1.2446620166666669,4,4,2,5,10,7,9,7,9,7,25,39,64,5,10
MELONHEADS,23,223,9.889969829248807,7423,6601,1668,260,930,932,170,0.25268898651719435,1258,77,27,1151,550.1324277777778,1582.39365,3.935764586645469,1.257864586645469,8,5,8,8,3,8,3,6,4,4,32,25,57,6,10
BIG RED MACHINE,23,208,9.820694119115183,7643,6776,1709,263,955,945,129,0.2522136953955136,1174,71,54,1103,510.21195444444453,1495.00033,3.9113352555366276,1.273424471890971,9,8,9,4,2,5,6,3,6,2,32,22,54,7,10
FREE BIRDS,23,244,9.243740366051368,7487,6630,1682,235,906,891,120,0.25369532428355956,1375,83,0,1347,623.3742366666668,1722.25976,4.080267730909092,1.2525525527272727,2,1,3,2,5,10,2,10,2,6,13,30,43,8,10
ERIE LAKERS,23,199,8.018945663839329,7259,6475,1692,244,908,907,121,0.2613127413127413,913,54,56,856,414.68334333333337,1194.3694300000002,4.087787612267251,1.3081811938663748,6,2,4,3,9,2,7,1,1,1,24,12,36,9,10
FREE AT LAST,22,245,8.350678258710634,7431,6512,1604,241,918,873,120,0.2463144963144963,1091,67,30,1044,479.7423977777778,1373.6424699999998,3.957544986251146,1.2590673418881757,5,3,1,2,1,3,4,2,3,3,12,15,27,10,10
WESTSIDE MARAUDERS,23,270,10.921176007304068,7428,6605,1690,260,944,928,142,0.2558667676003028,1199,76,70,1254,505.9826477777778,1448.6936260000002,3.7980348874061716,1.2082515646371979,8,6,7,6,8,8,9,8,8,9,35,42,77,1,11
LOUISVILLE SLUGGERS,23,213,10.681182122088453,7742,6955,1821,256,999,948,182,0.26182602444284686,1062,64,66,1056,468.08133222222216,1328.28107,3.966790951035781,1.2507354708097929,7,10,10,9,10,4,8,3,5,6,46,26,72,2,11
NATIONAL PASTIME,23,252,10.462167216112935,7709,6933,1768,263,946,944,139,0.25501226020481754,1188,76,52,1181,520.2021955555556,1465.0250099999998,3.9409257239057243,1.2331860353535353,9,7,9,5,6,8,7,6,7,7,36,35,71,3,11
BLUE SOCKS,22,260,10.300315118644871,7108,6404,1637,219,877,851,170,0.2556214865708932,1154,76,88,1196,463.83934333333343,1380.31702,3.6174645493934148,1.1961152686308492,1,1,1,7,7,8,10,7,10,10,17,45,62,4,11
HOOSIERS,23,239,10.135476228733475,7741,6878,1738,245,981,927,230,0.2526897353881942,1097,71,30,1076,453.15355111111114,1377.7100599999999,3.7177593072014585,1.255888842297174,5,9,6,10,3,6,5,4,9,5,33,29,62,4,11
BIG RED MACHINE,23,206,9.75269660847757,7622,6768,1703,266,947,942,124,0.2516252955082742,1266,75,27,1170,556.2658333333334,1592.56741,3.95449644549763,1.257952140600316,10,8,8,3,2,7,4,5,6,4,31,26,57,5,11
MELONHEADS,23,218,9.728413195415763,7238,6450,1634,237,900,889,174,0.25333333333333335,1369,82,0,1263,608.7636088888889,1686.24948,4.0020982322863405,1.23173811541271,4,3,4,8,5,10,2,9,3,8,24,32,56,6,11
FREE BIRDS,23,244,9.06177316817461,7351,6520,1650,232,882,882,123,0.25306748466257667,1289,80,19,1289,568.8662866666667,1622.4162099999999,3.9719135608999228,1.2586626920093094,3,2,3,2,4,9,3,10,4,3,14,29,43,7,11
ERIE LAKERS,23,189,8.19445989672536,7296,6470,1678,251,925,916,120,0.25935085007727976,1073,61,31,961,500.7782911111111,1428.80955,4.200377092264678,1.3316025629077353,6,5,5,1,9,3,6,1,1,1,26,12,38,8,11
FREE AT LAST,22,243,8.33583951357714,7403,6506,1621,231,918,866,138,0.24915462649861667,1137,66,30,1049,516.7884033333333,1471.1644099999999,4.090673377308707,1.2939000967458223,2,4,2,4,1,5,5,2,2,2,13,16,29,9,11
WESTSIDE MARAUDERS,23,263,11.16978855912779,7659,6860,1769,261,966,947,140,0.2578717201166181,1303,81,54,1300,565.195518888889,1597.4559160000003,3.903883092862625,1.2259830514198007,8,8,7,4,7,10,8,10,5,8,34,41,75,1,12
BLUE SOCKS,23,247,10.31217913758376,8016,7230,1853,241,973,949,178,0.25629322268326415,1140,72,46,1158,492.68071333333336,1393.3578699999998,3.889584578947369,1.222243745614035,5,9,9,8,5,7,5,6,7,10,36,35,71,2,12
HOOSIERS,23,240,10.42790415117191,7890,7005,1765,263,994,976,206,0.25196288365453245,1152,73,22,1095,494.3402511111111,1454.1544099999999,3.862033211805555,1.262286814236111,9,10,10,10,4,8,4,5,8,3,43,28,71,2,12
NATIONAL PASTIME,23,261,10.313284462504479,7373,6620,1713,232,909,873,152,0.25876132930513596,1281,81,52,1278,534.5268477777778,1578.4818300000002,3.7554579469164717,1.2322262529274006,4,3,3,5,8,10,7,7,10,7,23,41,64,3,12
LOUISVILLE SLUGGERS,23,202,10.527591947124174,7298,6565,1713,245,955,900,187,0.2609291698400609,1055,64,93,1066,458.60046888888894,1307.83711,3.912231488151659,1.239656028436019,6,7,5,9,9,4,10,3,4,6,36,27,63,4,12
BIG RED MACHINE,23,212,9.718021009396821,7553,6701,1663,271,946,940,122,0.24817191463960603,1096,67,65,1074,464.5634022222223,1368.1398400000003,3.81484545620438,1.248302773722628,10,6,6,3,2,6,9,4,9,5,27,33,60,5,12
MELONHEADS,23,219,9.64473615217947,7206,6382,1595,248,914,893,175,0.24992165465371358,1329,81,0,1282,575.508741111111,1628.0896799999998,3.897350391271632,1.2250486681715573,7,4,4,7,3,10,1,8,6,9,25,34,59,6,12
FREE BIRDS,23,247,9.07745788327582,7305,6479,1661,222,883,868,117,0.2563667232597623,1289,80,19,1296,570.5126955555556,1617.8699799999997,3.9834090457719165,1.2551357486423582,2,1,2,2,6,9,3,9,3,4,13,28,41,7,12
ERIE LAKERS,23,201,8.33801917259555,7525,6686,1747,261,943,948,110,0.26129225246784327,1088,63,14,932,514.9676655555555,1445.5615400000002,4.259842821691176,1.3286411213235296,8,5,8,1,10,3,2,1,1,1,32,8,40,8,12
FREE AT LAST,22,241,8.206481711939068,7277,6388,1568,228,889,847,163,0.24546023794614902,1101,65,48,1014,491.82518888888893,1410.2856699999998,4.020369391462307,1.2809134150772024,3,2,1,6,1,5,6,2,2,2,13,17,30,9,12
WESTSIDE MARAUDERS,22,270,11.06177046696345,7953,7079,1801,270,996,969,144,0.2544144653199604,1121,71,43,1173,468.9404211111111,1348.4256260000002,3.7649097145405888,1.2028774540588762,8,9,9,5,6,6,6,7,10,10,37,39,76,1,13
LOUISVILLE SLUGGERS,23,209,10.53556367613257,7613,6832,1773,257,983,924,173,0.25951405152224827,1082,68,52,1116,455.7444100000001,1331.09636,3.7908499907578563,1.2302184473197781,7,8,7,7,8,5,9,4,9,7,37,34,71,2,13
BLUE SOCKS,23,252,10.320839355674728,7557,6798,1725,237,938,906,194,0.25375110326566636,1172,76,48,1243,494.5726822222223,1424.10224,3.797913088737202,1.215104300341297,5,6,5,8,5,8,7,9,8,9,29,41,70,3,13
NATIONAL PASTIME,23,262,10.454294409962614,7468,6730,1756,231,916,888,152,0.2609212481426449,1285,80,52,1240,551.05916,1575.2128699999998,3.859558319066148,1.2258465914396885,3,4,3,6,9,10,9,8,7,8,25,42,67,4,13
HOOSIERS,23,229,10.398442260178392,7888,7004,1741,280,1002,995,214,0.2485722444317533,1180,71,16,1101,507.27625222222224,1507.0192300000003,3.8690561610169496,1.2771349406779664,10,10,10,10,2,6,3,3,6,3,42,21,63,5,13
MELONHEADS,23,216,9.861183516056462,7364,6554,1654,237,915,895,197,0.2523649679584986,1219,72,49,1135,538.1012922222224,1529.01367,3.9728561361771955,1.2543180229696473,5,3,4,9,4,7,8,6,4,5,25,30,55,6,13
BIG RED MACHINE,23,208,9.816021101897741,7587,6710,1674,271,951,943,118,0.24947839046199702,1104,66,84,1058,483.34338666666673,1385.6407100000001,3.9402993478260875,1.255109338768116,9,7,8,2,3,4,10,2,5,4,29,25,54,7,13
FREE BIRDS,23,251,9.078587365498558,7330,6515,1678,217,887,868,120,0.2575594781273983,1265,78,32,1266,561.9546411111112,1575.4154099999998,3.998096260869566,1.2453876758893279,2,2,2,3,7,9,4,10,3,6,16,32,48,8,13
ERIE LAKERS,23,204,8.148587352071285,7268,6471,1701,242,917,909,114,0.26286509040333794,992,59,37,943,464.91961333333336,1291.50895,4.2180206854838715,1.3019243447580644,6,5,6,1,10,3,5,1,1,1,28,11,39,9,13
FREE AT LAST,22,231,8.04642839487662,7151,6291,1557,233,877,857,126,0.2474964234620887,1280,78,0,1126,573.5120544444444,1643.2949999999998,4.0325066328125,1.28382421875,4,1,1,4,1,9,2,5,2,2,11,20,31,10,13
WESTSIDE MARAUDERS,22,270,11.178446335770891,7708,6840,1742,261,988,944,195,0.2546783625730994,1205,75,32,1225,519.52859,1470.574726,3.8802965228215767,1.2203939634854772,10,10,10,9,7,8,4,9,6,8,46,35,81,1,14
BLUE SOCKS,23,259,10.345210308067452,7634,6900,1761,232,925,914,162,0.25521739130434784,1232,77,48,1261,505.1997844444445,1470.5011699999998,3.6905828409090917,1.1935886120129868,2,5,6,6,8,10,7,10,10,10,27,47,74,2,14
HOOSIERS,23,242,10.166508289496043,7521,6678,1671,245,959,916,219,0.2502246181491464,1071,73,35,1093,441.0400077777778,1302.6349699999998,3.7062185527544353,1.2162791503267973,6,8,7,10,2,6,5,3,9,9,33,32,65,3,14
LOUISVILLE SLUGGERS,23,211,10.36438451069577,7550,6794,1797,243,973,903,164,0.26449808654695317,995,60,79,1071,416.39058777777785,1224.81038,3.766347025125629,1.2309652060301506,5,9,3,7,10,3,9,2,8,7,34,29,63,4,14
NATIONAL PASTIME,23,245,10.355059758874052,7419,6648,1675,260,910,919,146,0.2519554753309266,1172,74,84,1147,502.8896555555556,1457.2692600000003,3.8617806313993177,1.243403805460751,9,2,8,5,3,7,10,5,7,5,27,34,61,5,14
BIG RED MACHINE,23,204,9.730756480895028,7587,6733,1710,259,951,934,129,0.25397296895885935,1267,75,27,1172,562.2683522222222,1610.68109,3.994013551696922,1.2712557932123125,8,7,9,4,5,8,3,6,3,3,33,23,56,6,14
MELONHEADS,23,223,9.899454121968159,7405,6611,1675,245,921,913,180,0.25336560278324005,1180,72,39,1182,510.23348222222234,1458.4783200000002,3.8916113050847465,1.2359985762711865,6,4,5,8,4,5,6,7,5,6,27,29,56,6,14
FREE BIRDS,23,249,9.16100177226761,7334,6504,1655,234,884,880,107,0.2544587945879459,1195,76,57,1195,526.8755477777779,1506.9630499999998,3.9681003598326368,1.2610569456066945,3,1,1,1,6,9,8,8,4,4,12,33,45,7,14
ERIE LAKERS,23,194,8.0820049203125,7282,6474,1689,249,918,911,120,0.2608897126969416,1130,64,12,955,524.867528888889,1484.0765300000003,4.180360849557522,1.313342061946903,7,3,4,2,9,4,2,1,2,1,25,10,35,8,14
FREE AT LAST,22,237,8.338394330571834,7599,6687,1659,240,929,895,123,0.2480933153880664,1253,73,0,1100,590.1303766666666,1624.7405700000002,4.238765674381485,1.2966804229848365,4,6,2,3,1,6,1,4,1,2,16,14,30,9,14
WESTSIDE MARAUDERS,23,265,11.027075710973033,7477,6629,1694,278,963,947,138,0.2555438225976769,1276,80,54,1281,552.8731022222222,1571.574736,3.8995751724137926,1.2316416426332288,10,7,8,3,6,9,7,10,7,8,34,41,75,1,15
HOOSIERS,23,241,10.461622190965876,7852,6976,1757,254,985,952,203,0.25186353211009177,1243,73,16,1201,514.3172777777779,1529.93686,3.723938455349961,1.2308422043443283,7,9,9,10,2,5,2,5,10,9,37,31,68,2,15
LOUISVILLE SLUGGERS,23,215,10.668912097440726,7771,6983,1805,259,987,945,174,0.2584848918802807,1017,66,63,1057,441.8658711111111,1273.1154299999998,3.9103174434611603,1.2518342477876105,8,10,7,9,9,2,9,2,6,4,43,23,66,3,15
MELONHEADS,23,223,9.922537790148139,7528,6680,1689,246,949,920,169,0.2528443113772455,1345,81,0,1252,582.20678,1654.2944599999998,3.8958074498141264,1.2299587063197024,4,6,4,8,4,10,1,9,9,10,26,39,65,4,15
BLUE SOCKS,23,243,10.369212556398216,8086,7308,1871,246,980,966,162,0.2560207991242474,1250,77,29,1203,546.8460077777778,1551.62754,3.9372912560000004,1.2413020319999999,4,8,10,7,7,7,4,6,3,6,36,26,62,5,15
NATIONAL PASTIME,23,256,10.443931860117345,7594,6831,1760,252,935,923,152,0.2576489533011272,1203,78,52,1210,523.6254522222223,1492.40583,3.9173973981712393,1.2405700997506233,6,4,5,5,8,8,6,7,5,7,28,33,61,6,15
BIG RED MACHINE,23,206,9.803443405153438,7482,6632,1671,261,940,927,128,0.2519601930036188,1131,67,84,1064,489.6968511111112,1438.6717400000002,3.896791918656057,1.2720351370468614,9,5,6,2,3,3,10,3,8,3,25,27,52,7,15
FREE BIRDS,23,253,9.002958265771026,7124,6314,1601,215,856,838,148,0.25356350966107066,1180,74,59,1220,514.5372811111113,1468.45905,3.9244368898305093,1.2444568220338983,2,1,1,4,5,6,8,8,4,5,13,31,44,8,15
FREE AT LAST,22,240,8.329442367993705,7095,6230,1543,230,890,844,153,0.24767255216693418,1149,68,36,1066,514.2780822222222,1465.23944,4.028287850304612,1.2752301479547432,3,2,2,6,1,4,5,4,2,2,14,17,31,9,15
ERIE LAKERS,23,198,8.073823558112476,7359,6550,1706,247,920,918,115,0.26045801526717555,1040,63,20,941,482.47478777777775,1355.90876,4.175262586538461,1.303758423076923,5,3,3,1,10,1,3,1,1,1,22,7,29,10,15
WESTSIDE MARAUDERS,23,268,11.09680219702468,7498,6666,1694,282,951,957,145,0.25412541254125415,1357,85,32,1316,587.66352,1659.011006,3.89754729550479,1.2225578526160648,10,7,9,4,5,10,5,9,5,10,35,39,74,1,16
BLUE SOCKS,23,254,10.473678590706118,8012,7212,1872,237,988,954,165,0.259567387687188,1122,71,56,1144,479.1453933333334,1375.97598,3.8434122459893056,1.2263600534759358,3,9,8,8,8,6,7,6,8,9,36,36,72,2,16
NATIONAL PASTIME,23,253,10.335924786751743,7506,6736,1720,248,918,903,130,0.25534441805225655,1215,74,79,1185,512.1870944444445,1493.0118300000001,3.7939784773662555,1.2288163209876544,7,4,4,3,7,8,10,7,10,8,25,43,68,3,16
MELONHEADS,23,226,9.849718085306247,7486,6669,1695,237,924,906,155,0.25416104363472786,1183,75,33,1207,503.8845455555556,1463.1744,3.833441174978867,1.2368338123415048,3,5,5,7,6,9,6,8,9,7,26,39,65,4,16
HOOSIERS,23,227,10.26232425264101,7916,7021,1752,266,1004,980,215,0.24953710297678394,1124,70,25,1106,483.85574777777776,1407.7948700000002,3.8742897953736652,1.2524865391459077,9,10,10,10,2,5,3,4,6,5,41,23,64,5,16
LOUISVILLE SLUGGERS,23,210,10.663107426557179,7522,6753,1770,246,983,913,198,0.2621057307863172,1112,69,68,1091,497.0946922222222,1410.3510499999998,4.023248408273381,1.2683013039568343,6,8,7,9,10,4,9,3,3,2,40,21,61,6,16
BIG RED MACHINE,23,214,9.76886421657165,7479,6629,1660,261,938,913,128,0.2504148438678534,1174,72,59,1137,501.9791444444445,1458.48372,3.8482217206132883,1.2423200340715501,8,6,7,2,3,7,8,5,7,6,26,33,59,7,16
FREE BIRDS,23,244,9.229921746184646,7222,6410,1610,235,871,874,146,0.25117004680187205,1384,85,0,1347,621.4992388888891,1742.7959899999998,4.041541293352602,1.2592456575144508,2,2,2,5,4,10,2,10,2,4,15,28,43,8,16
FREE AT LAST,22,252,8.32871019314592,7746,6821,1697,241,951,909,151,0.24879049992669697,958,58,33,923,424.58149333333336,1208.4180099999999,3.988761419624217,1.2613966701461377,4,7,6,6,1,2,6,1,4,3,24,16,40,9,16
ERIE LAKERS,23,192,8.06042865268007,7240,6451,1688,242,907,902,117,0.26166485816152535,1071,60,28,945,487.53304333333335,1391.7132100000003,4.0969163305322125,1.2994521101774046,5,3,3,1,9,3,4,2,1,1,21,11,32,10,16
LOUISVILLE SLUGGERS,23,211,10.755316546622408,7522,6748,1742,260,970,931,188,0.25815056312981627,980,64,88,1045,409.28028888888895,1222.01661,3.7586965306122457,1.2469557244897957,9,8,9,9,9,3,10,3,9,7,44,32,76,1,17
NATIONAL PASTIME,23,258,10.484037185392117,7713,6952,1794,254,948,936,151,0.2580552359033372,1188,73,52,1173,520.1554522222223,1459.16322,3.940571607744108,1.2282518686868686,8,7,10,6,8,6,7,6,4,8,39,31,70,2,17
WESTSIDE MARAUDERS,22,270,10.984521185251909,7253,6472,1668,247,920,901,134,0.257725587144623,1190,76,70,1251,497.63659333333334,1439.3132960000003,3.763638100840336,1.2095069714285716,6,5,5,4,6,8,8,9,8,9,26,42,68,3,17
HOOSIERS,23,235,10.132088721452686,7780,6898,1739,242,980,924,224,0.2521020585677008,1207,74,30,1062,527.1584911111112,1529.58228,3.9307592543496277,1.2672595526097763,5,10,8,10,4,7,6,4,5,3,37,25,62,4,17
BIG RED MACHINE,23,208,9.69275548150857,7469,6619,1638,274,931,931,105,0.24746940625472125,1119,68,86,1067,476.68351888888895,1396.3276799999999,3.8339157015192136,1.2478352815013403,10,6,9,1,1,5,9,5,7,6,27,32,59,5,17
BLUE SOCKS,20,260,10.094652218150452,6850,6163,1590,213,851,827,165,0.2579912380334253,1148,74,29,1197,473.1390244444445,1361.08037,3.7092780662020908,1.1856100783972126,2,1,2,7,7,7,5,7,10,10,19,39,58,6,17
MELONHEADS,23,212,9.841287103047001,7300,6508,1656,241,909,896,178,0.2544560540872772,1309,80,17,1236,568.09384666666665,1646.44522,3.9059164400305577,1.2577885561497326,4,3,4,8,5,10,3,8,6,4,24,31,55,7,17
FREE BIRDS,23,244,9.082634875645258,7389,6549,1650,234,886,886,122,0.25194686211635364,1281,79,19,1302,568.6753966666668,1601.38594,3.9953774941451994,1.2501061202185793,3,2,3,3,3,9,4,10,3,5,14,31,45,8,17
ERIE LAKERS,23,193,8.24230367880068,7282,6474,1689,249,918,911,120,0.2608897126969416,1143,66,8,1035,543.787288888889,1504.89327,4.281789676290464,1.3166170341207348,7,4,6,2,10,4,2,2,1,1,29,10,39,9,17
FREE AT LAST,22,238,8.295405599074417,7886,6939,1734,241,978,923,149,0.24989191526156507,1073,61,2,969,489.9654455555556,1371.22914,4.109682208760486,1.2779395526561044,4,9,7,5,2,2,1,1,2,2,27,8,35,10,17
WESTSIDE MARAUDERS,23,270,11.081324866563591,7519,6749,1729,256,948,934,162,0.2561861016446881,1282,81,51,1321,537.2639655555556,1566.485516,3.771743907956319,1.2219075787831513,8,6,8,8,7,9,8,9,10,9,37,45,82,1,18
BLUE SOCKS,23,244,10.377947058357261,7802,7035,1791,244,959,943,186,0.25458422174840084,1269,79,29,1212,550.5544222222222,1569.1320799999999,3.904641292356186,1.2365107013396375,5,8,9,9,6,8,5,7,6,7,37,33,70,2,18
LOUISVILLE SLUGGERS,23,211,10.572792377595697,7658,6899,1812,250,983,929,186,0.26264676040005797,1064,65,68,1059,461.28742666666676,1346.1377899999998,3.9018673308270686,1.2651670958646615,7,9,6,9,10,2,9,3,7,5,41,26,67,3,18
NATIONAL PASTIME,23,263,10.50758319299904,7559,6808,1748,245,914,909,137,0.25675675675675674,1203,74,79,1193,511.79434333333336,1454.32404,3.8288853615960097,1.2089144139650874,6,3,5,5,8,5,10,6,9,10,27,40,67,3,18
HOOSIERS,23,233,10.175202401174028,7839,6934,1745,250,997,943,226,0.25165849437554083,1075,67,50,1060,463.07415888888886,1361.54568,3.8768999348837205,1.2665541209302325,7,10,9,10,4,3,7,4,8,3,40,25,65,4,18
BIG RED MACHINE,23,207,9.77713131722137,7531,6667,1675,264,949,930,128,0.25123743812809357,1267,77,27,1189,553.3916788888889,1596.95815,3.9309590449881613,1.2604247434885556,10,7,7,4,3,7,4,5,5,6,31,27,58,5,18
MELONHEADS,23,215,9.720190613114779,7371,6535,1640,242,925,896,155,0.25095638867635806,1249,76,27,1226,549.2438400000001,1530.96537,3.9577218254603688,1.2257528983186547,4,4,4,7,2,6,4,8,4,8,21,30,51,6,18
ERIE LAKERS,23,207,8.352713034821392,7506,6651,1736,260,945,944,109,0.261013381446399,904,56,50,823,405.4657066666667,1182.2434200000002,4.036716106194691,1.30779139380531,9,5,10,2,9,1,7,2,2,1,35,13,48,7,18
FREE BIRDS,23,243,9.17400782249005,7208,6410,1621,237,868,885,124,0.2528861154446178,1379,84,0,1352,612.4218255555556,1745.1412900000003,3.996951725888325,1.2655121754894854,3,1,3,3,5,10,3,10,3,4,15,30,45,8,18
FREE AT LAST,22,240,8.031553837235107,7186,6296,1563,227,894,841,139,0.24825285895806862,1142,68,32,1060,518.2241255555556,1448.3005099999998,4.084078047285464,1.2682141068301225,2,2,2,6,1,4,6,4,1,2,13,17,30,9,18
WESTSIDE MARAUDERS,22,270,11.178391205337608,7708,6923,1789,255,970,952,178,0.25841398237758195,1131,71,54,1163,482.5418366666667,1386.0683460000002,3.8398554641909817,1.2255246206896553,8,9,10,9,8,6,8,7,8,9,44,38,82,1,19
LOUISVILLE SLUGGERS,23,209,10.545319880315413,7354,6614,1722,254,944,906,175,0.26035681886906564,1051,66,77,1092,444.96363111111117,1298.3288400000001,3.8103450808753574,1.2353271550903901,7,5,5,8,9,5,10,3,9,8,34,35,69,2,19
NATIONAL PASTIME,23,250,10.474160823697419,7765,6999,1803,255,950,946,150,0.25760822974710673,1214,75,52,1154,539.4626788888888,1511.94666,3.9993114579901152,1.2454255848434928,8,7,9,5,7,8,7,5,3,6,36,29,65,3,19
HOOSIERS,23,233,10.09661535289992,7636,6764,1692,248,973,922,219,0.25014784151389713,1250,76,2,1158,537.1397855555556,1551.44135,3.867406456,1.2411530800000001,5,10,6,10,2,9,1,6,7,7,33,30,63,4,19
BLUE SOCKS,20,260,9.990176338485119,6394,5757,1477,202,797,771,161,0.2565572346708355,1260,83,29,1360,516.1757177777778,1491.76589,3.686969412698413,1.1839411825396824,2,1,2,6,6,10,3,10,10,10,17,43,60,5,19
MELONHEADS,23,220,9.966054772161174,7398,6565,1664,256,935,922,173,0.25346534653465347,1274,76,17,1232,563.11988,1587.12129,3.9780839246467816,1.2457780926216642,9,4,6,7,4,9,2,9,4,5,30,29,59,6,19
BIG RED MACHINE,23,204,9.75080598251079,7601,6734,1693,266,952,935,109,0.2514107514107514,1195,72,46,1122,517.4334122222223,1521.1285899999998,3.896988041841005,1.2729109539748953,10,8,8,1,3,7,6,4,6,3,30,26,56,7,19
FREE BIRDS,23,242,9.07327076320833,7194,6357,1622,220,877,851,119,0.2551518011640711,1215,76,62,1221,534.0377766666668,1537.4703100000002,3.9558353827160504,1.2654076625514405,3,2,3,3,5,9,9,8,5,4,16,35,51,8,19
ERIE LAKERS,23,204,8.198944423740915,7464,6602,1721,249,946,930,111,0.2606785822478037,985,58,31,907,450.1385011111111,1272.02956,4.11294061928934,1.2914005685279186,6,6,7,2,10,4,4,1,2,2,31,13,44,9,19
FREE AT LAST,22,237,8.077777385410181,7389,6500,1592,241,898,884,134,0.2449230769230769,1125,66,43,992,514.4106933333334,1453.42923,4.115285546666667,1.2919370933333334,4,3,4,4,1,5,5,2,1,1,16,14,30,10,19
WESTSIDE MARAUDERS,23,270,11.013999847283236,7561,6718,1724,257,974,935,170,0.25662399523667756,1250,79,49,1292,531.8323700000001,1543.6504160000002,3.8291930640000005,1.2349203328000002,8,10,8,9,8,9,7,9,7,7,43,39,82,1,20
BLUE SOCKS,23,254,10.36731642355934,7904,7133,1825,238,965,938,168,0.25585307724660034,1093,69,80,1121,459.9599355555556,1334.09675,3.7874102653247945,1.2205825709057638,3,9,9,8,7,3,10,3,9,9,36,34,70,2,20
NATIONAL PASTIME,23,246,10.41702025579118,7660,6898,1764,260,937,941,139,0.25572629747752973,1219,76,52,1193,542.1551133333332,1512.32859,4.002785906480721,1.2406305086136178,10,6,10,4,6,8,8,8,3,6,36,33,69,3,20
LOUISVILLE SLUGGERS,23,222,10.477442064539403,7099,6363,1659,237,909,867,167,0.2607260726072607,1146,73,66,1182,477.0154877777778,1402.7871200000002,3.7461949301919724,1.2240725305410123,2,2,1,7,9,6,9,7,10,8,21,40,61,4,20
HOOSIERS,23,228,10.115123615462519,7613,6763,1705,247,963,919,216,0.25210705308295134,1164,75,24,1147,491.1576755555556,1465.9782200000002,3.797610893470791,1.2594314604810999,5,8,6,10,2,7,3,5,8,4,31,27,58,5,20
MELONHEADS,23,221,9.780678399657189,7300,6515,1661,249,910,916,154,0.25495011511895627,1194,70,43,1155,523.5119433333334,1446.27517,3.946069924623116,1.2112857370184253,6,3,5,5,5,4,6,6,5,10,24,31,55,6,20
BIG RED MACHINE,23,212,9.752393040657838,7545,6691,1694,259,950,922,119,0.25317590793603345,1195,72,38,1139,518.6182366666667,1493.3063800000002,3.9059114058577413,1.2496287698744772,9,7,7,2,3,5,4,4,6,5,28,24,52,7,20
FREE BIRDS,23,244,9.238327565719475,7334,6485,1645,229,896,871,133,0.2536622976098689,1384,83,0,1354,614.7256066666669,1753.0562300000001,3.9974931069364175,1.2666591257225435,1,1,2,3,4,10,1,10,4,3,11,28,39,8,20
FREE AT LAST,22,239,8.146397092659223,7732,6796,1654,250,936,915,162,0.24337845791642143,996,59,41,881,457.9932644444445,1284.5768599999997,4.138493353413655,1.289735803212851,7,5,4,6,1,1,5,1,1,2,23,10,33,9,20
ERIE LAKERS,23,197,8.09989542163771,7249,6458,1694,243,916,908,117,0.26231031279033756,1059,63,20,937,482.45428000000004,1374.6743300000003,4.100178016997168,1.2980871860245518,4,4,3,1,10,2,2,2,2,1,22,9,31,10,20
LOUISVILLE SLUGGERS,23,211,10.658345839534363,7550,6807,1749,275,960,959,162,0.25694138386954607,1015,66,67,1093,426.70001,1255.68546,3.7835468866995074,1.2371285320197043,10,9,9,7,8,4,9,4,9,7,43,33,76,1,21
WESTSIDE MARAUDERS,22,270,11.059751428241402,7281,6455,1650,273,939,925,135,0.25561580170410536,1200,76,65,1253,510.8271422222222,1460.8947360000002,3.8312035666666664,1.2174122800000002,9,7,7,4,7,8,8,9,7,8,34,40,74,2,21
BLUE SOCKS,23,256,10.38396909689525,7638,6873,1754,236,936,904,188,0.2552015131674669,1107,71,80,1160,463.91619888888897,1337.5376999999999,3.7716764137308045,1.2082544715447152,4,6,6,8,6,6,10,7,10,10,30,43,73,3,21
HOOSIERS,23,233,10.268459132975899,7937,7031,1762,265,1007,973,206,0.25060446593656666,1152,73,14,1106,488.0427266666666,1432.9816799999999,3.8128338020833334,1.2439077083333332,8,10,10,10,2,7,3,5,8,5,40,28,68,4,21
NATIONAL PASTIME,23,265,10.469336561296537,7559,6790,1750,242,929,898,142,0.25773195876288657,1272,79,52,1242,541.8948855555556,1545.1117800000002,3.834161926100629,1.2147105188679246,6,5,4,5,9,9,5,8,6,9,29,37,66,5,21
BIG RED MACHINE,23,211,9.752751537492044,7573,6730,1704,258,943,933,118,0.25319465081723624,1151,70,54,1085,496.42569666666674,1445.00329,3.881695282363163,1.2554329192006952,7,8,8,3,4,5,6,2,5,4,30,22,52,6,21
MELONHEADS,23,220,9.894998335436528,7391,6546,1637,239,922,894,189,0.2500763825236786,1201,73,57,1150,523.6971044444446,1492.8583400000002,3.9244579017485437,1.2430127726894256,5,4,3,9,1,7,7,6,4,6,22,30,52,6,21
FREE BIRDS,23,245,9.250473844874668,7285,6450,1641,223,889,866,143,0.2544186046511628,1387,85,0,1346,614.2591244444445,1761.62533,3.9858198413842834,1.270097570295602,2,1,1,6,5,10,2,10,3,3,15,28,43,7,21
ERIE LAKERS,23,186,8.040731183213408,7240,6451,1688,242,907,902,117,0.26166485816152535,1089,61,24,973,500.9888144444445,1437.1365700000001,4.140403425160698,1.3196846372819102,6,2,5,2,10,3,4,1,2,1,25,11,36,8,21
FREE AT LAST,22,242,8.256927975293493,7417,6552,1657,224,912,874,135,0.2528998778998779,1260,73,0,1087,595.96979,1632.39896,4.256927071428572,1.2955547301587302,3,3,2,4,3,7,2,3,1,2,15,15,30,9,21
LOUISVILLE SLUGGERS,23,216,10.757779471703415,7707,6964,1797,272,983,965,185,0.2580413555427915,998,65,60,1029,418.39384777777786,1243.8883699999997,3.773090811623247,1.2463811322645286,10,10,10,8,8,3,8,3,10,7,46,31,77,1,22
WESTSIDE MARAUDERS,23,267,11.058339278028512,7666,6797,1734,261,979,933,162,0.2551125496542592,1324,82,32,1344,570.4988022222223,1628.1735660000002,3.878013006042296,1.2297383429003022,8,8,8,7,6,9,5,10,7,8,37,39,76,2,22
BLUE SOCKS,23,250,10.354705600730435,7733,6970,1774,243,956,937,188,0.254519368723099,1096,68,70,1130,464.0396333333334,1331.6297299999999,3.8105444343065704,1.2149906295620436,4,7,9,9,5,4,9,5,9,10,34,37,71,3,22
NATIONAL PASTIME,23,266,10.486388629359496,7527,6742,1751,240,931,903,145,0.259715218036191,1276,80,52,1233,547.22397,1557.0552900000002,3.8597301959247647,1.2202627664576804,3,5,4,5,9,8,6,8,8,9,26,39,65,4,22
HOOSIERS,23,234,10.165152176676722,7717,6825,1703,252,980,933,203,0.24952380952380954,1249,77,11,1213,546.6225488888889,1572.9940000000001,3.938833418734988,1.2594027221777424,6,9,8,10,1,6,2,7,4,3,34,22,56,5,22
MELONHEADS,23,216,9.849054967886586,7234,6424,1615,262,914,915,158,0.25140099626400997,1285,79,30,1190,558.1711466666667,1605.1375600000001,3.909369898832685,1.2491342879377434,9,3,5,6,3,7,4,6,6,6,26,29,55,6,22
BIG RED MACHINE,23,210,9.827395201019296,7591,6761,1703,258,936,926,133,0.25188581570773555,1187,72,59,1124,516.1468600000001,1487.64789,3.9134976748104466,1.2532838163437237,7,6,7,4,4,5,7,4,5,5,28,26,54,7,22
FREE BIRDS,23,247,9.237046132566139,7473,6622,1691,228,902,889,124,0.2553609181516158,1360,84,0,1337,602.5678977777778,1721.34343,3.9875816764705885,1.2656936985294116,2,2,3,2,7,10,1,9,2,2,16,24,40,8,22
ERIE LAKERS,23,191,8.057042529559183,7359,6550,1706,247,920,918,115,0.26045801526717555,1096,64,12,972,512.4733033333333,1441.9604199999999,4.208266177007299,1.315657317518248,5,4,6,1,10,2,3,2,1,1,26,9,35,9,22
FREE AT LAST,22,243,8.28418699567278,7256,6391,1606,223,888,851,129,0.2512908777969019,963,56,87,923,426.5834833333334,1211.40359,3.9867615264797513,1.2579476531671858,1,1,2,3,2,1,10,1,3,4,9,19,28,10,22
WESTSIDE MARAUDERS,23,264,11.16406187697088,7610,6745,1716,277,976,952,160,0.2544106745737583,1268,78,49,1297,547.3675900000001,1556.109826,3.8851011908517354,1.227215951104101,10,8,9,6,6,10,6,10,7,8,39,41,80,1,23
BLUE SOCKS,23,255,10.431425394468516,7774,6981,1793,239,960,925,190,0.25683999427016185,1219,78,29,1239,523.2738211111111,1490.52682,3.8633834208367515,1.2227455455291223,3,7,7,8,8,10,4,9,8,9,33,40,73,2,23
NATIONAL PASTIME,23,267,10.537876070047574,7559,6808,1748,242,916,907,147,0.25675675675675674,1210,74,79,1184,510.72477444444445,1464.8110800000002,3.798779314049587,1.2105876694214877,6,4,5,5,7,8,10,6,10,10,27,44,71,3,23
LOUISVILLE SLUGGERS,23,224,10.710408452298175,7770,6975,1829,252,1006,940,192,0.26222222222222225,1067,69,50,1075,465.8885155555555,1334.7776,3.929706316776007,1.2509630740393627,7,9,8,9,10,5,7,2,4,6,43,24,67,4,23
HOOSIERS,23,229,10.203758098172854,7949,7032,1768,263,1008,971,204,0.2514220705346985,1122,70,26,1078,475.8766377777779,1411.0815099999998,3.817192281639929,1.2576484046345808,8,10,10,10,3,6,3,3,9,4,41,25,66,5,23
BIG RED MACHINE,23,203,9.800874317222949,7510,6660,1656,266,938,924,123,0.24864864864864866,1213,73,59,1157,524.2288611111112,1531.31661,3.889579348722177,1.2624209480626547,9,6,6,4,1,7,9,5,6,2,26,29,55,6,23
MELONHEADS,23,213,9.711952576054776,7381,6544,1655,240,928,896,177,0.2529034229828851,1276,78,22,1192,556.4415211111111,1593.4385100000002,3.9247442711598746,1.248776261755486,4,5,2,7,4,10,2,7,5,7,22,31,53,7,23
FREE BIRDS,23,250,9.257908182076546,7299,6492,1642,241,885,902,114,0.2529266789895256,1206,75,57,1196,537.7140788888889,1519.92554,4.012791633499171,1.2603031011608623,5,2,4,2,5,9,8,8,3,3,18,31,49,8,23
ERIE LAKERS,23,195,8.03862932251172,7260,6458,1682,240,905,898,114,0.26045215236915453,1015,58,42,923,466.45178999999996,1343.09076,4.136025724137931,1.3232421280788178,4,3,3,2,9,4,5,1,1,1,21,12,33,9,23
FREE AT LAST,22,240,8.246065513249992,7256,6438,1608,228,883,865,121,0.24976700838769805,1238,74,0,1154,554.7539033333334,1556.1555899999998,4.032944369951535,1.256991591276252,2,1,1,3,2,8,1,4,2,5,9,20,29,10,23
WESTSIDE MARAUDERS,23,266,11.153801319196976,7498,6669,1709,267,963,941,176,0.25626030889188783,1279,79,54,1280,558.7942166666667,1580.8271860000002,3.9320937842064114,1.235986853792025,10,8,9,9,7,9,7,10,5,8,43,39,82,1,24
MELONHEADS,23,219,9.71061995127904,7454,6618,1663,248,934,915,172,0.25128437594439407,1333,80,0,1242,581.0319622222222,1646.2341499999998,3.922946481620405,1.2349843585896472,8,6,6,8,2,10,1,8,7,9,30,35,65,2,24
BLUE SOCKS,23,260,10.258273320426515,7439,6702,1703,236,910,901,167,0.25410325276037005,1132,72,83,1179,465.18145555555566,1351.75739,3.698439134275619,1.1941319699646642,4,3,4,7,5,5,9,6,10,10,23,40,63,3,24
HOOSIERS,23,236,10.218904153736172,7760,6852,1730,245,984,923,231,0.2524810274372446,1225,77,11,1176,524.7638477777778,1548.93447,3.85540786122449,1.2644363020408163,6,9,7,10,4,7,2,5,9,4,36,27,63,3,24
NATIONAL PASTIME,23,258,10.52974059382965,7612,6854,1772,247,932,923,144,0.2585351619492267,1154,72,84,1121,503.9815588888889,1427.4011400000002,3.930532088388215,1.2369160658578857,7,5,7,5,8,5,10,3,6,7,32,31,63,3,24
LOUISVILLE SLUGGERS,23,209,10.712483597385388,7893,7072,1831,267,1009,953,164,0.258908371040724,1152,69,38,1117,521.1477299999999,1465.03742,4.071466640624999,1.271733871527778,10,10,10,6,9,3,6,2,1,2,45,14,59,4,24
BIG RED MACHINE,23,205,9.727833721816506,7482,6632,1671,261,940,927,128,0.2519601930036188,1285,76,27,1198,566.9579033333333,1616.7038200000002,3.9709113852140074,1.2581352684824905,9,7,8,4,3,6,4,7,4,6,31,27,58,5,24
FREE BIRDS,23,245,9.313747063940514,7536,6685,1699,235,913,904,113,0.2541510845175767,1280,78,30,1248,567.5192755555556,1624.17965,3.99036990625,1.2688903515625,3,4,5,1,6,8,5,9,2,3,19,27,46,6,24
ERIE LAKERS,23,202,8.02751701415117,7221,6438,1681,243,906,901,120,0.2611059335197266,852,53,69,807,369.2464444444445,1100.78582,3.9004906103286388,1.2920021361502347,5,2,4,2,10,2,8,1,8,1,23,20,43,7,24
FREE AT LAST,22,240,8.301870216932503,7179,6349,1579,232,875,861,122,0.24870058276894,1142,71,17,1127,504.097098888889,1439.3728,3.9727442119089322,1.26039649737303,2,1,3,3,1,4,3,4,3,5,10,19,29,8,24
WESTSIDE MARAUDERS,23,269,11.134972845943729,7421,6597,1689,267,952,932,168,0.25602546612096405,1251,79,54,1306,535.3765922222223,1520.504556,3.8516301598721023,1.215431299760192,9,7,7,7,6,8,7,10,8,9,36,42,78,1,25
LOUISVILLE SLUGGERS,23,216,10.649573136554308,7620,6846,1788,249,968,920,169,0.26117440841367223,1021,68,77,1070,430.48306444444444,1280.4493200000002,3.7946597257590597,1.2541129480901079,6,8,5,8,10,4,9,3,9,7,37,32,69,2,25
NATIONAL PASTIME,23,263,10.510661624099885,7681,6927,1785,253,946,937,157,0.2576873105240364,1138,72,63,1131,494.5150722222222,1390.1513800000002,3.9109276362038665,1.2215741476274167,7,5,8,5,8,5,8,5,6,8,33,32,65,3,25
HOOSIERS,23,226,10.292716612619925,7937,7048,1761,265,1003,978,215,0.24985811577752554,1273,74,16,1142,570.1896611111111,1622.67942,4.0311916339355855,1.2746892537313432,8,10,10,10,2,6,3,6,2,3,40,20,60,4,25
BIG RED MACHINE,23,204,9.77719067460048,7587,6710,1674,271,951,943,118,0.24947839046199702,1285,76,27,1198,566.9579033333333,1616.7038200000002,3.9709113852140074,1.2581352684824905,10,6,9,2,1,7,4,7,5,6,28,29,57,5,25
MELONHEADS,23,213,9.845149878786279,7423,6592,1655,245,930,901,182,0.2510618932038835,1367,84,0,1254,587.772608888889,1720.11689,3.869753825896123,1.2583152084857352,5,4,3,9,3,10,2,8,7,5,24,32,56,6,25
BLUE SOCKS,20,260,10.108678141211723,6891,6188,1593,213,856,825,163,0.25743374272786035,1005,65,88,1077,404.0704522222223,1175.05999,3.61854136318408,1.1692139203980099,1,1,1,6,7,3,10,4,10,10,16,37,53,7,25
FREE BIRDS,23,246,9.304062690025777,7379,6559,1662,234,893,893,118,0.2533922854093612,1292,80,30,1274,577.6845677777778,1627.6126800000002,4.024118506191951,1.2597621362229103,2,2,2,2,5,9,5,9,3,4,13,30,43,8,25
ERIE LAKERS,23,198,8.071146640222125,7247,6452,1682,244,910,906,119,0.2606943583384997,919,55,46,898,409.69767,1176.89271,4.012273155603918,1.2806231882480958,4,3,4,3,9,1,6,1,4,2,23,14,37,9,25
FREE AT LAST,22,240,8.317761052737833,7963,7014,1762,242,974,925,137,0.2512118619903051,1087,62,0,987,497.82775444444445,1401.2662599999999,4.121848932842686,1.2891133946642133,3,9,6,4,4,2,2,2,1,1,26,8,34,10,25
WESTSIDE MARAUDERS,23,268,11.05272587089394,7344,6569,1688,261,932,931,138,0.25696453036991934,1292,82,43,1332,552.9471466666666,1568.203216,3.8517990092879253,1.2137795789473684,8,5,8,4,8,10,5,10,7,9,33,41,74,1,26
NATIONAL PASTIME,23,252,10.51990217076449,7793,7003,1792,263,959,948,141,0.2558903327145509,1227,76,52,1147,541.3771466666666,1515.5917899999997,3.97098151589242,1.2352011328443355,9,8,9,5,7,7,6,6,5,6,38,30,68,2,26
LOUISVILLE SLUGGERS,23,200,10.63963612581777,7746,6988,1818,261,989,955,170,0.2601602747567258,1112,67,53,1130,497.7968433333333,1406.64818,4.028931285971223,1.2649713848920863,8,9,10,9,9,3,7,4,2,4,45,20,65,3,26
BLUE SOCKS,21,260,10.174587262462428,7239,6515,1659,225,887,865,170,0.2546431312356101,1073,70,56,1156,433.8555677777778,1266.58439,3.6390494967381177,1.1804141565703634,3,2,2,9,5,4,8,7,10,10,21,39,60,4,26
BIG RED MACHINE,23,200,9.686620143440177,7448,6591,1639,268,935,919,116,0.24867243210438478,1207,74,59,1143,516.3931500000001,1537.5096,3.8504874482187246,1.2738273405136704,10,6,7,2,1,6,10,5,8,3,26,32,58,5,26
HOOSIERS,23,227,10.25755986384025,7867,6981,1759,254,992,948,221,0.2519696318579,1226,73,24,1123,546.0813833333334,1574.2913099999998,4.008754037520392,1.284087528548124,7,10,9,10,3,5,3,3,3,2,39,16,55,6,26
MELONHEADS,23,222,9.63791333397672,7227,6413,1617,237,903,884,167,0.2521440823327616,1267,78,19,1245,543.9172100000001,1562.9681799999998,3.8636581610102607,1.2335976164167324,5,3,4,8,4,8,2,8,6,7,24,31,55,6,26
FREE AT LAST,22,259,8.29465587344501,7746,6837,1716,234,950,907,152,0.250987275120667,830,52,57,821,352.94312333333335,1018.82267,3.827094108433735,1.2274971927710843,4,7,6,7,2,1,9,1,9,8,26,28,54,7,26
FREE BIRDS,23,249,9.100853731104836,7256,6418,1639,223,882,866,128,0.25537550638828294,1272,79,30,1263,566.5701811111111,1593.27159,4.008751281446541,1.2525720047169813,2,1,3,3,6,9,4,9,4,5,15,31,46,8,26
ERIE LAKERS,23,194,8.20094028458971,7373,6554,1707,242,929,906,142,0.26045163259078424,1132,64,8,977,522.6935944444444,1487.5461,4.155691121908127,1.3140866607773851,6,4,5,6,10,2,1,2,1,1,31,7,38,9,26
BLUE SOCKS,23,256,10.316804989610601,7607,6837,1737,237,937,902,189,0.2540587977182975,1129,74,61,1201,476.65838555555564,1344.5421199999998,3.7997568379096553,1.1909141895482727,3,6,5,9,6,7,9,8,10,10,29,44,73,1,27
WESTSIDE MARAUDERS,23,267,11.203534331780196,7498,6749,1745,249,938,926,161,0.25855682323307155,1382,86,32,1353,600.3599066666667,1694.214126,3.909724428364689,1.2259147076700434,6,7,7,6,7,10,5,10,6,7,33,38,71,2,27
HOOSIERS,23,227,10.21428049207716,7865,6989,1763,258,996,967,207,0.25225354127915295,1103,67,42,1028,467.54723888888896,1395.07814,3.8149820036264743,1.2648033907524934,9,10,10,10,4,4,6,3,9,4,43,26,69,3,27
LOUISVILLE SLUGGERS,23,204,10.688184807328547,7613,6821,1771,255,984,929,187,0.25963934906905145,1117,69,58,1147,486.2589522222222,1432.04564,3.9179324709042076,1.2820462309758283,8,9,8,8,10,5,8,4,5,3,43,25,68,4,27
NATIONAL PASTIME,23,265,10.403963873153419,7472,6695,1734,236,921,886,146,0.25899925317401046,1209,76,82,1184,512.5236844444444,1477.5015700000001,3.815312787427626,1.222085665839537,2,3,3,5,8,8,10,6,8,8,21,40,61,5,27
MELONHEADS,23,233,9.680724067451173,7367,6527,1644,241,922,897,169,0.25187681936571166,1180,72,30,1185,500.72901111111116,1428.40891,3.819119576271187,1.2105160254237288,5,4,4,7,3,6,4,7,7,9,23,33,56,6,27
BIG RED MACHINE,23,197,9.69890611160898,7636,6765,1698,273,956,948,109,0.25099778270509976,1262,78,27,1159,550.6137111111111,1628.7601599999998,3.926722187004754,1.2906181933438985,10,8,9,2,2,9,3,5,4,2,31,23,54,7,27
FREE BIRDS,23,250,9.340387769887815,7400,6565,1666,238,895,897,118,0.2537699923838538,1282,78,27,1277,572.3251811111112,1603.7321800000002,4.01788348673947,1.250961138845554,4,1,4,4,5,9,3,9,2,5,18,28,46,8,27
ERIE LAKERS,23,189,8.076260607853493,7353,6545,1696,253,924,923,117,0.2591291061879297,1156,66,8,983,549.2452577777779,1548.8662199999999,4.27613089965398,1.3398496712802768,7,5,6,3,9,3,2,2,1,1,30,9,39,9,27
FREE AT LAST,22,247,8.118437466104933,7270,6393,1581,232,898,867,146,0.24730173627404975,1014,61,46,978,446.4601644444445,1248.0847800000001,3.9626641814595667,1.2308528402366865,1,2,2,5,1,2,7,1,3,6,11,19,30,10,27
WESTSIDE MARAUDERS,23,269,11.083062998376082,7379,6559,1683,273,951,940,157,0.2565939929867358,1347,84,32,1335,585.6020699999999,1658.448326,3.912708708240534,1.231216277654046,10,8,9,6,6,10,5,10,6,7,39,38,77,1,28
LOUISVILLE SLUGGERS,23,217,10.695632532974463,7555,6776,1775,248,984,927,190,0.2619539551357733,1081,68,58,1129,469.8052022222222,1350.49605,3.911421665124884,1.2493025439407954,6,9,7,9,10,5,8,5,7,5,41,30,71,2,28
NATIONAL PASTIME,23,260,10.479542085603113,7713,6952,1794,254,948,936,151,0.2580552359033372,1150,72,63,1133,502.41888777777774,1409.7092400000001,3.9319739043478257,1.2258341217391306,7,7,8,5,7,7,10,6,4,8,34,35,69,3,28
HOOSIERS,23,236,10.274006980696708,8027,7123,1777,268,1010,990,219,0.24947353643127895,1123,68,24,1056,473.2947622222223,1392.60648,3.7931013891362424,1.2400770080142476,9,10,10,10,3,5,2,3,9,6,42,25,67,4,28
BIG RED MACHINE,23,202,9.70449578723706,7434,6588,1633,267,927,918,105,0.2478749241044323,1195,72,59,1158,509.2267666666668,1509.0820500000002,3.8351806694560677,1.262830167364017,8,6,6,1,2,7,9,7,8,3,23,34,57,5,28
BLUE SOCKS,21,260,10.197285842514253,7333,6588,1710,219,909,877,164,0.25956284153005466,1060,67,56,1111,432.8255533333334,1259.99899,3.674933943396227,1.1886782924528303,1,3,2,7,8,4,7,4,10,10,21,35,56,6,28
MELONHEADS,23,220,9.896165652844088,7318,6501,1631,243,916,896,183,0.25088447931087526,1295,77,19,1266,563.3698633333333,1575.7163899999998,3.9153117915057916,1.216769413127413,5,4,4,8,4,8,1,8,5,9,25,31,56,6,28
FREE BIRDS,23,251,9.345698474062013,7491,6658,1699,225,886,875,132,0.25518173625713425,1270,81,30,1276,563.2855600000001,1603.46018,3.991787433070867,1.2625670708661418,2,1,1,4,5,9,4,9,3,4,13,29,42,7,28
ERIE LAKERS,23,184,8.044052541723586,7260,6458,1682,240,905,898,114,0.26045215236915453,1029,61,43,922,482.70547,1380.38139,4.221913731778425,1.3414785131195335,3,2,5,2,9,3,6,1,1,1,21,12,33,8,28
FREE AT LAST,22,239,8.29294223683375,7466,6569,1625,242,924,881,120,0.24737402953265336,1150,69,29,1015,516.8897777777777,1470.83097,4.045224347826086,1.278983452173913,4,5,3,3,1,6,3,2,2,2,16,15,31,9,28
WESTSIDE MARAUDERS,23,263,11.053511374151912,7383,6599,1695,261,928,927,132,0.2568570995605395,1355,84,32,1362,584.6162366666666,1650.378796,3.8830598745387452,1.2179917313653137,10,5,6,4,7,10,4,10,8,10,32,42,74,1,29
LOUISVILLE SLUGGERS,23,210,10.674130962170741,7688,6861,1777,260,1004,937,181,0.2590001457513482,1015,62,83,1052,448.04092333333335,1271.32016,3.9727766600985226,1.2525321773399014,9,10,8,9,9,3,10,3,3,6,45,25,70,2,29
NATIONAL PASTIME,23,264,10.385052218378219,7538,6760,1741,240,924,894,144,0.25754437869822483,1271,81,52,1251,539.53284,1550.0950200000002,3.820452840283241,1.2195869551534226,3,4,4,6,8,9,9,8,9,9,25,44,69,3,29
BLUE SOCKS,23,250,10.33650220936784,7869,7104,1824,238,956,937,177,0.25675675675675674,1148,75,43,1193,483.9951922222223,1405.9621399999999,3.794387395470384,1.2247056968641115,2,8,8,7,6,6,5,6,10,8,31,35,66,4,29
HOOSIERS,23,237,10.192815943428561,7748,6885,1731,257,990,951,223,0.2514161220043573,1203,76,11,1105,519.9930933333333,1509.93221,3.890222643391521,1.2551389941812137,7,9,10,10,3,7,2,4,7,4,39,24,63,5,29
BIG RED MACHINE,23,210,9.74044465247823,7552,6718,1710,258,945,933,128,0.2545400416790711,1198,72,46,1118,519.2397355555556,1525.26949,3.900799348914859,1.2731798747913188,8,6,7,3,5,5,7,5,6,2,29,25,54,6,29
MELONHEADS,23,222,9.840104608268103,7227,6449,1629,243,905,899,180,0.2525973019072724,1255,75,27,1241,544.6085122222223,1546.5853900000002,3.9055590517928294,1.2323389561752989,4,3,5,8,4,6,3,7,5,7,24,28,52,7,29
ERIE LAKERS,23,196,8.224891195189521,7521,6666,1732,252,948,938,111,0.25982598259825984,981,57,44,882,451.591,1308.6125900000002,4.143036697247706,1.333957787971458,6,7,9,1,10,2,6,1,1,1,33,11,44,8,29
FREE BIRDS,23,245,9.216260045134648,7271,6438,1612,244,885,889,124,0.2503883193538366,1301,79,27,1272,583.2519277777778,1629.81482,4.034794273635665,1.2527400614911608,5,1,3,2,2,8,3,9,2,5,13,27,40,9,29
FREE AT LAST,22,243,8.206308383432221,7277,6370,1576,232,894,854,138,0.24740973312401884,1107,66,48,1019,487.85203222222225,1403.26323,3.9662766847335145,1.2676271273712738,1,2,2,5,1,4,8,2,4,3,11,21,32,10,29
WESTSIDE MARAUDERS,23,267,11.217729126388344,7561,6719,1712,265,962,936,178,0.25479982140199436,1363,85,32,1346,589.5253822222222,1665.498296,3.892684108584006,1.2219356537050623,9,7,8,8,5,10,6,10,7,10,37,43,80,1,30
LOUISVILLE SLUGGERS,23,210,10.617098976038797,7751,6938,1807,255,987,932,177,0.26044969731911216,994,64,82,1022,422.59355,1229.36164,3.826299748490946,1.2367823340040243,8,9,7,7,10,2,10,2,10,7,41,31,72,2,30
BLUE SOCKS,23,252,10.400722867906834,7848,7054,1811,236,973,930,190,0.25673376807485115,1224,78,29,1240,532.23512,1513.93836,3.9134935294117654,1.2368777450980393,2,8,6,9,7,7,4,8,6,6,32,31,63,3,30
NATIONAL PASTIME,23,258,10.479237104304612,7573,6808,1759,241,927,904,142,0.25837250293772035,1302,80,52,1233,557.2897311111111,1606.03413,3.852233164362519,1.2335131566820277,3,5,4,4,8,8,8,7,8,8,24,39,63,3,30
HOOSIERS,23,229,10.201498987128316,7986,7091,1767,269,1009,983,200,0.24918911296009025,1217,75,8,1113,532.3426433333333,1528.3642999999997,3.9367985127362366,1.255845768282662,10,10,10,10,1,5,2,5,4,4,41,20,61,4,30
BIG RED MACHINE,23,213,9.829236325137286,7685,6855,1750,254,960,944,145,0.2552881108679796,1144,69,49,1089,497.84697777777785,1458.7435200000002,3.9166283216783224,1.2751254545454547,7,6,9,5,6,4,7,4,5,2,33,22,55,5,30
MELONHEADS,23,227,9.770001881083802,7275,6447,1612,249,917,899,173,0.25003877772607414,1245,76,27,1231,530.9498433333334,1521.73156,3.838191638554218,1.2222743453815261,6,4,3,6,3,6,3,6,9,9,22,33,55,5,30
FREE BIRDS,23,245,9.16185812880892,7215,6393,1609,244,877,885,93,0.2516815266697951,1288,81,32,1285,566.7171177777778,1614.1618199999998,3.9599798602484477,1.2532312267080743,4,1,2,1,4,9,6,9,3,5,12,32,44,6,30
ERIE LAKERS,23,192,8.199520632885324,7302,6481,1683,247,916,907,117,0.25968214781669496,932,51,72,856,427.38255999999996,1240.76396,4.127084806866953,1.3312918025751073,5,3,5,2,9,1,9,1,1,1,24,13,37,7,30
FREE AT LAST,22,249,8.282612806857873,7270,6436,1606,229,887,868,128,0.2495338719701678,1125,68,30,1080,505.8385677777778,1422.63626,4.046708542222222,1.2645655644444445,1,2,1,3,2,3,5,3,2,3,9,16,25,8,30
BLUE SOCKS,23,254,10.373904387554552,7551,6795,1728,235,941,909,194,0.2543046357615894,1154,75,56,1210,484.1329022222223,1390.32375,3.7757332062391686,1.2047866117850954,3,8,6,8,5,7,9,7,9,10,30,42,72,1,31
WESTSIDE MARAUDERS,23,267,11.061334601918427,7673,6794,1731,267,987,946,154,0.25478363261701503,1324,82,32,1344,573.6920711111111,1624.514686,3.899719516616314,1.2269748383685801,8,9,8,6,6,9,2,10,5,8,37,34,71,2,31
LOUISVILLE SLUGGERS,23,210,10.7185990510442,7837,7042,1843,258,1000,956,180,0.2617154217551832,1077,65,53,1090,466.55433888888894,1351.93017,3.8987827762302696,1.2552740668523679,7,10,9,7,10,4,8,4,6,5,43,27,70,3,31
HOOSIERS,23,247,10.398038395185212,7839,6961,1741,271,987,978,209,0.2501077431403534,1055,68,35,1031,440.92487555555556,1297.51696,3.7614444360189574,1.2298738957345972,9,9,10,10,3,5,3,2,10,7,41,27,68,4,31
NATIONAL PASTIME,23,266,10.457119990711366,7510,6755,1746,236,922,893,152,0.25847520355292375,1272,79,52,1242,541.8948855555556,1545.1117800000002,3.834161926100629,1.2147105188679246,4,6,3,5,7,8,7,8,8,9,25,40,65,5,31
BIG RED MACHINE,23,200,9.675257475599713,7469,6619,1638,274,931,931,105,0.24746940625472125,1225,74,59,1136,530.5902966666667,1544.0045800000003,3.898214424489797,1.2604119020408164,10,7,7,1,1,6,10,5,7,4,26,32,58,6,31
MELONHEADS,23,216,9.9225144640686,7296,6477,1621,250,914,896,199,0.25027018681488344,1389,83,0,1295,604.7015522222222,1743.45376,3.918152606191504,1.2551862922966164,6,5,4,9,4,10,1,9,4,6,28,30,58,6,31
FREE BIRDS,23,251,9.112818150512455,7361,6528,1693,220,900,879,107,0.25934436274509803,1188,74,49,1197,523.1372277777779,1503.10184,3.9631608164983176,1.265237239057239,1,2,2,2,8,6,6,6,3,3,15,24,39,7,31
ERIE LAKERS,23,190,8.05035996999987,7240,6451,1688,242,907,902,117,0.26166485816152535,1014,59,41,908,463.14286555555555,1325.86551,4.110735493096647,1.307559674556213,5,4,5,3,9,3,5,1,2,1,26,12,38,8,31
FREE AT LAST,22,239,8.306916235285778,7459,6585,1641,233,901,879,126,0.24920273348519362,1136,68,36,1042,533.9504777777779,1475.4108099999999,4.230241461267607,1.298777121478873,2,3,2,4,2,5,4,3,1,2,13,15,28,9,31
WESTSIDE MARAUDERS,22,270,11.014620958373934,7274,6468,1659,255,934,909,155,0.2564935064935065,1261,79,43,1304,537.6748211111111,1526.998426,3.837488810467882,1.2109424472640762,8,4,4,7,7,10,6,10,8,9,30,43,73,1,32
LOUISVILLE SLUGGERS,23,208,10.599664340405115,7480,6738,1753,251,965,919,189,0.2601662214306916,1107,71,52,1153,478.18609444444445,1390.59594,3.887691824751581,1.2561842276422763,7,9,8,9,9,6,8,5,5,6,42,30,72,2,32
BLUE SOCKS,23,251,10.414076690110877,7785,6999,1783,239,953,916,189,0.2547506786683812,1103,70,83,1134,464.68206222222227,1354.05229,3.7916034088848596,1.227608603807797,2,8,6,9,6,5,10,4,10,8,31,37,68,3,32
HOOSIERS,23,231,10.24871034880202,7916,7021,1752,266,1004,980,215,0.24953710297678394,1262,77,0,1125,536.0081477777777,1595.9616699999997,3.8225620681457997,1.2646288985736922,9,10,10,10,2,9,3,3,9,3,41,27,68,3,32
NATIONAL PASTIME,23,261,10.485434874247476,7657,6878,1783,241,940,908,144,0.25923233498109916,1268,79,52,1209,547.5773833333333,1560.62064,3.8865902602523654,1.2307733753943217,4,6,3,6,8,10,8,7,6,7,27,38,65,4,32
BIG RED MACHINE,23,202,9.724881023088916,7531,6667,1675,267,947,932,118,0.25123743812809357,1277,77,27,1193,555.7697444444445,1626.2137900000002,3.9169363351605333,1.2734642051683636,10,7,9,4,3,9,5,6,4,2,33,26,59,5,32
MELONHEADS,23,231,9.872862502945692,7301,6486,1642,244,914,896,172,0.25316065371569535,1226,74,27,1216,527.9533844444445,1484.50948,3.8756773735725947,1.2108560195758564,5,2,1,8,5,7,5,8,7,10,21,37,58,6,32
FREE BIRDS,23,252,9.378890629114965,7438,6594,1666,240,899,901,117,0.2526539278131635,1205,76,49,1217,528.5353233333334,1519.1707099999999,3.947566730290457,1.260722580912863,3,1,2,3,4,8,7,9,3,5,13,32,45,7,32
ERIE LAKERS,23,195,8.104708600327603,7359,6550,1706,247,920,918,115,0.26045801526717555,915,54,63,849,428.7976533333333,1193.1623100000002,4.217681836065573,1.304002524590164,6,3,7,2,10,3,9,1,1,1,28,15,43,8,32
FREE AT LAST,22,238,8.269803170385808,7690,6793,1695,240,935,910,133,0.2495215663182688,1076,62,17,1001,494.2392988888889,1359.44481,4.133971830855018,1.2634245446096655,3,5,5,5,1,4,4,2,2,4,19,16,35,9,32
WESTSIDE MARAUDERS,23,270,11.30511685190404,7820,6999,1796,265,983,963,162,0.2566080868695528,1235,77,56,1272,532.5771988888889,1511.539866,3.881129384615385,1.2239189198380567,9,10,10,6,7,7,8,8,7,9,42,39,81,1,33
BLUE SOCKS,23,255,10.421764950345443,7911,7132,1820,245,972,951,188,0.25518788558609085,1066,68,70,1091,452.8245111111112,1291.2596899999999,3.8230962476547847,1.2113130300187616,5,9,9,9,6,3,9,3,9,10,38,34,72,2,33
HOOSIERS,23,250,10.35098126257748,7668,6806,1717,248,962,933,197,0.2522774022920952,1264,79,11,1202,527.6693222222223,1563.3321099999998,3.7571391613924052,1.2368133781645567,6,8,8,10,4,8,3,7,10,7,36,35,71,3,33
LOUISVILLE SLUGGERS,23,212,10.585993507226947,7583,6820,1796,244,972,914,184,0.26334310850439885,1095,69,52,1144,468.0629355555556,1371.0595899999998,3.8470926210045664,1.252109214611872,4,9,5,8,10,4,6,6,8,5,36,29,65,4,33
NATIONAL PASTIME,23,254,10.372324242036747,7475,6750,1751,241,916,906,151,0.2594074074074074,1143,73,82,1115,503.20363111111106,1407.63758,3.9622333158355203,1.2315289413823274,3,4,4,5,9,6,10,4,4,8,25,32,57,5,33
BIG RED MACHINE,23,206,9.706566851000495,7462,6625,1648,267,940,922,123,0.24875471698113208,1165,71,54,1126,504.11494666666675,1449.98422,3.8944502317596577,1.2446216480686696,10,7,6,2,2,5,7,5,6,6,27,29,56,6,33
MELONHEADS,23,212,9.704808589457379,7290,6450,1615,251,925,903,174,0.2503875968992248,1364,83,0,1279,599.1493266666666,1719.3445600000002,3.95333133431085,1.2605165395894429,7,5,3,7,3,9,2,9,5,3,25,28,53,7,33
ERIE LAKERS,23,199,8.156263975010793,7353,6534,1689,254,927,924,120,0.25849403122130393,1008,59,39,906,468.64365888888887,1335.4459,4.184318382936508,1.324847123015873,8,6,7,1,8,1,4,1,1,1,30,8,38,8,33
FREE BIRDS,23,235,9.015695672790077,7256,6402,1630,223,882,863,124,0.25460793502030615,1409,84,0,1344,628.6581322222223,1785.7778300000002,4.0155593967352745,1.2674079701916254,1,2,1,3,5,10,2,10,2,2,12,26,38,8,33
FREE AT LAST,22,242,8.122196875829308,7291,6407,1583,234,891,864,125,0.24707351334477914,1085,64,49,1016,477.8178300000001,1365.8525,3.9634658709677426,1.2588502304147464,2,3,2,4,1,2,5,2,3,4,12,16,28,9,33
BLUE SOCKS,23,260,10.37045575884021,7480,6719,1719,225,924,888,195,0.255841643101652,1234,77,56,1229,514.8282833333334,1477.47987,3.754825405186386,1.197309457050243,3,5,4,9,7,7,8,7,10,10,28,42,70,1,34
LOUISVILLE SLUGGERS,23,207,10.724845996669869,7945,7154,1861,266,1002,969,167,0.2601341906625664,1082,65,53,1105,472.89854444444444,1369.1652799999997,3.933536876155268,1.2654022920517558,10,9,9,7,10,5,7,5,5,2,45,24,69,2,34
NATIONAL PASTIME,23,255,10.452542874013547,7678,6903,1778,254,939,932,145,0.25756917282341013,1225,77,52,1208,538.02446,1516.55833,3.9528327673469383,1.2380068,7,7,8,6,8,7,6,6,4,8,36,31,67,3,34
HOOSIERS,23,226,10.219918382258086,8047,7114,1791,264,1029,978,203,0.2517570986786618,1122,68,24,1047,485.9566744444445,1416.90138,3.8980481907308384,1.2628354545454545,9,10,10,10,3,6,3,4,7,3,42,23,65,4,34
BIG RED MACHINE,23,217,9.828064291818865,7525,6665,1663,262,950,920,137,0.24951237809452362,1032,65,100,1014,436.52189111111113,1289.6875900000002,3.806876957364341,1.2496972771317831,8,8,7,4,1,5,10,3,9,7,28,34,62,5,34
WESTSIDE MARAUDERS,21,270,11.00451888402089,6756,5997,1532,262,871,875,132,0.25546106386526596,1329,84,32,1344,566.85473,1599.754916,3.8387453498871333,1.203728303987961,8,1,2,3,6,9,4,9,8,9,20,39,59,6,34
MELONHEADS,23,214,9.822428923338652,7413,6572,1655,242,930,904,168,0.25182592818015825,1370,82,0,1288,595.2787988888888,1728.33364,3.9105906496350356,1.261557401459854,5,6,5,8,4,8,2,8,6,4,28,28,56,7,34
FREE BIRDS,23,246,9.327640731016007,7410,6583,1670,226,888,877,138,0.2536837308218138,1376,86,0,1350,615.1268322222223,1733.4807699999997,4.023358640988373,1.25979707122093,4,3,3,5,5,10,2,10,2,6,20,30,50,8,34
ERIE LAKERS,23,194,8.080159699320728,7340,6537,1699,248,919,917,118,0.2599051552700015,1058,61,33,919,495.2901322222222,1402.48388,4.213243090737239,1.3255991304347825,6,4,6,1,9,3,5,1,1,1,26,11,37,9,34
FREE AT LAST,22,249,8.275439465383682,7214,6393,1607,225,883,857,128,0.25136868449867045,1006,62,63,991,441.9411466666667,1267.3881900000001,3.9537478330019886,1.2598292147117298,3,2,1,2,2,4,9,2,3,5,10,23,33,10,34
WESTSIDE MARAUDERS,23,263,11.00040545796146,7344,6524,1666,275,941,940,136,0.2553648068669528,1379,86,32,1357,598.5535833333333,1690.073226,3.906441080493111,1.2255788440899202,10,7,8,5,5,10,4,10,6,8,35,38,73,1,35
HOOSIERS,23,234,10.245217744298753,8006,7096,1779,266,1010,979,204,0.2507046223224352,1139,72,10,1097,480.8553544444445,1401.8658099999998,3.799559429323969,1.2307864881474977,8,9,10,10,2,6,3,5,8,6,39,28,67,2,35
NATIONAL PASTIME,23,260,10.444902124280997,7664,6885,1769,255,941,926,145,0.2569353667392883,1191,76,52,1225,516.4590688888889,1463.97828,3.902713366918556,1.2292009068010077,6,7,6,7,7,7,6,7,7,7,33,34,67,2,35
LOUISVILLE SLUGGERS,23,200,10.757998273482581,7872,7070,1828,268,1013,959,173,0.2585572842998586,1086,64,74,1044,482.55437777777786,1413.3665699999997,3.9990694290976063,1.3014425138121544,9,10,9,9,9,2,9,3,4,2,46,20,66,3,35
BLUE SOCKS,20,260,10.076440035515406,6394,5757,1477,202,797,771,161,0.2565572346708355,1212,79,61,1282,495.3541355555556,1433.74021,3.6783722937293737,1.1829539686468646,1,3,1,8,6,8,8,8,10,10,19,44,63,4,35
MELONHEADS,23,229,9.9309508497425,7416,6569,1640,244,930,895,204,0.2496574821129548,1048,67,82,1049,440.1097511111111,1282.85941,3.779568473282443,1.2241024904580153,5,6,3,10,1,3,10,4,9,9,25,35,60,5,35
BIG RED MACHINE,23,208,9.827560425813433,7608,6765,1697,262,941,939,123,0.250849963045085,1192,71,54,1105,518.9450222222223,1504.60785,3.918209060402685,1.2622549077181209,7,7,7,3,3,5,7,6,5,4,27,27,54,6,35
FREE BIRDS,23,253,9.280370620405183,7421,6590,1701,223,907,890,133,0.25811836115326253,1337,81,0,1321,603.1431833333334,1669.8478899999998,4.060051346297682,1.2489513014210918,2,4,2,4,8,9,2,9,2,5,20,27,47,7,35
FREE AT LAST,22,240,8.295946721386372,7711,6822,1716,236,942,908,141,0.2515391380826737,1138,69,0,992,522.4584466666666,1464.82285,4.1319209314586995,1.2871905536028119,3,8,5,6,4,4,2,2,1,3,26,12,38,8,35
ERIE LAKERS,23,190,8.107407468884492,7286,6472,1683,241,909,903,113,0.26004326328800986,978,54,48,929,440.99099,1285.56797,4.058199294478528,1.3144866768916157,4,5,4,2,10,1,5,1,3,1,25,11,36,9,35
WESTSIDE MARAUDERS,22,270,11.116805704713173,7365,6534,1674,264,947,916,155,0.256198347107438,1346,83,32,1326,581.28907,1652.681566,3.8867768424962854,1.227846631500743,10,6,7,6,8,10,5,10,8,8,37,41,78,1,36
BLUE SOCKS,23,250,10.371655377908576,7733,6970,1774,243,956,937,188,0.254519368723099,1105,69,67,1143,467.2087955555556,1347.7192499999999,3.805320506787331,1.2196554298642532,4,7,8,9,5,5,9,6,10,10,33,40,73,2,36
NATIONAL PASTIME,23,258,10.445364477084118,7615,6833,1749,249,931,911,132,0.255963705546612,1284,81,52,1227,549.0612688888889,1573.53933,3.8485602959501555,1.2254979205607477,8,5,6,4,7,9,7,7,9,9,30,41,71,3,36
LOUISVILLE SLUGGERS,23,211,10.672084923499293,7569,6795,1780,245,967,906,169,0.2619573215599706,1092,68,66,1128,471.92914666666667,1349.83027,3.8895259340659343,1.2361083058608058,5,9,3,7,10,4,8,4,7,7,34,30,64,4,36
HOOSIERS,23,238,10.260337984707448,7944,7021,1758,264,1014,966,215,0.2503916820965674,1174,75,10,1124,508.62697888888886,1481.5799899999997,3.899184676320272,1.2619931771720612,10,10,10,10,2,8,1,3,5,4,42,21,63,5,36
MELONHEADS,23,218,9.787762034458341,7338,6509,1632,248,923,908,171,0.2507297587955139,1311,81,14,1240,567.9213366666667,1625.5544799999998,3.8987734782608694,1.2399347673531653,7,4,5,8,3,9,2,8,6,6,27,31,58,6,36
BIG RED MACHINE,23,210,9.847096245838147,7804,6962,1761,263,960,961,133,0.2529445561620224,1098,65,76,1012,478.09590888888897,1401.4824300000002,3.9188189253187615,1.2763956557377052,9,8,9,5,4,3,10,2,3,3,35,21,56,7,36
FREE BIRDS,23,255,9.217889558048043,7162,6359,1621,228,868,867,127,0.2549142947004246,1190,74,51,1242,516.1970566666668,1480.66671,3.9040113529411773,1.2442577394957983,2,1,1,2,6,7,6,9,4,5,12,31,43,8,36
ERIE LAKERS,23,193,8.10302581186317,7302,6481,1683,247,916,907,117,0.25968214781669496,1004,59,28,921,450.82835222222224,1312.0781100000002,4.04129000996016,1.306850707171315,6,3,4,1,9,2,4,1,2,1,23,10,33,9,36
FREE AT LAST,22,238,8.296376931793217,7270,6436,1606,229,887,868,128,0.2495338719701678,1230,72,17,1132,571.5635788888889,1576.10171,4.182172528455284,1.2813835040650405,3,2,2,3,1,6,3,5,1,2,11,17,28,10,36
LOUISVILLE SLUGGERS,23,207,10.641337037001183,7641,6860,1785,258,996,937,177,0.2602040816326531,1122,70,53,1122,494.25429666666673,1429.31036,3.9646066577540116,1.2738951515151515,9,10,9,8,10,6,9,5,4,3,46,27,73,1,37
NATIONAL PASTIME,23,262,10.446638857595271,7552,6777,1744,246,927,903,133,0.2573410063449904,1259,78,52,1254,535.8661755555556,1531.94804,3.8306557426528998,1.2167974900714853,5,5,6,4,7,9,8,9,8,8,27,42,69,2,37
WESTSIDE MARAUDERS,21,270,10.911742023093783,7218,6473,1674,244,922,890,157,0.2586126989031361,1163,74,43,1198,487.7732233333333,1400.8204260000002,3.7746853052450557,1.2044887583834911,4,4,4,6,8,7,6,8,9,9,26,39,65,3,37
BLUE SOCKS,23,258,10.280607132534794,7645,6879,1761,224,931,894,178,0.25599651112080246,1002,66,107,1087,411.26988000000006,1200.40403,3.6940408383233536,1.198008013972056,1,6,5,9,6,4,10,3,10,10,27,37,64,4,37
HOOSIERS,23,233,10.201886367008068,7767,6849,1727,251,992,936,223,0.252153599065557,1211,75,30,1114,531.1240422222222,1533.8904000000002,3.9472472171758874,1.2666312138728326,7,9,8,10,3,8,5,4,5,5,37,27,64,4,37
BIG RED MACHINE,23,211,9.840164832439122,7573,6730,1704,255,945,931,128,0.25319465081723624,1240,75,27,1174,542.508718888889,1551.79147,3.9375632822580657,1.2514447338709676,8,8,7,3,4,8,4,6,6,6,30,30,60,5,37
MELONHEADS,23,218,9.576417684712583,7213,6416,1631,241,907,894,160,0.2542082294264339,1265,75,27,1184,552.3522922222222,1546.5586899999998,3.9297791541501974,1.2225760395256915,3,3,5,7,5,8,4,7,7,7,23,33,56,6,37
ERIE LAKERS,23,201,8.412880244253483,7445,6615,1719,262,939,948,113,0.2598639455782313,934,55,50,854,415.56519222222227,1227.21685,4.00437551391863,1.3139366702355462,10,7,10,1,9,3,7,1,3,1,37,15,52,7,37
FREE BIRDS,23,243,9.193889139092882,7316,6504,1636,234,876,878,147,0.25153751537515373,1357,83,0,1347,607.5306811111111,1720.3110100000001,4.029311812822402,1.267731031687546,2,1,2,5,2,10,2,10,2,4,12,28,40,8,37
FREE AT LAST,22,228,8.140054460281196,7368,6491,1588,248,891,889,126,0.24464643352334,1147,68,24,1067,521.1794111111111,1468.4787900000001,4.089463557105493,1.280277933740192,6,2,3,2,1,5,3,2,1,2,14,13,27,9,37
WESTSIDE MARAUDERS,22,270,11.158290044314537,7239,6470,1670,257,927,919,154,0.2581143740340031,1348,85,32,1313,579.3174655555556,1649.630676,3.867846580118695,1.2237616290801188,8,8,7,6,7,10,6,10,5,9,36,40,76,1,38
LOUISVILLE SLUGGERS,23,206,10.633006960510652,7683,6871,1786,258,994,930,177,0.25993305195750255,911,55,110,991,385.04049222222227,1126.39864,3.8039126564215153,1.2364419758507135,9,9,9,9,9,1,10,2,9,7,45,29,74,2,38
BLUE SOCKS,23,260,10.35544689804494,7617,6864,1749,238,926,915,167,0.2548076923076923,1281,82,29,1298,535.4124344444444,1550.13581,3.761679867291179,1.210098212334114,3,7,6,7,5,9,5,9,10,10,28,43,71,3,38
NATIONAL PASTIME,23,256,10.371258323305444,7468,6724,1736,246,917,909,154,0.2581796549672814,1239,78,52,1230,531.4143122222222,1538.2504300000003,3.8601523890234057,1.2415257707828897,6,3,5,6,8,8,7,7,6,6,28,34,62,4,38
BIG RED MACHINE,23,201,9.55819195896061,7454,6616,1635,272,923,927,104,0.24712817412333737,1175,73,59,1133,503.2396033333334,1469.0269500000002,3.8546012170212767,1.2502357021276598,10,6,8,2,2,6,8,6,7,4,28,31,59,5,38
MELONHEADS,23,224,9.84957017774553,7329,6504,1635,239,919,894,169,0.2513837638376384,1140,71,68,1128,487.64813777777783,1400.6568500000003,3.8498537192982463,1.228646359649123,4,5,4,8,3,5,9,5,8,8,24,35,59,5,38
HOOSIERS,23,226,10.22785241899064,7846,6970,1760,253,1008,952,224,0.25251076040172166,1170,69,10,1107,506.9378577777778,1469.9981199999997,3.8995219829059833,1.2564086495726494,7,10,10,10,4,3,1,4,4,3,41,15,56,6,38
FREE BIRDS,23,253,9.044702212533009,7207,6390,1637,214,868,851,150,0.2561815336463224,1252,77,27,1275,555.7258233333334,1562.89153,3.9948341932907354,1.2483159185303516,2,2,2,5,6,7,4,8,3,5,17,27,44,7,38
ERIE LAKERS,23,196,8.166395417630657,7345,6533,1719,246,927,919,118,0.26312566967702433,1159,67,12,962,556.6108,1559.6260200000002,4.322258153580673,1.3456652459016394,6,8,7,3,10,2,2,1,1,1,34,7,41,8,38
FREE AT LAST,22,240,8.329403726913842,7522,6613,1632,240,918,883,126,0.2467866323907455,1159,70,14,1058,521.3745666666666,1474.61882,4.048637704918033,1.2723199482312337,5,4,3,4,1,4,3,3,2,2,17,14,31,9,38
WESTSIDE MARAUDERS,23,268,11.031683066762445,7477,6629,1694,278,963,947,138,0.2555438225976769,1276,79,54,1271,548.5249422222222,1556.234056,3.868906332288401,1.2196191661442006,10,9,9,4,6,9,7,9,6,9,38,40,78,1,39
LOUISVILLE SLUGGERS,23,208,10.74641580979965,7648,6868,1787,257,988,936,181,0.2601921956901572,981,60,88,1029,409.6142955555556,1224.9221699999998,3.757929317023446,1.2486464525993881,8,10,8,8,9,2,10,3,9,5,43,29,72,2,39
BLUE SOCKS,22,260,10.443538985432252,7676,6884,1772,228,947,908,192,0.25740848343986056,1168,74,29,1175,486.23717111111114,1400.73158,3.7466905308219176,1.1992564897260274,2,7,4,9,8,7,5,7,10,10,30,39,69,3,39
NATIONAL PASTIME,23,253,10.355974893600518,7555,6788,1740,254,928,918,143,0.2563347083087802,1230,79,52,1217,530.8187155555556,1525.61408,3.8840393821138215,1.240336650406504,7,6,7,5,7,9,6,8,5,7,32,35,67,4,39
HOOSIERS,23,226,10.269816273107976,7909,7045,1769,261,988,968,216,0.2511000709723208,1255,77,2,1141,545.1873177777777,1581.1127000000001,3.9097098486055772,1.2598507569721116,9,10,10,10,2,8,2,6,4,3,41,23,64,5,39
BIG RED MACHINE,23,207,9.674016493089638,7385,6553,1629,261,920,913,115,0.2485884327788799,1098,66,86,1083,469.1301222222223,1367.6729400000002,3.845328870673954,1.2456037704918035,9,5,5,1,1,5,9,4,7,6,21,31,52,6,39
MELONHEADS,23,231,9.729214381517014,7227,6413,1617,237,903,884,167,0.2521440823327616,1116,71,68,1121,472.3054755555556,1363.0912700000001,3.8089151254480287,1.221407948028674,4,2,1,7,3,6,8,5,8,8,17,35,52,6,39
FREE BIRDS,23,244,9.224128453366852,7463,6623,1671,238,904,896,121,0.25230258191152044,1346,83,0,1338,608.2108911111112,1695.47091,4.066789019316493,1.2596366344725112,5,3,2,3,4,10,1,10,3,4,17,28,45,7,39
FREE AT LAST,22,249,8.323051653095524,7851,6938,1755,232,961,914,153,0.25295474200057655,1053,62,14,950,492.07528333333335,1362.58558,4.205771652421653,1.2940033998100664,3,8,6,6,5,3,4,1,1,2,28,11,39,8,39
ERIE LAKERS,23,191,8.093513938705248,7247,6452,1682,244,910,906,119,0.2606943583384997,1115,64,8,1012,512.4711322222222,1454.0017400000002,4.136538286995515,1.3040374349775785,6,4,3,2,10,4,3,2,2,1,25,12,37,9,39
WESTSIDE MARAUDERS,23,267,11.099904437780253,7533,6779,1762,249,948,933,163,0.25992034223336774,1357,85,32,1339,581.3628655555556,1682.524286,3.8557596094325723,1.2398852512896095,5,8,8,7,8,10,4,10,7,6,36,37,73,1,40
BLUE SOCKS,23,247,10.297176219513675,7731,6965,1784,236,956,931,183,0.256137832017229,1115,69,70,1138,476.38011444444453,1364.39057,3.8452206547085206,1.22366867264574,3,9,7,9,7,5,10,5,8,9,35,37,72,2,40
LOUISVILLE SLUGGERS,23,220,10.58573435362559,7312,6584,1715,252,934,906,143,0.2604799513973268,1204,77,36,1264,494.80837,1463.26181,3.698733662790698,1.2153337292358803,6,5,5,4,10,7,5,8,10,10,30,40,70,3,40
NATIONAL PASTIME,23,255,10.425872263891335,7731,6969,1779,261,943,948,147,0.25527335342229873,1142,73,63,1122,499.8441566666666,1402.0948900000003,3.9392271541155863,1.2277538441331002,9,7,10,5,5,6,9,4,5,8,36,32,68,4,40
HOOSIERS,23,235,10.097577258053322,7947,7034,1765,253,1002,948,228,0.25092408302530567,1003,64,54,984,414.96689444444445,1247.3455099999999,3.7235314556331005,1.243614666001994,7,10,10,10,3,4,7,2,9,5,40,27,67,5,40
BIG RED MACHINE,23,205,9.75026973613538,7448,6591,1639,265,937,917,126,0.24867243210438478,1220,73,59,1148,523.1592922222222,1541.80365,3.859371827868853,1.2637734836065575,10,6,6,2,2,6,8,6,6,4,26,30,56,6,40
MELONHEADS,23,214,9.805867603084165,7360,6540,1652,238,918,896,168,0.25259938837920487,1344,81,0,1322,601.9723200000001,1654.4993699999998,4.031064642857143,1.2310263169642854,4,2,4,8,4,9,2,9,3,7,22,30,52,7,40
ERIE LAKERS,23,199,8.310073746269858,7402,6582,1712,260,932,942,115,0.2601033120632027,992,57,45,883,465.4704155555556,1324.91294,4.223017883064517,1.3355977217741934,8,4,9,1,9,3,6,1,1,1,31,12,43,8,40
FREE BIRDS,23,247,9.035481284840307,7256,6418,1639,223,882,866,128,0.25537550638828294,1269,79,27,1260,558.4701900000001,1605.1231000000002,3.960781489361703,1.2648724192277385,1,1,3,3,6,8,3,7,4,3,14,25,39,9,40
FREE AT LAST,22,244,8.327507283704962,7382,6454,1600,235,920,854,149,0.2479082739386427,1188,69,27,1035,546.2868744444445,1515.27772,4.138536927609428,1.2754862962962963,2,3,2,6,1,5,3,3,2,2,14,15,29,10,40
WESTSIDE MARAUDERS,23,267,11.178127222315718,7610,6745,1716,277,976,952,160,0.2544106745737583,1283,80,49,1265,551.0259055555555,1563.606096,3.865341504286827,1.2187109088074823,10,9,9,7,5,8,6,8,7,8,40,37,77,1,41
LOUISVILLE SLUGGERS,23,206,10.63476770410241,7359,6588,1709,253,961,913,183,0.25941105039465695,1009,63,95,1046,432.58734666666675,1241.56821,3.8585590882061456,1.2304937661050543,7,8,7,9,9,2,10,2,8,7,40,29,69,2,41
NATIONAL PASTIME,23,260,10.350430303111477,7450,6693,1721,241,916,890,140,0.257134319438219,1189,74,79,1185,502.1213333333333,1444.0329900000002,3.800750210260723,1.2144936837678724,6,4,3,5,7,7,8,7,9,9,25,40,65,3,41
BLUE SOCKS,22,260,10.329056035123068,7459,6709,1734,226,923,887,182,0.2584587867044269,1044,66,81,1097,435.93102000000005,1260.64416,3.758026034482759,1.2075135632183909,4,5,2,8,8,3,9,4,10,10,27,36,63,4,41
MELONHEADS,23,225,9.84682297245804,7398,6580,1683,241,924,909,154,0.25577507598784194,1316,83,0,1280,568.4528711111112,1635.9900200000002,3.887595623100305,1.243153510638298,6,6,6,6,6,9,3,9,6,6,30,33,63,4,41
BIG RED MACHINE,23,211,9.811819169908288,7570,6722,1681,261,944,927,135,0.250074382624219,1179,71,59,1123,510.1683533333334,1470.56244,3.8944149109414763,1.2472963867684477,9,7,8,4,2,5,7,5,5,5,30,27,57,5,41
HOOSIERS,23,229,10.2571762331412,8056,7162,1802,259,1010,978,230,0.25160569673275623,1180,69,24,1075,530.12303,1514.10372,4.043311245762712,1.283138745762712,8,10,10,10,3,4,4,3,2,3,41,16,57,5,41
FREE BIRDS,23,250,9.301670085926023,7341,6515,1652,240,890,897,113,0.25356868764389867,1383,86,0,1341,614.0572633333334,1743.9678099999996,3.9960342516268983,1.261003477946493,5,1,4,1,4,10,3,10,3,4,15,30,45,6,41
FREE AT LAST,22,238,8.320627631354224,7473,6600,1629,241,911,887,124,0.24681818181818183,1211,72,0,1132,534.56617,1560.12103,3.97282867877787,1.28829151940545,6,3,2,3,1,6,3,6,4,2,15,21,36,7,41
ERIE LAKERS,23,193,8.031116397684553,7260,6458,1682,240,905,898,114,0.26045215236915453,1040,63,26,951,483.6882,1366.63737,4.185763269230769,1.314074394230769,5,2,5,2,10,2,5,1,1,1,24,10,34,8,41
WESTSIDE MARAUDERS,22,270,11.129091033034339,7358,6553,1690,253,940,915,156,0.2578971463451854,1263,78,54,1283,542.4962322222223,1543.070316,3.865768875692795,1.221750052256532,6,6,6,6,8,8,8,9,8,9,32,42,74,1,42
BLUE SOCKS,23,260,10.481121767942588,7663,6909,1759,237,943,915,170,0.2545954552033579,1206,76,56,1254,505.3037644444445,1444.2023299999998,3.7709236152570487,1.1975143698175787,3,7,6,8,5,7,9,8,10,10,29,44,73,2,42
LOUISVILLE SLUGGERS,23,208,10.692591964785683,7933,7119,1844,269,1012,969,162,0.2590251439808962,994,61,82,1023,435.4087511111111,1259.7650399999998,3.942332756539235,1.267369255533199,10,10,10,7,9,4,10,2,4,4,46,24,70,3,42
NATIONAL PASTIME,23,251,10.358803404986027,7573,6802,1739,256,928,925,144,0.2556600999705969,1154,74,82,1131,502.6450066666667,1432.97612,3.9201083708838826,1.2417470710571925,8,5,7,5,6,6,10,5,6,7,31,34,65,4,42
HOOSIERS,23,235,10.138765953703215,7779,6919,1734,255,989,949,223,0.25061425061425063,1172,74,8,1114,498.53745444444445,1463.9078800000002,3.828359291808874,1.2490681569965871,7,9,9,10,2,6,2,3,9,6,37,26,63,5,42
BIG RED MACHINE,23,203,9.753231409305371,7587,6756,1700,260,947,930,132,0.2516281823564239,1258,76,27,1165,545.0776744444445,1602.07738,3.899601804451511,1.2735114308426072,9,8,8,3,3,7,5,6,7,3,31,28,59,6,42
MELONHEADS,23,224,9.873427848178851,7371,6577,1669,238,915,901,175,0.25376311388170897,1314,80,11,1210,572.9372488888889,1609.7634899999998,3.924227732115678,1.2250863698630137,4,3,4,9,4,10,3,7,5,8,24,33,57,7,42
FREE BIRDS,23,251,9.099343591289783,7291,6445,1652,223,885,875,125,0.25632273079906903,1288,79,19,1293,567.6058277777778,1611.87298,3.966189790372671,1.2514541770186336,1,2,3,2,7,9,4,10,3,5,15,31,46,8,42
ERIE LAKERS,23,199,8.19335776055899,7263,6461,1682,250,917,910,123,0.26033121807769694,975,58,42,906,437.62800888888887,1278.98362,4.039643158974359,1.3117780717948717,5,4,5,1,10,3,7,1,2,1,25,14,39,9,42
FREE AT LAST,22,233,8.116459476813272,7186,6290,1553,227,882,838,138,0.24689984101748808,1210,71,32,1116,555.0815244444445,1554.6146899999999,4.128705553719009,1.2848055289256197,2,1,2,4,1,5,6,4,1,2,10,18,28,10,42
WESTSIDE MARAUDERS,23,269,11.11713633903679,7526,6686,1705,259,960,927,172,0.25501046963804963,1279,80,51,1292,542.0993155555556,1551.7622959999999,3.81461598123534,1.213262154808444,8,8,7,8,7,9,8,9,9,9,38,44,82,1,43
NATIONAL PASTIME,23,263,10.488024548035735,7563,6795,1743,253,936,921,153,0.2565121412803532,1125,74,79,1144,478.1723966666667,1388.4804100000001,3.8253791733333338,1.234204808888889,6,6,6,6,8,6,9,6,7,8,32,36,68,2,43
BLUE SOCKS,23,254,10.390166215957207,7666,6895,1754,238,951,914,196,0.25438723712835387,1088,69,83,1128,461.31362444444454,1317.43453,3.8160134375000005,1.210877325367647,3,7,5,9,6,3,10,5,8,10,30,36,66,3,43
HOOSIERS,23,234,10.261943653237607,7937,7048,1761,265,1003,978,215,0.24985811577752554,1070,68,38,1051,446.25748111111113,1332.49284,3.7535675981308416,1.2453204112149532,9,10,10,10,1,2,6,2,10,6,40,26,66,3,43
LOUISVILLE SLUGGERS,23,205,10.700895256853203,7774,6998,1839,258,996,947,169,0.26278936839096884,1146,70,50,1096,507.85730111111116,1484.84567,3.9884081239092497,1.2956768499127398,7,9,8,7,10,4,7,3,3,1,41,18,59,4,43
BIG RED MACHINE,23,207,9.84613952664735,7678,6811,1702,270,951,953,124,0.24988988401115841,1267,76,27,1186,555.3550344444444,1601.1049800000003,3.944905532754538,1.263697695343331,10,7,9,4,2,7,3,7,4,4,32,25,57,5,43
MELONHEADS,23,219,9.670870159565286,7108,6315,1602,240,889,877,172,0.2536817102137767,1266,77,27,1226,553.0365888888889,1565.78332,3.931539731437599,1.236795671406003,4,2,3,8,5,8,3,8,5,7,22,31,53,6,43
FREE BIRDS,23,254,9.272456425034623,7313,6454,1637,231,890,865,92,0.2536411527734738,1355,83,30,1321,589.4005444444444,1688.62217,3.914837564575646,1.2462156236162363,2,3,1,2,4,10,5,10,6,5,12,36,48,7,43
ERIE LAKERS,23,193,8.014668964862787,7316,6517,1699,245,913,912,117,0.2607027773515421,1004,58,28,926,457.4107344444444,1297.0726300000001,4.100295428286852,1.2919050099601594,5,5,4,3,9,1,4,1,2,2,26,10,36,8,43
FREE AT LAST,22,242,8.314789893971978,7382,6527,1638,227,900,876,132,0.2509575609008733,1234,72,0,1125,571.8184722222222,1573.6349999999998,4.170475081037277,1.27523095623987,1,4,2,5,3,5,2,4,1,3,15,15,30,9,43
LOUISVILLE SLUGGERS,23,217,10.714028494890801,7791,7003,1828,258,1002,952,181,0.26103098671997715,979,63,61,1069,407.0992577777778,1212.77324,3.7424855158324823,1.2387877834525025,7,9,8,9,10,3,8,2,9,7,43,29,72,1,44
WESTSIDE MARAUDERS,23,268,10.978728555941233,7344,6524,1666,275,941,940,136,0.2553648068669528,1329,85,32,1354,571.20289,1615.0955960000001,3.868191128668172,1.2152713288186607,10,6,7,3,6,10,5,10,7,8,32,40,72,1,44
BLUE SOCKS,23,252,10.346836083073446,7782,7040,1825,228,948,927,164,0.25923295454545453,1079,69,88,1103,457.745488888889,1298.33468,3.8180810009267847,1.2032758850787766,3,7,6,7,8,4,10,5,8,10,31,37,68,2,44
HOOSIERS,23,235,10.2884791430147,7956,7061,1768,264,1004,979,212,0.2503894632488316,1149,71,33,1076,498.9643322222222,1446.9639199999997,3.9083368059181893,1.25932456048738,8,10,10,10,3,6,6,3,6,5,41,26,67,3,44
NATIONAL PASTIME,23,267,10.400218538502052,7450,6693,1721,241,916,890,140,0.257134319438219,1181,74,79,1188,490.41312000000005,1428.0226200000002,3.737271871295513,1.209163945808637,5,3,3,4,7,8,9,7,10,9,22,43,65,4,44
MELONHEADS,23,216,9.890450219717511,7402,6571,1657,241,924,898,154,0.25216861969258864,1272,79,30,1235,553.49435777777785,1583.4010100000003,3.916233663522013,1.2448121147798745,5,5,4,6,5,9,4,8,5,6,25,32,57,5,44
BIG RED MACHINE,23,207,9.835938363996743,7811,6916,1730,273,973,960,126,0.2501445922498554,1255,73,27,1143,549.9570411111112,1584.8613400000002,3.9439150358565738,1.262837721115538,9,8,9,2,2,7,3,6,4,4,30,24,54,6,44
FREE BIRDS,23,244,9.191661336001328,7222,6410,1610,235,871,874,146,0.25117004680187205,1370,85,0,1339,611.8262288888891,1732.50494,4.019296394160586,1.2646021459854015,4,1,2,5,4,10,1,9,3,3,16,26,42,7,44
ERIE LAKERS,23,192,8.086454933913668,7340,6537,1699,248,919,917,118,0.2599051552700015,1018,58,47,897,477.69822,1360.63809,4.223265206286837,1.336579656188605,6,4,5,1,9,2,7,1,1,1,25,12,37,8,44
FREE AT LAST,22,242,8.370164134022502,7270,6378,1593,225,907,843,165,0.2497648165569144,1202,70,16,1091,544.3205566666667,1538.63841,4.075611489184692,1.2800652329450914,2,2,1,8,1,5,2,4,2,2,14,15,29,9,44
WESTSIDE MARAUDERS,23,262,11.023277549540735,7589,6824,1753,259,942,941,153,0.25688745603751467,1371,85,32,1347,595.7850677777778,1695.4627360000002,3.911061714077316,1.2366613683442744,9,7,9,6,7,10,5,10,7,7,38,39,77,1,45
NATIONAL PASTIME,23,249,10.384569629286727,7696,6934,1786,254,947,940,152,0.25757138736659935,1189,74,52,1155,520.8301288888889,1491.7698,3.942364306139613,1.2546423885618168,7,8,8,5,8,7,7,6,5,5,36,30,66,2,45
BLUE SOCKS,23,258,10.187033471885497,7326,6592,1674,229,898,879,171,0.25394417475728154,1212,80,59,1256,494.30685222222223,1452.5495099999998,3.6705954372937293,1.1984731930693069,2,3,2,7,5,9,8,8,10,10,19,45,64,3,45
LOUISVILLE SLUGGERS,23,208,10.591567002638309,7620,6848,1792,250,997,934,190,0.2616822429906542,1068,66,66,1058,475.0988744444444,1345.04172,4.003642200374531,1.2594023595505617,6,10,7,9,10,4,9,3,2,4,42,22,64,3,45
HOOSIERS,23,234,10.162037659284609,7790,6898,1733,249,985,927,224,0.25123224122934185,1185,73,22,1140,509.7719788888889,1502.76204,3.871685915611814,1.2681536202531647,5,9,5,10,3,6,3,4,9,3,32,25,57,4,45
BIG RED MACHINE,23,196,9.675792978326246,7496,6652,1675,266,941,931,117,0.25180396873120864,1310,78,27,1178,576.96775,1671.4235800000001,3.963900572519084,1.27589586259542,10,6,6,3,4,8,4,7,4,2,29,25,54,5,45
MELONHEADS,23,213,9.756596395373013,7448,6580,1645,244,936,900,176,0.25,1183,71,44,1144,516.4262277777779,1457.03716,3.928855494505495,1.231645950972105,4,5,4,8,2,5,6,5,6,9,23,31,54,5,45
FREE BIRDS,23,249,8.993472919794279,7498,6672,1697,230,891,887,110,0.25434652278177455,1256,78,11,1292,556.471998888889,1565.43775,3.987458590764332,1.2463676353503186,3,2,3,2,6,8,2,9,3,6,16,28,44,6,45
ERIE LAKERS,23,199,8.284129077063186,7397,6573,1715,258,933,943,110,0.26091586794462196,1021,60,22,928,469.97014666666666,1335.32771,4.1427339079333985,1.3078625954946133,8,4,10,2,9,2,3,1,1,1,33,8,41,7,45
FREE AT LAST,22,248,8.020088594270554,6885,6032,1493,221,855,814,135,0.24751326259946949,1039,62,78,997,447.09246777777787,1284.42184,3.8727932723772867,1.2362096631376323,1,1,1,4,1,3,10,2,8,8,8,31,39,8,45
NATIONAL PASTIME,23,258,10.334297991580291,7555,6788,1740,254,928,918,143,0.2563347083087802,1180,78,52,1214,503.46802222222226,1450.63645,3.840010338983051,1.2293529237288134,8,6,6,4,7,10,8,9,8,8,31,43,74,1,46
BLUE SOCKS,23,260,10.443387567139272,7750,6980,1771,237,939,920,189,0.2537249283667622,1141,71,73,1160,470.3000966666667,1362.42393,3.709641428571429,1.1940612883435582,4,7,7,9,5,6,10,4,10,10,32,40,72,2,46
LOUISVILLE SLUGGERS,23,204,10.571004584676583,7403,6664,1741,250,953,909,175,0.2612545018007203,1151,74,50,1164,496.3000322222222,1433.12498,3.88071267593397,1.2451129278887925,7,9,5,8,10,8,6,5,7,5,39,31,70,3,46
WESTSIDE MARAUDERS,21,270,10.857982320405986,7239,6517,1701,239,909,895,150,0.26100966702470463,1121,71,51,1184,463.72937222222225,1356.2996560000001,3.7230725691347017,1.2099015664585193,5,3,3,6,9,6,7,8,9,9,26,39,65,4,46
MELONHEADS,23,219,9.755083358164365,7279,6449,1617,250,919,897,160,0.2507365483020623,1238,77,41,1173,536.3112511111111,1524.8691600000002,3.8988701615508887,1.2317198384491117,7,4,4,7,2,9,5,7,6,7,24,34,58,5,46
BIG RED MACHINE,23,211,9.790559134767918,7559,6704,1691,261,951,936,136,0.25223747016706444,1258,74,27,1169,550.2873266666667,1575.48196,3.9368727662957075,1.2523703974562799,9,8,8,3,4,8,3,6,4,4,32,25,57,6,46
HOOSIERS,23,219,10.225606081583724,7799,6910,1735,248,985,937,225,0.25108538350217074,1187,69,38,1092,521.6399155555555,1533.24413,3.9551467902274635,1.2916968239258635,6,10,9,10,3,5,4,2,3,2,38,16,54,7,46
FREE BIRDS,23,252,9.0276305927731,7271,6423,1632,228,884,863,106,0.25408687529191964,1180,74,59,1220,514.5372811111113,1468.45905,3.9244368898305093,1.2444568220338983,2,2,1,1,6,8,9,10,5,6,12,38,50,8,46
ERIE LAKERS,23,202,8.374488250185815,7445,6615,1719,262,939,948,113,0.2598639455782313,976,58,22,921,441.4864988888889,1245.2711100000004,4.071084518442623,1.2758925307377054,10,7,10,2,8,4,2,1,2,3,37,12,49,9,46
FREE AT LAST,22,236,8.26534963541292,7410,6505,1612,234,920,876,146,0.24780937740199846,1268,73,0,1104,601.3641166666667,1660.9196399999998,4.268357294952682,1.3098735331230282,3,5,2,5,1,7,1,3,1,1,16,13,29,10,46
WESTSIDE MARAUDERS,23,264,10.996437171894671,7484,6660,1698,277,950,953,142,0.25495495495495496,1279,80,54,1277,554.6794255555556,1575.7156360000001,3.903139038311181,1.231990333072713,10,8,9,5,5,9,7,10,7,6,37,39,76,1,47
LOUISVILLE SLUGGERS,23,219,10.709899158314771,7274,6486,1672,245,936,875,181,0.2577860006167129,1139,74,55,1211,462.43067777777776,1389.22376,3.6539737489025454,1.2196872344161547,6,5,3,9,7,6,8,7,10,9,30,40,70,2,47
NATIONAL PASTIME,23,262,10.519081291213427,7688,6926,1795,246,943,929,162,0.2591683511406295,1119,70,84,1103,488.00829111111113,1372.62206,3.9249996604110815,1.226650634495085,7,7,6,8,9,5,9,5,6,8,37,33,70,2,47
BLUE SOCKS,23,256,10.343347355012025,7908,7146,1825,244,964,952,162,0.25538762944304505,1006,65,94,1042,418.36262777777785,1196.5758099999998,3.74280680914513,1.189439174950298,5,9,8,8,6,1,10,2,9,10,36,32,68,3,47
HOOSIERS,23,242,10.254722455368345,7905,7021,1760,263,1005,973,222,0.25067654180316196,1086,69,20,1057,455.0660511111111,1334.68373,3.7712656169429097,1.2289905432780848,8,10,10,10,3,4,3,3,8,7,41,25,66,4,47
MELONHEADS,23,211,9.684235492402697,7381,6550,1661,244,923,904,156,0.253587786259542,1371,81,0,1267,599.7598944444444,1715.2109600000001,3.9371546681254554,1.2510656163384393,5,4,5,7,4,10,1,9,5,5,25,30,55,5,47
BIG RED MACHINE,23,205,9.763439095927229,7517,6664,1669,266,939,931,107,0.2504501800720288,1266,76,27,1203,554.2820733333333,1587.2572900000002,3.9403938862559245,1.2537577330173777,9,6,7,2,2,7,4,6,4,4,26,25,51,6,47
FREE BIRDS,23,248,9.272932139919053,7400,6575,1695,218,901,871,141,0.25779467680608364,1273,79,30,1253,574.4775044444445,1619.98802,4.061506315789475,1.272575035349568,2,2,2,4,8,8,5,8,2,3,18,26,44,7,47
ERIE LAKERS,23,191,8.037299928302305,7240,6451,1688,242,907,902,117,0.26166485816152535,1152,66,14,1018,550.7649888888889,1545.35563,4.302851475694444,1.3414545399305555,4,3,4,3,10,2,2,1,1,1,24,7,31,8,47
FREE AT LAST,22,242,8.373396864339911,7277,6392,1575,236,898,859,147,0.2464017521902378,1143,67,35,1064,504.889958888889,1464.60095,3.975511487314087,1.2813656605424322,3,1,1,6,1,3,6,4,3,2,12,18,30,9,47
WESTSIDE MARAUDERS,23,269,11.017633704109006,7288,6484,1657,272,932,930,138,0.2555521283158544,1261,79,51,1315,532.4637722222222,1534.872456,3.80029655035686,1.2171867216494845,10,5,7,6,6,8,7,9,9,9,34,42,76,1,48
LOUISVILLE SLUGGERS,23,210,10.713545217105189,7590,6811,1768,255,980,935,185,0.2595800910292174,1125,70,58,1131,487.82891444444454,1421.92622,3.902631315555556,1.2639344177777778,7,8,9,9,9,4,9,5,5,4,42,27,69,2,48
NATIONAL PASTIME,23,260,10.451239531861704,7542,6772,1742,242,928,902,143,0.2572356763142351,1284,81,52,1227,549.0612688888889,1573.53933,3.8485602959501555,1.2254979205607477,4,4,4,7,8,9,8,8,7,8,27,40,67,3,48
HOOSIERS,23,227,10.262878799911977,7909,7045,1769,261,988,968,216,0.2511000709723208,1194,71,16,1126,510.3947266666667,1502.53605,3.8471964321608043,1.2584054020100501,9,9,10,10,2,5,2,4,8,5,40,24,64,4,48
BLUE SOCKS,23,256,10.329320499086077,7624,6867,1758,231,935,900,185,0.2560069899519441,996,65,115,1071,415.98923333333346,1192.26323,3.7589388554216883,1.197051435742972,1,6,3,9,7,3,10,3,10,10,26,36,62,5,48
BIG RED MACHINE,23,213,9.714816902178606,7503,6661,1692,257,947,925,136,0.25401591352649755,1174,72,38,1140,510.01479555555557,1472.5282900000002,3.909823816013629,1.2542830408858605,8,7,6,5,4,6,6,6,4,6,30,28,58,6,48
MELONHEADS,23,227,9.745689130753052,7374,6539,1646,240,920,896,168,0.2517204465514605,1243,78,30,1178,532.4508,1531.9047,3.8552350764279963,1.2324253419147224,3,3,2,8,3,7,4,7,6,7,19,31,50,7,48
FREE BIRDS,23,239,9.266377677012516,7313,6495,1651,235,879,889,121,0.2541955350269438,1402,84,0,1353,629.7277011111113,1775.29079,4.0424745435092735,1.266255912981455,2,1,1,3,5,10,1,10,3,3,12,27,39,8,48
FREE AT LAST,22,243,8.36972421204845,7998,7015,1741,251,991,934,133,0.24818246614397718,1013,59,19,956,471.3500866666667,1299.48329,4.187710542941757,1.282806801579467,6,10,8,4,1,1,3,2,1,2,29,9,38,9,48
ERIE LAKERS,23,196,8.075954442994554,7297,6504,1692,246,912,911,120,0.26014760147601473,1008,60,34,904,460.14261444444446,1306.38571,4.108416200396826,1.2960175694444445,5,2,5,2,10,2,5,1,2,1,24,11,35,10,48
WESTSIDE MARAUDERS,23,261,11.041437585275418,7652,6886,1773,258,948,950,151,0.25747894278245714,1281,78,48,1302,540.6394588888888,1574.2772360000001,3.7984036924277906,1.2289439781420766,9,7,10,6,7,8,6,9,8,8,39,39,78,1,49
BLUE SOCKS,23,260,10.340663955137783,7852,7074,1803,244,958,939,181,0.2548770144189991,1065,69,59,1148,441.3092944444445,1272.54012,3.7293743192488265,1.194873352112676,5,8,7,8,5,4,8,6,10,10,33,38,71,2,49
NATIONAL PASTIME,23,268,10.41617915600352,7395,6631,1711,235,912,885,153,0.25803046297692656,1263,82,52,1272,526.2983855555556,1545.98703,3.7503447901821065,1.224059406175772,4,4,2,7,8,9,7,8,9,9,25,42,67,3,49
HOOSIERS,23,233,10.143267202391428,7779,6925,1745,252,984,944,232,0.251985559566787,1163,71,10,1095,493.35065666666674,1445.05116,3.817846870163371,1.2425203439380912,7,10,9,10,4,5,2,5,7,6,40,25,65,4,49
LOUISVILLE SLUGGERS,23,202,10.614469612843399,7536,6761,1768,249,984,923,181,0.2614997781393285,1037,65,83,1077,455.05813,1314.86257,3.9493955351976857,1.2679484763741562,6,10,5,8,10,2,10,4,5,3,39,24,63,5,49
BIG RED MACHINE,23,213,9.87361597086283,7692,6823,1702,269,963,941,124,0.24945038839220285,1121,66,81,1053,484.1288811111112,1402.38208,3.8868509634255135,1.2510098840321142,10,9,8,5,2,3,9,3,6,4,34,25,59,6,49
MELONHEADS,23,220,9.8189290084929,7517,6660,1663,249,943,912,197,0.2496996996996997,1186,72,36,1163,520.9937077777779,1457.6842900000001,3.9535778836424966,1.2290761298482296,6,6,4,9,3,6,5,7,4,7,28,29,57,7,49
FREE BIRDS,23,248,9.243745533143452,7312,6488,1666,234,885,891,103,0.2567817509247842,1345,83,0,1355,607.1379300000001,1681.62322,4.062632988847584,1.2502774869888476,3,3,3,2,6,10,1,10,2,5,17,28,45,8,49
ERIE LAKERS,23,195,8.249933323514268,7359,6536,1704,257,931,937,109,0.2607099143206854,1157,66,12,978,554.8784344444445,1549.7278100000003,4.3162540276577355,1.3394363094209165,8,5,6,3,9,3,3,1,1,1,31,9,40,9,49
FREE AT LAST,22,233,8.028205173907313,7085,6200,1525,228,874,832,121,0.24596774193548387,1216,75,32,1052,538.9266144444445,1557.09833,3.9887660608552635,1.2805084950657895,2,2,1,4,1,7,4,2,3,2,10,18,28,10,49
WESTSIDE MARAUDERS,23,264,11.163911414192487,7610,6745,1716,277,976,952,160,0.2544106745737583,1281,79,54,1276,555.8396422222222,1586.5949460000002,3.9051965495706478,1.2385596768149885,10,9,9,6,6,8,7,9,6,7,40,37,77,1,50
LOUISVILLE SLUGGERS,23,220,10.638464930245046,7695,6929,1808,267,980,965,167,0.2609323134651465,1076,67,55,1059,471.40675999999996,1342.22363,3.9429933457249065,1.2474197304832713,9,10,10,7,10,3,8,3,4,6,46,24,70,2,50
NATIONAL PASTIME,23,261,10.351520905556253,7457,6701,1716,242,911,898,140,0.25608118191314727,1262,80,52,1244,530.9017299999999,1533.4434899999999,3.7861454595879547,1.2150899286846275,5,4,3,5,8,9,6,8,10,10,25,43,68,3,50
BLUE SOCKS,23,251,10.42060578749678,7666,6895,1754,238,951,914,196,0.25438723712835387,1164,75,61,1195,501.69754000000006,1424.57356,3.8791046907216495,1.2238604467353953,4,7,5,9,5,5,10,6,7,9,30,37,67,4,50
HOOSIERS,23,228,10.212239419360554,7615,6768,1702,254,968,937,216,0.2514775413711584,1209,77,19,1183,518.38866,1519.59522,3.858972655086848,1.2569025806451612,7,8,8,10,1,7,3,5,8,4,34,27,61,5,50
MELONHEADS,23,223,9.71932739220105,7266,6436,1621,236,909,880,176,0.25186451211932875,1184,72,57,1113,507.5557966666667,1456.7300699999998,3.858109940878379,1.2303463429054053,3,3,2,8,3,4,9,4,9,8,19,34,53,6,50
BIG RED MACHINE,23,205,9.769973162508547,7461,6621,1670,259,937,918,117,0.252227760157076,1259,76,27,1212,555.3516422222223,1576.77025,3.9699481969817314,1.252398927720413,8,6,6,2,4,6,4,7,3,5,26,25,51,7,50
FREE BIRDS,23,243,9.280940816073107,7617,6760,1728,234,911,902,107,0.2556213017751479,1370,83,0,1326,608.861028888889,1745.5564600000002,3.99981697810219,1.2741288029197082,2,4,4,1,7,10,2,10,2,2,18,26,44,8,50
ERIE LAKERS,23,194,8.092050342235682,7347,6538,1693,250,922,921,120,0.2589476904252065,1037,59,31,926,482.18604999999997,1361.0702900000001,4.184835535197685,1.312507512054002,6,5,7,3,9,2,5,1,1,1,30,10,40,9,50
FREE AT LAST,22,251,8.305756782824929,7340,6478,1630,224,901,862,138,0.2516208706390861,992,59,57,961,430.5326433333334,1254.6759299999999,3.90604212701613,1.2647942842741935,1,2,1,4,2,2,9,2,5,3,10,21,31,10,50
