team,n,total_salary,sgpar,PA,AB,H,HR,R,RBI,SB,AVG,IP,W,SV,SO,ER,WH,ERA,WHIP,hr_pts,r_pts,rbi_pts,sb_pts,avg_pts,w_pts,sv_pts,so_pts,era_pts,whip_pts,hit_pts,pit_pts,total_pts,rank,sim_num
WESTSIDE MARAUDERS,23,270,11.203145787893325,7813,6993,1807,257,978,962,150,0.2584012584012584,1367,85,32,1298,592.2269255555556,1680.964806,3.899079978054133,1.2296743277249451,9,9,10,6,8,10,5,9,6,7,42,37,79,1,1
HOOSIERS,23,232,10.15721425646568,7888,6989,1755,255,1002,943,223,0.25110888539132925,1019,65,49,980,430.51692333333335,1271.29151,3.8024065848871444,1.247587350343474,8,10,9,10,3,4,7,2,10,6,40,29,69,2,1
NATIONAL PASTIME,23,251,10.353309397673517,7513,6734,1704,255,906,923,123,0.25304425304425304,1285,80,52,1240,551.05916,1575.2128699999998,3.859558319066148,1.2258465914396885,8,4,7,4,6,9,8,7,7,8,29,39,68,3,1
BLUE SOCKS,23,244,10.273222651821852,7684,6929,1772,227,944,907,215,0.25573675855101746,1079,68,78,1120,462.0616633333334,1311.1278499999999,3.8540824559777582,1.2151323911028729,3,7,5,9,7,5,9,5,8,9,31,36,67,4,1
MELONHEADS,23,239,9.941658258017737,7146,6354,1605,255,907,906,175,0.2525967894239849,1237,78,11,1271,524.576378888889,1501.7120200000002,3.8166430153597424,1.2139951657235248,8,5,4,7,4,7,1,8,9,10,28,35,63,5,1
BIG RED MACHINE,23,203,9.62162560648255,7399,6556,1635,262,928,914,126,0.24938987187309336,1281,78,27,1222,555.5544766666667,1613.7957400000003,3.903193044496487,1.2597937080405934,10,6,6,5,2,7,4,6,5,5,29,27,56,6,1
LOUISVILLE SLUGGERS,23,212,10.389483930819695,7567,6826,1822,235,974,905,181,0.26692059771462057,1032,62,82,1041,457.3081800000001,1306.1685599999998,3.9881527325581403,1.2656672093023253,5,8,3,8,10,3,10,3,2,3,34,21,55,7,1
FREE BIRDS,23,245,9.323902061521743,7438,6594,1666,240,899,901,117,0.2526539278131635,1307,79,19,1302,578.7411577777779,1650.3647799999999,3.9852107268553945,1.2627121499617444,6,3,2,3,5,8,3,10,3,4,19,28,47,8,1
ERIE LAKERS,23,198,8.317718436020153,7450,6628,1728,253,944,932,116,0.26071213035606516,1105,62,17,973,517.3823533333333,1465.2051900000001,4.213973918552036,1.3259775475113122,7,7,8,2,9,3,2,1,1,1,33,8,41,9,1
FREE AT LAST,23,239,7.9829074381631395,7288,6386,1571,232,896,853,123,0.24600689007203258,1122,70,46,1048,493.2942744444445,1425.3905200000002,3.956905944741534,1.2704015329768272,4,2,1,4,1,6,6,4,4,2,12,22,34,10,1
LOUISVILLE SLUGGERS,23,206,10.706068837960085,7599,6839,1777,258,983,944,179,0.2598333089632987,1070,67,66,1076,453.9307555555556,1333.9297,3.818109158878505,1.2466632710280372,8,9,9,8,9,4,10,4,9,5,43,32,75,1,2
WESTSIDE MARAUDERS,23,269,11.07792858054576,7554,6727,1734,258,964,937,159,0.25776720677865317,1279,80,54,1277,554.6794255555556,1575.7156360000001,3.903139038311181,1.231990333072713,8,8,7,6,6,9,7,10,4,8,35,38,73,2,2
HOOSIERS,23,234,10.252724287147306,7993,7082,1780,263,1022,978,219,0.25134142897486583,1145,69,12,1061,488.30621444444444,1417.70101,3.8382147860262013,1.2381668209606986,9,10,10,10,4,5,2,3,8,7,43,25,68,3,2
NATIONAL PASTIME,23,264,10.343841063065234,7447,6667,1720,240,918,880,137,0.25798710064496777,1263,82,52,1272,526.2983855555556,1545.98703,3.7503447901821065,1.224059406175772,4,3,1,4,7,10,6,9,10,10,19,45,64,4,2
BLUE SOCKS,23,239,10.001161871548245,7669,6937,1792,220,925,901,195,0.25832492431886983,1167,73,48,1194,501.1167611111112,1433.8439999999998,3.864653684661526,1.2286580976863752,3,4,4,9,8,7,5,6,6,9,28,33,61,5,2
BIG RED MACHINE,23,211,9.819749730920302,7685,6833,1702,267,942,943,122,0.2490853212351822,1169,71,59,1125,501.14476555555564,1465.41333,3.8582573909324216,1.2535614456800686,10,6,8,3,2,6,9,5,7,4,29,31,60,6,2
MELONHEADS,23,220,9.904744683544024,7486,6691,1691,243,929,913,160,0.2527275444627111,1344,82,0,1260,582.6407300000001,1666.48496,3.9016120312500004,1.2399441666666666,6,5,6,7,5,10,1,8,5,6,29,30,59,7,2
FREE BIRDS,23,246,9.336207551361927,7334,6500,1632,243,891,898,122,0.2510769230769231,1213,75,57,1201,535.1040100000001,1539.4578500000002,3.970268829348723,1.2691326051112946,6,1,3,3,3,8,8,7,3,2,16,28,44,8,2
ERIE LAKERS,23,201,8.141940690326239,7184,6385,1670,248,908,903,119,0.2615505090054816,1087,64,19,980,508.27304888888887,1432.06374,4.20833251149954,1.3174459429622816,7,2,5,2,10,3,3,1,1,1,26,9,35,9,2
FREE AT LAST,23,243,8.405304398266361,7683,6743,1668,242,945,897,149,0.24736764051609075,1097,64,46,1049,511.22739666666666,1390.6365899999998,4.194208359161349,1.2676723701002732,5,7,2,5,1,3,4,2,2,3,20,14,34,10,2
LOUISVILLE SLUGGERS,23,214,10.759315847984881,7816,7027,1819,267,995,958,167,0.25885868791803046,1043,61,74,1063,445.68981111111117,1281.50295,3.845837296260787,1.228670134228188,9,10,10,8,9,3,10,3,8,7,46,31,77,1,3
WESTSIDE MARAUDERS,23,262,11.008491538007313,7449,6623,1686,272,958,939,140,0.2545674165785898,1368,86,32,1360,594.9931066666667,1678.8832160000002,3.9144283333333334,1.2272538128654973,10,8,8,4,6,10,5,10,5,8,36,38,74,2,3
HOOSIERS,23,243,10.452600207130095,7601,6749,1693,255,953,936,199,0.2508519780708253,1203,75,30,1172,500.2332577777778,1474.46733,3.742393449709061,1.2256586284289277,7,7,7,9,2,6,4,7,10,9,32,36,68,3,3
BLUE SOCKS,23,250,10.26872563318318,7696,6930,1778,225,945,905,213,0.25656565656565655,1110,72,56,1170,468.0926755555557,1341.5215599999997,3.7953460180180194,1.2085779819819817,3,5,3,10,7,5,8,6,9,10,28,38,66,4,3
NATIONAL PASTIME,23,251,10.535115228845417,7765,6999,1803,255,950,946,150,0.25760822974710673,1231,76,52,1158,532.9639177777777,1550.8366600000002,3.8965680422420794,1.2598185702680749,7,6,9,6,8,7,7,4,6,4,36,28,64,5,3
MELONHEADS,23,230,9.8002133285347,7381,6550,1661,244,923,904,156,0.253587786259542,1255,78,19,1236,537.2909966666667,1545.89631,3.853082844621514,1.2317898884462153,4,3,2,7,4,9,2,9,7,6,20,33,53,6,3
FREE BIRDS,23,251,9.097016204284774,7141,6333,1606,218,865,846,148,0.2535922943312806,1197,77,62,1215,525.8093144444446,1504.97551,3.953453492063493,1.2572894820384295,2,1,1,5,5,8,9,8,3,5,14,33,47,7,3
BIG RED MACHINE,23,201,9.768060993418674,7552,6722,1698,258,937,928,123,0.2526033918476644,1298,77,27,1164,570.0503022222222,1647.79937,3.952582989214175,1.2694910400616333,8,4,5,2,3,8,3,5,4,3,22,23,45,8,3
FREE AT LAST,23,249,8.428579685827861,7998,7015,1741,251,991,934,133,0.24818246614397718,1071,64,27,1023,489.4962788888889,1370.04066,4.113414108309991,1.2792163025210084,6,9,6,3,1,4,3,2,2,2,25,13,38,9,3
ERIE LAKERS,23,189,8.11697687445798,7340,6537,1699,248,919,917,118,0.2599051552700015,1058,61,34,934,498.1018322222222,1405.3102800000001,4.237161143667296,1.3282705860113424,5,2,4,1,10,3,6,1,1,1,22,12,34,10,3
WESTSIDE MARAUDERS,23,269,11.279805252609231,7771,6968,1802,260,984,958,150,0.25861079219288174,1266,79,54,1278,543.7985444444445,1554.4637160000002,3.8658664296998424,1.2278544360189576,6,9,9,5,9,9,9,9,6,8,38,41,79,1,4
NATIONAL PASTIME,23,261,10.560829608570408,7668,6868,1732,269,938,951,139,0.2521840419336051,1255,77,52,1211,537.2005133333333,1532.1162199999999,3.8524339601593627,1.2208097370517927,9,6,8,4,5,7,7,7,7,9,32,37,69,2,4
BLUE SOCKS,23,239,10.095628173180556,7697,6944,1794,222,934,905,195,0.25835253456221197,1241,78,29,1228,541.6407444444445,1514.6439599999999,3.928095648670428,1.2205027880741337,3,5,5,9,8,8,3,8,5,10,30,34,64,3,4
LOUISVILLE SLUGGERS,23,210,10.664390877123997,7746,6984,1803,264,978,951,170,0.25816151202749144,1130,69,47,1138,481.7263,1409.5690600000003,3.83675814159292,1.2474062477876109,8,8,8,8,7,3,5,4,8,5,39,25,64,3,4
BIG RED MACHINE,23,212,9.723952633840126,7504,6634,1638,272,939,930,116,0.24690985830569792,1149,71,59,1147,488.046618888889,1425.76212,3.8228194691035693,1.2408721671018277,10,7,7,1,1,4,10,5,10,6,26,35,61,4,4
HOOSIERS,23,227,10.223062649455088,7909,7007,1759,261,1008,962,220,0.2510346796061082,1217,72,27,1098,554.6688222222223,1575.83708,4.101905834018077,1.2948538044371405,7,10,10,10,3,5,2,3,1,2,40,13,53,5,4
MELONHEADS,23,223,9.838260351591167,7300,6461,1620,243,915,891,153,0.2507351803126451,1203,75,49,1195,512.0290044444446,1484.00825,3.83064093100582,1.2335895677472986,4,3,4,6,2,6,6,6,9,7,19,34,53,5,4
FREE BIRDS,23,250,9.158287099545792,7134,6362,1640,219,870,863,132,0.2577805721471235,1361,85,0,1346,604.1933633333334,1712.64649,3.9954006392358568,1.2583736149889788,1,2,3,3,6,10,1,10,3,4,15,28,43,6,4
ERIE LAKERS,23,202,8.165307921898343,7362,6529,1700,252,933,922,126,0.2603767805176903,903,54,53,833,408.4759066666667,1184.9849199999999,4.071188438538206,1.3122756589147286,5,4,6,2,10,1,8,1,2,1,27,13,40,7,4
FREE AT LAST,23,241,8.282693093613423,7536,6628,1668,220,934,862,165,0.25165962582981294,1109,67,43,1021,490.9416755555556,1407.20203,3.9841975473399462,1.2688927231740306,2,5,2,7,4,2,4,2,4,3,20,15,35,8,4
WESTSIDE MARAUDERS,23,267,11.231257433999488,7778,6957,1772,272,986,962,148,0.2547074888601409,1339,84,32,1323,579.0092888888889,1643.758016,3.891772666168783,1.227601206870799,10,9,9,6,6,10,5,9,6,8,40,38,78,1,5
LOUISVILLE SLUGGERS,23,220,10.6054422089635,7186,6462,1689,240,932,882,178,0.26137418755803155,1163,74,52,1226,474.67990000000003,1422.6434199999999,3.6733612209802233,1.2232531556319861,5,5,2,8,10,6,7,8,10,9,30,40,70,2,5
HOOSIERS,23,236,10.21526368946258,7916,7021,1752,266,1004,980,215,0.24953710297678394,1072,68,39,1020,445.6052477777778,1332.5470799999998,3.7410888339552235,1.2430476492537312,9,10,10,10,2,3,6,2,9,6,41,26,67,3,5
BLUE SOCKS,23,241,10.09172257454792,7708,6962,1784,222,927,896,194,0.2562482045389256,1160,73,61,1186,492.8766711111112,1413.7277900000001,3.8240431379310356,1.218730853448276,2,4,4,9,7,5,8,6,8,10,26,37,63,4,5
NATIONAL PASTIME,23,252,10.507430261116196,7762,7005,1796,260,942,950,146,0.2563882940756602,1226,76,52,1161,544.4648477777778,1520.38924,3.9968871370309946,1.2401217292006526,8,6,8,5,8,7,7,5,2,7,35,28,63,4,5
BIG RED MACHINE,23,216,9.748693194878205,7587,6733,1710,259,951,934,129,0.25397296895885935,1098,65,73,1036,466.8113400000001,1377.96946,3.8263224590163945,1.2549812932604736,7,7,7,3,5,2,10,3,7,3,29,25,54,5,5
MELONHEADS,23,214,9.847550379118866,7370,6549,1651,235,911,892,175,0.25209955718430294,1289,79,30,1224,569.3583922222223,1608.9673800000003,3.9753495190069827,1.2482291543832431,4,2,3,7,3,8,4,7,5,4,19,28,47,6,5
FREE AT LAST,23,253,8.375843428664165,7809,6852,1699,248,963,914,136,0.24795680093403386,1118,70,8,1058,494.10543000000007,1391.8889999999997,3.9775929069767444,1.2449812164579603,6,8,6,4,1,4,3,4,4,5,25,20,45,7,5
ERIE LAKERS,23,189,8.122570251287083,7177,6366,1660,248,914,904,124,0.2607602890355011,1015,55,66,899,497.3210755555555,1376.92277,4.409743527093595,1.356574157635468,6,3,5,2,9,1,9,1,1,1,25,13,38,8,5
FREE BIRDS,23,246,9.246444239390122,7334,6478,1643,232,903,881,121,0.2536276628589071,1354,83,0,1362,598.4893000000002,1712.4196900000002,3.978141580502217,1.2647117355982276,3,1,1,1,4,9,2,10,3,2,10,26,36,9,5
WESTSIDE MARAUDERS,23,267,10.965062796502991,7253,6437,1639,275,931,931,140,0.2546217181917042,1277,81,59,1280,547.7135877777778,1557.080456,3.860158410336727,1.219326903680501,10,5,7,6,5,10,8,8,7,9,33,42,75,1,6
LOUISVILLE SLUGGERS,23,210,10.645553560206233,7550,6800,1758,270,965,957,169,0.2585294117647059,1050,66,72,1061,448.7383933333334,1329.9855400000001,3.8463290857142867,1.2666528952380953,9,8,10,8,9,4,9,2,8,4,44,27,71,2,6
NATIONAL PASTIME,23,260,10.496299902878219,7545,6787,1744,241,921,897,131,0.25696183880948875,1297,81,52,1238,547.2123211111111,1595.4207300000003,3.79715565921357,1.2300853739398614,3,4,3,5,8,10,7,7,9,7,23,40,63,3,6
HOOSIERS,23,240,10.15655409880229,7615,6773,1715,242,976,921,235,0.25321128008268123,1193,75,11,1153,514.13827,1495.5559199999998,3.8786625565800508,1.2536093210393964,4,10,5,10,4,7,2,6,5,6,33,26,59,4,6
BLUE SOCKS,23,241,10.112995015846547,7554,6813,1740,218,910,878,215,0.25539409951563186,1035,65,105,1094,436.4297822222223,1240.22214,3.7950415845410634,1.1982822608695654,1,3,2,9,6,3,10,4,10,10,21,37,58,5,6
MELONHEADS,23,227,9.847001362047557,7443,6643,1681,248,931,919,157,0.2530483215414722,1292,79,0,1295,566.4402033333334,1587.03044,3.94579089009288,1.22835173374613,5,5,4,7,3,8,1,10,4,8,24,31,55,6,6
BIG RED MACHINE,23,210,9.72622649934676,7524,6689,1691,263,943,937,125,0.2528031095828973,1195,71,46,1112,513.0852522222223,1505.7879099999998,3.8642403933054394,1.2600735648535564,8,6,8,2,2,6,6,5,6,5,26,28,54,7,6
ERIE LAKERS,23,198,8.322254983671327,7569,6694,1743,253,955,942,112,0.2603824320286824,1033,62,22,911,473.48104111111115,1350.43014,4.1251978412391095,1.3072895837366891,7,7,9,1,10,2,4,1,2,1,34,10,44,8,6
FREE BIRDS,23,248,9.25988645917785,7355,6508,1668,226,895,870,128,0.256299938537185,1288,80,30,1282,571.5140222222223,1635.9549800000002,3.9934986024844723,1.2701513819875778,2,2,1,3,7,9,5,9,3,3,15,29,44,8,6
FREE AT LAST,23,239,8.373979942703343,7939,6975,1719,249,968,923,129,0.24645161290322581,1174,67,16,1069,543.9686200000001,1503.7655899999997,4.1701171890971045,1.280890621805792,6,9,6,4,1,5,3,3,1,2,26,14,40,9,6
WESTSIDE MARAUDERS,23,270,11.219137522587841,7694,6834,1746,256,987,940,192,0.25548726953467954,1281,79,49,1285,553.3962999999999,1569.273566,3.888030210772833,1.225037912568306,6,8,8,9,6,10,6,9,5,8,37,38,75,1,7
LOUISVILLE SLUGGERS,23,211,10.696792465433095,7921,7137,1841,269,998,974,169,0.25795152024660223,1075,69,50,1068,464.0138177777777,1340.7426,3.884766846511628,1.2472024186046513,10,10,9,7,9,5,7,3,6,7,45,28,73,2,7
NATIONAL PASTIME,23,264,10.514460754925011,7605,6809,1747,250,939,911,133,0.25657218387428404,1272,79,52,1233,537.1948611111111,1557.6565200000002,3.800907036163522,1.2245727358490568,5,5,4,4,7,10,8,7,10,9,25,44,69,3,7
HOOSIERS,23,241,10.4468333458876,7878,7004,1759,265,993,978,208,0.2511422044545974,1185,74,19,1081,505.3210088888889,1487.2227899999998,3.8378810801687764,1.2550403291139238,9,9,10,10,2,7,2,4,8,4,40,25,65,4,7
BLUE SOCKS,23,236,10.056627989330275,7620,6885,1751,227,923,896,176,0.254320987654321,1191,75,61,1204,506.9941055555556,1435.93302,3.831189714525609,1.205653249370277,2,4,2,8,5,8,10,6,9,10,21,43,64,5,7
MELONHEADS,23,223,9.769707723239655,7188,6379,1604,261,906,908,159,0.2514500705439724,1227,78,22,1242,525.0751122222223,1530.4017600000002,3.851406691116545,1.2472711980440099,7,2,3,6,4,9,3,8,7,6,22,33,55,6,7
BIG RED MACHINE,23,206,9.834127106175517,7531,6667,1675,264,949,930,128,0.25123743812809357,1201,72,57,1133,523.4400311111111,1527.0498200000002,3.9225314571190677,1.271481948376353,8,6,7,2,3,6,9,5,4,2,26,26,52,7,7
FREE BIRDS,23,259,9.287598409661411,7337,6519,1677,217,888,865,144,0.257248044178555,1263,78,19,1303,553.6733022222223,1579.15138,3.9454154552652425,1.2503177988915282,1,1,1,5,8,9,2,10,3,5,16,29,45,8,7
FREE AT LAST,23,243,8.441498336905594,7767,6837,1710,242,957,913,129,0.25010969723562965,1096,65,43,1022,495.74390666666676,1393.48135,4.070889744525548,1.2714245894160585,3,7,5,3,1,4,5,2,2,3,19,16,35,9,7
ERIE LAKERS,23,187,8.090383656714618,7359,6550,1706,247,920,918,115,0.26045801526717555,1043,58,41,924,497.8690477777778,1380.32104,4.296089578139981,1.3234142281879195,4,3,6,1,10,3,4,1,1,1,24,10,34,10,7
NATIONAL PASTIME,23,263,10.62146947148003,7510,6756,1722,258,913,933,146,0.25488454706927177,1298,82,52,1234,548.47278,1605.96396,3.8029699691833585,1.2372603697996918,9,2,8,5,5,9,8,9,10,7,29,43,72,1,8
WESTSIDE MARAUDERS,22,270,11.061513477493994,7295,6549,1680,250,916,905,159,0.2565277141548328,1341,85,32,1333,569.7902688888888,1633.933596,3.8240957643549587,1.2184441431767339,7,3,4,7,8,10,4,10,9,10,29,43,72,1,8
BLUE SOCKS,23,243,10.240471020120903,7883,7111,1814,235,969,929,199,0.2550977359021235,1152,73,48,1162,495.70490222222224,1425.92344,3.872694548611111,1.237780763888889,5,9,7,9,7,5,7,5,6,6,37,29,66,2,8
HOOSIERS,23,233,10.201400754590285,7787,6909,1729,250,984,939,227,0.2502532928064843,1071,67,43,1021,455.31312333333335,1319.5089300000002,3.8261607002801123,1.2320344817927174,7,10,9,10,2,4,6,2,8,8,38,28,66,2,8
LOUISVILLE SLUGGERS,23,207,10.629090567739665,7347,6602,1721,253,944,903,176,0.2606785822478037,1180,76,36,1227,507.8799366666667,1473.39907,3.8736605338983052,1.248643279661017,8,7,3,8,10,8,5,7,5,4,36,29,65,3,8
MELONHEADS,23,221,9.760515887022395,7451,6612,1686,245,936,917,154,0.25499092558983666,1227,74,17,1233,536.8592000000001,1510.7378800000001,3.9378425427872865,1.2312452159739202,6,5,6,6,6,6,2,8,4,9,29,29,58,4,8
BIG RED MACHINE,23,210,9.766973802526437,7440,6614,1651,258,928,910,122,0.2496220139098881,1098,66,86,1083,469.1301222222223,1367.6729400000002,3.845328870673954,1.2456037704918035,9,4,5,3,1,3,10,4,7,5,22,29,51,5,8
ERIE LAKERS,23,197,8.358770133428358,7464,6628,1726,261,940,949,110,0.2604103802051901,1105,62,12,971,518.4156922222222,1461.06945,4.222390253393665,1.3222347963800904,10,6,10,1,9,2,1,1,1,1,36,6,42,6,8
FREE BIRDS,23,239,9.02557824022421,7256,6402,1630,226,880,865,114,0.25460793502030615,1213,75,57,1201,535.1040100000001,1539.4578500000002,3.970268829348723,1.2691326051112946,3,1,1,2,4,7,9,6,3,3,11,28,39,7,8
FREE AT LAST,23,249,8.160470522924486,7648,6724,1687,232,948,882,141,0.2508923259964307,1149,67,30,1030,526.0514577777778,1463.5667299999998,4.120507502175806,1.2737743516100954,4,8,2,4,3,4,3,3,2,2,21,14,35,8,8
WESTSIDE MARAUDERS,22,270,11.286822922136592,7393,6628,1706,258,942,923,138,0.25739287869643934,1363,85,32,1346,589.5253822222222,1665.498296,3.892684108584006,1.2219356537050623,9,5,8,5,8,10,4,9,6,8,35,37,72,1,9
BLUE SOCKS,23,257,10.240692385780394,7715,6965,1789,226,943,909,214,0.25685570710696337,993,65,76,1104,406.1721444444445,1177.91907,3.6813185297079563,1.1862226283987916,3,6,5,9,7,4,9,3,10,10,30,36,66,2,9
LOUISVILLE SLUGGERS,23,206,10.358434509841175,7539,6821,1811,241,958,909,161,0.26550359184870254,1137,69,52,1132,485.3194911111112,1436.6808899999999,3.8415790853122256,1.2635715831134564,5,9,5,8,10,5,7,5,8,3,37,28,65,3,9
MELONHEADS,23,221,9.857887389032799,7499,6637,1674,250,945,917,153,0.2522223896338707,1181,75,44,1158,509.87018111111115,1468.7537499999999,3.8855475275190523,1.2436526248941573,7,7,6,7,4,7,5,7,7,7,31,33,64,4,9
NATIONAL PASTIME,23,255,10.294528355205774,7318,6520,1638,249,905,883,140,0.25122699386503067,1209,77,84,1194,504.5398711111111,1469.2999100000002,3.755879933829611,1.2153018279569894,6,2,2,6,3,8,10,8,9,9,19,44,63,5,9
BIG RED MACHINE,23,207,9.789532607892815,7503,6661,1692,257,947,925,136,0.25401591352649755,1189,70,54,1120,526.39372,1498.18767,3.9844772750210264,1.2600400925147184,8,8,9,4,6,6,8,4,4,5,35,27,62,6,9
HOOSIERS,23,234,10.161270078189014,7792,6899,1745,240,981,922,222,0.2529352080011596,1231,77,10,1155,546.5268633333334,1557.6669699999998,3.995728489033307,1.265367156783103,4,10,7,10,5,8,2,6,3,2,36,21,57,7,9
ERIE LAKERS,23,192,8.351274569024554,7445,6615,1719,262,939,948,113,0.2598639455782313,1118,62,12,974,525.4189155555556,1486.06959,4.229669266547407,1.329221457960644,10,4,10,2,9,2,3,2,1,1,35,9,44,8,9
FREE BIRDS,23,249,9.227151847916437,7229,6407,1607,241,879,887,138,0.2508194162634618,1366,84,0,1348,606.4971444444445,1720.56143,3.9959548316251836,1.2595618081991216,5,1,3,5,2,9,1,10,2,6,16,28,44,8,9
FREE AT LAST,23,241,7.981572454427057,7522,6640,1633,240,908,893,125,0.24593373493975904,1047,63,49,964,462.45778000000007,1320.59627,3.9752817765042985,1.2613144890162369,4,3,4,3,1,3,6,1,5,4,15,19,34,9,9
WESTSIDE MARAUDERS,23,270,11.1449089289322,7523,6736,1727,263,939,946,136,0.2563836104513064,1305,83,43,1320,558.9758566666667,1581.3669560000003,3.8550059080459773,1.211775445210728,8,6,7,4,6,10,7,10,7,10,31,44,75,1,10
HOOSIERS,23,242,10.4956771047316,8146,7245,1830,273,1026,1010,206,0.2525879917184265,1048,64,38,997,441.2325611111112,1300.03549,3.7892109255725193,1.2404918797709923,10,10,10,9,4,3,6,2,8,7,43,26,69,2,10
NATIONAL PASTIME,23,265,10.35932724372692,7461,6688,1721,237,915,883,146,0.25732655502392343,1277,82,52,1273,534.3249866666666,1560.82431,3.765798653093187,1.2222586609240407,3,4,3,5,8,9,9,8,10,8,23,44,67,3,10
LOUISVILLE SLUGGERS,23,204,10.70592947575305,7756,6991,1824,259,984,951,170,0.2609068802746388,1183,73,36,1179,529.7523566666667,1500.6520099999998,4.030237709213864,1.2685139560439558,7,9,9,8,10,6,5,6,2,2,43,21,64,4,10
MELONHEADS,23,213,9.72722692405628,7332,6481,1620,254,931,905,160,0.2499614257059096,1374,82,0,1280,601.4493444444444,1719.9913399999998,3.9396245269286747,1.2518132023289663,6,5,6,6,3,9,2,9,6,5,26,31,57,5,10
BLUE SOCKS,23,237,10.075133211561356,7516,6765,1722,218,911,873,217,0.2545454545454545,1032,65,110,1092,432.66741888888896,1256.3119000000002,3.7732623740310087,1.2173564922480622,1,3,1,10,5,4,10,4,9,9,20,36,56,6,10
BIG RED MACHINE,23,202,9.774122032807096,7714,6870,1714,268,955,950,130,0.249490538573508,1251,75,27,1142,548.9929477777778,1584.58178,3.9495895523581135,1.2666521023181454,9,8,8,3,2,7,3,5,4,3,30,22,52,7,10
FREE BIRDS,23,252,9.139674556606757,7354,6499,1668,227,896,876,108,0.2566548699799969,1205,76,49,1217,528.5353233333334,1519.1707099999999,3.947566730290457,1.260722580912863,2,2,2,1,7,8,8,7,5,4,14,32,46,8,10
FREE AT LAST,23,255,8.392315970642326,7543,6645,1650,238,945,898,165,0.24830699774266365,1086,66,29,1017,481.5921711111111,1354.52662,3.9910953406998155,1.2472620810313075,4,7,4,7,1,5,4,3,3,6,23,21,44,9,10
ERIE LAKERS,23,194,8.177902212610542,7282,6465,1680,245,931,903,128,0.25986078886310904,1073,61,29,978,505.1985266666666,1423.7727300000001,4.237452693383037,1.3269084156570365,5,5,5,2,9,2,4,1,1,1,26,9,35,10,10
WESTSIDE MARAUDERS,23,266,11.266849229653548,7645,6838,1754,270,958,960,139,0.25650775080432875,1374,85,32,1343,593.0858588888889,1676.688306,3.884841870451237,1.2202971659388646,10,8,9,4,8,10,4,10,8,8,39,40,79,1,11
LOUISVILLE SLUGGERS,23,213,10.704977685453938,7781,7020,1842,255,992,947,183,0.2623931623931624,1103,69,52,1084,487.31307111111107,1389.76251,3.9762625929283764,1.2599841432456935,7,9,8,8,10,4,7,3,3,5,42,22,64,2,11
BLUE SOCKS,23,240,9.970248920079415,7568,6823,1747,222,914,885,194,0.2560457276857687,1167,74,61,1183,500.02109888888896,1421.39357,3.8562038474721514,1.2179893487574978,3,3,3,9,5,6,9,7,9,9,23,40,63,3,11
HOOSIERS,23,229,10.430390104419462,7925,7025,1750,267,1006,973,212,0.2491103202846975,1325,79,0,1168,592.2758533333333,1707.79353,4.023005796226415,1.2889007773584904,9,10,10,10,2,7,3,6,2,2,41,20,61,4,11
NATIONAL PASTIME,23,263,10.365679555912394,7471,6693,1714,241,914,883,125,0.2560884506200508,1276,81,52,1277,533.0645277777778,1550.2810800000002,3.7598595219435738,1.2149538244514109,4,3,2,2,6,8,7,8,10,10,17,43,60,5,11
BIG RED MACHINE,23,204,9.777535789019291,7584,6762,1693,265,939,934,128,0.25036971310263234,1176,71,54,1111,511.66853666666674,1484.7404800000002,3.9158306377551027,1.2625344217687076,8,6,7,3,4,5,8,5,6,4,28,28,56,6,11
MELONHEADS,23,220,9.745640166204579,7339,6493,1622,253,929,904,159,0.24980748498382874,1102,66,79,1105,483.2328611111112,1354.8632100000002,3.9465478675136128,1.2294584482758621,6,5,4,7,3,3,10,4,5,7,25,29,54,7,11
FREE AT LAST,23,255,8.330271689748976,7641,6713,1666,241,954,907,153,0.24817518248175183,994,62,35,998,431.53972888888893,1226.1989899999999,3.907301368209256,1.233600593561368,4,7,5,6,1,2,5,2,7,6,23,22,45,8,11
FREE BIRDS,23,243,9.118300145130402,7277,6449,1654,219,882,873,140,0.2564738719181268,1370,84,0,1341,604.9459633333335,1750.5990700000002,3.9740975693430665,1.2778095401459855,2,2,1,5,7,9,3,9,4,3,17,28,45,8,11
ERIE LAKERS,23,200,8.157706639877736,7242,6452,1692,244,915,908,122,0.26224426534407935,947,56,48,885,425.5739933333333,1238.9131,4.04452580781415,1.308250369588173,5,4,6,1,9,1,6,1,1,1,25,10,35,9,11
WESTSIDE MARAUDERS,23,265,11.269431226248644,7841,7019,1792,271,992,971,146,0.25530702379256304,1352,83,32,1330,588.56861,1673.468536,3.917986309171598,1.2377725857988167,10,9,10,5,6,9,4,9,4,7,40,33,73,1,12
HOOSIERS,23,251,10.261539264967425,7682,6806,1699,250,974,934,216,0.24963267704966205,1021,68,59,1040,414.24749333333335,1219.67654,3.6515449951028405,1.1945901469147893,7,8,8,10,2,5,8,3,10,10,35,36,71,2,12
LOUISVILLE SLUGGERS,23,207,10.65027670521313,7718,6938,1801,262,993,955,174,0.259584894782358,934,59,100,987,400.87313444444453,1184.20101,3.8628032226980737,1.2678811670235546,9,10,9,8,9,3,10,2,7,2,45,24,69,3,12
BLUE SOCKS,23,245,10.214248943842033,7820,7063,1822,222,944,907,204,0.25796403794421635,1077,68,83,1095,465.76871666666676,1316.72944,3.892217688022285,1.2225900092850512,2,6,6,9,8,5,9,5,6,9,31,34,65,4,12
NATIONAL PASTIME,23,254,10.372694443855819,7506,6736,1720,248,918,903,130,0.25534441805225655,1301,81,52,1250,554.6919466666666,1597.23111,3.8372233051498843,1.2276949346656418,6,4,5,3,7,8,7,7,9,8,25,39,64,5,12
BIG RED MACHINE,23,214,9.842151982518676,7587,6733,1710,256,953,932,139,0.25397296895885935,1195,71,46,1126,518.8728688888889,1501.8430899999998,3.9078291380753134,1.256772460251046,8,7,7,4,5,7,6,6,5,4,31,28,59,6,12
MELONHEADS,23,216,9.762282737880902,7269,6453,1629,247,914,901,160,0.2524407252440725,1354,84,0,1288,581.0456777777778,1701.1579600000002,3.8621943131462335,1.2563943574593799,5,3,4,6,3,10,2,8,8,5,21,33,54,7,12
FREE BIRDS,23,249,9.279766871717598,7477,6640,1683,242,901,903,100,0.25346385542168676,1352,83,0,1346,606.0683611111111,1692.1102600000002,4.0344787352071005,1.2515608431952663,4,1,5,1,4,9,2,10,2,6,15,29,44,8,12
FREE AT LAST,23,240,8.201499433453737,7550,6631,1640,236,930,885,173,0.24732317900769116,1184,69,8,1068,527.8606111111111,1495.61598,4.012453969594595,1.2631891722972974,3,5,3,7,1,6,3,4,3,3,19,19,38,9,12
ERIE LAKERS,23,192,8.135780084987516,7184,6385,1670,248,908,903,119,0.2615505090054816,1064,61,33,965,504.7240733333333,1419.19992,4.26928257518797,1.3338345112781955,6,2,5,2,10,4,5,1,1,1,25,12,37,10,12
WESTSIDE MARAUDERS,23,270,11.125076880097113,7442,6625,1688,273,948,944,157,0.2547924528301887,1337,85,32,1328,571.7638755555555,1614.874416,3.8488218997756167,1.20783426776365,10,7,8,5,5,10,5,10,8,10,35,43,78,1,13
LOUISVILLE SLUGGERS,23,217,10.632806039070555,7697,6935,1790,270,977,964,173,0.2581110310021629,1036,67,62,1065,446.48384666666675,1309.8353,3.8787206756756767,1.2643197876447876,9,9,9,8,7,3,9,3,6,4,42,25,67,2,13
HOOSIERS,23,231,10.282489124575047,7958,7052,1757,269,1010,982,201,0.249149177538287,1064,65,50,1032,450.1097022222222,1324.00472,3.8073189097744358,1.2443653383458646,8,10,10,10,3,2,6,2,9,6,41,25,66,3,13
NATIONAL PASTIME,23,269,10.472323136265173,7422,6687,1738,231,916,883,158,0.25990728278749814,1203,76,71,1195,499.2392788888889,1468.6578299999999,3.7349571986699917,1.220829451371571,2,2,1,6,9,7,10,7,10,9,20,43,63,4,13
BLUE SOCKS,23,237,10.023821787208037,7669,6937,1792,220,925,901,195,0.25832492431886983,1172,72,56,1175,509.39659111111115,1436.89321,3.9117485665529013,1.2260180972696246,1,5,4,9,8,5,7,6,4,8,27,30,57,5,13
MELONHEADS,23,224,9.779756420504578,7199,6426,1625,240,899,890,159,0.2528789293495176,1253,77,27,1232,536.9283500000001,1538.81701,3.8566282122905036,1.2281061532322426,4,1,2,7,4,8,3,8,7,7,18,33,51,6,13
BIG RED MACHINE,23,199,9.70150712880166,7385,6553,1629,261,920,913,115,0.2485884327788799,1213,73,59,1157,524.2288611111112,1531.31661,3.889579348722177,1.2624209480626547,7,3,6,2,2,6,8,5,5,5,20,29,49,7,13
FREE BIRDS,23,253,9.361066431161738,7638,6750,1721,235,924,894,121,0.25496296296296295,1244,78,30,1255,552.7271166666667,1573.4304700000002,3.9988296221864954,1.264815490353698,3,4,3,3,6,9,4,9,3,3,19,28,47,8,13
ERIE LAKERS,23,195,8.230555302203346,7450,6606,1732,247,939,925,111,0.26218589161368455,1082,64,10,979,498.6266188888889,1425.5050999999999,4.1475411922365994,1.3174723659889094,6,6,7,1,10,1,1,1,2,1,30,6,36,9,13
FREE AT LAST,23,245,8.443063522899903,7676,6711,1663,245,964,902,156,0.24780211592907167,1230,70,16,1077,573.2172522222222,1577.89918,4.194272577235773,1.282844861788618,5,8,5,4,1,4,2,4,1,2,23,13,36,9,13
WESTSIDE MARAUDERS,23,270,10.985087220935927,7519,6686,1705,258,959,926,136,0.25501046963804963,1202,76,70,1262,510.24043333333333,1446.326416,3.8204358569051577,1.2032665690515807,8,8,8,4,6,7,10,9,8,9,34,43,77,1,14
NATIONAL PASTIME,23,253,10.476513662139581,7724,6938,1775,262,956,942,143,0.2558374171230902,1201,75,52,1171,530.5323222222222,1487.6676400000001,3.9756793505412156,1.2386907910074938,9,7,9,5,7,6,7,6,5,7,37,31,68,2,14
LOUISVILLE SLUGGERS,23,217,10.680123603297883,7457,6683,1746,251,970,916,177,0.26125991321262904,1083,73,50,1157,452.1022277777778,1341.56321,3.7570822253000924,1.238747192982456,5,9,5,8,10,4,6,5,9,6,37,30,67,3,14
BLUE SOCKS,23,256,10.201596516220444,7421,6697,1718,219,897,873,193,0.25653277586979245,1229,77,56,1244,500.92994000000004,1477.82582,3.6683234011391384,1.2024620179007324,1,2,1,9,8,8,8,8,10,10,21,44,65,4,14
HOOSIERS,23,233,10.28594553065881,8041,7117,1810,256,1020,968,214,0.25432064071940425,1160,69,22,1070,515.7687966666667,1477.8023100000003,4.001654456896553,1.2739675086206899,7,10,10,10,5,3,3,3,4,3,42,16,58,5,14
MELONHEADS,23,222,9.766954086722873,7342,6554,1648,250,919,908,166,0.2514494964906927,1282,78,19,1209,550.7923222222223,1580.65559,3.8667167706708274,1.2329606786271452,4,3,4,7,3,9,2,7,7,8,21,33,54,6,14
BIG RED MACHINE,23,203,9.72254480971547,7448,6591,1639,265,937,917,126,0.24867243210438478,1214,74,59,1139,527.02982,1532.8145700000002,3.907140345963756,1.2626149670510711,10,5,6,3,1,5,9,4,6,4,25,28,53,7,14
FREE BIRDS,23,241,9.124816394767173,7396,6580,1654,233,873,892,126,0.2513677811550152,1292,80,30,1274,577.6845677777778,1627.6126800000002,4.024118506191951,1.2597621362229103,3,1,2,3,2,10,4,10,3,5,11,32,43,8,14
ERIE LAKERS,23,193,8.190113330214162,7277,6452,1671,254,926,919,125,0.25898946063236206,1073,63,22,956,505.31054111111115,1419.3569700000003,4.238392236719479,1.3227930754892827,6,4,7,2,9,2,3,1,1,1,28,8,36,9,14
FREE AT LAST,23,246,8.315440144515046,7729,6836,1728,225,942,900,150,0.25277940315974257,1098,62,33,1013,492.33052222222227,1409.60864,4.035496083788708,1.2837965755919853,2,6,3,6,4,1,5,2,2,2,21,12,33,10,14
WESTSIDE MARAUDERS,23,261,11.126304079392206,7526,6686,1705,259,960,927,172,0.25501046963804963,1290,80,54,1312,559.1668088888889,1584.2921760000002,3.9011637829457366,1.228133469767442,7,9,7,7,6,9,7,10,7,8,36,41,77,1,15
NATIONAL PASTIME,23,255,10.496031044725843,7695,6901,1763,261,943,935,135,0.255470221706999,1162,74,84,1120,507.89564777777775,1428.88245,3.933787289156626,1.22967508605852,8,7,9,5,7,6,10,3,6,7,36,32,68,2,15
BLUE SOCKS,23,241,10.277635809065941,7684,6929,1772,227,944,907,215,0.25573675855101746,1168,73,56,1175,504.3573244444445,1432.43764,3.8863150000000006,1.226402089041096,1,8,4,10,8,5,8,6,8,9,31,36,67,3,15
LOUISVILLE SLUGGERS,23,224,10.563372390407068,7205,6488,1707,239,936,884,179,0.26310110974106043,1115,68,65,1135,459.93710888888893,1349.76406,3.712496843049328,1.2105507264573991,4,5,1,8,10,2,9,5,10,10,28,36,64,4,15
MELONHEADS,23,229,9.834647333744662,7356,6540,1644,257,929,916,161,0.25137614678899084,1256,77,19,1226,538.048718888889,1547.6118800000002,3.855444641719746,1.2321750636942677,6,3,5,6,4,7,3,8,9,6,24,33,57,5,15
BIG RED MACHINE,23,201,9.79448140167857,7517,6664,1669,263,941,929,117,0.2504501800720288,1276,78,27,1197,558.096008888889,1619.00182,3.936413855799373,1.2688102037617555,9,6,8,3,2,8,4,7,5,4,28,28,56,6,15
HOOSIERS,23,237,10.317790275141961,8189,7258,1824,271,1035,1003,207,0.2513089005235602,1181,71,8,1080,520.3009544444444,1503.1866799999998,3.965036909398815,1.2728083657917018,10,10,10,9,3,4,1,2,3,3,42,13,55,7,15
FREE BIRDS,23,247,9.337494252299367,7498,6655,1696,231,894,888,124,0.2548459804658152,1296,81,30,1276,573.3513211111112,1652.43902,3.9816063966049393,1.2750301080246913,2,1,2,4,5,10,5,9,2,2,14,28,42,8,15
ERIE LAKERS,23,197,8.120244454235419,7459,6634,1736,247,935,924,114,0.2616822429906542,944,56,53,848,440.1618966666666,1257.29088,4.19645876059322,1.33187593220339,5,4,6,2,9,1,6,1,1,1,26,10,36,9,15
FREE AT LAST,23,248,8.340997419790035,7477,6604,1641,236,904,889,124,0.24848576620230164,1146,69,17,1126,501.40570333333335,1426.32724,3.937741125654451,1.2446136474694591,3,2,3,4,1,3,2,4,4,5,13,18,31,10,15
WESTSIDE MARAUDERS,23,266,11.088276243121047,7582,6728,1714,275,980,946,142,0.254756242568371,1355,85,32,1332,578.6173266666666,1677.7804460000002,3.843214715867158,1.2382143512915131,10,8,8,5,6,10,5,10,7,6,37,38,75,1,16
LOUISVILLE SLUGGERS,23,215,10.766628733086087,7760,6987,1829,256,1014,953,192,0.2617718620294833,990,61,70,993,428.53805444444447,1223.5193199999999,3.895800494949495,1.235878101010101,7,10,9,8,10,2,9,2,5,8,44,26,70,2,16
NATIONAL PASTIME,23,270,10.459682291490264,7419,6663,1731,232,909,878,146,0.259792886087348,1201,76,84,1207,504.34898111111113,1448.26964,3.779467801831807,1.2058864612822648,2,4,1,6,8,6,10,7,10,10,21,43,64,3,16
BLUE SOCKS,23,244,10.327475640953319,7981,7195,1847,230,962,923,208,0.25670604586518414,1158,74,43,1178,490.82027888888894,1432.9877099999999,3.814665379965458,1.237467797927461,1,7,5,10,7,5,6,5,8,7,30,31,61,4,16
HOOSIERS,23,231,10.306606559814364,7949,7032,1768,263,1008,971,204,0.2514220705346985,1278,77,11,1119,561.9709233333333,1619.5881999999997,3.957541713615023,1.2672834115805944,9,9,10,9,4,7,1,4,3,2,41,17,58,5,16
MELONHEADS,23,227,9.680855806531158,7191,6383,1593,251,899,894,160,0.249569168102773,1173,71,46,1192,495.6618644444445,1417.95277,3.8030322080136405,1.2088258908780904,6,2,2,7,2,4,7,6,9,9,19,35,54,6,16
BIG RED MACHINE,23,208,9.818405856898032,7468,6629,1665,260,932,926,117,0.2511691054457686,1248,78,27,1216,539.8248011111111,1576.00297,3.8929673157051283,1.2628228926282052,8,5,7,2,3,8,3,8,6,3,25,28,53,7,16
FREE BIRDS,23,249,9.349163778481312,7292,6469,1627,240,885,896,136,0.25150718812799505,1292,80,30,1274,577.6845677777778,1627.6126800000002,4.024118506191951,1.2597621362229103,3,1,3,4,5,9,4,9,2,4,16,28,44,8,16
FREE AT LAST,23,249,8.36377380789032,7830,6929,1727,245,942,925,129,0.2492423149083562,1001,60,51,973,438.7385922222223,1253.7566,3.944702627372628,1.2525040959040958,5,6,6,3,1,1,8,1,4,5,21,19,40,9,16
ERIE LAKERS,23,181,8.074226823408978,7267,6470,1683,241,905,901,113,0.26012364760432766,1138,65,19,1011,546.5161033333334,1523.7635100000002,4.3221835940246045,1.3389837521968369,4,3,4,1,9,3,2,3,1,1,21,10,31,10,16
BLUE SOCKS,23,249,10.285293614302452,7722,6959,1765,227,936,898,200,0.2536283948843225,1237,78,43,1245,509.7569355555556,1506.75901,3.70882168148747,1.2180751899757478,2,6,4,9,5,9,6,8,10,8,26,41,67,1,17
HOOSIERS,23,234,10.264967653533839,7871,6977,1749,253,995,949,226,0.2506808083703598,1115,69,27,1055,468.1058577777778,1399.53525,3.7784329327354262,1.2551885650224215,7,10,9,10,4,5,4,3,9,6,40,27,67,1,17
LOUISVILLE SLUGGERS,23,206,10.72660187798669,7625,6874,1792,260,979,950,171,0.2606924643584521,1035,64,85,1050,448.82345444444445,1311.87407,3.902812647342995,1.2675111787439615,9,9,10,8,8,3,10,2,5,3,44,23,67,1,17
NATIONAL PASTIME,23,258,10.534585588564505,7625,6861,1796,245,948,928,164,0.26176942136714765,1206,75,52,1182,539.5057066666667,1496.7384599999998,4.026161990049752,1.2410766666666666,4,7,7,7,10,8,7,7,3,7,35,32,67,1,17
WESTSIDE MARAUDERS,22,270,10.987260409937445,7057,6330,1641,241,894,881,140,0.25924170616113745,1310,83,43,1346,552.5075444444444,1581.553016,3.795853358778626,1.2072923786259542,3,1,2,5,7,10,6,10,8,10,18,44,62,2,17
BIG RED MACHINE,23,203,9.758768609106669,7542,6703,1663,267,927,932,122,0.2480978666268835,1225,74,59,1136,530.5902966666667,1544.0045800000003,3.898214424489797,1.2604119020408164,10,5,8,2,2,7,8,6,6,4,27,31,58,3,17
MELONHEADS,23,224,9.749780086573129,7178,6368,1594,250,904,898,161,0.2503140703517588,1115,68,76,1092,474.1271222222223,1347.4422200000001,3.8270350672645743,1.2084683587443947,6,2,4,6,3,4,9,4,7,9,21,33,54,4,17
FREE BIRDS,23,255,9.346315940897325,7578,6723,1730,226,913,896,125,0.25732559869106053,1326,83,0,1332,591.75755,1669.68202,4.016453959276019,1.2591870437405732,1,3,3,3,6,10,3,9,4,5,16,31,47,5,17
FREE AT LAST,23,243,8.375505920600746,7865,6891,1688,259,976,923,129,0.2449571905383834,1209,73,0,1105,550.5696177777778,1550.1518700000001,4.098533134822167,1.2821768982630275,8,8,6,4,1,6,3,5,2,2,27,18,45,6,17
ERIE LAKERS,23,190,8.062545497481471,7368,6545,1710,246,925,912,109,0.2612681436210848,1056,60,28,952,496.9774077777777,1393.4933499999997,4.235602907196969,1.3195959753787876,5,4,5,1,9,2,5,1,1,1,24,10,34,7,17
WESTSIDE MARAUDERS,23,261,11.100895390943325,7645,6830,1748,263,959,948,141,0.25592972181551976,1355,85,32,1372,588.9643966666666,1665.719476,3.91194064206642,1.2293132664206643,9,8,8,5,8,10,4,10,7,9,38,40,78,1,18
HOOSIERS,23,233,10.252444933183092,7916,7021,1752,266,1004,980,215,0.24953710297678394,1172,70,17,1118,498.4099755555556,1467.15247,3.827380358361775,1.2518365784982934,10,10,10,10,2,5,3,6,8,5,42,27,69,2,18
LOUISVILLE SLUGGERS,23,214,10.696331855618052,7767,6996,1813,259,995,955,189,0.2591480846197827,970,63,78,1016,409.30762555555566,1215.95987,3.797699618556702,1.2535668762886596,8,9,9,8,9,1,9,2,9,4,43,25,68,3,18
BLUE SOCKS,23,260,10.138919169123168,7442,6717,1714,225,906,881,177,0.25517344052404345,1203,80,40,1278,486.32801333333333,1425.3114799999998,3.6383641895261847,1.1847975727348294,4,2,3,7,6,9,6,9,10,10,22,44,66,4,18
NATIONAL PASTIME,23,251,10.475843604428286,7709,6933,1768,263,946,944,139,0.25501226020481754,1168,72,79,1097,515.3342877777778,1440.18521,3.9708977654109594,1.2330352825342468,9,6,7,4,5,6,10,4,4,8,31,32,63,5,18
BIG RED MACHINE,23,208,9.767862139266787,7580,6722,1699,266,954,935,119,0.2527521570961023,1181,69,54,1109,517.6137155555556,1476.61684,3.9445583742591026,1.250310618120237,10,7,6,2,3,4,7,5,6,6,28,28,56,6,18
MELONHEADS,23,226,10.022545467762349,7563,6730,1708,244,945,921,197,0.2537890044576523,1321,77,0,1247,586.5438611111111,1629.28973,3.996135314155943,1.2333760257380773,6,5,5,9,4,8,1,8,2,7,29,26,55,7,18
FREE BIRDS,23,245,9.110638132885335,7295,6472,1656,220,882,858,109,0.2558714462299135,1215,76,62,1221,534.0377766666668,1537.4703100000002,3.9558353827160504,1.2654076625514405,3,1,1,1,7,7,8,7,5,3,13,30,43,8,18
ERIE LAKERS,23,190,8.12209513151032,7177,6366,1660,248,914,904,124,0.2607602890355011,1126,67,16,982,528.212178888889,1512.6438400000002,4.221944591474245,1.3433781882770872,7,3,4,3,10,2,2,1,1,1,27,7,34,9,18
FREE AT LAST,23,246,8.30464183670741,7533,6598,1638,228,928,869,156,0.24825704759017883,1123,68,35,1055,497.9696622222222,1430.88462,3.9908521460374,1.2741626179875334,5,4,2,6,1,3,5,3,3,2,18,16,34,9,18
LOUISVILLE SLUGGERS,23,205,10.828425765263603,7751,6962,1804,269,1008,962,173,0.25912094225797183,1075,66,53,1097,468.20781111111114,1354.65002,3.9198793488372097,1.2601395534883721,10,10,9,8,9,4,7,4,6,5,46,26,72,1,19
WESTSIDE MARAUDERS,22,270,11.064077050370422,7092,6307,1623,263,915,905,143,0.2573331219280165,1337,86,32,1351,564.2181466666667,1634.427716,3.7980279132385943,1.222459024682124,8,4,5,5,8,10,4,9,9,8,30,40,70,2,19
BLUE SOCKS,23,239,10.21626192325059,7824,7053,1797,234,955,917,192,0.25478519778817527,1173,73,56,1153,503.1119866666667,1428.07556,3.8601942710997443,1.2174557203751066,2,7,7,9,6,5,8,6,8,9,31,36,67,3,19
NATIONAL PASTIME,23,269,10.427746325153453,7447,6685,1715,236,907,882,135,0.25654450261780104,1183,75,84,1208,489.3468866666667,1426.03508,3.7228419103972947,1.2054396280642434,3,2,2,4,7,6,10,7,10,10,18,43,61,4,19
HOOSIERS,23,236,10.301309847033378,7940,7060,1772,259,995,969,222,0.2509915014164306,1256,77,11,1124,566.9077233333333,1588.23414,4.062236871019108,1.264517627388535,7,9,10,10,2,8,2,5,2,4,38,21,59,5,19
MELONHEADS,23,223,9.774106228892867,7374,6538,1659,245,925,905,157,0.25374732334047106,1274,76,19,1242,554.0709566666667,1574.58286,3.9141590345368917,1.2359363108320252,5,5,5,7,5,7,3,8,7,7,27,32,59,5,19
BIG RED MACHINE,23,208,9.879037855309408,7783,6912,1741,268,962,960,125,0.25188078703703703,1103,66,79,1032,485.00305666666674,1414.0567200000003,3.957413880326383,1.282009718948323,9,8,8,2,3,4,9,3,4,2,30,22,52,6,19
FREE BIRDS,23,247,9.395760688555603,7396,6563,1661,237,893,899,131,0.25308547920158464,1372,85,0,1366,608.8030844444445,1746.8494600000001,3.9936062390670557,1.27321389212828,4,1,4,3,4,9,1,10,3,3,16,26,42,7,19
FREE AT LAST,23,250,8.35371569337797,7624,6705,1677,229,942,884,148,0.2501118568232662,1075,62,43,1006,470.9946000000001,1344.65776,3.9432106046511635,1.2508444279069768,1,6,3,6,1,3,6,2,5,6,17,22,39,8,19
ERIE LAKERS,23,192,8.075379885704347,7277,6475,1679,249,913,908,120,0.2593050193050193,986,61,36,916,452.0572411111111,1289.6645299999998,4.12628313387424,1.3079761967545638,6,3,6,1,10,2,5,1,1,1,26,10,36,9,19
WESTSIDE MARAUDERS,23,266,11.037572438041167,7477,6629,1694,278,963,947,138,0.2555438225976769,1344,84,32,1328,581.63481,1645.847266,3.8948759598214284,1.2245887395833333,10,8,9,5,8,9,4,9,8,8,40,38,78,1,20
LOUISVILLE SLUGGERS,23,210,10.672227004031214,7702,6921,1807,256,985,940,161,0.26108943794249384,1105,70,55,1142,472.09651333333335,1394.1604300000001,3.8451299728506787,1.2616836470588237,7,9,8,8,10,5,9,5,9,3,42,31,73,2,20
NATIONAL PASTIME,23,249,10.477517433355178,7633,6856,1750,261,943,935,142,0.25525087514585765,1253,78,52,1186,548.1721744444444,1563.85777,3.93738992019154,1.248090798084597,8,5,7,6,7,8,8,7,5,6,33,34,67,3,20
BLUE SOCKS,23,247,10.139704470530562,7592,6842,1740,220,914,882,214,0.2543116047939199,1032,68,102,1078,427.0404533333334,1233.4137799999999,3.7241900000000006,1.1951683914728681,2,2,3,9,5,4,10,4,10,10,21,38,59,4,20
HOOSIERS,23,231,10.325280073800503,8147,7227,1819,268,1029,1001,221,0.2516950325169503,1124,65,41,1035,509.16861111111115,1463.34334,4.076972864768683,1.3019068861209964,9,10,10,10,2,2,7,2,2,2,41,15,56,5,20
BIG RED MACHINE,23,214,9.790499777388808,7503,6661,1692,254,949,923,146,0.25401591352649755,1240,75,27,1160,536.7211022222223,1555.7362899999998,3.895556387096774,1.2546260403225804,6,6,6,7,4,6,2,6,7,5,29,26,55,6,20
MELONHEADS,23,218,9.847175424697722,7325,6524,1646,244,916,902,161,0.25229920294297975,1258,77,30,1241,553.94628,1532.6973400000002,3.9630496979332275,1.2183603656597775,5,3,5,8,3,7,3,8,3,9,24,30,54,7,20
FREE BIRDS,23,254,9.440294402753985,7344,6541,1664,227,875,881,117,0.2543953523926005,1421,87,0,1400,615.5343611111113,1785.3726900000001,3.8985286769880374,1.2564199085151302,3,1,2,2,6,10,1,10,6,4,14,31,45,8,20
ERIE LAKERS,23,202,8.239591035651426,7567,6725,1738,254,959,935,128,0.25843866171003715,966,57,36,864,440.37095444444446,1269.41502,4.102834979296067,1.3140942236024844,6,7,7,3,9,1,5,1,1,1,32,9,41,9,20
FREE AT LAST,23,250,8.389851217352703,7603,6676,1656,236,933,888,130,0.24805272618334331,1091,66,38,1061,478.03623333333337,1357.38992,3.943470302474794,1.2441704124656279,4,4,4,4,1,3,6,3,4,7,17,23,40,10,20
WESTSIDE MARAUDERS,23,267,10.996244890187032,7362,6625,1719,240,915,904,140,0.2594716981132075,1290,82,51,1328,542.3591866666667,1575.876506,3.7839013023255816,1.2216096945736434,5,5,7,4,9,9,7,10,8,8,30,42,72,1,21
LOUISVILLE SLUGGERS,23,210,10.773052458368644,8075,7287,1889,269,1012,988,175,0.25922876355153013,1104,66,44,1062,481.996458888889,1385.68325,3.9293189583333343,1.2551478713768116,8,10,10,8,8,4,6,4,5,6,44,25,69,2,21
NATIONAL PASTIME,23,264,10.320336604506783,7461,6688,1721,237,915,883,146,0.25732655502392343,1190,76,82,1189,499.8478544444444,1448.0550400000002,3.780361924369748,1.2168529747899162,4,5,5,5,7,7,10,6,10,9,26,42,68,3,21
BLUE SOCKS,23,246,9.952212191233379,7421,6697,1718,219,897,873,193,0.25653277586979245,1141,74,61,1201,479.6434122222223,1360.9553899999999,3.7833397984224373,1.1927742243645922,1,4,2,9,6,6,9,7,9,10,22,41,63,4,21
MELONHEADS,23,216,9.739310493940382,7282,6459,1614,248,915,898,172,0.24988388295401764,1379,83,0,1303,597.3366488888889,1717.0145799999998,3.8984987962291515,1.2451157215373458,6,5,6,6,3,10,2,9,6,7,26,34,60,5,21
HOOSIERS,23,237,10.425497557721581,7886,7005,1749,270,1007,976,218,0.24967880085653105,1110,66,55,1052,498.61172444444446,1415.36997,4.0427977657657665,1.275108081081081,9,9,9,10,2,4,8,3,2,2,39,19,58,6,21
BIG RED MACHINE,23,203,9.698709574982576,7651,6791,1691,276,960,948,113,0.24900603740244442,1233,74,27,1143,533.9908533333333,1562.34722,3.897743454987835,1.267110478507705,10,8,8,3,1,6,4,5,7,3,30,25,55,7,21
ERIE LAKERS,23,196,8.396974828180314,7445,6615,1719,262,939,948,113,0.2598639455782313,1000,59,42,880,463.3982966666667,1331.0065399999999,4.17058467,1.33100654,7,6,8,3,10,3,5,1,1,1,34,11,45,8,21
FREE BIRDS,23,245,9.151594382197846,7333,6476,1657,226,891,877,111,0.25586781964175415,1286,79,27,1288,572.2669166666667,1616.63036,4.004978421461898,1.2570998133748057,2,3,3,2,5,8,4,8,4,5,15,29,44,9,21
FREE AT LAST,23,249,8.413666944181205,7557,6625,1657,230,952,879,174,0.2501132075471698,1101,68,24,1049,493.2701411111112,1388.2949899999999,4.032180990009084,1.2609400454132607,3,7,4,7,4,5,3,2,3,4,25,17,42,10,21
WESTSIDE MARAUDERS,23,269,11.056387480198628,7565,6776,1752,251,947,925,143,0.25855962219598583,1342,83,32,1358,570.0592,1641.5233660000001,3.8230497764530553,1.2231917779433683,6,7,6,5,7,10,4,10,9,10,31,43,74,1,22
HOOSIERS,23,230,10.27659520961433,8000,7096,1767,267,1006,976,219,0.24901352874859076,1007,64,59,976,423.7965855555556,1255.1522400000001,3.7876556802383323,1.2464272492552135,10,10,10,10,2,5,9,2,10,5,42,31,73,2,22
LOUISVILLE SLUGGERS,23,209,10.672423002265102,7562,6803,1775,253,966,924,170,0.26091430251359693,1175,73,36,1228,513.62374,1450.4583599999999,3.934139285106383,1.2344326468085105,7,9,5,8,10,8,5,9,5,6,39,33,72,3,22
BLUE SOCKS,23,245,10.209511063320402,7778,7012,1794,238,952,930,195,0.2558471192241871,1155,72,48,1150,492.3163777777778,1419.5007,3.836231515151516,1.229004935064935,3,8,8,9,6,7,7,5,8,8,34,35,69,4,22
NATIONAL PASTIME,23,267,10.535997650360455,7542,6785,1760,246,936,915,162,0.2593957258658806,1112,71,84,1137,477.98432333333335,1368.59094,3.86857815647482,1.230747248201439,4,4,4,7,8,6,10,4,7,7,27,34,61,5,22
MELONHEADS,23,220,9.768768836950091,7279,6449,1617,250,919,897,160,0.2507365483020623,1224,75,38,1207,529.6255100000001,1499.35612,3.894305220588236,1.2249641503267974,5,2,3,6,3,9,6,8,6,9,19,38,57,6,22
BIG RED MACHINE,23,200,9.732380046205334,7573,6753,1694,259,939,929,121,0.2508514734192211,1236,75,27,1178,542.1178355555555,1566.8943700000002,3.9474599676375406,1.2677138915857606,9,5,7,2,4,9,3,6,4,4,27,26,53,7,22
ERIE LAKERS,23,202,8.3194393236643,7431,6615,1721,254,943,931,119,0.2601662887377173,1087,64,16,924,495.7960488888889,1418.7237,4.105027083716652,1.3051735970561178,8,6,9,1,9,5,2,1,1,1,33,10,43,8,22
FREE BIRDS,23,242,9.02862503876969,7214,6371,1625,223,874,863,128,0.2550619996860775,1213,75,57,1201,535.1040100000001,1539.45785,3.970268829348723,1.2691326051112943,1,1,1,3,5,9,8,7,3,3,11,30,41,9,22
FREE AT LAST,23,249,8.267472274151409,7529,6608,1629,236,921,884,138,0.24651937046004843,1283,75,16,1136,582.2978622222222,1641.5762,4.084708308651598,1.279482618862042,2,3,2,4,1,9,2,3,2,2,12,18,30,10,22
WESTSIDE MARAUDERS,23,267,11.242711943146718,7778,6957,1772,272,986,962,148,0.2547074888601409,1336,84,32,1327,577.2029655555556,1639.617116,3.8883433308383233,1.2272583203592813,10,9,9,4,6,10,3,10,7,9,38,39,77,1,23
LOUISVILLE SLUGGERS,23,209,10.67853925864221,7443,6699,1746,252,964,922,177,0.2606359158083296,1183,75,38,1196,509.59422,1467.00358,3.8768791039729504,1.240070650887574,7,8,6,9,9,6,6,7,9,7,39,35,74,2,23
NATIONAL PASTIME,23,255,10.466262648760985,7566,6826,1765,251,931,924,150,0.2585701728684442,1239,76,52,1187,546.4152155555556,1524.7388300000002,3.969117788539145,1.2306205246166264,6,4,7,5,8,7,9,6,3,8,30,33,63,3,23
BLUE SOCKS,23,242,10.111972009180864,7432,6715,1718,224,902,887,171,0.2558451228592703,1311,82,29,1320,547.0307555555555,1587.35621,3.7553598779557587,1.210798024408848,3,2,2,8,7,9,2,9,10,10,22,40,62,4,23
HOOSIERS,23,236,10.203713653125751,8094,7183,1798,268,1020,994,215,0.2503132395934846,1116,68,33,1026,489.89038222222223,1419.6527099999998,3.9507288888888885,1.2720902419354838,8,10,10,10,3,4,4,3,5,3,41,19,60,5,23
MELONHEADS,23,217,9.80647383331287,7437,6566,1650,252,942,909,157,0.2512945476698142,1116,67,74,1093,482.06858111111114,1388.56346,3.8876498476702506,1.2442324910394267,7,5,5,6,4,3,10,4,8,6,27,31,58,6,23
BIG RED MACHINE,23,210,9.8220999748153,7587,6710,1674,271,951,943,118,0.24947839046199702,1195,72,46,1159,516.8891088888889,1496.53297,3.8928886861924688,1.2523288451882846,9,6,8,1,1,5,8,5,6,5,25,29,54,7,23
FREE BIRDS,23,246,9.12144187612612,7326,6505,1648,218,866,858,136,0.25334358186010764,1288,81,32,1285,566.7171177777778,1614.1618199999998,3.9599798602484477,1.2532312267080743,2,1,1,3,5,8,3,8,4,4,12,27,39,8,23
FREE AT LAST,23,250,8.384997081246311,7736,6792,1697,232,953,891,169,0.2498527679623086,1048,60,43,977,464.56699222222227,1343.6272599999998,3.989602032442748,1.2820870801526716,4,7,3,7,2,1,7,2,2,2,23,14,37,9,23
ERIE LAKERS,23,201,8.151459416328352,7235,6451,1698,242,912,904,120,0.2632150054255154,1002,62,34,925,462.3461544444445,1319.97989,4.152809770459083,1.3173451996007985,5,3,4,2,10,2,5,1,1,1,24,10,34,10,23
WESTSIDE MARAUDERS,23,267,11.020150150429727,7554,6732,1723,271,962,951,140,0.255941770647653,1250,78,54,1272,530.7105511111112,1539.181806,3.8211159680000004,1.2313454448,10,8,9,5,6,9,7,9,7,8,38,40,78,1,24
LOUISVILLE SLUGGERS,23,215,10.706075899971783,7646,6890,1799,254,979,935,179,0.2611030478955007,1074,70,53,1119,451.90121777777773,1337.0574000000001,3.786881713221601,1.244932402234637,7,9,8,8,10,4,6,4,9,6,42,29,71,2,24
NATIONAL PASTIME,23,266,10.438519388087737,7671,6899,1784,241,935,913,143,0.25858820118857806,1192,75,63,1181,505.5314233333333,1449.94064,3.8169318875838925,1.2163931543624162,3,5,5,6,8,8,9,8,8,9,27,42,69,3,24
BLUE SOCKS,23,245,9.962925909194277,7421,6697,1718,219,897,873,193,0.25653277586979245,1103,70,80,1158,453.3974933333334,1330.5393199999999,3.699526237533999,1.2062913145965548,1,2,1,9,7,4,10,7,10,10,20,41,61,4,24
HOOSIERS,23,234,10.313505501723725,7860,6978,1746,261,1004,968,221,0.25021496130696474,1092,67,38,1046,464.5681844444445,1368.46238,3.828858663003664,1.2531706776556777,8,10,10,10,2,3,5,2,6,5,40,21,61,4,24
MELONHEADS,23,213,9.786500859146214,7325,6524,1646,244,916,902,161,0.25229920294297975,1199,74,57,1144,522.1471011111112,1486.16843,3.9193693994995837,1.2395066138448707,5,3,4,7,4,7,8,6,4,7,23,32,55,5,24
BIG RED MACHINE,23,210,9.816306225150454,7531,6667,1675,264,949,930,128,0.25123743812809357,1211,72,54,1123,526.8355944444445,1524.25888,3.9153760115606944,1.2586778530140381,9,6,7,2,3,5,7,5,5,3,27,25,52,6,24
FREE BIRDS,23,249,9.309519091707811,7396,6563,1661,237,893,899,131,0.25308547920158464,1364,84,0,1329,608.7384433333333,1713.0011299999999,4.016602631964809,1.255865931085044,2,1,3,3,5,10,2,10,3,4,14,29,43,7,24
FREE AT LAST,23,246,8.39807996891574,7865,6914,1715,245,961,915,139,0.24804743997685855,1232,73,2,1112,571.3261788888889,1575.76742,4.173649034090909,1.2790319967532466,6,7,6,4,1,6,3,3,2,2,24,16,40,8,24
ERIE LAKERS,23,188,8.141885751043686,7309,6491,1684,243,923,898,120,0.2594361423509475,1117,64,12,1011,527.5653055555556,1476.85644,4.250750000000001,1.3221633303491496,4,4,2,1,9,2,4,1,1,1,20,9,29,9,24
WESTSIDE MARAUDERS,22,270,11.144376422750373,7477,6620,1687,262,963,924,151,0.25483383685800604,1357,85,32,1306,584.8620222222222,1654.5256259999999,3.8789669859985265,1.2192524878408253,9,7,7,6,5,10,5,10,5,9,34,39,73,1,25
LOUISVILLE SLUGGERS,23,214,10.892692010916843,7716,6946,1796,267,996,962,200,0.2585660811978117,1055,66,46,1092,461.1535922222223,1300.6211399999997,3.934011687203792,1.2328162464454975,10,9,9,9,8,4,6,3,4,7,45,24,69,2,25
BLUE SOCKS,23,239,10.26596236444121,7883,7111,1814,235,969,929,199,0.2550977359021235,1152,72,46,1177,491.65497000000005,1418.0065800000002,3.841054453125,1.2309084895833335,3,8,8,8,6,7,6,6,7,8,33,34,67,3,25
HOOSIERS,23,239,10.307470758204266,7972,7071,1780,259,1004,968,227,0.2517324282279734,1007,65,52,987,415.5106044444445,1259.52236,3.713600238331679,1.250766991062562,8,10,10,10,3,3,7,1,10,4,41,25,66,4,25
NATIONAL PASTIME,23,265,10.378538462002236,7401,6635,1727,234,913,889,147,0.26028636021100227,1211,75,79,1180,511.9852333333333,1475.35431,3.805009991742361,1.2182942279108175,2,4,1,5,9,8,10,7,9,10,21,44,65,5,25
MELONHEADS,23,226,9.866264412845252,7115,6302,1588,257,901,898,156,0.2519834973024437,1279,80,19,1273,541.2932011111111,1583.2343200000003,3.808943557466771,1.2378688975762315,7,1,3,7,4,9,4,9,8,6,22,36,58,6,25
BIG RED MACHINE,23,209,9.70651344911037,7440,6636,1665,256,917,915,114,0.25090415913200725,1168,71,59,1152,502.8733022222223,1456.05102,3.874879897260275,1.246619023972603,6,5,6,2,2,6,9,5,6,5,21,31,52,7,25
FREE BIRDS,23,249,9.311098785465408,7526,6659,1700,235,911,892,101,0.25529358762576965,1206,75,57,1196,537.7140788888889,1519.92554,4.012791633499171,1.2603031011608623,3,3,2,1,7,8,8,8,3,3,16,30,46,8,25
ERIE LAKERS,23,190,8.06947999518291,7221,6438,1681,243,906,901,120,0.2611059335197266,1195,67,12,1005,566.2985355555555,1591.0305400000002,4.265009891213389,1.3314063096234312,5,2,4,3,10,5,3,2,1,1,24,12,36,9,25
FREE AT LAST,23,238,8.347555782121361,7652,6755,1673,239,919,903,131,0.24766839378238342,1204,71,11,1127,549.3759533333334,1542.9624099999999,4.106630880398671,1.2815302408637872,4,6,5,4,1,6,2,4,2,2,20,16,36,9,25
WESTSIDE MARAUDERS,21,270,10.952980321787614,7281,6518,1674,256,914,912,150,0.25682724762196996,1182,75,32,1252,493.1505244444445,1428.6456160000002,3.754953231810491,1.2086680338409477,8,4,4,6,8,8,6,8,10,9,30,41,71,1,26
LOUISVILLE SLUGGERS,23,206,10.720148747148079,7697,6946,1810,256,976,941,166,0.26058162971494386,1166,72,36,1185,521.29463,1465.56936,4.023714982847341,1.2569205488850772,8,9,9,7,9,6,7,7,3,4,42,27,69,2,26
NATIONAL PASTIME,23,259,10.481540863197605,7675,6901,1767,262,945,945,140,0.25604984784813795,1077,68,90,1069,464.60542,1320.39391,3.8824965459610024,1.2259924883936861,9,7,10,4,6,5,10,3,7,8,36,33,69,2,26
BLUE SOCKS,23,244,10.16588061589862,7449,6750,1729,226,893,889,173,0.2561481481481481,1335,83,29,1313,562.1648344444445,1612.51263,3.789875288389514,1.2078746292134832,3,3,2,9,7,10,5,10,9,10,24,44,68,3,26
HOOSIERS,23,229,10.212923598776438,7696,6808,1701,255,976,937,199,0.24985311398354876,1074,66,66,1074,460.3447844444445,1347.6994,3.8576378584729984,1.2548411545623837,7,9,8,10,2,4,9,4,8,5,36,30,66,4,26
MELONHEADS,23,226,9.811089521857951,7447,6606,1661,249,936,916,173,0.25143808658795036,1206,73,49,1120,527.7495177777778,1485.0403900000001,3.938429237147596,1.2313767744610282,5,5,5,9,4,7,8,5,5,7,28,32,60,5,26
BIG RED MACHINE,23,198,9.752715610087705,7531,6667,1675,264,949,930,128,0.25123743812809357,1296,79,27,1183,560.326058888889,1674.1736500000002,3.8911531867283955,1.2918006558641977,10,8,6,3,3,9,3,6,6,2,30,26,56,6,26
FREE BIRDS,23,249,9.102301064043111,7291,6470,1655,211,870,850,141,0.25579598145285937,1279,79,32,1285,568.5921155555557,1593.6255899999999,4.001039124315872,1.2459934245504298,2,2,1,5,5,9,6,9,4,6,15,34,49,7,26
ERIE LAKERS,23,204,8.338944760030907,7450,6628,1728,253,944,932,116,0.26071213035606516,971,60,28,915,436.23323,1258.21119,4.04335640576725,1.2957890731204944,6,6,7,2,10,2,4,1,2,1,31,10,41,8,26
FREE AT LAST,23,246,8.361300182970972,7753,6788,1688,241,978,901,167,0.2486741308190925,1114,64,24,1005,504.96279777777784,1424.85833,4.079591723518852,1.2790469748653501,4,10,3,8,1,3,2,2,1,3,26,11,37,9,26
NATIONAL PASTIME,23,264,10.584699993834334,7608,6824,1711,270,921,951,136,0.2507327080890973,1272,79,52,1242,541.8948855555556,1545.1117800000002,3.834161926100629,1.2147105188679246,10,5,9,4,2,8,9,6,8,10,30,41,71,1,27
WESTSIDE MARAUDERS,23,267,10.905623382872145,7253,6504,1685,246,918,903,143,0.25907134071340715,1276,82,51,1327,534.3325855555556,1561.0392259999999,3.768803503134797,1.223384973354232,5,4,4,5,8,10,8,10,9,8,26,45,71,1,27
HOOSIERS,23,241,10.304337983726173,8070,7153,1803,260,1025,975,226,0.2520620718579617,966,60,49,953,398.9443722222222,1184.1492,3.7168730331262942,1.2258273291925466,8,10,10,10,4,2,7,2,10,6,42,27,69,2,27
BLUE SOCKS,23,239,10.217171269840982,7824,7053,1797,234,955,917,192,0.25478519778817527,1204,77,29,1246,517.1785177777779,1467.46522,3.8659523754152834,1.2188249335548174,4,8,5,9,6,7,6,7,6,9,32,35,67,3,27
LOUISVILLE SLUGGERS,23,211,10.776694092186961,7751,6939,1806,259,1010,949,183,0.26026805015131865,1136,69,52,1131,513.0848688888889,1445.54641,4.064932940140845,1.272488036971831,7,9,8,8,9,5,9,5,3,3,41,25,66,4,27
MELONHEADS,23,223,9.729238044997972,7244,6430,1614,246,911,894,173,0.2510108864696734,1305,80,11,1273,566.9291666666667,1598.9242100000001,3.9098563218390807,1.2252292796934867,5,3,3,7,3,9,3,9,5,7,21,33,54,5,27
BIG RED MACHINE,23,208,9.738729316712412,7489,6674,1664,264,921,924,120,0.24932574168414745,1032,63,116,1003,442.1548444444445,1291.2082300000002,3.8560015503875973,1.2511707655038762,9,5,6,3,1,3,10,3,7,5,24,28,52,6,27
ERIE LAKERS,23,195,8.322076898576881,7326,6516,1701,257,926,932,115,0.2610497237569061,1092,64,26,934,504.7939077777778,1472.09177,4.16038934981685,1.3480693864468865,6,6,7,2,10,4,4,1,1,1,31,11,42,7,27
FREE BIRDS,23,239,9.032665050445553,7305,6437,1634,229,889,868,114,0.2538449588317539,1304,79,27,1271,576.0118133333334,1648.64416,3.9755416564417185,1.2642976687116565,3,2,2,1,5,8,5,8,4,4,13,29,42,7,27
FREE AT LAST,23,246,8.256135630983936,7575,6699,1709,212,928,860,154,0.25511270338856545,1247,74,0,1115,567.3965311111111,1587.0536399999999,4.095083223736969,1.2726973857257418,2,7,1,6,7,6,2,4,2,2,23,16,39,8,27
WESTSIDE MARAUDERS,23,270,11.06051185852875,7418,6653,1710,251,930,919,154,0.2570269051555689,1374,85,32,1380,583.0107133333333,1673.1482660000001,3.8188474672489083,1.2177207176128095,7,5,6,6,8,10,5,10,9,8,32,42,74,1,28
NATIONAL PASTIME,23,258,10.389543280534859,7493,6673,1669,265,917,918,118,0.25011239322643486,1209,77,84,1194,504.5398711111111,1469.2999100000002,3.755879933829611,1.2153018279569894,10,3,5,3,2,8,10,7,10,9,23,44,67,2,28
BLUE SOCKS,23,241,10.197466413115098,7774,7014,1785,234,956,921,197,0.25449101796407186,1069,66,73,1123,457.3872711111112,1282.24275,3.8507815154349863,1.1994787184284377,4,7,7,8,7,3,9,3,8,10,33,33,66,3,28
LOUISVILLE SLUGGERS,23,209,10.647786709158153,7578,6849,1815,235,977,903,203,0.26500219010074466,1119,69,58,1141,492.5098522222222,1431.04817,3.9612052457551385,1.2788634226988382,5,9,3,9,10,4,8,5,5,3,36,25,61,4,28
MELONHEADS,23,218,9.696493723006755,7216,6421,1626,243,902,893,160,0.25323158386544153,1259,79,30,1201,546.6081544444445,1549.1525599999998,3.9074451072279586,1.2304627164416202,6,2,2,7,6,9,4,8,7,7,23,35,58,5,28
HOOSIERS,23,228,10.252714988477631,7998,7086,1789,255,1015,963,225,0.2524696584815128,1251,75,0,1128,561.1219988888889,1601.34148,4.036848912869704,1.2800491446842526,8,10,10,10,4,7,1,4,1,2,42,15,57,6,28
BIG RED MACHINE,23,207,9.847825980124641,7783,6912,1741,265,964,958,135,0.25188078703703703,1260,75,27,1157,564.2959966666667,1610.36933,4.030685690476191,1.2780708968253969,10,8,9,4,3,7,3,6,2,4,34,22,56,7,28
FREE BIRDS,23,256,9.253301052670638,7435,6617,1673,243,896,908,101,0.2528336103974611,1188,73,46,1222,517.2632900000001,1482.65425,3.9186612878787885,1.248025462962963,6,1,4,1,5,6,6,9,6,6,17,33,50,8,28
ERIE LAKERS,23,207,8.322697322246007,7326,6516,1701,257,926,932,115,0.2610497237569061,923,57,47,861,409.0397555555556,1207.00459,3.9884699891657642,1.3076972806067173,9,4,8,2,9,2,7,1,4,1,32,15,47,9,28
FREE AT LAST,23,239,8.32133036682295,7613,6663,1657,234,944,879,153,0.24868677772775027,1182,71,16,1088,526.9445900000001,1494.9725399999998,4.0122684517766505,1.2647821827411165,4,6,1,5,1,5,2,2,3,5,17,17,34,10,28
LOUISVILLE SLUGGERS,23,211,10.687785625829273,7513,6749,1758,254,968,925,183,0.26048303452363314,1192,74,36,1206,526.4648111111112,1491.72633,3.9749859899328865,1.2514482634228188,7,9,7,8,10,7,6,8,4,6,41,31,72,1,29
HOOSIERS,23,255,10.413638755384211,7815,6928,1735,249,990,939,216,0.250433025404157,1194,75,19,1135,497.0263133333333,1453.73331,3.746429497487437,1.2175320854271356,5,10,10,10,2,8,2,5,10,9,37,34,71,2,29
NATIONAL PASTIME,23,257,10.55708622774409,7744,6936,1767,264,952,938,135,0.254757785467128,1140,74,84,1131,489.4166577777778,1415.1484800000003,3.8638157192982456,1.2413583157894739,10,7,9,3,5,7,10,3,8,7,34,35,69,3,29
BLUE SOCKS,23,233,10.038482106382256,7925,7192,1848,227,939,929,186,0.25695216907675195,1168,73,46,1160,506.07609111111117,1433.08674,3.899558921232877,1.2269578253424658,2,5,8,9,7,6,8,7,6,8,31,35,66,4,29
WESTSIDE MARAUDERS,21,270,10.880815151883565,6721,6017,1560,236,857,848,137,0.2592654146584677,1312,84,32,1386,552.6083755555557,1586.7009560000001,3.7907586737804886,1.2093757286585367,3,1,2,4,8,10,5,10,9,10,18,44,62,5,29
MELONHEADS,23,220,9.832935952816204,7514,6640,1677,252,953,921,154,0.25256024096385543,1175,71,52,1138,518.1805633333335,1472.8126300000001,3.9690426127659584,1.2534575574468085,6,8,6,7,4,5,9,6,5,5,31,30,61,6,29
BIG RED MACHINE,23,204,9.747354547393222,7451,6652,1676,255,931,916,129,0.25195429945880937,1186,71,46,1133,513.3283122222223,1496.94814,3.8954087774030355,1.2621822428330522,8,3,5,2,3,5,8,4,7,3,21,27,48,7,29
FREE BIRDS,23,241,8.95101388205597,7116,6305,1616,217,867,855,139,0.256304520222046,1309,80,27,1259,583.4428177777779,1650.8450899999998,4.011447944996181,1.2611498013750952,1,2,3,5,6,9,3,9,3,4,17,28,45,8,29
ERIE LAKERS,23,198,8.351356539821925,7382,6553,1699,263,933,939,115,0.2592705631008698,1012,61,28,916,459.3805533333333,1331.9108199999998,4.085400177865613,1.3161174110671936,9,4,10,1,9,3,4,1,1,1,33,10,43,9,29
FREE AT LAST,23,242,8.446739070799206,7697,6749,1664,247,946,901,152,0.2465550451918803,1146,64,43,1031,516.7969977777777,1468.3213499999997,4.058615165794066,1.2812577225130888,4,6,4,6,1,4,7,2,2,2,21,17,38,10,29
WESTSIDE MARAUDERS,23,265,11.100950807479403,7547,6720,1721,272,964,952,141,0.25610119047619045,1263,79,54,1293,546.8443922222223,1558.410996,3.8967533887569283,1.2338962755344418,10,8,9,5,6,9,9,10,6,8,38,42,80,1,30
LOUISVILLE SLUGGERS,23,216,10.699963216125212,7321,6551,1678,247,927,891,177,0.2561441001373836,1192,76,50,1222,484.8475133333333,1471.29448,3.660761426174497,1.2343074496644295,6,5,3,8,7,7,7,8,10,7,29,39,68,2,30
BLUE SOCKS,23,246,10.25936929363171,7803,7033,1801,228,946,909,208,0.2560784871320916,1224,78,29,1217,522.0284833333334,1486.16474,3.8384447303921574,1.2141868790849673,2,6,5,9,5,8,4,7,9,10,27,38,65,3,30
NATIONAL PASTIME,23,252,10.448015225103134,7713,6952,1794,254,948,936,151,0.2580552359033372,1208,76,52,1158,537.66773,1503.7520500000003,4.005802624172185,1.2448278559602652,7,7,8,6,8,7,8,5,3,6,36,29,65,3,30
HOOSIERS,23,231,10.236693310588127,7898,7018,1755,264,1002,969,217,0.250071245369051,1202,74,12,1091,526.4407933333333,1526.46065,3.9417363893510813,1.2699339850249585,9,10,10,10,3,6,2,4,5,2,42,19,61,4,30
BIG RED MACHINE,23,209,9.730986772726494,7426,6610,1652,262,923,920,122,0.24992435703479576,1112,68,86,1076,477.75308777777786,1385.84064,3.866706645683454,1.2462595683453237,8,3,7,2,2,5,10,3,8,5,22,31,53,5,30
MELONHEADS,23,218,9.69717434409743,7339,6527,1651,245,918,909,157,0.25294928757468976,1263,74,27,1200,544.9527055555557,1550.81395,3.8832734362628667,1.2278811955661124,4,2,5,7,4,6,3,6,7,9,22,31,53,5,30
FREE BIRDS,23,249,9.170917878148002,7326,6495,1679,219,887,874,117,0.25850654349499613,1289,81,30,1271,575.9613900000002,1632.90671,4.021452684251359,1.266801171450737,1,1,2,1,9,10,5,9,2,3,14,29,43,6,30
FREE AT LAST,23,255,8.368438048013726,7802,6852,1710,240,965,912,140,0.24956217162872155,1030,60,46,993,452.4155211111111,1300.8108000000002,3.953145330097087,1.2629231067961166,3,9,6,4,1,3,6,2,4,4,23,19,42,7,30
ERIE LAKERS,23,192,8.15486276826411,7270,6471,1683,246,924,901,126,0.26008344923504867,1051,61,27,974,493.80987666666664,1384.77883,4.228628820171266,1.3175821408182682,5,4,4,3,10,4,3,1,1,1,26,10,36,8,30
WESTSIDE MARAUDERS,21,270,10.98006589794621,7281,6455,1650,273,939,925,135,0.25561580170410536,1149,75,43,1185,477.99357999999995,1398.3632660000003,3.744075039164491,1.2170263411662317,10,7,8,4,6,8,5,7,10,10,35,40,75,1,31
BLUE SOCKS,23,245,10.305807893795114,7862,7091,1818,229,960,921,215,0.2563813284445071,1237,76,29,1202,532.42204,1523.17479,3.8737254324979795,1.2313458286176233,2,8,7,10,7,9,3,9,7,8,34,36,70,2,31
LOUISVILLE SLUGGERS,23,216,10.78654049371641,7917,7149,1850,267,999,970,175,0.258777451391803,1027,64,58,1065,442.88279222222224,1281.30451,3.881153972736125,1.2476188023369035,9,9,9,8,8,4,8,2,6,5,43,25,68,3,31
NATIONAL PASTIME,23,260,10.395097025207338,7450,6670,1731,240,920,894,137,0.25952023988005996,1294,81,52,1254,544.0552766666667,1601.92614,3.7840011514683156,1.2379645595054096,4,3,3,5,10,10,6,10,9,7,25,42,67,4,31
MELONHEADS,23,231,9.896438394086088,7388,6541,1652,246,936,909,169,0.25256077052438464,1103,67,68,1131,466.5820622222223,1351.5885,3.807106582048958,1.2253748866727108,5,6,5,7,5,5,10,5,8,9,28,37,65,5,31
HOOSIERS,23,225,10.304384422285015,7949,7032,1768,263,1008,971,204,0.2514220705346985,1218,73,33,1078,543.2501155555556,1550.96162,4.0141634154351395,1.2733675041050903,8,10,10,9,4,7,4,3,3,2,41,19,60,6,31
BIG RED MACHINE,23,207,9.775905348966205,7475,6651,1665,254,925,914,125,0.2503382949932341,1186,72,59,1151,517.8753966666667,1478.28558,3.929914477234401,1.24644652613828,7,5,6,2,1,6,9,6,5,6,21,32,53,7,31
FREE BIRDS,23,250,9.319013251592446,7348,6515,1636,239,891,886,127,0.2511128165771297,1187,75,57,1201,525.038248888889,1490.47901,3.9809134288121326,1.2556689216512216,3,1,2,3,2,8,7,8,4,4,11,31,42,8,31
FREE AT LAST,23,246,8.318047211945084,7589,6720,1689,229,923,894,138,0.2513392857142857,1197,73,2,1119,540.5066033333334,1518.77199,4.063959423558898,1.2688153634085213,2,4,3,6,3,7,1,4,2,3,18,17,35,9,31
ERIE LAKERS,23,188,8.186020962434231,7277,6475,1679,249,913,908,120,0.2593050193050193,1102,63,12,1015,508.8177977777778,1415.8746600000004,4.155499255898367,1.2848227404718697,6,2,4,1,9,3,2,1,1,1,22,8,30,10,31
WESTSIDE MARAUDERS,23,266,11.17460733354866,7603,6768,1729,264,980,940,180,0.25546690307328607,1279,79,54,1280,558.7942166666667,1580.8271860000002,3.9320937842064114,1.235986853792025,9,9,9,8,6,9,7,10,5,6,41,37,78,1,32
LOUISVILLE SLUGGERS,23,215,10.561043467414027,7494,6739,1755,260,965,933,164,0.26042439531087697,993,65,79,1057,417.99605555555553,1224.26471,3.788483887210473,1.2328949748237663,8,8,7,6,10,4,9,2,10,7,39,32,71,2,32
BLUE SOCKS,23,252,10.281643138746999,7872,7098,1818,229,949,915,206,0.25612848689771767,1130,72,56,1145,477.38247888888895,1365.2457,3.802161336283186,1.20818203539823,2,7,5,9,7,7,8,5,9,10,30,39,69,3,32
NATIONAL PASTIME,23,267,10.455591264288804,7528,6740,1737,237,927,891,149,0.25771513353115727,1203,76,84,1172,509.74772444444443,1458.57062,3.8135739983374894,1.2124444056525352,5,4,3,5,8,8,10,6,8,9,25,41,66,4,32
HOOSIERS,23,236,10.310018905263092,8000,7089,1772,269,1015,990,214,0.24996473409507688,1159,69,17,1099,493.4797144444445,1449.21124,3.8320253925798102,1.2503979637618639,10,10,10,10,2,5,2,3,7,5,42,22,64,5,32
MELONHEADS,23,225,9.737880678260701,7167,6388,1608,253,906,898,169,0.2517219787100814,1275,79,11,1231,551.607258888889,1561.63184,3.8936982980392165,1.22480928627451,6,2,4,7,3,9,1,8,6,8,22,32,54,6,32
BIG RED MACHINE,23,204,9.765622749897354,7461,6621,1670,259,937,918,117,0.252227760157076,1291,76,27,1206,565.5493877777778,1628.6709500000002,3.942637095274981,1.2615576684740513,7,5,6,3,4,8,4,7,4,4,25,27,52,7,32
FREE BIRDS,23,244,9.331562199874968,7421,6582,1672,233,898,888,117,0.2540261318748101,1296,81,30,1276,573.3513211111112,1652.43902,3.9816063966049393,1.2750301080246913,3,1,2,3,5,10,5,9,3,3,14,30,44,8,32
ERIE LAKERS,23,190,8.15310495456819,7555,6692,1733,253,946,938,109,0.2589659294680215,1032,59,36,907,486.4045911111111,1378.25461,4.241900503875969,1.3355180329457363,6,6,8,2,9,3,6,1,1,1,31,12,43,9,32
FREE AT LAST,23,241,8.307488162118158,7568,6691,1668,236,914,898,120,0.24929009116723957,1176,71,19,1122,528.4087444444444,1502.11797,4.043944472789116,1.2773111989795918,4,3,4,4,1,6,3,4,2,2,16,17,33,10,32
NATIONAL PASTIME,23,254,10.46633592425749,7709,6933,1768,263,946,944,139,0.25501226020481754,1193,76,52,1175,524.3936066666666,1461.70471,3.956028885163453,1.2252344593461861,10,7,9,5,6,8,8,6,4,8,37,34,71,1,33
WESTSIDE MARAUDERS,21,270,10.902550988553708,6721,6017,1560,236,857,848,137,0.2592654146584677,1258,78,59,1316,527.5373955555556,1509.130196,3.774114912559618,1.199626546899841,5,2,1,4,8,10,10,10,10,10,20,50,70,2,33
BLUE SOCKS,23,246,10.119727323481358,7589,6843,1743,228,923,893,178,0.25471284524331433,1224,77,51,1246,514.8540066666667,1492.26937,3.785691225490196,1.2191743218954247,4,5,3,9,5,9,7,9,9,9,26,43,69,3,33
HOOSIERS,23,233,10.28003205241469,7935,7049,1779,255,1008,967,227,0.2523762235778125,1060,65,41,996,449.3937833333334,1315.64952,3.815607594339623,1.2411787924528301,8,10,10,10,4,3,6,3,8,6,42,26,68,4,33
LOUISVILLE SLUGGERS,23,208,10.694083399854579,7624,6857,1782,253,962,925,171,0.25988041417529534,1154,73,36,1203,491.24948888888895,1445.32255,3.831235181975737,1.252445883882149,7,8,6,7,9,6,5,8,7,5,37,31,68,4,33
MELONHEADS,23,225,9.684747208497923,7297,6462,1617,250,923,902,173,0.2502321262766945,1233,77,25,1195,528.3543133333334,1514.62549,3.8566008272506087,1.2284067234387672,6,5,5,8,2,9,4,7,6,7,26,33,59,5,33
FREE BIRDS,23,251,9.11409650842901,7228,6405,1656,210,875,849,143,0.2585480093676815,1186,74,57,1195,528.7505455555556,1486.42682,4.012440902192243,1.2533109780775715,3,3,2,6,7,7,9,7,2,4,21,29,50,6,33
BIG RED MACHINE,23,206,9.774131359021192,7353,6550,1647,250,917,901,133,0.2514503816793893,1220,73,59,1148,523.1592922222222,1541.80365,3.859371827868853,1.2637734836065575,6,4,4,3,3,6,10,5,5,3,20,29,49,7,33
ERIE LAKERS,23,192,8.37671154618438,7487,6638,1729,261,944,943,112,0.26047002109068995,1160,66,14,986,569.4275977777778,1572.56675,4.417972741379311,1.3556609913793103,9,6,8,1,10,4,2,2,1,1,34,10,44,8,33
FREE AT LAST,23,246,8.39858860010126,7879,6918,1704,255,973,929,127,0.24631396357328708,1146,68,19,1035,505.60146333333336,1461.73479,3.970692120418848,1.275510287958115,8,9,7,2,1,5,3,4,3,2,27,17,44,8,33
LOUISVILLE SLUGGERS,23,221,10.71627357505145,7697,6924,1796,271,991,963,172,0.2593876372039284,998,64,53,1040,418.70185,1217.34545,3.775868386773547,1.2197850200400802,10,9,9,7,9,3,6,2,9,8,44,28,72,1,34
BLUE SOCKS,23,248,10.318912491709499,7862,7091,1818,229,960,921,215,0.2563813284445071,1138,72,56,1134,488.7088022222223,1397.35881,3.865008101933217,1.2279075659050966,2,8,7,10,7,6,8,6,7,7,34,34,68,2,34
NATIONAL PASTIME,23,270,10.473794979319766,7437,6661,1713,240,913,884,126,0.25716859330430863,1183,75,84,1208,489.3468866666667,1426.03508,3.7228419103972947,1.2054396280642434,5,4,2,3,8,7,10,7,10,9,22,43,65,3,34
HOOSIERS,23,226,10.290280541465378,7949,7032,1768,263,1008,971,204,0.2514220705346985,1188,72,30,1086,515.0920766666667,1515.22003,3.9022127020202024,1.2754377356902356,8,10,10,9,3,6,4,4,5,3,40,22,62,4,34
WESTSIDE MARAUDERS,21,270,10.980688092706037,6847,6080,1552,249,878,866,133,0.25526315789473686,1307,83,43,1324,554.9034677777778,1572.698516,3.821064429992349,1.203288841622035,6,1,1,5,6,9,5,9,8,10,19,41,60,5,34
MELONHEADS,23,211,9.857605009436776,7499,6656,1674,254,945,920,177,0.25150240384615385,1346,79,0,1269,599.7189911111111,1683.98339,4.010008112927191,1.251102072808321,7,6,6,8,4,8,2,8,3,6,31,27,58,6,34
BIG RED MACHINE,23,211,9.827723929717619,7531,6667,1675,264,949,930,128,0.25123743812809357,1130,68,76,1075,487.5875666666667,1427.28023,3.8834407964601776,1.2630798495575222,9,7,8,4,2,4,9,3,6,4,30,26,56,7,34
FREE BIRDS,23,253,9.351986679647728,7456,6632,1686,232,889,893,125,0.2542219541616405,1335,86,0,1365,587.8987922222224,1684.90813,3.9633626441947576,1.262103468164794,3,2,3,2,5,10,2,10,4,5,15,31,46,8,34
FREE AT LAST,23,240,8.38378804947797,7606,6737,1686,238,931,904,144,0.25025975953688584,1167,71,16,1091,525.7429033333334,1490.7936599999998,4.054572519280207,1.277458149100257,4,5,5,6,1,5,3,5,2,2,21,17,38,9,34
ERIE LAKERS,23,188,8.073650127752826,7260,6458,1682,240,905,898,114,0.26045215236915453,1042,57,55,903,495.02015666666665,1385.6105499999999,4.275605959692898,1.3297606046065258,5,3,4,1,10,2,7,1,1,1,23,12,35,10,34
WESTSIDE MARAUDERS,23,267,11.208738621277055,7484,6673,1712,260,951,935,170,0.2565562715420351,1281,80,59,1286,554.0927166666667,1561.1473160000003,3.892923067915691,1.218694235753318,7,8,8,7,5,9,8,9,6,9,35,41,76,1,35
BLUE SOCKS,23,250,10.224486971321246,7883,7134,1835,224,949,916,172,0.25721895149985985,1194,75,46,1208,491.6098355555556,1441.3085299999998,3.7056017755443893,1.2071260720268004,2,7,5,8,6,7,6,6,10,10,28,39,67,2,35
HOOSIERS,23,228,10.236201792741713,7790,6905,1729,261,999,954,212,0.2503982621288921,1200,70,16,1113,509.7848000000001,1487.94942,3.8233860000000006,1.23995785,8,9,9,10,3,5,3,4,9,6,39,27,66,3,35
LOUISVILLE SLUGGERS,23,209,10.7668391853125,7814,7015,1815,268,1010,967,169,0.2587312900926586,1092,67,69,1063,491.71122555555553,1393.5933599999998,4.052565045787546,1.2761843956043954,9,10,10,6,7,3,9,3,2,3,42,20,62,4,35
MELONHEADS,23,225,9.737539093437556,7237,6418,1612,247,913,895,174,0.2511685883452789,1300,81,0,1311,560.5936288888889,1599.2282799999998,3.8810328153846156,1.2301756,5,2,2,9,4,10,2,10,8,8,22,38,60,5,35
NATIONAL PASTIME,23,258,10.460464798671644,7527,6782,1757,244,928,911,161,0.25906812149808317,1135,73,84,1131,493.8403366666667,1400.88143,3.9159145638766524,1.2342567665198236,4,4,4,5,9,6,10,5,5,7,26,33,59,6,35
BIG RED MACHINE,23,197,9.632489085007611,7469,6619,1638,274,931,931,105,0.24746940625472125,1281,78,27,1236,554.0139766666667,1622.84101,3.8923698594847784,1.2668548087431695,10,5,7,1,2,8,4,8,7,4,25,31,56,7,35
FREE BIRDS,23,252,9.129411163475199,7319,6498,1682,213,879,861,125,0.25884887657740846,1227,75,49,1215,542.9343311111111,1543.32321,3.9824034066829666,1.2578021271393642,1,1,1,3,8,7,7,7,4,5,14,30,44,8,35
ERIE LAKERS,23,196,8.233408814089607,7361,6562,1717,248,925,923,117,0.2616580310880829,1009,60,36,903,462.4092444444445,1327.15499,4.1245621407334,1.315317135777998,6,3,6,2,10,2,5,1,1,1,27,10,37,9,35
FREE AT LAST,23,251,8.36009216935135,7750,6798,1669,243,942,901,156,0.24551338629008532,1115,68,27,1029,501.73139777777783,1423.8062999999997,4.049849847533633,1.276956322869955,3,6,3,4,1,4,4,2,3,2,17,15,32,10,35
WESTSIDE MARAUDERS,23,269,11.00058677585015,7393,6580,1687,265,956,926,150,0.25638297872340426,1265,78,59,1292,541.9095233333334,1528.501996,3.855482774703558,1.2083019731225295,9,8,7,5,6,9,8,9,6,9,35,41,76,1,36
LOUISVILLE SLUGGERS,23,213,10.666193046390278,7791,6989,1825,257,993,939,173,0.2611246244097868,972,62,82,1013,409.52461555555556,1207.95953,3.791894588477366,1.242756718106996,7,9,8,7,10,4,9,3,9,7,41,32,73,2,36
NATIONAL PASTIME,23,265,10.510703515489524,7640,6858,1761,255,941,925,135,0.2567804024496938,1053,69,95,1088,447.29615777777775,1283.0181900000002,3.82304408357075,1.2184408262108264,6,6,6,4,8,5,10,5,8,8,30,36,66,3,36
HOOSIERS,23,235,10.20504385312743,8054,7163,1819,259,1008,987,206,0.2539438782632975,1123,70,34,1006,493.60941555555564,1429.2163799999998,3.95590804986643,1.2726770970614425,8,10,10,10,5,6,6,2,3,3,43,20,63,4,36
BLUE SOCKS,23,245,10.203779650199158,7439,6698,1699,228,903,885,196,0.2536578083009854,1242,77,51,1261,521.7733666666667,1495.84184,3.7809664251207726,1.2043815136876006,2,2,2,9,4,8,7,8,10,10,19,43,62,5,36
BIG RED MACHINE,23,206,9.796724021210192,7587,6710,1674,271,951,943,118,0.24947839046199702,1259,76,27,1202,553.200788888889,1575.92788,3.95457275615568,1.2517298490865767,10,7,9,2,2,7,5,6,4,5,30,27,57,6,36
MELONHEADS,23,221,9.833613943645757,7261,6464,1632,246,918,897,175,0.2524752475247525,1304,78,19,1246,555.5543188888889,1630.2521499999998,3.8343472929447855,1.250193366564417,4,3,3,8,3,9,4,7,7,6,21,33,54,7,36
FREE BIRDS,23,259,9.378443546705727,7211,6424,1649,216,879,861,152,0.2566936488169365,1331,85,0,1374,582.5697077777779,1672.96462,3.9392391960931636,1.2569230803906837,1,1,1,6,7,10,3,10,5,4,16,32,48,8,36
ERIE LAKERS,23,184,8.099625323623357,7417,6580,1708,249,932,921,114,0.25957446808510637,1094,62,19,969,509.8563077777778,1455.3127999999997,4.194430319926874,1.330267641681901,5,4,5,1,9,4,4,1,1,1,24,11,35,9,36
FREE AT LAST,23,243,8.357980357867968,7771,6855,1691,245,940,915,126,0.24668125455871626,1191,70,27,1044,547.4272911111111,1522.23846,4.136730159529807,1.278117934508816,3,5,4,3,1,6,5,4,2,2,16,19,35,9,36
HOOSIERS,23,234,10.280655099627735,8047,7114,1791,264,1029,978,203,0.2517570986786618,1101,67,35,1010,472.7163677777778,1376.74834,3.8641664940962763,1.250452624886467,9,10,10,10,4,5,6,3,7,5,43,26,69,1,37
NATIONAL PASTIME,23,264,10.576266794975801,7681,6904,1795,252,950,941,154,0.2599942062572422,1146,72,71,1125,495.9033166666667,1426.0509699999998,3.894528664921466,1.2443725741710294,7,7,9,5,8,7,9,6,4,7,36,33,69,1,37
WESTSIDE MARAUDERS,22,270,11.012056880110388,7092,6307,1623,263,915,905,143,0.2573331219280165,1319,84,32,1351,562.1283322222222,1597.9845760000003,3.83559893100834,1.2115121880212285,8,2,4,4,7,10,5,10,9,10,25,44,69,1,37
LOUISVILLE SLUGGERS,23,205,10.598699366655628,7417,6669,1742,246,957,902,180,0.26120857699805067,1138,73,58,1163,485.4327066666667,1427.6103000000003,3.8390987346221443,1.2544905975395433,5,9,3,8,9,8,7,7,8,4,34,34,68,2,37
BLUE SOCKS,23,242,10.052431006973087,7925,7192,1848,227,939,929,186,0.25695216907675195,1064,69,70,1091,448.00438888888897,1300.6887199999999,3.7895108082706774,1.222451804511278,2,5,6,9,6,6,8,5,10,9,28,38,66,3,37
BIG RED MACHINE,23,210,9.783177220355753,7559,6717,1674,267,936,932,115,0.2492184010719071,1123,67,86,1073,483.06264777777784,1400.39454,3.8713836420302767,1.2470120569902048,10,4,7,2,2,5,10,4,6,6,25,31,56,4,37
MELONHEADS,23,211,9.899102756330153,7325,6546,1642,250,921,909,166,0.2508402077604644,1365,83,0,1317,603.8177844444444,1691.4806099999998,3.9812161611721613,1.239179934065934,6,3,5,7,3,9,1,8,3,8,24,29,53,5,37
ERIE LAKERS,23,199,8.290759442846047,7630,6763,1771,252,955,940,109,0.26186603578293655,1085,62,12,945,506.16451111111104,1434.2543500000002,4.198599631336404,1.321893410138249,7,8,8,1,10,4,2,2,1,1,34,10,44,6,37
FREE BIRDS,23,254,9.323793435068119,7222,6377,1607,228,879,862,129,0.25199937274580525,1351,83,30,1329,583.229998888889,1696.9644700000001,3.8853219763138425,1.2560802886750555,3,1,1,3,5,9,4,9,5,3,13,30,43,7,37
FREE AT LAST,23,250,8.401996790585711,7631,6694,1640,242,940,899,163,0.24499551837466388,1142,67,19,1091,522.261438888889,1449.0569699999999,4.115895753064799,1.268876506129597,4,6,2,6,1,5,3,5,2,2,19,17,36,8,37
WESTSIDE MARAUDERS,23,267,11.01973455389652,7694,6848,1734,266,975,947,150,0.2532126168224299,1349,84,32,1305,578.8835155555555,1637.4401759999998,3.862084240177909,1.2138177731653075,8,8,9,6,5,10,6,9,9,9,36,43,79,1,38
NATIONAL PASTIME,23,268,10.436693330421921,7517,6731,1720,244,917,896,136,0.25553409597385235,1208,76,84,1198,503.2794122222222,1458.75668,3.74959826986755,1.2075800331125828,4,4,1,5,7,8,9,7,10,10,21,44,65,2,38
LOUISVILLE SLUGGERS,23,210,10.723158506574107,7641,6859,1806,247,985,918,180,0.2633036885843417,1054,65,93,1055,473.83371666666665,1333.40779,4.046018453510436,1.265092779886148,6,9,6,8,10,5,10,3,2,4,39,24,63,3,38
BLUE SOCKS,23,237,10.16912065732274,7690,6921,1779,221,934,899,217,0.25704377980060683,1198,74,46,1192,518.5965011111111,1465.89373,3.89596703672788,1.223617470784641,2,5,2,10,8,7,7,6,6,8,27,34,61,4,38
HOOSIERS,23,231,10.323033553735623,8000,7089,1772,269,1015,990,214,0.24996473409507688,1177,70,30,1085,520.9741700000001,1507.21013,3.9836597536108758,1.2805523619371282,10,10,10,9,2,6,5,4,3,2,41,20,61,4,38
MELONHEADS,23,210,9.870781592173124,7220,6447,1622,253,904,910,162,0.25158988676903987,1371,84,0,1306,593.0525511111111,1722.6628600000001,3.8931239679066376,1.2565009919766594,7,2,5,7,4,10,1,10,7,6,25,34,59,5,38
BIG RED MACHINE,23,205,9.851362715176803,7692,6832,1709,268,967,941,131,0.2501463700234192,1229,74,27,1172,536.4639677777778,1561.6083600000002,3.9285400406834827,1.270633327908869,9,7,8,3,3,7,4,5,5,3,30,24,54,6,38
FREE AT LAST,23,258,8.438749565190648,7858,6922,1725,245,963,921,134,0.24920543195608205,913,56,68,922,393.15449333333333,1129.56865,3.875564556407448,1.2372055312157721,5,6,7,4,1,3,8,1,8,7,23,27,50,7,38
FREE BIRDS,23,252,9.360526037769686,7295,6488,1643,247,888,909,118,0.2532367447595561,1275,80,19,1288,560.8396855555557,1607.57893,3.9588683686274515,1.2608462196078432,6,1,4,2,6,9,3,8,4,5,19,29,48,8,38
ERIE LAKERS,23,202,8.164006798599452,7293,6484,1706,238,912,902,111,0.2631091918568785,1060,64,14,972,483.64347999999995,1377.10654,4.106406905660377,1.2991571132075472,3,3,3,1,9,4,2,2,1,1,19,10,29,9,38
WESTSIDE MARAUDERS,23,265,11.151088919391478,7617,6776,1720,276,963,958,164,0.2538370720188902,1352,84,32,1314,589.15279,1662.033306,3.921875081360947,1.229314575443787,10,8,9,7,5,10,5,9,5,8,39,37,76,1,39
LOUISVILLE SLUGGERS,23,208,10.683178044772406,7603,6840,1781,250,973,921,175,0.2603801169590643,1072,67,53,1128,452.36962888888894,1328.77763,3.797879347014926,1.2395313712686569,7,9,7,8,10,5,7,6,9,6,41,33,74,2,39
NATIONAL PASTIME,23,267,10.51173697941637,7521,6756,1739,250,929,917,154,0.257400828892836,1049,66,111,1086,447.60002666666674,1272.5953200000001,3.8402290181124887,1.2131509246901813,7,5,5,5,8,4,10,5,7,9,30,35,65,3,39
HOOSIERS,23,240,10.282222194925675,8056,7158,1805,263,1015,987,220,0.2521654093322157,1136,68,27,1031,486.4825833333333,1421.8567899999998,3.8541753961267604,1.2516344982394365,8,10,10,10,3,6,4,2,6,4,41,22,63,4,39
BLUE SOCKS,23,252,10.15660087352369,7442,6717,1714,225,906,881,177,0.25517344052404345,1241,78,56,1237,513.0789922222223,1486.56897,3.720959653505238,1.197879911361805,2,1,1,9,6,8,8,7,10,10,19,43,62,5,39
BIG RED MACHINE,23,209,9.819032764865495,7517,6664,1669,266,939,931,107,0.2504501800720288,1119,69,76,1074,476.7490355555556,1414.31774,3.8344426452189464,1.2639121894548704,9,6,8,1,2,7,9,4,8,3,26,31,57,6,39
MELONHEADS,23,216,9.682719953342204,7370,6559,1657,245,917,904,160,0.25262997408141485,1340,82,0,1284,587.8002777777778,1673.99722,3.9479123134328353,1.2492516567164178,5,3,3,6,4,9,2,8,4,5,21,28,49,7,39
FREE BIRDS,23,247,9.360592629257217,7480,6626,1693,227,912,883,131,0.2555086024750981,1353,84,0,1348,600.9125122222223,1727.1984300000001,3.9972007464892836,1.276569423503326,3,2,2,3,7,10,2,10,2,2,17,26,43,8,39
FREE AT LAST,23,253,8.463079321550422,7774,6850,1707,243,959,912,141,0.2491970802919708,1068,67,24,1032,471.53829111111116,1321.3309299999999,3.9736372846441954,1.2372012453183518,4,7,4,4,1,5,3,3,3,7,20,21,41,9,39
ERIE LAKERS,23,183,8.12484386062992,7359,6539,1699,248,923,919,118,0.2598256614161187,1104,62,34,961,537.0373555555556,1492.55751,4.3780219202898545,1.351954266304348,6,4,6,2,9,3,6,1,1,1,27,12,39,10,39
WESTSIDE MARAUDERS,23,262,11.16791728554581,7386,6553,1661,274,944,936,162,0.2534716923546467,1314,82,54,1303,560.1409055555556,1626.2332760000004,3.836581544901066,1.237620453576865,10,6,8,6,5,9,7,9,8,7,35,40,75,1,40
LOUISVILLE SLUGGERS,23,210,10.746484959595637,7606,6861,1785,261,978,949,174,0.26016615653694797,1170,74,36,1161,516.7779044444444,1452.7545099999998,3.9752146495726493,1.2416705213675212,8,9,10,8,9,7,5,6,3,6,44,27,71,2,40
BLUE SOCKS,23,240,10.259292375865337,8002,7215,1843,236,971,931,192,0.25544005544005544,1122,69,56,1154,482.98969555555567,1368.1712499999999,3.8742488948306604,1.2194039661319072,2,8,7,9,7,5,8,5,6,9,33,33,66,3,40
NATIONAL PASTIME,23,267,10.461264733541041,7513,6735,1730,241,915,895,135,0.25686711210096513,1201,76,84,1207,504.34898111111113,1448.26964,3.779467801831807,1.2058864612822648,3,2,3,4,8,8,10,7,10,10,20,45,65,4,40
HOOSIERS,23,232,10.224188415625422,7748,6889,1728,253,985,942,233,0.25083466395703297,1099,68,36,1068,466.49038333333334,1375.5315500000002,3.8202124203821657,1.2516210646041857,7,10,9,10,2,4,5,3,9,5,38,26,64,5,40
MELONHEADS,23,233,9.835057802168228,7419,6577,1669,245,935,911,168,0.25376311388170897,1249,74,19,1233,535.501618888889,1527.5091400000001,3.8586986148919147,1.2229857005604485,5,5,5,7,6,7,3,8,7,8,28,33,61,6,40
BIG RED MACHINE,23,208,9.88698729123776,7755,6873,1731,269,969,949,126,0.25185508511567,1168,71,57,1082,511.99914666666666,1490.99864,3.9451989041095894,1.2765399315068493,9,7,10,3,3,6,9,4,5,2,32,26,58,7,40
FREE BIRDS,23,246,9.341336994219002,7383,6546,1657,243,896,899,99,0.2531316834708219,1375,86,0,1366,605.9911544444445,1748.72425,3.9664875563636373,1.2717994545454545,4,1,4,1,4,10,2,10,4,3,14,29,43,8,40
ERIE LAKERS,23,188,8.094805852106619,7359,6550,1706,247,920,918,115,0.26045801526717555,1072,63,28,943,508.30969999999996,1425.6051900000002,4.2675254664179105,1.3298555876865674,6,3,6,2,10,2,4,1,1,1,27,9,36,9,40
FREE AT LAST,23,254,8.313962781084344,7624,6735,1689,227,931,893,149,0.2507795100222717,1064,64,43,978,470.17200333333335,1337.4364,3.9770188251879697,1.256989097744361,1,4,2,5,1,3,6,2,2,4,13,17,30,10,40
WESTSIDE MARAUDERS,23,269,11.16438372353734,7862,6994,1782,269,998,966,155,0.2547898198455819,1284,80,34,1312,546.8210377777777,1570.6304360000001,3.8328577414330214,1.2232324267912773,10,10,10,6,6,9,4,9,7,8,42,37,79,1,41
LOUISVILLE SLUGGERS,23,223,10.478275916403781,7211,6485,1683,243,912,883,157,0.2595219737856592,1135,71,77,1137,468.6434844444444,1375.78868,3.7161157356828194,1.2121486167400881,6,3,3,7,9,5,10,5,9,10,28,39,67,2,41
HOOSIERS,23,236,10.183939507486272,7873,7014,1753,259,995,965,219,0.2499287140005703,1066,71,22,1049,436.75644111111114,1320.8544800000002,3.6874371200750473,1.2390754971857412,8,9,9,10,3,5,2,3,10,6,39,26,65,3,41
NATIONAL PASTIME,23,251,10.466839650582108,7713,6952,1794,254,948,936,151,0.2580552359033372,1230,77,52,1153,547.53163,1535.0733699999998,4.006328999999999,1.2480271300813006,7,7,8,5,8,8,7,6,4,4,35,29,64,4,41
BLUE SOCKS,23,237,10.0257595125107,7523,6777,1723,219,911,876,216,0.2542422900988638,1173,75,56,1205,492.8111077777778,1429.04242,3.7811593947144075,1.2182799829497015,2,2,2,9,5,7,8,8,8,9,20,40,60,5,41
MELONHEADS,23,225,9.855632858743732,7213,6409,1607,259,920,909,167,0.25074114526447183,1168,70,49,1160,506.358258888889,1434.2561600000001,3.901733159246576,1.2279590410958905,8,5,6,8,4,4,6,7,5,7,31,29,60,5,41
BIG RED MACHINE,23,203,9.750037195388192,7472,6631,1656,264,934,920,124,0.2497360880711808,1203,74,59,1136,520.6197633333334,1520.5171500000001,3.894910947630923,1.2639377805486285,9,6,7,4,2,6,9,4,6,3,28,28,56,6,41
FREE BIRDS,23,250,9.060455502389438,7368,6526,1684,222,893,876,103,0.258044744100521,1332,82,0,1335,594.9539744444445,1657.76917,4.019959286786787,1.244571448948949,3,1,2,2,7,10,1,10,3,5,15,29,44,7,41
ERIE LAKERS,23,189,8.141730235675608,7254,6464,1705,241,913,905,117,0.26376856435643564,1150,64,28,966,551.07028,1551.0119800000002,4.312723930434783,1.3487060695652175,5,4,5,3,10,3,3,1,1,1,27,9,36,8,41
FREE AT LAST,23,242,8.315971527291271,7753,6795,1687,239,961,904,151,0.24827078734363503,1093,63,36,1042,497.1555155555556,1406.29,4.0936867703568165,1.2866331198536138,4,8,4,5,1,2,5,2,2,2,22,13,35,9,41
LOUISVILLE SLUGGERS,23,212,10.589525196698771,7452,6695,1728,260,969,924,174,0.25810306198655714,1063,69,66,1105,455.62386,1305.53454,3.857586773283161,1.2281604327375353,8,9,7,8,8,5,10,3,8,8,40,34,74,1,42
WESTSIDE MARAUDERS,22,270,11.273242424771256,7316,6568,1695,254,929,920,140,0.2580694275274056,1290,82,46,1312,553.7484266666667,1573.803216,3.86336111627907,1.2200024930232558,7,5,5,6,7,10,6,10,7,9,30,42,72,2,42
BLUE SOCKS,23,254,10.295553886635807,7599,6865,1755,221,914,888,192,0.2556445739257101,1243,78,48,1268,513.1084211111112,1497.0318599999998,3.715185671761867,1.2043699597747384,1,3,3,9,5,9,7,9,10,10,21,45,66,3,42
NATIONAL PASTIME,23,258,10.399404997363666,7619,6861,1778,245,940,923,164,0.25914589709954816,1190,76,52,1177,519.0957188888889,1475.5398600000003,3.9259340084033614,1.2399494621848741,4,6,6,7,9,7,8,5,5,7,32,32,64,4,42
BIG RED MACHINE,23,210,9.804894813838878,7633,6786,1693,263,942,931,133,0.24948423224285293,1179,71,59,1123,510.1683533333334,1470.56244,3.8944149109414763,1.2472963867684477,10,7,9,5,2,6,9,4,6,5,33,30,63,5,42
MELONHEADS,23,223,9.727571519309741,7290,6450,1615,251,925,903,174,0.2503875968992248,1282,78,11,1258,545.3290233333333,1598.0957800000003,3.828362878315133,1.2465645709828397,6,4,4,8,3,9,3,8,9,6,25,35,60,6,42
HOOSIERS,23,221,10.150295270441436,7766,6898,1735,247,980,928,217,0.25152218034212814,1298,77,2,1182,590.5087122222222,1668.74652,4.094436371340524,1.2856290600924498,5,10,8,10,4,8,2,6,2,2,37,20,57,7,42
ERIE LAKERS,23,200,8.34962136252432,7544,6688,1747,261,947,950,110,0.26121411483253587,1000,57,36,869,459.06379444444445,1331.67999,4.1315741500000005,1.33167999,9,8,10,2,10,3,5,1,1,1,39,11,50,8,42
FREE BIRDS,23,246,9.12004023516954,7466,6581,1685,229,913,884,113,0.256040115483969,1282,77,27,1227,573.23958,1607.07635,4.024302823712949,1.2535696957878315,2,2,2,3,6,8,4,7,3,4,15,26,41,9,42
FREE AT LAST,23,238,7.959799744425819,7354,6477,1603,237,899,878,128,0.24749112243322527,1007,62,66,974,442.8356033333334,1273.1632900000002,3.9578157199602786,1.2643130983118174,3,1,1,4,1,4,10,2,4,3,10,23,33,10,42
BLUE SOCKS,23,258,10.216990598469685,7585,6859,1759,216,913,884,189,0.2564513777518589,1192,77,48,1263,481.84351777777783,1418.9040499999999,3.6380802516778523,1.190355746644295,3,4,3,9,6,9,7,9,10,10,25,45,70,1,43
WESTSIDE MARAUDERS,21,270,11.168304931690534,7750,6933,1789,273,981,975,142,0.25804125198326844,1083,69,32,1097,462.58115,1303.582316,3.844164681440443,1.2036771154201293,10,8,10,4,8,5,3,4,9,9,40,30,70,1,43
LOUISVILLE SLUGGERS,23,208,10.705680332525764,7819,7022,1842,256,998,946,169,0.2623184277983481,1204,74,36,1172,541.7541622222222,1549.61028,4.049657358803987,1.2870517275747508,8,10,8,8,10,8,4,7,2,2,44,23,67,2,43
NATIONAL PASTIME,23,253,10.439341999703442,7696,6934,1786,254,947,940,152,0.25757138736659935,1155,72,63,1134,503.8812077777778,1437.90999,3.9263470735930737,1.2449437142857145,7,7,7,5,7,6,10,5,5,6,33,32,65,3,43
HOOSIERS,23,223,10.19473142583497,7816,6950,1742,256,993,957,219,0.25064748201438847,1140,68,38,1080,493.80996666666675,1463.29133,3.898499736842106,1.2835888859649123,8,9,9,10,3,4,5,3,8,3,39,23,62,4,43
MELONHEADS,23,221,9.716203931974215,7220,6401,1615,238,905,885,168,0.25230432744883613,1282,77,27,1228,557.2400044444445,1575.6054700000002,3.911981310452419,1.2290214274570985,6,2,4,7,4,9,2,8,6,8,23,33,56,5,43
BIG RED MACHINE,23,199,9.63308668349818,7448,6591,1639,268,935,919,116,0.24867243210438478,1220,73,57,1139,535.5712900000001,1533.05076,3.95093574590164,1.2565989836065574,9,5,5,1,2,7,8,6,4,5,22,30,52,6,43
FREE AT LAST,23,253,8.128486039450836,7347,6433,1587,232,911,859,156,0.24669672003730764,1019,63,61,979,442.4254166666667,1256.25686,3.9075846418056925,1.2328330323846908,5,3,1,6,1,3,9,2,7,7,16,28,44,7,43
FREE BIRDS,23,242,9.049781498575962,7291,6453,1632,230,878,874,123,0.25290562529056254,1355,84,0,1351,602.936667777778,1709.37142,4.004745394833949,1.2615287232472325,4,1,2,3,5,10,1,10,3,4,15,28,43,8,43
ERIE LAKERS,23,202,8.353905005238325,7431,6615,1721,254,943,931,119,0.2601662887377173,988,58,39,894,452.53196333333335,1283.85455,4.122254726720648,1.2994479251012145,7,6,6,2,9,2,6,1,1,1,30,11,41,9,43
WESTSIDE MARAUDERS,21,270,11.033956006556622,7463,6676,1701,263,944,935,146,0.2547932893948472,1149,74,43,1179,486.60866999999996,1380.775916,3.8115561618798948,1.201719683202785,9,7,8,6,6,6,6,6,9,10,36,37,73,1,44
NATIONAL PASTIME,23,267,10.487470014878971,7311,6539,1650,252,904,900,159,0.25233216088086863,1276,81,52,1277,533.0645277777778,1550.2810800000002,3.7598595219435738,1.2149538244514109,6,2,4,7,5,10,8,10,10,9,24,47,71,2,44
HOOSIERS,23,225,10.24822367419799,7888,7002,1754,258,995,957,216,0.2504998571836618,1085,67,41,1071,465.20653444444446,1360.78403,3.858856046082949,1.2541788294930876,8,9,9,10,3,5,5,4,8,6,39,28,67,3,44
LOUISVILLE SLUGGERS,23,211,10.73670196865099,7861,7074,1852,258,1017,959,182,0.2618037885213458,1050,64,58,1043,460.8375800000001,1334.893,3.950036400000001,1.2713266666666667,8,10,10,8,10,3,9,3,3,2,46,20,66,4,44
BLUE SOCKS,23,238,10.140266319238963,7697,6944,1794,222,934,905,195,0.25835253456221197,1279,79,29,1221,548.7531877777777,1574.3796199999997,3.861437599687255,1.2309457544956994,3,5,5,9,7,9,4,8,7,7,29,35,64,5,44
BIG RED MACHINE,23,201,9.68556114680114,7448,6591,1639,268,935,919,116,0.24867243210438478,1214,74,59,1139,527.02982,1532.8145700000002,3.907140345963756,1.2626149670510711,10,6,7,2,2,6,10,5,5,4,27,30,57,6,44
MELONHEADS,23,221,9.696208893277532,7254,6450,1626,245,906,897,159,0.25209302325581395,1249,75,27,1237,537.3289722222223,1525.79842,3.8718660928743005,1.2216160288230584,4,3,3,7,4,7,3,9,6,8,21,33,54,7,44
FREE BIRDS,23,259,9.269209567748682,7386,6585,1714,210,888,863,141,0.26028853454821566,1205,76,49,1217,528.5353233333334,1519.1707099999999,3.947566730290457,1.260722580912863,2,1,2,5,8,8,7,7,4,5,18,31,49,8,44
FREE AT LAST,23,246,8.405429907676721,7764,6824,1687,246,953,909,122,0.24721570926143024,1057,66,43,1007,470.9210755555556,1335.93736,4.0097347965941355,1.2638953263954587,5,8,6,4,1,4,6,1,2,3,24,16,40,9,44
ERIE LAKERS,23,193,8.22266660664281,7303,6484,1688,253,921,919,117,0.2603331276989513,1136,63,12,1010,541.1382222222222,1495.89536,4.28718661971831,1.3168092957746478,7,4,7,3,9,2,2,2,1,1,30,8,38,10,44
WESTSIDE MARAUDERS,23,266,11.256015084734253,7792,6996,1801,266,980,970,139,0.2574328187535735,1279,80,54,1277,554.6794255555556,1575.7156360000001,3.903139038311181,1.231990333072713,9,9,9,4,8,10,8,9,4,7,39,38,77,1,45
LOUISVILLE SLUGGERS,23,216,10.578042174940313,7417,6669,1742,246,957,902,180,0.26120857699805067,1055,71,61,1140,440.49484,1290.09811,3.7577758862559243,1.2228418104265402,6,8,3,8,9,6,9,5,10,8,34,38,72,2,45
BLUE SOCKS,23,247,10.24527017914184,7684,6929,1772,227,944,907,215,0.25573675855101746,1183,76,29,1244,503.0022233333334,1437.23483,3.826728664412511,1.2149068723584109,3,6,5,10,5,7,6,7,9,10,29,39,68,3,45
NATIONAL PASTIME,23,262,10.460420877899807,7615,6833,1749,249,931,911,132,0.255963705546612,1259,78,52,1254,535.8661755555556,1531.94804,3.8306557426528998,1.2167974900714853,7,5,6,3,6,8,7,8,8,9,27,40,67,4,45
HOOSIERS,23,236,10.415573909639047,7877,6990,1741,273,991,982,208,0.24907010014306152,1144,71,27,1082,496.1311088888889,1446.83179,3.903129353146853,1.264713103146853,10,10,10,9,2,6,5,4,5,2,41,22,63,5,45
MELONHEADS,23,216,9.693787612373967,7290,6450,1615,251,925,903,174,0.2503875968992248,1276,78,27,1188,547.8949511111111,1605.39095,3.864462821316615,1.2581433777429467,8,3,4,7,3,8,5,6,6,4,25,29,54,6,45
BIG RED MACHINE,23,214,9.80423521843711,7367,6553,1653,251,925,902,144,0.252250877460705,1032,63,116,1003,442.1548444444445,1291.2082300000002,3.8560015503875973,1.2511707655038762,8,3,3,5,4,3,10,2,7,6,23,28,51,7,45
FREE BIRDS,23,246,9.072688611326734,7396,6530,1673,230,902,878,94,0.2562021439509954,1318,79,19,1285,583.8421344444445,1652.50952,3.986782405159332,1.2538008497723825,4,2,2,1,7,9,4,10,3,5,16,31,47,8,45
FREE AT LAST,23,236,8.21392094361182,7823,6891,1697,243,946,918,160,0.24626324190973733,1129,64,16,1040,509.8430122222223,1427.6442499999998,4.064293277236493,1.2645210363153232,5,7,7,6,1,4,3,3,2,3,26,15,41,9,45
ERIE LAKERS,23,194,8.249717082580588,7373,6563,1723,246,926,921,115,0.26253237848544875,1159,67,12,982,548.8127777777778,1542.65249,4.261704055220018,1.3310202674719585,6,4,8,2,10,5,2,1,1,1,30,10,40,10,45
WESTSIDE MARAUDERS,23,268,11.08799932192952,7463,6671,1714,259,957,931,153,0.2569329935541898,1278,80,59,1290,552.2863933333333,1557.0064160000002,3.889340798122066,1.2183148794992176,8,7,7,5,8,10,8,10,8,9,35,45,80,1,46
LOUISVILLE SLUGGERS,23,223,10.621706821665887,7707,6956,1805,270,979,964,153,0.2594882116158712,1001,67,57,1064,415.58270888888893,1220.0114700000001,3.7365078721278726,1.2187926773226774,10,9,10,5,9,5,7,3,10,8,43,33,76,2,46
NATIONAL PASTIME,23,266,10.399386449008368,7360,6598,1695,235,910,878,154,0.2568960290997272,1209,77,84,1194,504.5398711111111,1469.2999100000002,3.755879933829611,1.2153018279569894,3,3,1,6,7,8,10,6,9,10,20,43,63,3,46
BLUE SOCKS,23,233,10.0573755201273,7816,7095,1819,226,926,921,184,0.25637773079633547,1243,79,29,1240,538.0166577777778,1537.7209500000001,3.895534931617056,1.2371045454545455,1,4,6,9,6,9,5,8,6,6,26,34,60,4,46
MELONHEADS,23,219,9.921159506427733,7402,6569,1651,246,927,906,182,0.25133201400517585,1252,74,30,1220,541.39718,1540.80518,3.8918327635782752,1.2306750638977637,5,5,5,8,3,6,6,7,7,7,26,33,59,5,46
HOOSIERS,23,224,10.219270074865706,7829,6925,1730,258,998,951,206,0.24981949458483754,1238,76,14,1138,552.86506,1590.0254300000001,4.019212875605816,1.2843501050080777,7,10,9,10,2,7,2,4,3,2,38,18,56,6,46
BIG RED MACHINE,23,202,9.750458209395928,7601,6734,1693,266,952,935,109,0.2514107514107514,1258,76,27,1165,545.0776744444445,1602.07738,3.899601804451511,1.2735114308426072,9,6,8,2,4,7,4,5,5,3,29,24,53,7,46
FREE BIRDS,23,250,9.252826843443673,7337,6528,1657,231,887,891,132,0.2538296568627451,1308,79,27,1263,582.182358888889,1640.30186,4.005841918960246,1.2540534097859328,2,1,2,4,5,9,4,9,4,5,14,31,45,8,46
ERIE LAKERS,23,194,8.127227489183959,7184,6385,1670,248,908,903,119,0.2615505090054816,929,52,64,868,417.00235888888886,1231.77674,4.039850624327233,1.3259168353067814,6,2,4,3,10,4,9,1,2,1,25,17,42,9,46
FREE AT LAST,23,254,8.430189689451668,7774,6807,1700,238,959,894,163,0.24974291170853533,1118,67,22,1053,513.7712300000001,1412.20851,4.135904355992845,1.263156091234347,4,8,3,7,1,5,3,2,1,4,23,15,38,10,46
WESTSIDE MARAUDERS,22,270,11.050420143637535,7078,6304,1617,262,907,904,132,0.256503807106599,1215,78,70,1256,507.6540533333333,1477.077506,3.7604003950617284,1.2157016510288066,7,4,5,4,7,8,9,8,9,8,27,42,69,1,47
NATIONAL PASTIME,23,268,10.346030748399215,7342,6599,1708,231,900,877,153,0.2588270950143961,1276,81,52,1277,533.0645277777778,1550.2810800000002,3.7598595219435738,1.2149538244514109,3,3,2,6,8,10,7,9,10,9,22,45,67,2,47
BLUE SOCKS,23,249,10.25826471211784,7803,7033,1801,228,946,909,208,0.2560784871320916,1055,68,78,1103,444.5681477777779,1272.7199,3.7925244834123233,1.2063695734597157,2,8,6,9,6,4,10,3,8,10,31,35,66,3,47
LOUISVILLE SLUGGERS,23,207,10.804819273256463,8018,7217,1873,270,1026,986,176,0.2595261188859637,1145,68,36,1113,519.9216,1462.9145099999998,4.08672,1.2776545938864627,10,10,10,7,10,4,5,5,2,2,47,18,65,4,47
HOOSIERS,23,234,10.463873216819366,7906,7012,1743,268,1005,972,215,0.24857387335995437,1190,73,16,1111,510.65009000000003,1484.7924400000002,3.8620595042016808,1.2477247394957984,9,9,9,10,1,6,2,4,7,6,38,25,63,5,47
BIG RED MACHINE,23,207,9.685308828869811,7413,6576,1639,267,929,918,115,0.2492396593673966,1199,72,59,1150,515.3973122222224,1500.7397500000002,3.868703761467891,1.2516595079232695,8,6,7,2,2,5,8,6,6,5,25,30,55,6,47
MELONHEADS,23,229,9.849881881057305,7258,6464,1629,250,922,902,181,0.2520111386138614,1255,76,19,1244,541.4048,1547.04983,3.8825842231075702,1.232709027888446,5,5,4,8,3,7,3,7,5,7,25,29,54,7,47
FREE BIRDS,23,242,9.20710917875921,7396,6538,1662,228,889,878,120,0.25420617925971245,1288,80,30,1282,571.5140222222224,1635.9549800000002,3.993498602484473,1.2701513819875778,2,2,3,3,5,9,4,10,4,3,15,30,45,8,47
ERIE LAKERS,23,193,8.173314971209766,7555,6692,1733,253,946,938,109,0.2589659294680215,971,58,51,863,456.00809,1304.2752,4.22664553038105,1.3432288362512874,6,8,8,1,9,3,6,1,1,1,32,12,44,9,47
FREE AT LAST,23,240,8.320493882413603,7697,6787,1711,232,945,904,134,0.2520996021806395,1240,73,2,1096,562.53885,1565.4286499999998,4.082943266129032,1.2624424596774193,4,7,5,5,4,6,1,2,3,4,25,16,41,10,47
WESTSIDE MARAUDERS,23,267,11.28563275297145,7827,7011,1801,267,986,971,140,0.2568820425046356,1336,84,32,1327,577.2029655555556,1639.617116,3.8883433308383233,1.2272583203592813,10,10,10,6,8,10,5,10,6,8,44,39,83,1,48
LOUISVILLE SLUGGERS,23,207,10.685566032450758,7599,6839,1777,258,983,944,179,0.2598333089632987,1099,70,52,1106,471.9543755555556,1364.29179,3.864958489535942,1.2413938034576888,7,9,9,8,10,5,8,3,8,6,43,30,73,2,48
HOOSIERS,23,252,10.409609126401254,7601,6772,1710,252,960,939,204,0.2525103366804489,1226,76,19,1190,500.360038888889,1499.51242,3.6731161092985327,1.2230933278955956,5,8,8,10,4,8,3,7,10,9,35,37,72,3,48
BLUE SOCKS,23,242,9.986352995898748,7708,6962,1784,222,927,896,194,0.2562482045389256,1042,68,81,1119,437.9688933333334,1261.95302,3.7828407293666038,1.2110873512476006,1,5,5,9,7,4,10,5,9,10,27,38,65,4,48
NATIONAL PASTIME,23,247,10.480196586508535,7709,6933,1768,263,946,944,139,0.25501226020481754,1240,78,52,1175,550.0211222222223,1541.9763699999999,3.992088790322581,1.2435293306451611,8,7,9,5,5,9,8,6,3,5,34,31,65,4,48
BIG RED MACHINE,23,206,9.791741023713298,7619,6765,1692,266,945,928,124,0.2501108647450111,1186,73,59,1118,510.79319333333336,1503.7832100000003,3.876170944350759,1.2679453709949413,9,6,7,3,2,6,9,4,7,3,27,29,56,5,48
MELONHEADS,23,222,9.70612556336365,7273,6433,1618,242,917,893,168,0.25151562257111765,1262,76,27,1206,545.5244344444445,1557.02995,3.8904278209191765,1.233779675118859,4,4,3,7,3,8,4,8,5,7,21,32,53,6,48
FREE BIRDS,23,253,9.100751004938818,7256,6418,1639,223,882,866,128,0.25537550638828294,1191,74,46,1237,521.2803733333334,1491.70435,3.939146397984887,1.2524805625524769,2,3,2,4,6,7,7,9,4,4,17,31,48,7,48
FREE AT LAST,23,242,8.37837697931884,7739,6787,1689,236,960,894,168,0.24885811109473993,1158,64,33,1041,532.1882188888889,1505.1729599999999,4.13617786701209,1.2998039378238342,3,8,4,7,1,3,6,2,2,2,23,15,38,8,48
ERIE LAKERS,23,196,8.1678655958627715,7296,6465,1678,253,927,920,122,0.25955143078112913,1094,64,12,976,515.4278777777778,1436.1926600000002,4.240265904936015,1.3127903656307132,6,5,6,2,9,3,2,1,1,1,28,8,36,9,48
WESTSIDE MARAUDERS,23,266,11.11879194695276,7649,6810,1737,255,964,938,159,0.2550660792951542,1361,84,32,1366,591.8957766666666,1671.165766,3.9140793460690664,1.2278954930198385,7,8,8,6,5,10,7,10,6,8,34,41,75,1,49
LOUISVILLE SLUGGERS,23,228,10.77626953561067,7676,6924,1800,251,977,938,195,0.25996533795493937,1023,67,60,1074,411.4579388888889,1239.64492,3.6198645650048875,1.2117741153470185,5,9,8,9,10,3,8,3,10,9,41,33,74,2,49
NATIONAL PASTIME,23,253,10.459357055759343,7675,6901,1767,262,945,945,140,0.25604984784813795,1116,70,79,1105,483.5215111111112,1385.96187,3.899367025089606,1.2419013172043012,9,6,9,4,6,5,9,5,7,6,34,32,66,3,49
BLUE SOCKS,23,243,9.90651344966063,7421,6697,1718,219,897,873,193,0.25653277586979245,1228,80,29,1278,518.9675111111112,1480.75525,3.803507817589577,1.205826750814332,1,1,3,8,7,9,5,9,9,10,20,42,62,4,49
HOOSIERS,23,224,10.135015810502905,7767,6863,1725,248,986,925,218,0.25134780708145127,1224,73,30,1133,539.0435866666667,1565.82136,3.9635557843137255,1.279265816993464,4,10,6,10,3,6,6,6,4,2,33,24,57,5,49
BIG RED MACHINE,23,213,9.787215062798545,7573,6724,1668,268,936,928,121,0.2480666270077335,1094,67,86,1077,462.75099333333344,1363.60608,3.8069094515539312,1.2464406581352834,10,5,7,3,1,3,10,4,8,5,26,30,56,6,49
MELONHEADS,23,220,9.8377175772755745,7279,6495,1650,253,911,915,161,0.2540415704387991,1282,77,22,1206,564.2772322222222,1587.2455200000002,3.9613846255850236,1.2381010296411858,6,2,5,7,4,7,3,7,5,7,24,29,53,7,49
ERIE LAKERS,23,197,8.383904048918051,7550,6714,1739,259,956,947,117,0.2590110217456062,1083,62,28,923,517.9720644444444,1445.88422,4.304476989843028,1.3350731486611265,8,7,10,2,9,2,4,1,1,1,36,9,45,8,49
FREE BIRDS,23,247,9.070666120292952,7473,6604,1700,230,913,890,91,0.257419745608722,1280,78,19,1269,567.9592411111112,1615.43833,3.993463414062501,1.2620611953125,2,3,4,1,8,8,2,8,2,4,18,24,42,9,49
FREE AT LAST,23,242,8.235616630034388,7340,6459,1608,232,919,871,158,0.24895494658615885,1143,69,28,1064,504.8756377777778,1445.71053,3.975398722659668,1.2648386089238846,3,4,2,5,2,4,4,2,3,3,16,16,32,10,49
WESTSIDE MARAUDERS,23,268,10.98655259689498,7470,6642,1703,260,958,931,158,0.25639867509786207,1337,82,32,1322,575.372621111111,1622.337746,3.873114128646222,1.2134164143605086,8,5,6,7,7,10,4,10,7,10,33,41,74,1,50
LOUISVILLE SLUGGERS,23,209,10.706855260930654,7611,6818,1768,265,972,935,155,0.2593135816955119,1033,64,85,1093,436.0693600000001,1290.3758200000002,3.7992490222652475,1.2491537463697968,9,9,8,6,8,5,10,3,10,5,40,33,73,2,50
NATIONAL PASTIME,23,265,10.537886325561338,7737,6937,1803,255,961,939,148,0.25991062418913075,1150,72,63,1133,502.41888777777774,1409.7092400000001,3.9319739043478257,1.2258341217391306,7,7,9,5,10,7,9,5,4,9,38,34,72,3,50
BLUE SOCKS,23,241,10.278984318034265,7862,7091,1818,229,960,921,215,0.2563813284445071,1166,72,46,1170,505.64498777777783,1434.26883,3.902920145797599,1.2300761835334477,3,6,5,10,6,7,6,7,6,8,30,34,64,4,50
HOOSIERS,23,227,10.235716774496414,7975,7096,1779,265,1002,983,213,0.2507046223224352,1220,74,16,1121,539.9675833333333,1572.2661699999999,3.9833674180327865,1.2887427622950818,9,10,10,9,3,8,2,4,3,2,41,19,60,5,50
BIG RED MACHINE,23,200,9.748744402315607,7560,6702,1650,271,937,933,123,0.24619516562220234,1207,74,59,1143,516.3931500000001,1537.5096,3.8504874482187246,1.2738273405136704,10,4,7,2,1,8,8,6,9,3,24,34,58,6,50
MELONHEADS,23,218,9.847897504177801,7286,6512,1639,240,915,890,165,0.2516891891891892,1350,82,0,1314,587.9443222222222,1674.2059100000001,3.919628814814815,1.240152525925926,5,2,2,8,4,10,1,9,5,7,21,32,53,7,50
FREE BIRDS,23,261,9.209004467080659,7110,6314,1612,217,853,849,126,0.2553056699398163,1250,78,57,1248,536.7542255555556,1551.4885,3.8646304240000005,1.2411908,2,1,1,3,5,9,7,8,8,6,12,38,50,8,50
FREE AT LAST,23,246,8.367938092744316,7760,6815,1702,239,962,908,134,0.24974321349963316,1113,67,33,1028,502.9908411111112,1409.62663,4.067311383647799,1.2665108984725966,4,8,3,4,2,6,5,2,2,4,21,19,40,9,50
ERIE LAKERS,23,198,8.080448756082193,7340,6537,1699,248,919,917,118,0.2599051552700015,1008,62,22,923,459.16551444444445,1299.4454,4.099692093253968,1.2891323412698414,6,3,4,1,9,4,3,1,1,1,23,10,33,10,50
