team,n,total_salary,sgpar,PA,AB,H,HR,R,RBI,SB,AVG,IP,W,SV,SO,ER,WH,ERA,WHIP,hr_pts,r_pts,rbi_pts,sb_pts,avg_pts,w_pts,sv_pts,so_pts,era_pts,whip_pts,hit_pts,pit_pts,total_pts,rank,sim_num
WESTSIDE MARAUDERS,23,213,11.12093593722394,7677,6828,1739,260,964,944,134,0.2546865846514353,1357,85,32,1367,590.2893555555555,1668.576022,3.9149625644804713,1.2296065011053794,10,8,9,4,6,10,4,10,6,8,37,38,75,1,1
BLUE SOCKS,23,221,10.52384917548797,7792,7029,1807,244,950,943,174,0.2570778204581021,1083,68,83,1080,460.85060111111113,1331.80055,3.8297833887349957,1.2297327331486612,5,7,8,9,8,5,9,4,9,7,37,34,71,2,1
NATIONAL PASTIME,23,190,10.486240909307293,7702,6932,1767,256,932,939,149,0.25490478938257355,1229,78,52,1203,536.4313777777777,1509.88769,3.928301383238405,1.228549788445891,9,5,7,5,7,8,7,7,5,9,33,36,69,3,1
LOUISVILLE SLUGGERS,23,165,10.58044025291048,7284,6553,1712,244,939,892,154,0.2612543873035251,1089,68,85,1149,446.80863555555555,1343.1228500000002,3.6926333516988064,1.2333543158861342,5,6,3,6,10,5,10,6,10,6,30,37,67,4,1
HOOSIERS,23,190,10.293548706390926,7989,7095,1792,256,1008,968,235,0.2525722339675828,1074,67,33,998,457.1687933333334,1328.5021599999998,3.8310234078212293,1.2369666294227186,9,10,10,10,2,4,5,2,8,5,41,24,65,5,1
MELONHEADS,23,223,10.251661695159122,7283,6488,1642,252,924,911,165,0.2530826140567201,1360,84,0,1326,578.9506511111111,1666.63809,3.831291073529412,1.2254691838235294,8,3,4,8,4,9,2,8,7,10,27,36,63,6,1
BIG RED MACHINE,23,151,9.714654749561314,7521,6699,1693,251,931,912,126,0.2527242872070458,1164,71,59,1119,508.5931455555555,1471.63888,3.932421228522336,1.2642945704467354,7,4,5,2,3,7,8,5,4,3,21,27,48,7,1
FREE AT LAST,22,151,8.153483632396854,7788,6837,1687,250,974,918,160,0.24674564867632,891,50,35,868,405.2505722222223,1134.4558600000003,4.093440123456791,1.2732389001122337,6,9,6,7,1,3,6,1,2,2,29,14,43,8,1
FREE BIRDS,23,188,9.095291867189456,7256,6399,1626,226,883,866,127,0.2541022034692921,1384,85,0,1348,621.5240388888889,1742.8583899999999,4.041702565028902,1.259290744219653,3,1,1,3,5,10,2,9,3,4,13,28,41,9,1
ERIE LAKERS,23,168,8.132649362756256,7153,6384,1662,236,897,879,126,0.26033834586466165,1168,69,22,1009,543.2973966666666,1546.03098,4.186366926369863,1.3236566609589042,4,2,2,2,9,6,3,3,1,1,19,14,33,10,1
WESTSIDE MARAUDERS,23,213,11.083105540101252,7645,6840,1764,255,963,944,158,0.2578947368421053,1336,83,32,1325,576.6802366666666,1650.931502,3.884821953592814,1.2357271721556886,6,8,8,7,8,10,6,10,7,8,37,41,78,1,2
LOUISVILLE SLUGGERS,23,165,10.73935857733685,7753,7002,1826,261,981,953,164,0.2607826335332762,1068,64,79,1046,467.43907111111116,1337.06106,3.93909329588015,1.2519298314606742,8,9,9,8,10,3,10,2,4,6,44,25,69,2,2
BLUE SOCKS,23,221,10.228537989306798,7635,6894,1774,225,933,910,177,0.2573252103278213,1279,80,29,1264,551.9603155555556,1588.0149399999998,3.884005347928069,1.2416066770914775,3,5,5,9,7,9,5,9,8,7,29,38,67,3,2
HOOSIERS,23,190,10.459723173622395,7820,6930,1728,272,991,976,211,0.24935064935064935,1154,72,25,1075,486.0577311111111,1468.39712,3.790744870017331,1.2724411785095322,10,10,10,10,3,5,3,4,10,2,43,24,67,3,2
MELONHEADS,23,223,10.33476825713986,7503,6672,1679,257,952,928,164,0.25164868105515587,1293,80,22,1247,559.2645588888889,1583.00239,3.89279275328693,1.2242864578499615,7,7,7,8,4,9,2,7,6,9,33,33,66,4,2
NATIONAL PASTIME,23,190,10.417578228141123,7587,6831,1755,242,915,906,152,0.25691699604743085,1263,79,52,1245,541.207051111111,1543.91755,3.85658231195566,1.2224208630245446,5,4,4,6,5,8,7,6,9,10,24,40,64,5,2
BIG RED MACHINE,23,151,9.789869829163745,7559,6687,1662,269,946,923,116,0.24854194706146254,1203,74,59,1136,520.6581211111111,1520.5951299999997,3.8951979135494597,1.2640026018287611,9,6,6,2,2,6,9,5,5,3,25,28,53,6,2
ERIE LAKERS,23,168,8.103425360610645,7172,6386,1662,236,901,881,126,0.2602568117757595,909,56,55,909,406.5159844444444,1139.6689700000002,4.024910737073707,1.2537612431243126,4,2,3,3,9,2,8,1,3,5,21,19,40,7,2
FREE BIRDS,23,188,9.13054692202853,7312,6465,1661,218,887,868,138,0.2569218870843001,1275,78,27,1261,573.7446211111111,1604.3055800000002,4.049962031372549,1.25827888627451,2,1,2,4,6,7,4,8,2,4,15,25,40,7,2
FREE AT LAST,22,151,8.19874809123536,7256,6351,1570,236,911,862,142,0.24720516454101715,1143,66,21,1062,526.7972588888889,1475.92987,4.148009912510936,1.2912772265966754,4,3,1,5,1,4,1,3,1,1,14,10,24,8,2
WESTSIDE MARAUDERS,23,213,11.003217777717591,7442,6630,1713,252,945,926,147,0.2583710407239819,1362,85,32,1362,590.1179455555555,1666.1867419999999,3.899457790014684,1.2233382834067548,7,7,7,5,8,10,4,10,7,10,34,41,75,1,3
HOOSIERS,23,190,10.278969762803332,7956,7071,1771,270,1002,983,194,0.2504596238155848,1056,65,63,978,456.04903444444443,1326.51582,3.8867815435606063,1.2561702840909093,10,10,10,10,3,5,8,3,8,4,43,28,71,2,3
LOUISVILLE SLUGGERS,23,165,10.721005330449772,7580,6806,1788,240,973,907,185,0.26270937408169265,1041,66,72,1087,436.3880711111111,1296.94727,3.7728075312199807,1.245866733909702,4,9,4,8,10,6,9,4,9,6,35,34,69,3,3
BLUE SOCKS,23,221,10.514901330190641,7726,6980,1802,236,944,934,154,0.2581661891117478,1235,78,40,1228,505.39421555555555,1518.74563,3.6830347692307694,1.2297535465587044,2,6,9,6,7,8,6,7,10,7,30,38,68,4,3
NATIONAL PASTIME,23,190,10.356597651415697,7611,6831,1739,260,930,932,133,0.2545747328356024,1125,72,82,1141,489.0636222222222,1378.69853,3.9125089777777773,1.2255098044444444,9,5,8,4,5,7,10,5,6,9,31,37,68,4,3
MELONHEADS,23,223,10.242516697542792,7398,6594,1659,248,930,903,187,0.2515923566878981,1353,84,0,1329,593.7781455555557,1658.30233,3.949743762010349,1.2256484331116038,6,5,3,9,4,9,2,9,4,8,27,32,59,5,3
BIG RED MACHINE,23,151,9.743484576023707,7465,6651,1656,259,916,917,120,0.2489851150202977,1186,72,59,1151,517.9128855555556,1478.36458,3.930198962900506,1.2465131365935918,8,4,5,2,2,7,7,6,5,5,21,30,51,6,3
FREE BIRDS,23,188,9.156375955134143,7340,6469,1650,226,896,870,129,0.25506260627608596,1399,85,0,1323,625.0589777777777,1774.9941400000002,4.021108506075768,1.2687592137240888,1,2,1,3,6,10,2,8,3,3,13,26,39,7,3
FREE AT LAST,22,151,8.20479363961445,7774,6839,1694,247,966,920,172,0.24769703172978505,985,57,16,896,448.35509888888896,1288.0655499999998,4.096645573604062,1.3076807614213195,5,8,6,7,1,3,3,1,2,1,27,10,37,8,3
ERIE LAKERS,23,168,8.126924600256194,7153,6373,1655,237,900,880,129,0.2596893142946807,1079,62,37,975,503.58580666666677,1395.06572,4.200437683039852,1.292924670991659,3,3,2,3,9,4,5,2,1,2,20,14,34,9,3
LOUISVILLE SLUGGERS,23,165,10.687952148435935,7617,6828,1768,260,971,925,160,0.2589338019917985,1122,71,47,1127,476.5657988888889,1383.39156,3.8227203119429594,1.2329693048128343,9,9,8,6,9,4,6,5,9,7,41,31,72,1,4
WESTSIDE MARAUDERS,23,213,11.09101826766302,7666,6838,1769,252,961,937,146,0.25870137467095644,1349,84,32,1356,582.7013888888889,1665.976622,3.887555596738325,1.2349715507783543,6,8,9,4,8,9,4,10,6,6,35,35,70,2,4
NATIONAL PASTIME,23,190,10.453226475586218,7730,6961,1794,242,930,917,152,0.2577215917253268,1254,78,52,1219,537.6458122222222,1544.32944,3.858702001594896,1.2315226794258374,5,7,7,5,7,8,8,7,7,8,31,38,69,3,4
MELONHEADS,23,223,10.252806353142832,7237,6458,1627,254,912,910,164,0.25193558377206565,1384,85,0,1342,608.2734133333333,1679.07613,3.955535202312139,1.2132052962427744,8,3,5,8,3,10,1,9,5,10,27,35,62,4,4
BLUE SOCKS,23,221,10.179239465489195,7589,6849,1763,224,925,903,178,0.2574098408526792,1117,71,83,1105,470.4264777777778,1375.1976300000001,3.7903655326768133,1.2311527573858552,1,5,4,9,6,4,10,3,10,9,25,36,61,5,4
HOOSIERS,23,190,10.297318603618514,7937,7038,1757,270,1004,985,210,0.24964478545041205,1240,74,17,1115,553.3719066666666,1588.50378,4.0164089999999995,1.281051435483871,10,10,10,10,2,6,2,4,2,2,42,16,58,6,4
BIG RED MACHINE,23,151,9.723627607689204,7405,6580,1664,253,927,914,126,0.252887537993921,1207,72,46,1151,517.3240388888888,1535.3086199999998,3.857428624689312,1.2720038276719137,7,6,6,2,5,5,5,6,8,3,26,27,53,7,4
FREE BIRDS,23,188,9.339413610825925,7446,6590,1666,241,911,903,117,0.2528072837632777,1253,77,27,1258,556.8318588888889,1576.8071,3.9995903671189144,1.2584254588986432,4,2,4,1,4,7,3,8,3,5,15,26,41,8,4
ERIE LAKERS,23,168,8.1506905043051745,7191,6398,1666,236,903,881,128,0.2603938730853392,928,58,49,921,409.8896544444445,1169.8771,3.9752229418103453,1.2606434267241378,3,1,3,3,10,2,7,1,4,4,20,18,38,9,4
FREE AT LAST,22,151,8.171741782173282,7235,6343,1565,234,913,855,162,0.2467286772820432,1007,59,60,937,460.9827844444445,1304.33653,4.1200050248262174,1.2952696425024826,2,4,2,7,1,3,9,2,1,1,16,16,32,10,4
LOUISVILLE SLUGGERS,23,165,10.762140503290723,7781,6996,1828,256,993,934,181,0.2612921669525443,1004,63,63,1085,420.50130333333334,1222.97032,3.7694339940239043,1.2180979282868525,7,9,8,9,10,4,9,5,10,9,43,37,80,1,5
WESTSIDE MARAUDERS,23,213,11.19530285346376,7764,6949,1798,258,973,960,133,0.2587422650741114,1360,86,32,1316,588.5663633333332,1667.1562720000002,3.8949244632352937,1.2258502000000002,8,8,9,4,8,10,6,9,5,8,37,38,75,2,5
HOOSIERS,23,190,10.365606520485356,8108,7168,1796,272,1029,992,211,0.2505580357142857,1168,70,30,1062,526.7579466666666,1498.0270199999998,4.058922534246575,1.282557380136986,10,10,10,10,3,6,4,4,2,3,43,19,62,3,5
BLUE SOCKS,23,221,10.395898101140508,7442,6723,1734,221,908,891,177,0.25792057117358325,1328,82,29,1307,558.9918333333334,1599.7671599999999,3.7883482680722893,1.2046439457831324,1,3,4,7,7,9,3,8,9,10,22,39,61,4,5
NATIONAL PASTIME,23,190,10.32550135570978,7562,6796,1735,254,923,927,143,0.25529723366686286,1083,68,106,1062,468.27142999999995,1330.64961,3.891452326869806,1.22867,6,5,7,5,6,5,10,4,6,7,29,32,61,4,5
MELONHEADS,23,223,10.250219051429761,7311,6511,1641,249,916,904,161,0.2520350176624174,1363,86,0,1318,580.7526811111112,1675.7000699999999,3.834757248716068,1.2294204475421862,5,4,5,6,4,10,1,10,8,6,24,35,59,5,5
BIG RED MACHINE,23,151,9.774135697803457,7454,6615,1668,259,934,919,116,0.25215419501133784,1221,72,46,1159,526.9924822222222,1545.5887099999998,3.8844654709254702,1.2658384193284191,9,6,6,1,5,7,7,6,7,4,27,31,58,6,5
FREE BIRDS,23,188,9.059445391275347,7201,6370,1593,231,866,861,120,0.2500784929356358,1197,77,62,1216,525.8375066666666,1505.0438800000002,3.9536654636591475,1.2573465998329159,2,1,2,2,2,8,8,7,4,5,9,32,41,7,5
ERIE LAKERS,23,168,8.05562746786583,7153,6373,1655,237,900,880,129,0.2596893142946807,1023,62,31,975,455.3249377777778,1338.7759299999998,4.005791241446725,1.3086763734115345,3,2,3,3,9,3,5,3,3,1,20,15,35,8,5
FREE AT LAST,22,151,8.16887934591909,7669,6743,1679,238,960,904,179,0.24899896188640072,1052,59,2,967,497.16808333333336,1359.8325000000002,4.253339115969582,1.2926164448669204,4,7,5,8,1,2,2,2,1,2,25,9,34,9,5
WESTSIDE MARAUDERS,23,213,11.131503081682121,7568,6768,1744,255,950,937,150,0.2576832151300236,1260,79,59,1285,535.0566122222222,1523.159712,3.8218329444444445,1.2088569142857142,8,7,9,6,7,9,9,9,8,10,37,45,82,1,6
HOOSIERS,23,190,10.372522772627777,8061,7151,1800,265,1019,989,223,0.25171304712627607,1066,69,22,1027,441.81417444444446,1313.4110999999998,3.7301384333958727,1.2320929643527203,9,10,10,10,3,4,4,2,10,7,42,27,69,2,6
LOUISVILLE SLUGGERS,23,165,10.633998314497234,7406,6655,1726,249,956,910,171,0.25935386927122467,1128,72,53,1150,479.82676000000004,1390.2663499999999,3.828405,1.232505629432624,6,8,5,8,9,6,8,5,7,6,36,32,68,3,6
MELONHEADS,23,223,10.440600036960209,7475,6652,1682,253,947,921,182,0.2528562838244137,1308,81,16,1253,572.898278888889,1589.01721,3.941960634556575,1.2148449617737003,7,6,7,9,5,10,2,8,3,9,34,32,66,4,6
BLUE SOCKS,23,221,10.27977542311008,7592,6837,1769,229,933,916,182,0.25873921310516307,1211,78,40,1191,518.6998255555555,1502.37154,3.8549119983484723,1.240604079273328,2,4,6,9,8,8,7,7,6,5,29,33,62,5,6
NATIONAL PASTIME,23,190,10.320997365070394,7491,6706,1712,242,911,893,140,0.25529376677602145,1198,77,82,1184,501.7096933333333,1464.60376,3.7691045409015027,1.2225407011686142,5,3,2,5,6,7,10,6,9,8,21,40,61,6,6
BIG RED MACHINE,23,151,9.665418535630423,7539,6677,1658,273,942,934,106,0.24831511157705558,1171,71,59,1125,510.2499711111111,1473.58738,3.9216479419299746,1.2584008368915456,10,5,8,3,1,5,9,4,5,4,27,27,54,7,6
FREE BIRDS,23,188,9.272290935558162,7435,6617,1672,242,896,908,101,0.2526824845095965,1289,78,19,1303,563.7515744444445,1628.15093,3.936201838634601,1.2631116602017067,5,1,4,2,4,8,3,10,4,3,16,28,44,8,6
FREE AT LAST,22,151,8.208928493568449,7858,6906,1724,241,971,907,169,0.24963799594555458,1047,55,27,914,511.35804,1379.22014,4.395627851002865,1.3173067239732568,4,9,3,7,2,2,6,1,1,2,25,12,37,9,6
ERIE LAKERS,23,168,8.145220199999127,7153,6384,1662,236,897,879,126,0.26033834586466165,1143,66,24,1038,530.3388733333334,1518.0981900000002,4.175896640419948,1.3281698950131235,3,2,1,4,10,3,5,3,2,1,20,14,34,10,6
WESTSIDE MARAUDERS,23,213,11.158950410579822,7575,6751,1746,268,964,951,141,0.2586283513553548,1305,83,32,1338,554.4877855555555,1614.439862,3.8240536934865896,1.2371186681992337,9,8,10,4,9,8,6,9,8,7,40,38,78,1,7
HOOSIERS,23,190,10.285317311815223,7757,6887,1737,250,976,944,201,0.2522143168288079,1143,71,29,1144,483.76398000000006,1422.0597299999997,3.809165196850394,1.2441467454068238,6,9,9,10,4,6,4,6,9,6,38,31,69,2,7
LOUISVILLE SLUGGERS,23,165,10.681869670802742,7788,6997,1828,259,1003,942,186,0.2612548234957839,1082,63,63,1036,474.66308333333336,1355.8579200000001,3.9482141866913123,1.2531034380776342,8,10,7,9,10,5,8,3,4,4,44,24,68,3,7
MELONHEADS,23,223,10.414757515438396,7414,6588,1656,254,944,914,164,0.25136612021857924,1356,86,0,1349,584.1647011111111,1638.9608199999998,3.8771993436578165,1.2086731710914453,7,7,5,7,3,9,3,10,7,9,29,38,67,4,7
NATIONAL PASTIME,23,190,10.503829454330258,7615,6850,1765,248,932,923,155,0.2576642335766423,1135,73,84,1132,493.86350666666664,1400.9427,3.9160982907488986,1.2343107488986784,5,4,6,6,8,7,10,5,5,8,29,35,64,5,7
BLUE SOCKS,23,221,10.490062460632346,7456,6729,1730,226,909,895,180,0.2570961509882598,1324,83,29,1301,556.1415944444445,1588.56107,3.7804186933534747,1.1998195392749245,3,2,4,8,7,8,4,7,10,10,24,39,63,6,7
BIG RED MACHINE,23,151,9.760409666925232,7538,6683,1670,272,941,943,106,0.24988777495136916,1165,71,54,1126,504.15242,1450.0603399999998,3.8947397253218887,1.2446869871244632,10,6,8,1,2,6,7,4,6,5,27,28,55,7,7
FREE BIRDS,23,188,9.108095095517648,7270,6466,1640,224,873,875,137,0.25363439529848436,1406,87,0,1337,624.5568177777777,1806.67207,3.9978743669985772,1.2849730227596017,2,1,3,3,5,10,3,8,3,3,14,27,41,8,7
ERIE LAKERS,23,168,8.129185077802372,7454,6601,1696,248,938,914,121,0.2569307680654446,1048,60,30,940,485.29526111111113,1367.4380599999997,4.16761197519084,1.3048073091603052,5,5,5,2,6,4,5,2,2,2,23,15,38,9,7
FREE AT LAST,22,151,8.158109753978852,7536,6632,1649,232,921,875,152,0.24864294330518696,959,55,80,867,449.23580000000004,1266.83154,4.215977267987487,1.3209922210636078,4,3,3,5,1,3,9,1,1,1,16,15,31,10,7
WESTSIDE MARAUDERS,23,213,10.843814777678398,7386,6589,1683,260,933,921,142,0.25542570951585974,1349,85,32,1365,580.5679366666666,1656.922022,3.8733220385470712,1.2282594677538918,8,5,6,5,6,10,6,10,7,8,30,41,71,1,8
LOUISVILLE SLUGGERS,23,165,10.73120689391723,7816,7044,1826,262,984,948,166,0.25922771152754115,1054,65,79,1057,457.41332888888894,1326.6235199999999,3.9058064136622392,1.2586560910815938,9,10,10,7,10,3,9,3,5,4,46,24,70,2,8
MELONHEADS,23,223,10.469485101705022,7391,6592,1662,252,936,916,179,0.252123786407767,1282,82,19,1293,532.4286955555556,1562.8164299999999,3.7377989547581905,1.2190455772230888,7,6,5,8,3,9,1,9,10,9,29,38,67,3,8
NATIONAL PASTIME,23,190,10.44368026176597,7513,6735,1730,241,915,896,135,0.25686711210096513,1185,75,84,1198,495.6017788888889,1429.6172000000001,3.7640641434599154,1.2064280168776373,4,3,2,4,8,7,10,7,9,10,21,43,64,4,8
BLUE SOCKS,23,221,10.494899206829288,7782,7011,1799,236,964,936,200,0.25659677649408075,1205,74,51,1154,526.1929744444444,1516.2754100000002,3.9300720082987546,1.2583198423236517,3,7,8,9,7,6,8,6,4,5,34,29,63,5,8
BIG RED MACHINE,23,151,9.856638888630279,7678,6823,1725,263,965,947,146,0.25282133958669206,1148,71,41,1087,498.18446666666665,1455.61928,3.9056273519163764,1.2679610452961672,10,8,9,6,5,4,7,4,6,3,38,24,62,6,8
HOOSIERS,23,190,10.246171176197413,7687,6790,1706,250,980,929,210,0.2512518409425626,1160,73,28,1114,489.99283333333335,1427.8345199999999,3.801668534482759,1.2308918275862069,6,9,7,10,1,5,3,5,8,7,33,28,61,7,8
FREE BIRDS,23,188,9.308866144251963,7295,6487,1630,242,875,897,124,0.2512717743178665,1291,79,30,1268,581.40988,1623.58671,4.053205979860573,1.2576194500387297,5,1,3,2,2,8,5,8,3,6,13,30,43,8,8
ERIE LAKERS,23,168,7.951066523077704,7368,6528,1689,242,927,901,120,0.2587316176470588,1052,61,20,970,488.3739555555556,1383.80088,4.1781041825095055,1.3154000760456275,5,4,4,1,9,1,2,1,1,1,23,6,29,9,8
FREE AT LAST,22,151,8.13936900370442,7326,6459,1631,223,901,860,126,0.2525158693296176,1135,64,29,1025,523.8472844444444,1439.7085399999999,4.15385511894273,1.2684656740088105,2,2,1,3,4,2,4,2,2,2,12,12,24,10,8
LOUISVILLE SLUGGERS,23,165,10.698668549789705,7550,6802,1783,250,981,925,172,0.26212878565127906,964,62,96,1032,403.3186455555555,1203.2736100000002,3.765423039419087,1.2482091390041496,5,9,7,8,10,4,10,3,10,5,39,32,71,1,9
NATIONAL PASTIME,23,190,10.635889341801194,7520,6756,1703,261,917,939,152,0.2520722320899941,1297,80,52,1232,555.8384844444445,1577.85745,3.857013384734002,1.2165439090208172,8,3,9,6,4,9,7,7,7,10,30,40,70,2,9
MELONHEADS,23,223,10.346549388358092,7514,6702,1719,251,951,922,162,0.25649059982094896,1287,80,17,1245,544.0116644444445,1585.10767,3.804277373737374,1.2316298912198913,6,7,6,7,7,9,3,8,8,8,33,36,69,3,9
WESTSIDE MARAUDERS,23,213,10.991067426459436,7379,6558,1679,260,941,925,149,0.2560231777981092,1354,84,32,1361,584.1403188888888,1649.100892,3.8827643057607086,1.217947483013294,7,5,7,5,5,10,5,10,5,9,29,39,68,4,9
BLUE SOCKS,23,221,10.430814087467454,7718,6946,1789,228,946,921,203,0.2575583069392456,1151,74,56,1148,493.63576222222224,1422.7858299999998,3.8598799826238057,1.236130173761946,2,6,5,9,8,7,8,5,6,7,30,33,63,5,9
HOOSIERS,23,190,10.260557464093925,7856,6951,1738,264,1001,960,228,0.2500359660480506,1296,78,0,1183,586.4424677777778,1668.92654,4.072517137345679,1.2877519598765432,9,10,10,10,3,8,1,6,2,2,42,19,61,6,9
BIG RED MACHINE,23,151,9.744495131784696,7521,6676,1657,266,931,922,105,0.24820251647693228,1104,67,78,1099,464.44666666666666,1375.8886599999998,3.7862499999999994,1.2462759601449274,10,4,6,1,1,6,9,4,9,6,22,34,56,7,9
FREE BIRDS,23,188,9.321910562305801,7463,6628,1697,228,899,887,116,0.2560350030175015,1259,78,30,1275,566.0922588888889,1574.5724600000003,4.0467278236695785,1.2506532644956316,2,2,4,2,6,8,4,9,3,4,16,28,44,8,9
ERIE LAKERS,23,168,8.156855604714709,7185,6386,1654,234,899,876,123,0.2590040714062011,1063,63,38,941,473.1753111111111,1374.31489,4.006187958607714,1.2928644308560677,3,2,3,3,9,5,6,1,4,1,20,17,37,9,9
FREE AT LAST,22,151,8.13099124310024,7991,7043,1754,249,968,932,132,0.24904160159023145,1024,59,2,951,478.0629877777778,1311.68347,4.201725478515625,1.280940888671875,4,8,8,4,2,3,2,2,1,3,26,11,37,9,9
WESTSIDE MARAUDERS,23,213,10.802282409425018,7589,6762,1714,265,946,947,140,0.25347530316474415,1342,84,32,1313,576.7503733333333,1655.520262,3.867923517138599,1.2336216557377049,9,7,9,6,5,10,6,9,7,7,36,39,75,1,10
BLUE SOCKS,23,221,10.476110899823297,7705,6939,1776,246,957,946,180,0.2559446606139213,1130,73,54,1119,479.01328222222224,1377.58981,3.8151500353982306,1.2191060265486726,6,8,8,8,7,5,8,5,9,8,37,35,72,2,10
LOUISVILLE SLUGGERS,23,165,10.763260434987181,7732,6924,1793,267,989,938,163,0.25895436164067015,1038,65,80,1064,447.3326111111112,1315.7572,3.878606454720617,1.267588824662813,10,9,7,7,8,3,9,4,5,5,41,26,67,3,10
MELONHEADS,23,223,10.278283064055946,7276,6482,1632,244,920,895,186,0.25177414378278307,1275,80,27,1266,542.1228444444445,1538.60782,3.8267494901960784,1.206751231372549,5,5,5,9,4,8,5,8,8,10,28,39,67,3,10
NATIONAL PASTIME,23,190,10.495237667674806,7429,6686,1748,224,911,877,163,0.2614418187256955,1203,76,84,1172,509.76136888888885,1458.6007100000002,3.813676076475478,1.2124694181213633,1,4,2,7,10,6,10,6,10,9,24,41,65,4,10
HOOSIERS,23,190,10.209982042193872,8054,7132,1788,262,1015,969,210,0.250701065619742,1151,69,32,1035,511.9541755555556,1472.6006799999998,4.003116924413554,1.2794098001737617,8,10,10,10,2,4,6,3,4,3,40,20,60,5,10
BIG RED MACHINE,23,151,9.733252468481766,7461,6623,1663,260,931,926,116,0.2510946700890835,1284,77,27,1198,553.1997477777778,1645.8260599999999,3.8775683255451714,1.281795996884735,7,6,6,2,3,7,5,7,6,2,24,27,51,6,10
FREE BIRDS,23,188,9.355373951722846,7351,6527,1658,234,893,893,131,0.25402175578366787,1345,83,0,1355,607.1542444444444,1681.65571,4.062742156133829,1.2503016431226766,3,1,4,5,6,9,3,10,2,6,19,30,49,7,10
ERIE LAKERS,23,168,8.117277018892386,7172,6386,1662,236,901,881,126,0.2602568117757595,1090,63,16,1022,489.8127655555556,1390.9100899999999,4.044325587155964,1.2760643027522935,4,3,3,3,9,2,4,1,3,4,22,14,36,8,10
FREE AT LAST,22,151,8.116438852601048,7284,6422,1605,228,894,858,128,0.24992214263469323,1065,62,49,1026,493.2235366666667,1374.75577,4.168086225352113,1.2908504882629108,2,2,1,4,1,1,7,2,1,1,10,12,22,9,10
LOUISVILLE SLUGGERS,23,165,10.762558853949555,7795,7037,1826,263,992,963,177,0.25948557623987495,1041,65,75,1024,444.95565888888893,1328.8003,3.846878895292988,1.2764652257444766,9,10,10,8,10,4,8,3,8,1,47,24,71,1,11
WESTSIDE MARAUDERS,23,213,10.97219410070625,7302,6531,1685,253,923,918,143,0.25800030623181747,1346,85,32,1393,570.200818888889,1641.920822,3.8126354903417536,1.2198520222882616,7,2,5,5,8,9,5,10,9,10,27,43,70,2,11
NATIONAL PASTIME,23,190,10.490470608593826,7678,6903,1778,253,939,932,145,0.25756917282341013,1133,73,79,1123,491.4219911111111,1392.61969,3.903616875551633,1.2291435922330096,7,5,8,6,7,6,9,5,7,8,33,35,68,3,11
BLUE SOCKS,23,221,10.339718800526677,7558,6798,1730,239,927,918,181,0.25448661370991466,1113,70,80,1122,464.75677444444443,1364.83084,3.7581410332434855,1.2262631087151843,4,4,5,9,5,5,10,4,10,9,27,38,65,4,11
HOOSIERS,23,190,10.307430555744888,7739,6817,1693,269,989,944,205,0.24834971395041808,1329,80,8,1204,581.3516977777778,1683.36757,3.936918946576373,1.2666422648607976,10,9,9,10,1,8,3,7,5,3,39,26,65,4,11
MELONHEADS,23,223,10.387514803766958,7510,6676,1686,252,949,920,176,0.2525464349910126,1381,86,0,1321,600.8967166666666,1712.73673,3.916053910209992,1.2402148660391021,6,7,6,7,3,10,2,8,6,7,29,33,62,5,11
BIG RED MACHINE,23,151,9.814777514674555,7531,6705,1700,258,940,928,127,0.2535421327367636,1275,75,27,1173,566.7570055555556,1617.0369099999998,4.000637686274509,1.2682642431372548,8,6,7,2,4,7,4,6,2,2,27,21,48,6,11
FREE BIRDS,23,188,9.336390074274227,7466,6625,1693,222,898,874,132,0.25554716981132075,1344,85,0,1347,596.9198388888889,1685.1774,3.997231063988095,1.2538522321428571,3,1,2,3,6,9,2,9,3,6,15,29,44,7,11
ERIE LAKERS,23,168,8.085654752794802,7400,6541,1688,239,926,897,114,0.25806451612903225,937,54,41,920,414.27568444444444,1180.9960800000001,3.979168794023479,1.2604013660618998,4,3,3,1,9,3,6,2,4,5,20,20,40,8,11
FREE AT LAST,22,151,8.21665577667934,7718,6815,1694,243,951,915,142,0.24856933235509904,860,50,71,804,397.85580111111113,1085.38037,4.163607220930233,1.2620701976744186,5,8,4,4,2,2,7,1,1,4,23,15,38,9,11
WESTSIDE MARAUDERS,23,213,11.11980340525428,7386,6604,1688,270,932,938,137,0.25560266505148393,1333,83,32,1365,572.3824322222222,1611.276652,3.864547554388597,1.20875967891973,9,6,8,4,6,10,5,10,6,10,33,41,74,1,12
HOOSIERS,23,190,10.27982993471851,8067,7111,1776,269,1027,969,202,0.2497539024047251,1140,70,18,1110,483.7101044444445,1439.34291,3.8187639824561406,1.2625815,8,10,10,10,2,4,2,5,10,4,40,25,65,2,12
MELONHEADS,23,223,10.290924951441484,7381,6579,1680,245,937,911,160,0.2553579571363429,1292,82,22,1267,552.7379277777778,1591.4797899999999,3.8503416021671835,1.231795503095975,5,7,5,7,5,9,3,8,8,8,29,36,65,2,12
NATIONAL PASTIME,23,190,10.569950668480324,7482,6727,1703,259,913,935,153,0.2531589118477776,1205,74,79,1158,517.2060177777778,1464.6538300000002,3.862949510373444,1.2154803568464732,7,3,7,6,4,6,10,6,7,9,27,38,65,2,12
BLUE SOCKS,23,221,10.289011108478537,7603,6855,1759,229,926,907,181,0.2566010211524435,1172,75,61,1185,499.0943355555556,1443.96541,3.8326356825938572,1.2320523976109214,2,4,4,8,7,7,8,7,9,7,25,38,63,3,12
LOUISVILLE SLUGGERS,23,165,10.725487389889674,7645,6877,1806,246,985,926,192,0.26261451214192233,1077,65,63,1088,480.17134444444446,1359.4526400000002,4.0125739090065,1.2622587186629528,6,9,6,9,10,3,9,2,3,5,40,22,62,4,12
BIG RED MACHINE,23,151,9.754927672960608,7629,6784,1698,271,941,953,112,0.2502948113207547,1211,72,46,1106,520.7712144444445,1521.9381799999999,3.870306300578035,1.2567615028901733,10,8,9,2,3,5,7,4,5,6,32,27,59,5,12
FREE BIRDS,23,188,9.225143808877753,7271,6466,1676,212,883,855,139,0.25920197958552427,1300,81,30,1269,579.5486766666667,1644.16381,4.012260069230769,1.2647413923076922,1,1,1,5,9,8,4,9,4,3,17,28,45,6,12
ERIE LAKERS,23,168,8.075745731345762,7368,6528,1689,242,927,901,120,0.2587316176470588,1002,60,36,932,463.36051555555554,1297.4601400000001,4.161920798403194,1.2948703992015969,4,5,3,3,8,2,6,1,1,1,23,11,34,7,12
FREE AT LAST,22,151,8.213708524612017,7312,6405,1575,237,904,860,137,0.2459016393442623,1191,70,14,1090,541.3423811111112,1538.09075,4.090748471872377,1.2914280016792612,3,2,2,4,1,4,1,3,2,2,12,12,24,8,12
BLUE SOCKS,23,221,10.58844433288403,8016,7227,1859,237,974,945,195,0.2572298325722983,1114,69,56,1146,477.4310522222222,1363.10076,3.8571628994614002,1.2236092998204668,4,9,9,8,8,6,7,5,7,10,38,35,73,1,13
LOUISVILLE SLUGGERS,23,165,10.712540026139417,7851,7077,1860,249,997,936,198,0.26282323018228065,961,59,83,999,409.5823777777778,1200.4892399999999,3.8358391259105105,1.2492083662851194,7,10,7,9,10,3,9,2,10,4,43,28,71,2,13
WESTSIDE MARAUDERS,23,213,11.044620103156552,7379,6547,1666,278,946,944,135,0.2544676951275393,1367,84,32,1370,588.7834477777777,1689.375132,3.8764089465983904,1.2358267242136063,10,7,8,4,4,9,5,10,5,8,33,37,70,3,13
NATIONAL PASTIME,23,190,10.417758086633773,7646,6864,1761,260,935,956,148,0.25655594405594406,1203,74,52,1151,532.4496411111111,1475.9280199999998,3.9834137738985866,1.226872834580216,8,6,10,6,6,7,6,6,4,9,36,32,68,4,13
HOOSIERS,23,190,10.340029930119796,7648,6751,1677,249,957,919,203,0.2484076433121019,1311,82,11,1224,560.1035855555556,1628.3331799999999,3.8451047063310453,1.2420542944317314,7,8,6,10,2,8,3,7,9,6,33,33,66,5,13
MELONHEADS,23,223,10.268206176983613,7323,6518,1660,244,923,902,160,0.25467934949370974,1393,89,0,1328,596.3126744444445,1723.4983400000003,3.852702132089017,1.237256525484566,6,4,4,7,5,10,2,9,8,7,26,36,62,6,13
BIG RED MACHINE,23,151,9.715882376619453,7378,6547,1627,261,919,913,114,0.24851076829082022,1112,68,86,1076,477.7912011111111,1385.9180399999998,3.867015116906474,1.2463291726618704,9,3,5,1,3,5,10,4,6,5,21,30,51,7,13
FREE BIRDS,23,188,9.245903708647857,7354,6529,1677,222,908,880,138,0.256854035840098,1325,82,0,1317,591.6032533333333,1665.39942,4.01843719245283,1.2569052226415094,2,2,2,5,7,8,2,8,3,3,18,24,42,8,13
ERIE LAKERS,23,168,8.109217992495115,7153,6384,1662,236,897,879,126,0.26033834586466165,946,56,63,901,424.91852000000006,1219.26978,4.042565200845667,1.288868689217759,3,1,1,3,9,2,8,1,2,2,17,15,32,9,13
FREE AT LAST,22,151,8.235459413523412,7466,6553,1617,242,924,881,123,0.24675721043796733,1129,66,30,1019,515.0373811111112,1471.4926,4.105701000885741,1.3033592559787424,5,5,3,2,1,4,4,3,1,1,16,13,29,10,13
WESTSIDE MARAUDERS,23,213,11.064186754943188,7523,6759,1760,242,934,924,151,0.26039354934161857,1297,80,54,1290,555.1914577777777,1592.087792,3.852523608326908,1.2275156453353895,5,6,7,4,10,8,9,9,7,7,32,40,72,1,14
HOOSIERS,23,190,10.34480349896205,7912,7005,1764,261,1003,970,218,0.2518201284796574,1154,73,27,1062,492.40630000000004,1449.9665599999998,3.8402571057192376,1.2564701559792026,8,10,10,10,4,6,5,3,8,5,42,27,69,2,14
LOUISVILLE SLUGGERS,23,165,10.703145695610921,7669,6880,1781,262,995,938,171,0.25886627906976745,1169,72,36,1203,524.6793866666667,1478.5567699999997,4.039447801539778,1.2648047647562015,9,9,8,8,9,5,6,6,3,4,43,24,67,3,14
MELONHEADS,23,223,10.222052022401842,7300,6496,1632,254,927,906,164,0.2512315270935961,1327,84,0,1347,570.8517211111111,1605.96237,3.871639404672193,1.210220324039186,7,5,5,7,2,10,2,10,6,10,26,38,64,4,14
NATIONAL PASTIME,23,190,10.417739059473075,7429,6663,1712,236,913,884,152,0.2569413177247486,1313,82,52,1264,555.02775,1601.3573700000002,3.8044552551408986,1.2196171896420414,3,3,2,5,6,9,8,8,10,8,19,43,62,5,14
BLUE SOCKS,23,221,10.140633144614732,7495,6755,1737,225,920,899,177,0.2571428571428571,1090,68,88,1108,463.0814655555555,1320.2253699999999,3.8236084311926595,1.2112159357798165,1,4,3,9,7,4,10,5,9,9,24,37,61,6,14
BIG RED MACHINE,23,151,9.805762541782967,7587,6748,1699,265,944,940,117,0.251778304682869,1178,72,54,1082,508.4961677777777,1512.71567,3.8849452546689296,1.2841389388794568,10,8,9,1,3,5,9,4,5,3,31,26,57,7,14
FREE BIRDS,23,188,9.323801122531593,7414,6584,1667,241,895,902,120,0.2531895504252734,1290,79,19,1258,573.6039011111111,1616.2526599999999,4.001887682170543,1.2529090387596897,4,1,4,3,5,7,3,7,4,6,17,27,44,8,14
ERIE LAKERS,23,168,8.070430866959386,7454,6612,1703,247,935,913,118,0.2575620084694495,1038,61,25,941,480.03112111111113,1350.77677,4.162119547206166,1.3013263680154141,6,7,6,2,8,3,4,1,1,1,29,10,39,9,14
FREE AT LAST,22,151,8.282525648839808,7389,6494,1607,235,905,863,154,0.2474591931013243,1067,61,46,1015,486.95567888888894,1383.9227799999999,4.107404976569822,1.2970222867853793,2,2,1,6,1,3,7,2,2,2,12,16,28,10,14
WESTSIDE MARAUDERS,23,213,11.268585275784602,7407,6569,1674,271,947,935,168,0.254833307961638,1368,86,32,1359,580.3857955555555,1689.270642,3.8183276023391817,1.2348469605263157,10,7,7,8,6,10,6,10,7,7,38,40,78,1,15
BLUE SOCKS,23,221,10.325970408094294,7960,7224,1860,234,951,951,173,0.2574750830564784,1054,70,62,1107,440.42570111111115,1288.78172,3.7607507685009494,1.2227530550284629,3,8,9,9,7,4,9,3,9,8,36,33,69,2,15
LOUISVILLE SLUGGERS,23,165,10.708064217087713,7505,6760,1753,256,958,932,166,0.2593195266272189,1149,70,53,1161,495.69565222222224,1445.81865,3.8827335683202784,1.2583278067885117,7,9,6,7,10,4,7,5,6,3,39,25,64,3,15
MELONHEADS,23,223,10.339096429139774,7230,6456,1639,248,912,903,165,0.2538723667905824,1194,75,54,1210,499.8261344444445,1424.89266,3.7675336767169183,1.1933774371859296,6,3,4,6,4,7,8,8,8,10,23,41,64,3,15
HOOSIERS,23,190,10.324848248976744,8010,7047,1765,266,1025,961,202,0.2504611891585072,1159,71,24,1112,503.78549333333336,1454.0950400000002,3.912053011216566,1.254611768766178,9,10,10,10,2,5,3,4,5,5,41,22,63,4,15
NATIONAL PASTIME,23,190,10.317319913451342,7248,6513,1686,227,889,864,144,0.2588668816213726,1187,76,84,1199,494.6884022222222,1438.00587,3.750796647009267,1.211462401010952,1,1,1,4,9,8,10,7,10,9,16,44,60,5,15
BIG RED MACHINE,23,151,9.743475330883884,7510,6677,1687,262,941,936,124,0.2526583795117568,1251,74,27,1178,551.3991911111111,1565.0790899999997,3.96690065547562,1.2510624220623499,8,6,8,3,3,6,4,6,4,6,28,26,54,6,15
FREE BIRDS,23,188,9.333730986579878,7382,6535,1660,232,908,887,120,0.2540168324407039,1268,80,30,1276,564.2310555555555,1595.14956,4.004794558359621,1.2580043848580442,2,2,3,2,5,9,5,9,3,4,14,30,44,7,15
ERIE LAKERS,23,168,8.02002497039213,7454,6612,1703,247,935,913,118,0.2575620084694495,1152,65,8,1002,553.6113133333333,1525.32243,4.325088385416667,1.324064609375,5,5,5,1,8,3,2,2,1,1,24,9,33,8,15
FREE AT LAST,22,151,8.190998961929969,7557,6656,1646,239,923,882,152,0.24729567307692307,1141,65,27,966,526.2762111111111,1485.40845,4.151170815074496,1.3018478965819456,4,4,2,5,1,3,4,1,2,2,16,12,28,9,15
WESTSIDE MARAUDERS,23,213,11.061296163832818,7449,6669,1726,245,945,918,182,0.2588094167041535,1283,79,49,1306,550.4871522222221,1576.786742,3.861562252533125,1.2289842104442712,5,7,5,9,8,8,7,9,8,8,34,40,74,1,16
BLUE SOCKS,23,221,10.554424447216734,7803,7052,1825,226,951,924,174,0.25879183210436757,1199,74,56,1187,499.88004333333333,1453.65753,3.752227180984154,1.2123916013344453,1,8,6,8,7,5,9,6,10,9,30,39,69,2,16
LOUISVILLE SLUGGERS,23,165,10.768319387103775,7639,6867,1795,253,975,926,170,0.26139507790883937,1194,77,36,1209,524.4303766666667,1513.0038499999996,3.9529927889447243,1.2671724036850918,7,9,7,7,10,7,5,7,5,4,40,28,68,3,16
HOOSIERS,23,190,10.307591158094917,8103,7182,1805,268,1025,991,209,0.25132275132275134,1103,67,33,1029,474.2814366666667,1410.7626999999998,3.869930126926564,1.2790233000906617,9,10,10,10,3,4,4,3,7,3,42,21,63,4,16
NATIONAL PASTIME,23,190,10.497402256526923,7828,7057,1803,261,945,953,150,0.2554910018421426,1218,76,52,1151,535.1102611111112,1498.98037,3.95401670771757,1.230689958949097,8,7,9,4,5,6,8,5,4,7,33,30,63,4,16
MELONHEADS,23,223,10.187724823118295,7157,6373,1610,247,901,893,161,0.2526282755374235,1270,80,27,1270,547.9647955555556,1532.8435,3.8832150866141735,1.2069633858267717,6,4,3,5,4,9,3,8,6,10,22,36,58,5,16
BIG RED MACHINE,23,151,9.764723015105327,7500,6635,1635,274,931,927,110,0.24642049736247174,1038,64,108,1019,437.4733988888888,1299.4286399999999,3.7931219556840072,1.251858034682081,10,6,8,2,1,3,10,2,9,5,27,29,56,6,16
FREE BIRDS,23,188,9.111149308643187,7312,6476,1657,228,891,881,109,0.25586781964175415,1345,83,0,1355,607.1542444444444,1681.65571,4.062742156133829,1.2503016431226766,3,2,2,1,6,10,2,10,2,6,14,30,44,7,16
ERIE LAKERS,23,168,8.075215124805357,7349,6526,1689,242,923,899,120,0.25881091020533253,976,58,40,908,435.007058888889,1251.6123500000003,4.011335584016394,1.282389702868853,4,5,4,3,9,2,6,1,3,2,25,14,39,8,16
FREE AT LAST,22,151,8.157816284239226,7102,6221,1536,227,893,839,163,0.24690564217971386,1297,74,0,1136,598.5361822222221,1693.0927199999999,4.153296561295297,1.3053914572089436,2,3,1,6,2,5,2,4,1,1,14,13,27,9,16
WESTSIDE MARAUDERS,23,213,11.086401400370105,7477,6620,1684,257,951,919,164,0.254380664652568,1197,76,86,1255,508.5350044444444,1455.079182,3.823571461988304,1.2156049974937342,9,8,7,8,4,7,9,8,9,9,36,42,78,1,17
LOUISVILLE SLUGGERS,23,165,10.745479735304205,7715,6946,1799,256,970,938,170,0.25899798445148287,1154,72,52,1109,497.31509444444447,1443.66444,3.878540597920278,1.251009046793761,8,9,9,9,10,5,8,3,6,5,45,27,72,2,17
BLUE SOCKS,23,221,10.42133725405394,7526,6783,1736,239,919,917,161,0.25593395252837975,1318,84,29,1273,553.6388677777778,1626.15327,3.780538550834598,1.2338036949924127,3,3,6,7,7,9,6,9,10,8,26,42,68,3,17
MELONHEADS,23,223,10.274060154685106,7323,6518,1660,244,923,902,160,0.25467934949370974,1355,85,0,1349,580.8401066666668,1643.50022,3.857978568265683,1.212915291512915,6,5,5,6,5,10,3,10,8,10,27,41,68,3,17
NATIONAL PASTIME,23,190,10.491090018441016,7647,6881,1775,254,940,933,155,0.2579566923412295,1211,74,52,1188,521.1931955555556,1500.73852,3.8734424112303882,1.2392555904211398,7,6,8,5,8,6,8,6,7,7,34,34,68,3,17
HOOSIERS,23,190,10.345468550467837,8008,7130,1803,257,1006,972,236,0.252875175315568,1321,76,0,1150,613.6612422222222,1716.99982,4.180886585919758,1.2997727630582891,9,10,10,10,2,7,3,5,1,1,41,17,58,4,17
BIG RED MACHINE,23,151,9.753144120776025,7566,6724,1702,258,942,933,117,0.25312314098750743,1170,70,46,1124,504.6126277777778,1478.3607,3.881635598290598,1.2635561538461537,10,7,8,1,3,4,7,4,5,3,29,23,52,5,17
FREE BIRDS,23,188,9.279236548131063,7466,6605,1684,232,921,891,122,0.2549583648750946,1282,77,27,1254,577.1393733333334,1613.58834,4.051680468018722,1.258649251170047,2,4,3,2,6,8,5,7,2,4,17,26,43,6,17
ERIE LAKERS,23,168,8.087507523209467,7258,6459,1669,242,912,894,127,0.2583991329927233,1061,65,10,1001,476.5836066666667,1366.15452,4.042650763430727,1.2876102921771915,4,2,4,4,9,3,4,2,3,2,23,14,37,7,17
FREE AT LAST,22,151,8.228816015911038,7319,6421,1573,243,905,868,123,0.24497741784768728,854,53,99,867,376.8058311111111,1067.5851,3.9710216393442623,1.2500996487119438,5,1,2,3,1,2,10,1,4,6,12,23,35,8,17
BLUE SOCKS,23,221,10.504348597852406,7782,7011,1799,236,964,936,200,0.25659677649408075,1080,66,73,1103,454.10728888888895,1330.1067200000002,3.784227407407408,1.2315802962962965,3,8,8,9,8,4,9,4,9,7,36,33,69,1,18
NATIONAL PASTIME,23,190,10.35908797618613,7401,6611,1686,256,912,919,142,0.25502949629405536,1130,73,84,1146,485.73840666666666,1385.1367000000002,3.8687129734513275,1.225784690265487,9,4,7,6,6,6,10,5,8,8,32,37,69,1,18
LOUISVILLE SLUGGERS,23,165,10.600956113821807,7842,7062,1860,252,994,942,164,0.26338147833474934,1120,69,36,1152,487.2097,1410.36143,3.9150779464285717,1.2592512767857142,8,9,9,7,10,5,6,6,4,4,43,25,68,2,18
HOOSIERS,23,190,10.294495178570674,7879,6974,1754,257,1009,956,217,0.2515055921995985,1197,74,32,1066,516.9131977777778,1515.6510999999998,3.886565396825397,1.266208103592314,10,10,10,10,4,7,5,3,6,2,44,23,67,3,18
WESTSIDE MARAUDERS,23,213,10.775335352431298,7183,6438,1650,249,901,900,139,0.25629077353215285,1362,86,32,1395,588.1341855555556,1660.8807319999999,3.8863492437591782,1.2194425345080762,6,2,4,5,7,10,5,10,7,10,24,42,66,4,18
MELONHEADS,23,223,10.402463866269926,7430,6608,1659,249,931,910,183,0.2510593220338983,1382,86,0,1295,599.08166,1694.00277,3.9014001013024604,1.2257617727930536,6,6,5,8,2,10,3,8,5,9,27,35,62,5,18
BIG RED MACHINE,23,151,9.726169248605851,7367,6579,1675,237,910,893,132,0.25459796321629424,1321,80,27,1245,554.8476088888889,1657.85345,3.7801880999243,1.25499882664648,4,3,2,4,5,8,4,7,10,6,18,35,53,6,18
ERIE LAKERS,23,168,8.112642519875767,7454,6612,1703,247,935,913,118,0.2575620084694495,952,54,61,877,447.9488622222223,1249.48169,4.2348106722689085,1.3124807668067227,5,7,6,3,9,2,7,1,1,1,30,12,42,7,18
FREE BIRDS,23,188,9.370295285266922,7410,6561,1648,251,898,899,108,0.251181222374638,1393,85,0,1344,627.9790311111111,1756.09596,4.057294529791816,1.2606575448671933,7,1,3,2,3,9,3,9,2,3,16,26,42,7,18
FREE AT LAST,22,151,8.228822226309909,7424,6540,1628,234,917,871,139,0.2489296636085627,924,56,68,908,412.05319333333335,1163.2339599999998,4.01350512987013,1.2589112121212118,2,5,1,5,1,3,8,2,3,5,14,21,35,8,18
LOUISVILLE SLUGGERS,23,165,10.711676658537575,7473,6717,1749,251,969,916,178,0.2603841000446628,947,63,96,1045,392.29437444444443,1158.58753,3.7282464308342136,1.2234292819429777,7,9,6,9,10,5,10,4,10,8,41,37,78,1,19
WESTSIDE MARAUDERS,23,213,11.111520970823934,7372,6626,1717,249,924,917,156,0.2591306972532448,1386,87,32,1380,597.7284099999999,1685.2482519999999,3.881353311688311,1.2159078297258297,6,5,7,6,9,10,6,10,6,9,33,41,74,2,19
BLUE SOCKS,23,221,10.440715706963125,7526,6783,1736,239,919,917,161,0.25593395252837975,1213,75,56,1221,506.49278777777783,1458.97986,3.7579844105523503,1.2027863643858203,5,2,7,7,6,7,8,8,9,10,27,42,69,3,19
MELONHEADS,23,223,10.369026547929748,7478,6653,1684,251,951,922,171,0.2531188937321509,1295,82,17,1275,556.0365488888889,1590.9993299999999,3.864346671814672,1.2285709111969112,7,8,8,8,4,9,2,9,7,7,35,34,69,3,19
HOOSIERS,23,190,10.28955770214141,8017,7101,1775,266,1008,975,217,0.24996479369102942,1134,74,22,1034,473.8722366666667,1436.4354599999997,3.7608907671957676,1.2666979365079363,10,10,10,10,2,6,4,3,8,3,42,24,66,4,19
NATIONAL PASTIME,23,190,10.433875808321618,7755,6993,1810,252,945,941,156,0.25883025883025884,1201,74,52,1166,533.44278,1498.8003399999998,3.9974896086594507,1.2479603164029973,8,7,9,6,8,6,7,6,3,6,38,28,66,4,19
BIG RED MACHINE,23,151,9.762962548060711,7601,6759,1695,265,938,941,112,0.2507767421216156,1266,75,27,1180,559.1229511111111,1597.1737199999998,3.9748077093206953,1.2615906161137438,9,6,9,2,3,7,5,7,4,5,29,28,57,5,19
FREE BIRDS,23,188,9.126379995979914,7145,6325,1602,221,872,853,130,0.2532806324110672,1215,76,62,1221,534.0530177777778,1537.49699,3.955948279835391,1.2654296213991771,3,1,3,4,5,8,9,8,5,4,16,34,50,6,19
FREE AT LAST,22,151,8.173066430502956,7424,6500,1606,235,923,862,147,0.24707692307692308,1116,63,21,1057,510.95331555555566,1421.8281299999999,4.120591254480288,1.2740395430107525,4,4,4,5,1,5,3,5,2,2,18,17,35,7,19
ERIE LAKERS,23,168,7.956297986858573,7381,6539,1688,239,922,895,114,0.2581434470102462,1150,63,16,991,546.3285277777778,1526.2745,4.275614565217391,1.3271952173913044,5,3,5,3,7,5,1,2,1,1,23,10,33,8,19
WESTSIDE MARAUDERS,23,213,10.943147661676843,7435,6601,1678,267,945,937,139,0.25420390849871233,1190,75,70,1242,496.72665222222213,1425.844892,3.75675619327731,1.1981889848739495,10,7,8,5,5,5,8,7,10,10,35,40,75,1,20
LOUISVILLE SLUGGERS,23,165,10.750812870252373,7499,6741,1764,249,962,916,179,0.2616822429906542,1151,76,50,1143,486.59751555555556,1439.5664899999997,3.8048459079061683,1.2507093744569937,6,9,6,9,10,6,7,5,9,6,40,33,73,2,20
NATIONAL PASTIME,23,190,10.508535828473278,7678,6901,1784,251,948,927,154,0.25851325894797855,1109,70,84,1110,483.2913444444444,1370.87042,3.9221119026149682,1.236132028854824,7,8,7,7,8,4,10,4,5,8,37,31,68,3,20
MELONHEADS,23,223,10.29578185242581,7405,6591,1656,254,938,916,179,0.25125170687300863,1372,85,0,1308,599.606138888889,1665.62773,3.9332764212827995,1.2140143804664723,8,6,6,9,2,10,2,10,4,9,31,35,66,4,20
BLUE SOCKS,23,221,10.329924841737498,7851,7127,1831,233,938,943,171,0.2569103409569244,1293,80,29,1239,561.9167066666666,1638.34609,3.9112531786542926,1.2670890100541377,2,6,9,8,7,9,5,6,7,4,32,31,63,5,20
HOOSIERS,23,190,10.252436764023505,8061,7128,1793,266,1032,975,211,0.2515432098765432,1125,70,30,1022,489.06527555555556,1437.5249,3.9125222044444445,1.277799911111111,9,10,10,10,3,4,6,2,6,3,42,21,63,5,20
BIG RED MACHINE,23,151,9.730629576914714,7364,6549,1659,241,913,887,114,0.2533211177278974,1328,79,27,1255,563.2371033333333,1644.01016,3.8171189231927705,1.2379594578313253,5,5,4,2,4,8,4,8,8,7,20,35,55,6,20
FREE BIRDS,23,188,9.265285996331317,7256,6435,1638,234,880,890,125,0.2545454545454545,1256,78,27,1266,561.0733577777778,1574.87001,4.020430111464968,1.2538773964968153,3,2,5,4,6,7,4,9,3,5,20,28,48,7,20
ERIE LAKERS,23,168,8.106419913937652,7185,6397,1661,233,896,875,120,0.25965296232609036,1173,68,2,1083,553.5290755555557,1513.9240999999997,4.247026155157717,1.290642881500426,2,3,3,3,9,3,3,3,1,2,20,12,32,8,20
FREE AT LAST,22,151,8.164523504085182,7319,6413,1575,238,905,864,151,0.2455948853890535,926,51,82,902,415.2817800000001,1201.2393200000001,4.036216004319655,1.2972346868250542,4,4,2,6,1,2,9,1,2,1,17,15,32,8,20
WESTSIDE MARAUDERS,23,213,11.095650291929804,7638,6812,1749,259,962,949,137,0.2567527891955373,1351,84,32,1343,577.0856022222222,1646.989572,3.844389652109548,1.219089246484086,8,8,8,5,7,10,6,10,8,9,36,43,79,1,21
MELONHEADS,23,223,10.401202423468098,7409,6582,1655,245,935,903,180,0.25144333029474325,1207,79,41,1205,509.23094000000003,1459.55584,3.797082402651202,1.209242618061309,6,5,4,8,4,8,7,7,9,10,27,41,68,2,21
BLUE SOCKS,23,221,10.443828883262421,7544,6821,1745,238,918,920,160,0.2558275912622783,1334,82,29,1298,560.2744244444445,1647.6548599999999,3.7799623838080967,1.2351235832083958,4,4,6,7,5,9,5,9,10,7,26,40,66,3,21
LOUISVILLE SLUGGERS,23,165,10.651687520049817,7536,6789,1787,244,978,918,186,0.263219914567683,1083,68,55,1143,468.8892022222222,1359.58504,3.8965861680517078,1.2553878485687904,5,9,5,9,10,3,8,5,7,5,38,28,66,3,21
NATIONAL PASTIME,23,190,10.46107209453466,7793,7022,1810,254,949,945,155,0.2577613215608089,1140,72,63,1121,500.7751044444444,1393.74599,3.9534876666666667,1.222584201754386,7,6,7,6,8,5,9,4,6,8,34,32,66,3,21
HOOSIERS,23,190,10.256463845829806,8101,7171,1799,266,1021,979,219,0.2508715660298424,1268,77,0,1094,564.33662,1639.6580600000002,4.005543832807572,1.2931057255520506,9,10,10,10,3,7,2,2,3,1,42,15,57,4,21
BIG RED MACHINE,23,151,9.78855804782897,7720,6840,1704,273,959,955,123,0.24912280701754386,1263,75,27,1179,557.2023333333334,1622.47453,3.970562945368172,1.2846195803642122,10,7,9,2,2,6,4,6,5,2,30,23,53,5,21
FREE BIRDS,23,188,9.28445851495728,7526,6674,1713,225,911,883,137,0.25666766556787535,1272,77,22,1271,577.7064988888889,1603.78408,4.087545982704402,1.2608365408805031,1,3,3,5,6,7,3,8,1,4,18,23,41,6,21
ERIE LAKERS,23,168,8.100901626944017,7153,6384,1662,236,897,879,126,0.26033834586466165,785,45,112,781,349.12114,1008.1489,4.002662751592357,1.2842661146496817,3,2,2,3,9,2,10,1,4,3,19,20,39,7,21
FREE AT LAST,22,151,8.079096400492798,6969,6110,1503,229,860,831,135,0.24599018003273324,1180,71,32,1099,525.9305044444445,1479.58248,4.011334355932204,1.2538834576271187,2,1,1,4,1,4,6,3,2,6,9,21,30,8,21
LOUISVILLE SLUGGERS,23,165,10.8312816226624,7886,7087,1849,263,1012,952,159,0.260900239875829,1090,69,47,1137,475.3012933333333,1349.3239199999998,3.924506091743119,1.237911853211009,9,10,9,6,10,6,6,5,5,7,44,29,73,1,22
WESTSIDE MARAUDERS,23,213,10.988465575368451,7428,6627,1707,251,939,923,136,0.25758261656858306,1346,84,32,1353,578.4169222222222,1624.454162,3.8675722882615156,1.206875306092125,7,7,7,4,8,9,4,10,7,10,33,40,73,1,22
HOOSIERS,23,190,10.502527358180025,7935,7026,1753,279,1009,989,214,0.24950185027042415,1011,63,71,936,423.43432111111116,1292.0489199999997,3.769444995054402,1.2779910187932737,10,9,10,10,2,4,9,3,10,3,41,29,70,2,22
MELONHEADS,23,223,10.322550386196529,7258,6465,1627,251,921,904,178,0.2516627996906419,1381,87,0,1348,596.2136622222224,1683.40499,3.88553436640116,1.2189753729181751,7,4,5,9,4,10,2,8,6,9,29,35,64,3,22
NATIONAL PASTIME,23,190,10.340825236863301,7367,6594,1695,238,908,881,145,0.2570518653321201,1313,82,52,1264,555.02775,1601.3573700000002,3.8044552551408986,1.2196171896420414,6,3,3,5,6,8,7,7,9,8,23,39,62,4,22
BLUE SOCKS,23,221,10.333585978945731,7960,7224,1860,234,951,951,173,0.2574750830564784,1256,79,29,1197,548.0443188888889,1579.0571100000002,3.9270691640127398,1.2572110748407646,4,8,8,8,7,7,3,6,4,5,35,25,60,5,22
BIG RED MACHINE,23,151,9.707687258585013,7391,6561,1646,255,924,906,131,0.25087639079408625,1122,68,78,1098,479.4487611111111,1398.1232199999997,3.845845677361854,1.2460991265597146,8,6,6,3,3,5,10,4,8,6,26,33,59,6,22
FREE BIRDS,23,188,9.129494617110957,7347,6508,1649,229,884,883,120,0.25338045482483096,1334,82,0,1351,587.3875044444444,1678.09931,3.9628842128935533,1.2579455097451275,2,1,4,2,5,8,2,9,3,4,14,26,40,7,22
ERIE LAKERS,23,168,8.02854155735255,7204,6399,1661,233,900,877,120,0.25957180809501484,966,56,59,911,448.03765444444446,1258.3458,4.174263861283644,1.302635403726708,3,2,2,2,9,2,8,2,1,2,18,15,33,8,22
FREE AT LAST,22,151,8.18965677392573,7396,6505,1615,235,923,873,166,0.2482705611068409,1042,59,45,936,482.7009466666667,1358.58971,4.1692020345489444,1.303828896353167,5,5,1,7,1,3,5,3,2,1,19,14,33,8,22
WESTSIDE MARAUDERS,23,213,11.142280546472193,7568,6768,1744,255,950,937,150,0.2576832151300236,1354,85,32,1364,587.2121822222223,1646.066492,3.9031828951255543,1.2157064194977842,7,6,8,5,8,10,6,10,7,9,34,42,76,1,23
LOUISVILLE SLUGGERS,23,165,10.69178413728126,7452,6692,1730,258,956,919,151,0.25851763299462044,1149,72,53,1207,472.14025,1411.4871799999999,3.698226501305483,1.2284483724978241,9,7,5,6,9,5,8,7,10,8,36,38,74,2,23
MELONHEADS,23,223,10.50643204703629,7535,6687,1673,257,960,929,184,0.25018692986391505,1277,81,16,1255,537.0156244444445,1551.84079,3.7847616444792482,1.215223797963978,8,8,6,9,2,8,3,8,9,10,33,38,71,3,23
BLUE SOCKS,23,221,10.518689650860948,7939,7155,1836,247,967,955,175,0.25660377358490566,1221,78,29,1201,532.2033755555556,1526.98673,3.9228750040950042,1.2506033824733824,5,9,9,8,7,7,5,6,6,5,38,29,67,4,23
HOOSIERS,23,190,10.26745460047205,7907,7043,1769,261,988,968,216,0.2511713758341616,1246,74,22,1122,552.0520533333333,1626.7064299999997,3.987534895666131,1.3055428812199035,10,10,10,10,4,6,4,5,4,1,44,20,64,5,23
NATIONAL PASTIME,23,190,10.399702400960265,7657,6872,1763,258,939,932,136,0.25654831199068684,1055,67,109,1046,460.77627888888884,1297.9989199999998,3.9307929004739335,1.2303307298578197,9,5,7,3,6,3,10,3,5,7,30,28,58,6,23
BIG RED MACHINE,23,151,9.739019430845474,7391,6561,1646,252,926,903,141,0.25087639079408625,1122,68,78,1098,479.4487611111111,1398.1232199999997,3.845845677361854,1.2460991265597146,6,4,4,4,3,4,9,4,8,6,21,31,52,7,23
FREE BIRDS,23,188,9.019642173152732,7270,6429,1643,227,883,872,106,0.25556074039508475,1358,83,0,1354,604.6739066666667,1704.1058,4.00741175257732,1.2548643593519881,2,1,2,1,5,9,1,9,3,4,11,26,37,8,23
ERIE LAKERS,23,168,8.123495820126239,7204,6399,1661,233,900,877,120,0.25957180809501484,974,57,51,920,435.9552022222223,1234.05701,4.0283334907597546,1.2669989835728952,4,2,3,2,10,2,7,1,2,3,21,15,36,9,23
FREE AT LAST,22,151,8.089047386467765,7382,6499,1619,230,922,869,163,0.24911524849976918,1167,67,11,1003,548.8473155555556,1514.45154,4.2327556469580125,1.2977305398457584,3,3,1,7,1,3,2,2,1,2,15,10,25,10,23
WESTSIDE MARAUDERS,23,213,10.97038732982153,7575,6735,1702,262,950,940,155,0.25270972531551594,1385,86,32,1342,603.5176722222222,1705.8039319999998,3.921775487364621,1.2316273877256316,10,6,9,5,5,9,5,10,5,8,35,37,72,1,24
LOUISVILLE SLUGGERS,23,165,10.736403236077068,7692,6882,1795,250,986,918,169,0.26082534147050274,1155,74,36,1173,496.46536111111106,1433.5163699999998,3.868561255411255,1.2411397142857141,7,9,6,8,10,6,6,6,6,7,40,31,71,2,24
HOOSIERS,23,190,10.228513967442007,7844,6954,1753,253,996,946,221,0.2520851308599367,1018,63,66,995,428.0874000000001,1273.0122699999997,3.7846626719056986,1.2505032121807462,9,10,10,10,4,3,8,2,9,5,43,27,70,3,24
MELONHEADS,23,223,10.30060282796198,7296,6494,1627,253,925,908,177,0.25053895903911305,1390,88,0,1322,590.1636377777778,1704.0232100000003,3.8212034100719428,1.2259159784172664,9,4,4,9,2,10,1,9,8,9,28,37,65,4,24
BLUE SOCKS,23,221,10.42395587132515,7379,6657,1707,236,902,905,160,0.25642181162685895,1233,77,56,1253,510.5502255555556,1498.42765,3.72664398215734,1.215269789132198,4,3,3,6,7,7,7,7,10,10,23,41,64,5,24
NATIONAL PASTIME,23,190,10.558279922015346,7681,6904,1795,248,952,939,164,0.2599942062572422,1148,70,74,1113,508.64483888888884,1425.8097799999998,3.9876337543554006,1.241994581881533,6,7,8,7,8,5,9,5,3,6,36,28,64,5,24
BIG RED MACHINE,23,151,9.73386452998817,7521,6699,1693,251,931,912,126,0.2527242872070458,1108,67,78,1057,471.76407777777774,1393.1491399999998,3.832018682310469,1.2573548194945847,8,5,5,3,6,4,10,4,7,3,27,28,55,6,24
FREE BIRDS,23,188,9.22387231685751,7320,6472,1631,238,902,888,111,0.252008652657602,1253,78,27,1281,552.0304655555556,1566.97461,3.9651031045490823,1.2505783000798085,5,3,2,2,3,8,4,8,4,4,15,28,43,7,24
FREE AT LAST,22,151,8.187321770135496,7984,7063,1762,248,961,937,141,0.24946906413705225,983,55,18,927,466.3557444444445,1270.3347999999999,4.269788097660224,1.292303967446592,6,8,7,4,1,2,3,1,1,2,26,9,35,8,24
ERIE LAKERS,23,168,7.989554516759354,7153,6384,1662,236,897,879,126,0.26033834586466165,1126,67,14,1004,521.5851444444444,1472.4597099999999,4.16897539964476,1.3076906838365896,4,2,1,3,9,4,2,3,2,1,19,12,31,9,24
LOUISVILLE SLUGGERS,23,165,10.634114987690095,7403,6667,1753,245,967,910,194,0.2629368531573421,864,57,113,933,345.8143077777778,1034.1797299999998,3.6022323726851853,1.1969672800925923,6,9,5,9,10,4,10,2,10,10,39,36,75,1,25
WESTSIDE MARAUDERS,23,213,10.850364672127942,7589,6762,1714,265,946,947,140,0.25347530316474415,1346,83,32,1324,580.7605222222222,1641.801662,3.8832427191679044,1.2197634933135215,10,6,9,5,5,10,5,9,6,7,35,37,72,2,25
BLUE SOCKS,23,221,10.51545854180979,7773,6994,1796,243,952,939,173,0.2567915356019445,1127,72,56,1175,485.3782511111111,1366.89222,3.8761351020408163,1.2128591126885537,5,8,8,7,7,6,8,5,8,9,35,36,71,3,25
MELONHEADS,23,223,10.32523001019784,7486,6659,1690,247,951,913,180,0.2537918606397357,1284,80,22,1249,558.0741788888889,1590.05998,3.9117348987538945,1.2383644704049843,7,7,6,8,6,9,4,8,5,6,34,32,66,4,25
NATIONAL PASTIME,23,190,10.444723998293728,7419,6663,1731,232,907,880,146,0.259792886087348,1217,76,84,1191,510.9194,1478.63145,3.778368611339359,1.2149806491372228,1,3,2,6,9,8,9,7,9,8,21,41,62,5,25
HOOSIERS,23,190,10.244259932763974,8012,7101,1783,259,1009,967,224,0.2510913955780876,1306,76,0,1145,598.5522077777778,1690.59929,4.124785505359878,1.2944864395099542,9,10,10,10,2,8,3,4,1,3,41,19,60,6,25
BIG RED MACHINE,23,151,9.768220670542785,7559,6751,1699,254,930,930,122,0.2516664197896608,1208,73,54,1107,520.65435,1533.06617,3.8790473096026488,1.2690945115894041,8,5,7,3,3,7,7,3,7,4,26,28,54,7,25
FREE BIRDS,23,188,9.3202106059228,7326,6462,1637,241,894,887,115,0.2533271432992881,1345,83,0,1355,607.1542444444444,1681.65571,4.062742156133829,1.2503016431226766,3,2,3,2,4,10,3,10,2,5,14,30,44,8,25
ERIE LAKERS,23,168,8.04185194451541,7258,6459,1669,242,912,894,127,0.2583991329927233,986,59,40,915,443.96126333333336,1278.1749300000001,4.052384756592293,1.29632345841785,4,4,4,4,8,5,6,1,4,2,24,18,42,9,25
FREE AT LAST,22,151,8.2030634459938,7228,6365,1567,238,889,863,122,0.24619010212097409,1240,73,0,1176,559.0562244444444,1616.7629700000002,4.05766614516129,1.30384110483871,2,1,1,3,1,7,3,6,3,1,8,20,28,10,25
WESTSIDE MARAUDERS,23,213,11.01247702690672,7407,6632,1724,248,936,922,154,0.25995174909529556,1270,82,46,1316,540.5957988888888,1543.0832919999998,3.8309938503936998,1.2150262141732282,7,5,7,6,9,10,7,10,6,8,34,41,75,1,26
LOUISVILLE SLUGGERS,23,165,10.684450514105576,7529,6771,1762,260,974,935,164,0.2602274405553094,1087,69,58,1119,459.4547511111111,1348.43894,3.8041331738730446,1.2405142042318307,8,9,8,8,10,5,8,4,8,6,43,31,74,2,26
MELONHEADS,23,223,10.431177714789413,7514,6677,1679,245,946,913,195,0.25146023663321854,1223,79,28,1220,519.01106,1478.00347,3.819378201144726,1.2085065167620606,6,8,5,9,4,9,5,8,7,10,32,39,71,3,26
HOOSIERS,23,190,10.321616395401994,8131,7197,1801,275,1031,992,197,0.2502431568709184,1133,69,18,1048,478.31546333333335,1409.3497699999998,3.7995050044130627,1.2439097705207411,10,10,10,10,2,5,2,3,9,5,42,24,66,4,26
NATIONAL PASTIME,23,190,10.349384018516169,7372,6599,1701,233,911,876,152,0.2577663282315502,1186,75,82,1198,494.5280044444444,1436.13126,3.7527420236087683,1.2109032546374368,2,2,1,5,7,6,10,7,10,9,17,42,59,5,26
BLUE SOCKS,23,221,10.264946176791119,7544,6821,1745,238,918,920,160,0.2558275912622783,1175,75,61,1192,505.2835533333334,1435.81673,3.8702570042553193,1.2219716851063829,3,3,6,7,6,6,9,6,5,7,25,33,58,6,26
BIG RED MACHINE,23,151,9.73502210505387,7601,6759,1695,265,938,941,112,0.2507767421216156,1275,77,27,1164,557.4154966666666,1633.12617,3.9346976235294115,1.2808832705882354,9,7,9,2,3,7,4,5,4,2,30,22,52,7,26
FREE BIRDS,23,188,9.247559306923998,7333,6531,1658,226,886,878,143,0.25386617669575867,1282,78,27,1266,571.1369066666666,1623.8411500000002,4.009541466458658,1.266646762870515,1,1,2,4,5,8,4,9,3,4,13,28,41,8,26
ERIE LAKERS,23,168,8.07056985206594,7387,6563,1700,243,925,905,121,0.2590278835898217,1126,61,35,963,546.8874388888889,1510.75309,4.371213987566608,1.3416990142095915,5,4,4,3,8,4,6,1,1,1,24,13,37,9,26
FREE AT LAST,22,151,8.235553177828816,7627,6694,1662,242,937,890,152,0.24828204362115328,1042,60,19,981,476.5360944444445,1324.9676,4.115954750479847,1.2715619961612283,4,6,3,5,1,3,3,2,2,3,19,13,32,10,26
WESTSIDE MARAUDERS,23,213,11.089237618046864,7764,6947,1775,264,963,961,146,0.255505973801641,1267,80,43,1288,535.9967788888889,1544.330802,3.8073962194159434,1.218887767955801,10,7,9,4,6,8,6,8,9,9,36,40,76,1,27
HOOSIERS,23,190,10.337037742653777,7912,7005,1764,261,1003,970,218,0.2518201284796574,1228,73,16,1133,532.4092488888889,1574.8623899999998,3.9020221824104238,1.2824612296416937,9,10,10,10,4,5,3,5,7,3,43,23,66,2,27
NATIONAL PASTIME,23,190,10.436255760833975,7671,6921,1792,250,941,932,163,0.2589221210807687,1203,74,52,1151,532.4496411111111,1475.9280199999998,3.9834137738985866,1.226872834580216,5,6,7,7,9,6,8,6,3,8,34,31,65,3,27
MELONHEADS,23,223,10.298231171715434,7325,6510,1634,253,934,910,164,0.25099846390168973,1350,86,0,1328,582.1257400000001,1618.6716399999998,3.880838266666667,1.1990160296296295,6,5,5,8,2,9,2,9,8,10,26,38,64,4,27
LOUISVILLE SLUGGERS,23,165,10.708250406056795,7686,6913,1784,259,972,935,157,0.25806451612903225,1023,64,90,1075,448.9592533333334,1281.1122199999998,3.949788152492669,1.2523091104594328,7,8,8,5,8,3,10,3,4,5,36,25,61,5,27
BLUE SOCKS,23,221,10.214253704237397,7589,6849,1763,224,925,903,178,0.2574098408526792,1088,72,88,1099,458.18121222222226,1345.24569,3.790101939338235,1.2364390533088234,2,3,4,9,7,4,9,4,10,7,25,34,59,6,27
BIG RED MACHINE,23,151,9.748442507550772,7461,6623,1663,260,931,926,116,0.2510946700890835,1292,76,27,1203,564.3851066666666,1636.31237,3.93147520123839,1.2664956424148608,8,4,6,1,3,7,4,7,5,4,22,27,49,7,27
FREE BIRDS,23,188,9.189241925964549,7061,6250,1594,221,858,846,120,0.25504,1433,88,0,1387,623.5670055555556,1793.57683,3.916331507327286,1.2516237473831124,1,1,2,2,5,10,2,10,6,6,11,34,45,8,27
ERIE LAKERS,23,168,8.131621613035286,7153,6384,1662,236,897,879,126,0.26033834586466165,1001,59,44,974,455.7282055555555,1290.95374,4.097456393606393,1.2896640759240758,3,2,3,3,10,2,7,2,2,2,21,15,36,9,27
FREE AT LAST,22,151,8.196214871053465,7823,6842,1696,247,978,910,162,0.24788073662671734,936,54,41,832,431.90161111111115,1220.89261,4.152900106837608,1.3043724465811968,4,9,5,6,1,1,5,1,1,1,25,9,34,10,27
LOUISVILLE SLUGGERS,23,165,10.830979890086189,7940,7163,1869,264,1002,975,166,0.2609241937735586,1121,69,47,1111,503.4231955555556,1414.73345,4.041756253345228,1.262028055307761,10,10,10,7,10,5,7,5,2,4,47,23,70,1,28
NATIONAL PASTIME,23,190,10.506192136726028,7604,6832,1775,251,937,935,146,0.25980679156908665,1146,73,79,1100,500.96572555555554,1416.1089499999998,3.934285802792321,1.2356971640488654,6,6,8,6,9,6,9,4,5,8,35,32,67,2,28
WESTSIDE MARAUDERS,23,213,10.735642150370202,7351,6535,1665,257,930,914,132,0.25478194338179033,1362,85,32,1362,590.1179455555555,1666.1867419999999,3.899457790014684,1.2233382834067548,8,5,4,4,6,9,5,9,7,9,27,39,66,3,28
HOOSIERS,23,190,10.276618376579531,7760,6879,1739,247,986,939,230,0.2527983718563745,1220,74,16,1121,518.2368211111111,1553.8363,3.823058516393443,1.2736363114754097,4,9,9,10,5,7,3,6,9,2,37,27,64,4,28
MELONHEADS,23,223,10.432637837448466,7437,6604,1664,253,948,916,184,0.25196850393700787,1360,86,0,1322,592.2997733333334,1691.9743400000002,3.919630852941177,1.2440987794117648,7,7,5,9,3,10,2,8,6,7,31,33,64,4,28
BLUE SOCKS,23,221,10.489458927549904,7603,6855,1759,229,926,907,181,0.2566010211524435,1291,80,29,1285,537.5964455555556,1556.77734,3.747767629744385,1.2058693570875292,1,4,3,8,7,8,4,7,10,10,23,39,62,5,28
BIG RED MACHINE,23,151,9.735447590726594,7510,6668,1657,261,926,920,129,0.248500299940012,1123,67,86,1073,483.09662111111106,1400.46472,3.871655912733748,1.2470745503116651,9,4,6,3,1,4,10,3,8,6,23,31,54,6,28
FREE AT LAST,22,151,8.2160163166994291,7977,7032,1758,249,974,931,137,0.25,923,54,35,848,423.02324,1196.27996,4.124820325027086,1.296077963163597,5,8,7,5,2,3,6,1,1,1,27,12,39,7,28
FREE BIRDS,23,188,9.300093543598205,7320,6472,1631,238,902,888,111,0.252008652657602,1386,85,0,1367,612.76869,1756.5461200000002,3.979017467532467,1.267349292929293,2,2,2,1,4,9,2,10,4,3,11,28,39,7,28
ERIE LAKERS,23,168,8.194712030090708,7195,6408,1656,242,903,884,126,0.25842696629213485,867,52,77,878,387.63611000000003,1090.60355,4.0239042560553635,1.2579049019607844,3,3,1,2,8,2,8,2,3,5,17,20,37,8,28
LOUISVILLE SLUGGERS,23,165,10.744101595782157,7711,6950,1814,259,983,942,178,0.26100719424460433,1025,64,85,990,436.57011777777774,1273.29603,3.833298595121951,1.2422400292682927,10,10,10,7,10,3,10,2,8,6,47,29,76,1,29
WESTSIDE MARAUDERS,23,213,10.743280090233513,7365,6597,1696,251,922,918,150,0.25708655449446716,1222,79,57,1267,505.9524677777777,1490.675232,3.7263275040916524,1.2198651653027823,7,3,6,5,8,9,8,8,10,8,29,43,72,2,29
NATIONAL PASTIME,23,190,10.526246734841772,7598,6828,1759,252,938,929,152,0.2576157000585823,1106,71,84,1125,474.25286777777774,1363.45309,3.8592005515370698,1.23277856238698,8,8,8,6,9,5,9,4,7,7,39,32,71,3,29
BLUE SOCKS,23,221,10.471831204017375,7603,6855,1759,229,926,907,181,0.2566010211524435,1289,82,29,1276,535.9033544444445,1571.2431800000002,3.7417612024825453,1.218962901474011,3,4,4,8,7,10,4,10,9,9,26,42,68,4,29
HOOSIERS,23,190,10.310778132437106,7706,6817,1709,249,977,934,214,0.2506967874431568,1273,78,0,1271,558.7495122222222,1598.15984,3.9503107698350353,1.2554279968578161,6,9,9,10,3,8,1,9,4,5,37,27,64,5,29
MELONHEADS,23,223,10.434736751480564,7360,6530,1637,253,933,906,187,0.25068912710566615,1229,76,44,1222,532.4643455555556,1473.2861699999999,3.8992506997558998,1.1987682424735555,9,5,3,9,2,6,7,6,6,10,28,35,63,6,29
BIG RED MACHINE,23,151,9.745388710170563,7454,6615,1668,259,934,919,116,0.25215419501133784,1264,77,27,1186,548.9754555555555,1593.4294699999998,3.908844224683544,1.2606245806962024,10,6,7,2,4,7,3,5,5,4,29,24,53,7,29
ERIE LAKERS,23,168,7.9692275101832495,7467,6616,1694,251,935,914,120,0.2560459492140266,991,56,36,900,446.3277333333334,1304.1935300000002,4.053430474268416,1.316037870837538,7,7,5,3,6,2,6,1,3,1,28,13,41,8,29
FREE BIRDS,23,188,9.27181131350012,7477,6638,1693,232,910,895,113,0.25504670081349806,1261,78,30,1253,569.9802755555555,1592.79362,4.068059064234734,1.2631194448850118,4,1,2,1,5,8,5,7,2,3,13,25,38,9,29
FREE AT LAST,22,151,8.157214322544275,7431,6550,1633,233,913,875,131,0.24931297709923664,1201,68,21,1041,564.8370044444445,1562.27435,4.232750241465446,1.3008112822647793,5,2,1,4,1,4,2,3,1,2,13,12,25,10,29
LOUISVILLE SLUGGERS,23,165,10.67713725999724,7529,6774,1772,254,983,927,172,0.26158842633599055,1120,71,53,1126,477.53093333333334,1412.61824,3.8373021428571428,1.2612662857142858,7,9,7,8,10,6,8,5,9,6,41,34,75,1,30
WESTSIDE MARAUDERS,23,213,11.040645379521758,7470,6648,1694,277,946,954,141,0.25481347773766544,1346,84,32,1334,585.1030922222222,1657.135892,3.912279219910847,1.2311559375928678,9,7,9,5,6,9,5,9,6,7,36,36,72,2,30
MELONHEADS,23,223,10.209607346497195,7237,6468,1641,247,910,902,164,0.2537105751391466,1332,86,0,1324,560.965648888889,1612.5275499999998,3.7903084384384385,1.2106062687687686,6,3,4,7,5,10,2,8,10,10,25,40,65,3,30
BLUE SOCKS,23,221,10.313113337899946,7743,6994,1796,229,939,918,181,0.2567915356019445,1079,69,81,1128,466.3321344444445,1315.64502,3.889702696941613,1.2193188322520851,2,5,6,9,7,4,9,6,7,9,29,35,64,4,30
NATIONAL PASTIME,23,190,10.514472815185929,7478,6707,1747,234,924,899,155,0.2604741315043984,1271,80,52,1240,543.0550888888888,1560.4355799999998,3.845394020456333,1.2277227222659322,4,4,3,6,9,7,7,7,8,8,26,37,63,5,30
HOOSIERS,23,190,10.269097477460928,8021,7132,1799,258,1008,969,221,0.2522434099831744,1121,70,27,1043,496.34399222222225,1421.4987599999997,3.9849205441570033,1.2680631222123102,8,10,10,10,4,5,4,4,4,3,42,20,62,6,30
BIG RED MACHINE,23,151,9.851916888878103,7741,6855,1697,278,965,946,117,0.2475565280816922,1112,66,86,1033,483.8486744444444,1411.4480199999998,3.916041429856114,1.269287787769784,10,8,8,1,1,3,10,3,5,2,28,23,51,7,30
FREE BIRDS,23,188,9.33366866753964,7327,6485,1634,238,890,891,134,0.25196607555898226,1384,83,0,1354,614.7374555555556,1753.0769400000001,3.9975701589595376,1.2666740895953759,5,1,2,4,3,8,2,10,3,5,15,28,43,8,30
ERIE LAKERS,23,168,8.229544976364764,7492,6626,1707,247,941,915,120,0.25762149109568366,1057,61,24,971,484.41426666666666,1371.46695,4.1246247871333965,1.297508940397351,6,6,5,2,8,1,3,1,1,1,27,7,34,9,30
FREE AT LAST,22,151,8.14179162730046,7256,6394,1590,230,895,857,127,0.24867062871441978,1101,62,46,1017,497.9936633333333,1395.97116,4.070792888283378,1.2679120435967304,3,2,1,3,2,2,6,2,2,4,11,16,27,10,30
LOUISVILLE SLUGGERS,23,165,10.70211536596727,7557,6806,1783,252,981,928,195,0.26197472818101675,973,65,71,1003,396.2343411111111,1180.3289100000002,3.665065847893114,1.2130821274409047,8,9,7,9,10,2,9,2,10,9,43,32,75,1,31
WESTSIDE MARAUDERS,23,213,11.115146403389229,7418,6658,1721,247,921,920,140,0.2584860318413938,1386,88,32,1386,589.10992,1702.824892,3.825389090909091,1.2285893881673882,5,4,6,5,9,10,5,10,8,7,29,40,69,2,31
HOOSIERS,23,190,10.295122683769348,7898,6987,1761,256,1010,957,214,0.25203950193215974,1089,69,47,1070,466.36376000000007,1387.32338,3.854245950413224,1.273942497704316,9,10,10,10,3,4,7,4,7,3,42,25,67,3,31
NATIONAL PASTIME,23,190,10.49578142656373,7510,6741,1723,243,909,897,141,0.2556000593383771,1201,76,84,1207,504.35684555555554,1448.28596,3.779526736053289,1.2059000499583679,3,3,3,6,6,7,10,7,9,10,21,43,64,4,31
BLUE SOCKS,23,221,10.403017168345285,7831,7055,1814,243,961,947,171,0.2571226080793763,1173,71,56,1128,509.9106344444444,1450.4654100000002,3.9123578090366573,1.2365434015345271,3,8,9,7,7,5,8,5,5,6,34,29,63,5,31
MELONHEADS,23,223,10.426709154584762,7415,6598,1656,250,940,911,185,0.25098514701424673,1370,84,0,1339,586.8067666666667,1666.2965,3.85493496350365,1.216274817518248,7,6,5,8,2,9,2,9,6,8,28,34,62,6,31
BIG RED MACHINE,23,151,9.769060760415266,7566,6712,1701,259,951,933,140,0.25342669845053634,1208,73,27,1149,526.9736888888889,1532.5640999999998,3.926128476821192,1.2686788907284767,10,7,8,5,4,6,3,6,4,4,34,23,57,7,31
FREE BIRDS,23,188,9.3302943683788,7428,6612,1680,232,887,888,122,0.2540834845735027,1288,80,27,1271,575.33559,1618.96477,4.020202104037267,1.2569602251552796,2,1,2,4,5,8,3,8,3,5,14,27,41,8,31
ERIE LAKERS,23,168,7.921806007033638,7349,6509,1674,244,929,902,120,0.2571823628821632,1033,57,39,937,487.75580888888896,1367.6289199999999,4.249566582768636,1.3239389351403676,4,5,4,3,8,1,6,1,1,1,24,10,34,9,31
FREE AT LAST,22,151,8.060560615197623,7347,6448,1581,248,901,881,122,0.24519230769230768,1140,66,30,1041,531.165778888889,1468.12167,4.19341404385965,1.2878260263157895,6,2,1,4,1,3,4,3,2,2,14,14,28,10,31
WESTSIDE MARAUDERS,23,213,10.971245607618725,7267,6478,1659,266,925,926,133,0.25609756097560976,1276,80,59,1287,547.9006499999999,1552.593332,3.8645030172413786,1.216765934169279,9,5,7,4,7,9,7,9,6,9,32,40,72,1,32
BLUE SOCKS,23,221,10.487564934662595,7603,6855,1759,229,926,907,181,0.2566010211524435,1316,83,29,1281,549.1369411111112,1620.6202199999998,3.755495797872341,1.2314743313069907,4,6,4,9,8,10,4,8,10,7,31,39,70,2,32
MELONHEADS,23,223,10.472748474482703,7462,6614,1658,249,947,911,180,0.2506803749622014,1264,79,17,1291,535.3219444444445,1519.81534,3.8116277689873423,1.2023855537974684,6,8,5,8,2,8,3,10,8,10,29,39,68,3,32
LOUISVILLE SLUGGERS,23,165,10.551315897533796,7730,6963,1837,249,987,930,172,0.2638230647709321,1016,66,60,1068,434.55915,1266.2343299999998,3.8494412893700787,1.2462936318897635,6,9,8,7,10,3,8,3,7,6,40,27,67,4,32
NATIONAL PASTIME,23,190,10.391649446469549,7541,6763,1722,265,922,952,137,0.2546207304450688,1146,71,79,1116,501.6801411111111,1407.1757999999998,3.939896396160558,1.2279020942408374,8,4,10,6,5,6,10,5,4,8,33,33,66,5,32
HOOSIERS,23,190,10.231027530718197,7921,7027,1771,255,999,942,225,0.2520278924149708,1263,73,0,1151,551.30189222222225,1596.60087,3.9285170467141723,1.264133705463183,7,10,9,10,3,7,1,6,5,3,39,22,61,6,32
BIG RED MACHINE,23,151,9.716093759836118,7437,6579,1630,268,929,916,121,0.2477580179358565,1116,69,78,1085,471.6283555555555,1404.36116,3.803454480286738,1.2583881362007168,10,7,6,1,1,4,9,4,9,5,25,31,56,7,32
FREE BIRDS,23,188,9.271975839071677,7319,6504,1658,225,892,884,135,0.254920049200492,1280,79,30,1271,577.8501455555555,1612.3967000000002,4.0630088359375,1.2596849218750001,3,2,2,5,6,8,5,7,3,4,18,27,45,8,32
ERIE LAKERS,23,168,8.104841733517443,7349,6515,1682,243,926,900,123,0.2581734458940906,995,59,45,929,459.75396444444453,1312.4018899999999,4.1585785728643225,1.3189968743718592,5,6,3,2,9,2,6,1,1,1,25,11,36,9,32
FREE AT LAST,22,151,8.176425740299642,7326,6459,1631,223,901,860,126,0.2525158693296176,1189,70,16,1052,544.87995,1530.6048700000001,4.124406686291001,1.2873043481917579,2,3,1,3,4,5,2,2,2,2,13,13,26,10,32
MELONHEADS,23,223,10.53898346308363,7416,6606,1664,251,943,920,179,0.25189221919467153,1338,84,0,1354,559.24107,1611.37274,3.7617112331838567,1.2043144544095665,6,6,7,8,4,9,3,10,10,10,31,42,73,1,33
LOUISVILLE SLUGGERS,23,165,10.76120241270164,7795,7011,1816,263,983,948,171,0.25902153758379687,1007,64,77,1019,431.58023000000003,1267.88767,3.8572215193644492,1.2590741509433963,8,9,9,7,10,2,10,2,7,5,43,26,69,2,33
WESTSIDE MARAUDERS,23,213,11.10353838934454,7288,6475,1659,273,934,934,148,0.2562162162162162,1276,80,59,1287,547.9006499999999,1552.593332,3.8645030172413786,1.216765934169279,10,4,8,6,6,7,7,8,5,8,34,35,69,2,33
HOOSIERS,23,190,10.32541817860835,8003,7096,1775,268,1011,982,198,0.25014092446448705,1186,73,11,1124,508.31420111111106,1477.9508099999998,3.8573590303541314,1.246164258010118,9,10,10,9,1,6,5,6,6,6,39,29,68,3,33
BLUE SOCKS,23,221,10.39807434452016,7704,6940,1793,223,945,917,200,0.25835734870317,1074,70,70,1118,456.80723222222224,1297.0636599999998,3.8279935661080073,1.2076942830540036,1,7,6,10,8,4,9,5,8,9,32,35,67,4,33
NATIONAL PASTIME,23,190,10.453911953933579,7479,6703,1729,237,916,895,146,0.2579442040877219,1274,81,52,1273,537.1441411111111,1558.9645600000001,3.7945818445839876,1.22367704866562,2,2,3,5,7,8,6,7,9,7,19,37,56,5,33
BIG RED MACHINE,23,151,9.673213929628574,7584,6764,1693,253,937,916,140,0.2502956830277942,1204,72,59,1107,522.4811411111111,1524.65164,3.9055899252491697,1.2663219601328903,7,5,5,4,2,5,7,4,4,4,23,24,47,6,33
FREE BIRDS,23,188,9.368801307900094,7375,6524,1644,247,904,898,111,0.25199264255058246,1392,85,0,1332,626.1304777777777,1764.5118400000001,4.048257399425287,1.2676090804597702,5,1,4,1,5,10,3,9,3,3,16,28,44,7,33
FREE AT LAST,22,151,8.11639190059343,7872,6954,1749,238,957,920,136,0.2515099223468507,877,50,65,793,403.4843777777778,1147.18072,4.140660661345496,1.3080737970353478,3,8,7,3,3,1,8,1,2,2,24,14,38,8,33
ERIE LAKERS,23,168,8.096016732680672,7244,6418,1660,241,919,892,124,0.2586475537550639,1171,66,8,1060,556.0810466666667,1541.3344999999997,4.273893612297182,1.3162549103330485,4,3,2,2,9,3,4,3,1,1,20,12,32,9,33
WESTSIDE MARAUDERS,23,213,11.087858983629955,7582,6787,1749,256,948,944,140,0.2576985413290113,1333,84,32,1375,576.7250022222222,1626.610882,3.893867231807952,1.2202632273068266,8,8,8,4,8,9,4,10,6,9,36,38,74,1,34
BLUE SOCKS,23,221,10.367384800107333,7495,6755,1737,225,920,899,177,0.2571428571428571,1245,76,56,1214,521.810408888889,1507.9941099999999,3.7721234377510044,1.211240248995984,2,3,5,8,7,7,8,7,10,10,25,42,67,2,34
LOUISVILLE SLUGGERS,23,165,10.49283748115296,7382,6673,1769,238,946,895,162,0.26509815675108644,1101,73,47,1184,464.8751188888889,1347.53476,3.8000690917347866,1.2239189464123523,5,7,3,7,10,6,7,6,9,7,32,35,67,2,34
NATIONAL PASTIME,23,190,10.429438540270139,7541,6763,1722,262,924,949,147,0.2546207304450688,1134,71,79,1114,493.7840366666667,1387.63645,3.918920925925926,1.223665299823633,9,4,9,5,6,4,10,4,5,8,33,31,64,3,34
HOOSIERS,23,190,10.231735240151856,8017,7103,1798,255,1018,954,222,0.2531324792341264,1159,70,22,1056,506.9284477777778,1477.26497,3.9364590422778263,1.2746030802415875,7,10,10,10,5,3,3,3,4,3,42,16,58,4,34
MELONHEADS,23,223,10.294153731790354,7290,6485,1637,245,920,897,158,0.25242868157286047,1398,88,0,1342,591.1777222222223,1728.8048600000002,3.805865164520745,1.236627224606581,6,3,4,6,4,10,1,9,8,6,23,34,57,5,34
BIG RED MACHINE,23,151,9.643898206003234,7636,6785,1684,267,940,930,111,0.24819454679439942,1205,72,46,1122,517.5288555555555,1518.6524,3.8653607468879665,1.26029244813278,10,6,7,1,1,5,6,5,7,4,25,27,52,6,34
FREE BIRDS,23,188,9.005973346293825,7162,6332,1586,228,865,853,129,0.25047378395451675,1197,77,62,1216,525.8375066666666,1505.0438800000002,3.9536654636591475,1.2573465998329159,3,2,2,3,3,8,9,8,3,5,13,33,46,7,34
ERIE LAKERS,23,168,8.348733236984936,7370,6555,1697,256,930,925,119,0.2588863463005339,1060,60,38,929,496.17113444444453,1404.12922,4.212773783018869,1.3246502075471698,8,5,6,2,9,2,5,2,2,1,30,12,42,8,34
FREE AT LAST,22,151,8.147569539006446,7711,6766,1689,237,965,899,178,0.24963050546851906,967,54,19,915,454.32633444444446,1239.83994,4.228476742502585,1.2821509203722854,4,9,5,9,2,1,2,1,1,2,29,7,36,9,34
LOUISVILLE SLUGGERS,23,165,10.684110820603626,7555,6759,1765,257,989,931,168,0.2611333037431573,964,61,91,1027,406.7976455555556,1183.03298,3.797903329875519,1.2272126348547718,8,9,8,7,10,4,10,3,9,9,42,35,77,1,35
WESTSIDE MARAUDERS,23,213,11.08421335056123,7568,6768,1744,255,950,937,150,0.2576832151300236,1329,84,32,1343,563.5274788888888,1616.9232220000001,3.816213175319789,1.2166465176824681,7,7,9,5,7,9,5,10,8,10,35,42,77,1,35
HOOSIERS,23,190,10.270743845827589,7921,7056,1773,258,992,958,212,0.2512755102040816,1177,70,38,1081,522.3808366666667,1510.32531,3.9944159133389983,1.2831990739167374,9,10,10,10,4,5,6,4,4,2,43,21,64,2,35
MELONHEADS,23,223,10.394175531339783,7556,6708,1684,248,952,915,181,0.25104353011329755,1371,85,0,1309,603.8681077777778,1692.17927,3.9641232458059816,1.234266425966448,5,8,4,9,3,10,2,9,5,7,29,33,62,3,35
NATIONAL PASTIME,23,190,10.414224022003078,7612,6849,1777,243,940,920,165,0.25945393488100454,1187,76,52,1192,522.1486477777778,1479.5021799999997,3.9590040690817188,1.246421381634372,4,6,5,6,9,6,8,6,6,5,30,31,61,4,35
BLUE SOCKS,23,221,10.475210945747941,7509,6761,1733,230,921,903,180,0.2563230291377015,1339,83,29,1291,560.8076744444445,1648.14294,3.769431717699776,1.2308759820761763,2,3,3,8,6,8,4,8,10,8,22,38,60,5,35
BIG RED MACHINE,23,151,9.616067031180705,7479,6665,1663,265,925,928,125,0.24951237809452362,1302,78,27,1183,569.7380566666667,1659.0073499999999,3.938281497695853,1.274199193548387,10,5,7,3,2,7,3,5,7,3,27,25,52,6,35
ERIE LAKERS,23,168,8.280773276982034,7341,6535,1694,254,924,921,121,0.25921958684009183,1007,59,41,882,452.4671366666667,1322.43059,4.043896951340616,1.313237924528302,6,4,6,2,8,3,7,1,2,1,26,14,40,7,35
FREE AT LAST,22,151,8.007687163705533,7242,6323,1545,240,901,854,126,0.2443460382729717,977,58,64,988,437.84756444444446,1215.13017,4.033396192425793,1.2437361003070624,3,2,1,4,1,2,9,2,3,6,11,22,33,8,35
FREE BIRDS,23,188,9.102334080432842,7361,6530,1671,226,883,882,112,0.255895865237366,1270,78,27,1274,570.741801111111,1585.1500999999998,4.044626937007874,1.2481496850393698,1,1,2,1,5,7,3,7,1,4,10,22,32,9,35
WESTSIDE MARAUDERS,23,213,10.954498765382157,7407,6632,1724,248,936,922,154,0.25995174909529556,1247,79,54,1287,527.8415066666666,1517.110162,3.809601892542101,1.2166079887730552,7,7,8,7,9,8,7,9,10,10,38,44,82,1,36
LOUISVILLE SLUGGERS,23,165,10.75736824452083,7501,6768,1785,245,965,912,187,0.2637411347517731,1048,68,80,1086,458.50556666666665,1318.69499,3.937547805343511,1.258296746183206,6,9,6,9,10,5,10,4,5,5,40,29,69,2,36
MELONHEADS,23,223,10.32579641733557,7296,6494,1627,253,925,908,177,0.25053895903911305,1384,88,0,1329,588.3298622222223,1690.9788500000002,3.8258444797687874,1.2218055274566475,8,5,5,8,3,10,1,10,8,8,29,37,66,3,36
BLUE SOCKS,23,221,10.285844360803345,7883,7152,1837,244,944,961,153,0.2568512304250559,1074,67,73,1107,467.4275355555556,1319.93838,3.9169905214152707,1.228992905027933,5,8,9,6,6,4,9,5,6,7,34,31,65,4,36
HOOSIERS,23,190,10.582906085933512,8089,7172,1803,269,1031,989,231,0.2513943112102621,1257,74,8,1079,551.4079455555556,1603.8956600000001,3.948028249801114,1.2759710898965793,10,10,10,10,4,7,2,3,4,3,44,19,63,5,36
NATIONAL PASTIME,23,190,10.342812006607138,7447,6667,1720,240,916,882,137,0.25798710064496777,1290,81,52,1264,547.3441833333333,1572.2063100000003,3.818680348837209,1.218764581395349,4,3,3,4,7,9,6,7,9,9,21,40,61,6,36
BIG RED MACHINE,23,151,9.713386487030942,7378,6547,1627,261,919,913,114,0.24851076829082022,1213,73,59,1157,524.2671933333334,1531.3947899999998,3.889863759274526,1.2624853998351193,9,4,7,2,2,6,8,6,7,4,24,31,55,7,36
FREE BIRDS,23,188,9.196006925068525,7333,6497,1653,229,890,882,125,0.25442511928582423,1297,79,19,1286,575.2526744444444,1631.75984,3.9917302004626056,1.2581031919814958,1,1,3,3,5,8,3,8,2,6,13,27,40,8,36
ERIE LAKERS,23,168,7.959031761570798,7400,6541,1688,239,926,897,114,0.25806451612903225,953,56,30,924,419.9332544444445,1221.4404600000003,3.96579149003148,1.281679391395593,3,6,4,2,8,2,4,1,3,2,23,12,35,9,36
FREE AT LAST,22,151,8.229383764676482,7319,6413,1575,238,905,864,151,0.2455948853890535,1098,64,38,1012,513.7034122222223,1415.3850699999998,4.210683706739527,1.289057440801457,2,2,2,5,1,3,5,2,1,1,12,12,24,10,36
WESTSIDE MARAUDERS,23,213,11.073335954482804,7365,6542,1683,254,946,913,167,0.2572607765209416,1197,77,70,1255,503.3820755555555,1440.977682,3.784827635756056,1.2038242957393483,7,6,6,6,8,8,10,8,8,10,33,44,77,1,37
MELONHEADS,23,223,10.517601496897663,7419,6602,1661,261,948,928,182,0.2515904271432899,1260,80,17,1284,537.9064611111111,1531.2052899999999,3.8421890079365073,1.2152422936507936,9,7,7,9,4,9,1,9,7,9,36,35,71,2,37
NATIONAL PASTIME,23,190,10.45006961440182,7835,7012,1788,270,961,974,140,0.2549914432401597,1211,74,52,1123,540.7708677777778,1510.3613699999999,4.018941213872832,1.2472017919075142,10,8,10,5,6,6,7,5,4,7,39,29,68,3,37
BLUE SOCKS,23,221,10.458021941009383,7494,6758,1730,228,913,899,179,0.2559928973068955,1310,84,29,1305,540.5746633333333,1608.1679799999997,3.713871732824427,1.2276091450381676,3,3,4,8,7,10,4,10,10,8,25,42,67,4,37
HOOSIERS,23,190,10.29847405906448,7844,6931,1732,260,1000,948,206,0.24989179050642044,1101,70,38,1118,459.67631222222224,1381.8269299999997,3.757572034514078,1.2550653315168026,8,10,9,10,2,4,6,4,9,4,39,27,66,5,37
LOUISVILLE SLUGGERS,23,165,10.542220459469066,7744,6979,1846,250,996,932,176,0.26450780914171085,1165,69,36,1108,523.3274977777778,1459.4005200000001,4.042873373390559,1.2527043090128755,6,9,8,7,10,3,5,3,3,5,40,19,59,6,37
BIG RED MACHINE,23,151,9.709375104546552,7322,6504,1628,254,915,901,124,0.25030750307503075,1217,73,59,1149,530.4346422222222,1523.0492299999999,3.9226883976992606,1.2514784141331141,7,4,5,4,3,5,9,6,6,6,23,32,55,7,37
FREE BIRDS,23,188,9.331656325381248,7463,6622,1682,233,897,893,120,0.25400181214134704,1199,75,57,1202,533.2821555555555,1511.097,4.002951959966639,1.260297748123436,4,2,2,3,5,7,8,7,5,3,16,30,46,8,37
ERIE LAKERS,23,168,8.046863801137212,7381,6539,1688,239,922,895,114,0.2581434470102462,1077,62,24,988,504.2182422222223,1421.9843099999998,4.213522915506036,1.3203196935933146,5,5,3,2,9,1,3,1,1,1,24,7,31,9,37
FREE AT LAST,22,151,8.144495985930108,7396,6560,1635,233,891,881,124,0.24923780487804878,1186,68,19,1038,536.7520322222222,1523.7538000000002,4.07316044688027,1.2847839797639125,4,1,1,4,1,2,2,2,2,2,11,10,21,10,37
MELONHEADS,23,223,10.426594010786955,7591,6756,1719,249,963,930,180,0.2544404973357016,1251,77,19,1224,533.5938533333334,1513.67938,3.838804700239809,1.2099755235811351,8,9,7,9,6,8,3,7,8,10,39,36,75,1,38
WESTSIDE MARAUDERS,23,213,10.906773095484553,7589,6765,1719,263,950,946,134,0.2541019955654102,1255,79,59,1286,534.9828533333333,1539.693782,3.8365304223107564,1.226847635059761,9,6,9,4,4,9,9,9,9,7,32,43,75,1,38
LOUISVILLE SLUGGERS,23,165,10.672658003960432,7219,6480,1690,244,927,884,155,0.26080246913580246,1185,77,47,1262,480.62477777777775,1436.57805,3.650314767932489,1.2123021518987342,5,3,5,7,10,8,7,8,10,9,30,42,72,2,38
BLUE SOCKS,23,221,10.482021739405694,7939,7155,1836,247,967,955,175,0.25660377358490566,1176,73,51,1127,516.5341422222223,1455.9326300000002,3.9530674149659872,1.2380379506802723,6,10,10,8,7,6,8,5,5,6,41,30,71,3,38
NATIONAL PASTIME,23,190,10.53513820460264,7667,6897,1774,249,936,931,154,0.2572132811367261,1052,67,111,1056,455.6030255555555,1287.91906,3.897744515209125,1.224257661596958,8,5,8,6,8,4,10,3,6,8,35,31,66,4,38
HOOSIERS,23,190,10.178987632633511,7603,6718,1676,248,960,916,226,0.2494790116105984,1121,70,46,1096,478.63514000000004,1410.38438,3.842744210526316,1.2581484210526315,7,8,6,10,2,5,6,4,7,5,33,27,60,5,38
BIG RED MACHINE,23,151,9.764681414402213,7664,6797,1705,269,953,946,123,0.25084596145358246,1281,76,27,1178,572.2044277777777,1644.7090899999998,4.02017162373146,1.2839259094457454,10,7,9,1,3,7,5,6,4,2,30,24,54,6,38
FREE BIRDS,23,188,9.272486496377008,7309,6479,1647,231,897,882,127,0.25420589597160054,1389,85,0,1352,621.8115822222222,1764.4415200000003,4.029016731461484,1.2702962706983443,2,2,4,3,5,10,2,10,3,3,16,28,44,7,38
ERIE LAKERS,23,168,8.0499978846307,7153,6384,1662,236,897,879,126,0.26033834586466165,1034,63,22,997,475.07700444444447,1310.6264099999999,4.135099651837525,1.2675303771760154,4,2,3,2,9,2,4,2,1,4,20,13,33,8,38
FREE AT LAST,22,151,8.19632348640285,7508,6627,1653,235,930,882,148,0.2494341330918968,1179,65,19,992,541.2581433333334,1547.8598100000002,4.13174155216285,1.312858193384224,3,4,4,5,1,3,3,1,2,1,17,10,27,9,38
WESTSIDE MARAUDERS,23,213,11.152569735675268,7652,6854,1780,251,974,940,172,0.259702363583309,1350,83,32,1303,584.0389355555556,1669.8816120000001,3.8935929037037034,1.2369493422222224,6,8,7,8,9,10,6,10,7,8,38,41,79,1,39
LOUISVILLE SLUGGERS,23,165,10.723473165287857,7611,6824,1779,256,977,924,169,0.26069753810082064,1096,70,52,1175,474.70382666666666,1360.8344499999998,3.898115364963503,1.2416372718978101,8,9,6,7,10,5,8,6,6,7,40,32,72,2,39
BLUE SOCKS,23,221,10.553667830704748,7743,6994,1796,229,939,918,181,0.2567915356019445,1095,71,81,1132,436.9576422222222,1327.5824700000003,3.5914326757990866,1.212404082191781,3,5,5,9,7,6,10,5,10,9,29,40,69,3,39
HOOSIERS,23,190,10.239808609481814,7935,7053,1775,263,997,980,208,0.25166595774847583,1063,69,43,977,439.4890466666667,1332.8360400000001,3.720979698965193,1.2538438758231423,9,10,10,10,4,4,7,1,9,5,43,26,69,3,39
MELONHEADS,23,223,10.2736642883001,7167,6384,1605,256,908,902,167,0.25140977443609025,1306,82,27,1248,558.8652188888889,1570.64559,3.8512917075038287,1.202638277182236,8,3,4,6,3,9,4,8,8,10,24,39,63,4,39
NATIONAL PASTIME,23,190,10.452218070744756,7807,7033,1806,254,943,946,150,0.25678942129958765,1224,77,52,1179,544.1065766666667,1530.5681699999998,4.000783651960785,1.2504641911764705,7,6,8,5,6,7,8,7,3,6,32,31,63,4,39
BIG RED MACHINE,23,151,9.822604472023544,7713,6809,1700,277,970,952,109,0.24966955500073432,1169,68,54,1114,509.90317555555555,1475.20104,3.9256874080410604,1.2619341659538066,10,7,9,1,2,3,9,4,5,4,29,25,54,5,39
FREE BIRDS,23,188,9.131052982795307,7250,6421,1617,230,878,869,123,0.251829933032238,1315,80,32,1284,582.5909344444444,1666.53706,3.9873143802281366,1.2673285627376427,4,1,2,3,5,8,6,9,4,3,15,30,45,6,39
ERIE LAKERS,23,168,8.045892342058133,7381,6539,1688,239,922,895,114,0.2581434470102462,1107,63,10,1027,519.45307,1441.89989,4.22319569105691,1.3025292592592592,5,4,3,2,8,1,3,2,1,1,22,8,30,7,39
FREE AT LAST,22,151,8.102132705674823,7046,6194,1538,223,883,835,149,0.24830481110752342,1136,66,30,1092,523.9047077777778,1446.81819,4.15065349471831,1.2736075616197182,2,2,1,4,1,2,5,3,2,2,10,14,24,8,39
WESTSIDE MARAUDERS,23,213,11.137098552475312,7827,7009,1795,263,969,970,144,0.25609930089884436,1284,80,54,1250,554.1498411111111,1586.882442,3.8842278582554517,1.2358897523364487,9,9,9,5,7,7,8,8,7,6,39,36,75,1,40
LOUISVILLE SLUGGERS,23,165,10.598549893871928,7328,6591,1713,254,937,916,157,0.2598998634501593,958,62,104,1030,398.03412000000003,1172.67135,3.7393602087682676,1.224082828810021,6,7,7,7,9,2,10,3,10,9,36,34,70,2,40
MELONHEADS,23,223,10.286417478819013,7220,6416,1608,260,920,910,167,0.2506234413965087,1350,85,0,1336,581.6381855555557,1644.11136,3.8775879037037044,1.2178602666666667,8,4,5,8,2,10,3,9,8,10,27,40,67,3,40
NATIONAL PASTIME,23,190,10.390324715596545,7513,6733,1736,239,924,891,144,0.25783454626466656,1295,81,52,1250,555.4692833333334,1588.01231,3.8604042857142864,1.226264332046332,5,5,4,5,8,8,7,8,9,8,27,40,67,3,40
HOOSIERS,23,190,10.310230188370765,8103,7182,1805,268,1025,991,209,0.25132275132275134,1149,69,25,1035,496.8313511111112,1460.83669,3.891629382071367,1.2713983376849436,10,10,10,10,3,4,5,4,6,2,43,21,64,4,40
BLUE SOCKS,23,221,10.389060717694795,7729,6964,1779,228,939,912,202,0.2554566341183228,1192,75,61,1178,527.7943733333334,1471.5345499999999,3.9850246308724837,1.2345088506711408,2,8,6,9,5,6,9,7,3,7,30,32,62,5,40
BIG RED MACHINE,23,151,9.755405178651014,7454,6615,1668,259,934,919,116,0.25215419501133784,1201,73,54,1116,521.72585,1522.58387,3.909685803497086,1.2677634221482097,7,6,8,2,4,5,8,6,4,3,27,26,53,6,40
FREE BIRDS,23,188,9.220770595430881,7295,6471,1656,224,897,878,131,0.25591098748261476,1357,82,0,1348,608.3831477777778,1700.04673,4.034965607958733,1.2527978850405306,1,2,2,4,6,9,3,10,2,5,15,29,44,7,40
ERIE LAKERS,23,168,8.126082901413628,7153,6384,1662,236,897,879,126,0.26033834586466165,964,60,32,977,417.7416077777778,1216.1091999999999,3.9000772510373447,1.2615240663900413,4,2,3,3,10,1,6,2,5,4,22,18,40,8,40
FREE AT LAST,22,151,8.133558587534287,7431,6518,1617,235,915,864,147,0.2480822338140534,1173,65,19,1050,548.55719,1549.03561,4.2088786956521735,1.320575967604433,3,3,1,6,1,3,4,5,1,1,14,14,28,9,40
WESTSIDE MARAUDERS,23,213,11.075263939285545,7659,6806,1730,265,969,952,157,0.25418748163385246,1340,83,32,1323,577.7566133333332,1634.480502,3.880454865671641,1.2197615686567163,10,8,9,6,5,9,4,9,7,10,38,39,77,1,41
LOUISVILLE SLUGGERS,23,165,10.74118936104096,7646,6850,1788,256,977,928,166,0.261021897810219,978,64,82,1054,397.26398,1195.2612,3.6558034969325157,1.2221484662576687,7,9,6,8,10,4,9,4,10,9,40,36,76,2,41
BLUE SOCKS,23,221,10.298114254082842,7883,7152,1837,244,944,961,153,0.2568512304250559,1131,71,56,1128,485.50095444444446,1384.53555,3.863402820512821,1.2241693633952255,4,6,10,4,7,6,8,5,9,8,31,36,67,3,41
HOOSIERS,23,190,10.49771440542137,7792,6868,1709,260,993,943,200,0.2488351776354106,1310,77,22,1187,570.5133766666667,1645.88038,3.919557549618321,1.2563972366412215,9,10,8,10,2,7,3,7,5,4,39,26,65,4,41
MELONHEADS,23,223,10.334140040467478,7486,6659,1690,247,951,913,180,0.2537918606397357,1365,84,0,1294,591.1756122222223,1685.5092599999998,3.89786117948718,1.2348053186813186,5,7,5,9,4,10,2,8,6,7,30,33,63,5,41
NATIONAL PASTIME,23,190,10.333208950704206,7485,6713,1712,259,922,935,154,0.25502755846864295,1232,77,52,1181,548.2013944444444,1525.5321,4.004717978896104,1.2382565746753247,8,4,7,5,6,7,7,6,4,6,30,30,60,6,41
BIG RED MACHINE,23,151,9.766200254573297,7489,6674,1684,250,931,911,132,0.25232244531015885,1093,66,86,1048,470.93843888888887,1380.11422,3.8778096523330277,1.2626845562671545,6,5,4,3,3,5,10,3,8,3,21,29,50,7,41
FREE BIRDS,23,188,9.166897491201576,7386,6585,1714,214,886,863,117,0.26028853454821566,1324,82,0,1349,593.2394266666665,1642.97406,4.032594290030211,1.2409169637462236,1,1,2,1,8,8,2,10,3,5,13,28,41,8,41
ERIE LAKERS,23,168,7.99396696669695,7153,6384,1662,236,897,879,126,0.26033834586466165,1012,62,34,953,454.63499555555563,1323.02902,4.043196600790514,1.307340928853755,3,3,3,2,9,2,5,1,2,1,20,11,31,9,41
FREE AT LAST,22,151,8.140339155455079,7074,6192,1513,235,887,845,158,0.24434754521963825,1076,63,49,1014,484.7883422222223,1405.48822,4.054921078066916,1.306215817843866,2,2,1,7,1,3,6,2,1,2,13,14,27,10,41
WESTSIDE MARAUDERS,23,213,11.178998380454196,7449,6656,1705,264,952,940,159,0.2561598557692308,1309,81,54,1304,562.1132155555555,1615.722182,3.864796745607333,1.2343179388846448,9,6,8,6,7,9,7,9,7,7,36,39,75,1,42
BLUE SOCKS,23,221,10.535440760601086,7939,7155,1836,247,967,955,175,0.25660377358490566,1166,73,56,1127,505.33753222222225,1457.1803100000002,3.900546989708405,1.2497258233276158,5,8,10,8,8,6,8,5,5,5,39,29,68,2,42
MELONHEADS,23,223,10.342455843149306,7346,6550,1662,251,930,920,163,0.2537404580152672,1372,84,0,1318,590.2558688888889,1664.18896,3.8719408309037906,1.2129657142857142,7,4,6,7,5,10,3,10,6,9,29,38,67,3,42
HOOSIERS,23,190,10.286555374251899,7648,6773,1699,250,973,923,238,0.250848959102318,1180,73,19,1178,502.1552055555556,1466.4625099999998,3.8299973305084745,1.2427648389830508,6,9,7,10,4,6,4,6,8,6,36,30,66,4,42
LOUISVILLE SLUGGERS,23,165,10.603439910859398,7660,6922,1847,236,983,917,179,0.2668303958393528,941,61,91,993,399.3265044444445,1156.0460199999998,3.819275812964931,1.228529245483528,2,10,5,9,10,2,9,2,9,8,36,30,66,4,42
NATIONAL PASTIME,23,190,10.336321890667781,7478,6670,1666,260,911,912,127,0.24977511244377812,1112,71,111,1118,458.27595888888885,1341.50026,3.709068012589928,1.2063851258992806,8,2,3,3,2,5,10,4,10,10,18,39,57,5,42
BIG RED MACHINE,23,151,9.757516309480172,7601,6759,1695,265,938,941,112,0.2507767421216156,1232,74,27,1187,536.8297244444444,1555.0362599999999,3.9216457142857144,1.2622047564935064,10,5,9,1,3,7,6,7,4,3,28,27,55,6,42
FREE BIRDS,23,188,9.347094688637338,7351,6527,1658,234,893,893,131,0.25402175578366787,1311,79,19,1294,584.9211177777778,1642.03993,4.015476781083143,1.2525094813119755,1,1,1,4,6,8,4,8,3,4,13,27,40,7,42
FREE AT LAST,22,151,8.285536678243894,7844,6897,1717,245,965,913,144,0.24894881832680876,1150,67,0,1004,550.6335822222222,1515.1943899999999,4.309306295652174,1.3175603391304347,4,7,4,5,1,4,3,3,1,1,21,12,33,8,42
ERIE LAKERS,23,168,8.041433772867144,7349,6526,1689,242,923,899,120,0.25881091020533253,1026,62,24,944,459.3158577777778,1330.14065,4.029086471734893,1.2964333820662768,3,3,2,2,9,3,5,1,2,2,19,13,32,9,42
MELONHEADS,23,223,10.274657256059374,7296,6494,1627,253,925,908,177,0.25053895903911305,1295,83,19,1271,539.1777566666667,1579.0972000000002,3.747181320463321,1.2193800772200774,7,6,7,8,3,10,3,9,10,9,31,41,72,1,43
WESTSIDE MARAUDERS,23,213,11.108914374621007,7586,6775,1730,271,944,956,138,0.25535055350553504,1265,79,54,1288,548.1703466666667,1561.268822,3.900026181818182,1.2342046023715414,10,7,8,4,5,9,8,10,5,6,34,38,72,1,43
LOUISVILLE SLUGGERS,23,165,10.832605690036637,7940,7163,1869,264,1002,975,166,0.2609241937735586,1062,65,49,1104,462.65129777777776,1309.11527,3.9207737099811677,1.2326885781544257,9,9,9,7,10,5,6,5,4,7,44,27,71,2,43
NATIONAL PASTIME,23,190,10.445114862390485,7594,6821,1752,243,923,906,147,0.2568538337487172,1272,79,52,1242,541.90789,1545.14059,3.8342539386792454,1.2147331682389937,6,5,6,5,7,9,7,7,7,10,29,40,69,3,43
HOOSIERS,23,190,10.512824270476466,7998,7098,1787,271,1013,990,212,0.25176105945336713,1106,65,41,1038,470.20460444444456,1398.3599999999997,3.826258083182641,1.2643399638336343,10,10,10,10,4,5,5,3,8,3,44,24,68,4,43
BLUE SOCKS,23,221,10.205777930828107,7456,6729,1730,226,909,895,180,0.2570961509882598,1201,77,56,1188,506.74787333333336,1465.65732,3.797444512905912,1.220364129891757,3,3,3,9,8,7,9,6,9,8,26,39,65,5,43
BIG RED MACHINE,23,151,9.773851593816405,7371,6539,1632,260,922,906,114,0.24957944639853188,1103,69,89,1078,472.22828222222216,1383.7290699999999,3.8531772801450583,1.254514116047144,8,4,6,1,2,6,10,4,6,4,21,30,51,6,43
FREE BIRDS,23,188,9.128529347665422,7228,6401,1638,220,884,866,132,0.25589751601312294,1277,78,27,1265,569.6703011111111,1595.6324,4.014904236491778,1.2495163664839468,2,2,2,3,6,8,4,8,3,5,15,28,43,7,43
ERIE LAKERS,23,168,8.203738886963421,7349,6526,1689,242,923,899,120,0.25881091020533253,1135,69,14,1018,524.3167166666666,1504.61711,4.157577488986783,1.3256538414096914,5,5,5,2,9,6,2,2,2,1,26,13,39,8,43
FREE AT LAST,22,151,8.063776461727059,7718,6751,1684,239,975,896,154,0.24944452673677975,1083,61,0,975,514.0894988888889,1400.8936899999999,4.27221190212373,1.2935306463527239,4,8,4,6,1,4,1,1,1,2,23,9,32,9,43
WESTSIDE MARAUDERS,23,213,11.16655213697579,7589,6765,1730,259,961,939,164,0.2557280118255728,1264,79,59,1301,545.7761022222222,1542.5583219999999,3.8860640189873417,1.2203784193037974,8,9,9,9,7,9,8,9,8,9,42,43,85,1,44
LOUISVILLE SLUGGERS,23,165,10.706077448743924,7561,6801,1762,254,960,924,160,0.25907954712542275,1050,69,74,1086,437.2284466666667,1293.7948000000001,3.7476724,1.2321855238095238,7,8,7,6,9,4,9,3,10,8,37,34,71,2,44
BLUE SOCKS,23,221,10.428676369440364,7526,6783,1736,239,919,917,161,0.25593395252837975,1280,80,29,1288,534.0367111111111,1545.5873299999998,3.754945625,1.2074901015625,4,3,5,7,8,10,6,8,9,10,27,43,70,3,44
NATIONAL PASTIME,23,190,10.475032736555875,7687,6872,1756,260,950,930,135,0.25552968568102447,1166,73,84,1125,508.1135077777777,1446.57332,3.9219739022298454,1.2406289193825042,9,7,8,3,6,6,10,4,7,6,33,33,66,4,44
MELONHEADS,23,223,10.257734755194763,7472,6659,1701,249,948,924,158,0.25544376032437305,1309,80,22,1228,570.6503644444444,1614.43585,3.92349372039725,1.2333352559205502,5,6,7,5,5,10,4,7,6,7,28,34,62,5,44
HOOSIERS,23,190,10.244599998166839,7984,7065,1773,265,1014,964,211,0.25095541401273885,1235,71,16,1133,551.6537011111111,1586.07424,4.020148429149797,1.2842706396761132,10,10,10,10,2,5,2,5,3,2,42,17,59,6,44
BIG RED MACHINE,23,151,9.800805213201134,7482,6652,1684,253,940,921,134,0.25315694527961513,1285,78,27,1153,563.0520744444444,1633.92779,3.9435553852140077,1.2715391361867705,6,4,6,2,3,8,5,6,5,4,21,28,49,7,44
FREE BIRDS,23,188,9.085188679752292,7347,6541,1661,220,869,871,138,0.25393670692554654,1261,77,19,1302,554.6014022222222,1570.79112,3.9582970816812053,1.2456709912767645,2,1,2,4,4,7,3,10,4,5,13,29,42,8,44
FREE AT LAST,22,151,8.178646903609835,7606,6685,1651,239,942,897,162,0.24697083021690353,1011,62,14,964,456.0967177777778,1290.7916699999998,4.060208170128585,1.2767474480712164,4,5,4,8,1,3,1,2,2,3,22,11,33,9,44
ERIE LAKERS,23,168,8.009442046742805,7191,6421,1673,237,899,885,127,0.2605513159943934,938,56,57,887,427.95554000000004,1218.97703,4.106183219616205,1.2995490724946694,3,2,3,1,10,2,7,1,1,1,19,12,31,10,44
WESTSIDE MARAUDERS,23,213,11.18490264296178,7477,6691,1711,275,941,959,135,0.25571663428486024,1276,80,59,1287,547.9006499999999,1552.593332,3.8645030172413786,1.216765934169279,10,7,9,4,7,8,9,8,6,9,37,40,77,1,45
LOUISVILLE SLUGGERS,23,165,10.578751095348876,7480,6744,1793,239,958,900,171,0.26586595492289444,1081,71,61,1085,455.55117222222225,1334.41884,3.792747964847363,1.234430009250694,5,9,4,8,10,5,10,4,10,6,36,35,71,2,45
MELONHEADS,23,223,10.3448059896198,7451,6601,1663,257,952,919,162,0.2519315255264354,1350,84,0,1318,583.1433422222224,1652.8038099999999,3.8876222814814825,1.2242991185185184,8,8,7,7,3,10,3,9,5,8,33,35,68,3,45
BLUE SOCKS,23,221,10.314484143745826,7544,6790,1732,225,923,895,203,0.25508100147275403,1161,76,56,1197,493.90425777777784,1403.5569099999998,3.8287151765719214,1.2089206804478896,3,4,3,9,6,7,7,6,8,10,25,38,63,4,45
HOOSIERS,23,190,10.473607421868737,8068,7176,1809,267,1011,994,208,0.2520903010033445,1060,64,49,1017,470.2464711111112,1351.02993,3.992658716981133,1.274556537735849,9,10,10,10,4,4,5,3,4,3,43,19,62,5,45
NATIONAL PASTIME,23,190,10.325802007489553,7338,6566,1674,248,896,909,138,0.25494974109046603,1307,80,52,1259,550.8290666666667,1606.23375,3.793008110175976,1.22894701606733,7,2,6,5,5,8,6,7,9,7,25,37,62,5,45
BIG RED MACHINE,23,151,9.735249417225587,7552,6715,1660,267,927,926,109,0.24720774385703648,1185,73,59,1137,505.65602666666666,1498.3605699999998,3.8404255189873417,1.264439299578059,9,5,8,1,1,6,9,5,7,4,24,31,55,6,45
FREE BIRDS,23,188,9.31790117625969,7456,6622,1711,222,909,881,133,0.25838115372999093,1357,82,0,1322,612.1223999999999,1703.37051,4.059765364775239,1.2552472439204128,2,3,2,3,8,9,3,10,3,5,18,30,48,7,45
ERIE LAKERS,23,168,8.169218720181874,7368,6528,1689,242,927,901,120,0.2587316176470588,955,55,58,908,435.0856800000001,1244.71026,4.100283895287959,1.3033615287958116,6,5,5,2,9,3,8,1,2,2,27,16,43,8,45
FREE AT LAST,22,151,8.099346590428349,7410,6503,1608,238,931,871,154,0.24727049054282638,1129,64,19,1001,519.5740677777778,1475.7266,4.141865907883083,1.3071094774136403,4,6,1,6,2,4,4,2,1,1,19,12,31,9,45
WESTSIDE MARAUDERS,23,213,11.058850328826347,7558,6757,1749,246,943,928,144,0.25884268166346014,1270,79,59,1262,537.3088366666666,1534.645072,3.8077004173228346,1.208381946456693,6,8,7,4,8,7,9,7,9,10,33,42,75,1,46
LOUISVILLE SLUGGERS,23,165,10.756190764239275,7912,7120,1853,262,1003,960,163,0.260252808988764,964,62,97,972,411.52413111111116,1220.95388,3.8420302697095443,1.2665496680497925,8,9,9,8,10,2,10,1,8,3,44,24,68,2,46
MELONHEADS,23,223,10.283594258105897,7461,6656,1679,247,936,912,185,0.2522536057692308,1338,84,0,1309,580.0455866666667,1640.31564,3.901651928251122,1.2259459192825113,7,6,5,9,4,10,1,10,6,8,31,35,66,3,46
BLUE SOCKS,23,221,10.400593463260261,7417,6686,1707,238,906,909,159,0.2553096021537541,1273,83,29,1301,523.061858888889,1541.3875699999999,3.6980021445404567,1.2108307698350353,5,3,4,7,6,9,3,9,10,9,25,40,65,4,46
NATIONAL PASTIME,23,190,10.473534428089962,7629,6868,1774,247,932,927,155,0.2582993593476995,1238,78,52,1196,544.0654322222222,1529.75088,3.955241429725363,1.2356630694668822,7,5,6,6,7,6,7,6,5,7,31,31,62,5,46
HOOSIERS,23,190,10.304687182151659,8089,7166,1796,272,1025,990,211,0.2506279653921295,1194,72,11,1091,534.3504700000001,1507.5506,4.027767361809046,1.2626051926298159,10,10,10,10,3,5,2,4,3,4,43,18,61,6,46
BIG RED MACHINE,23,151,9.760582662543786,7510,6658,1667,266,938,931,106,0.25037548813457494,1166,70,54,1132,503.97852,1458.1187599999998,3.890057186963979,1.2505306689536877,9,7,8,1,2,4,8,5,7,5,27,29,56,7,46
FREE BIRDS,23,188,9.016679694273593,7082,6263,1582,222,866,844,132,0.25259460322529137,1280,80,32,1291,564.8933311111111,1597.70273,3.9719062343750005,1.2482052578125,2,1,1,3,5,8,5,8,4,6,12,31,43,8,46
ERIE LAKERS,23,168,8.158091581176752,7153,6373,1655,237,900,880,129,0.2596893142946807,1130,65,30,1000,521.5291211111111,1488.09887,4.153771761061947,1.3169016548672567,4,2,3,2,9,3,4,2,1,1,20,11,31,9,46
FREE AT LAST,22,151,8.127324752613024,7291,6396,1583,233,910,859,153,0.24749843652282677,1070,59,37,1016,489.5676622222222,1393.30011,4.117858841121495,1.3021496355140185,3,4,2,5,1,1,6,3,2,2,15,14,29,10,46
WESTSIDE MARAUDERS,23,213,11.119694974910852,7635,6797,1734,257,958,942,148,0.2551125496542592,1360,86,32,1342,584.3581933333334,1671.856102,3.867076279411765,1.2293059573529412,9,8,9,5,7,10,5,9,8,8,38,40,78,1,47
BLUE SOCKS,23,221,10.061291077767144,7365,6651,1711,231,901,901,157,0.2572545481882424,1163,76,56,1201,490.28318111111116,1420.22275,3.794108882201204,1.2211717540842648,3,3,5,7,8,8,8,7,10,10,26,43,69,2,47
LOUISVILLE SLUGGERS,23,165,10.535996837826726,7613,6882,1835,236,979,913,183,0.26663760534728276,1116,68,50,1107,482.85882555555554,1405.9265299999997,3.8940227867383506,1.2597907974910392,4,9,7,9,10,5,6,6,7,4,39,28,67,3,47
MELONHEADS,23,223,10.283063652350679,7471,6656,1687,245,943,909,179,0.25345552884615385,1356,83,0,1308,588.7121377777778,1657.13979,3.9073814454277285,1.2220794911504425,5,6,6,8,6,9,3,8,6,9,31,35,66,4,47
NATIONAL PASTIME,23,190,10.411386806922934,7786,6977,1757,277,944,978,133,0.2518274329941235,1140,71,74,1102,506.0823855555555,1418.2249000000002,3.9953872543859648,1.2440569298245616,10,7,10,4,4,7,9,5,3,6,35,30,65,5,47
HOOSIERS,23,190,10.234216872481246,7921,7027,1771,255,999,942,225,0.2520278924149708,1127,69,30,1081,495.75247555555563,1423.4021799999998,3.958981614906833,1.2630010470275066,8,10,9,10,5,6,4,3,4,3,42,20,62,6,47
BIG RED MACHINE,23,151,9.707439107496143,7322,6504,1628,254,915,901,124,0.25030750307503075,1119,68,86,1067,476.7197011111111,1396.40034,3.8342067113494185,1.2479002144772118,7,4,5,3,2,5,10,2,9,5,21,31,52,7,47
FREE BIRDS,23,188,9.24859072774751,7288,6433,1615,231,884,859,117,0.25104927716461994,1408,86,0,1402,618.8656544444444,1742.6542399999998,3.9558173934659093,1.2376805681818182,3,2,4,2,3,10,3,10,5,7,14,35,49,8,47
ERIE LAKERS,23,168,8.24689505971386,7354,6540,1712,247,928,920,116,0.2617737003058104,936,55,55,841,417.0231033333333,1223.15029,4.009837532051282,1.306784497863248,6,5,8,1,9,4,7,1,2,1,29,15,44,9,47
FREE AT LAST,22,151,8.157723408286977,7060,6200,1534,228,884,839,152,0.24741935483870967,1158,68,30,1083,529.8967122222223,1502.20223,4.11836822970639,1.2972385405872193,2,2,3,6,1,5,4,4,1,2,14,16,30,10,47
WESTSIDE MARAUDERS,23,213,11.07525859773789,7603,6816,1770,249,957,939,158,0.2596830985915493,1205,77,65,1223,506.2220777777777,1467.0326420000001,3.7809117842323645,1.2174544746887968,5,8,8,6,10,8,9,8,10,9,37,44,81,1,48
LOUISVILLE SLUGGERS,23,165,10.719764048500013,7848,7040,1820,263,993,948,165,0.2585227272727273,1167,73,36,1112,504.62649,1465.13384,3.891721002570694,1.2554702999143101,10,9,9,8,8,6,6,4,6,3,44,25,69,2,48
MELONHEADS,23,223,10.238959571427879,7338,6525,1632,256,931,910,163,0.2501149425287356,1289,82,27,1259,556.8581766666667,1568.7139900000002,3.888071055081459,1.2170007680372383,8,6,5,7,2,9,4,9,7,10,28,39,67,3,48
HOOSIERS,23,190,10.264635998537445,7940,7012,1771,255,1010,957,225,0.25256702795208213,1158,72,26,1092,499.7376766666667,1491.71328,3.8839715803108814,1.288180725388601,7,10,10,10,4,5,3,3,8,2,41,21,62,4,48
NATIONAL PASTIME,23,190,10.440229056259529,7650,6892,1771,254,934,934,155,0.2569645966337783,1125,71,79,1117,493.08319777777774,1386.4134099999999,3.944665582222222,1.2323674755555554,6,7,7,5,6,4,10,5,4,8,31,31,62,4,48
BLUE SOCKS,23,221,10.18859837023955,7589,6849,1763,224,925,903,178,0.2574098408526792,1183,76,61,1175,497.3963788888889,1482.56538,3.7840806508875735,1.2532251732882502,1,5,4,9,7,7,7,6,9,6,26,35,61,5,48
BIG RED MACHINE,23,151,9.763303302620658,7454,6615,1668,259,934,919,116,0.25215419501133784,1289,76,27,1204,571.6240555555556,1617.4845099999998,3.991168735453841,1.2548367028704421,9,7,6,4,3,7,4,7,3,4,29,25,54,6,48
FREE BIRDS,23,188,9.199837137900278,7117,6293,1593,228,862,858,110,0.253138407754648,1410,86,0,1404,612.8255822222222,1753.91432,3.9116526524822692,1.243910865248227,2,2,3,2,5,10,2,10,5,7,14,34,48,7,48
ERIE LAKERS,23,168,8.011983519698278,7181,6399,1660,247,903,903,112,0.25941553367713704,921,52,62,880,420.2646611111112,1192.0291100000002,4.1068207926167215,1.2942769923995658,4,4,4,3,9,2,8,1,2,1,24,14,38,8,48
FREE AT LAST,22,151,8.175896801305715,7074,6196,1529,229,887,841,155,0.24677211103938024,1114,64,30,1065,511.3748377777778,1397.8040299999998,4.131394560143627,1.2547612477558345,3,3,2,5,1,3,5,2,1,5,14,16,30,9,48
LOUISVILLE SLUGGERS,23,165,10.770114292285257,7793,7023,1816,263,983,955,167,0.25857895486259436,989,65,97,980,415.9534866666668,1243.44982,3.785218786653186,1.2572798988877654,8,9,8,8,8,4,10,3,10,5,41,32,73,1,49
WESTSIDE MARAUDERS,23,213,11.001083695071966,7442,6630,1713,252,945,926,147,0.2583710407239819,1333,84,32,1375,576.7250022222222,1626.610882,3.893867231807952,1.2202632273068266,6,8,7,5,7,10,5,10,6,8,33,39,72,2,49
MELONHEADS,23,223,10.258097643419253,7311,6497,1630,255,933,912,178,0.2508850238571648,1251,80,22,1262,531.0410533333334,1513.5702899999999,3.820439232613909,1.2098883213429257,7,5,5,9,3,8,3,8,9,10,29,38,67,3,49
HOOSIERS,23,190,10.546024322041125,8089,7172,1803,269,1031,989,231,0.2513943112102621,1116,68,19,1063,483.0992277777778,1390.50126,3.895961514336918,1.245968870967742,10,10,10,10,4,5,2,4,5,6,44,22,66,4,49
NATIONAL PASTIME,23,190,10.432551719683467,7485,6729,1747,231,915,889,153,0.2596225293505722,1271,81,52,1251,539.5458444444444,1550.12383,3.820544925255704,1.2196096223446105,2,4,4,6,9,9,8,7,8,9,25,41,66,4,49
BLUE SOCKS,23,221,10.293757428060964,7883,7152,1837,244,944,961,153,0.2568512304250559,1246,76,29,1218,550.8304644444445,1542.6479600000002,3.978711219903692,1.2380802247191014,5,7,9,6,6,7,4,6,4,7,33,28,61,5,49
BIG RED MACHINE,23,151,9.753016974655504,7507,6655,1656,266,936,916,106,0.24883546205860255,1185,73,59,1137,505.65602666666666,1498.3605699999998,3.8404255189873417,1.264439299578059,9,6,6,2,2,6,9,5,7,4,25,31,56,6,49
FREE BIRDS,23,188,9.0311811899241,7249,6395,1627,223,882,863,123,0.2544175136825645,1398,84,0,1347,625.1083155555555,1774.6037900000001,4.024302460658082,1.2693875464949929,1,1,2,4,5,10,1,9,3,3,13,26,39,7,49
ERIE LAKERS,23,168,8.114709712086956,7185,6397,1661,233,896,875,120,0.25965296232609036,1095,61,43,969,513.8257522222223,1429.36077,4.223225360730594,1.305352301369863,4,2,3,3,10,3,6,2,1,1,22,13,35,8,49
FREE AT LAST,22,151,8.174543378890972,7228,6346,1572,232,906,853,164,0.2477150961235424,1039,60,48,968,468.5397766666666,1342.59494,4.058573618864292,1.2921991722810393,3,3,1,7,1,2,7,1,2,2,15,14,29,9,49
LOUISVILLE SLUGGERS,23,165,10.698739243050538,7662,6881,1801,255,988,928,165,0.261735212905101,951,60,96,1045,402.20511666666675,1182.46731,3.806357570977919,1.243393596214511,8,9,7,8,10,1,10,4,9,7,42,31,73,1,50
WESTSIDE MARAUDERS,23,213,11.148519942560613,7708,6902,1784,254,969,953,156,0.25847580411474935,1358,83,32,1340,598.8780533333334,1688.810462,3.9690003534609724,1.2436012238586156,7,8,9,6,8,9,4,10,4,6,38,33,71,2,50
BLUE SOCKS,23,221,10.379281035439378,7655,6904,1783,239,939,937,162,0.2582560834298957,1154,73,56,1151,495.04372,1399.3901799999999,3.8608262391681105,1.2126431369150779,5,7,8,7,7,6,8,5,6,9,34,34,68,3,50
HOOSIERS,23,190,10.296680481828762,8066,7129,1777,275,1022,990,195,0.24926357132837706,1080,67,35,1039,458.9330455555556,1346.77788,3.824442046296297,1.2470165555555557,10,10,10,10,2,4,6,3,8,5,42,26,68,3,50
MELONHEADS,23,223,10.369990128392413,7289,6482,1625,254,927,909,178,0.25069423017587167,1311,81,19,1291,552.1434488888889,1574.60565,3.790458459191457,1.2010721967963387,7,5,4,9,4,8,2,8,10,10,29,38,67,4,50
NATIONAL PASTIME,23,190,10.440979592495086,7720,6936,1783,248,935,915,144,0.2570645905420992,1276,79,52,1200,549.2253011111111,1562.40107,3.873846167711599,1.2244522492163008,6,6,5,4,6,7,7,7,5,8,27,34,61,5,50
BIG RED MACHINE,23,151,9.73035902290854,7392,6550,1633,262,925,916,125,0.24931297709923664,1195,72,59,1158,509.2650988888889,1509.16023,3.835469364016736,1.2628955899581589,9,4,6,2,3,5,9,6,7,4,24,31,55,6,50
FREE BIRDS,23,188,9.355810569920443,7414,6582,1663,231,887,882,143,0.25265876633242174,1370,86,0,1335,611.7475177777777,1740.40429,4.018779313868613,1.270368094890511,3,1,3,3,5,10,1,9,3,3,15,26,41,7,50
ERIE LAKERS,23,168,8.000770865304615,7185,6386,1654,234,899,876,123,0.2590040714062011,1023,62,34,951,470.5631155555556,1327.9444599999997,4.139851456500489,1.2980884261974581,4,2,2,1,9,2,5,1,2,2,18,12,30,8,50
FREE AT LAST,22,151,8.07595332084596,7214,6353,1581,226,900,855,151,0.2488588068628994,1143,66,30,1021,526.0087166666666,1490.84298,4.14180091863517,1.3043245669291337,2,3,1,5,1,3,3,2,1,1,12,10,22,9,50
WESTSIDE MARAUDERS,23,213,10.988393411866022,7449,6642,1709,261,946,928,148,0.2573020174646191,1254,78,51,1297,525.4882333333333,1528.3363219999999,3.771446650717703,1.2187689968102073,8,8,8,6,8,7,6,8,10,9,38,40,78,1,51
LOUISVILLE SLUGGERS,23,165,10.77171385990145,7952,7177,1862,269,1006,984,175,0.2594398773860945,1012,62,75,991,448.96003666666667,1282.5454100000002,3.9927275988142292,1.2673373616600792,9,9,9,7,10,3,9,4,4,4,44,24,68,2,51
MELONHEADS,23,223,10.398433890728239,7371,6534,1637,245,936,898,182,0.2505356596265687,1336,84,0,1344,571.5525600000001,1607.18541,3.8502792215568866,1.2029830913173654,6,7,4,9,2,9,2,10,7,10,28,38,66,3,51
HOOSIERS,23,190,10.520144235104238,8012,7111,1787,278,1021,998,208,0.2513008015750246,1173,69,13,1116,521.0973333333334,1477.09658,3.9981892583120207,1.2592468712702471,10,10,10,10,4,5,3,5,3,5,44,21,65,4,51
BLUE SOCKS,23,221,10.215797127209754,7621,6893,1768,228,925,910,180,0.25649209342811546,1240,80,29,1264,528.8788111111112,1535.4885299999999,3.8386365322580653,1.238297201612903,3,4,6,8,5,8,5,7,8,7,26,35,61,5,51
NATIONAL PASTIME,23,190,10.384299751172792,7478,6716,1728,241,913,891,145,0.25729600952948184,1311,80,52,1251,556.9965155555556,1597.8881900000001,3.823774706331045,1.2188315713196034,4,3,3,5,7,8,7,6,9,8,22,38,60,6,51
BIG RED MACHINE,23,151,9.74497627022005,7461,6623,1663,260,931,926,116,0.2510946700890835,1201,73,54,1116,521.72585,1522.58387,3.909685803497086,1.2677634221482097,7,6,7,1,3,6,8,5,6,3,24,28,52,7,51
FREE BIRDS,23,188,9.370901481223147,7379,6548,1684,222,894,871,136,0.25717776420281,1352,86,0,1342,598.7678766666667,1701.69543,3.9858808357988167,1.2586504659763313,1,2,2,3,6,10,2,9,5,6,14,32,46,8,51
ERIE LAKERS,23,168,8.0923172125437,7368,6528,1689,242,927,901,120,0.2587316176470588,1101,65,22,953,503.9693144444445,1446.3312399999998,4.11964017257039,1.3136523524069026,5,5,5,2,9,4,4,3,2,1,26,14,40,9,51
FREE AT LAST,22,151,7.998684728717168,7151,6286,1554,225,881,844,138,0.24721603563474387,943,55,105,896,432.8884188888889,1212.67313,4.131490742311771,1.2859736267232236,2,1,1,4,1,2,10,2,1,2,9,17,26,10,51
WESTSIDE MARAUDERS,23,213,11.00592475059096,7561,6701,1703,263,968,939,147,0.2541411729592598,1373,85,32,1347,598.0756244444444,1693.9213220000001,3.9203791842680262,1.2337373066278223,8,10,9,5,6,10,5,10,4,8,38,37,75,1,52
MELONHEADS,23,223,10.29680763924773,7587,6750,1713,252,964,930,173,0.25377777777777777,1204,75,39,1179,519.8224411111111,1477.9875700000002,3.88571592192691,1.2275644269102992,7,8,7,9,5,7,7,7,7,9,36,37,73,2,52
BLUE SOCKS,23,221,10.452700563088387,7544,6821,1745,238,918,920,160,0.2558275912622783,1209,76,56,1215,500.11586777777785,1454.91548,3.7229469065343266,1.2034040363937137,3,3,6,6,8,8,9,8,10,10,26,45,71,3,52
LOUISVILLE SLUGGERS,23,165,10.45655129539537,7389,6688,1774,239,946,899,163,0.2652511961722488,1138,72,52,1157,488.5299233333334,1415.74635,3.8635934182776808,1.2440653339191563,4,6,3,7,10,6,8,6,8,6,30,34,64,4,52
NATIONAL PASTIME,23,190,10.415212073483474,7653,6863,1725,269,928,953,135,0.25134780708145127,1153,72,84,1137,502.0790177777777,1433.39581,3.9190903382480484,1.2431880398959236,10,4,10,3,3,6,10,3,5,7,30,31,61,5,52
HOOSIERS,23,190,10.186651308343796,7604,6737,1707,241,967,908,226,0.2533768739795161,1166,75,25,1139,488.9927288888889,1465.7337799999996,3.774386415094339,1.257061560891938,5,9,5,10,4,7,2,4,9,5,33,27,60,6,52
BIG RED MACHINE,23,151,9.657069948990811,7591,6776,1692,264,929,931,121,0.24970484061393153,1275,76,27,1154,553.0729266666666,1617.79194,3.904044188235294,1.2688564235294117,9,5,8,2,2,8,3,5,6,2,26,24,50,7,52
FREE BIRDS,23,188,9.194572982012366,7291,6449,1643,221,883,862,138,0.2547681811133509,1269,80,30,1271,567.02692,1599.4791599999999,4.021467517730497,1.2604248699763592,2,1,1,4,7,9,4,9,3,4,15,29,44,8,52
FREE AT LAST,22,151,8.112416020760925,7606,6665,1650,242,952,895,167,0.24756189047261815,922,53,37,877,426.6340555555556,1163.91664,4.164540672451194,1.2623824728850324,6,7,2,8,1,4,6,1,2,3,24,16,40,9,52
ERIE LAKERS,23,168,8.210500834018465,7262,6465,1697,239,911,900,112,0.26249033255993814,1090,61,19,991,504.81506222222225,1420.6234200000001,4.168197761467891,1.3033242385321102,4,2,4,1,9,5,1,2,1,1,20,10,30,10,52
WESTSIDE MARAUDERS,23,213,11.080331226333756,7533,6770,1755,251,941,933,157,0.259231905465288,1286,80,54,1293,551.6317233333333,1580.897782,3.8605641601866245,1.2293139828926904,6,8,8,6,10,9,7,10,9,8,38,43,81,1,53
LOUISVILLE SLUGGERS,23,165,10.684612996457805,7895,7077,1831,264,1011,958,180,0.2587254486364279,1127,67,36,1083,495.74857777777777,1415.5500700000002,3.958950488021295,1.2560337799467616,9,10,9,9,9,4,5,3,3,6,46,21,67,2,53
MELONHEADS,23,223,10.251074867640494,7384,6584,1656,257,929,922,165,0.2515188335358445,1360,85,0,1292,592.9624522222223,1655.1908899999999,3.9240162279411765,1.217052125,7,7,6,7,3,10,1,9,7,10,30,37,67,2,53
BLUE SOCKS,23,221,10.460806985097637,7494,6758,1730,228,913,899,179,0.2559928973068955,1250,79,56,1238,513.2954611111111,1540.6581999999999,3.6957273199999996,1.23252656,3,4,4,8,7,8,8,7,10,7,26,40,66,3,53
NATIONAL PASTIME,23,190,10.406995362375271,7573,6802,1739,258,926,928,134,0.2556600999705969,1211,77,52,1229,522.2717877777777,1480.90418,3.8814583732452514,1.2228771098265896,8,6,7,4,5,7,6,6,8,9,30,36,66,3,53
HOOSIERS,23,190,10.315973057286053,7914,7040,1766,267,996,981,208,0.25085227272727273,1176,70,28,1095,513.91407,1481.0831,3.9330158418367347,1.2594244047619048,10,9,10,10,2,5,3,4,5,4,41,21,62,4,53
BIG RED MACHINE,23,151,9.73297505310925,7343,6533,1649,250,922,899,132,0.2524108372876167,1187,72,59,1134,519.0050377777777,1492.2561399999997,3.9351687784330243,1.2571660825610782,5,5,4,3,4,6,9,5,4,5,21,29,50,5,53
FREE BIRDS,23,188,9.202786175105297,7326,6469,1654,223,897,873,120,0.25568093986705825,1269,80,30,1271,567.02692,1599.4791599999999,4.021467517730497,1.2604248699763592,1,3,3,1,6,9,4,8,2,3,14,26,40,6,53
ERIE LAKERS,23,168,8.056367031706557,7349,6515,1682,243,926,900,123,0.2581734458940906,1078,63,24,978,507.32388666666674,1421.8689,4.235542653061225,1.3189878478664192,4,6,5,2,8,3,2,2,1,1,25,9,34,7,53
FREE AT LAST,22,151,8.15557605474605,7242,6335,1577,225,896,837,145,0.2489344909234412,979,59,62,957,427.1450333333334,1243.93569,3.9267674157303376,1.2706186823289072,2,2,2,5,1,2,10,1,6,2,12,21,33,8,53
WESTSIDE MARAUDERS,23,213,11.120144252777358,7414,6626,1699,272,936,948,138,0.25641412616963477,1365,84,32,1358,587.7000533333334,1660.290902,3.8749454065934064,1.2163303311355311,10,6,9,4,6,9,5,10,7,9,35,40,75,1,54
LOUISVILLE SLUGGERS,23,165,10.815462747599732,7711,6946,1818,259,982,948,174,0.26173337172473365,968,63,80,1028,395.1119622222222,1200.21387,3.673561632231405,1.239890361570248,8,9,9,8,10,2,9,2,10,6,44,29,73,2,54
NATIONAL PASTIME,23,190,10.528250754666985,7678,6901,1784,251,948,927,154,0.25851325894797855,1132,72,84,1101,498.3986622222222,1401.15657,3.9625335335689043,1.2377708215547705,6,8,8,5,9,6,10,5,4,7,36,32,68,3,54
BLUE SOCKS,23,221,10.406749465837493,7495,6755,1737,225,920,899,177,0.2571428571428571,1223,78,56,1203,502.8226744444445,1479.75894,3.7002486263287,1.2099418969746525,1,4,4,9,7,7,8,7,9,10,25,41,66,4,54
HOOSIERS,23,190,10.194307721840392,7872,6986,1773,253,999,956,207,0.25379330088748925,1134,68,48,1051,498.8785977777778,1455.7917799999998,3.9593539506172846,1.2837670017636682,7,10,10,10,5,4,6,3,5,2,42,20,62,5,54
MELONHEADS,23,223,10.289136911544391,7395,6580,1661,245,931,907,173,0.25243161094224925,1283,81,22,1261,543.2808322222222,1574.13935,3.8110112938425567,1.2269207716289945,4,5,5,7,3,8,4,8,8,8,24,36,60,6,54
BIG RED MACHINE,23,151,9.688991884513312,7517,6680,1667,260,931,918,114,0.2495508982035928,1168,71,54,1152,505.19753,1462.83678,3.8927891866438356,1.25242875,9,5,7,1,2,5,7,6,6,5,24,29,53,7,54
FREE BIRDS,23,188,9.096872349814806,7284,6446,1629,230,878,874,122,0.252714861929879,1370,85,0,1347,606.9833877777777,1734.1485400000001,3.9874821094890502,1.2658018540145985,2,2,3,3,4,10,1,9,3,4,14,27,41,8,54
ERIE LAKERS,23,168,8.186616671694498,7473,6614,1703,247,939,915,118,0.2574841245842153,1092,63,8,990,497.13324,1388.7761100000002,4.097251978021978,1.2717729945054947,5,7,6,2,8,2,2,1,2,3,28,10,38,9,54
FREE AT LAST,22,151,8.21800043576998,7305,6402,1579,238,911,863,156,0.24664167447672602,1188,67,17,1079,574.81801,1554.7112699999998,4.354681893939394,1.30867952020202,3,3,2,6,1,3,3,4,1,1,15,12,27,10,54
WESTSIDE MARAUDERS,23,213,10.906787889336414,7512,6677,1698,254,946,924,164,0.2543058259697469,1265,79,54,1297,539.8738366666666,1543.073542,3.8409996284584977,1.219820981818182,8,6,7,7,6,9,7,9,6,8,34,39,73,1,55
HOOSIERS,23,190,10.258214202097873,7912,6985,1759,260,1012,963,211,0.2518253400143164,1058,70,33,1053,437.6697655555556,1313.45049,3.723088742911153,1.2414465879017014,9,10,10,10,2,6,6,3,10,6,41,31,72,2,55
BLUE SOCKS,23,221,10.51328427243255,7939,7155,1836,247,967,955,175,0.25660377358490566,1185,74,56,1106,515.5118588888889,1479.96171,3.9152799409282704,1.248912835443038,6,9,9,8,7,7,8,5,5,5,39,30,69,3,55
LOUISVILLE SLUGGERS,23,165,10.640807003412846,7473,6748,1764,248,957,916,175,0.26141078838174275,955,62,99,1033,396.17794444444445,1173.03662,3.7336141361256545,1.2283105968586387,7,8,6,8,10,3,10,1,9,7,39,30,69,3,55
NATIONAL PASTIME,23,190,10.531679428245251,7597,6805,1754,238,930,897,147,0.25775165319617926,1190,75,84,1184,503.72687888888885,1445.4232,3.8096990840336136,1.214641344537815,3,5,4,5,8,8,9,7,8,9,25,41,66,4,55
MELONHEADS,23,223,10.265158373180016,7244,6456,1628,246,915,892,187,0.25216852540272616,1340,86,0,1313,571.4321766666667,1611.4689400000002,3.8379773059701496,1.20258876119403,5,4,3,9,4,10,2,10,7,10,25,39,64,5,55
BIG RED MACHINE,23,151,9.805933944873033,7664,6797,1705,269,953,946,123,0.25084596145358246,1261,75,27,1175,556.4767277777778,1595.0365199999999,3.971681641554322,1.2648981126090404,10,7,8,3,1,8,5,6,4,3,29,26,55,6,55
FREE BIRDS,23,188,9.255879462139951,7341,6523,1646,243,891,904,100,0.2523378813429404,1297,79,27,1280,577.0961088888889,1638.18031,4.0045219583654585,1.2630534387047032,4,1,5,2,5,9,5,8,3,4,17,29,46,7,55
ERIE LAKERS,23,168,8.15078415324186,7153,6373,1655,237,900,880,129,0.2596893142946807,1193,66,16,1054,561.8990477777778,1562.15926,4.2389701844090535,1.309437770326907,2,2,2,4,9,5,3,4,1,1,19,14,33,8,55
FREE AT LAST,22,151,8.16155412107042,7445,6599,1662,228,913,878,148,0.2518563418699803,1117,63,17,1036,514.1487888888889,1461.01392,4.142649149507609,1.3079802327663386,1,3,1,6,3,4,4,2,2,2,14,14,28,9,55
LOUISVILLE SLUGGERS,23,165,10.757992402635885,7835,7025,1847,253,1008,937,196,0.2629181494661922,977,64,63,1005,413.4896255555556,1194.6346299999998,3.8090139508700105,1.2227580655066528,6,10,9,9,10,3,9,3,9,9,44,33,77,1,56
WESTSIDE MARAUDERS,23,213,11.083164369772941,7274,6472,1653,272,928,931,137,0.2554079110012361,1374,86,32,1364,591.9096644444444,1697.1482019999999,3.877137540029112,1.2351879199417757,10,7,7,4,5,10,5,10,6,6,33,37,70,2,56
BLUE SOCKS,23,221,10.469797882727121,7558,6850,1770,215,906,893,174,0.2583941605839416,1231,78,56,1230,509.6902877777778,1488.1925099999999,3.7264115272136475,1.2089297400487407,2,3,3,8,9,7,7,7,10,10,25,41,66,3,56
NATIONAL PASTIME,23,190,10.491572785261784,7661,6892,1771,254,934,934,150,0.2569645966337783,1235,77,52,1192,540.3939733333333,1518.0966999999998,3.938093732793522,1.2292280971659917,7,8,8,6,7,6,6,6,4,8,36,30,66,3,56
HOOSIERS,23,190,10.184485738490244,7802,6899,1728,260,1001,950,216,0.2504710827656182,1204,74,17,1149,523.5738655555556,1537.55861,3.9137581312292364,1.277042034883721,8,9,10,10,3,5,3,5,5,3,40,21,61,4,56
MELONHEADS,23,223,10.16629542366436,7342,6570,1676,244,921,909,165,0.25509893455098936,1273,81,22,1260,547.5015222222222,1566.96358,3.8707884524744696,1.2309219010212098,5,4,4,7,4,8,4,8,7,7,24,34,58,5,56
BIG RED MACHINE,23,151,9.700953151509896,7447,6604,1641,265,922,921,119,0.24848576620230164,1153,72,59,1138,493.41624777777776,1437.7915099999998,3.851471144839549,1.247000442324371,9,5,6,2,2,4,8,4,8,5,24,29,53,6,56
FREE BIRDS,23,188,9.136306930119119,7326,6469,1654,223,897,873,120,0.25568093986705825,1382,83,0,1338,622.3137422222222,1732.76359,4.052694413892909,1.2538086758321274,3,1,2,3,6,9,1,9,3,4,15,26,41,7,56
ERIE LAKERS,23,168,8.029119317540253,7342,6502,1674,254,924,919,105,0.25745924330975084,1126,63,8,1002,522.3300755555556,1475.7951799999996,4.174929555950267,1.3106529129662519,7,6,5,1,8,2,2,2,1,1,27,8,35,8,56
FREE AT LAST,22,151,8.102234769105465,7172,6283,1541,235,899,855,143,0.2452650007957982,968,54,92,892,445.7059455555556,1262.8796,4.143960237603306,1.3046276859504131,4,2,1,5,1,1,10,1,2,2,13,16,29,9,56
LOUISVILLE SLUGGERS,23,165,10.750468283369594,7643,6861,1772,259,962,933,164,0.25827138901034835,1100,70,63,1103,467.97611,1375.01597,3.8288954454545454,1.250014518181818,9,9,8,7,9,6,9,4,8,6,42,33,75,1,57
WESTSIDE MARAUDERS,23,213,10.963604378406886,7365,6555,1673,259,935,922,138,0.25522501906941264,1214,77,70,1249,515.7934855555555,1458.219572,3.823839678747941,1.201169334431631,9,6,7,3,6,8,10,7,9,10,31,44,75,1,57
BLUE SOCKS,23,221,10.62379964320223,7635,6870,1753,229,934,908,201,0.2551673944687045,1229,77,46,1259,505.9243511111112,1500.90379,3.7048976078112292,1.2212398616761595,4,5,4,10,5,8,6,8,10,9,28,41,69,2,57
MELONHEADS,23,223,10.367041549845952,7402,6576,1666,249,948,913,174,0.25334549878345497,1376,87,0,1317,591.6319755555556,1696.94961,3.8696858866279076,1.2332482630813952,7,8,6,8,3,10,4,9,5,8,32,36,68,3,57
NATIONAL PASTIME,23,190,10.422771241561021,7650,6892,1771,254,934,934,155,0.2569645966337783,1219,76,52,1193,542.1669044444444,1512.35459,4.002872961443806,1.24065183757178,8,5,9,6,8,7,7,6,4,7,36,31,67,4,57
HOOSIERS,23,190,10.271642830938251,8060,7165,1797,271,1007,994,195,0.25080251221214234,1150,69,28,1062,491.9293600000001,1473.7673200000002,3.8498819478260877,1.2815368,10,10,10,9,2,5,5,3,7,2,41,22,63,5,57
BIG RED MACHINE,23,151,9.748052493024797,7433,6597,1686,249,940,911,144,0.2555707139608913,1177,70,46,1127,503.9105988888889,1479.6890199999998,3.85318214953271,1.257169940526763,7,7,5,4,7,6,6,5,6,5,30,28,58,6,57
FREE BIRDS,23,188,9.252665007309119,7407,6554,1663,233,903,885,111,0.2537381751602075,1393,85,0,1344,627.9790311111111,1756.09596,4.057294529791816,1.2606575448671933,5,4,2,1,4,9,4,10,3,4,16,30,46,7,57
ERIE LAKERS,23,168,8.053251628290823,7153,6384,1662,236,897,879,126,0.26033834586466165,934,55,62,896,427.3335744444445,1189.6663199999998,4.11777534261242,1.2737326766595287,6,3,1,2,10,3,8,2,2,3,22,18,40,8,57
FREE AT LAST,22,151,8.042625053852676,7732,6809,1686,236,948,897,150,0.24761345278308122,967,57,46,881,454.7465966666667,1250.20456,4.232388179937953,1.2928692450879007,6,8,3,5,1,4,6,1,1,1,23,13,36,9,57
WESTSIDE MARAUDERS,23,213,11.166870521533076,7869,7032,1805,262,974,965,143,0.25668373151308305,1332,83,32,1314,569.0330777777777,1647.525282,3.8448180930930933,1.2368808423423423,8,9,10,4,7,10,7,10,8,6,38,41,79,1,58
LOUISVILLE SLUGGERS,23,165,10.833319722087591,7662,6902,1778,263,972,942,164,0.25760649087221094,1049,64,82,1096,433.48261111111117,1284.63569,3.719107244995234,1.2246288751191612,9,8,8,6,8,4,10,4,10,8,39,36,75,2,58
BLUE SOCKS,23,221,10.474337173960677,7778,7023,1811,239,949,939,171,0.25786700840096827,1210,76,29,1240,523.3097777777779,1469.2707599999999,3.8923867768595044,1.2142733553719007,5,7,7,8,9,7,6,7,7,9,36,36,72,3,58
MELONHEADS,23,223,10.363800904155598,7279,6471,1630,245,920,900,172,0.2518930613506413,1273,81,27,1268,536.5009200000001,1522.8071200000002,3.7930151453260024,1.1962349725058918,6,3,4,9,3,9,4,8,9,10,25,40,65,4,58
HOOSIERS,23,190,10.276451102148204,7891,6958,1760,255,1014,949,206,0.25294624892210404,1162,72,41,1072,518.0910544444445,1476.25932,4.0127534337349395,1.2704469191049912,7,10,9,10,4,5,9,3,3,4,40,24,64,5,58
NATIONAL PASTIME,23,190,10.422438009834774,7671,6893,1764,255,936,935,145,0.2559117945742057,1143,73,82,1115,503.2232122222222,1407.6820399999997,3.962387497812773,1.2315678390201221,7,6,6,5,6,6,10,5,5,7,30,33,63,6,58
BIG RED MACHINE,23,151,9.719596796834962,7433,6574,1646,267,934,924,121,0.25038028597505324,1313,78,27,1180,573.2977911111111,1670.1973600000001,3.9296878293983246,1.2720467326732674,10,5,5,1,2,8,4,6,6,3,23,27,50,7,58
FREE BIRDS,23,188,9.046203714155038,7110,6327,1617,213,858,844,131,0.2555713608345187,1281,81,32,1295,567.8128688888888,1603.73846,3.9893175800156127,1.2519425917252147,2,1,1,3,5,9,7,9,4,5,12,34,46,8,58
ERIE LAKERS,23,168,8.022726032787618,7153,6373,1655,237,900,880,129,0.2596893142946807,1020,60,28,997,459.69690222222226,1326.1535199999998,4.056149137254902,1.3001505098039214,4,2,3,2,10,2,5,2,2,2,21,13,34,9,58
FREE AT LAST,22,151,8.15945400026015,7396,6505,1615,235,923,873,166,0.2482705611068409,1078,61,33,954,489.5649188888889,1414.53496,4.087276688311689,1.312184564007421,3,4,2,7,1,3,8,1,1,1,17,14,31,10,58
WESTSIDE MARAUDERS,23,213,10.910092435890245,7533,6714,1700,260,943,937,154,0.2532022639261245,1297,80,54,1290,555.1914577777777,1592.087792,3.852523608326908,1.2275156453353895,10,8,9,6,5,10,8,9,8,8,38,43,81,1,59
BLUE SOCKS,23,221,10.494326974773413,7782,7011,1799,236,964,936,200,0.25659677649408075,1147,73,40,1192,487.28099000000003,1417.26897,3.823477689625109,1.235631185701831,5,9,8,9,8,6,6,7,10,7,39,36,75,2,59
LOUISVILLE SLUGGERS,23,165,10.631589766958667,7529,6776,1752,259,964,922,160,0.25855962219598583,1206,75,50,1156,514.8075466666667,1512.29798,3.8418473631840797,1.253978424543947,9,9,6,7,9,7,7,5,9,5,40,33,73,3,59
MELONHEADS,23,223,10.265273242253501,7167,6384,1605,256,908,902,167,0.25140977443609025,1278,80,27,1268,547.9246022222222,1529.8999299999998,3.858623959311424,1.1971047965571204,7,6,5,8,2,10,4,8,6,10,28,38,66,4,59
NATIONAL PASTIME,23,190,10.547377921300574,7716,6932,1778,255,943,936,144,0.25649163300634736,1138,72,84,1124,498.96333555555555,1389.21351,3.946107223198594,1.2207500087873462,6,8,8,4,7,5,10,4,3,9,33,31,64,5,59
HOOSIERS,23,190,10.244997335762376,7891,6958,1760,255,1014,949,206,0.25294624892210404,1184,71,32,1077,512.0707444444445,1494.70671,3.8924296452702705,1.2624212077702701,6,10,10,10,4,4,5,2,5,3,40,19,59,6,59
BIG RED MACHINE,23,151,9.730692715395275,7545,6716,1696,258,934,929,122,0.2525312686122692,1250,76,27,1174,543.4849022222222,1600.40931,3.913091296,1.280327448,8,7,7,2,3,8,4,6,4,2,27,24,51,7,59
FREE BIRDS,23,188,9.294624348816082,7505,6645,1692,232,902,888,119,0.254627539503386,1288,79,19,1293,567.6186200000001,1611.89665,3.966279177018634,1.251472554347826,3,5,4,1,6,9,3,10,2,6,19,30,49,8,59
ERIE LAKERS,23,168,8.135508826338128,7185,6386,1654,234,899,876,123,0.2590040714062011,813,50,80,853,348.4400144444445,1020.1389000000001,3.8572695325953266,1.2547833948339486,4,3,3,3,10,3,9,1,7,4,23,24,47,9,59
FREE AT LAST,22,151,8.12013279770243,7319,6474,1626,223,900,864,147,0.2511584800741427,1260,73,0,1104,598.2309211111111,1654.8847599999997,4.273078007936508,1.3134006031746028,2,4,2,5,1,6,2,3,1,1,14,13,27,10,59
WESTSIDE MARAUDERS,23,213,11.140663866346511,7586,6775,1730,271,944,956,138,0.25535055350553504,1317,83,32,1349,567.0875011111111,1621.4453019999999,3.875313219438117,1.2311657570235381,10,7,9,4,6,10,3,10,6,7,36,36,72,1,60
LOUISVILLE SLUGGERS,23,165,10.695365468199403,7450,6707,1746,251,965,922,176,0.2603250335470404,1149,73,50,1154,491.8082988888889,1421.0334899999998,3.8522843255004355,1.236756736292428,7,8,7,8,10,4,8,4,7,6,40,29,69,2,60
HOOSIERS,23,190,10.31802025316665,8103,7193,1812,267,1022,990,206,0.2519115807034617,1032,63,43,1000,431.8406866666667,1288.38962,3.7660525000000007,1.2484395542635658,9,10,10,10,3,3,5,3,10,4,42,25,67,3,60
BLUE SOCKS,23,221,10.284320734220923,7456,6729,1730,226,909,895,180,0.2570961509882598,1184,76,61,1201,500.78256333333337,1437.41375,3.8066242145270275,1.2140318834459458,5,3,2,9,7,6,10,6,9,9,26,40,66,4,60
NATIONAL PASTIME,23,190,10.459977262615203,7527,6782,1757,243,926,913,161,0.25906812149808317,1229,78,52,1203,536.4313777777777,1509.88769,3.928301383238405,1.228549788445891,6,5,5,6,9,8,9,7,3,8,31,35,66,4,60
MELONHEADS,23,223,10.246411782159226,7290,6500,1644,251,922,910,164,0.2529230769230769,1214,75,49,1216,524.6105600000001,1470.28768,3.8892051400329497,1.211110115321252,7,4,4,7,4,5,7,8,5,10,26,35,61,5,60
FREE BIRDS,23,188,9.311711454722131,7344,6491,1643,226,891,867,123,0.25311970420582347,1255,77,46,1260,534.3206433333334,1555.62718,3.831781505976096,1.2395435697211155,5,2,1,3,5,7,6,9,8,5,16,35,51,6,60
BIG RED MACHINE,23,151,9.709467704752107,7461,6623,1663,260,931,926,116,0.2510946700890835,1300,79,27,1176,566.5488855555556,1665.953,3.9222615153846156,1.2815023076923078,8,6,8,2,2,9,2,5,4,3,26,23,49,7,60
ERIE LAKERS,23,168,8.196331143689056,7349,6515,1682,243,926,900,123,0.2581734458940906,1060,62,41,926,483.03762222222224,1391.44739,4.101262830188679,1.3126862169811322,6,5,3,3,8,2,4,1,2,1,25,10,35,8,60
FREE AT LAST,22,151,8.187521004713176,7970,6982,1731,251,984,918,153,0.24792323116585505,1059,59,0,982,512.6964288888889,1382.02637,4.357193446647781,1.3050296222851747,7,9,6,5,1,1,1,2,1,2,28,7,35,8,60
WESTSIDE MARAUDERS,23,213,11.035141337535434,7330,6512,1662,275,937,942,135,0.25522113022113024,1365,84,32,1358,587.7000533333334,1660.290902,3.8749454065934064,1.2163303311355311,10,6,8,5,6,10,5,10,6,9,35,40,75,1,61
HOOSIERS,23,190,10.443318370257296,7903,6999,1738,265,985,965,201,0.24832118874124876,1274,79,2,1182,543.1772811111111,1561.84395,3.8372021428571434,1.2259371664050236,9,9,10,10,1,9,2,6,8,6,39,31,70,2,61
NATIONAL PASTIME,23,190,10.448727531898585,7611,6831,1739,257,932,929,143,0.2545747328356024,1138,73,79,1149,484.94596777777775,1392.7872399999999,3.835249305799649,1.2238903690685412,8,5,7,6,4,6,10,4,9,7,30,36,66,3,61
LOUISVILLE SLUGGERS,23,165,10.747160596116482,7652,6888,1795,251,964,925,169,0.26059814169570267,1134,71,58,1139,487.80202,1436.4835200000002,3.871444603174603,1.2667403174603176,6,8,6,8,10,5,8,3,7,4,38,27,65,4,61
BLUE SOCKS,23,221,10.393325688769846,7563,6803,1739,224,924,896,200,0.25562251947670145,1168,75,61,1217,503.27789,1412.8723599999998,3.877997440068493,1.2096509931506847,3,3,3,9,7,7,9,8,5,10,25,39,64,5,61
MELONHEADS,23,223,10.232469302295797,7353,6562,1664,250,928,919,162,0.25358122523620846,1205,75,44,1206,512.82795,1467.8881000000001,3.8302502489626553,1.218164398340249,5,4,4,7,3,7,6,7,10,8,23,38,61,6,61
BIG RED MACHINE,23,151,9.749456788363936,7510,6681,1703,251,938,921,127,0.2549019607843137,1262,77,27,1156,550.4536099999999,1614.1153999999997,3.9255804199683033,1.2790137876386685,6,7,5,2,5,8,4,5,4,3,25,24,49,7,61
FREE BIRDS,23,188,9.26012059977499,7386,6552,1679,223,906,878,143,0.25625763125763124,1263,77,19,1275,559.9659955555555,1587.8600999999999,3.9902565003958825,1.2572130641330166,2,2,1,6,8,8,3,9,3,5,19,28,47,8,61
FREE AT LAST,22,151,8.209832547583726,8117,7134,1776,256,1006,945,134,0.24894869638351555,941,54,27,833,435.9999022222222,1229.4346500000001,4.1700309458023375,1.3065192879914986,7,10,9,4,2,3,4,1,1,2,32,11,43,9,61
ERIE LAKERS,23,168,8.170664491017767,7153,6373,1655,237,900,880,129,0.2596893142946807,1049,60,52,952,483.01389777777786,1379.9352499999998,4.144065853193518,1.3154768827454717,4,1,2,3,9,4,7,2,2,1,19,16,35,10,61
WESTSIDE MARAUDERS,23,213,10.785818832152724,7407,6605,1680,261,930,932,133,0.2543527630582892,1333,83,32,1365,572.3824322222222,1611.276652,3.864547554388597,1.20875967891973,9,6,7,4,6,9,6,10,6,10,32,41,73,1,62
LOUISVILLE SLUGGERS,23,165,10.71363177639624,7990,7163,1854,275,1024,973,164,0.2588300991204803,1005,60,65,1032,435.07838777777783,1258.9495299999999,3.896224368159204,1.2526860995024873,10,10,10,7,9,3,8,2,5,6,46,24,70,2,62
NATIONAL PASTIME,23,190,10.491486097172329,7601,6801,1744,244,930,901,138,0.2564328775180121,1203,76,84,1172,509.76136888888885,1458.6007100000002,3.813676076475478,1.2124694181213633,5,6,4,5,7,8,10,6,9,9,27,42,69,3,62
HOOSIERS,23,190,10.303289107893752,7806,6903,1739,249,991,943,225,0.25191945530928583,1136,71,27,1115,475.55582777777784,1433.3563399999998,3.7676077904929586,1.2617573415492955,6,9,9,10,3,5,5,4,10,4,37,28,65,4,62
MELONHEADS,23,223,10.315969739152068,7288,6488,1631,255,923,909,166,0.25138717632552404,1307,83,27,1256,556.2457266666667,1606.3337999999999,3.830307222647284,1.2290235654169854,7,5,5,8,2,9,5,8,8,8,27,38,65,4,62
BLUE SOCKS,23,221,10.465795049140112,7718,6946,1789,228,946,921,203,0.2575583069392456,1125,69,73,1126,481.4803033333334,1390.1823900000002,3.8518424266666673,1.23571768,1,8,6,9,8,4,9,5,7,7,32,32,64,5,62
BIG RED MACHINE,23,151,9.764683186870803,7668,6846,1732,257,939,940,129,0.2529944493134677,1232,74,27,1187,536.8297244444444,1555.0362599999999,3.9216457142857144,1.2622047564935064,8,7,8,3,4,7,5,7,4,3,30,26,56,6,62
FREE BIRDS,23,188,9.367986752913392,7201,6379,1620,239,886,884,120,0.25395830067408687,1354,85,0,1356,605.293041111111,1702.2328099999997,4.023365856720827,1.2571881905465285,3,2,2,1,5,10,3,9,3,5,13,30,43,7,62
ERIE LAKERS,23,168,8.063495927471683,7258,6470,1676,241,909,893,124,0.2590417310664606,969,56,64,882,458.7185122222223,1265.87711,4.260543457172343,1.3063747265221877,4,3,3,2,10,2,7,1,1,1,22,12,34,8,62
FREE AT LAST,22,151,8.224927733583247,7368,6504,1619,229,913,865,140,0.24892373923739236,1197,72,14,1040,542.66781,1540.9589100000003,4.080209097744361,1.2873508020050128,2,4,1,6,1,6,4,3,2,2,14,17,31,9,62
LOUISVILLE SLUGGERS,23,165,10.739268774883183,7704,6918,1807,258,1003,938,183,0.26120265972824513,992,62,71,1039,424.2348366666667,1218.43239,3.8489047681451614,1.2282584576612903,7,10,7,8,10,5,10,3,6,8,42,32,74,1,63
BLUE SOCKS,23,221,10.60457030511391,8016,7227,1859,237,974,945,195,0.2572298325722983,1070,68,65,1125,451.5496788888889,1314.32898,3.7980814112149535,1.2283448411214952,4,8,9,9,8,6,8,4,9,7,38,34,72,2,63
WESTSIDE MARAUDERS,23,213,10.994502570418588,7260,6466,1657,267,927,927,134,0.2562635323229199,1328,84,32,1343,566.3845922222222,1598.4907819999999,3.838449796686747,1.2036828177710843,10,5,6,4,7,9,4,9,8,10,32,40,72,2,63
HOOSIERS,23,190,10.400161603246548,7931,7028,1761,257,991,959,206,0.25056915196357427,1220,73,24,1133,508.1106033333334,1521.90139,3.7483569098360663,1.247460155737705,6,9,10,10,2,7,3,5,10,5,37,30,67,3,63
NATIONAL PASTIME,23,190,10.414258886604193,7702,6932,1767,259,930,942,139,0.25490478938257355,1195,77,52,1216,521.7999444444445,1475.9477899999997,3.9298740585774063,1.2351027531380752,8,7,8,5,5,8,6,7,4,6,33,31,64,4,63
MELONHEADS,23,223,10.352223815169708,7302,6492,1636,249,929,909,175,0.25200246457178066,1411,88,0,1327,602.89017,1725.35342,3.8455078171509567,1.2227876824946846,5,6,5,7,4,10,2,8,7,9,27,36,63,5,63
BIG RED MACHINE,23,151,9.6872115264629,7301,6463,1606,262,915,906,129,0.248491412656661,1213,73,59,1157,524.2671933333334,1531.3947899999998,3.889863759274526,1.2624853998351193,9,3,4,3,1,7,7,6,5,3,20,28,48,6,63
FREE BIRDS,23,188,9.192173028255132,7375,6504,1658,229,904,878,110,0.254920049200492,1355,84,0,1352,602.9622099999999,1709.43382,4.004915047970479,1.261574774907749,2,2,1,2,6,9,2,10,3,4,13,28,41,7,63
FREE AT LAST,22,151,8.186334439594235,7529,6671,1680,230,917,887,141,0.2518363064008394,1012,58,68,870,470.4137533333334,1344.50359,4.183521521739131,1.3285608596837946,3,4,3,6,3,4,9,1,2,1,19,17,36,8,63
ERIE LAKERS,23,168,8.138367190009495,7153,6373,1655,237,900,880,129,0.2596893142946807,1065,62,42,969,501.4001522222223,1383.01756,4.237184384976526,1.2986080375586855,4,1,2,3,9,5,5,2,1,2,19,15,34,9,63
WESTSIDE MARAUDERS,23,213,11.010318611602518,7603,6774,1751,254,962,942,148,0.2584883377620313,1196,76,65,1234,503.2920566666666,1457.500342,3.787314807692307,1.21864577090301,7,8,9,5,8,6,9,7,10,9,37,41,78,1,64
LOUISVILLE SLUGGERS,23,165,10.789610650269026,7606,6854,1799,250,977,926,185,0.26247446746425446,1092,69,63,1091,470.4325577777778,1354.2011599999998,3.8771914102564105,1.2401109523809521,6,9,7,9,10,3,8,3,7,7,41,28,69,2,64
BLUE SOCKS,23,221,10.452705723310164,7638,6915,1771,237,923,924,161,0.2561099060014461,1320,83,29,1271,560.2720933333334,1614.8725200000001,3.820037,1.223388272727273,3,4,6,8,7,9,4,8,8,8,28,37,65,3,64
MELONHEADS,23,223,10.232173613135926,7328,6514,1637,247,924,901,157,0.2513048817930611,1332,86,0,1324,560.965648888889,1612.5275499999998,3.7903084384384385,1.2106062687687686,5,5,5,7,3,10,1,10,9,10,25,40,65,3,64
NATIONAL PASTIME,23,190,10.373393272656811,7778,6973,1784,259,950,940,141,0.25584396959701705,1224,77,52,1179,544.1065766666667,1530.5681699999998,4.000783651960785,1.2504641911764705,8,7,8,4,6,7,7,5,4,6,33,29,62,4,64
HOOSIERS,23,190,10.309631692994715,7938,7055,1780,263,1001,978,220,0.2523033309709426,1208,73,24,1093,542.4892033333334,1566.5726599999998,4.041724197019868,1.2968316721854303,10,10,10,10,4,4,2,4,2,1,44,13,57,5,64
BIG RED MACHINE,23,151,9.730923566098248,7461,6623,1663,260,931,926,116,0.2510946700890835,1260,75,27,1208,553.0622266666667,1584.05994,3.9504444761904765,1.2571904285714286,9,6,7,1,2,5,3,6,6,5,25,25,50,6,64
FREE BIRDS,23,188,9.100968439948414,7243,6400,1620,221,878,850,130,0.253125,1306,80,32,1291,574.95688,1646.67387,3.9621837059724343,1.260852886676876,2,1,2,3,5,8,5,9,5,4,13,31,44,7,64
ERIE LAKERS,23,168,8.137400435084114,7153,6373,1655,237,900,880,129,0.2596893142946807,875,49,86,850,389.87617888888894,1113.8901799999999,4.010154982857143,1.2730173485714285,3,2,4,2,9,1,10,1,3,3,20,18,38,8,64
FREE AT LAST,22,151,8.209908813829362,7305,6402,1579,238,911,863,156,0.24664167447672602,1048,61,35,990,474.55971222222223,1341.93812,4.075417375954198,1.2804753053435114,4,3,3,6,1,2,6,2,1,2,17,13,30,9,64
WESTSIDE MARAUDERS,23,213,10.79913032907729,7414,6569,1668,263,944,927,144,0.2539199269295174,1302,81,54,1299,564.72093,1596.186612,3.903600898617511,1.2259497788018432,9,7,8,6,5,10,8,10,7,9,35,44,79,1,65
LOUISVILLE SLUGGERS,23,165,10.670978991992142,7543,6776,1758,260,964,920,155,0.25944510035419127,1213,74,47,1174,509.85413555555556,1525.35989,3.7829243363561416,1.2575102143446002,7,9,5,7,9,6,7,7,10,5,37,35,72,2,65
BLUE SOCKS,23,221,10.522781666028083,7691,6931,1778,232,953,923,202,0.2565286394459674,1235,78,29,1248,536.3038677777778,1516.69051,3.908287295546559,1.2280894817813763,3,8,7,9,8,8,5,8,6,7,35,34,69,3,65
MELONHEADS,23,223,10.417565151926803,7440,6619,1654,258,938,919,189,0.24988668983230095,1262,80,14,1266,534.4678277777779,1515.80911,3.8115772187004757,1.2011165689381933,6,6,4,8,2,9,3,9,9,10,26,40,66,4,65
NATIONAL PASTIME,23,190,10.532384000943823,7626,6834,1742,262,938,936,134,0.2549019607843137,1061,68,111,1072,454.7895066666666,1301.0841400000002,3.857780923656927,1.226280999057493,8,6,9,4,6,4,10,3,8,8,33,33,66,4,65
HOOSIERS,23,190,10.303786239293336,7973,7071,1780,265,1007,976,205,0.2517324282279734,1264,75,0,1168,566.687138888889,1604.6474699999999,4.034955893987342,1.2694995806962024,10,10,10,10,4,7,1,6,3,4,44,21,65,5,65
BIG RED MACHINE,23,151,9.79141544770666,7510,6681,1703,251,938,921,127,0.2549019607843137,1292,78,27,1144,561.9805744444444,1644.41009,3.91472536377709,1.2727632275541796,5,6,6,3,6,8,4,5,5,3,26,25,51,6,65
FREE BIRDS,23,188,9.320867071875465,7375,6554,1674,225,893,880,136,0.2554165395178517,1122,70,76,1142,490.3023144444444,1406.21416,3.9329062655971474,1.253310303030303,2,3,2,5,7,5,9,4,4,6,19,28,47,7,65
ERIE LAKERS,23,168,8.143018717603113,7204,6399,1661,233,900,877,120,0.25957180809501484,1134,67,8,1043,514.9063344444444,1459.9370299999996,4.086558209876542,1.2874224250440913,4,4,1,1,10,3,2,2,2,2,20,11,31,8,65
FREE AT LAST,22,151,8.210613704903091,7529,6653,1667,233,914,888,123,0.2505636554937622,1038,61,35,1014,476.31232000000006,1341.4850999999999,4.129875606936417,1.2923748554913295,4,5,3,2,3,2,6,1,1,1,17,11,28,9,65
WESTSIDE MARAUDERS,23,213,11.131326096758709,7460,6684,1728,244,941,917,172,0.2585278276481149,1322,84,32,1355,559.6840811111111,1615.7795919999999,3.8102547125567328,1.2222235945537063,6,7,7,8,9,10,5,10,8,8,37,41,78,1,66
LOUISVILLE SLUGGERS,23,165,10.807927151410055,7930,7142,1847,273,1008,976,158,0.2586110333239989,1144,70,36,1109,499.4278777777778,1411.54611,3.9290654720279723,1.2338689772727274,9,9,9,6,10,3,6,4,6,6,43,25,68,2,66
MELONHEADS,23,223,10.31000220778079,7290,6523,1664,242,920,904,167,0.25509734784608307,1303,81,27,1273,569.1312722222223,1568.7541499999998,3.931067881811205,1.2039556024558709,5,5,6,7,5,9,3,9,5,10,28,36,64,3,66
BLUE SOCKS,23,221,10.188786138580431,7456,6729,1730,226,909,895,180,0.2570961509882598,1151,77,56,1204,482.2712044444445,1414.40675,3.7710172371850565,1.2288503475238923,2,4,5,9,6,6,8,6,10,7,26,37,63,4,66
NATIONAL PASTIME,23,190,10.369541453083233,7429,6681,1724,235,906,886,155,0.25804520281395,1286,79,52,1261,543.0659211111112,1565.1713300000001,3.8006168662519446,1.2170850155520996,4,2,4,5,8,7,7,7,9,9,23,39,62,5,66
HOOSIERS,23,190,10.575302622283882,8012,7111,1787,278,1021,998,208,0.2513008015750246,1211,75,14,1090,538.0831011111111,1550.1106100000002,3.9989660693641618,1.2800252766308837,10,10,10,10,3,5,2,3,4,3,43,17,60,6,66
BIG RED MACHINE,23,151,9.682631023452483,7434,6570,1632,267,932,917,114,0.24840182648401826,1213,73,59,1143,525.8034077777777,1522.34152,3.9012618878812853,1.2550218631492167,8,6,7,1,1,4,9,5,7,5,23,30,53,7,66
ERIE LAKERS,23,168,8.185209255358886,7677,6800,1754,250,957,932,119,0.25794117647058823,927,51,63,840,427.50759888888894,1241.0970899999998,4.1505592125134845,1.3388318122977343,7,8,8,2,7,1,10,1,1,1,32,14,46,8,66
FREE BIRDS,23,188,9.10117230760242,7284,6446,1629,230,878,874,122,0.252714861929879,1269,80,30,1271,567.02692,1599.4791599999999,4.021467517730497,1.2604248699763592,3,1,3,3,4,8,4,8,3,4,14,27,41,9,66
FREE AT LAST,22,151,8.13376371237567,7270,6372,1586,226,908,852,153,0.24890144381669804,1097,62,32,1024,498.32356555555555,1423.1378000000002,4.088342835004558,1.2972997265268917,2,3,2,4,2,2,5,2,2,2,13,13,26,10,66
WESTSIDE MARAUDERS,23,213,11.140062774752352,7467,6668,1719,262,944,939,150,0.2577984403119376,1346,83,32,1324,580.7605222222222,1641.801662,3.8832427191679044,1.2197634933135215,8,6,9,5,8,10,5,9,6,9,36,39,75,1,67
LOUISVILLE SLUGGERS,23,165,10.66045621331395,7466,6730,1759,249,957,912,175,0.2613670133729569,1086,69,82,1060,458.0846433333333,1355.7891,3.796281574585635,1.248424585635359,6,8,4,7,10,5,10,3,10,6,35,34,69,2,67
NATIONAL PASTIME,23,190,10.608524571337666,7458,6687,1686,263,912,936,145,0.2521310004486317,1266,80,52,1254,534.9299888888888,1544.62958,3.8028198262243285,1.2200865560821486,9,3,8,4,4,8,7,7,9,8,28,39,67,3,67
HOOSIERS,23,190,10.26232613027435,8003,7051,1768,266,1027,967,197,0.25074457523755495,1112,69,30,1084,471.2302222222222,1402.2608699999998,3.8139136690647484,1.2610259622302158,10,10,10,10,1,5,4,4,8,4,41,25,66,4,67
MELONHEADS,23,223,10.23363833440208,7384,6594,1670,250,927,914,165,0.25326053988474373,1285,82,11,1291,554.817678888889,1551.9188,3.8858825758754865,1.2077189105058366,7,4,6,6,6,9,2,8,5,10,29,34,63,5,67
BLUE SOCKS,23,221,10.183134150435444,7442,6723,1734,221,908,891,177,0.25792057117358325,1208,78,61,1192,512.9781144444445,1494.6965600000003,3.821856812913907,1.2373315894039738,2,2,2,9,9,7,8,6,7,7,24,35,59,6,67
BIG RED MACHINE,23,151,9.777463573953742,7594,6728,1691,266,951,935,108,0.25133769322235433,1266,75,27,1170,556.3053177777778,1592.6472399999998,3.9547771406003154,1.2580151974723537,10,7,7,1,2,6,3,5,4,5,27,23,50,7,67
ERIE LAKERS,23,168,8.225942602809921,7454,6612,1703,247,935,913,118,0.2575620084694495,926,53,65,872,419.5102888888889,1197.6323,4.077313822894168,1.2933394168466523,5,5,5,2,7,4,9,2,2,2,24,19,43,8,67
FREE AT LAST,22,151,8.179235423558652,7872,6942,1747,234,966,903,176,0.25165658311725725,950,53,41,858,462.0413333333334,1249.684,4.377233684210527,1.315456842105263,4,9,3,8,3,4,6,1,1,1,27,13,40,9,67
FREE BIRDS,23,188,9.279006899746228,7396,6562,1661,231,893,887,129,0.2531240475464797,1354,83,0,1362,598.5064577777778,1712.45136,3.9782556277695713,1.2647351255539143,3,1,1,3,5,10,1,10,3,3,13,27,40,9,67
LOUISVILLE SLUGGERS,23,165,10.682088110296798,7525,6795,1766,254,951,925,149,0.259896983075791,1084,68,77,1125,453.89656222222226,1317.54072,3.76851389298893,1.2154434686346862,8,8,9,5,9,5,9,5,9,9,39,37,76,1,68
WESTSIDE MARAUDERS,23,213,10.955015671309063,7428,6627,1707,251,939,923,136,0.25758261656858306,1362,84,32,1350,583.4629699999999,1662.706062,3.855482180616739,1.220782718061674,7,7,8,4,7,9,6,10,7,7,33,39,72,2,68
HOOSIERS,23,190,10.29436052758868,8131,7197,1801,275,1031,992,197,0.2502431568709184,1091,66,46,979,467.2601877777778,1391.4553999999998,3.854575334555454,1.275394500458295,10,10,10,10,2,4,7,2,8,3,42,24,66,3,68
BLUE SOCKS,23,221,10.308455645719587,7715,6987,1794,227,930,914,181,0.2567625590382138,1005,64,107,1062,416.08794666666665,1218.6811,3.72616071641791,1.2126180099502488,1,5,6,8,6,3,10,4,10,10,26,37,63,4,68
NATIONAL PASTIME,23,190,10.450963324732543,7527,6782,1757,243,926,913,161,0.25906812149808317,1216,77,52,1215,530.3968877777777,1496.7101799999998,3.925634860197368,1.2308471874999998,4,4,5,6,8,7,8,7,5,6,27,33,60,5,68
BIG RED MACHINE,23,151,9.705448930730274,7468,6611,1664,260,937,925,126,0.25170170927242475,1256,76,27,1197,544.0495755555556,1588.46625,3.8984444108280263,1.264702428343949,9,6,9,3,4,6,4,6,6,5,31,27,58,6,68
MELONHEADS,23,223,10.35376897249546,7245,6434,1612,246,915,893,184,0.2505439850792664,1385,87,0,1342,607.3853688888889,1684.3528499999998,3.946908534296029,1.216139241877256,5,3,4,9,3,10,2,9,4,8,24,33,57,7,68
FREE BIRDS,23,188,9.198041724546133,7278,6441,1626,235,896,886,125,0.25244527247321846,1291,80,27,1267,569.2757033333334,1644.41825,3.9686145081332302,1.2737554221533693,2,1,3,2,5,8,4,8,3,4,13,27,40,8,68
FREE AT LAST,22,151,8.268192637873701,7956,6984,1738,248,976,920,165,0.2488545246277205,1025,60,2,932,475.0443822222223,1333.0894099999998,4.171121404878049,1.3005750341463413,6,9,7,7,1,1,3,1,1,1,30,7,37,9,68
ERIE LAKERS,23,168,8.136420743091376,7172,6386,1662,236,901,881,126,0.2602568117757595,1084,63,31,998,502.3049833333334,1406.0912500000002,4.170428828413284,1.2971321494464947,3,2,2,3,10,2,5,3,2,2,20,14,34,10,68
HOOSIERS,23,190,10.205456901430377,7840,6951,1754,256,997,950,215,0.25233779312329163,919,60,84,911,373.0772744444445,1123.26069,3.653640337323178,1.2222640805223068,9,10,10,10,3,1,10,2,10,8,42,31,73,1,69
BLUE SOCKS,23,221,10.495503824817364,7792,7029,1807,244,950,943,174,0.2570778204581021,1089,70,70,1093,464.83924111111116,1312.55829,3.8416466207529845,1.2052876859504131,5,7,9,8,7,4,9,5,8,10,36,36,72,2,69
WESTSIDE MARAUDERS,23,213,11.038827040854462,7418,6658,1721,247,921,920,140,0.2584860318413938,1308,84,32,1389,550.3205444444445,1581.275702,3.786609250764527,1.208926377675841,6,3,6,3,10,9,4,10,9,9,28,41,69,3,69
LOUISVILLE SLUGGERS,23,165,10.710707867067532,7653,6863,1766,268,977,943,143,0.2573218709019379,1197,72,58,1173,527.4843933333333,1506.68957,3.966048070175438,1.2587214452798663,10,9,9,4,8,6,7,7,3,5,40,28,68,4,69
NATIONAL PASTIME,23,190,10.393110709703109,7626,6855,1749,254,929,930,152,0.2551422319474836,1203,78,52,1211,523.6479822222223,1492.46582,3.9175659517871995,1.2406199667497921,8,5,8,7,5,8,6,8,5,6,33,33,66,5,69
MELONHEADS,23,223,10.3722256654323,7289,6482,1625,254,927,909,178,0.25069423017587167,1411,88,0,1337,605.7078033333335,1729.8799,3.86347996456414,1.2259956768249467,8,4,4,9,2,10,3,9,7,7,27,36,63,6,69
BIG RED MACHINE,23,151,9.763482314750268,7587,6753,1723,251,951,928,135,0.2551458610987709,1179,69,46,1088,512.5012266666666,1500.6023199999997,3.912223104325699,1.27277550466497,7,8,7,2,6,3,5,4,6,3,30,21,51,7,69
FREE BIRDS,23,188,9.150250590686987,7243,6416,1625,220,869,849,144,0.2532730673316708,1210,75,59,1211,529.9474933333333,1529.40587,3.941758214876033,1.2639717933884298,3,1,3,5,4,7,8,8,4,4,16,31,47,8,69
ERIE LAKERS,23,168,8.099318064364683,7454,6612,1703,247,935,913,118,0.2575620084694495,1182,65,0,1039,554.9863544444445,1556.5995099999996,4.225784424703892,1.316920059221658,6,6,5,1,9,2,3,3,1,1,27,10,37,9,69
FREE AT LAST,22,151,8.112182193794565,7179,6287,1570,223,906,842,148,0.24972164784475903,1225,71,0,1118,567.8126366666665,1579.0864399999998,4.17168467755102,1.2890501551020406,4,2,2,6,1,5,3,6,2,2,15,18,33,10,69
WESTSIDE MARAUDERS,23,213,11.08498938626728,7547,6720,1717,267,953,944,161,0.25550595238095236,1262,78,54,1282,542.02131,1541.793692,3.865445158478605,1.2217065705229793,10,7,8,8,7,7,7,7,7,9,40,37,77,1,70
HOOSIERS,23,190,10.218057476156178,7879,7004,1761,256,994,947,226,0.2514277555682467,1108,69,33,1037,470.43331111111115,1386.42166,3.8212092057761735,1.2512830866425992,7,10,9,10,3,4,5,3,9,5,39,26,65,2,70
MELONHEADS,23,223,10.337468835314315,7440,6624,1684,249,947,918,172,0.25422705314009664,1346,84,0,1303,575.360908888889,1644.95293,3.8471383209509664,1.2221047028231797,4,6,5,9,5,9,2,9,8,8,29,36,65,2,70
BLUE SOCKS,23,221,10.434198667172872,7628,6904,1776,228,916,915,155,0.2572421784472769,1295,81,29,1293,546.4504400000001,1580.2921399999998,3.7977250656370667,1.2203028108108107,3,3,4,6,8,8,4,8,10,10,24,40,64,3,70
NATIONAL PASTIME,23,190,10.412024729619102,7604,6828,1721,263,921,948,145,0.2520503807850029,1166,73,84,1125,508.1135077777777,1446.57332,3.9219739022298454,1.2406289193825042,9,4,10,4,4,5,10,5,5,7,31,32,63,4,70
LOUISVILLE SLUGGERS,23,165,10.528551911613372,7620,6857,1803,251,979,920,156,0.2629429779787079,1087,68,74,1064,473.85030222222224,1367.91741,3.9233235694572217,1.258433679852806,5,9,6,7,10,3,8,4,4,4,37,23,60,5,70
BIG RED MACHINE,23,151,9.646206565004011,7371,6539,1632,260,922,906,114,0.24957944639853188,1260,77,27,1226,543.8299966666666,1576.0404,3.8844999761904755,1.2508257142857144,8,5,3,2,2,6,3,6,6,6,20,27,47,6,70
ERIE LAKERS,23,168,8.340133220443155,7592,6705,1749,252,959,935,109,0.2608501118568233,983,57,36,913,461.9661711111111,1290.36698,4.229598718209562,1.3126825839267549,6,8,7,1,9,2,6,1,1,1,31,11,42,7,70
FREE BIRDS,23,188,9.052444483681432,7165,6339,1618,221,878,857,134,0.2552453068307304,1362,85,0,1340,609.8994799999999,1723.8862599999998,4.030172775330396,1.265702099853157,2,1,2,3,6,10,2,10,2,3,14,27,41,8,70
FREE AT LAST,22,151,8.15322660366842,7060,6200,1534,228,884,839,152,0.24741935483870967,992,57,76,948,442.0877066666667,1264.55972,4.010876370967742,1.2747577822580645,3,2,1,5,1,2,9,2,3,2,12,18,30,9,70
WESTSIDE MARAUDERS,23,213,11.052419981045693,7421,6638,1720,253,937,926,157,0.259114191021392,1293,80,54,1308,551.8416422222222,1604.959832,3.841125119876256,1.2412682382057232,6,8,7,6,10,9,7,10,8,8,37,42,79,1,71
LOUISVILLE SLUGGERS,23,165,10.80869440527106,7849,7044,1824,266,990,956,163,0.25894378194207834,1071,69,52,1130,453.579,1341.2395599999998,3.811588235294118,1.2523245191409895,10,9,9,7,9,4,6,4,9,6,44,29,73,2,71
BLUE SOCKS,23,221,10.498516277675687,7596,6879,1770,217,910,897,173,0.25730484081988664,1186,76,56,1247,486.571858888889,1410.77486,3.69236655143339,1.1895234907251264,1,3,3,9,7,7,8,8,10,10,23,43,66,3,71
HOOSIERS,23,190,10.357674975992849,7893,6992,1757,262,1002,969,221,0.2512871853546911,1270,73,0,1187,556.7852388888889,1595.2316500000002,3.9457221653543306,1.256087913385827,9,10,10,10,2,5,4,6,5,5,41,25,66,3,71
MELONHEADS,23,223,10.188992513312584,7279,6498,1642,252,917,908,167,0.252693136349646,1292,82,11,1282,553.746178888889,1562.4011,3.8573650232198142,1.2092887770897833,5,4,4,8,5,10,5,9,7,9,26,40,66,3,71
NATIONAL PASTIME,23,190,10.45204123704147,7650,6892,1771,254,934,934,155,0.2569645966337783,1251,78,52,1173,553.6091666666666,1553.2401399999999,3.982799760191847,1.241598832933653,7,6,8,5,6,8,6,5,4,7,32,30,62,4,71
BIG RED MACHINE,23,151,9.795815486612998,7454,6615,1668,259,934,919,116,0.25215419501133784,1219,75,54,1113,526.3196388888889,1556.3985400000001,3.885871000820345,1.2767830516817065,8,6,6,1,3,6,7,3,6,3,24,25,49,5,71
ERIE LAKERS,23,168,8.092208910692236,7454,6612,1703,247,935,913,118,0.2575620084694495,904,54,60,855,414.7751322222222,1171.34724,4.129398440265486,1.295738097345133,4,7,5,2,8,3,9,1,2,2,26,17,43,6,71
FREE BIRDS,23,188,9.029157583462009,7082,6263,1582,222,866,844,132,0.25259460322529137,1208,76,62,1216,536.6607322222221,1517.96142,3.998300157284768,1.2565905794701988,2,2,1,3,4,7,10,7,3,4,12,31,43,6,71
FREE AT LAST,22,151,8.071977438751581,7375,6450,1602,234,932,864,141,0.2483720930232558,1229,69,0,1059,576.4363611111111,1598.2697699999999,4.221258950366151,1.3004636045565499,3,5,2,4,1,4,4,2,1,1,15,12,27,7,71
WESTSIDE MARAUDERS,23,213,11.112200605312262,7754,6936,1780,255,956,952,140,0.2566320645905421,1270,79,54,1293,550.81657,1563.406022,3.903424511811023,1.2310283637795274,7,8,9,6,6,8,8,9,7,7,36,39,75,1,72
LOUISVILLE SLUGGERS,23,165,10.728228291002576,7676,6890,1806,252,1002,931,205,0.2621190130624093,1048,64,53,1098,463.3915744444445,1314.4546699999999,3.9795077958015272,1.2542506393129769,6,9,8,9,10,4,7,4,5,6,42,26,68,2,72
NATIONAL PASTIME,23,190,10.366966052730437,7447,6667,1720,240,916,882,137,0.25798710064496777,1180,76,79,1197,488.0604344444444,1433.02338,3.7224948389830503,1.214426593220339,5,5,3,4,8,7,9,6,10,9,25,41,66,3,72
BLUE SOCKS,23,221,10.163401484013836,7495,6755,1737,225,920,899,177,0.2571428571428571,1045,68,88,1108,436.3829755555555,1251.0333099999998,3.758322277511961,1.1971610622009567,1,6,4,8,7,5,10,5,9,10,26,39,65,4,72
MELONHEADS,23,223,10.19674716030154,7212,6425,1607,257,910,905,165,0.25011673151750974,1387,88,0,1320,601.20002,1692.3424100000002,3.9010816005767848,1.220145933669791,8,3,6,7,2,10,2,10,8,8,26,38,64,5,72
HOOSIERS,23,190,10.327960525940119,8122,7195,1812,267,1026,992,206,0.25184155663655317,1235,75,11,1063,548.5835211111112,1579.06882,3.99777464777328,1.2785982348178138,10,10,10,10,5,6,3,3,4,2,45,18,63,6,72
BIG RED MACHINE,23,151,9.755113403358015,7461,6623,1663,260,931,926,116,0.2510946700890835,1285,76,27,1212,565.4566066666666,1625.83007,3.9603964669260696,1.2652374085603113,9,7,7,1,3,7,4,7,6,5,27,29,56,7,72
FREE BIRDS,23,188,9.36269343063396,7379,6556,1650,238,890,900,136,0.2516778523489933,1308,81,30,1253,584.1551155555555,1665.8172600000003,4.019415932721712,1.2735605963302754,4,1,5,3,4,9,6,8,2,4,17,29,46,8,72
ERIE LAKERS,23,168,8.117855894787759,7153,6384,1662,236,897,879,126,0.26033834586466165,1101,63,29,993,499.60367,1431.6303700000003,4.083953705722071,1.3003000635785653,3,2,2,2,9,3,5,1,1,1,18,11,29,9,72
FREE AT LAST,22,151,8.209898324821143,7382,6475,1606,234,914,861,139,0.24803088803088802,1064,62,30,1033,472.6744622222223,1355.2178,3.998186240601505,1.273700939849624,2,4,1,5,1,2,6,2,3,3,13,16,29,9,72
WESTSIDE MARAUDERS,23,213,11.08740475054854,7558,6757,1749,246,943,928,144,0.25884268166346014,1336,84,32,1360,573.6866644444444,1622.679752,3.8646556736526945,1.2145806526946108,5,8,8,5,9,10,5,10,5,10,35,40,75,1,73
LOUISVILLE SLUGGERS,23,165,10.64147049755786,7543,6780,1774,257,968,931,173,0.2616519174041298,954,61,96,1003,409.06628777777786,1179.65481,3.8591159224318665,1.2365354402515722,8,9,9,8,10,3,10,2,6,6,44,27,71,2,73
MELONHEADS,23,223,10.303043563070592,7405,6591,1656,254,938,916,179,0.25125170687300863,1270,80,22,1261,541.7396588888889,1543.29545,3.8390999448818897,1.2151932677165356,6,7,5,9,4,9,4,7,8,9,31,37,68,3,73
HOOSIERS,23,190,10.249936419088066,7921,7045,1766,259,995,959,215,0.25067423704755143,1209,77,14,1069,515.8580655555555,1533.25691,3.8401344830438373,1.2682025723738628,9,10,10,10,3,7,2,3,7,3,42,22,64,4,73
NATIONAL PASTIME,23,190,10.416218884956434,7482,6735,1740,233,909,890,159,0.2583518930957684,1258,80,52,1263,533.5113544444444,1536.94632,3.816853887122416,1.221737933227345,4,2,3,7,7,9,7,8,9,8,23,41,64,4,73
BLUE SOCKS,23,221,10.163267076565104,7494,6758,1730,228,913,899,179,0.2559928973068955,1119,73,83,1117,473.28023333333334,1381.42018,3.8065434316353888,1.2345131188561216,2,3,4,9,6,6,9,4,10,7,24,36,60,5,73
BIG RED MACHINE,23,151,9.714120847459878,7427,6582,1631,267,926,918,104,0.24779702218170768,1199,72,59,1150,515.4325477777778,1500.81467,3.86896824854045,1.2517219933277732,10,5,6,2,2,5,8,6,4,5,25,28,53,6,73
FREE BIRDS,23,188,9.182831287512132,7459,6574,1682,229,917,882,112,0.2558564040158199,1281,78,19,1269,570.6738799999999,1606.7203599999998,4.009418360655737,1.254270382513661,3,4,2,3,5,8,3,9,3,4,17,27,44,7,73
ERIE LAKERS,23,168,8.22205456672999,7389,6557,1697,256,934,927,119,0.2588073814244319,1017,56,36,921,476.3519444444445,1337.4769199999998,4.215503933136677,1.3151198820058996,7,6,7,4,8,2,6,1,1,1,32,11,43,8,73
FREE AT LAST,22,151,8.091095288709525,7235,6377,1578,233,902,862,151,0.24745177983377764,1218,68,0,1118,564.4124977777778,1580.53914,4.170535697865353,1.29765118226601,4,1,1,6,1,4,1,5,2,2,13,14,27,9,73
WESTSIDE MARAUDERS,23,213,11.111634709543615,7547,6741,1736,253,955,934,164,0.25752855659397716,1270,80,59,1272,541.6514066666666,1549.979302,3.8384745354330705,1.2204561433070866,7,9,9,7,8,9,9,10,7,9,40,44,84,1,74
MELONHEADS,23,223,10.33371271969903,7471,6656,1687,245,943,909,179,0.25345552884615385,1300,82,14,1244,554.4329122222223,1561.7034800000001,3.8383817000000007,1.2013103692307694,6,7,5,9,4,10,3,8,8,10,31,39,70,2,74
BLUE SOCKS,23,221,10.41632166347339,7526,6783,1736,239,919,917,161,0.25593395252837975,1252,79,51,1221,520.0506877777779,1546.88224,3.7383835383386588,1.235528945686901,4,5,6,6,7,8,7,6,10,7,28,38,66,3,74
LOUISVILLE SLUGGERS,23,165,10.510490846843842,7415,6684,1774,238,951,899,166,0.265409934171155,1156,72,55,1138,490.44631,1443.92308,3.818353624567474,1.2490684083044983,3,8,3,8,10,5,8,5,9,6,32,33,65,4,74
HOOSIERS,23,190,10.25136023073458,8075,7190,1803,264,1003,976,215,0.25076495132127957,1129,69,27,1031,485.2300844444445,1429.8232600000001,3.8680874756421617,1.2664510717449071,9,10,10,10,3,4,5,3,6,4,42,22,64,5,74
NATIONAL PASTIME,23,190,10.336141382797738,7426,6677,1693,256,911,921,160,0.25355698667066046,1127,72,84,1137,492.01546888888885,1384.4246699999999,3.9291386157941437,1.2284158562555456,8,2,8,5,5,5,10,4,4,8,28,31,59,6,74
BIG RED MACHINE,23,151,9.661129447470564,7427,6582,1631,267,926,918,104,0.24779702218170768,1281,78,27,1236,554.0516688888889,1622.91791,3.8926346760343487,1.2669148399687744,10,6,7,1,2,7,5,7,5,3,26,27,53,7,74
FREE BIRDS,23,188,9.02390537031192,7249,6411,1636,223,882,866,127,0.25518639837778817,1254,77,27,1265,561.9867344444444,1566.4813400000003,4.033397615629984,1.249187671451356,1,1,2,3,6,6,5,9,3,5,13,28,41,8,74
ERIE LAKERS,23,168,8.207536421363146,7262,6454,1690,240,914,901,115,0.2618531143476914,1070,61,20,1001,502.12018111111115,1405.3943199999999,4.223440775700936,1.3134526355140186,5,3,4,2,9,3,4,2,1,1,23,11,34,9,74
FREE AT LAST,22,151,8.130453154240147,7298,6376,1575,234,917,854,144,0.24702007528230865,1022,59,49,986,472.0276800000001,1311.2749099999999,4.156799530332681,1.283047857142857,2,4,1,4,1,2,6,1,2,2,12,13,25,10,74
WESTSIDE MARAUDERS,23,213,10.994623310935841,7442,6630,1713,252,945,926,147,0.2583710407239819,1355,84,32,1365,582.9697955555556,1658.516492,3.872124103321034,1.2239974110701106,6,7,8,6,8,10,6,10,5,9,35,40,75,1,75
LOUISVILLE SLUGGERS,23,165,10.754385988124767,7613,6839,1783,253,974,921,172,0.2607106302090949,1077,68,64,1133,457.15772555555554,1324.49199,3.820259545032498,1.2297975766016713,7,9,5,9,10,4,9,5,8,7,40,33,73,2,75
HOOSIERS,23,190,10.28174352018813,7975,7063,1768,269,1007,986,209,0.25031856151776866,1074,70,22,1058,449.3721511111111,1319.3970499999998,3.7656884171322162,1.228488873370577,10,10,10,10,2,6,4,3,9,8,42,30,72,3,75
MELONHEADS,23,223,10.282233936127835,7401,6587,1652,255,937,919,161,0.2507970244420829,1301,81,19,1272,553.9574211111112,1576.57359,3.8321420368946972,1.2118167486548808,8,6,4,8,3,9,3,8,7,10,29,37,66,4,75
NATIONAL PASTIME,23,190,10.420704377075108,7573,6802,1739,255,928,925,144,0.2556600999705969,1226,79,52,1226,524.6730544444445,1534.01963,3.851596647634584,1.251239502446982,8,4,7,5,5,8,8,7,6,4,29,33,62,5,75
BLUE SOCKS,23,221,10.25883821928655,7638,6915,1771,237,923,924,161,0.2561099060014461,1020,67,110,1033,423.76066333333335,1255.15229,3.7390646764705884,1.2305414607843137,4,3,6,8,7,3,10,2,10,6,28,31,59,6,75
BIG RED MACHINE,23,151,9.809182572976324,7622,6788,1716,258,947,936,130,0.2527990571596936,1249,74,27,1162,551.3795544444445,1590.2887199999998,3.97311128102482,1.2732495756605282,9,8,9,3,4,7,5,6,3,3,33,24,57,7,75
FREE BIRDS,23,188,9.273241300235863,7299,6466,1655,213,882,852,141,0.255954222084751,1316,79,27,1291,571.45858,1632.21215,3.9081513829787236,1.2402827887537995,2,1,2,4,6,8,5,9,4,5,15,31,46,8,75
FREE AT LAST,22,151,8.194055373382303,7424,6509,1604,243,932,875,157,0.24642802273774772,1249,69,0,1079,606.0649222222223,1631.0299899999998,4.367161168935149,1.3058686869495595,5,5,3,7,1,5,2,4,1,2,21,14,35,9,75
ERIE LAKERS,23,168,8.106071757786843,7185,6397,1661,233,896,875,120,0.25965296232609036,1056,61,48,951,489.5310822222223,1390.14221,4.172139905303031,1.3164225473484847,3,2,3,2,9,2,7,1,2,1,19,13,32,10,75
WESTSIDE MARAUDERS,23,213,11.181421145366702,7477,6650,1703,267,959,942,174,0.25609022556390976,1275,78,54,1297,560.0813111111111,1579.193142,3.9535151372549016,1.2385828564705883,9,8,8,6,7,9,8,9,4,6,38,36,74,1,76
LOUISVILLE SLUGGERS,23,165,10.782463959266474,7739,6975,1816,257,986,946,175,0.2603584229390681,1204,74,36,1124,517.6321833333334,1491.1550700000003,3.8693435631229236,1.2385008887043192,6,9,9,7,10,6,6,4,6,7,41,29,70,2,76
NATIONAL PASTIME,23,190,10.558474658616971,7510,6733,1686,269,913,942,135,0.2504084360611912,1185,75,79,1179,495.7561311111111,1439.99461,3.765236438818565,1.2151853248945148,10,2,8,4,1,7,10,7,10,10,25,44,69,3,76
HOOSIERS,23,190,10.230805066763835,7856,6958,1749,261,1001,957,214,0.2513653348663409,1123,68,33,1063,481.9316455555556,1389.86071,3.862319510240428,1.2376319768477293,8,10,10,10,3,4,4,3,7,8,41,26,67,4,76
MELONHEADS,23,223,10.310365520441971,7311,6497,1630,255,933,912,178,0.2508850238571648,1364,84,0,1336,579.5946266666667,1671.76947,3.8243047214076253,1.2256374413489737,5,5,6,8,2,10,1,10,9,9,26,39,65,5,76
BLUE SOCKS,23,221,10.250799766229685,7603,6855,1759,229,926,907,181,0.2566010211524435,1174,77,61,1174,502.81222888888885,1464.90877,3.8546082282793863,1.2477928194207837,3,4,5,9,8,8,9,5,8,4,29,34,63,6,76
BIG RED MACHINE,23,151,9.7774930042676509,7538,6685,1692,259,947,923,118,0.2531039640987285,1257,75,27,1177,550.7603188888888,1587.7531199999999,3.943391304693715,1.2631289737470166,7,6,7,3,4,7,2,6,5,3,27,23,50,7,76
FREE BIRDS,23,188,9.16681400257378,7375,6565,1675,227,882,885,115,0.25514089870525514,1210,73,46,1227,538.6545966666666,1508.9731199999999,4.006521793388429,1.2470852231404959,2,1,2,2,6,5,7,8,3,5,13,28,41,8,76
ERIE LAKERS,23,168,8.181652500407651,7381,6539,1688,239,922,895,114,0.2581434470102462,1047,63,35,968,484.0289277777778,1380.86187,4.16070711556829,1.3188747564469914,4,3,4,1,9,3,5,2,1,1,21,12,33,9,76
FREE AT LAST,22,151,8.109501050649666,7746,6840,1740,226,951,888,136,0.2543859649122807,960,58,30,922,437.9125977777778,1229.0415899999998,4.105430604166667,1.2802516562499997,1,7,3,5,5,2,3,1,2,2,21,10,31,10,76
WESTSIDE MARAUDERS,23,213,11.098827238083802,7582,6761,1730,256,955,940,157,0.2558793077947049,1199,74,81,1241,515.9796533333333,1461.132302,3.873074962468724,1.2186257731442869,7,8,8,7,5,8,10,8,8,9,35,43,78,1,77
HOOSIERS,23,190,10.397668933493787,7837,6951,1733,269,986,969,198,0.24931664508703782,1144,72,31,1077,457.2781455555556,1384.03812,3.597467928321679,1.2098235314685315,10,9,10,10,2,7,5,3,10,10,41,35,76,2,77
LOUISVILLE SLUGGERS,23,165,10.804081969179805,7800,6983,1826,260,1004,942,179,0.2614921953315194,1126,70,47,1100,489.9702066666666,1431.08047,3.9162805150976907,1.2709418028419184,9,10,9,9,10,6,7,4,7,3,47,27,74,3,77
NATIONAL PASTIME,23,190,10.474260215125446,7671,6893,1764,255,936,935,145,0.2559117945742057,1229,78,52,1203,536.4313777777777,1509.88769,3.928301383238405,1.228549788445891,6,5,7,6,6,9,8,7,6,7,30,37,67,4,77
BLUE SOCKS,23,221,10.366482422688813,7634,6897,1767,228,926,910,179,0.256198347107438,1092,72,80,1145,450.2343466666666,1331.94631,3.710722637362637,1.2197310531135532,3,4,4,9,7,7,9,5,9,8,27,38,65,5,77
MELONHEADS,23,223,10.313525395946394,7283,6478,1628,259,926,919,165,0.2513121333744983,1379,86,0,1334,602.1178655555557,1706.80557,3.9297032559825973,1.2377125235678028,8,4,5,8,3,10,2,10,5,6,28,33,61,6,77
BIG RED MACHINE,23,151,9.820199836195842,7545,6690,1694,260,953,929,135,0.2532137518684604,1241,74,27,1185,546.6689333333334,1563.3046799999997,3.964561160354553,1.2597136825141013,9,7,6,5,4,8,3,6,3,5,31,25,56,7,77
FREE BIRDS,23,188,9.235039800872205,7323,6498,1668,222,893,875,135,0.2566943674976916,1263,78,27,1261,556.3087122222222,1593.54817,3.9641950989707047,1.2617166825019794,2,2,2,5,8,9,3,9,4,4,19,29,48,8,77
ERIE LAKERS,23,168,8.115675598842687,7185,6397,1661,233,896,875,120,0.25965296232609036,1039,60,38,968,467.6425211111112,1336.3674700000001,4.050801434071223,1.2862054571703563,4,3,2,3,9,4,6,1,2,2,21,15,36,9,77
FREE AT LAST,22,151,8.22447907882054,7634,6714,1656,245,937,894,127,0.24664879356568364,1149,65,30,1017,551.3813722222222,1504.69373,4.318914142732811,1.3095680852915579,5,6,3,4,1,5,4,2,1,1,19,13,32,10,77
LOUISVILLE SLUGGERS,23,165,10.751615354152179,7823,7014,1824,265,1006,942,183,0.2600513259195894,1112,68,47,1100,487.91688,1396.07224,3.9489675539568343,1.2554606474820142,10,10,10,9,9,4,6,5,5,5,48,25,73,1,78
WESTSIDE MARAUDERS,23,213,10.939021142031745,7533,6714,1700,260,943,937,154,0.2532022639261245,1373,85,32,1353,597.4256522222222,1683.0170719999999,3.9161186234522942,1.225795391114348,9,7,8,5,5,10,5,10,6,8,34,39,73,1,78
MELONHEADS,23,223,10.290232041655406,7332,6513,1640,257,929,913,163,0.25180408413941346,1229,80,14,1277,509.5801400000001,1472.26532,3.7316690480065104,1.1979376078112287,8,6,6,7,4,8,2,8,9,10,31,37,68,2,78
NATIONAL PASTIME,23,190,10.54278278451936,7709,6933,1814,246,950,939,157,0.26164719457666236,1117,70,79,1093,493.4319011111111,1389.9678,3.975727045658012,1.2443758281110116,6,8,9,6,10,5,10,3,4,7,39,29,68,2,78
BLUE SOCKS,23,221,10.450718168328157,7494,6758,1730,228,913,899,179,0.2559928973068955,1255,78,56,1222,519.0302822222222,1520.12091,3.722129513944223,1.211251721115538,3,3,4,8,6,7,8,7,10,9,24,41,65,3,78
HOOSIERS,23,190,10.278310619127943,7687,6804,1702,250,976,933,217,0.2501469723691946,1228,77,22,1165,530.73684,1548.97448,3.8897651140065146,1.2613798697068404,7,9,7,10,2,6,3,6,7,3,35,25,60,4,78
BIG RED MACHINE,23,151,9.758918860922623,7346,6544,1645,250,916,900,132,0.2513753056234719,1122,68,78,1098,479.4487611111111,1398.1232199999997,3.845845677361854,1.2460991265597146,7,4,5,4,3,4,9,4,8,6,23,31,54,5,78
FREE BIRDS,23,188,9.16628327754141,7421,6600,1699,226,901,891,108,0.25742424242424244,1343,82,0,1320,602.5215055555556,1692.5499,4.037746500372301,1.2602754281459418,2,2,2,1,7,9,1,9,3,4,14,26,40,6,78
ERIE LAKERS,23,168,8.029010266454232,7277,6472,1676,241,913,895,124,0.2589616810877627,1062,62,24,949,479.69712888888887,1377.5930299999998,4.0652299058380414,1.2971685781544253,4,3,3,2,8,3,4,1,2,2,20,12,32,7,78
FREE AT LAST,22,151,8.16818784138651,7550,6644,1632,245,924,890,125,0.2456351595424443,1082,62,49,993,510.5358588888889,1433.14014,4.246601414048059,1.3245287800369685,5,5,1,3,1,3,7,2,1,1,15,14,29,8,78
WESTSIDE MARAUDERS,23,213,11.135585369749448,7729,6896,1773,260,965,953,137,0.25710556844547566,1257,81,46,1306,532.8194022222222,1530.831682,3.814936054097056,1.2178454112967383,9,8,10,5,7,9,5,9,9,10,39,42,81,1,79
LOUISVILLE SLUGGERS,23,165,10.668527546199059,7515,6792,1771,252,974,931,185,0.26074793875147234,1028,65,83,1030,442.7048955555556,1280.9246,3.875821070038911,1.2460356031128406,7,9,9,9,10,3,10,2,8,6,44,29,73,2,79
MELONHEADS,23,223,10.29047214204747,7587,6750,1713,252,964,930,173,0.25377777777777777,1287,79,22,1208,563.5147066666667,1577.3192600000002,3.940662284382285,1.2255782905982908,7,7,8,7,5,8,4,7,4,9,34,32,66,3,79
NATIONAL PASTIME,23,190,10.444265100882332,7667,6897,1774,249,936,931,154,0.2572132811367261,1175,76,52,1205,510.6809911111111,1441.5957399999998,3.911599080851064,1.2268899914893614,5,6,9,6,8,6,7,6,6,7,34,32,66,3,79
BLUE SOCKS,23,221,10.433686177541999,7509,6761,1733,230,921,903,180,0.2563230291377015,1247,77,48,1248,513.7412333333334,1529.0069499999997,3.70783568564555,1.2261483159582998,4,3,5,8,6,7,6,8,10,8,26,39,65,4,79
HOOSIERS,23,190,10.268572997791924,7879,7000,1765,256,993,953,222,0.25214285714285717,1205,74,19,1086,526.8968422222222,1537.8467899999996,3.935329112033195,1.2762214024896261,8,10,10,10,3,5,3,4,5,3,41,20,61,5,79
BIG RED MACHINE,23,151,9.674657005462826,7500,6675,1664,265,929,921,115,0.2492883895131086,1201,73,54,1116,521.72585,1522.58387,3.909685803497086,1.2677634221482097,10,5,7,1,2,4,8,5,7,4,25,28,53,6,79
FREE BIRDS,23,188,9.08177426638547,7284,6446,1629,230,878,874,122,0.252714861929879,1393,85,0,1344,627.9790311111111,1756.09596,4.057294529791816,1.2606575448671933,4,2,4,3,4,10,1,10,3,5,17,29,46,7,79
ERIE LAKERS,23,168,8.29031022071633,7284,6471,1683,251,922,913,121,0.26008344923504867,1043,60,18,984,472.47757222222225,1339.4837400000004,4.076987679769895,1.284260536912752,6,4,6,2,9,1,2,1,2,2,27,8,35,8,79
FREE AT LAST,22,151,7.919221404051846,7057,6157,1522,221,875,818,131,0.24719831086568134,1087,62,59,1043,497.7844255555555,1396.1355199999998,4.1214901839926394,1.284393302667893,3,1,3,4,1,2,9,3,1,1,12,16,28,9,79
WESTSIDE MARAUDERS,23,213,10.974094032326285,7456,6652,1710,257,942,935,136,0.25706554419723393,1384,87,32,1339,599.0824566666666,1688.896552,3.8957674205202313,1.2203009768786126,8,6,7,6,7,10,6,10,5,8,34,39,73,1,80
MELONHEADS,23,223,10.383711745636358,7374,6559,1650,254,939,921,176,0.25156273822228997,1183,77,41,1208,489.4495355555556,1424.0779,3.7236228402366867,1.2037852071005917,7,5,5,9,4,7,7,6,10,10,30,40,70,2,80
LOUISVILLE SLUGGERS,23,165,10.808367690359514,8029,7237,1869,275,1020,991,171,0.25825618350145085,1081,64,52,1060,486.15800888888896,1363.09848,4.047568991674376,1.260960666049954,9,10,10,8,9,3,8,2,3,4,46,20,66,3,80
HOOSIERS,23,190,10.396999400619997,7828,6922,1720,279,996,979,209,0.24848309737070212,1167,73,25,1104,502.67254555555564,1470.62623,3.876652022279349,1.2601767180805485,10,9,9,10,1,6,3,5,7,5,39,26,65,4,80
NATIONAL PASTIME,23,190,10.336070575923586,7443,6689,1725,233,905,881,134,0.2578860816265511,1290,81,52,1264,547.3441833333333,1572.2063100000003,3.818680348837209,1.218764581395349,3,3,3,4,8,9,8,8,9,9,21,43,64,5,80
BLUE SOCKS,23,221,10.497921039472553,7754,6981,1789,244,951,938,176,0.2562670104569546,1284,81,29,1232,553.9156844444444,1623.56427,3.8825865732087226,1.2644581542056075,4,7,8,9,5,9,4,7,6,3,33,29,62,6,80
BIG RED MACHINE,23,151,9.718425464463122,7423,6586,1655,253,926,904,135,0.2512906164591558,1122,68,78,1098,479.4487611111111,1398.1232199999997,3.845845677361854,1.2460991265597146,6,4,4,5,3,5,10,4,8,7,22,34,56,7,80
FREE BIRDS,23,188,9.155868996429744,7277,6441,1652,217,881,861,132,0.2564819127464679,1261,79,30,1276,565.1788822222222,1582.9611300000001,4.033790594766059,1.2553220697858842,2,1,1,3,6,8,5,9,4,6,13,32,45,8,80
FREE AT LAST,22,151,8.277338049760642,7928,6984,1742,246,978,924,153,0.24942726231386025,876,48,60,794,406.20743111111113,1127.24521,4.173364018264841,1.286809600456621,5,8,6,7,2,2,9,1,1,2,28,15,43,9,80
ERIE LAKERS,23,168,8.169001804883449,7185,6397,1661,233,896,875,120,0.25965296232609036,1151,67,2,1092,519.707078888889,1492.71217,4.063739105125978,1.296882858384014,3,2,2,2,10,4,2,3,2,1,19,12,31,10,80
WESTSIDE MARAUDERS,23,213,11.081546532326946,7652,6796,1738,266,970,947,141,0.2557386698057681,1279,80,54,1272,550.9289577777777,1568.411842,3.87674794370602,1.2262797826426897,9,8,9,6,5,8,6,9,6,8,37,37,74,1,81
MELONHEADS,23,223,10.40516530433009,7331,6522,1625,257,925,911,187,0.24915670039865073,1354,86,0,1330,576.2197933333334,1654.98583,3.8301167946824233,1.2222938183161005,7,6,5,9,3,10,1,10,10,10,30,41,71,2,81
LOUISVILLE SLUGGERS,23,165,10.757179061914876,7707,6951,1812,268,980,966,169,0.26068191627104015,1104,67,55,1104,495.3725922222223,1396.8630699999999,4.038363523550726,1.2652745199275361,10,9,10,7,10,4,7,4,2,4,46,21,67,3,81
BLUE SOCKS,23,221,10.210480090714286,7578,6831,1773,224,932,912,179,0.2595520421607378,1158,73,56,1173,503.60170000000005,1425.5888400000001,3.914002849740933,1.231078445595855,3,7,6,8,9,6,8,6,5,7,33,32,65,4,81
NATIONAL PASTIME,23,190,10.393275456539751,7596,6807,1751,240,922,900,141,0.25723519905979136,1308,82,52,1238,561.5037733333334,1601.18982,3.863558073394496,1.22415123853211,4,5,4,6,6,9,5,7,9,9,25,39,64,5,81
HOOSIERS,23,190,10.21270860466073,7781,6904,1737,249,982,925,217,0.2515932792584009,1246,77,11,1173,535.1373411111111,1586.56352,3.8653580016051365,1.2733254574638844,6,10,8,10,4,7,2,6,8,2,38,25,63,6,81
BIG RED MACHINE,23,151,9.701919565712847,7378,6547,1627,261,919,913,114,0.24851076829082022,1199,72,59,1150,515.4325477777778,1500.81467,3.86896824854045,1.2517219933277732,8,4,7,2,2,5,10,5,7,6,23,33,56,7,81
FREE BIRDS,23,188,9.213146003951438,7316,6500,1677,220,904,876,139,0.258,1259,77,19,1260,555.0278099999999,1579.35442,3.9676332724384427,1.2544514853057982,2,1,1,5,7,7,3,8,4,5,16,27,43,8,81
FREE AT LAST,22,151,8.214919600588297,7445,6577,1630,240,914,884,129,0.24783335867416756,977,58,57,935,436.1798388888889,1239.1150999999998,4.018033316274309,1.2682856704196517,4,3,2,4,1,3,9,3,3,3,14,21,35,9,81
ERIE LAKERS,23,168,8.04610589608668,7258,6459,1669,242,912,894,127,0.2583991329927233,977,57,50,896,444.6087800000001,1269.9173999999998,4.095679651995907,1.2998131013306038,5,2,3,3,8,2,4,2,1,1,21,10,31,10,81
WESTSIDE MARAUDERS,23,213,11.011785254426186,7407,6632,1724,248,936,922,154,0.25995174909529556,1296,80,54,1316,556.0787255555555,1602.544672,3.861657816358024,1.2365313827160493,6,6,7,6,10,8,9,10,8,7,35,42,77,1,82
LOUISVILLE SLUGGERS,23,165,10.742366843830148,7632,6864,1780,255,981,937,183,0.25932400932400934,1201,74,36,1177,530.6097044444444,1501.50444,3.97625923397169,1.2502118567860117,9,9,9,8,9,5,7,6,3,5,44,26,70,2,82
NATIONAL PASTIME,23,190,10.44115566954892,7615,6850,1765,251,930,926,145,0.2576642335766423,1229,78,52,1203,536.4313777777777,1509.88769,3.928301383238405,1.228549788445891,7,4,8,5,8,7,8,7,6,8,32,36,68,3,82
BLUE SOCKS,23,221,10.38829081137186,7635,6870,1753,229,934,908,201,0.2551673944687045,1080,69,78,1125,450.43526,1294.91024,3.753627166666667,1.198990962962963,3,5,5,9,6,4,10,5,10,10,28,39,67,4,82
MELONHEADS,23,223,10.324816234913229,7241,6433,1619,253,918,900,165,0.25167107103995023,1283,83,30,1269,546.8400966666667,1569.5515700000003,3.835978854247857,1.2233449493374906,8,2,3,7,3,10,4,8,9,9,23,40,63,5,82
HOOSIERS,23,190,10.345458798145955,7990,7106,1777,270,1002,991,208,0.25007036307345903,1213,75,16,1107,531.5898266666667,1553.3119299999998,3.9441949216817807,1.2805539406430337,10,10,10,10,2,6,2,3,4,2,42,17,59,6,82
BIG RED MACHINE,23,151,9.800331447008721,7482,6652,1684,253,940,921,134,0.25315694527961513,1171,69,54,1116,512.9241688888889,1474.9225199999998,3.9422011272416735,1.2595410076857385,8,7,6,4,4,4,9,4,5,4,29,26,55,7,82
FREE BIRDS,23,188,9.363236199691054,7379,6527,1664,235,891,878,98,0.2549410142485062,1319,81,27,1313,572.7847677777778,1635.86854,3.90831153146323,1.2402339196360879,4,1,1,1,5,9,3,9,7,6,12,34,46,8,82
ERIE LAKERS,23,168,8.09051120582853,7391,6550,1683,248,929,904,120,0.25694656488549616,983,59,31,922,435.49501777777783,1248.8368800000003,3.987238209562564,1.2704342624618519,6,3,4,2,7,2,5,1,2,3,22,13,35,9,82
FREE AT LAST,22,151,8.228701221254687,7620,6703,1660,245,943,893,132,0.24765030583320902,1086,61,35,983,500.8241888888889,1431.46603,4.150476703499079,1.3181086832412523,5,8,2,3,1,3,6,2,1,1,19,13,32,10,82
LOUISVILLE SLUGGERS,23,165,10.652902186004818,7718,6943,1794,262,986,946,173,0.25838974506697393,1125,73,36,1134,479.4915355555555,1407.92587,3.8359322844444446,1.2514896622222222,9,9,8,9,9,6,6,5,8,5,44,30,74,1,83
WESTSIDE MARAUDERS,23,213,10.973786363183342,7498,6673,1712,256,951,935,147,0.2565562715420351,1336,83,32,1361,575.3961922222222,1634.430482,3.8761719535928147,1.223376109281437,7,8,7,5,6,8,5,10,6,7,33,36,69,2,83
NATIONAL PASTIME,23,190,10.427189207337069,7639,6858,1772,241,939,902,155,0.2583843686205891,1192,75,63,1181,505.5386477777777,1449.95568,3.8169864345637583,1.2164057718120806,5,6,4,6,8,7,8,7,9,8,29,39,68,3,83
BLUE SOCKS,23,221,10.278684799946387,7866,7130,1834,235,946,947,172,0.2572230014025245,932,60,114,966,387.4659244444445,1126.9082,3.74162373390558,1.2091289699570815,3,7,9,8,7,2,10,2,10,9,34,33,67,4,83
MELONHEADS,23,223,10.250575943211667,7300,6496,1632,254,927,906,164,0.2512315270935961,1382,86,0,1321,596.9340900000001,1669.9285399999999,3.887414479015919,1.2083419247467437,6,5,5,7,4,10,4,8,5,10,27,37,64,5,83
HOOSIERS,23,190,10.50739460494363,8012,7100,1780,279,1024,999,211,0.2507042253521127,1141,71,32,1010,497.6579177777778,1463.22018,3.925434934268186,1.282401560035057,10,10,10,10,3,4,5,3,4,3,43,19,62,6,83
BIG RED MACHINE,23,151,9.7519506706184,7465,6633,1658,259,927,910,115,0.2499623096638022,1122,68,78,1098,479.4487611111111,1398.1232199999997,3.845845677361854,1.2460991265597146,8,5,6,1,2,3,9,4,7,6,22,29,51,7,83
FREE BIRDS,23,188,9.210750759711024,7270,6442,1651,219,882,873,139,0.25628686743247436,1380,85,0,1342,616.8928044444444,1742.15068,4.023213942028986,1.2624280289855072,1,2,2,3,5,9,4,9,3,4,13,29,42,8,83
ERIE LAKERS,23,168,8.116281804266901,7172,6386,1662,236,901,881,126,0.2602568117757595,997,56,58,938,461.32835555555556,1296.0956600000002,4.164448545636911,1.2999956469408227,4,4,3,2,10,1,7,1,1,2,23,12,35,9,83
FREE AT LAST,22,151,8.202094835304413,7200,6322,1568,230,889,844,146,0.24802277760202468,1254,72,0,1180,573.8589055555556,1634.0660000000003,4.118604585326954,1.3030829346092505,2,3,1,4,1,5,4,6,2,1,11,18,29,10,83
WESTSIDE MARAUDERS,23,213,10.990175937226699,7442,6630,1713,252,945,926,147,0.2583710407239819,1291,82,43,1331,552.4657822222222,1566.918862,3.8514268319132454,1.2137249124709528,7,7,8,4,7,9,6,10,7,10,33,42,75,1,84
MELONHEADS,23,223,10.334325271561143,7478,6653,1684,251,951,922,171,0.2531188937321509,1309,83,14,1243,553.4484766666667,1599.14331,3.805222528647823,1.2216526432391137,6,8,6,8,4,10,2,8,9,9,32,38,70,2,84
BLUE SOCKS,23,221,10.501187424024446,7638,6915,1771,237,923,924,161,0.2561099060014461,1308,82,29,1303,551.1035511111112,1607.9847699999998,3.7919969113149854,1.2293461544342505,4,4,7,6,6,9,4,9,10,8,27,40,67,3,84
LOUISVILLE SLUGGERS,23,165,10.7273236183921,7909,7076,1843,264,1018,947,181,0.2604578858111928,1140,69,38,1132,519.9735022222222,1451.9505299999998,4.105053964912281,1.2736408157894736,9,10,9,9,9,5,5,4,1,3,46,18,64,4,84
NATIONAL PASTIME,23,190,10.433854354298115,7612,6849,1777,243,940,920,165,0.25945393488100454,1208,77,52,1171,529.8181944444444,1494.43131,3.947320985099337,1.2371120115894039,5,6,5,7,8,8,7,6,5,7,31,33,64,4,84
HOOSIERS,23,190,10.297360021048814,7935,7066,1773,259,993,965,220,0.25091989810359466,1188,73,38,1046,512.4745222222222,1538.59896,3.882382744107743,1.2951169696969698,8,9,10,10,3,7,5,2,6,1,40,21,61,5,84
BIG RED MACHINE,23,151,9.730993496559865,7427,6582,1631,267,926,918,104,0.24779702218170768,1169,72,59,1158,499.20155,1460.1890899999999,3.8432967921300256,1.24909246364414,10,5,4,2,2,6,10,5,8,5,23,34,57,6,84
FREE BIRDS,23,188,9.146892685175507,7347,6508,1649,229,884,883,120,0.25338045482483096,1200,73,54,1205,536.9970366666666,1496.76794,4.0274777749999995,1.2473066166666666,2,1,3,3,5,7,8,7,4,6,14,32,46,7,84
ERIE LAKERS,23,168,8.038706871645687,7261,6459,1683,233,901,882,120,0.26056665118439387,948,55,55,891,428.8969077777778,1224.8950399999999,4.071806086497891,1.2920833755274261,3,3,2,3,10,3,9,1,3,2,21,18,39,8,84
FREE AT LAST,22,151,8.174260676187192,7123,6258,1538,233,890,852,153,0.24576542026206455,1162,66,19,1090,525.9454266666667,1470.9442999999999,4.073587641996558,1.265872891566265,3,2,1,5,1,4,3,3,2,4,12,16,28,9,84
WESTSIDE MARAUDERS,23,213,10.909902250407203,7358,6526,1669,259,938,918,144,0.2557462457860864,1380,87,32,1359,591.7657777777778,1676.9375920000002,3.859342028985507,1.2151721681159422,9,6,6,5,6,10,5,10,8,9,32,42,74,1,85
BLUE SOCKS,23,221,10.52286286920084,7845,7061,1810,248,962,951,174,0.25633762923098713,1174,75,43,1163,500.4125622222223,1453.10331,3.836212146507666,1.2377370613287904,5,8,9,8,8,7,6,5,9,7,38,34,72,2,85
HOOSIERS,23,190,10.383819575487097,7933,7042,1766,267,1000,983,208,0.2507810281170122,1071,65,50,1058,459.6446988888889,1341.6725900000001,3.862560494864613,1.2527288422035483,10,10,10,10,2,4,8,3,7,5,42,27,69,3,85
NATIONAL PASTIME,23,190,10.559021542409157,7681,6875,1751,251,933,910,132,0.2546909090909091,1186,75,84,1193,498.3976433333333,1433.9468000000002,3.7821069055649237,1.2090613827993255,6,4,4,3,5,7,10,7,10,10,22,44,66,4,85
LOUISVILLE SLUGGERS,23,165,10.673853162086353,7589,6825,1766,253,979,930,188,0.25875457875457875,1178,69,63,1086,527.4406022222222,1510.4408600000002,4.029682020373514,1.2822078607809848,7,9,8,9,9,5,9,4,2,2,42,22,64,5,85
MELONHEADS,23,223,10.262757445385546,7419,6627,1698,245,936,916,158,0.25622453598913536,1338,84,0,1311,574.720458888889,1642.0221900000001,3.8658326831091188,1.2272213677130046,4,5,5,7,7,9,1,9,6,8,28,33,61,6,85
BIG RED MACHINE,23,151,9.816524028094234,7482,6652,1684,256,938,924,124,0.25315694527961513,1267,76,27,1176,552.5960766666666,1596.7063099999998,3.925307569060773,1.2602259747434883,8,6,7,2,4,8,3,6,5,4,27,26,53,7,85
FREE BIRDS,23,188,9.357366086662132,7414,6582,1663,231,887,882,143,0.25265876633242174,1206,74,46,1221,532.2776766666666,1504.9087399999999,3.972221467661691,1.24785135986733,1,2,1,4,3,6,7,8,4,6,11,31,42,8,85
ERIE LAKERS,23,168,8.039554038405235,7258,6470,1676,241,909,893,124,0.2590417310664606,995,60,26,959,442.7833677777778,1273.49328,4.005075688442211,1.279892743718593,3,3,2,2,10,3,2,2,3,3,20,13,33,9,85
FREE AT LAST,22,151,8.192137801737456,7718,6788,1690,240,952,902,147,0.24896876841484974,1004,60,30,941,469.1257033333334,1310.2797999999998,4.205310089641435,1.3050595617529879,2,7,3,6,1,3,4,1,1,1,19,10,29,10,85
MELONHEADS,23,223,10.329100615737262,7304,6485,1628,256,935,913,179,0.2510408635312259,1233,78,33,1245,526.8475500000001,1488.37012,3.8456025547445263,1.2071128304947283,9,6,5,9,3,8,7,8,9,10,32,42,74,1,86
WESTSIDE MARAUDERS,23,213,11.085484451352615,7558,6794,1753,249,930,932,146,0.25802178392699443,1354,85,32,1358,584.7543888888888,1653.5815019999998,3.8868460118168384,1.2212566484490397,6,4,9,5,8,10,6,10,6,8,32,40,72,2,86
LOUISVILLE SLUGGERS,23,165,10.542487711018637,7653,6923,1840,245,980,927,175,0.26578073089701,1009,61,74,1024,432.3421522222223,1251.08532,3.856372021803767,1.239925986124876,4,10,7,7,10,4,8,3,8,7,38,30,68,3,86
BLUE SOCKS,23,221,10.409077071586752,7785,7027,1806,240,961,946,178,0.25700868080261846,1249,79,29,1204,539.0647522222223,1587.57708,3.884373714971978,1.2710785268214573,3,8,10,8,7,9,4,7,7,3,36,30,66,4,86
NATIONAL PASTIME,23,190,10.400623410636465,7496,6707,1701,250,911,910,139,0.25361562546593114,1190,75,84,1184,503.72687888888885,1445.4232,3.8096990840336136,1.214641344537815,7,3,4,4,6,7,10,6,10,9,24,42,66,4,86
HOOSIERS,23,190,10.204229809678004,7662,6792,1704,251,971,930,228,0.2508833922261484,1257,79,8,1184,548.6363322222222,1592.7964899999997,3.9281837629276053,1.2671412012728718,8,9,8,10,2,9,1,6,4,4,37,24,61,5,86
BIG RED MACHINE,23,151,9.779900646157527,7454,6615,1668,259,934,919,116,0.25215419501133784,1121,66,81,1053,484.16434999999996,1402.45346,3.8871357270294373,1.251073559322034,10,5,6,2,4,5,9,4,5,6,27,29,56,6,86
FREE BIRDS,23,188,9.364979553195164,7431,6587,1663,239,903,899,116,0.2524669804159709,1291,79,30,1268,581.40988,1623.58671,4.053205979860573,1.2576194500387297,2,2,2,2,5,9,5,9,2,5,13,30,43,7,86
ERIE LAKERS,23,168,7.968026989474621,7496,6635,1713,246,940,908,117,0.2581763376036172,1004,59,26,906,455.5776011111111,1309.2920600000002,4.08386295816733,1.3040757569721118,5,7,3,3,9,3,3,2,1,1,27,10,37,8,86
FREE AT LAST,22,151,8.263124560092248,7214,6318,1563,231,892,846,149,0.24738841405508072,1153,68,16,1105,517.4892488888889,1468.6385699999998,4.039378352124892,1.2737541803989592,1,1,1,6,1,6,2,5,3,2,10,18,28,9,86
WESTSIDE MARAUDERS,23,213,11.104487660986786,7288,6475,1659,273,934,934,148,0.2562162162162162,1341,84,32,1366,578.3600588888888,1628.362502,3.881611133482475,1.2142897106636839,10,6,8,6,7,10,4,10,6,10,37,40,77,1,87
LOUISVILLE SLUGGERS,23,165,10.670293882991263,7620,6848,1770,272,977,949,153,0.2584696261682243,1035,65,72,1089,437.52081,1310.1114,3.8045287826086955,1.265808115942029,9,9,9,7,8,4,9,4,10,3,42,30,72,2,87
BLUE SOCKS,23,221,10.360050724859043,7750,7020,1822,222,939,916,174,0.25954415954415955,1175,75,61,1170,502.48965888888887,1451.68861,3.8488569617021278,1.2354796680851063,2,7,6,8,10,7,8,5,8,7,33,35,68,3,87
MELONHEADS,23,223,10.421970969779146,7399,6586,1667,242,930,907,180,0.2531126632250228,1368,84,0,1324,579.70902,1677.47048,3.8138751315789476,1.226221111111111,5,5,4,9,5,10,2,9,9,8,28,38,66,4,87
NATIONAL PASTIME,23,190,10.39668448809442,7625,6860,1755,247,917,913,141,0.25583090379008744,1276,80,52,1233,547.241541111111,1557.09506,3.859854130094043,1.2202939341692791,6,3,5,5,6,9,7,7,7,9,25,39,64,5,87
HOOSIERS,23,190,10.276539326106452,7874,6980,1753,262,1000,969,219,0.2511461318051576,1167,70,35,1046,504.95981555555556,1472.9500600000001,3.894291636675236,1.2621680034275922,8,10,10,10,2,5,6,3,5,4,40,23,63,6,87
BIG RED MACHINE,23,151,9.793999388168473,7531,6687,1688,259,947,926,124,0.25243008823089574,1241,74,27,1185,546.6689333333334,1563.3046799999997,3.964561160354553,1.2597136825141013,7,8,7,4,3,6,3,6,4,5,29,24,53,7,87
FREE BIRDS,23,188,9.175080045841996,7302,6469,1633,232,894,878,124,0.25243468851445355,1290,79,27,1272,574.1860177777778,1620.27388,4.0059489612403105,1.2560262635658914,4,1,2,4,4,8,3,8,2,6,15,27,42,8,87
ERIE LAKERS,23,168,8.18844654361815,7387,6540,1693,242,929,901,122,0.258868501529052,965,61,34,919,427.04585333333335,1222.4795799999997,3.9828110673575132,1.26681821761658,5,4,3,3,9,3,5,1,3,2,24,14,38,9,87
FREE AT LAST,22,151,8.156516174684342,7368,6471,1610,229,908,862,148,0.248802348941431,1003,57,73,927,475.8314255555556,1319.0682599999998,4.269673808574278,1.3151228913260218,3,2,1,6,1,2,10,2,1,1,13,16,29,10,87
WESTSIDE MARAUDERS,23,213,10.928445523170131,7442,6613,1680,266,943,936,138,0.2540450627551792,1360,86,32,1342,584.3581933333334,1671.856102,3.867076279411765,1.2293059573529412,10,7,8,5,5,9,4,10,7,8,35,38,73,1,88
HOOSIERS,23,190,10.271478311472073,7984,7089,1775,265,1003,966,209,0.25038792495415435,974,62,63,956,396.3298533333334,1210.83133,3.662185503080083,1.2431533162217658,9,10,10,10,2,4,9,2,10,6,41,31,72,2,88
BLUE SOCKS,23,221,10.460066190862493,7603,6855,1759,229,926,907,181,0.2566010211524435,1220,77,56,1202,504.9544544444444,1487.19062,3.725073844262295,1.219008704918033,3,6,6,8,8,7,7,7,9,9,31,39,70,3,88
NATIONAL PASTIME,23,190,10.379778701787606,7759,6960,1777,260,949,939,144,0.255316091954023,1130,71,82,1094,499.1724822222222,1399.8105399999997,3.9757100353982295,1.2387703893805306,8,8,9,6,7,5,10,4,4,7,38,30,68,4,88
LOUISVILLE SLUGGERS,23,165,10.702968421387338,7668,6893,1804,252,987,935,183,0.2617147831133034,1161,71,36,1147,509.61325,1447.5154699999998,3.9504903100775195,1.246783350559862,6,9,7,9,10,5,5,5,5,5,41,25,66,5,88
MELONHEADS,23,223,10.282497916226957,7230,6438,1622,250,918,901,179,0.251941596769183,1395,87,0,1337,607.0351611111112,1692.40036,3.916355878136201,1.2131902222222224,5,5,5,7,3,10,1,9,6,10,25,36,61,6,88
BIG RED MACHINE,23,151,9.702386201565101,7322,6504,1628,254,915,901,124,0.25030750307503075,1195,72,59,1158,509.2650988888889,1509.16023,3.835469364016736,1.2628955899581589,7,4,5,1,1,6,8,6,8,3,18,31,49,7,88
FREE BIRDS,23,188,9.191766320893603,7333,6497,1653,229,890,882,125,0.25442511928582423,1265,78,19,1293,559.9350533333334,1582.74559,3.9837276521739136,1.2511822845849803,3,1,4,2,6,8,3,8,3,4,16,26,42,8,88
ERIE LAKERS,23,168,8.161814142996336,7172,6386,1662,236,901,881,126,0.2602568117757595,1199,71,8,1086,572.9102311111111,1592.6997499999998,4.300410408673895,1.3283567556296911,4,2,3,3,9,5,2,3,1,1,21,12,33,9,88
FREE AT LAST,22,151,8.12812683113178,7410,6546,1656,224,914,871,135,0.2529789184234647,1024,57,46,955,466.7511722222223,1317.61412,4.102305224609376,1.2867325390625,2,3,2,4,4,3,6,1,2,2,15,14,29,10,88
WESTSIDE MARAUDERS,23,213,10.789009694649378,7449,6626,1682,263,937,935,134,0.2538484757017809,1279,82,43,1320,539.8660666666666,1559.913422,3.7989011727912425,1.219635200938233,10,6,9,3,4,9,7,10,10,9,32,45,77,1,89
BLUE SOCKS,23,221,10.505532633523753,7830,7058,1807,246,954,947,173,0.2560215358458487,1244,78,29,1228,534.1341277777778,1551.1767300000001,3.86431442926045,1.2469266318327976,6,7,10,8,6,7,5,7,8,7,37,34,71,2,89
LOUISVILLE SLUGGERS,23,165,10.713351882462437,7658,6891,1796,254,985,933,177,0.2606298069946307,1042,64,83,1074,460.2532222222223,1319.7227199999998,3.9753157389635323,1.2665285220729363,8,10,8,9,10,4,9,3,5,4,45,25,70,3,89
MELONHEADS,23,223,10.225299645188882,7419,6627,1698,245,936,916,158,0.25622453598913536,1377,85,0,1306,607.5015300000001,1697.97319,3.9705982352941187,1.2330959985475671,5,5,5,7,7,10,2,9,6,8,29,35,64,4,89
NATIONAL PASTIME,23,190,10.473689105296266,7577,6794,1744,241,921,899,144,0.25669708566382105,1203,76,84,1172,509.76136888888885,1458.6007100000002,3.813676076475478,1.2124694181213633,3,3,3,6,8,6,10,5,9,10,23,40,63,5,89
HOOSIERS,23,190,10.204796945851331,7694,6816,1710,244,969,922,229,0.25088028169014087,1261,79,24,1106,543.7127977777778,1617.3541099999998,3.8805830134813646,1.2825964393338618,4,8,6,10,2,8,3,4,7,2,30,24,54,6,89
BIG RED MACHINE,23,151,9.770010943568339,7426,6609,1685,249,934,912,134,0.2549553638977152,1259,75,27,1179,557.3768177777778,1582.1649399999997,3.9844252263701345,1.2566838284352657,7,4,4,3,5,5,4,6,4,5,23,24,47,7,89
FREE AT LAST,22,151,8.215345007082217,7935,6975,1719,258,980,931,140,0.24645161290322581,913,53,33,874,415.4140688888889,1171.92287,4.094990821467689,1.2835956955093102,9,9,7,5,1,2,6,1,1,1,31,11,42,8,89
FREE BIRDS,23,188,9.311966395401932,7285,6462,1624,239,885,896,135,0.2513153822346023,1276,78,27,1270,566.8744366666667,1591.3028000000002,3.9983306661442013,1.2471025078369906,2,1,2,4,3,7,4,8,3,6,12,28,40,9,89
ERIE LAKERS,23,168,8.139785068123782,7172,6386,1662,236,901,881,126,0.2602568117757595,967,56,51,941,430.8093666666667,1231.75482,4.00960113753878,1.273789886246122,1,2,1,2,9,3,8,2,2,3,15,18,33,10,89
LOUISVILLE SLUGGERS,23,165,10.678594270685213,7438,6701,1733,258,965,925,172,0.25861811669900014,1108,71,69,1110,473.39263777777774,1392.3225400000001,3.845247057761733,1.2566087906137184,10,9,7,8,9,6,9,5,9,3,43,32,75,1,90
HOOSIERS,23,190,10.230624005662639,7879,6969,1758,256,1008,948,218,0.2522600086095566,1071,68,31,1071,447.8442444444445,1330.9590200000002,3.763397012138189,1.242725508870215,9,10,10,10,4,4,4,3,10,6,43,27,70,2,90
WESTSIDE MARAUDERS,23,213,10.796687538672101,7379,6580,1677,255,927,920,133,0.2548632218844985,1323,84,32,1356,566.3277288888888,1602.3991219999998,3.852569584278155,1.2111860332577473,8,5,6,4,6,9,5,10,7,10,29,41,70,2,90
NATIONAL PASTIME,23,190,10.491474438917344,7629,6868,1774,250,930,930,145,0.2582993593476995,1133,73,84,1108,487.8907733333333,1391.84565,3.8755666019417476,1.2284604148278906,6,6,8,6,8,7,10,4,5,8,34,34,68,3,90
BLUE SOCKS,23,221,10.559266542017882,7907,7130,1830,236,961,937,193,0.25666199158485276,1193,73,56,1164,515.2175577777778,1493.0875500000002,3.886804710813076,1.2515402766135795,2,8,9,9,7,7,8,7,4,4,35,30,65,4,90
BIG RED MACHINE,23,151,9.724902966155163,7412,6568,1665,253,933,913,136,0.25350182704019486,1175,70,46,1159,502.8402155555556,1465.99434,3.851542076595745,1.2476547574468084,7,7,5,5,5,5,6,6,8,5,29,30,59,5,90
MELONHEADS,23,223,10.216609382610278,7311,6511,1641,249,916,904,161,0.2520350176624174,1354,85,0,1309,581.0085388888889,1648.7028300000002,3.8619474519940917,1.2176534933530283,5,3,4,7,3,10,1,8,6,9,22,34,56,6,90
FREE BIRDS,23,188,9.241893530375634,7152,6308,1584,229,873,853,130,0.25110970196575777,1334,82,27,1327,578.74397,1650.2077,3.904569512743628,1.237037256371814,1,1,1,3,2,8,3,9,3,7,8,30,38,7,90
ERIE LAKERS,23,168,8.093396618356644,7242,6415,1673,242,921,894,115,0.2607950116913484,1040,60,50,909,491.3451455555557,1377.9486899999997,4.252025298076924,1.3249506634615382,4,4,2,2,10,2,7,1,1,1,22,12,34,8,90
FREE AT LAST,22,151,8.111983256988177,7564,6706,1673,237,913,895,136,0.24947807933194155,1130,63,18,1018,529.4023222222222,1469.3370699999998,4.216478672566372,1.300298292035398,3,2,3,5,1,3,2,2,2,2,14,11,25,9,90
WESTSIDE MARAUDERS,23,213,11.008885079126937,7638,6809,1744,261,958,950,143,0.2561315905419298,1262,79,54,1292,546.36388,1557.127922,3.896414358161648,1.2338573074484944,9,8,9,6,7,8,7,8,4,7,39,34,73,1,91
BLUE SOCKS,23,221,10.290017644017148,7778,7049,1814,226,936,923,179,0.257341466874734,1092,73,70,1118,454.50268111111114,1340.24955,3.745901217948718,1.2273347527472527,1,6,7,8,8,5,9,5,9,8,30,36,66,2,91
LOUISVILLE SLUGGERS,23,165,10.727550224986905,7706,6939,1805,255,976,936,168,0.2601239371667387,1199,74,36,1149,517.8161211111111,1509.5423700000001,3.886859958298582,1.2590011426188492,6,9,8,7,9,6,5,6,6,4,39,27,66,2,91
NATIONAL PASTIME,23,190,10.540859785292751,7398,6620,1673,257,909,917,137,0.2527190332326284,1112,71,111,1118,458.27595888888885,1341.50026,3.709068012589928,1.2063851258992806,7,4,6,5,5,4,10,5,10,9,27,38,65,3,91
MELONHEADS,23,223,10.459717079511805,7339,6514,1627,251,937,905,202,0.24976972674240097,1403,86,0,1320,605.5310333333333,1690.6909300000002,3.8843758374910906,1.205054119743407,5,7,4,9,1,10,2,9,7,10,26,38,64,4,91
HOOSIERS,23,190,10.23234526072871,7969,7087,1780,269,1003,986,215,0.2511641032877099,1122,70,8,1078,484.56819,1402.11844,3.8869106149732624,1.2496599286987522,10,10,10,10,2,3,3,4,5,5,42,20,62,5,91
BIG RED MACHINE,23,151,9.721649101464603,7447,6600,1663,258,934,915,115,0.25196969696969695,1248,75,27,1208,535.6263177777778,1573.30253,3.862689791666667,1.260659078525641,8,5,5,2,3,7,4,7,8,3,23,29,52,6,91
FREE BIRDS,23,188,9.201333472645793,7257,6417,1638,227,894,869,120,0.2552594670406732,1344,83,0,1360,604.3583799999999,1677.32611,4.047042723214285,1.2480104985119047,2,2,1,3,6,9,2,10,3,6,14,30,44,7,91
ERIE LAKERS,23,168,8.139502290090716,7153,6384,1662,236,897,879,126,0.26033834586466165,1120,62,38,1011,526.9844488888889,1482.2348900000002,4.234696464285714,1.3234240089285716,4,3,3,4,10,2,6,3,1,1,24,13,37,8,91
FREE AT LAST,22,151,8.16380203082119,7557,6639,1675,231,936,871,143,0.2522970326856454,1021,59,57,916,476.2979388888889,1337.73111,4.198512683643487,1.3102165621939275,3,6,2,6,4,1,8,2,2,2,21,15,36,9,91
WESTSIDE MARAUDERS,23,213,11.079592355040335,7645,6852,1761,259,953,955,137,0.2570052539404553,1267,78,59,1287,544.4472922222221,1550.377922,3.8674235438042612,1.2236605540647196,9,7,9,5,7,8,10,9,8,7,37,42,79,1,92
LOUISVILLE SLUGGERS,23,165,10.767459113595454,7681,6888,1797,252,984,926,181,0.2608885017421603,1032,68,57,1117,428.9033088888889,1256.2511399999999,3.7404358333333336,1.2172976162790696,7,9,7,9,10,4,9,4,10,9,42,36,78,2,92
BLUE SOCKS,23,221,10.444242388673489,7799,7033,1802,245,962,950,181,0.2562206739655908,1139,71,46,1150,490.0656066666667,1385.78298,3.8723357857769978,1.216666356453029,6,8,8,9,6,6,7,5,6,10,37,34,71,3,92
MELONHEADS,23,223,10.311949347484378,7346,6516,1633,259,941,915,165,0.25061387354205034,1278,80,22,1286,547.8625622222223,1563.65182,3.8581870579029744,1.2235147261345853,9,6,5,8,2,9,5,8,9,8,30,39,69,4,92
HOOSIERS,23,190,10.295771246245934,8089,7166,1796,272,1025,990,211,0.2506279653921295,1190,70,27,1038,519.8605744444445,1535.60204,3.9317186302521017,1.2904218823529412,10,10,10,10,3,5,6,3,5,2,43,21,64,5,92
NATIONAL PASTIME,23,190,10.450000177625144,7692,6932,1794,240,926,913,153,0.258799769186382,1263,78,52,1212,543.1908111111111,1549.22356,3.870718368962787,1.2266219794140933,5,4,4,7,8,8,8,7,7,6,28,36,64,5,92
BIG RED MACHINE,23,151,9.766914224707138,7482,6652,1684,256,938,924,124,0.25315694527961513,1257,75,27,1177,550.7603188888888,1587.7531199999999,3.943391304693715,1.2631289737470166,8,5,6,3,4,7,6,6,4,5,26,28,54,6,92
FREE BIRDS,23,188,9.308892107286871,7382,6559,1661,230,889,884,138,0.2532398231437719,1392,85,0,1332,626.1304777777777,1764.5118400000001,4.048257399425287,1.2676090804597702,3,2,3,6,5,10,4,10,2,4,19,30,49,7,92
ERIE LAKERS,23,168,8.137052269250374,7153,6373,1655,237,900,880,129,0.2596893142946807,1027,61,52,941,479.0934533333334,1346.9802,4.198482064264849,1.3115678675754625,4,3,2,4,9,2,8,1,1,1,22,13,35,8,92
FREE AT LAST,22,151,7.9237887387774375,6973,6087,1498,221,862,814,129,0.24609824215541318,1078,66,59,1030,480.01054444444446,1371.68949,4.007509183673469,1.2724392300556586,2,1,1,4,1,3,10,2,3,3,9,21,30,9,92
WESTSIDE MARAUDERS,23,213,10.808481180427755,7393,6583,1683,256,933,923,144,0.25565851435515724,1308,83,43,1299,551.9008211111111,1585.5298520000001,3.797482714067278,1.2121787859327218,7,6,7,5,7,10,7,9,9,9,32,44,76,1,93
NATIONAL PASTIME,23,190,10.752525416522593,7545,6796,1756,245,928,918,162,0.2583872866391995,1259,78,52,1254,535.8734,1531.96308,3.8307073868149324,1.2168094360603654,5,5,6,7,8,9,8,8,8,8,31,41,72,2,93
MELONHEADS,23,223,10.263907493850617,7409,6587,1667,257,944,923,160,0.25307423713374827,1197,76,39,1203,510.5074544444445,1477.0532600000001,3.838401913116124,1.2339626232247285,8,8,7,6,5,7,6,7,7,7,34,34,68,3,93
LOUISVILLE SLUGGERS,23,165,10.757371856010847,7590,6829,1780,253,970,927,170,0.26065309708595696,1045,64,93,1086,460.1603188888889,1305.9171999999999,3.9631032248803835,1.2496815311004783,6,9,8,8,10,3,10,3,5,5,41,26,67,4,93
BLUE SOCKS,23,221,10.340028509097655,7544,6790,1732,225,923,895,203,0.25508100147275403,1065,70,88,1099,444.73031888888886,1264.00938,3.758284384976526,1.1868632676056339,1,4,5,10,6,5,9,4,10,10,26,38,64,5,93
HOOSIERS,23,190,10.272986356901784,8067,7111,1776,269,1027,969,202,0.2497539024047251,1254,74,0,1181,558.7449988888889,1599.9163599999997,4.010131570972887,1.275850366826156,10,10,10,9,1,6,1,6,2,3,40,18,58,6,93
BIG RED MACHINE,23,151,9.745638499466247,7601,6759,1695,265,938,941,112,0.2507767421216156,1283,77,27,1155,559.0505533333333,1634.87779,3.9216328760717065,1.2742617225253312,9,7,9,1,2,8,5,5,6,4,28,28,56,7,93
FREE BIRDS,23,188,9.165714676074074,7309,6473,1632,235,895,881,128,0.2521242082496524,1279,78,19,1301,569.6034966666666,1593.02568,4.008155957779515,1.2455243784206411,4,1,3,3,4,9,3,10,3,6,15,31,46,8,93
ERIE LAKERS,23,168,8.138350012484242,7185,6397,1661,233,896,875,120,0.25965296232609036,1059,66,24,972,471.62424000000004,1352.1782099999998,4.008138016997167,1.276844390934844,3,2,2,2,9,4,4,1,4,2,18,15,33,9,93
FREE AT LAST,22,151,8.130076355283752,7529,6671,1680,230,917,887,141,0.2518363064008394,1174,66,16,1020,548.1293477777779,1567.3533,4.202013739352641,1.3350539182282795,2,3,4,4,3,4,2,2,1,1,16,10,26,10,93
WESTSIDE MARAUDERS,23,213,11.208879232487217,7645,6798,1732,270,978,960,153,0.25478081788761403,1262,78,54,1282,542.02131,1541.793692,3.865445158478605,1.2217065705229793,10,8,9,6,6,9,7,9,6,9,39,40,79,1,94
HOOSIERS,23,190,10.316486011952625,7844,6924,1721,270,1002,963,204,0.24855574812247255,974,65,70,985,401.17901000000006,1203.21226,3.706992905544148,1.235330862422998,10,10,10,10,1,4,9,2,9,7,41,31,72,2,94
BLUE SOCKS,23,221,10.414710002710887,7379,6657,1707,236,902,905,160,0.25642181162685895,1147,73,75,1181,464.89987222222226,1365.9858199999999,3.647862990409765,1.1909205056669572,4,2,4,7,8,8,10,6,10,10,25,44,69,3,94
LOUISVILLE SLUGGERS,23,165,10.715753782319577,7730,6967,1833,242,981,920,187,0.2630974594517009,1158,72,36,1188,504.7356266666667,1443.1700399999997,3.922815751295337,1.246260829015544,6,9,6,9,10,7,5,7,5,5,40,29,69,3,94
MELONHEADS,23,223,10.342197768104707,7283,6479,1629,250,928,908,178,0.2514276894582497,1336,85,11,1304,559.0705577777778,1634.4311000000002,3.7661938772455095,1.2233765718562877,7,4,5,8,3,10,2,10,8,8,27,38,65,4,94
NATIONAL PASTIME,23,190,10.415359168699002,7590,6798,1726,268,931,954,137,0.253898205354516,1251,78,52,1173,553.6091666666666,1553.2401399999999,3.982799760191847,1.241598832933653,9,5,8,5,5,9,6,5,4,6,32,30,62,5,94
BIG RED MACHINE,23,151,9.773036567441208,7577,6742,1692,255,937,921,126,0.2509641056066449,1144,71,59,1112,489.85500888888885,1438.2033999999999,3.85375444055944,1.257170804195804,8,6,7,4,2,6,8,4,7,3,27,28,55,6,94
FREE BIRDS,23,188,9.326364205892554,7599,6730,1721,228,918,883,124,0.25572065378900444,1284,78,27,1242,578.323261111111,1608.11186,4.053667718068535,1.2524235669781931,2,3,3,3,7,9,4,8,3,4,18,28,46,7,94
FREE AT LAST,22,151,8.197498065456681,7865,6956,1751,239,961,920,153,0.25172512938470387,1082,59,0,977,507.59335888888893,1423.2677500000002,4.22212590573013,1.315404574861368,5,7,6,6,4,3,1,1,2,2,28,9,37,8,94
ERIE LAKERS,23,168,8.007513994810795,7185,6397,1661,233,896,875,120,0.25965296232609036,1161,66,17,1023,547.8773955555556,1532.0954100000001,4.247111593453919,1.319634289405685,3,1,2,2,9,5,3,3,1,1,17,13,30,9,94
WESTSIDE MARAUDERS,23,213,11.019445334678354,7246,6488,1686,246,919,906,153,0.25986436498150434,1264,80,59,1328,533.7168277777778,1522.985082,3.8001989319620257,1.2048932610759493,6,5,4,5,9,8,8,9,10,10,29,45,74,1,95
LOUISVILLE SLUGGERS,23,165,10.740109636622762,7834,7029,1824,263,999,947,170,0.2594963721724285,967,58,94,981,411.30989555555556,1220.49327,3.8281169183040333,1.2621440227507756,9,10,9,7,8,4,10,3,9,4,43,30,73,2,95
HOOSIERS,23,190,10.398673270066888,7900,6995,1742,275,994,976,192,0.2490350250178699,1361,80,2,1189,592.6255777777778,1733.9582899999998,3.9189053637031597,1.2740325422483467,10,9,10,10,3,8,4,7,7,2,42,28,70,3,95
BLUE SOCKS,23,221,10.395194666229413,7641,6874,1766,238,939,931,183,0.2569100960139657,1191,73,56,1154,522.8106233333334,1459.86561,3.950710000000001,1.225747783375315,4,7,8,9,7,6,7,4,5,9,35,31,66,4,95
MELONHEADS,23,223,10.331314208807777,7580,6753,1716,246,956,917,181,0.25410928476232786,1351,85,0,1296,588.7385344444444,1692.38623,3.9220183641746855,1.2526915099925982,6,8,6,8,5,9,3,8,6,6,33,32,65,5,95
NATIONAL PASTIME,23,190,10.497134376652662,7650,6897,1795,243,939,925,163,0.2602580832245904,1208,77,52,1181,532.6358277777778,1498.95779,3.9683132864238413,1.2408590976821192,5,7,7,6,10,7,6,6,3,7,35,29,64,6,95
BIG RED MACHINE,23,151,9.713386487030942,7378,6547,1627,261,919,913,114,0.24851076829082022,1213,73,59,1157,524.2671933333334,1531.3947899999998,3.889863759274526,1.2624853998351193,8,5,5,1,1,6,8,5,8,3,20,30,50,7,95
FREE BIRDS,23,188,9.289744794795883,7354,6539,1651,232,888,892,130,0.2524850894632207,1352,86,0,1342,598.7678766666667,1701.69543,3.9858808357988167,1.2586504659763313,3,3,3,4,4,10,3,10,2,5,17,30,47,8,95
ERIE LAKERS,23,168,8.099309504140805,7410,6552,1683,248,933,906,120,0.25686813186813184,926,56,31,928,408.1204577777778,1144.89789,3.966613520518359,1.2363908099352052,7,6,4,2,6,3,5,1,4,8,25,21,46,9,95
FREE AT LAST,22,151,8.227765051395453,7312,6413,1595,230,903,854,129,0.24871355060034306,1028,61,60,975,461.02032,1316.17013,4.036170116731518,1.2803211381322956,2,4,2,3,2,5,9,2,1,1,13,18,31,10,95
LOUISVILLE SLUGGERS,23,165,10.636494583279266,7680,6918,1780,269,971,957,169,0.25729979762937266,1014,64,61,1037,429.96128444444446,1234.19814,3.816224418145957,1.2171579289940828,10,9,10,9,8,4,9,3,9,8,46,33,79,1,96
WESTSIDE MARAUDERS,23,213,11.105248656248673,7673,6817,1736,261,971,945,158,0.25465747396215344,1345,82,32,1347,579.7325955555555,1650.619262,3.8792515687732334,1.2272262171003716,9,9,8,7,5,8,5,10,7,7,38,37,75,2,96
MELONHEADS,23,223,10.353145380158235,7346,6516,1633,259,941,915,165,0.25061387354205034,1358,85,0,1327,583.2732422222223,1645.86298,3.865581134020619,1.2119756848306333,8,8,5,8,2,9,3,8,8,10,31,38,69,3,96
BLUE SOCKS,23,221,10.221828002551147,7774,7055,1808,243,931,953,151,0.25627214741318216,1205,75,48,1156,523.90999,1487.7662,3.91302067219917,1.234660746887967,6,7,9,6,7,7,8,6,6,6,35,33,68,4,96
NATIONAL PASTIME,23,190,10.410816012809192,7419,6679,1732,229,905,878,143,0.2593202575235814,1190,75,84,1184,503.72687888888885,1445.4232,3.8096990840336136,1.214641344537815,3,4,3,4,9,7,10,7,10,9,23,43,66,5,96
HOOSIERS,23,190,10.258085841447004,7814,6916,1737,250,987,934,225,0.25115673799884325,1197,74,33,1129,520.9733166666666,1538.9156899999998,3.9170926065162903,1.2856438512949038,7,10,7,10,3,6,6,5,5,2,37,24,61,6,96
BIG RED MACHINE,23,151,9.748238979937318,7433,6605,1667,259,930,926,126,0.2523845571536715,1104,66,84,1058,483.38217222222215,1385.72312,3.940615534420289,1.2551839855072464,8,6,6,2,4,5,10,4,4,5,26,28,54,7,96
FREE BIRDS,23,188,9.27788799666325,7281,6475,1658,223,888,880,136,0.25606177606177605,1406,87,0,1337,624.5568177777777,1806.67207,3.9978743669985772,1.2849730227596017,2,3,4,3,6,10,3,9,3,3,18,28,46,8,96
ERIE LAKERS,23,168,7.985240201819027,7118,6327,1659,237,905,878,117,0.2622095779990517,1050,61,28,979,483.1767122222223,1368.00205,4.141514676190477,1.3028590952380954,5,4,3,1,10,3,4,2,1,1,23,11,34,9,96
FREE AT LAST,22,151,8.148446895527966,7375,6448,1598,235,918,853,149,0.2478287841191067,992,60,43,977,441.3201244444445,1259.6218,4.003912419354839,1.2697800403225805,4,5,2,5,1,2,7,1,2,4,17,16,33,10,96
WESTSIDE MARAUDERS,23,213,11.106710104792139,7666,6838,1769,252,961,937,146,0.25870137467095644,1285,80,54,1307,547.3889522222222,1598.681732,3.833852583657588,1.2441102972762645,5,8,8,5,9,10,8,10,9,6,35,43,78,1,97
BLUE SOCKS,23,221,10.440871349717069,7778,7023,1811,239,949,939,171,0.25786700840096827,1156,72,56,1150,495.35878777777776,1415.3910099999998,3.8565995588235293,1.224386686851211,4,7,9,8,8,4,9,5,7,8,36,33,69,2,97
LOUISVILLE SLUGGERS,23,165,10.674277777788117,7387,6663,1718,254,933,916,152,0.2578418129971484,1230,79,36,1251,508.1450888888889,1502.3354,3.7181347967479677,1.221410894308943,6,4,4,6,7,9,6,8,10,9,27,42,69,2,97
MELONHEADS,23,223,10.326670535092896,7622,6769,1716,256,972,933,160,0.25350864234007975,1247,77,17,1240,534.0789444444445,1516.93571,3.854619486768244,1.2164680914194066,7,9,6,7,5,7,2,7,8,10,34,34,68,3,97
NATIONAL PASTIME,23,190,10.490050548455288,7695,6901,1763,260,943,936,135,0.255470221706999,1170,73,84,1117,514.2809566666667,1438.2277600000002,3.956007358974359,1.229254495726496,9,6,7,3,6,5,10,4,5,7,31,31,62,4,97
HOOSIERS,23,190,10.266852073056135,7837,6938,1731,265,1000,959,231,0.2494955318535601,1179,72,25,1077,506.7498277777778,1490.62457,3.868319296013571,1.2643126123833757,10,10,10,10,1,4,4,3,6,3,41,20,61,5,97
BIG RED MACHINE,23,151,9.750580386678983,7454,6615,1668,259,934,919,116,0.25215419501133784,1278,76,27,1207,568.0643211111111,1606.2945,4.0004529655712044,1.256881455399061,8,5,5,1,3,6,5,6,3,4,22,24,46,6,97
FREE BIRDS,23,188,9.062787450764098,7257,6443,1625,224,866,868,138,0.2522117026230017,1253,78,27,1281,552.0304655555556,1566.97461,3.9651031045490823,1.2505783000798085,1,1,2,4,4,8,5,9,4,5,12,31,43,7,97
FREE AT LAST,22,151,8.144493849413003,7291,6409,1600,226,917,857,173,0.24964893119051335,993,59,51,914,451.8845244444445,1285.0894600000001,4.095630130916415,1.2941484994964754,2,3,1,9,2,2,7,1,2,2,17,14,31,8,97
ERIE LAKERS,23,168,8.111786280361832,7185,6397,1661,233,896,875,120,0.25965296232609036,1132,66,24,1026,532.3430811111111,1491.2693599999998,4.232409655477032,1.3173757597173144,3,2,3,2,10,3,3,2,1,1,20,10,30,9,97
WESTSIDE MARAUDERS,23,213,10.79815843364501,7393,6583,1683,256,933,923,144,0.25565851435515724,1299,82,43,1310,548.9707999999999,1575.997552,3.803492840646651,1.2132390700538875,7,4,6,5,5,10,7,10,10,10,27,47,74,1,98
BLUE SOCKS,23,221,10.526359249896373,8016,7227,1859,237,974,945,195,0.2572298325722983,1076,70,62,1101,456.67318888888894,1327.4086,3.8197571561338295,1.2336511152416356,4,9,8,9,8,5,9,4,8,7,38,33,71,2,98
LOUISVILLE SLUGGERS,23,165,10.743222952624164,7566,6779,1751,253,965,915,174,0.25829768402419234,1199,74,36,1188,510.67201555555556,1463.43916,3.833234478732277,1.2205497581317764,5,8,5,8,9,7,5,6,7,9,35,34,69,3,98
HOOSIERS,23,190,10.269459571120768,7753,6844,1700,263,993,947,216,0.2483927527761543,1217,77,17,1144,514.5720211111111,1544.53856,3.8053805998356616,1.269136039441249,9,10,10,10,1,8,2,5,9,4,40,28,68,4,98
MELONHEADS,23,223,10.242475969127769,7409,6587,1667,257,944,923,160,0.25307423713374827,1266,77,22,1252,551.1618911111111,1548.06743,3.9182124960505527,1.2228020774091628,8,7,6,7,4,8,3,8,6,8,32,33,65,5,98
NATIONAL PASTIME,23,190,10.540868873126364,7807,7033,1806,254,943,946,150,0.25678942129958765,1132,72,84,1101,498.3986622222222,1401.15657,3.9625335335689043,1.2377708215547705,6,6,9,6,7,6,10,4,4,6,34,30,64,6,98
BIG RED MACHINE,23,151,9.75468166237857,7510,6658,1667,266,938,931,106,0.25037548813457494,1302,78,27,1197,568.2018422222222,1668.0606199999997,3.927662503840246,1.2811525499231948,10,5,7,1,2,9,4,7,5,2,25,27,52,7,98
FREE BIRDS,23,188,9.246221120250146,7197,6403,1640,221,884,871,143,0.2561299390910511,1282,78,27,1277,572.33798,1603.75585,4.017973338533541,1.2509796021840873,1,1,3,4,6,9,4,9,3,5,15,30,45,8,98
ERIE LAKERS,23,168,8.09085436620424,7153,6384,1662,236,897,879,126,0.26033834586466165,1019,59,38,967,458.68049888888896,1302.8728300000002,4.051152590775271,1.2785798135426891,3,3,4,2,10,3,6,2,2,3,22,16,38,9,98
FREE AT LAST,22,151,8.134732620555893,7249,6385,1604,223,886,850,129,0.2512137823022709,1069,62,57,994,494.34423444444445,1387.5073399999999,4.161925266604303,1.297948868101029,2,2,2,3,3,4,8,3,1,1,12,17,29,10,98
WESTSIDE MARAUDERS,23,213,11.137555018412533,7694,6843,1733,269,974,953,154,0.25325149788104634,1202,75,73,1239,504.2055766666666,1467.161782,3.775249742096505,1.2206004841930116,9,8,9,5,5,7,9,7,10,8,36,41,77,1,99
MELONHEADS,23,223,10.303122676332919,7344,6523,1641,252,935,911,161,0.25157136286984516,1400,87,0,1334,610.766558888889,1701.1132499999999,3.9263564500000006,1.2150808928571428,6,6,6,9,3,10,2,9,5,10,30,36,66,2,99
NATIONAL PASTIME,23,190,10.410987001326275,7534,6782,1763,233,917,893,156,0.25995281627838396,1188,74,79,1164,504.79460777777774,1447.41194,3.824201574074074,1.2183602188552187,3,4,4,6,10,6,10,6,8,9,27,39,66,2,99
LOUISVILLE SLUGGERS,23,165,10.796887621898131,7987,7202,1869,273,1009,981,158,0.2595112468758678,1086,67,52,1096,490.0422344444445,1377.63025,4.061123489871086,1.2685361418047882,10,10,10,7,8,4,6,3,3,4,45,20,65,3,99
HOOSIERS,23,190,10.485713483355136,7851,6989,1763,267,996,981,215,0.25225354127915295,1238,74,16,1105,529.9907466666666,1583.7235699999997,3.8529214216478183,1.2792597495961224,8,9,10,10,4,6,3,4,7,3,41,23,64,4,99
BLUE SOCKS,23,221,10.133485699530201,7432,6689,1710,240,914,913,160,0.25564359396023323,1300,81,29,1248,557.3808700000001,1614.1533200000001,3.8587906384615387,1.2416564,5,3,7,8,6,8,4,8,6,6,29,32,61,5,99
BIG RED MACHINE,23,151,9.736559538284201,7472,6641,1653,260,924,917,115,0.24890829694323144,1149,71,59,1147,488.0825966666667,1425.83704,3.8231012793733683,1.240937371627502,7,5,8,2,2,5,8,5,9,7,24,34,58,6,99
FREE BIRDS,23,188,9.161800702950664,7221,6396,1646,210,875,846,153,0.2573483427141964,1345,83,0,1355,607.1542444444444,1681.65571,4.062742156133829,1.2503016431226766,2,1,2,4,7,9,2,10,2,5,16,28,44,7,99
ERIE LAKERS,23,168,8.149652831055285,7185,6397,1661,233,896,875,120,0.25965296232609036,1038,62,35,974,466.3716444444445,1332.09873,4.043684778420039,1.2833321098265895,3,2,3,3,9,3,5,2,4,2,20,16,36,8,99
FREE AT LAST,22,151,8.036991715238262,7725,6782,1688,238,962,902,158,0.248894131524624,853,51,58,805,390.3754877777778,1112.72588,4.1188503985932,1.304485205158265,4,7,5,7,1,2,7,1,1,1,24,12,36,8,99
WESTSIDE MARAUDERS,23,213,11.085514928883011,7680,6824,1728,269,968,955,159,0.2532239155920281,1258,79,54,1282,538.2168544444445,1556.400582,3.8505180365659784,1.2372023704292527,10,8,9,7,5,8,7,9,8,6,39,38,77,1,100
LOUISVILLE SLUGGERS,23,165,10.72022278348495,7833,7035,1830,263,1012,954,199,0.2601279317697228,838,53,94,904,341.1060388888889,1023.0069900000001,3.663430011933175,1.2207720644391409,8,9,8,9,10,2,10,1,9,8,44,30,74,2,100
BLUE SOCKS,23,221,10.347474877272726,7365,6651,1711,231,901,901,157,0.2572545481882424,1225,77,48,1248,496.7374922222223,1455.7381799999998,3.6494999428571435,1.1883576979591834,3,3,5,6,7,7,6,7,10,10,24,40,64,3,100
NATIONAL PASTIME,23,190,10.437575337718707,7611,6854,1775,245,930,922,154,0.2589728625620076,1120,72,79,1135,485.3875011111111,1379.4421799999998,3.9004352767857142,1.2316448035714285,6,7,7,5,8,5,9,5,5,7,33,31,64,3,100
MELONHEADS,23,223,10.217116173182255,7248,6455,1627,243,917,892,187,0.25205267234701784,1292,82,27,1255,558.6646433333334,1572.8548900000003,3.891626772445821,1.2173799458204337,5,5,4,8,4,9,4,8,6,9,26,36,62,4,100
HOOSIERS,23,190,10.27375603358742,8068,7159,1799,265,1016,970,211,0.2512920798994273,1227,73,2,1116,539.4891688888889,1559.67615,3.95713326813366,1.271129706601467,9,10,10,10,3,6,2,4,4,3,42,19,61,5,100
BIG RED MACHINE,23,151,9.700235977880453,7378,6547,1627,261,919,913,114,0.24851076829082022,1192,72,59,1147,514.045521111111,1484.51728,3.8812161828859058,1.2454004026845638,7,6,6,2,1,5,8,6,7,5,22,31,53,6,100
FREE BIRDS,23,188,9.159418734046902,7375,6504,1658,229,904,878,110,0.254920049200492,1362,85,0,1340,609.8994799999999,1723.8862599999998,4.030172775330396,1.265702099853157,2,4,3,1,6,10,1,10,3,4,16,28,44,7,100
ERIE LAKERS,23,168,8.146771188160754,7204,6399,1661,233,900,877,120,0.25957180809501484,1177,69,20,1018,554.7016600000001,1551.29883,4.241558997451147,1.3180109005947322,4,2,2,3,9,4,3,2,1,1,20,11,31,8,100
FREE AT LAST,22,151,8.123783727010407,7193,6366,1599,223,878,853,127,0.2511781338360038,1170,67,30,1086,535.7647744444445,1515.98317,4.121267495726496,1.2957121111111112,1,1,1,4,2,3,5,3,2,2,9,15,24,9,100
