Team,ShortName,W,L,GS,G,SV,HLD,BS,IP,TBF,H,R,ER,HR,SO,BB,IBB,HBP,ERA,WHIP,K/9,BB/9,K/BB,HR/9,K%,BB%,K-BB%,GB%,AVG,BABIP,LOB%,FIP,FPTS,FPTS_IP,SPTS,SPTS_IP,WAR,RA9-WAR,QS,ADP,teamid,League,Name,xMLBAMID,playerids,playerid,fg_auction_dollars
DET,Tigers,14,7,32,32,0,0,NA,200,790,156,65,60,19,245,40,NA,7,2.67136,0.981371,10.9987,1.81358,6.06462,0.84838,0.30999,0.0511144,0.25887521356344223,NA,0.210393,0.28682,0.775166,2.62332,1189.6999999999998,5.948499999999999,1102,5.51,6.33802,6.18384,22,6.809999942779541,6,AL,Tarik Skubal,669373,22267,22267,NA
BOS,Red Sox,15,8,32,32,0,0,NA,197,796,162,69,64,20,245,52,NA,5,2.90058,1.08318,11.1845,2.36141,4.73636,0.894352,0.307722,0.0649701,0.2427518516778946,NA,0.218898,0.299647,0.774844,2.80783,1109.6000000000001,5.632487309644671,1044,5.299492385786802,5.79881,5.89967,21,11.739999771118164,3,AL,Garrett Crochet,676979,27463,27463,NA
PIT,Pirates,13,8,32,32,0,0,NA,189,761,152,65,60,17,223,49,NA,6,2.84106,1.06715,10.6206,2.35198,4.51561,0.808429,0.293285,0.0649491,0.22833550721406937,NA,0.216053,0.291074,0.769054,2.82445,1075.3000000000002,5.689417989417991,1005,5.317460317460317,5.41287,5.83945,21,10.350000381469727,27,NL,Paul Skenes,694973,33677,33677,37.7384806374022
PHI,Phillies,12,8,32,32,0,0,NA,200,820,183,78,71,18,193,49,NA,7,3.21333,1.16077,8.68886,2.2094,3.93267,0.802798,0.23531,0.0598347,0.17547546327114105,NA,0.239374,0.29833,0.743061,3.20137,1000.8,5.004,984,4.92,4.78544,5.15763,20,25.93000030517578,26,NL,Cristopher Sánchez,650911,20778,20778,26.465844420186038
SFG,Giants,14,9,32,32,0,0,NA,202,836,191,79,72,16,191,45,NA,6,3.18557,1.16831,8.49747,2.00797,4.23187,0.711908,0.228464,0.0539865,0.1744772121310234,NA,0.24349,0.302978,0.736234,3.02738,1030.4,5.100990099009901,1031,5.103960396039604,4.53361,4.54127,20,61.599998474121094,30,NL,Logan Webb,657277,17995,17995,27.72133080179324
KCR,Royals,11,8,29,29,0,0,NA,163,674,132,67,62,17,202,58,NA,5,3.4033,1.16456,11.1472,3.19666,3.48712,0.955779,0.299183,0.0857966,0.2133866772055626,NA,0.215525,0.291703,0.741961,3.192,868.9000000000001,5.330674846625768,809,4.96319018404908,4.06372,3.70939,17,45.09000015258789,7,AL,Cole Ragans,666142,21846,21846,NA
ATL,Braves,12,6,28,28,0,0,NA,165,677,138,62,58,18,200,44,NA,10,3.1503,1.10333,10.9064,2.40903,4.52728,0.953919,0.296232,0.0654326,0.23079929500818253,NA,0.221918,0.29809,0.759995,3.06487,878.8,5.326060606060606,829,5.024242424242424,3.98766,4.38289,18,39.439998626708984,16,NL,Chris Sale,519242,10603,10603,28.086041015437743
NYY,Yankees,14,9,31,31,0,0,NA,189,779,169,76,70,17,176,54,NA,7,3.32434,1.17982,8.37269,2.57818,3.24752,0.812211,0.22524,0.0693575,0.15588264167308807,NA,0.234682,0.288254,0.73671,3.4185,919.1000000000003,4.862962962962964,893,4.724867724867725,3.90626,3.96213,19,53.2599983215332,9,AL,Max Fried,608331,13743,13743,NA
TOR,Blue Jays,12,9,32,32,0,0,NA,183,765,152,78,72,21,214,69,NA,5,3.5718,1.20985,10.5316,3.38952,3.1071,1.05402,0.279228,0.0898678,0.1893600970506668,NA,0.220084,0.286597,0.747314,3.53149,906.7,4.954644808743169,848,4.633879781420765,3.87369,3.38907,18,79.470001220703125,14,AL,Dylan Cease,656302,18525,18525,NA
CIN,Reds,11,9,31,31,0,0,NA,180,735,142,80,75,24,212,58,NA,13,3.73339,1.11403,10.6201,2.92088,3.63591,1.21977,0.288411,0.0793231,0.20908833295106888,NA,0.213811,0.275127,0.725174,3.73376,878.5999999999999,4.88111111111111,799,4.438888888888889,3.85147,3.76468,17,42.4900016784668,18,NL,Hunter Greene,668881,22182,22182,22.5126268782777
HOU,Astros,13,8,31,31,0,0,NA,183,759,157,74,68,19,197,60,NA,7,3.34566,1.18879,9.6664,2.96635,3.25869,0.939784,0.259132,0.0795203,0.17961140722036362,NA,0.227433,0.290372,0.75169299999999994,3.44542,905.3,4.946994535519125,861,4.704918032786885,3.78016,3.98734,19,38,21,AL,Hunter Brown,686613,25880,25880,NA
BOS,Red Sox,12,10,31,31,0,0,NA,178,746,169,80,74,21,186,47,NA,5,3.71586,1.21446,9.38232,2.3865,3.93142,1.0792,0.249291,0.06341,0.18588104099035263,NA,0.244162,0.304296,0.733286,3.49042,835.5000000000001,4.693820224719102,833,4.679775280898877,3.71255,3.37465,17,132.19000244140625,3,AL,Sonny Gray,543243,12768,12768,NA
TEX,Rangers,11,8,29,29,0,0,NA,169,679,143,71,66,23,188,40,NA,4,3.5016,1.08274,10.0246,2.11108,4.74855,1.22894,0.276553,0.0582394,0.21831314638257027,NA,0.224947,0.282374,0.741874,3.45377,839.9000000000003,4.969822485207103,790,4.674556213017752,3.6765,3.30797,17,47.90999984741211,13,AL,Jacob deGrom,594798,10954,10954,NA
DET,Tigers,13,10,31,31,0,0,NA,195,813,177,81,74,17,180,65,NA,8,3.41451,1.24055,8.33002,2.98518,2.79045,0.778979,0.221823,0.0794933,0.14232920855283737,NA,0.239345,0.295244,0.738102,3.53488,914.7,4.690769230769231,895,4.589743589743589,3.63973,3.97206,19,87.79000091552734,6,AL,Framber Valdez,664285,17295,17295,NA
LAD,Dodgers,12,7,26,26,0,0,NA,155,627,129,63,58,17,165,43,NA,5,3.37688,1.11175,9.53862,2.5193,3.78622,0.968098,0.262615,0.0693607,0.19325407594442368,NA,0.223361,0.28327599999999997,0.731529,3.34856,788.5000000000001,5.087096774193549,740,4.774193548387097,3.63135,3.56905,16,27.420000076293945,22,NL,Yoshinobu Yamamoto,808967,33825,33825,23.071315662927265
SEA,Mariners,13,10,32,32,0,0,NA,195,788,169,81,75,25,197,43,NA,9,3.4646,1.08058,9.09439,1.96283,4.63331,1.15706,0.250408,0.0540453,0.1963631436228752,NA,0.228575,0.278606,0.737311,3.57159,934.1,4.7902564102564105,888,4.553846153846154,3.54598,3.31022,19,37.86000061035156,11,AL,Bryan Woo,693433,30279,30279,NA
PHI,Phillies,12,10,31,31,0,0,NA,179,742,157,81,75,23,197,56,NA,5,3.77514,1.19247,9.94072,2.80408,3.5451,1.16939,0.265906,0.0750066,0.19089914858341217,NA,0.230949,0.291094,0.730128,3.63381,844.5000000000002,4.717877094972068,807,4.5083798882681565,3.53207,3.38976,17,74.839996337890625,26,NL,Jesús Luzardo,666200,19959,19959,18.11055002850776
BOS,Red Sox,12,9,29,29,0,0,NA,169,713,166,74,68,17,149,49,NA,5,3.61481,1.26891,7.9406,2.60122,3.05265,0.886565,0.209137,0.06851,0.1406271532177925,NA,0.25124,0.301904,0.735032,3.60667,745.9000000000002,4.413609467455623,760,4.497041420118343,3.37199,3.41206,17,175.4199981689453,3,AL,Ranger Suárez,624133,17277,17277,NA
PHI,Phillies,10,6,24,24,0,0,NA,147,598,124,59,54,16,160,39,NA,7,3.3133,1.10709,9.80944,2.36162,4.1537,1.00665,0.268112,0.0645478,0.20356428623199463,NA,0.224809,0.286761,0.744493,3.33298,750.6,5.106122448979592,709,4.8231292517006805,3.31777,3.60301,15,118.06999969482422,26,NL,Zack Wheeler,554430,10310,10310,20.922357034624465
SEA,Mariners,12,9,31,31,0,0,NA,173,711,160,74,68,21,170,32,NA,7,3.52154,1.11149,8.83432,1.67718,5.26735,1.07605,0.239414,0.0454524,0.19396116212010384,NA,0.238869,0.290629,0.726773,3.40725,828.9000000000001,4.791329479768787,815,4.710982658959537,3.26853,2.68705,18,69.160003662109375,11,AL,George Kirby,669923,25436,25436,NA
MIN,Twins,11,10,29,29,0,0,NA,167,685,147,76,70,24,183,40,NA,9,3.79136,1.11724,9.83017,2.13676,4.6005,1.31384,0.266837,0.0580017,0.20883526280522346,NA,0.231324,0.286077,0.729321,3.71812,777.3999999999999,4.65508982035928,742,4.4431137724550895,3.14341,2.7826,16,75.529998779296875,8,AL,Joe Ryan,657746,21390,21390,NA
TBR,Rays,9,7,24,24,0,0,NA,139,565,119,56,51,16,150,39,NA,3,3.33439,1.14208,9.7338,2.53833,3.83473,1.04085,0.265426,0.0692163,0.19620982557535172,NA,0.228174,0.289416,0.755946,3.39199,696.4000000000002,5.010071942446045,661,4.755395683453237,3.1299,3.08784,14,215.16000366210938,12,AL,Shane McClanahan,663556,21483,21483,NA
PHI,Phillies,11,10,31,31,0,0,NA,180,752,172,89,82,26,177,45,NA,5,4.115,1.20929,8.8635,2.25871,3.92414,1.3038,0.235784,0.0600857,0.17569874599575996,NA,0.246019,0.294131,0.711931,3.89329,769,4.272222222222222,766,4.2555555555555555,3.10934,2.62677,16,211.3300018310547,26,NL,Aaron Nola,605400,16149,16149,11.708776771275904
SEA,Mariners,10,7,29,29,0,0,NA,163,661,139,67,62,21,178,39,NA,5,3.4104,1.0866,9.82594,2.14171,4.5879,1.15354,0.269652,0.0587747,0.2108776941895485,NA,0.224654,0.281699,0.745619,3.43171,810.5000000000001,4.97239263803681,766,4.699386503067485,3.05453,2.85073,17,34.02000045776367,11,AL,Logan Gilbert,669302,22250,22250,NA
TOR,Blue Jays,12,10,31,31,0,0,NA,182,763,171,85,78,24,177,53,NA,3,3.87709,1.23131,8.75562,2.60047,3.36694,1.19279,0.231941,0.0688877,0.1630529686808586,NA,0.242434,0.291127,0.731784,3.83421,792.9999999999999,4.357142857142857,784,4.3076923076923075,3.04345,2.57431,17,119.69999694824219,14,AL,Kevin Gausman,592332,14107,14107,NA
TEX,Rangers,10,10,29,29,0,0,NA,173,715,160,79,73,22,164,45,NA,7,3.77572,1.18397,8.50042,2.33714,3.6371000000000002,1.12281,0.228612,0.0628555,0.16575628519058228,NA,0.241168,0.289339,0.720775,3.76456,765.5999999999999,4.4254335260115605,751,4.341040462427745,2.9479,2.69383,16,147.52999877929688,13,AL,Nathan Eovaldi,543135,9132,9132,NA
SDP,Padres,10,9,29,29,0,0,NA,161,681,143,72,66,20,170,58,NA,7,3.68187,1.24561,9.47316,3.25774,2.90789,1.11873,0.249387,0.085762,0.1636245772242546,NA,0.231753,0.288067,0.749026,3.86931,718.6000000000001,4.463354037267082,690,4.285714285714286,2.90704,2.69389,16,125.55999755859375,29,NL,Michael King,650633,19853,19853,12.250889730152604
MIL,Brewers,10,8,28,28,0,0,NA,149,613,131,66,62,21,158,40,NA,6,3.7426,1.15307,9.52923,2.43324,3.91627,1.26325,0.257034,0.0656324,0.19140185415744781,NA,0.231769,0.284489,0.738608,3.77438,681.7000000000002,4.575167785234901,650,4.3624161073825505,2.90506,2.75491,15,112.2300033569336,23,NL,Brandon Woodruff,605540,16162,16162,15.481622744545195
BAL,Orioles,8,7,26,26,0,0,NA,137,573,122,60,55,15,145,43,NA,6,3.61775,1.2048,9.51636,2.84575,3.34406,0.99243,0.253573,0.0758277,0.17774490267038345,NA,0.233447,0.294956,0.732747,3.54419,655.1000000000001,4.781751824817519,633,4.62043795620438,2.88553,2.37964,15,70.470001220703125,2,AL,Kyle Bradish,680694,24586,24586,NA
TEX,Rangers,11,9,29,29,0,0,NA,160,677,139,73,68,19,182,60,NA,8,3.82311,1.24403,10.2504,3.36315,3.04787,1.09722,0.268971,0.0882487,0.18072225898504257,NA,0.228277,0.293293,0.733187,3.70742,748.9,4.680625,713,4.45625,2.88368,2.49712,16,165.2100067138672,13,AL,MacKenzie Gore,669022,22201,22201,NA
TBR,Rays,10,8,31,31,0,0,NA,160,656,147,70,65,18,144,42,NA,5,3.64079,1.18012,8.07665,2.33886,3.45325,1.03823,0.219032,0.0634278,0.15560423582792282,NA,0.241865,0.28828,0.728648,3.71698,727.3999999999999,4.546249999999999,713,4.45625,2.88004,2.94087,17,152.6300048828125,12,AL,Drew Rasmussen,656876,25385,25385,NA
LAA,Angels,11,10,31,31,0,0,NA,176,757,163,82,75,15,164,76,NA,10,3.8589,1.358,8.386,3.90748,2.14614,0.756463,0.216575,0.100914,0.11566116660833359,NA,0.242555,0.300681,0.717336,3.84496,764.1000000000001,4.341477272727274,755,4.2897727272727275,2.87602,2.82806,17,343.95001220703125,1,AL,José Soriano,667755,22100,22100,NA
ATL,Braves,12,9,28,28,0,0,NA,159,665,136,73,68,20,187,55,NA,8,3.84757,1.20708,10.6173,3.12589,3.39658,1.15017,0.28157,0.0828981,0.1986718475818634,NA,0.22656,0.294275,0.725519,3.62174,762.0000000000001,4.79245283018868,720,4.528301886792453,2.83412,2.76296,15,99.0199966430664,16,NL,Spencer Strider,675911,27498,27498,16.000138218742023
MIA,Marlins,11,11,31,31,0,0,NA,188,790,182,92,85,21,156,54,NA,7,4.07592,1.25788,7.47343,2.58842,2.88725,1.0117,0.197582,0.0684326,0.12914969772100449,NA,0.250348,0.292495,0.696567,3.91666,788.7,4.195212765957447,796,4.23404255319149,2.72298,2.74264,16,148.0500030517578,20,NL,Sandy Alcantara,645261,18684,18684,7.875634426101367
LAD,Dodgers,10,6,24,24,0,0,NA,132,555,106,56,52,15,164,59,NA,3,3.54547,1.24382,11.1767,3.99883,2.795,1.03152,0.296176,0.105966,0.19020935148000717,NA,0.21462,0.289138,0.755374,3.54466,658.7000000000002,4.990151515151516,607,4.598484848484849,2.68587,2.77725,14,125.0199966430664,22,NL,Blake Snell,605483,13543,13543,12.910074267768127
CIN,Reds,9,9,29,29,0,0,NA,164,695,159,82,76,25,149,50,NA,4,4.17201,1.2703,8.17231,2.75442,2.96698,1.3425,0.214951,0.0724477,0.14250293374061584,NA,0.247746,0.287519,0.728134,4.25517,628.7000000000002,3.8335365853658545,631,3.847560975609756,2.65387,2.50102,15,211.6999969482422,18,NL,Andrew Abbott,671096,29911,29911,4.221949257953275
NYM,Mets,11,9,29,29,0,0,NA,162,680,137,75,69,21,177,61,NA,7,3.82923,1.2182,9.82737,3.37405,2.91264,1.1885,0.26064,0.0894858,0.17115385085344315,NA,0.223677,0.279338,0.733537,3.92575,734.3,4.532716049382715,687,4.2407407407407405,2.63435,2.40515,16,58.22999954223633,25,NL,Freddy Peralta,642547,18679,18679,13.572721869639523
LAD,Dodgers,8,6,24,24,0,0,NA,133,546,110,59,54,17,155,49,NA,3,3.67865,1.197,10.5003,3.31916,3.16353,1.12629,0.283454,0.0896004,0.19385343044996262,NA,0.222169,0.288617,0.736165,3.59324,643.1,4.8353383458646615,598,4.496240601503759,2.62681,2.51421,13,121.20999908447266,22,NL,Tyler Glasnow,607192,14374,14374,11.76108141549373
SDP,Padres,10,10,29,29,0,0,NA,173,714,150,81,75,27,190,52,NA,5,3.91626,1.16896,9.85736,2.72084,3.62291,1.41455,0.265999,0.0734215,0.19257774949073792,NA,0.228807,0.279844,0.74096,3.97743,767.0999999999999,4.434104046242774,723,4.179190751445087,2.5543,2.49582,16,95.2300033569336,29,NL,Nick Pivetta,601713,15454,15454,15.5348012946797
CLE,Guardians,11,11,31,31,0,0,NA,182,764,170,85,79,24,170,54,NA,8,3.90281,1.23386,8.42212,2.68449,3.13733,1.21035,0.222654,0.0709692,0.15168452262878418,NA,0.242355,0.28712,0.731393,4.03932,763.5999999999999,4.195604395604395,752,4.131868131868132,2.54369,2.57852,17,188.52999877929688,5,AL,Tanner Bibee,676440,30134,30134,NA
KCR,Royals,10,8,24,34,0,1,NA,145,614,136,65,60,16,140,49,NA,5,3.7448,1.28033,8.71213,3.05441,2.85231,0.967036,0.22832,0.0800474,0.1482725515961647,NA,0.243213,0.298385,0.735795,3.70857,644.6,4.445517241379311,639,4.406896551724138,2.52619,2.51153,12,203.6699981689453,7,AL,Kris Bubic,663460,21455,21455,NA
DET,Tigers,11,10,29,29,0,0,NA,160,684,145,77,72,21,176,58,NA,7,4.01602,1.26887,9.87099,3.26755,3.02091,1.1938,0.25689,0.0850372,0.17185284942388535,NA,0.234623,0.293836,0.727252,3.89216,705.7,4.4106250000000005,684,4.275,2.48702,2.11347,15,221.08999633789062,6,AL,Jack Flaherty,656427,17479,17479,NA
CIN,Reds,8,7,21,31,0,1,NA,117,486,103,53,49,16,135,34,NA,2,3.73669,1.16926,10.4046,2.63287,3.95179,1.21443,0.278289,0.0704208,0.20786771178245544,NA,0.228031,0.29047,0.733372,3.50558,567.2000000000003,4.84786324786325,543,4.641025641025641,2.47419,2.19499,11,100.66999816894531,18,NL,Chase Burns,695505,35333,35333,10.320558086289042
CHC,Cubs,11,9,29,29,0,0,NA,167,699,156,78,72,22,149,49,NA,7,3.88941,1.22574,8.01349,2.61611,3.06313,1.16513,0.212945,0.0695188,0.14342616498470306,NA,0.24297,0.284804,0.727009,4.03584,689.5999999999998,4.129341317365268,679,4.065868263473054,2.41906,2.59725,16,232.55999755859375,17,NL,Matthew Boyd,571510,15440,15440,11.116987697033176
CIN,Reds,9,9,28,28,0,0,NA,151,640,140,75,70,21,154,42,NA,16,4.1343,1.20156,9.17356,2.47746,3.70281,1.24745,0.241013,0.0650891,0.1759236454963684,NA,0.240763,0.292883,0.701427,4.04409,629.1000000000001,4.166225165562915,616,4.079470198675497,2.36258,2.35225,14,126.47000122070312,18,NL,Nick Lodolo,666157,26378,26378,8.069466171621386
PIT,Pirates,10,11,31,31,0,0,NA,175,751,174,88,82,22,152,53,NA,11,4.19268,1.29668,7.80292,2.71637,2.87256,1.10871,0.202514,0.0704994,0.1320142298936844,NA,0.253959,0.297779,0.705988,4.09378,684.0000000000001,3.9085714285714293,701,4.005714285714285,2.33999,2.38206,16,569.21002197265625,27,NL,Mitch Keller,656605,17594,17594,3.335713339672293
SEA,Mariners,11,10,31,31,0,0,NA,179,749,166,82,76,24,167,51,NA,7,3.81689,1.20843,8.38765,2.54297,3.29837,1.22555,0.223331,0.0677096,0.15562153607606888,NA,0.24028,0.283538,0.735471,4.00047,757.8000000000001,4.233519553072626,743,4.150837988826815,2.33486,2.16617,17,172.60000610351562,11,AL,Luis Castillo,622491,15689,15689,NA
CIN,Reds,10,12,31,31,0,0,NA,169,726,165,89,82,25,160,54,NA,10,4.37771,1.29694,8.53286,2.88916,2.9534,1.31346,0.221042,0.0748432,0.1461988389492035,NA,0.249775,0.295034,0.707945,4.28214,642.1000000000001,3.7994082840236696,648,3.834319526627219,2.33454,2.13389,15,318.2099914550781,18,NL,Brady Singer,663903,25377,25377,2.7230707577235655
LAA,Angels,9,10,31,31,0,0,NA,169,728,165,86,79,25,173,63,NA,5,4.20876,1.34191,9.20507,3.32379,2.76945,1.33083,0.238066,0.0859613,0.15210451185703278,NA,0.249519,0.302403,0.737695,4.20677,656.1000000000001,3.88224852071006,662,3.9171597633136095,2.32465,1.96174,15,503.260009765625,1,AL,Yusei Kikuchi,579328,20633,20633,NA
LAD,Dodgers,8,5,23,23,0,0,NA,116,471,91,49,45,15,138,40,NA,6,3.51178,1.13265,10.7097,3.12062,3.43192,1.18038,0.292261,0.0851598,0.20710156112909317,NA,0.213878,0.278211,0.746098,3.65117,575.3000000000001,4.95948275862069,523,4.508620689655173,2.30605,2.45768,13,1.2999999523162842,22,NL,Shohei Ohtani,660271,19755,19755,13.75736897524398
SDP,Padres,4,2,0,66,32,2,NA,66,259,39,19,18,6,106,24,NA,2,2.43299,0.962726,14.5007,3.3328700000000002,4.35082,0.812601,0.41026,0.0942949,0.31596532464027405,NA,0.168176,0.275726,0.803544,2.30056,615.2000000000002,9.321212121212124,554,8.393939393939394,2.3046,2.39491,0,28.979999542236328,29,NL,Mason Miller,695243,31757,31757,22.02036140420595
NYY,Yankees,11,9,28,28,0,0,NA,155,655,136,74,69,21,163,56,NA,6,3.9972,1.24213,9.44922,3.26632,2.89293,1.19623,0.248604,0.0859352,0.16266919672489166,NA,0.230249,0.28315,0.722282,3.97737,675.1,4.355483870967742,642,4.141935483870967,2.30232,1.97265,15,194.19000244140625,9,AL,Carlos Rodón,607074,16137,16137,NA
LAD,Dodgers,9,7,24,42,0,1,NA,143,594,121,67,63,20,162,50,NA,6,3.96427,1.19896,10.2245,3.15822,3.23744,1.29034,0.272692,0.0842306,0.18846119940280914,NA,0.224859,0.282772,0.727583,3.91074,657.6,4.5986013986013985,615,4.300699300699301,2.29728,1.98554,11,120.44000244140625,22,NL,Emmet Sheehan,686218,29839,29839,10.779623614564525
TBR,Rays,11,11,31,31,0,0,NA,169,707,148,82,76,24,173,61,NA,8,4.05111,1.23149,9.21044,3.22596,2.8551,1.2988,0.244738,0.0857195,0.15901806950569153,NA,0.231333,0.279606,0.726551,4.18713,709.6000000000001,4.198816568047338,672,3.9763313609467454,2.29151,2.25648,16,132.3300018310547,12,AL,Ryan Pepiot,686752,26221,26221,NA
NYM,Mets,9,8,29,29,0,0,NA,163,705,157,76,70,16,146,64,NA,8,3.85162,1.35045,8.07781,3.51966,2.29505,0.860979,0.20754,0.0904292,0.11711066961288452,NA,0.246789,0.298424,0.726741,3.89532,677.2,4.154601226993865,683,4.190184049079755,2.27256,2.36233,16,487.260009765625,25,NL,David Peterson,656849,20302,20302,2.984248852897024
MIA,Marlins,8,9,28,28,0,0,NA,135,561,117,65,61,19,145,46,NA,4,4.04028,1.20564,9.65026,3.09152,3.12152,1.25957,0.258566,0.0828333,0.17573264986276627,NA,0.228559,0.282119,0.717315,3.93455,601.0999999999999,4.452592592592592,568,4.207407407407407,2.25557,2.07683,14,83.80999755859375,20,NL,Eury Pérez,691587,27768,27768,7.520143223430118
SDP,Padres,9,9,28,28,0,0,NA,158,665,150,73,68,20,145,41,NA,13,3.89021,1.2147,8.28125,2.34545,3.53077,1.15834,0.218077,0.0617648,0.15631239861249924,NA,0.245986,0.291677,0.723504,3.99009,661.2,4.184810126582279,658,4.1645569620253164,2.25287,2.38664,15,218.3699951171875,29,NL,Joe Musgrove,605397,12970,12970,9.930550482155159
TBR,Rays,7,8,23,37,0,1,NA,138,585,137,65,60,17,122,37,NA,5,3.94637,1.26876,7.98775,2.447,3.26431,1.14201,0.209287,0.0641137,0.14517315477132797,NA,0.253328,0.29787,0.729976,3.92653,577.9000000000001,4.187681159420291,591,4.282608695652174,2.23591,1.87364,11,731.77001953125,12,AL,Steven Matz,571927,13361,13361,NA
LAA,Angels,9,9,24,34,0,1,NA,145,613,129,71,66,19,159,53,NA,7,4.07668,1.25348,9.8453,3.27315,3.0079,1.16608,0.258713,0.0860114,0.17270202189683914,NA,0.233178,0.293247,0.714612,3.86874,645.9,4.454482758620689,620,4.275862068965517,2.18326,1.84338,11,320.3299865722656,1,AL,Reid Detmers,672282,27468,27468,NA
PHI,Phillies,7,3,0,70,29,3,NA,70,285,55,23,21,4,84,22,NA,4,2.67149,1.09864,10.8311,2.83541,3.81993,0.534399,0.296004,0.0774894,0.21851488202810287,NA,0.211931,0.297471,0.756835,2.60488,572.8,8.182857142857141,545,7.785714285714286,2.14244,2.28675,0,40.209999084472656,26,NL,Jhoan Duran,661395,21029,21029,19.311354972170744
KCR,Royals,10,11,29,29,0,0,NA,164,696,165,84,79,22,128,48,NA,5,4.30871,1.29797,7.01379,2.64284,2.65389,1.23079,0.18401699999999999,0.0693385,0.1146780252456665,NA,0.256783,0.289662,0.709261,4.32587,611,3.725609756097561,631,3.847560975609756,2.14223,1.99102,14,674.78997802734375,7,AL,Michael Wacha,608379,14078,14078,NA
MIN,Twins,8,9,28,28,0,0,NA,155,648,153,80,74,25,140,37,NA,6,4.31537,1.2228,8.11714,2.12842,3.8137,1.47614,0.215544,0.0565185,0.15902571752667427,NA,0.25217,0.288994,0.712737,4.28258,592.7,3.823870967741936,601,3.8774193548387097,2.13316,1.60117,14,301,8,AL,Bailey Ober,641927,21224,21224,NA
NYM,Mets,10,9,28,28,0,0,NA,153,663,152,72,66,13,125,57,NA,9,3.89106,1.36813,7.36605,3.36459,2.18929,0.78393,0.188457,0.0860817,0.10237570852041245,NA,0.254213,0.301823,0.718473,3.92559,629.0999999999999,4.1117647058823525,648,4.235294117647059,2.11508,2.14463,15,393.8399963378906,25,NL,Clay Holmes,605280,13649,13649,2.445346575131389
ATH,Athletics,10,11,31,31,0,0,NA,171,725,170,89,83,27,146,54,NA,4,4.37712,1.31294,7.69724,2.83411,2.71593,1.41991,0.201084,0.0740388,0.1270454302430153,NA,0.254888,0.289491,0.725253,4.48834,609.3000000000002,3.563157894736843,622,3.6374269005847952,2.11077,1.93098,15,999,10,AL,Jeffrey Springs,605488,17677,17677,NA
ATH,Athletics,10,11,31,31,0,0,NA,181,777,183,97,90,24,145,57,NA,12,4.48449,1.32848,7.20477,2.83856,2.53818,1.21033,0.185938,0.0732565,0.11268151551485062,NA,0.258076,0.293796,0.692833,4.42188,651.4000000000001,3.5988950276243097,676,3.734806629834254,2.10954,1.7649,15,732.04998779296875,10,AL,Luis Severino,622663,15890,15890,NA
ARI,Diamondbacks,13,11,31,31,0,0,NA,182,769,174,88,81,23,170,59,NA,6,4.02871,1.28017,8.40499,2.91851,2.87989,1.13521,0.220632,0.0766112,0.1440204605460167,NA,0.24676,0.294894,0.721913,3.98422,756.5000000000001,4.156593406593407,756,4.153846153846154,2.10818,2.72867,16,225.9499969482422,15,NL,Zac Gallen,668678,19291,19291,10.128018482165539
LAA,Angels,7,8,23,23,0,0,NA,122,516,112,58,54,16,128,41,NA,5,3.94651,1.25508,9.44028,3.015,3.13111,1.18412,0.248393,0.0793305,0.16906201094388962,NA,0.239025,0.295454,0.727198,3.86831,532.8000000000002,4.3672131147541,520,4.262295081967213,2.09898,1.83605,12,262.0199890136719,1,AL,Grayson Rodriguez,680570,24492,24492,NA
DET,Tigers,9,9,28,28,0,0,NA,145,616,143,71,65,19,129,41,NA,5,4.05269,1.26779,8.01843,2.52064,3.1811,1.20124,0.21003,0.0660241,0.1440054103732109,NA,0.251329,0.294003,0.721467,4.02432,587.5,4.051724137931035,598,4.124137931034483,2.08895,1.79589,14,276.4700012207031,6,AL,Casey Mize,663554,20492,20492,NA
NYY,Yankees,8,7,23,23,0,0,NA,136,564,122,64,59,19,135,39,NA,5,3.92867,1.18773,8.9406,2.60821,3.42787,1.29114,0.239165,0.0697706,0.16939391940832138,NA,0.234565,0.280347,0.727041,3.99003,593.5,4.363970588235294,571,4.198529411764706,2.05955,1.8321,12,265.2300109863281,9,AL,Gerrit Cole,543037,13125,13125,NA
ARI,Diamondbacks,10,8,28,28,0,0,NA,159,668,154,75,69,21,141,48,NA,3,3.93709,1.27337,8.01762,2.69582,2.97409,1.18785,0.21172,0.0711881,0.1405319720506668,NA,0.250482,0.293839,0.736041,4.02864,646.9000000000002,4.0685534591194985,651,4.09433962264151,2.05941,2.57904,15,248.35000610351562,15,NL,Merrill Kelly,518876,11156,11156,7.450842520247391
CLE,Guardians,10,9,31,31,0,0,NA,168,716,149,78,72,21,172,71,NA,6,3.85084,1.30921,9.20706,3.80132,2.42207,1.12109,0.240532,0.0993083,0.14122315496206284,NA,0.233601,0.28778,0.745973,4.07864,710.5000000000001,4.229166666666667,680,4.0476190476190474,2.05845,2.42619,17,140.72000122070312,5,AL,Gavin Williams,668909,30122,30122,NA
BAL,Orioles,9,8,26,26,0,0,NA,142,605,140,70,64,17,122,46,NA,5,4.0803,1.3098,7.73604,2.91512,2.65377,1.10237,0.201969,0.0761066,0.12586260586977005,NA,0.252871,0.296016,0.718846,4.07955,568.6999999999999,4.004929577464789,580,4.084507042253521,2.05728,1.63318,13,160.77000427246094,2,AL,Trevor Rogers,669432,22286,22286,NA
PIT,Pirates,8,9,23,45,0,1,NA,149,635,146,69,64,16,132,45,NA,7,3.83709,1.28304,7.93794,2.72551,2.91247,0.973049,0.207172,0.0711328,0.13603894412517548,NA,0.250684,0.298658,0.727635,3.81818,638.2000000000002,4.283221476510068,649,4.355704697986577,2.03138,2.36911,11,266.0199890136719,27,NL,Braxton Ashcraft,677952,23793,23793,4.9990412569843805
TOR,Blue Jays,8,7,21,29,0,1,NA,126,522,121,56,52,16,115,29,NA,3,3.70998,1.19409,8.21873,2.09777,3.91784,1.12255,0.220061,0.056169,0.1638922020792961,NA,0.246977,0.293107,0.734286,3.70617,559.0000000000001,4.436507936507938,560,4.444444444444445,2.02835,1.99465,11,258.510009765625,14,AL,Shane Bieber,669456,19427,19427,NA
CHW,White Sox,8,10,29,29,0,0,NA,160,675,145,80,74,21,150,60,NA,11,4.18897,1.28378,8.45695,3.38665,2.49714,1.16534,0.221938,0.0888771,0.13306137174367905,NA,0.239544,0.28611,0.710193,4.27561,635.7,3.9731250000000005,614,3.8375,2.02167,1.92368,15,250.4199981689453,4,AL,Shane Smith,681343,31687,31687,NA
ARI,Diamondbacks,10,10,29,29,0,0,NA,163,692,167,83,77,22,145,37,NA,7,4.2175,1.25103,8.00046,2.06262,3.87878,1.22649,0.209879,0.0541097,0.15576978772878647,NA,0.258003,0.301688,0.703466,3.9535,659.3999999999999,4.045398773006134,687,4.214723926380368,2.01644,2.01744,15,702.8800048828125,15,NL,Brandon Pfaadt,694297,27782,27782,5.318911981117317
MIL,Brewers,10,10,29,29,0,0,NA,174,742,169,86,80,21,145,59,NA,8,4.1224,1.31507,7.52816,3.05941,2.46066,1.06996,0.195741,0.0795481,0.11619295924901962,NA,0.250783,0.291935,0.712591,4.16255,678.9000000000002,3.9017241379310357,686,3.942528735632184,2.00689,2.27607,15,269.1600036621094,23,NL,Quinn Priester,682990,25977,25977,3.0514050189112982
TEX,Rangers,9,9,28,28,0,0,NA,148,631,133,76,71,19,141,61,NA,6,4.28499,1.30742,8.5764,3.69413,2.32163,1.18306,0.223764,0.0963822,0.12738136947155,NA,0.235443,0.280891,0.709773,4.28512,596.7,4.031756756756757,574,3.8783783783783785,1.96705,1.41855,14,234.74000549316406,13,AL,Jack Leiter,683004,30146,30146,NA
TOR,Blue Jays,7,6,24,36,0,1,NA,134,564,113,61,57,16,146,56,NA,4,3.80159,1.25765,9.80755,3.74813,2.61665,1.04291,0.25935,0.0991152,0.16023460775613785,NA,0.223922,0.284322,0.730157,3.79756,617,4.604477611940299,578,4.313432835820896,1.96241,1.81055,12,144.55999755859375,14,AL,Trey Yesavage,702056,35456,35456,NA
NYM,Mets,10,8,26,26,0,0,NA,145,624,132,67,62,15,140,56,NA,10,3.81902,1.29399,8.7011,3.49365,2.49055,0.936218,0.225156,0.090404,0.13475172221660614,NA,0.236283,0.290212,0.724416,3.93476,627.3,4.3262068965517235,612,4.220689655172414,1.95438,2.1654,14,91.44000244140625,25,NL,Nolan McLean,690997,33703,33703,7.010692961168107
ATL,Braves,9,8,24,36,0,1,NA,144,603,131,66,61,17,145,50,NA,4,3.82855,1.25643,9.04928,3.12449,2.89624,1.07329,0.240138,0.0829137,0.15722455084323883,NA,0.238448,0.293845,0.733316,3.7959,647.9000000000001,4.499305555555556,631,4.381944444444445,1.94646,2.38906,12,310.489990234375,16,NL,Reynaldo López,625643,16400,16400,8.368578043697553
BOS,Red Sox,9,10,28,28,0,0,NA,153,660,154,78,72,17,127,54,NA,8,4.22027,1.36,7.49194,3.18251,2.35409,0.995802,0.192502,0.0817734,0.11072894185781479,NA,0.256958,0.301246,0.706917,4.1319,590.7,3.8607843137254907,612,4,1.92459,1.95627,14,405.8599853515625,3,AL,Brayan Bello,678394,23920,23920,NA
TOR,Blue Jays,9,8,21,49,0,1,NA,149,629,141,72,67,20,147,44,NA,6,4.0342,1.24196,8.857,2.66919,3.31823,1.2256,0.233529,0.0703775,0.16315149515867233,NA,0.243803,0.29347,0.71941600000000006,3.94651,638.0000000000001,4.281879194630873,633,4.248322147651007,1.90374,1.4272,9,266.80999755859375,14,AL,Cody Ponce,664074,17920,17920,NA
BAL,Orioles,11,10,29,39,0,1,NA,176,757,172,88,81,24,160,60,NA,12,4.17555,1.32538,8.18986,3.09494,2.64621,1.20442,0.211177,0.0798035,0.13137315958738327,NA,0.251735,0.296895,0.72308,4.2854,668,3.7954545454545454,676,3.840909090909091,1.8844,1.78136,14,439.2300109863281,2,AL,Chris Bassitt,605135,12304,12304,NA
MIN,Twins,7,7,21,33,0,1,NA,122,515,120,58,54,17,121,30,NA,3,4.00118,1.23214,8.89211,2.22094,4.00376,1.27494,0.234015,0.0584489,0.17556646838784218,NA,0.249373,0.299006,0.728358,3.8125,528.7000000000002,4.333606557377051,536,4.39344262295082,1.88121,1.51999,10,300.4700012207031,8,AL,Zebby Matthews,805673,31827,31827,NA
PIT,Pirates,8,9,26,36,0,1,NA,147,632,138,73,67,17,135,56,NA,10,4.11871,1.32938,8.32312,3.46942,2.399,1.07304,0.214266,0.0893148,0.12495122104883194,NA,0.244214,0.292332,0.717499,4.18882,595.8999999999999,4.053741496598638,590,4.01360544217687,1.85569,1.95828,12,148.52999877929688,27,NL,Bubba Chandler,696149,29868,29868,1.59778964063931
CLE,Guardians,6,3,0,70,30,3,NA,70,285,53,24,22,6,91,22,NA,4,2.84671,1.06668,11.6798,2.84149,4.11045,0.761812,0.319045,0.077618,0.24142692238092422,NA,0.203307,0.288284,0.760442,2.76179,572.4000000000001,8.177142857142858,538,7.685714285714286,1.85031,1.86163,0,40.720001220703125,5,AL,Cade Smith,671922,27867,27867,NA
MIA,Marlins,7,7,23,31,0,1,NA,129,545,128,60,56,16,112,32,NA,8,3.88581,1.23542,7.8184,2.20974,3.53815,1.10634,0.206047,0.0582357,0.14781085029244423,NA,0.253463,0.297535,0.722243,3.92762,533,4.131782945736434,545,4.224806201550388,1.85023,1.99367,11,544.719970703125,20,NL,Braxton Garrett,666129,21844,21844,4.485074864527319
CHC,Cubs,9,7,26,26,0,0,NA,137,577,117,65,60,17,146,55,NA,8,3.92133,1.24923,9.59652,3.58812,2.67453,1.08444,0.253579,0.0948126,0.15876615047454834,NA,0.226801,0.284798,0.718105,3.93317,603.5000000000002,4.405109489051097,567,4.138686131386861,1.82849,2.02469,14,181.83999633789062,17,NL,Edward Cabrera,665795,21690,21690,7.550181371051695
TBR,Rays,5,3,0,67,12,10,NA,67,271,53,23,21,6,87,19,NA,2,2.83114,1.06421,11.6707,2.52555,4.62105,0.832091,0.320172,0.0692856,0.25088660418987274,NA,0.20973,0.294477,0.768886,2.68539,495.2,7.3910447761194025,468,6.985074626865671,1.82477,1.72938,0,181.02000427246094,12,AL,Griffin Jax,643377,20253,20253,NA
ATH,Athletics,8,8,24,24,0,0,NA,131,560,118,65,61,18,136,52,NA,8,4.17017,1.30402,9.36608,3.61317,2.5922,1.26657,0.242732,0.0936393,0.1490929052233696,NA,0.235848,0.287976,0.727372,4.26471,533.2,4.070229007633588,513,3.9160305343511452,1.81023,1.80093,12,467.4200134277344,10,AL,Jacob Lopez,682052,25098,25098,NA
WSN,Nationals,7,9,26,26,0,0,NA,135,585,133,69,63,15,116,48,NA,10,4.19841,1.33449,7.69209,3.17495,2.42275,0.994275,0.197518,0.0815266,0.11599165946245193,NA,0.251718,0.296854,0.701456,4.14302,526.7,3.9014814814814818,538,3.9851851851851854,1.80991,1.63252,13,354.8599853515625,24,NL,Cade Cavalli,676917,27473,27473,-1.5980895400056214
CHC,Cubs,9,8,26,26,0,0,NA,147,606,140,71,66,26,134,33,NA,4,4.04115,1.17638,8.20923,2.00271,4.09906,1.56516,0.221095,0.053938,0.1671568863093853,NA,0.246184,0.2797,0.743734,4.32452,561,3.816326530612245,554,3.7687074829931975,1.80148,2.03524,13,172.52999877929688,17,NL,Shota Imanaga,684007,33829,33829,9.224197933692496
BAL,Orioles,9,9,28,28,0,0,NA,152,645,142,77,72,22,149,54,NA,8,4.28116,1.2947,8.84515,3.20851,2.75678,1.27762,0.23077,0.0837099,0.14705994725227356,NA,0.24362,0.292057,0.714758,4.23805,597,3.9276315789473686,586,3.8552631578947367,1.79474,1.53418,14,199.50999450683594,2,AL,Shane Baz,669358,22264,22264,NA
HOU,Astros,9,9,26,26,0,0,NA,153,663,150,80,74,20,145,62,NA,7,4.3689,1.38862,8.54193,3.66239,2.33233,1.162,0.219053,0.09392,0.12513280659914017,NA,0.253127,0.304489,0.715755,4.27895,579.2,3.78562091503268,588,3.843137254901961,1.76234,1.40322,13,999,21,AL,Tatsuya Imai,837227,sa3062955,sa3062955,NA
MIL,Brewers,9,8,24,32,0,1,NA,134,571,110,64,59,17,154,61,NA,9,3.98301,1.28174,10.3589,4.10984,2.52051,1.13245,0.269402,0.106884,0.16251766681671143,NA,0.220137,0.282958,0.727976,4.04184,598.4999999999999,4.466417910447761,551,4.111940298507463,1.74656,1.88404,12,124.05000305175781,23,NL,Jacob Misiorowski,694819,31623,31623,7.118148586508079
LAD,Dodgers,5,2,0,66,36,3,NA,66,268,47,24,22,7,93,23,NA,4,2.98043,1.06953,12.6745,3.18242,3.98265,0.912122,0.34695,0.0871153,0.25983423739671707,NA,0.196786,0.28874,0.761765,2.89876,577.1,8.743939393939394,536,8.121212121212121,1.73475,1.7274,0,32.529998779296875,22,NL,Edwin Díaz,621242,14710,14710,19.180191869253964
MIN,Twins,7,8,23,33,0,1,NA,132,561,125,67,62,18,125,46,NA,4,4.25138,1.2991,8.54028,3.15447,2.70736,1.20524,0.223315,0.0824845,0.14083047211170197,NA,0.245195,0.292428,0.709979,4.11962,534.4000000000002,4.04848484848485,530,4.015151515151516,1.71055,1.35574,10,587.78997802734375,8,AL,Taj Bradley,671737,22543,22543,NA
DET,Tigers,8,8,26,26,0,0,NA,141,602,140,72,68,20,116,44,NA,6,4.31147,1.30668,7.43374,2.82884,2.62784,1.27131,0.193269,0.0735466,0.11972221732139587,NA,0.25314,0.288218,0.714778,4.37991,515.4000000000001,3.655319148936171,527,3.7375886524822697,1.70667,1.44276,13,702.469970703125,6,AL,Justin Verlander,434378,8700,8700,NA
ARI,Diamondbacks,9,8,28,38,0,1,NA,167,702,165,82,76,22,138,46,NA,5,4.09191,1.26815,7.42712,2.50717,2.96236,1.19197,0.1961,0.0661972,0.12990250438451767,NA,0.253837,0.291463,0.718435,4.13569,663.1999999999998,3.971257485029939,676,4.047904191616767,1.69192,2.24397,13,267.1199951171875,15,NL,Ryne Nelson,669194,26253,26253,4.684797997628863
TBR,Rays,9,10,21,47,0,1,NA,147,626,150,76,71,19,114,41,NA,6,4.32375,1.2946,6.94819,2.4727,2.80996,1.13579,0.181664,0.0646501,0.11701430380344391,NA,0.259007,0.29403,0.695592,4.16815,555.0999999999999,3.7761904761904757,579,3.938775510204082,1.67771,1.17224,9,700.8800048828125,12,AL,Nick Martinez,607259,12730,12730,NA
BOS,Red Sox,5,3,0,62,31,2,NA,62,255,45,22,20,5,88,28,NA,2,2.96363,1.16967,12.7572,4.05083,3.14929,0.786612,0.344339,0.109338,0.2350001558661461,NA,0.197696,0.29611,0.778244,2.86652,529.3,8.537096774193548,494,7.967741935483871,1.67712,1.74328,0,62.5099983215332,3,AL,Aroldis Chapman,547973,10233,10233,NA
WSN,Nationals,6,7,19,34,0,1,NA,125,531,124,62,57,16,113,36,NA,6,4.11083,1.27509,8.09208,2.58001,3.13645,1.15291,0.212214,0.0676605,0.1445532888174057,NA,0.253097,0.298922,0.713794,3.99686,509.80000000000007,4.0784,521,4.168,1.66808,1.57502,9,999,24,NL,Foster Griffin,656492,16432,16432,0.7559094886786032
ATL,Braves,6,4,15,15,0,0,NA,89,361,82,38,35,11,87,18,NA,3,3.52051,1.12862,8.7979,1.85953,4.73125,1.0867,0.240157,0.0507598,0.18939736485481262,NA,0.24106,0.293877,0.733289,3.48659,421.09999999999997,4.731460674157303,413,4.640449438202247,1.66268,1.85446,9,514.15997314453125,16,NL,Spencer Schwellenbach,680885,31846,31846,7.3246059454502435
NYY,Yankees,8,7,23,23,0,0,NA,121,515,110,59,54,16,119,45,NA,6,4.03533,1.2836,8.87314,3.33496,2.66064,1.17582,0.231112,0.0868634,0.1442488208413124,NA,0.237184,0.286281,0.724193,4.11082,497.60000000000014,4.112396694214877,482,3.9834710743801653,1.65455,1.41236,12,128.7899932861328,9,AL,Cam Schlittler,693645,32095,32095,NA
COL,Rockies,8,12,29,29,0,0,NA,160,700,185,95,89,25,118,42,NA,6,5.01791,1.41973,6.68408,2.35723,2.83556,1.42826,0.16927,0.0596956,0.10957490280270576,NA,0.283205,0.313509,0.685902,4.61057,487.5,3.046875,567,3.54375,1.64337,1.72464,12,999,19,NL,Kyle Freeland,607536,16256,16256,-12.987754762445642
LAD,Dodgers,7,6,19,41,0,1,NA,123,528,115,62,57,17,129,44,NA,8,4.1617,1.2864,9.41375,3.19605,2.94543,1.21561,0.244267,0.0829308,0.16133616119623184,NA,0.240902,0.296567,0.71741,4.04793,508.1,4.130894308943089,500,4.065040650406504,1.6423,1.26162,8,232,22,NL,Roki Sasaki,808963,35323,35323,1.8468222554518028
KCR,Royals,8,8,26,26,0,0,NA,142,604,140,71,66,19,120,46,NA,5,4.19578,1.31234,7.57829,2.91549,2.59932,1.22211,0.197968,0.0761615,0.12180659174919128,NA,0.253899,0.292484,0.721312,4.29779,540.0999999999999,3.803521126760563,550,3.8732394366197185,1.62954,1.89948,13,265.8399963378906,7,AL,Noah Cameron,702070,30184,30184,NA
CHW,White Sox,5,5,3,80,5,15,NA,92,386,79,39,36,9,103,33,NA,2,3.46694,1.20936,10.0808,3.2234,3.12738,0.86517,0.267831,0.0856405,0.18219000101089478,NA,0.223609,0.291484,0.734034,3.27091,550.7,5.985869565217392,529,5.75,1.60101,1.35655,1,493.4700012207031,4,AL,Grant Taylor,691799,33927,33927,NA
SEA,Mariners,8,8,26,26,0,0,NA,141,590,131,69,64,20,125,42,NA,5,4.11193,1.22633,7.98581,2.67209,2.9886,1.26393,0.212029,0.0709457,0.14108304679393768,NA,0.241392,0.279533,0.714887,4.18996,565.8000000000001,4.012765957446809,554,3.9290780141843973,1.59856,1.2263,13,231.47000122070312,11,AL,Bryce Miller,682243,29837,29837,NA
KCR,Royals,9,10,28,28,0,0,NA,160,687,161,84,78,23,135,53,NA,6,4.38996,1.34087,7.58281,2.98002,2.54455,1.31946,0.196113,0.077072,0.11904146522283554,NA,0.2572,0.293907,0.718514,4.4666,575.5,3.596875,594,3.7125,1.59495,1.74317,14,488.510009765625,7,AL,Seth Lugo,607625,12447,12447,NA
HOU,Astros,6,7,24,34,0,1,NA,131,554,121,64,60,19,129,44,NA,5,4.10618,1.26487,8.88834,3.05091,2.91334,1.3003,0.233557,0.0801683,0.15338901430368423,NA,0.240406,0.287359,0.727331,4.16961,536.1,4.092366412213741,523,3.9923664122137406,1.58333,1.43398,11,274.260009765625,21,AL,Mike Burrows,681347,24728,24728,NA
STL,Cardinals,9,10,24,38,0,1,NA,156,662,144,78,72,19,141,57,NA,11,4.17503,1.28584,8.18015,3.2701,2.5015,1.07266,0.213742,0.0854455,0.12829633802175522,NA,0.241662,0.288008,0.702451,4.17194,628.3000000000001,4.027564102564103,615,3.9423076923076925,1.58327,1.63759,11,656.29998779296875,28,NL,Dustin May,669160,19716,19716,3.508282091636033
CHC,Cubs,9,9,28,28,0,0,NA,153,641,155,80,75,25,119,36,NA,4,4.39783,1.25318,6.98971,2.12408,3.2907,1.46698,0.184946,0.0562027,0.12874358147382736,NA,0.258329,0.284927,0.711056,4.48603,539.7,3.527450980392157,558,3.6470588235294117,1.57403,1.49241,13,381.9100036621094,17,NL,Jameson Taillon,592791,11674,11674,1.8200875269014807
MIN,Twins,7,8,24,32,0,1,NA,135,577,130,70,66,19,122,50,NA,4,4.38371,1.33717,8.15062,3.33879,2.44119,1.27604,0.211355,0.0865786,0.12477617710828781,NA,0.248683,0.290508,0.714503,4.36594,513.3,3.802222222222222,514,3.8074074074074074,1.57319,1.26428,11,519,8,AL,Simeon Woods Richardson,680573,24494,24494,NA
STL,Cardinals,9,10,28,28,0,0,NA,150,643,149,76,70,19,125,48,NA,6,4.22159,1.31325,7.49616,2.90425,2.58111,1.12403,0.194606,0.0753965,0.11920984089374542,NA,0.252965,0.292654,0.708851,4.1855,576.9,3.8459999999999996,591,3.94,1.53976,1.63472,14,741.66998291015625,28,NL,Matthew Liberatore,669461,22294,22294,1.2454209289886513
STL,Cardinals,8,8,23,33,0,1,NA,137,575,141,66,60,16,96,33,NA,4,3.9814,1.27364,6.2974,2.15268,2.92538,1.02436,0.166244,0.056828,0.10941549018025398,NA,0.26232,0.294137,0.712585,4.01178,535.4000000000002,3.9080291970802934,562,4.102189781021898,1.52034,1.72894,11,741.8599853515625,28,NL,Michael McGreevy,700241,29869,29869,2.8885477973325564
NA,NA,8,10,28,28,0,0,NA,162,683,172,89,83,28,123,33,NA,6,4.61598,1.26991,6.84166,1.86386,3.6707,1.53595,0.179995,0.0490355,0.13095932081341743,NA,0.267254,0.292898,0.698385,4.57304,536.2,3.3098765432098767,575,3.549382716049383,1.51162,1.18723,13,721.260009765625,-1,NA,Zack Littell,641793,15823,15823,NA
MIA,Marlins,8,9,24,34,0,1,NA,137,586,135,70,64,18,123,45,NA,5,4.23569,1.32073,8.10851,2.9821,2.71906,1.19071,0.210399,0.0773791,0.1330195665359497,NA,0.252562,0.297169,0.713416,4.14716,541.4000000000002,3.9518248175182498,551,4.021897810218978,1.50589,1.56433,11,510.739990234375,20,NL,Max Meyer,676974,27474,27474,0.738388299489593
ARI,Diamondbacks,8,8,23,31,0,1,NA,132,569,133,67,62,18,118,46,NA,3,4.21712,1.35493,8.05128,3.15649,2.55071,1.22486,0.207841,0.0814835,0.12635713070631027,NA,0.255405,0.29923,0.729324,4.23232,502.6000000000002,3.807575757575759,519,3.9318181818181817,1.49921,1.54983,11,999,15,NL,Eduardo Rodriguez,593958,13164,13164,-1.1484213157627208
HOU,Astros,4,2,0,68,3,13,NA,68,281,50,24,22,6,91,28,NA,4,2.9686,1.15839,12.0178,3.76398,3.19286,0.849214,0.322687,0.101065,0.22162168473005295,NA,0.201847,0.288656,0.778623,3.10452,452.4000000000001,6.6529411764705895,415,6.102941176470588,1.49211,1.64088,0,213.64999389648438,21,AL,Bryan Abreu,650556,16609,16609,NA
SFG,Giants,10,10,31,31,0,0,NA,174,741,161,85,80,25,176,65,NA,6,4.12049,1.29856,9.11108,3.35074,2.71913,1.31126,0.237299,0.0872702,0.1500287875533104,NA,0.240174,0.289251,0.737369,4.23303,700.5000000000001,4.025862068965518,684,3.9310344827586206,1.49201,2.06338,16,163.22999572753906,30,NL,Robbie Ray,592662,11486,11486,5.572023491849762
CHW,White Sox,7,10,28,28,0,0,NA,150,648,153,82,76,21,117,51,NA,7,4.5425,1.36615,7.03459,3.08214,2.28237,1.25582,0.180877,0.0792495,0.1016274243593216,NA,0.260387,0.293713,0.702118,4.55542,513.9000000000001,3.4260000000000006,537,3.58,1.49132,1.09723,13,999,4,AL,Davis Martin,663436,21448,21448,NA
MIL,Brewers,8,9,26,26,0,0,NA,140,595,133,73,69,22,131,45,NA,6,4.41864,1.27552,8.41938,2.92445,2.87896,1.44836,0.219798,0.0763462,0.14345162361860275,NA,0.244463,0.282823,0.713947,4.45921,528.5999999999999,3.775714285714285,523,3.7357142857142858,1.48957,1.44295,12,328.70001220703125,23,NL,Chad Patrick,694477,30113,30113,1
HOU,Astros,5,3,0,66,31,2,NA,66,267,47,26,24,8,92,25,NA,2,3.20846,1.09149,12.5693,3.45721,3.63569,1.14787,0.344884,0.0948608,0.2500237300992012,NA,0.194996,0.275654,0.771043,3.26566,533.8000000000001,8.08787878787879,492,7.454545454545454,1.47252,1.2817,0,97.73999786376953,21,AL,Josh Hader,623352,14212,14212,NA
CLE,Guardians,8,7,21,54,0,1,NA,144,615,127,66,61,18,154,63,NA,4,3.80113,1.31926,9.58812,3.94804,2.42857,1.1137,0.249618,0.102784,0.14683397859334946,NA,0.231755,0.289915,0.75445,4.01784,625.0000000000002,4.3402777777777795,597,4.145833333333333,1.45968,1.68362,10,269.1199951171875,5,AL,Joey Cantillo,676282,23335,23335,NA
PIT,Pirates,6,6,18,24,0,1,NA,102,434,94,49,45,12,100,36,NA,5,3.93694,1.27385,8.83917,3.16553,2.79232,1.0743,0.231254,0.0828177,0.14843590557575226,NA,0.239895,0.292723,0.722524,3.93192,443.80000000000007,4.350980392156863,435,4.264705882352941,1.45298,1.53986,9,703.19000244140625,27,NL,Jared Jones,683003,27863,27863,1.655040089526672
BAL,Orioles,9,10,24,36,0,1,NA,149,625,158,78,72,23,115,29,NA,5,4.34244,1.24844,6.91417,1.72345,4.01182,1.40557,0.18334,0.0457001,0.1376403570175171,NA,0.266396,0.296,0.707107,4.29699,540.9000000000001,3.6302013422818797,578,3.879194630872483,1.45182,1.21161,11,683.5999755859375,2,AL,Zach Eflin,621107,13774,13774,NA
NYM,Mets,8,7,21,43,0,1,NA,136,573,124,68,63,20,140,43,NA,7,4.19583,1.22862,9.22534,2.85184,3.23487,1.33354,0.243713,0.0753393,0.16837357729673386,NA,0.237804,0.28697,0.711372,4.12688,572.0000000000001,4.2058823529411775,554,4.073529411764706,1.42602,1.23282,9,278.1400146484375,25,NL,Sean Manaea,640455,15873,15873,5.5778517325696955
CHW,White Sox,6,8,23,23,0,0,NA,129,561,133,69,64,17,105,49,NA,5,4.45079,1.40877,7.31692,3.42161,2.13844,1.19953,0.187158,0.0875207,0.09963718056678772,NA,0.262,0.300476,0.713166,4.49568,447.6999999999999,3.470542635658914,472,3.6589147286821704,1.40808,1.09388,11,999,4,AL,Anthony Kay,641743,20387,20387,NA
CHC,Cubs,8,8,24,24,0,0,NA,127,535,119,63,58,17,111,41,NA,5,4.124,1.25205,7.86507,2.86932,2.74109,1.22624,0.208006,0.0758842,0.1321214810013771,NA,0.242967,0.281536,0.715882,4.23951,505.3000000000002,3.9787401574803165,498,3.921259842519685,1.39655,1.58765,12,191.64999389648438,17,NL,Cade Horton,690990,31872,31872,3.1954316713545845
ATH,Athletics,7,8,24,24,0,0,NA,130,555,128,72,67,21,113,41,NA,7,4.63878,1.30355,7.81463,2.86614,2.72654,1.43582,0.202616,0.0743124,0.12830323725938797,NA,0.251567,0.28585700000000003,0.696062,4.58127,452.90000000000003,3.4838461538461543,459,3.5307692307692307,1.38619,1.04232,11,999,10,AL,Aaron Civale,650644,19479,19479,NA
NYY,Yankees,7,8,21,45,0,1,NA,134,574,126,68,63,18,132,48,NA,6,4.2416,1.30131,8.87196,3.21607,2.75864,1.22684,0.229452,0.083176,0.1462763026356697,NA,0.24219,0.290989,0.711266,4.13136,548.5999999999999,4.094029850746268,542,4.044776119402985,1.38607,1.0166,9,400.739990234375,9,AL,Will Warren,701542,30182,30182,NA
CHC,Cubs,5,4,15,15,0,0,NA,81,336,75,35,32,9,76,22,NA,3,3.57938,1.20046,8.45021,2.47817,3.40986,1.01306,0.226228,0.0663451,0.1598825603723526,NA,0.240833,0.291255,0.737603,3.64771,370.69999999999993,4.576543209876542,365,4.506172839506172,1.35033,1.56341,8,481.8399963378906,17,NL,Justin Steele,657006,17312,17312,3.4718220035931027
NYY,Yankees,5,4,0,65,33,2,NA,65,267,51,25,23,7,81,22,NA,2,3.24063,1.12346,11.199,3.00168,3.73091,1.02687,0.302694,0.0811314,0.22156257182359695,NA,0.211048,0.28343,0.75975,3.23341,525.3,8.081538461538461,497,7.6461538461538465,1.33727,1.26408,0,61.06999969482422,9,AL,David Bednar,670280,19569,19569,NA
NYM,Mets,5,4,0,64,32,3,NA,64,262,46,24,22,6,85,27,NA,3,3.124,1.13531,11.9315,3.76617,3.16807,0.80867,0.323901,0.102239,0.2216614931821823,NA,0.19767,0.283591,0.747438,3.0513,532.1999999999999,8.315624999999999,494,7.71875,1.32686,1.39886,0,64.160003662109375,25,NL,Devin Williams,642207,15816,15816,15.499442933611153
MIL,Brewers,4,2,0,72,19,7,NA,72,299,54,27,25,6,87,33,NA,4,3.11764,1.20632,10.8309,4.12601,2.62504,0.714824,0.289495,0.110282,0.1792125329375267,NA,0.20558,0.283842,0.755163,3.31823,504.60000000000014,7.0083333333333355,468,6.5,1.32613,1.70924,0,163.50999450683594,23,NL,Abner Uribe,682842,25327,25327,9.92774782561956
SFG,Giants,8,8,23,33,0,1,NA,128,552,122,61,56,14,120,50,NA,4,3.94668,1.34031,8.40412,3.48822,2.40929,0.962594,0.216641,0.089919,0.12672163546085358,NA,0.24497,0.296927,0.728141,3.92137,539.8,4.2171875,540,4.21875,1.31401,1.54497,11,704.44000244140625,30,NL,Landen Roupp,694738,30076,30076,1.8099041639050204
STL,Cardinals,8,9,24,24,0,0,NA,134,584,139,69,63,13,94,52,NA,4,4.25133,1.42167,6.3077,3.46666,1.81953,0.852905,0.161095,0.0885365,0.07255831360816956,NA,0.263514,0.30013,0.704054,4.2172,490.29999999999995,3.6589552238805965,521,3.888059701492537,1.31346,1.34663,12,999,28,NL,Andre Pallante,669467,26108,26108,-5.547629990807155
BOS,Red Sox,5,3,0,70,3,14,NA,70,289,61,28,26,7,79,19,NA,3,3.31969,1.14989,10.1014,2.46394,4.09969,0.925162,0.272159,0.0663852,0.20577335357666016,NA,0.230052,0.299368,0.745979,3.17355,436.29999999999995,6.232857142857142,422,6.0285714285714285,1.30944,1.3827,0,665.95001220703125,3,AL,Garrett Whitlock,676477,20191,20191,NA
SFG,Giants,8,8,26,26,0,0,NA,137,576,135,66,62,18,113,42,NA,3,4.05165,1.28799,7.4185,2.7367,2.71075,1.16537,0.195906,0.0722701,0.12363597750663757,NA,0.253463,0.291801,0.725089,4.14683,532.4000000000002,3.886131386861315,542,3.9562043795620436,1.30173,1.69732,13,375.5299987792969,30,NL,Tyler Mahle,641816,16358,16358,2.031213274327664
NYM,Mets,7,7,19,35,0,1,NA,119,509,106,55,51,14,119,52,NA,4,3.85489,1.32436,8.97251,3.9512,2.27083,1.06282,0.233597,0.102869,0.13072869926691055,NA,0.233322,0.286345,0.743412,4.09642,506.79999999999984,4.258823529411764,487,4.092436974789916,1.30051,1.52126,9,251.3699951171875,25,NL,Kodai Senga,673540,31838,31838,2.2825389732309285
MIL,Brewers,7,7,16,38,0,1,NA,105,441,96,52,48,16,106,32,NA,4,4.13465,1.21811,9.06128,2.74539,3.30054,1.38847,0.239819,0.0726604,0.16715823113918304,NA,0.236611,0.281257,0.725625,4.14493,438.6,4.177142857142857,425,4.0476190476190474,1.28289,1.08581,7,254.80999755859375,23,NL,Logan Henderson,701656,31475,31475,3.7781228762592454
CLE,Guardians,7,7,23,23,0,0,NA,121,517,116,58,54,16,111,41,NA,7,4.03126,1.30654,8.32077,3.07064,2.70978,1.18647,0.215461,0.0795122,0.1359485387802124,NA,0.247862,0.293663,0.733639,4.18846,475.0000000000001,3.9256198347107447,475,3.925619834710744,1.27716,1.55708,12,298.3299865722656,5,AL,Parker Messick,800048,31986,31986,NA
MIA,Marlins,4,3,0,62,27,4,NA,62,256,53,25,23,6,65,22,NA,2,3.37955,1.20399,9.36622,3.19626,2.93037,0.814196,0.25202,0.0860028,0.16601696610450745,NA,0.226543,0.289923,0.735919,3.37715,456.2,7.358064516129032,441,7.112903225806452,1.26036,1.27341,0,113.06999969482422,20,NL,Pete Fairbanks,664126,17998,17998,9.611828080788959
SEA,Mariners,4,2,0,64,28,3,NA,64,261,46,22,20,5,82,25,NA,4,2.85672,1.11492,11.5561,3.5024,3.29949,0.746047,0.314616,0.095353,0.21926327049732208,NA,0.199614,0.283337,0.764794,2.98088,521.5,8.1484375,484,7.5625,1.25653,1.46499,0,40.7400016784668,11,AL,Andrés Muñoz,662253,20373,20373,NA
WSN,Nationals,8,9,24,37,0,1,NA,145,625,147,78,72,18,109,50,NA,7,4.46863,1.35949,6.7974,3.08103,2.20621,1.13444,0.175173,0.0794,0.09577275812625885,NA,0.259445,0.293206,0.693708,4.43648,520.4000000000001,3.58896551724138,542,3.7379310344827585,1.25117,1.22844,10,999,24,NL,Brad Lord,695418,31972,31972,-4.634564045669961
BAL,Orioles,8,9,21,42,0,1,NA,139,593,140,73,68,21,119,42,NA,4,4.37309,1.30879,7.67435,2.72516,2.8161,1.35146,0.200451,0.0711802,0.12927065044641495,NA,0.256487,0.293159,0.714661,4.37698,510.3000000000002,3.671223021582735,526,3.7841726618705036,1.24484,0.935317,9,999,2,AL,Dean Kremer,665152,19350,19350,NA
CLE,Guardians,8,10,28,28,0,0,NA,155,655,157,82,76,25,130,40,NA,6,4.44987,1.27327,7.54314,2.31027,3.26505,1.45816,0.197757,0.0605679,0.1371893174946308,NA,0.257824,0.290393,0.708319,4.45092,553.3,3.5696774193548384,572,3.6903225806451614,1.24285,1.20214,13,721.8599853515625,5,AL,Slade Cecconi,677944,27500,27500,NA
COL,Rockies,8,10,26,26,0,0,NA,144,637,157,84,78,20,102,57,NA,6,4.86423,1.48578,6.39259,3.55762,1.79687,1.26514,0.160389,0.0892602,0.07112887501716614,NA,0.273165,0.302407,0.701681,4.85142,426.40000000000015,2.961111111111112,475,3.298611111111111,1.22986,1.68831,11,999,19,NL,Jose Quintana,500779,11423,11423,-13.762724934470173
PHI,Phillies,5,3,0,64,3,12,NA,64,269,53,25,23,6,75,26,NA,2,3.30388,1.24288,10.5185,3.71311,2.83281,0.834873,0.278142,0.098186,0.17995593696832657,NA,0.220791,0.295121,0.760982,3.32744,390.99999999999994,6.109374999999999,371,5.796875,1.22631,1.38199,0,999,26,NL,José Alvarado,621237,17780,17780,4.355086451804379
NYY,Yankees,7,7,19,41,0,1,NA,122,521,113,61,56,16,115,44,NA,5,4.13566,1.28696,8.44736,3.2414,2.60609,1.17669,0.220527,0.0846198,0.13590671122074127,NA,0.24021700000000001,0.285443,0.713345,4.1515,499.2000000000002,4.091803278688526,489,4.008196721311475,1.22423,1.01761,8,243.64999389648438,9,AL,Ryan Weathers,677960,23796,23796,NA
SFG,Giants,8,9,26,26,0,0,NA,147,636,154,75,69,16,105,49,NA,7,4.22694,1.38023,6.43259,2.98844,2.15249,0.96645,0.164561,0.0764514,0.0881098061800003,NA,0.264431,0.299446,0.706867,4.23975,532.6,3.6231292517006803,569,3.870748299319728,1.2157,1.40749,13,999,30,NL,Adrian Houser,605288,12718,12718,-3.9596059034200897
DET,Tigers,4,4,0,68,5,12,NA,68,282,60,27,25,6,69,21,NA,2,3.2985,1.19206,9.19639,2.79676,3.28823,0.747259,0.246113,0.0748468,0.17126651853322983,NA,0.231471,0.295377,0.735946,3.20409,415.4000000000001,6.108823529411766,404,5.9411764705882355,1.20091,1.17518,0,534.719970703125,6,AL,Will Vest,676684,19769,19769,NA
HOU,Astros,8,10,28,28,0,0,NA,148,635,137,82,77,24,138,63,NA,5,4.67147,1.35413,8.41399,3.8503,2.18528,1.47313,0.217269,0.0994239,0.11784550547599792,NA,0.241289,0.278287,0.709584,4.78476,515.8,3.4851351351351347,500,3.3783783783783785,1.19629,0.889178,12,521.530029296875,21,AL,Cristian Javier,664299,17606,17606,NA
ATL,Braves,7,8,21,27,0,1,NA,124,537,128,66,61,15,103,41,NA,5,4.43906,1.35736,7.45463,2.98273,2.49926,1.10981,0.191838,0.0767578,0.11508014798164368,NA,0.259938,0.301352,0.69534,4.19401,472.2999999999999,3.808870967741935,497,4.008064516129032,1.18387,1.1477,9,741.84002685546875,16,NL,Bryce Elder,693821,27779,27779,-4.204921633452353
MIL,Brewers,5,3,0,66,11,9,NA,66,274,54,26,24,7,82,23,NA,2,3.27648,1.1696,11.1369,3.19187,3.48916,1.00563,0.29808,0.0854303,0.2126496061682701,NA,0.216265,0.290691,0.770104,3.26209,441.9000000000001,6.695454545454547,419,6.348484848484849,1.17538,1.27438,0,135.44000244140625,23,NL,Trevor Megill,656730,17722,17722,8.299696037133305
TEX,Rangers,6,7,16,42,0,1,NA,106,453,104,53,49,13,95,33,NA,4,4.18009,1.29399,8.10898,2.77778,2.91923,1.13064,0.210326,0.0720484,0.13827786594629288,NA,0.250422,0.295628,0.706667,4.0135,437.10000000000014,4.123584905660379,444,4.188679245283019,1.16059,0.864709,7,732.21002197265625,13,AL,Kumar Rocker,677958,31843,31843,NA
ATH,Athletics,7,8,19,33,0,1,NA,119,509,114,63,59,17,105,47,NA,4,4.45739,1.35347,7.99658,3.57105,2.23928,1.30422,0.207184,0.0925225,0.11466123908758163,NA,0.248118,0.287623,0.712308,4.54024,436.0999999999999,3.6647058823529406,435,3.6554621848739495,1.13823,1.05402,8,673.489990234375,10,AL,Luis Morales,806960,32227,32227,NA
MIA,Marlins,5,6,16,16,0,0,NA,86,370,85,42,39,10,74,30,NA,3,4.02951,1.33485,7.7621,3.14371,2.46909,1.0774,0.200652,0.0812655,0.11938615143299103,NA,0.251439,0.294757,0.728653,4.10239,341.4,3.9697674418604647,349,4.058139534883721,1.13485,1.26288,8,999,20,NL,Robby Snelling,702281,sa3020707,sa3020707,-2.676329339882638
CHW,White Sox,7,10,26,26,0,0,NA,141,616,136,79,74,22,132,63,NA,6,4.73678,1.41114,8.44514,4.01606,2.10284,1.43358,0.214684,0.102092,0.1125917062163353,NA,0.248404,0.289086,0.713142,4.78836,476.20000000000005,3.3773049645390074,476,3.375886524822695,1.13466,0.843234,12,999,4,AL,Sean Burke,680732,29878,29878,NA
BAL,Orioles,4,3,0,64,25,4,NA,64,266,53,26,24,7,75,23,NA,2,3.37956,1.20142,10.5537,3.29382,3.20409,0.980938,0.282379,0.0881306,0.1942482739686966,NA,0.222047,0.292825,0.755801,3.37752,465.7,7.2765625,445,6.953125,1.13162,1.06145,0,82.839996337890625,2,AL,Ryan Helsley,664854,18138,18138,NA
STL,Cardinals,6,7,18,46,0,1,NA,132,567,130,66,61,15,108,48,NA,5,4.18863,1.3538,7.39645,3.2767,2.25728,1.03537,0.190938,0.0845875,0.10635058581829071,NA,0.253414,0.294636,0.714004,4.18279,515.3000000000002,3.90378787878788,526,3.984848484848485,1.1308,1.19448,8,741.6300048828125,28,NL,Kyle Leahy,681517,24763,24763,-2.8790170892536464
SDP,Padres,6,5,0,68,3,13,NA,68,282,59,28,26,6,69,23,NA,2,3.3912,1.20138,9.09083,3.01164,3.01857,0.800466,0.243757,0.0807526,0.16300451755523682,NA,0.228938,0.289479,0.735392,3.34482,406.0000000000001,5.9705882352941195,392,5.764705882352941,1.11484,1.02375,0,722.719970703125,29,NL,Adrian Morejon,670970,20039,20039,4.83130568651719
ATL,Braves,8,7,19,35,0,1,NA,129,556,125,65,60,17,122,50,NA,6,4.18917,1.35434,8.55514,3.4628,2.47058,1.16698,0.220169,0.089116,0.13105245679616928,NA,0.249716,0.299702,0.723657,4.22378,500.4999999999999,3.879844961240309,504,3.9069767441860463,1.09705,1.43443,9,507.6000061035156,16,NL,Grant Holmes,656550,16944,16944,-0.427815265796063
LAD,Dodgers,4,3,0,63,4,15,NA,63,263,52,26,24,7,72,25,NA,3,3.47075,1.21449,10.2719,3.5458,2.89692,0.943601,0.273576,0.0944367,0.17913928627967834,NA,0.219826,0.287834,0.745131,3.53337,384.90000000000003,6.10952380952381,364,5.777777777777778,1.0916,1.08226,0,711.41998291015625,22,NL,Tanner Scott,656945,17586,17586,2.9921826165617595
BOS,Red Sox,7,6,15,55,0,1,NA,115,492,106,59,54,14,111,47,NA,7,4.25438,1.33973,8.74271,3.72669,2.34597,1.11903,0.226071,0.0963657,0.12970531731843948,NA,0.242189,0.293923,0.710935,4.23345,467.19999999999993,4.062608695652173,457,3.973913043478261,1.09077,0.994038,6,581.90997314453125,3,AL,Johan Oviedo,670912,22487,22487,NA
CLE,Guardians,7,8,21,29,0,1,NA,121,529,123,63,58,17,100,47,NA,4,4.30399,1.39511,7.39624,3.4603,2.13746,1.22672,0.188588,0.0882301,0.10035815089941025,NA,0.256738,0.293565,0.73036,4.52714,417.50000000000006,3.4504132231404965,435,3.5950413223140494,1.08408,1.05021,10,999,5,AL,Logan Allen,671106,27589,27589,NA
SDP,Padres,5,3,0,70,0,15,NA,70,289,52,28,26,8,95,28,NA,2,3.28614,1.15438,12.258,3.65198,3.35655,1.04581,0.329522,0.0981728,0.2313488870859146,NA,0.202585,0.285245,0.766674,3.23583,444.40000000000003,6.348571428571429,406,5.8,1.07124,0.816176,0,606.15997314453125,29,NL,Jeremiah Estrada,669093,22210,22210,6.3897028374589295
NA,NA,7,8,24,24,0,0,NA,133,578,133,74,69,21,119,51,NA,4,4.67505,1.38573,8.03647,3.46899,2.31666,1.4132,0.205484,0.0886983,0.11678563803434372,NA,0.254597,0.292908,0.709604,4.64042,453.1000000000001,3.4067669172932336,465,3.4962406015037595,1.07001,0.882512,11,614.90997314453125,-1,NA,Lucas Giolito,608337,15474,15474,NA
COL,Rockies,7,10,26,26,0,0,NA,143,627,155,87,81,24,114,52,NA,6,5.07701,1.44945,7.15306,3.28987,2.17427,1.49721,0.181027,0.083259,0.09776832908391953,NA,0.272007,0.303452,0.692794,4.92485,414,2.895104895104895,457,3.195804195804196,1.06239,1.35885,11,999,19,NL,Michael Lorenzen,547179,14843,14843,-14.023204081989622
TOR,Blue Jays,5,4,0,63,26,4,NA,63,259,50,26,24,8,76,23,NA,4,3.38611,1.1543,10.8966,3.29687,3.30514,1.11178,0.294062,0.0889711,0.2050904706120491,NA,0.213272,0.281493,0.76113,3.58728,454.80000000000007,7.21904761904762,428,6.7936507936507935,1.04182,0.967083,0,111.33000183105469,14,AL,Jeff Hoffman,656546,17432,17432,NA
CHC,Cubs,4,2,0,52,5,13,NA,52,211,43,19,18,5,58,15,NA,2,3.09074,1.10258,10.0414,2.51443,3.9935,0.850358,0.274882,0.0688324,0.20604968070983887,NA,0.220209,0.288249,0.754855,3.09379,353.5,6.798076923076923,337,6.480769230769231,1.03819,1.02163,0,741.80999755859375,17,NL,Hunter Harvey,640451,15507,15507,4.732941483205563
HOU,Astros,7,6,19,33,0,1,NA,109,481,103,58,53,14,105,53,NA,7,4.39004,1.42566,8.67703,4.3346,2.00181,1.12842,0.218973,0.109387,0.10958520323038101,NA,0.244593,0.29553,0.71632,4.46667,400.6000000000001,3.675229357798166,397,3.6422018348623855,1.02783,0.83083,8,999,21,AL,Lance McCullers Jr.,621121,14120,14120,NA
SEA,Mariners,4,3,0,63,3,12,NA,63,266,51,24,22,5,76,26,NA,3,3.10222,1.20889,10.818,3.65507,2.95972,0.713789,0.284877,0.0962516,0.188625730574131,NA,0.213222,0.29129,0.755369,3.12534,400.1,6.350793650793651,378,6,1.02609,0.969758,0,741.8800048828125,11,AL,Matt Brash,666374,25756,25756,NA
TOR,Blue Jays,8,9,19,51,0,1,NA,142,611,144,75,69,22,118,43,NA,7,4.3964,1.31379,7.47468,2.69948,2.76893,1.38973,0.193135,0.0697506,0.123384028673172,NA,0.256823,0.290082,0.716993,4.5391,495.79999999999995,3.4915492957746475,514,3.619718309859155,1.01965,0.815359,8,722.78997802734375,14,AL,José Berríos,621244,14168,14168,NA
WSN,Nationals,7,10,26,26,0,0,NA,141,603,156,80,75,23,93,32,NA,5,4.76511,1.3352,5.94461,2.05378,2.89447,1.49439,0.154367,0.0533316,0.10103503987193108,NA,0.275515,0.294844,0.693213,4.75538,429.9000000000001,3.0489361702127664,481,3.4113475177304964,0.987354,0.915946,11,999,24,NL,Miles Mikolas,571945,9803,9803,-7.784195878792673
KCR,Royals,4,3,0,66,1,17,NA,66,271,56,28,26,8,72,20,NA,3,3.49785,1.14439,9.78566,2.726,3.58975,1.06412,0.265049,0.0738348,0.19121386110782623,NA,0.224357,0.284169,0.740595,3.55215,392.4000000000001,5.945454545454547,374,5.666666666666667,0.975487,0.888708,0,732.280029296875,7,AL,Matt Strahm,621381,13799,13799,NA
TEX,Rangers,5,4,0,64,20,6,NA,64,268,55,27,25,7,70,23,NA,2,3.54134,1.21464,9.8588,3.17538,3.10476,0.980122,0.26148,0.0842189,0.17726106941699982,NA,0.226702,0.289894,0.741024,3.52338,433.5,6.7734375,418,6.53125,0.919141,0.921198,0,249.91000366210938,13,AL,Robert Garcia,676395,23363,23363,NA
ATL,Braves,5,4,0,67,8,11,NA,67,277,59,29,26,7,70,21,NA,2,3.55866,1.1931,9.34019,2.81834,3.31407,1.00291,0.25133,0.0758372,0.17549274861812592,NA,0.232766,0.292081,0.736036,3.55464,411.29999999999995,6.138805970149253,399,5.955223880597015,0.917023,0.967349,0,205.19000244140625,16,NL,Robert Suarez,663158,30115,30115,5.366263400621187
MIA,Marlins,6,9,21,41,0,1,NA,133,570,143,77,71,23,103,34,NA,3,4.8207700000000004,1.32144,6.91305,2.28314,3.02787,1.54383,0.179784,0.0593764,0.12040778622031212,NA,0.267265,0.293316,0.688603,4.66075,428.50000000000006,3.221804511278196,465,3.4962406015037595,0.916817,0.633352,8,999,20,NL,Chris Paddack,663978,20099,20099,-7.448973192542221
TBR,Rays,5,3,0,66,8,13,NA,66,271,51,26,24,8,83,24,NA,5,3.25993,1.13475,11.3678,3.30962,3.43477,1.02424,0.307943,0.0896544,0.2182881385087967,NA,0.209926,0.286894,0.758315,3.43237,428.4000000000001,6.490909090909092,397,6.015151515151516,0.90217,1.02862,0,607.41998291015625,12,AL,Garrett Cleavinger,664076,17897,17897,NA
TBR,Rays,5,4,0,68,12,11,NA,68,284,55,30,28,9,81,25,NA,5,3.66026,1.18386,10.7525,3.36531,3.1951,1.13734,0.285993,0.0895098,0.19648323953151703,NA,0.216791,0.283059,0.743266,3.71286,425.5,6.257352941176471,399,5.867647058823529,0.90072700000000006,0.846834,0,363.3500061035156,12,AL,Edwin Uceta,670955,20539,20539,NA
NYY,Yankees,4,3,0,64,2,14,NA,64,272,51,27,25,5,74,30,NA,3,3.52396,1.27293,10.4252,4.2688,2.44218,0.768422,0.272715,0.111669,0.16104591637849808,NA,0.21477,0.288205,0.734756,3.51532,394.5,6.1640625,370,5.78125,0.897342,0.798044,0,999,9,AL,Camilo Doval,666808,21992,21992,NA
NYY,Yankees,4,3,0,61,1,16,NA,61,260,47,25,23,7,82,28,NA,3,3.38514,1.23579,12.0746,4.17061,2.89517,0.963389,0.314626,0.108673,0.20595304667949677,NA,0.20589,0.28893,0.759252,3.38168,383.1000000000001,6.28032786885246,354,5.80327868852459,0.887404,0.736707,0,999,9,AL,Fernando Cruz,518585,7048,7048,NA
BOS,Red Sox,5,5,10,40,0,1,NA,82,357,80,39,36,8,76,34,NA,3,4.00016,1.38573,8.3265,3.70163,2.24941,0.887922,0.212479,0.0944597,0.11801930516958237,NA,0.249374,0.303698,0.725582,3.90716,345.4000000000001,4.212195121951221,351,4.280487804878049,0.881418,0.855167,4,999,3,AL,Patrick Sandoval,663776,19447,19447,NA
SFG,Giants,5,3,0,63,27,5,NA,63,264,55,25,23,5,68,20,NA,5,3.27066,1.18208,9.73605,2.81696,3.45623,0.776218,0.25826,0.0747231,0.18353701382875443,NA,0.228699,0.29742,0.740161,3.25863,477.70000000000005,7.582539682539683,466,7.396825396825397,0.872329,1.11812,0,163.83999633789062,30,NL,Ryan Walker,676254,20423,20423,11.337172694124025
MIL,Brewers,5,5,11,37,0,1,NA,84,360,80,41,38,11,78,26,NA,6,4.06803,1.25855,8.30456,2.82045,2.94441,1.22455,0.216474,0.0735201,0.14295358955860138,NA,0.243813,0.287139,0.721354,4.21623,342.29999999999995,4.074999999999999,341,4.059523809523809,0.855467,0.721687,5,999,23,NL,Robert Gasser,688107,29812,29812,-0.4094059494488673
MIN,Twins,4,4,10,28,0,1,NA,67,286,63,33,31,9,68,23,NA,3,4.11538,1.28328,9.1090699999999991,3.11755,2.92186,1.16685,0.238095,0.0814874,0.1566077247262001,NA,0.242531,0.29665,0.7194,3.96023,283.29999999999995,4.228358208955223,280,4.17910447761194,0.853834,0.63331,4,999,8,AL,David Festa,701581,30056,30056,NA
ATL,Braves,5,3,0,66,26,4,NA,66,270,58,29,27,8,71,18,NA,2,3.61422,1.1511,9.65532,2.43128,3.97129,1.135,0.261884,0.0659442,0.19593936949968338,NA,0.232436,0.291314,0.735193,3.54825,467.2000000000001,7.07878787878788,454,6.878787878787879,0.849166,0.960243,0,96.87999725341797,16,NL,Raisel Iglesias,628452,17130,17130,10.629270057822525
TEX,Rangers,4,5,11,51,0,1,NA,111,481,101,59,54,14,107,54,NA,3,4.4136,1.39055,8.65219,4.36479,1.98227,1.16904,0.222065,0.112025,0.11003918200731277,NA,0.237354,0.284754,0.714594,4.44268,433.6,3.9063063063063064,420,3.7837837837837838,0.839278,0.572946,4,722.77001953125,13,AL,Jacob Latz,656641,21306,21306,NA
TBR,Rays,5,6,11,41,0,1,NA,95,400,88,47,44,14,91,28,NA,6,4.16188,1.22278,8.60084,2.6613,3.23182,1.31836,0.226957,0.0702259,0.156731516122818,NA,0.240425,0.283454,0.710733,4.19217,385.99999999999994,4.063157894736841,377,3.968421052631579,0.830377,0.812414,5,346.6300048828125,12,AL,Ian Seymour,693855,27932,27932,NA
MIL,Brewers,5,5,15,31,0,1,NA,89,385,83,45,42,12,89,35,NA,5,4.25344,1.32507,8.97099,3.55316,2.52479,1.23771,0.231282,0.0916047,0.1396777480840683,NA,0.240949,0.29075,0.722293,4.27607,357.2,4.013483146067416,351,3.943820224719101,0.805299,0.858832,6,741.80999755859375,23,NL,Kyle Harrison,690986,27758,27758,-2.432344597933996
NA,NA,5,7,19,19,0,0,NA,105,459,113,61,57,16,84,36,NA,3,4.86441,1.42399,7.23057,3.06342,2.36029,1.36028,0.182888,0.0774855,0.10540273785591125,NA,0.269225,0.303698,0.693102,4.59693,337.40000000000003,3.213333333333334,368,3.5047619047619047,0.801319,0.447339,8,999,-1,NA,Patrick Corbin,571578,9323,9323,NA
CIN,Reds,3,3,0,66,27,4,NA,66,271,56,32,30,10,71,23,NA,2,4.04461,1.19264,9.69459,3.10062,3.12666,1.37408,0.262723,0.0840268,0.17869623005390167,NA,0.22736,0.278127,0.727015,4.07467,437.80000000000007,6.633333333333335,418,6.333333333333333,0.796105,0.702875,0,111.93000030517578,18,NL,Emilio Pagán,641941,14771,14771,6.566799566313872
TEX,Rangers,4,3,0,54,4,12,NA,54,223,51,22,20,6,53,11,NA,2,3.37908,1.15492,8.88896,1.90882,4.65678,1.06033,0.239637,0.0514598,0.18817731738090515,NA,0.243038,0.297424,0.757713,3.41787,328.20000000000005,6.077777777777778,327,6.055555555555555,0.795445,0.707741,0,693.97998046875,13,AL,Chris Martin,455119,11847,11847,NA
LAA,Angels,5,7,19,19,0,0,NA,104,452,102,59,55,15,88,42,NA,8,4.74396,1.38709,7.60758,3.66918,2.07338,1.26746,0.193627,0.0933874,0.10023976862430573,NA,0.252396,0.289732,0.688209,4.73066,345.90000000000003,3.325961538461539,351,3.375,0.791249,0.604459,8,741.15997314453125,1,AL,Alek Manoah,666201,26410,26410,NA
LAD,Dodgers,4,3,0,61,1,18,NA,61,253,47,26,24,8,77,25,NA,3,3.54682,1.18525,11.3348,3.74781,3.02437,1.24258,0.303679,0.10041,0.20326806604862213,NA,0.208633,0.275734,0.767374,3.79764,377.8000000000001,6.193442622950822,348,5.704918032786885,0.784895,0.786271,0,999,22,NL,Alex Vesia,681911,25007,25007,2.7721598130609806
PIT,Pirates,4,3,0,68,26,5,NA,68,284,62,30,28,7,63,23,NA,3,3.7221,1.24681,8.33342,3.06439,2.71944,0.88095,0.221459,0.0814354,0.14002320170402527,NA,0.238815,0.291721,0.721132,3.71366,453.90000000000003,6.675000000000001,447,6.573529411764706,0.782716,1.04028,0,152.3699951171875,27,NL,Dennis Santana,642701,17878,17878,7.154525391964888
MIN,Twins,6,8,18,40,0,1,NA,114,500,111,62,57,14,103,51,NA,5,4.50902,1.43069,8.12628,4.06493,1.99912,1.13046,0.205378,0.102734,0.10264359414577484,NA,0.250801,0.296833,0.70878,4.44048,424.79999999999984,3.726315789473683,430,3.7719298245614037,0.781496,0.662303,7,693.8599853515625,8,AL,Mick Abel,690953,27756,27756,NA
SEA,Mariners,4,3,0,70,3,16,NA,70,292,62,28,25,5,67,21,NA,4,3.27125,1.19422,8.6715,2.7632,3.1382,0.698246,0.231355,0.073722,0.15763270109891891,NA,0.233146,0.292887,0.734297,3.29455,433.3,6.19,423,6.042857142857143,0.781173,0.738305,0,741.78997802734375,11,AL,Jose A. Ferrer,678606,24017,24017,NA
COL,Rockies,6,9,21,21,0,0,NA,116,507,138,72,67,21,74,27,NA,4,5.17091,1.4257,5.73438,2.11298,2.71388,1.64355,0.14606,0.0538196,0.0922406017780304,NA,0.291088,0.308208,0.690896,5.04782,296.3000000000001,2.5543103448275875,362,3.1206896551724137,0.778183,0.977324,8,999,19,NL,Tomoyuki Sugano,608372,35321,35321,-13.502702249705102
ARI,Diamondbacks,4,3,0,62,12,11,NA,62,263,56,27,25,6,64,24,NA,3,3.60705,1.27892,9.31391,3.43681,2.71005,0.85005,0.244386,0.0901777,0.15420813858509064,NA,0.235348,0.299225,0.74137,3.56227,390.4,6.296774193548386,383,6.17741935483871,0.774746,0.952539,0,608.44000244140625,15,NL,Kevin Ginkel,656464,19876,19876,2.7843448463929423
KCR,Royals,4,4,0,62,2,13,NA,62,265,56,28,26,5,61,24,NA,4,3.7045,1.28847,8.80124,3.45803,2.54516,0.774273,0.228945,0.0899531,0.13899236917495728,NA,0.236995,0.297369,0.719506,3.66547,351.69999999999993,5.672580645161289,345,5.564516129032258,0.757048,0.746146,0,741.8800048828125,7,AL,Lucas Erceg,668674,19360,19360,NA
ARI,Diamondbacks,6,6,11,52,2,1,NA,101,431,91,49,46,12,101,37,NA,8,4.07919,1.26573,8.99941,3.29586,2.73052,1.07173,0.235232,0.0861493,0.14908301830291748,NA,0.236534,0.290784,0.70854,4.02696,444.20000000000005,4.398019801980198,430,4.257425742574258,0.753816,0.921412,5,704.4000244140625,15,NL,Michael Soroka,647336,18383,18383,1.7838440777364881
CHW,White Sox,4,4,0,63,20,6,NA,63,268,53,30,27,8,71,30,NA,2,3.91762,1.30898,10.196,4.23003,2.41038,1.103,0.266548,0.110583,0.15596481412649155,NA,0.224248,0.288199,0.738179,3.98934,400.00000000000006,6.34920634920635,381,6.0476190476190474,0.753406,0.461322,0,203.22999572753906,4,AL,Seranthony Domínguez,622554,19249,19249,NA
WSN,Nationals,4,5,13,35,0,1,NA,90,392,93,47,44,10,65,35,NA,4,4.37126,1.42215,6.54356,3.50117,1.86896,1.0421,0.166461,0.089066,0.07739493250846863,NA,0.26272,0.296914,0.710261,4.49221,318.2,3.5355555555555553,337,3.7444444444444445,0.752152,0.669611,5,999,24,NL,Andrew Alvarez,674841,29914,29914,-8.291704891178256
MIA,Marlins,5,6,10,48,0,1,NA,93,396,99,49,45,12,68,20,NA,3,4.34534,1.27028,6.51598,1.88514,3.45649,1.19146,0.171002,0.0494729,0.12152953445911407,NA,0.26588,0.296297,0.689609,4.14019,354.20000000000005,3.808602150537635,380,4.086021505376344,0.751772,0.570017,4,999,20,NL,Janson Junk,676083,23301,23301,-3.256270876705649
PHI,Phillies,5,3,0,63,1,13,NA,63,264,53,27,24,6,70,23,NA,4,3.48672,1.21237,9.93591,3.30056,3.01037,0.912887,0.263072,0.0873885,0.17568354308605194,NA,0.224664,0.290865,0.739505,3.54331,370.6,5.882539682539683,353,5.603174603174603,0.751422,0.707729,0,999,26,NL,Orion Kerkering,689147,31776,31776,3.271075668024381
COL,Rockies,5,7,16,34,0,1,NA,101,450,109,62,58,15,84,42,NA,4,5.14873,1.48718,7.41908,3.73004,1.98901,1.30059,0.185806,0.0934166,0.09238986670970917,NA,0.269458,0.308152,0.681022,4.73159,313.5000000000001,3.103960396039605,344,3.405940594059406,0.75071,0.725617,5,999,19,NL,Ryan Feltner,663372,21446,21446,-13.770288177512064
CHC,Cubs,5,3,0,67,30,4,NA,67,282,55,30,27,7,75,28,NA,4,3.67885,1.23487,10.0167,3.71611,2.69548,0.976438,0.264245,0.0980326,0.16621214896440506,NA,0.219663,0.28307,0.731552,3.7294,486.69999999999993,7.264179104477611,464,6.925373134328358,0.737132,0.796256,0,121.87999725341797,17,NL,Daniel Palencia,694037,27914,27914,10.52134154442992
CIN,Reds,4,6,13,35,0,1,NA,89,382,91,49,45,13,69,28,NA,4,4.59265,1.345,7.02307,2.84764,2.46628,1.28923,0.181569,0.0736204,0.10794825106859207,NA,0.261583,0.294271,0.692034,4.53339,308.1,3.461797752808989,322,3.6179775280898876,0.73507,0.667559,5,732,18,NL,Rhett Lowder,695076,33876,33876,-6.471972582083862
LAA,Angels,2,4,0,60,15,8,NA,60,251,54,29,27,8,67,19,NA,2,4.08397,1.22297,9.98425,2.92346,3.41522,1.24606,0.264755,0.0775219,0.18723265081644058,NA,0.234433,0.294077,0.71674,3.79339,383.20000000000005,6.386666666666668,374,6.233333333333333,0.730135,0.414698,0,435.1199951171875,1,AL,Robert Stephenson,596112,13594,13594,NA
PIT,Pirates,4,4,11,41,0,1,NA,85,371,82,42,39,10,78,35,NA,6,4.16318,1.37189,8.22884,3.70219,2.2227,1.08502,0.209301,0.0941655,0.1151358038187027,NA,0.247145,0.294558,0.725399,4.31942,329.8,3.8800000000000003,332,3.9058823529411764,0.729638,0.824843,5,999,27,NL,Hunter Barco,682995,33174,33174,-4.558201401918913
TBR,Rays,4,4,11,21,0,1,NA,67,292,56,33,31,8,74,36,NA,4,4.09823,1.38457,9.98116,4.88759,2.04214,1.00821,0.255077,0.124906,0.13017035275697708,NA,0.224464,0.28857,0.727464,4.16984,283.79999999999995,4.235820895522387,263,3.925373134328358,0.717576,0.722386,5,713.22998046875,12,AL,Joe Boyle,671212,29608,29608,NA
PHI,Phillies,5,7,18,31,0,1,NA,104,453,105,59,55,17,90,40,NA,2,4.72917,1.39167,7.81388,3.46033,2.25813,1.43459,0.199543,0.0883663,0.1111762523651123,NA,0.255332,0.290635,0.705448,4.68998,345.5,3.3221153846153846,357,3.4326923076923075,0.715228,0.624027,7,999,26,NL,Andrew Painter,691725,sa3017880,sa3017880,-8.341357155549677
COL,Rockies,5,9,23,23,0,0,NA,114,506,118,71,67,18,98,51,NA,8,5.2715,1.48602,7.70748,4.01958,1.91748,1.41779,0.192607,0.100448,0.09215933084487915,NA,0.264388,0.302276,0.678303,5.01511,334.3999999999999,2.9333333333333327,355,3.1140350877192984,0.713599,0.94068,9,741.6300048828125,19,NL,Chase Dollander,801403,33482,33482,-15.312070038068342
NA,NA,3,3,10,10,0,0,NA,52,223,52,28,26,7,45,17,NA,2,4.46072,1.3092,7.77491,2.86886,2.7101,1.25334,0.202205,0.0746117,0.12759342044591904,NA,0.252853,0.292108,0.698174,4.28346,196.50000000000006,3.778846153846155,202,3.8846153846153846,0.705808,0.436765,5,999,-1,NA,Jon Gray,592351,14916,14916,NA
CIN,Reds,5,4,0,65,2,16,NA,65,278,63,30,28,6,59,21,NA,3,3.88352,1.28523,8.19901,2.90814,2.81933,0.882909,0.213252,0.0756392,0.13761239498853683,NA,0.246513,0.298576,0.713674,3.69574,363.40000000000003,5.590769230769231,367,5.6461538461538465,0.705656,0.715714,0,999,18,NL,Graham Ashcraft,668933,27552,27552,-0.3918336873583472
MIL,Brewers,4,3,0,65,1,15,NA,65,274,58,28,26,7,66,22,NA,3,3.55845,1.23148,9.16611,3.10102,2.95583,0.9355,0.241852,0.081822,0.1600300297141075,NA,0.232046,0.290014,0.741318,3.61612,366.09999999999997,5.632307692307692,356,5.476923076923077,0.681438,0.766166,0,999,23,NL,Jared Koenig,657649,27517,27517,1.0117637697940187
HOU,Astros,5,6,10,44,0,1,NA,90,387,85,46,42,12,88,34,NA,6,4.2362,1.32103,8.81655,3.36562,2.61959,1.20889,0.227552,0.0868656,0.1406867504119873,NA,0.24487,0.295148,0.717618,4.2342,357.4,3.971111111111111,354,3.933333333333333,0.68024,0.626497,4,999,21,AL,Ryan Weiss,680802,sa3007778,sa3007778,NA
LAA,Angels,3,3,0,58,3,11,NA,58,244,52,27,25,7,61,19,NA,4,3.92695,1.2362899999999999,9.49331,3.01015,3.15377,1.1395,0.250478,0.0794218,0.17105598002672195,NA,0.237279,0.295965,0.720673,3.90293,319.90000000000003,5.515517241379311,311,5.362068965517241,0.672225,0.518443,0,741.78997802734375,1,AL,Drew Pomeranz,519141,11426,11426,NA
CHW,White Sox,5,8,15,46,0,1,NA,111,483,116,64,59,17,83,38,NA,5,4.79983,1.39534,6.78977,3.1217,2.17502,1.38108,0.172853,0.0794716,0.09338115155696869,NA,0.263935,0.292051,0.694988,4.79718,351.70000000000005,3.1684684684684687,375,3.3783783783783785,0.669971,0.277439,5,999,4,AL,Jonathan Cannon,686563,31730,31730,NA
TOR,Blue Jays,4,3,0,67,2,13,NA,67,278,61,29,26,8,66,18,NA,2,3.51061,1.17843,8.92052,2.43039,3.6704,1.03918,0.239238,0.0651804,0.1740577518939972,NA,0.236824,0.290546,0.740111,3.57575,372.79999999999995,5.564179104477612,365,5.447761194029851,0.666197,0.521573,0,721.19000244140625,14,AL,Louis Varland,686973,27691,27691,NA
SDP,Padres,7,9,24,38,0,1,NA,139,608,144,79,74,20,95,50,NA,9,4.78994,1.39977,6.16033,3.26742,1.88538,1.31947,0.156541,0.0830287,0.0735122561454773,NA,0.262662,0.285669,0.69381,4.94873,425.20000000000016,3.058992805755397,452,3.2517985611510793,0.660935,0.478005,9,999,29,NL,Randy Vásquez,681190,24719,24719,-10.081832585747728
TOR,Blue Jays,4,4,10,28,0,1,NA,69,288,65,35,32,12,69,18,NA,3,4.19054,1.20255,8.9357,2.39217,3.7354,1.54274,0.237976,0.0637083,0.17426756024360657,NA,0.242339,0.283333,0.729167,4.29766,273,3.9565217391304346,268,3.8840579710144927,0.658474,0.484032,4,999,14,AL,Max Scherzer,453286,3137,3137,NA
ATL,Braves,5,5,13,13,0,0,NA,70,306,68,36,33,8,62,31,NA,3,4.29368,1.41014,7.99795,3.93293,2.03359,1.02097,0.203838,0.100236,0.10360246896743774,NA,0.2506,0.298388,0.713684,4.26162,264.8,3.782857142857143,268,3.8285714285714287,0.655046,0.817709,6,497.5799865722656,16,NL,Hurston Waldrep,694462,33527,33527,-4.881739326696346
MIL,Brewers,4,4,10,28,0,1,NA,69,295,65,35,32,8,59,26,NA,4,4.19641,1.32834,7.72871,3.36987,2.29347,1.06494,0.199286,0.0868929,0.11239349842071533,NA,0.246239,0.288446,0.706971,4.26143,275.20000000000005,3.98840579710145,273,3.9565217391304346,0.652208,0.583867,4,999,23,NL,Brandon Sproat,687075,33850,33850,-3.7255486674233413
NYY,Yankees,5,6,11,51,0,1,NA,99,425,86,52,48,14,101,47,NA,4,4.39727,1.34145,9.18845,4.28951,2.14207,1.28562,0.237832,0.111029,0.1268029734492302,NA,0.229159,0.276606,0.714571,4.50651,389.80000000000007,3.937373737373738,366,3.696969696969697,0.650842,0.395584,4,441.80999755859375,9,AL,Luis Gil,661563,21052,21052,NA
SDP,Padres,7,10,23,33,0,1,NA,128,564,140,77,71,20,95,44,NA,5,4.99588,1.43224,6.66475,3.09233,2.15525,1.40938,0.168706,0.0782766,0.09042925387620926,NA,0.271452,0.299374,0.687087,4.8269,384.20000000000005,3.0015625000000004,427,3.3359375,0.64755,0.0586538,9,999,29,NL,Germán Márquez,608566,15038,15038,-11.958450927282433
ATL,Braves,3,3,0,65,1,16,NA,65,267,57,28,26,9,73,19,NA,1,3.54747,1.17335,10.1238,2.68013,3.77735,1.2499,0.274028,0.0725451,0.20148330926895142,NA,0.230813,0.291221,0.763988,3.62549,377.09999999999997,5.801538461538461,363,5.584615384615384,0.644661,0.809517,0,999,16,NL,Dylan Lee,669276,19996,19996,1.6723204340339248
ARI,Diamondbacks,3,2,6,6,0,0,NA,39,162,35,16,15,4,37,12,NA,2,3.50656,1.21394,8.6397,2.79723,3.08866,0.915119,0.230939,0.0747699,0.1561688482761383,NA,0.237202,0.291883,0.73983,3.5851,180.40000000000003,4.625641025641026,175,4.487179487179487,0.637932,0.892555,4,722.02001953125,15,NL,Corbin Burnes,669203,19361,19361,-1.6920141115696876
PIT,Pirates,3,3,0,61,4,14,NA,61,264,54,27,25,5,66,25,NA,5,3.69206,1.29792,9.759,3.75767,2.59709,0.747492,0.250726,0.0965412,0.1541847437620163,NA,0.230537,0.300713,0.720703,3.56382,367.5000000000001,6.024590163934428,358,5.868852459016393,0.627425,0.72122,0,999,27,NL,Gregory Soto,642397,19677,19677,-0.6050185924512241
CHW,White Sox,4,4,0,64,5,11,NA,64,272,54,32,30,9,73,29,NA,2,4.15648,1.30126,10.2082,4.06707,2.50995,1.26086,0.266589,0.106213,0.16037597507238388,NA,0.225527,0.284642,0.729248,4.15349,344.5,5.3828125,325,5.078125,0.627151,0.211755,0,576.1199951171875,4,AL,Jordan Leasure,673929,29950,29950,NA
STL,Cardinals,6,7,19,35,0,1,NA,115,491,118,61,56,16,86,35,NA,5,4.40886,1.32977,6.78723,2.71436,2.50049,1.27315,0.175927,0.0703571,0.1055702194571495,NA,0.260649,0.290815,0.707585,4.49182,403.40000000000003,3.507826086956522,423,3.6782608695652175,0.618005,0.885305,8,741.8800048828125,28,NL,Richard Fitts,690916,30160,30160,-4.135675670639324
STL,Cardinals,5,6,15,37,0,1,NA,100,433,104,53,49,13,71,32,NA,5,4.45398,1.36169,6.39251,2.89551,2.20774,1.17145,0.163947,0.07426,0.08968658745288849,NA,0.262376,0.291306,0.701961,4.51292,344.70000000000005,3.4470000000000005,366,3.66,0.606797,0.558182,6,999,28,NL,Hunter Dobbins,690928,30240,30240,-6.097485130847074
ATH,Athletics,5,4,0,64,6,13,NA,64,276,58,31,28,8,69,26,NA,4,3.99054,1.31144,9.64117,3.62584,2.65901,1.08341,0.248683,0.0935246,0.15515869855880737,NA,0.236836,0.29803,0.72563,3.97171,354.40000000000003,5.5375000000000005,346,5.40625,0.591137,0.391426,0,722.92999267578125,10,AL,Mark Leiter Jr.,643410,15551,15551,NA
ATH,Athletics,5,5,11,45,0,1,NA,92,405,89,50,47,11,81,41,NA,6,4.57738,1.417,7.98239,4.03851,1.97657,1.09772,0.201069,0.101726,0.09934277832508087,NA,0.248691,0.293389,0.696363,4.49963,339.1,3.6858695652173914,342,3.717391304347826,0.591007,0.421283,4,999,10,AL,Luis Medina,665622,21649,21649,NA
CHW,White Sox,6,8,18,29,0,1,NA,110,480,114,65,60,18,84,42,NA,3,4.95092,1.42889,6.89866,3.46903,1.98864,1.46502,0.175282,0.0881414,0.08714043349027634,NA,0.26348,0.290558,0.695938,4.95676,333.20000000000005,3.0290909090909097,353,3.209090909090909,0.579305,0.203389,7,999,4,AL,Erick Fedde,607200,17425,17425,NA
BAL,Orioles,4,4,0,67,4,13,NA,67,278,64,30,28,9,66,18,NA,2,3.73358,1.22418,8.85147,2.38423,3.7125,1.19174,0.237019,0.0638436,0.1731756031513214,NA,0.24858,0.301433,0.743052,3.76088,362.69999999999993,5.4134328358208945,362,5.402985074626866,0.566244,0.619518,0,741.07000732421875,2,AL,Andrew Kittredge,552640,12828,12828,NA
SDP,Padres,6,7,18,30,0,1,NA,106,455,104,57,53,17,94,40,NA,3,4.53971,1.3653,8.02794,3.39376,2.3655,1.40656,0.207136,0.0875655,0.11957037448883057,NA,0.253572,0.292019,0.717773,4.6103,367.9000000000001,3.470754716981133,372,3.509433962264151,0.566219,0.589116,7,999,29,NL,Griffin Canning,656288,19867,19867,-4.6511270697142715
TBR,Rays,4,3,0,63,3,12,NA,63,262,53,29,27,8,70,23,NA,2,3.79586,1.20897,9.98788,3.24137,3.08138,1.16008,0.267227,0.0867233,0.18050376325845718,NA,0.225216,0.284526,0.733936,3.74322,358.00000000000006,5.682539682539684,339,5.380952380952381,0.563834,0.372392,0,999,12,AL,Bryan Baker,641329,19804,19804,NA
MIN,Twins,4,4,0,68,2,13,NA,68,286,63,32,30,8,67,21,NA,4,3.91798,1.23033,8.90427,2.78884,3.19282,0.997522,0.235044,0.0736165,0.16142787784337997,NA,0.239297,0.294804,0.710524,3.68551,362.00000000000006,5.3235294117647065,357,5.25,0.559131,0.33947,0,721.66998291015625,8,AL,Cole Sands,663485,21461,21461,NA
STL,Cardinals,5,3,0,64,14,9,NA,64,272,57,27,25,6,62,25,NA,2,3.49155,1.29365,8.69399,3.58062,2.42807,0.831931,0.227672,0.0937666,0.13390541076660156,NA,0.235301,0.292279,0.746362,3.71243,400.59999999999997,6.2593749999999995,391,6.109375,0.556338,0.902839,0,491.510009765625,28,NL,JoJo Romero,668941,19574,19574,4.754116306400144
BOS,Red Sox,3,3,5,27,0,1,NA,48,204,43,22,20,5,49,17,NA,3,3.80177,1.2726,9.21522,3.28069,2.80893,0.948663,0.23957,0.0852887,0.15428125858306885,NA,0.236609,0.296346,0.72269,3.7658,223.90000000000003,4.664583333333334,217,4.520833333333333,0.548759,0.49539299999999997,2,258.1199951171875,3,AL,Connelly Early,813349,33666,33666,NA
TEX,Rangers,4,4,8,36,0,1,NA,71,300,71,37,35,11,61,17,NA,2,4.35598,1.22551,7.65346,2.15189,3.55662,1.38499,0.202633,0.0569734,0.14565932750701904,NA,0.251164,0.28481,0.698815,4.24293,274.5,3.8661971830985915,281,3.9577464788732395,0.54801,0.272186,3,999,13,AL,Cody Bradford,674003,27597,27597,NA
KCR,Royals,4,4,8,41,0,1,NA,77,335,81,40,36,8,55,24,NA,5,4.2337,1.35682,6.39539,2.81838,2.26918,0.908058,0.164295,0.0724029,0.09189201146364212,NA,0.264297,0.300499,0.695802,4.15443,287.80000000000007,3.7376623376623384,308,4,0.534697,0.477759,3,999,7,AL,Stephen Kolek,663568,21487,21487,NA
LAD,Dodgers,5,4,0,58,1,14,NA,58,250,53,27,25,7,65,22,NA,3,3.93735,1.28154,10.0181,3.33677,3.00233,1.09745,0.258464,0.0860879,0.17237606644630432,NA,0.234466,0.29774,0.731096,3.76058,321.3,5.539655172413793,315,5.431034482758621,0.533615,0.378474,0,999,22,NL,Blake Treinen,595014,12572,12572,-0.1561249586394744
NYM,Mets,4,3,0,52,2,14,NA,52,214,43,22,20,6,58,18,NA,1,3.41544,1.17831,10.089,3.12429,3.2292,1.03241,0.272433,0.0843654,0.18806763738393784,NA,0.222235,0.286087,0.750512,3.50856,324.2,6.234615384615385,307,5.903846153846154,0.528285,0.577572,0,999,25,NL,A.J. Minter,621345,18655,18655,1.9663276473772382
NA,NA,2,2,6,6,0,0,NA,34,146,35,16,15,4,28,11,NA,1,3.99108,1.35088,7.47981,2.93794,2.54593,0.945265,0.193051,0.0758271,0.11722356826066971,NA,0.259685,0.305573,0.722505,3.9187,131.40000000000003,3.864705882352942,138,4.0588235294117645,0.525989,0.521248,3,999,-1,NA,Alex Cobb,502171,6562,6562,NA
COL,Rockies,3,3,0,77,2,15,NA,77,332,78,42,39,11,70,25,NA,5,4.57496,1.33824,8.21634,2.88379,2.84914,1.32714,0.211616,0.0742735,0.13734222948551178,NA,0.258927,0.303205,0.698362,4.37572,351.7,4.567532467532468,362,4.701298701298701,0.518185,0.587114,0,999,19,NL,Jimmy Herget,623474,17556,17556,-5.940866041119959
ATH,Athletics,3,3,6,30,0,1,NA,57,246,55,29,26,7,55,20,NA,4,4.1396,1.3036,8.60781,3.15134,2.73147,1.12671,0.22276,0.0815532,0.1412070170044899,NA,0.245808,0.296101,0.712997,4.09382,234.69999999999993,4.117543859649121,236,4.140350877192983,0.516856,0.392715,2,999,10,AL,J.T. Ginn,669372,27889,27889,NA
SDP,Padres,4,3,0,61,1,15,NA,61,252,50,26,24,7,64,23,NA,5,3.52257,1.18748,9.50269,3.36654,2.82268,0.960316,0.255628,0.0905618,0.165065698325634,NA,0.22115,0.280936,0.731933,3.76744,344.30000000000007,5.644262295081968,323,5.295081967213115,0.515683,0.663988,0,999,29,NL,Jason Adam,592094,11861,11861,1.6673828808178837
HOU,Astros,5,6,13,29,0,1,NA,86,373,79,46,42,13,86,38,NA,5,4.45291,1.36484,9.03745,4.0097,2.2539,1.32641,0.231158,0.102559,0.12859874963760376,NA,0.239236,0.28684,0.718452,4.54666,318.1,3.698837209302326,308,3.5813953488372094,0.511663,0.560221,5,608.1199951171875,21,AL,Spencer Arrighetti,681293,29921,29921,NA
MIN,Twins,3,3,0,63,6,11,NA,63,272,64,31,28,6,52,20,NA,4,4.03203,1.3431,7.40733,2.91807,2.53844,0.82834700000000006,0.190301,0.0749676,0.11533309519290924,NA,0.258782,0.306685,0.703928,3.84883,332,5.26984126984127,343,5.444444444444445,0.508944,0.276191,0,741.739990234375,8,AL,Justin Topa,623437,15145,15145,NA
KCR,Royals,4,4,0,65,31,2,NA,65,273,59,32,30,8,58,24,NA,3,4.17128,1.27485,8.07648,3.26293,2.47522,1.12968,0.213524,0.0862644,0.1272592395544052,NA,0.240011,0.283201,0.708093,4.17718,427.20000000000005,6.572307692307693,419,6.446153846153846,0.508321,0.443437,0,95.51000213623047,7,AL,Carlos Estévez,608032,14542,14542,NA
HOU,Astros,4,3,0,67,1,17,NA,67,280,61,30,27,9,66,20,NA,4,3.6693,1.20811,8.9316,2.72567,3.27685,1.15351,0.237385,0.0724431,0.1649422124028206,NA,0.236959,0.287837,0.744923,3.8972,359.4999999999999,5.365671641791043,351,5.2388059701492535,0.504726,0.570699,0,999,21,AL,Bryan King,687911,25890,25890,NA
CHC,Cubs,5,3,0,66,1,15,NA,66,274,58,28,27,9,69,22,NA,1,3.62904,1.21362,9.40045,3.00523,3.12804,1.17053,0.251212,0.0803099,0.17090222239494324,NA,0.230899,0.284457,0.759572,3.78056,360.9000000000001,5.46818181818182,347,5.257575757575758,0.498666,0.658934,0,999,17,NL,Caleb Thielbar,573204,10078,10078,2.223644712658568
PIT,Pirates,4,4,3,53,0,4,NA,68,289,65,30,28,7,60,23,NA,3,3.72792,1.29498,8.00424,3.04212,2.63114,0.865973,0.20904,0.0794483,0.12959154695272446,NA,0.246804,0.297645,0.730309,3.73842,306.1,4.5014705882352946,307,4.514705882352941,0.495657,0.571537,1,999,27,NL,Carmen Mlodzinski,669387,27572,27572,-1.3011904726509007
BOS,Red Sox,5,5,6,56,0,4,NA,86,362,82,44,41,13,81,25,NA,3,4.30812,1.24098,8.39124,2.59066,3.23904,1.3692,0.222376,0.068655,0.15372096002101898,NA,0.246581,0.288037,0.70861,4.23016,357.3,4.154651162790698,355,4.127906976744186,0.493874,0.409352,2,741.6300048828125,3,AL,Kutter Crawford,676710,20531,20531,NA
CIN,Reds,3,3,0,70,4,13,NA,70,302,62,35,33,9,73,31,NA,5,4.26538,1.33876,9.3914,4.04996,2.31889,1.16101,0.241659,0.104213,0.13744564354419708,NA,0.233665,0.288764,0.718865,4.26854,356.09999999999997,5.087142857142856,343,4.9,0.492469,0.545022,0,605.280029296875,18,NL,Tony Santillan,663574,19926,19926,-3.203736471707999
CHW,White Sox,3,3,2,62,2,10,NA,69,299,65,33,30,7,66,28,NA,3,3.92838,1.33884,8.5694,3.60679,2.37591,0.952393,0.22049,0.0928026,0.1276877298951149,NA,0.242464,0.296075,0.725629,3.95467,344.5,4.992753623188406,343,4.971014492753623,0.475915,0.40911,1,999,4,AL,Sean Newcomb,656794,16943,16943,NA
WSN,Nationals,5,7,16,24,0,1,NA,98,423,102,57,53,16,74,32,NA,4,4.82927,1.36788,6.73192,2.9363,2.29266,1.44461,0.173939,0.0758677,0.09807088226079941,NA,0.264875,0.291373,0.691285,4.82925,307.2000000000001,3.1346938775510216,326,3.326530612244898,0.470534,0.464176,6,999,24,NL,Jake Irvin,663623,21504,21504,-8.532155666326693
TOR,Blue Jays,3,3,0,56,4,11,NA,56,235,48,25,24,7,61,20,NA,3,3.81937,1.21554,9.81736,3.26592,3.006,1.10125,0.259607,0.0863629,0.17324379831552505,NA,0.2257,0.284754,0.730534,3.81611,320.50000000000006,5.7232142857142865,306,5.464285714285714,0.456957,0.51433,0,741.510009765625,14,AL,Yimi García,554340,12095,12095,NA
LAA,Angels,5,7,18,18,0,0,NA,98,430,101,57,53,16,75,39,NA,4,4.866,1.4304,6.91712,3.59217,1.92561,1.47603,0.175237,0.0910033,0.0842335894703865,NA,0.261281,0.287707,0.706709,5.04675,286.80000000000007,2.926530612244899,303,3.0918367346938775,0.455483,0.41087,8,999,1,AL,Tyler Anderson,542881,12880,12880,NA
NA,NA,2,2,0,43,0,0,NA,43,186,40,19,17,5,47,16,NA,1,3.61899,1.30368,9.7877,3.37188,2.90274,0.989184,0.250866,0.0864238,0.16444237530231476,NA,0.23652,0.299991,0.758604,3.6104,195.7,4.551162790697674,193,4.488372093023256,0.453045,0.395674,0,999,-1,NA,Justin Wilson,458677,4301,4301,NA
HOU,Astros,3,3,0,64,0,14,NA,64,266,53,29,27,9,73,23,NA,3,3.85018,1.19793,10.2705,3.27407,3.13693,1.31382,0.274738,0.087582,0.1871563047170639,NA,0.223071,0.28063,0.742745,3.99348,349.1,5.4546875,327,5.109375,0.448202,0.40577,0,999,21,AL,Steven Okert,595345,13580,13580,NA
LAA,Angels,3,4,0,56,4,12,NA,56,237,46,27,24,7,67,26,NA,3,3.92146,1.28442,10.7044,4.24003,2.5246,1.09763,0.281164,0.11137,0.16979455947875977,NA,0.219588,0.288971,0.727368,3.92109,323.70000000000005,5.780357142857143,304,5.428571428571429,0.441889,0.306034,0,298.260009765625,1,AL,Kirby Yates,489446,9073,9073,NA
NYM,Mets,3,3,0,62,1,14,NA,62,260,54,28,26,6,61,22,NA,5,3.80236,1.23157,8.79131,3.1975,2.74943,0.921151,0.232769,0.0846606,0.148108072578907,NA,0.233319,0.28915,0.714866,3.83429,346.5999999999999,5.59032258064516,334,5.387096774193548,0.441321,0.371713,0,999,25,NL,Brooks Raley,548384,10061,10061,-0.8134434050564847
NA,NA,2,2,0,46,0,0,NA,46,192,41,20,19,5,45,17,NA,1,3.66215,1.25892,8.87858,3.30781,2.68413,0.97726,0.236151,0.0879806,0.14817078411579132,NA,0.235819,0.291561,0.742954,3.76617,208.30000000000004,4.5282608695652184,201,4.369565217391305,0.438296,0.46017,0,999,-1,NA,Danny Coulombe,543056,13293,13293,NA
NYM,Mets,4,3,0,67,4,14,NA,67,283,61,32,30,9,73,22,NA,2,3.99709,1.23887,9.74855,2.98432,3.26659,1.26967,0.256312,0.0784647,0.17784713208675385,NA,0.234997,0.290607,0.727958,3.89828,376.4999999999999,5.619402985074625,368,5.492537313432836,0.43775,0.341004,0,732.5999755859375,25,NL,Luke Weaver,596133,16918,16918,0.5165048522325765
CHC,Cubs,4,5,8,44,0,1,NA,82,349,83,43,40,12,65,23,NA,4,4.37202,1.29279,7.13905,2.53666,2.81435,1.31391,0.186238,0.0661743,0.12006331980228424,NA,0.256994,0.288847,0.707686,4.42308,296.40000000000003,3.614634146341464,307,3.7439024390243905,0.434859,0.414277,3,999,17,NL,Colin Rea,607067,12317,12317,-4.363543380231156
CLE,Guardians,3,3,0,68,3,16,NA,68,285,62,31,29,8,68,21,NA,4,3.80548,1.21496,8.98991,2.75993,3.2573,1.11581,0.23862,0.073257,0.16536302864551544,NA,0.237693,0.290656,0.728547,3.84332,383.6000000000001,5.641176470588237,376,5.529411764705882,0.428929,0.451235,0,999,5,AL,Shawn Armstrong,542888,12857,12857,NA
MIN,Twins,4,3,0,61,20,5,NA,61,266,56,30,28,8,65,27,NA,4,4.13475,1.36131,9.51757,4.02133,2.36677,1.10981,0.242917,0.102636,0.1402805745601654,NA,0.23833,0.297855,0.725644,4.17206,364.4000000000001,5.97377049180328,358,5.868852459016393,0.427675,0.294332,0,401.1199951171875,8,AL,Taylor Rogers,573124,13449,13449,NA
BOS,Red Sox,3,2,5,29,0,1,NA,48,204,45,23,22,7,50,16,NA,2,4.02718,1.24495,9.32051,2.89039,3.22465,1.25546,0.245431,0.0761107,0.16931986063718796,NA,0.23902,0.291581,0.725681,3.9413299999999998,202.10000000000002,4.210416666666667,199,4.145833333333333,0.426987,0.336672,2,626.29998779296875,3,AL,Payton Tolle,801139,35466,35466,NA
TEX,Rangers,3,3,6,18,0,1,NA,49,211,50,26,24,7,40,16,NA,2,4.36678,1.34589,7.38743,2.89356,2.55306,1.23102,0.19069,0.0746906,0.11599909514188766,NA,0.259233,0.296461,0.7121,4.33036,176.5,3.6020408163265305,184,3.7551020408163267,0.425303,0.347103,2,999,13,AL,Jordan Montgomery,656756,16511,16511,NA
WSN,Nationals,3,3,0,63,17,9,NA,63,271,53,30,28,7,72,33,NA,3,3.977,1.3577,10.2453,4.66243,2.19742,1.02324,0.264359,0.120304,0.14405479282140732,NA,0.224103,0.291004,0.731743,4.01468,399.3,6.338095238095239,381,6.0476190476190474,0.419065,0.571315,0,316.44000244140625,24,NL,Clayton Beeter,690925,27494,27494,1.0058029179843262
COL,Rockies,3,4,0,64,22,4,NA,64,281,62,33,30,7,62,31,NA,2,4.25351,1.45754,8.68229,4.34397,1.9987,0.989684,0.21956,0.109852,0.10970872640609741,NA,0.250916,0.307731,0.726947,4.16081,377.3,5.8953125,380,5.9375,0.416667,0.787421,0,457.9800109863281,19,NL,Victor Vodnik,680767,24614,24614,-0.7161472919870944
BAL,Orioles,4,3,0,60,1,12,NA,60,254,57,27,24,6,55,21,NA,2,3.66222,1.30358,8.21516,3.16132,2.59864,0.893761,0.215313,0.0828561,0.13245736807584763,NA,0.247231,0.300374,0.738553,3.7628,316,5.266666666666667,316,5.266666666666667,0.40388,0.361018,0,999,2,AL,Yennier Cano,666974,25911,25911,NA
ATL,Braves,4,3,0,63,0,13,NA,63,268,55,30,28,8,70,27,NA,2,4.01786,1.29416,10.0146,3.83333,2.61252,1.14063,0.261634,0.100146,0.16148753464221954,NA,0.2291,0.29075,0.729245,3.94701,329.80000000000007,5.234920634920636,316,5.015873015873016,0.401563,0.349286,0,999,16,NL,Tyler Kinley,641755,18297,18297,-1.8016888521514622
SEA,Mariners,4,2,0,58,0,12,NA,58,239,48,24,21,7,67,18,NA,3,3.33573,1.13535,10.345,2.76648,3.73943,1.01123,0.279426,0.0747242,0.2047015205025673,NA,0.220483,0.286999,0.746108,3.37213,337.3,5.81551724137931,318,5.482758620689655,0.397568,0.313434,0,999,11,AL,Gabe Speier,642100,17170,17170,NA
ATH,Athletics,3,3,0,65,8,10,NA,65,276,59,32,30,9,65,24,NA,4,4.14886,1.27826,9.02643,3.32303,2.71633,1.29258,0.23624,0.0869703,0.14926961809396744,NA,0.238129,0.286582,0.728431,4.28043,342.9,5.275384615384615,334,5.138461538461539,0.39581,0.404408,0,425.1600036621094,10,AL,Justin Sterner,686993,27694,27694,NA
SEA,Mariners,3,3,0,68,1,14,NA,68,283,59,30,27,8,69,23,NA,3,3.62667,1.20631,9.18545,3.03265,3.02885,1.03927,0.245045,0.0809035,0.16414103657007217,NA,0.229609,0.284467,0.738544,3.73144,372.4000000000001,5.476470588235295,357,5.25,0.395025,0.26755,0,999,11,AL,Eduard Bazardo,660825,20997,20997,NA
PHI,Phillies,6,8,16,50,0,1,NA,120,525,129,71,66,20,84,43,NA,5,4.96317,1.43165,6.33729,3.21838,1.96909,1.49602,0.160795,0.0816595,0.07913565635681152,NA,0.269954,0.292067,0.699527,5.08917,334.6,2.7883333333333336,368,3.066666666666667,0.393915,0.346567,5,999,26,NL,Taijuan Walker,592836,11836,11836,-12.120226975793793
MIN,Twins,4,4,5,45,0,1,NA,64,276,62,31,29,7,59,23,NA,4,4.06141,1.34125,8.34939,3.31296,2.52022,1.0111,0.213401,0.0846756,0.1287255510687828,NA,0.24816,0.298745,0.720743,4.01762,267.3,4.1765625,270,4.21875,0.390879,0.381003,2,999,8,AL,Connor Prielipp,687570,sa3020808,sa3020808,NA
DET,Tigers,4,4,3,55,0,6,NA,70,297,62,33,31,9,78,26,NA,3,3.9298,1.25866,10.0068,3.29143,3.04025,1.14044,0.262108,0.0862127,0.1758953407406807,NA,0.23334,0.296046,0.727036,3.80439,339.1,4.844285714285714,326,4.6571428571428575,0.390135,0.317427,1,999,6,AL,Drew Anderson,623454,15130,15130,NA
ATL,Braves,2,3,8,8,0,0,NA,45,195,47,24,22,6,34,17,NA,1,4.52822,1.43527,6.8978,3.4169,2.01873,1.15448,0.174854,0.0866159,0.08823832869529724,NA,0.265839,0.301459,0.71134,4.50693,151,3.3555555555555556,161,3.577777777777778,0.387566,0.439979,4,999,16,NL,Martín Pérez,527048,6902,6902,-7.985602755529079
STL,Cardinals,3,3,0,63,16,9,NA,63,272,55,28,26,6,65,28,NA,6,3.70992,1.31622,9.33016,4.021,2.32036,0.80095,0.24013,0.103489,0.13664182275533676,NA,0.230091,0.294174,0.727084,3.83417,393.4000000000001,6.244444444444446,381,6.0476190476190474,0.384092,0.734301,0,251.80999755859375,28,NL,Riley O'Brien,676617,20348,20348,2.2013801098651884
TEX,Rangers,3,3,0,65,1,14,NA,65,273,63,32,29,8,57,17,NA,3,4.08037,1.2287,7.84461,2.34809,3.34084,1.12454,0.207728,0.0621782,0.14554935321211815,NA,0.249106,0.291794,0.699698,3.94896,333.8,5.135384615384615,336,5.1692307692307695,0.382965,0.115903,0,999,13,AL,Jakob Junis,596001,13619,13619,NA
DET,Tigers,3,3,5,37,0,1,NA,57,243,56,28,26,8,51,17,NA,1,4.07442,1.2669,8.01554,2.67332,2.99834,1.23284,0.210736,0.0702841,0.14045149832963943,NA,0.248449,0.289589,0.723563,4.10231,229.79999999999998,4.031578947368421,233,4.087719298245614,0.379301,0.321038,2,466.0199890136719,6,AL,Troy Melton,675512,31807,31807,NA
BOS,Red Sox,4,4,0,61,0,13,NA,61,258,57,30,27,7,58,22,NA,2,3.98664,1.28883,8.55678,3.17709,2.69327,1.06793,0.225053,0.083561,0.14149159938097,NA,0.24359,0.294752,0.717051,3.92459,313.1000000000001,5.132786885245903,310,5.081967213114754,0.379283,0.278245,0,999,3,AL,Justin Slaten,686580,25648,25648,NA
DET,Tigers,4,4,0,72,1,14,NA,72,294,66,32,29,9,60,19,NA,2,3.65313,1.18044,7.55769,2.33569,3.23575,1.09365,0.205645,0.063554,0.14209062606096268,NA,0.242723,0.28219,0.729217,3.90346,368.5000000000001,5.118055555555557,361,5.013888888888889,0.377179,0.510201,0,999,6,AL,Tyler Holton,663947,26231,26231,NA
MIN,Twins,4,4,0,65,3,15,NA,65,282,61,30,28,6,62,27,NA,5,3.8623,1.34751,8.56882,3.72473,2.30052,0.830811,0.219733,0.0955146,0.12421863526105881,NA,0.242802,0.300381,0.724958,3.89389,351.6,5.40923076923077,350,5.384615384615385,0.376959,0.477937,0,999,8,AL,Kody Funderburk,681892,24993,24993,NA
CLE,Guardians,3,3,0,66,3,14,NA,66,278,60,31,28,9,64,21,NA,4,3.86895,1.22843,8.77541,2.87726,3.04992,1.19751,0.231563,0.0759242,0.15563837438821793,NA,0.236826,0.284231,0.733276,4.03551,345.7000000000001,5.237878787878789,337,5.106060606060606,0.372453,0.392806,0,999,5,AL,Hunter Gaddis,683769,25636,25636,NA
ATL,Braves,4,3,0,60,0,12,NA,60,260,56,26,24,5,62,23,NA,5,3.57324,1.31564,9.29698,3.48197,2.67004,0.7285,0.238161,0.0891976,0.1489635705947876,NA,0.240062,0.307749,0.729966,3.52714,324.9,5.415,323,5.383333333333334,0.36879,0.461585,0,999,16,NL,Aaron Bummer,607481,16258,16258,-1.0967194717964106
NA,NA,3,4,11,11,0,0,NA,59,260,62,34,31,8,41,23,NA,2,4.71214,1.44162,6.31144,3.49858,1.804,1.1614,0.159831,0.0885984,0.07123305648565292,NA,0.266099,0.295494,0.693371,4.70262,184.00000000000006,3.118644067796611,198,3.3559322033898304,0.365483,0.277409,5,999,-1,NA,Marcus Stroman,573186,13431,13431,NA
NA,NA,3,4,10,10,0,0,NA,52,229,50,29,27,7,51,24,NA,4,4.6238,1.42436,8.92404,4.11523,2.16854,1.2684,0.22379,0.103198,0.12059149146080017,NA,0.248741,0.299825,0.709661,4.61235,186.70000000000005,3.5903846153846164,187,3.5961538461538463,0.365375,0.338125,5,999,-1,NA,Charlie Morton,450203,4676,4676,NA
KCR,Royals,3,3,0,64,1,14,NA,64,272,60,31,29,7,59,23,NA,3,4.04501,1.29991,8.34132,3.27853,2.54423,1.03269,0.218014,0.0856898,0.13232442736625671,NA,0.243756,0.293507,0.715169,4.01156,332.5,5.1953125,330,5.15625,0.3614,0.317948,0,999,7,AL,John Schreiber,670167,20020,20020,NA
PHI,Phillies,3,3,0,62,0,12,NA,62,259,58,29,27,8,58,18,NA,2,3.85373,1.22623,8.4787,2.54733,3.32847,1.16465,0.22525,0.0676736,0.15757594257593155,NA,0.244051,0.29134,0.731917,3.8861,313.59999999999997,5.058064516129032,310,5,0.358194,0.343744,0,999,26,NL,Tanner Banks,621383,16990,16990,-1.797432388626933
WSN,Nationals,6,8,21,21,0,0,NA,114,502,114,68,63,20,99,48,NA,6,4.97326,1.41694,7.82329,3.79199,2.06311,1.56106,0.198087,0.0960139,0.10207352787256241,NA,0.254431,0.286429,0.70334,5.0769,337.19999999999993,2.9578947368421047,346,3.0350877192982457,0.357309,0.423529,9,999,24,NL,Josiah Gray,680686,24580,24580,-10.164970193963422
LAA,Angels,5,7,16,16,0,0,NA,86,379,86,51,48,14,76,38,NA,4,4.9932,1.43171,7.92105,3.93879,2.01104,1.46603,0.200293,0.0995969,0.10069622844457626,NA,0.254602,0.29048,0.695652,4.96172,266.6,3.1,274,3.186046511627907,0.353531,0.287564,7,999,1,AL,Caden Dana,702674,31508,31508,NA
SFG,Giants,3,4,8,24,0,1,NA,62,270,63,32,29,7,48,21,NA,5,4.21853,1.34873,6.95333,3.0005,2.31739,0.985381,0.177673,0.0766695,0.10100368410348892,NA,0.258036,0.296729,0.702007,4.25383,230.89999999999992,3.7241935483870954,241,3.8870967741935485,0.353227,0.487108,3,999,30,NL,Trevor McDonald,686790,26448,26448,-5.814560548610057
MIL,Brewers,4,3,0,64,1,13,NA,64,280,56,29,26,6,67,31,NA,4,3.72269,1.37214,9.42185,4.41062,2.13618,0.776646,0.239493,0.112113,0.12738007307052612,NA,0.230842,0.296056,0.735286,3.81357,340.20000000000005,5.315625000000001,328,5.125,0.350531,0.467774,0,999,23,NL,Aaron Ashby,676879,23550,23550,-1.57782221998754
DET,Tigers,4,4,0,64,4,13,NA,64,270,60,30,28,8,60,23,NA,1,3.92362,1.30253,8.37648,3.22199,2.59979,1.08984,0.220212,0.0847037,0.1355080083012581,NA,0.245087,0.293871,0.732181,3.96583,339.20000000000005,5.300000000000001,336,5.25,0.347627,0.364293,0,573.6500244140625,6,AL,Kyle Finnegan,640448,15009,15009,NA
WSN,Nationals,3,5,6,34,0,1,NA,63,272,65,34,32,9,48,21,NA,1,4.55607,1.37621,6.80696,3.06504,2.22084,1.23474,0.175152,0.0788675,0.09628428518772125,NA,0.261793,0.293377,0.701987,4.49244,220.50000000000006,3.500000000000001,232,3.6825396825396823,0.339592,0.281011,2,999,24,NL,Mitchell Parker,680730,27636,27636,-7.367233200954335
DET,Tigers,4,3,0,60,23,4,NA,60,250,53,29,27,9,60,22,NA,2,4.10749,1.24153,9.04026,3.24058,2.7897,1.27738,0.240751,0.0862997,0.1544509381055832,NA,0.232956,0.2804,0.719267,4.13656,374.49999999999994,6.241666666666665,362,6.033333333333333,0.337976,0.311027,0,134.19000244140625,6,AL,Kenley Jansen,445276,3096,3096,NA
SFG,Giants,3,4,8,26,0,1,NA,58,255,53,31,29,7,58,28,NA,4,4.40778,1.38885,8.92925,4.29822,2.07743,1.15376,0.226934,0.109238,0.11769617348909378,NA,0.237946,0.289022,0.713055,4.44393,229.3,3.953448275862069,223,3.8448275862068964,0.337578,0.313869,3,999,30,NL,Hayden Birdsong,806185,31635,31635,-6.623349519310544
LAD,Dodgers,2,2,5,19,0,1,NA,40,171,40,21,20,6,35,13,NA,1,4.43271,1.31771,7.94916,2.95731,2.68797,1.29875,0.206701,0.0768984,0.12980248779058456,NA,0.252511,0.292364,0.704276,4.31227,150.2,3.755,154,3.85,0.336293,0.234307,2,741.70001220703125,22,NL,Gavin Stone,694813,27792,27792,-6.539045337966732
TBR,Rays,3,2,0,60,1,12,NA,60,253,57,29,27,8,56,18,NA,2,3.9924,1.24296,8.4003,2.62667,3.19808,1.1651,0.221387,0.069225,0.15216241776943207,NA,0.244937,0.29134,0.716255,3.95007,302.40000000000003,5.040000000000001,301,5.016666666666667,0.318333,0.156404,0,999,12,AL,Mason Englert,669438,22288,22288,NA
BAL,Orioles,4,3,0,66,3,15,NA,66,278,61,31,29,9,67,23,NA,2,3.9307,1.26881,9.18156,3.15364,2.91142,1.25229,0.241845,0.0830678,0.15877729654312134,NA,0.238928,0.290277,0.744906,4.02693,353.10000000000014,5.350000000000002,347,5.257575757575758,0.314621,0.328339,0,999,2,AL,Keegan Akin,669211,19362,19362,NA
LAD,Dodgers,3,2,5,25,0,1,NA,44,192,40,23,21,6,46,21,NA,2,4.36721,1.37504,9.40902,4.19025,2.24546,1.20296,0.240341,0.107034,0.13330645859241486,NA,0.237146,0.292102,0.71501,4.32642,174.8,3.972727272727273,169,3.840909090909091,0.313261,0.179473,2,999,22,NL,Kyle Hurt,669165,27514,27514,-5.45832384491114
CHW,White Sox,2,3,8,8,0,0,NA,43,188,45,25,23,7,33,16,NA,1,4.81617,1.40324,6.83835,3.25481,2.101,1.44259,0.175236,0.0834057,0.09182976186275482,NA,0.263202,0.290162,0.703687,4.83494,130.1,3.025581395348837,139,3.2325581395348837,0.312546,0.167398,3,999,4,AL,Drew Thorpe,689672,31967,31967,NA
NYM,Mets,2,2,3,13,0,1,NA,26,112,22,12,11,3,30,11,NA,1,3.70643,1.26154,10.2662,3.71084,2.76654,1.03693,0.269278,0.0973338,0.1719437912106514,NA,0.22352,0.288592,0.740736,3.6619,126.3,4.857692307692307,119,4.576923076923077,0.312083,0.30843,1,515.3699951171875,25,NL,Jonah Tong,804636,32157,32157,NA
BAL,Orioles,3,3,0,62,0,13,NA,62,268,64,30,27,8,56,19,NA,2,3.96053,1.32852,8.14932,2.69453,3.0244,1.13302,0.209536,0.0692819,0.14025426656007767,NA,0.258238,0.305785,0.740027,3.96919,295,4.758064516129032,307,4.951612903225806,0.311567,0.107267,0,999,2,AL,Dietrich Enns,608650,13932,13932,NA
TOR,Blue Jays,5,3,0,74,2,18,NA,74,311,76,34,32,8,51,18,NA,3,3.8571,1.25862,6.14298,2.13613,2.87576,0.980889,0.162423,0.0564802,0.1059432215988636,NA,0.260553,0.291643,0.717462,4.0349,372.6,5.0351351351351354,387,5.22972972972973,0.305271,0.454742,0,731.719970703125,14,AL,Tyler Rogers,643511,15541,15541,NA
BOS,Red Sox,3,2,0,56,0,10,NA,56,241,50,25,23,5,61,24,NA,2,3.73974,1.32604,9.7476,3.92897,2.48095,0.882204,0.251944,0.101551,0.15039252489805222,NA,0.232035,0.298403,0.740847,3.63952,306.9000000000001,5.4803571428571445,299,5.339285714285714,0.304676,0.336617,0,999,3,AL,Jovani Morán,663558,20422,20422,NA
NYY,Yankees,2,2,3,17,0,1,NA,32,134,29,15,14,4,31,11,NA,2,3.99119,1.24954,8.82607,3.04236,2.90106,1.17107,0.231228,0.0797048,0.15152371674776077,NA,0.237016,0.285704,0.723773,4.05163,139.20000000000002,4.3500000000000005,135,4.21875,0.303714,0.284483,1,999,9,AL,Clarke Schmidt,657376,19899,19899,NA
MIA,Marlins,3,3,0,56,0,10,NA,56,238,47,25,23,7,67,24,NA,2,3.70865,1.26322,10.7005,3.79801,2.81739,1.07021,0.279992,0.0993797,0.18061205744743347,NA,0.222528,0.292146,0.751266,3.70138,302.1000000000001,5.394642857142858,285,5.089285714285714,0.298435,0.328364,0,999,20,NL,Andrew Nardi,677053,25942,25942,-1.182034217804738
PIT,Pirates,5,7,15,33,0,1,NA,95,407,100,55,51,15,69,28,NA,4,4.87628,1.34823,6.56841,2.67079,2.45935,1.45916,0.169563,0.0689462,0.10061674565076828,NA,0.265045,0.289199,0.6855,4.79416,304.5,3.205263157894737,326,3.431578947368421,0.296072,0.504984,5,999,27,NL,José Urquidy,664353,18413,18413,-7.779448011039724
SFG,Giants,4,3,0,62,4,15,NA,62,269,52,27,25,5,68,33,NA,2,3.60314,1.37752,9.80089,4.80649,2.0391,0.773853,0.250654,0.122924,0.12773000448942184,NA,0.223669,0.291779,0.746809,3.79552,373.09999999999997,6.017741935483871,356,5.741935483870968,0.293283,0.560092,0,999,30,NL,Erik Miller,669062,26252,26252,-0.7179406024097792
CHC,Cubs,4,3,0,65,4,14,NA,65,274,54,29,27,7,67,25,NA,6,3.75635,1.22848,9.31444,3.52876,2.63958,1.00414,0.245318,0.0929385,0.1523798555135727,NA,0.224288,0.280656,0.723486,3.98463,371.5,5.7153846153846155,351,5.4,0.292153,0.731924,0,732.1400146484375,17,NL,Phil Maton,664208,18064,18064,1.7081816153668652
STL,Cardinals,2,3,8,8,0,0,NA,40,178,38,21,19,5,36,20,NA,2,4.31046,1.45715,8.16432,4.58691,1.77992,1.06395,0.204858,0.115094,0.08976374566555023,NA,0.244662,0.29125,0.726185,4.52421,141.7,3.5424999999999995,141,3.525,0.288472,0.361026,4,999,28,NL,Quinn Mathews,687273,sa3023407,sa3023407,-7.443413497141732
PIT,Pirates,3,3,0,60,2,12,NA,60,258,54,28,26,7,63,24,NA,3,3.86755,1.30846,9.3927600000000009,3.65156,2.57226,1.0294,0.243076,0.0944992,0.14857728779315948,NA,0.23503,0.293843,0.734779,3.89236,320.5,5.341666666666667,312,5.2,0.281515,0.433394,0,999,27,NL,Mason Montgomery,682254,29770,29770,-2.156621433384698
COL,Rockies,3,4,6,30,0,1,NA,57,249,67,36,33,11,42,13,NA,1,5.24802,1.3888,6.51989,2.05436,3.17369,1.69356,0.166796,0.0525558,0.11423991620540619,NA,0.283826,0.306131,0.680422,4.89554,158.3,2.7771929824561408,188,3.2982456140350878,0.281109,0.197903,2,999,19,NL,Tanner Gordon,685299,27669,27669,-9.956338257574329
CHC,Cubs,3,3,2,42,0,1,NA,49,206,43,22,21,6,55,16,NA,2,3.74847,1.19705,9.9667,2.93823,3.39208,1.05891,0.264793,0.0780622,0.18673105537891388,NA,0.22773,0.289832,0.720976,3.52777,237,4.836734693877551,227,4.63265306122449,0.279248,0.214511,1,999,17,NL,Ben Brown,676962,23590,23590,-1.4077083511544002
KCR,Royals,2,3,8,28,0,1,NA,60,260,60,33,31,8,50,24,NA,2,4.63756,1.40654,7.48042,3.65004,2.04941,1.25749,0.190758,0.0930797,0.09767857193946838,NA,0.255551,0.292342,0.705394,4.60971,215.60000000000002,3.5933333333333337,222,3.7,0.278311,0.309711,3,999,7,AL,Ryan Bergert,686701,29863,29863,NA
MIA,Marlins,3,4,0,64,5,11,NA,64,280,60,31,28,7,64,28,NA,3,4.00073,1.38211,8.95968,3.94662,2.27022,0.996,0.227662,0.100282,0.1273801550269127,NA,0.242323,0.29878,0.73363,4.0193,335.5,5.2421875,333,5.203125,0.278302,0.484381,0,999,20,NL,Calvin Faucher,676534,20116,20116,-2.910820672814892
BOS,Red Sox,4,4,0,65,1,17,NA,65,279,63,33,30,8,59,23,NA,3,4.20527,1.33027,8.11218,3.2087,2.52818,1.1122,0.210139,0.0831187,0.12702030688524246,NA,0.250428,0.296908,0.715565,4.14184,331.8,5.104615384615385,334,5.138461538461539,0.275681,0.249518,0,999,3,AL,Greg Weissert,669711,20375,20375,NA
MIL,Brewers,3,3,0,60,0,12,NA,60,253,55,26,24,7,57,20,NA,3,3.60984,1.25306,8.51737,2.97594,2.86208,0.988313,0.22448100000000001,0.0784328,0.14604812115430832,NA,0.240039,0.291614,0.744207,3.78938,307.9,5.131666666666666,302,5.033333333333333,0.271597,0.434506,0,999,23,NL,Angel Zerpa,672582,22717,22717,-1.1827178678419523
LAD,Dodgers,3,3,3,40,0,1,NA,56,239,54,28,26,8,52,19,NA,2,4.22822,1.29315,8.30224,2.98468,2.78162,1.26927,0.217087,0.0780436,0.13904373347759247,NA,0.247794,0.291283,0.718245,4.23061,220.6000000000001,3.9392857142857163,221,3.9464285714285716,0.271377,0.180176,1,999,22,NL,Justin Wrobleski,680736,31204,31204,-4.247636955107481
TOR,Blue Jays,3,3,0,58,0,12,NA,58,247,56,27,24,7,55,18,NA,3,3.78127,1.27307,8.50747,2.79314,3.04585,1.01826,0.221817,0.0728261,0.1489909663796425,NA,0.246989,0.29921,0.729734,3.80647,292.5,5.043103448275862,294,5.068965517241379,0.266967,0.182787,0,999,14,AL,Tommy Nance,667297,19178,19178,NA
WSN,Nationals,3,3,0,59,2,12,NA,59,250,54,28,26,7,59,21,NA,2,3.95578,1.27552,8.99076,3.19728,2.81201,1.12859,0.23572,0.0838264,0.15189410001039505,NA,0.239214,0.291944,0.728066,3.9401,317.1,5.374576271186441,311,5.271186440677966,0.263681,0.341921,0,999,24,NL,Julian Fernández,642759,18341,18341,-2.0971825289465857
CHC,Cubs,2,2,3,19,0,1,NA,32,135,31,15,14,4,29,10,NA,1,3.89924,1.27541,8.03611,2.77871,2.89203,1.12935,0.210816,0.0728955,0.13792073726654053,NA,0.247955,0.292061,0.732429,3.99128,136.00000000000003,4.250000000000001,137,4.28125,0.255139,0.295605,1,999,17,NL,Jordan Wicks,696136,30094,30094,NA
CIN,Reds,4,3,0,62,1,13,NA,62,264,60,31,29,8,58,21,NA,2,4.17187,1.29213,8.38246,2.98295,2.81013,1.22678,0.21872,0.0778326,0.14088697731494904,NA,0.246898,0.291987,0.721565,4.14632,308.4,4.974193548387096,310,5,0.252208,0.323533,0,999,18,NL,Brock Burke,656271,17968,17968,-3.061548344213314
NYY,Yankees,3,4,2,59,0,12,NA,66,282,66,35,32,9,55,20,NA,2,4.42065,1.32055,7.49969,2.76137,2.71593,1.2722,0.193505,0.0712482,0.12225668877363205,NA,0.255849,0.292001,0.70057,4.33846,298.10000000000014,4.516666666666668,305,4.621212121212121,0.251668,-0.0764793,1,999,9,AL,Paul Blackburn,621112,14739,14739,NA
COL,Rockies,3,4,0,66,3,14,NA,66,292,63,36,33,8,68,31,NA,6,4.5644,1.41247,9.24018,4.17235,2.21462,1.15838,0.232293,0.104891,0.12740244716405869,NA,0.245603,0.302862,0.700696,4.42399,322.2000000000001,4.881818181818184,322,4.878787878787879,0.251152,0.420531,0,999,19,NL,Juan Mejia,675848,23237,23237,-6.4136416168626464
CIN,Reds,3,3,0,61,1,12,NA,61,263,57,31,29,9,67,25,NA,2,4.24741,1.33916,9.93735,3.66944,2.70814,1.30136,0.255844,0.0944722,0.16137176752090454,NA,0.239994,0.298913,0.730766,4.11038,298.5000000000001,4.893442622950822,294,4.819672131147541,0.249517,0.200664,0,999,18,NL,Pierce Johnson,572955,13435,13435,-4.336346847530125
MIA,Marlins,1,1,5,5,0,0,NA,24,104,22,12,11,3,23,11,NA,1,4.21517,1.40206,8.90488,4.35624,2.04417,1.08418,0.225045,0.110091,0.11495369672775269,NA,0.238366,0.290928,0.72559,4.35797,93.50000000000001,3.895833333333334,91,3.7916666666666665,0.247556,0.324079,2,999,20,NL,Thomas White,806258,sa3023268,sa3023268,NA
CHW,White Sox,4,5,3,76,1,14,NA,93,405,92,48,45,11,75,37,NA,6,4.34397,1.38344,7.24394,3.59316,2.01604,1.0987,0.185012,0.09177,0.09324157983064651,NA,0.252979,0.290915,0.711293,4.49238,395.7000000000001,4.25483870967742,404,4.344086021505376,0.246237,0.234455,1,999,4,AL,Mike Vasil,678024,30105,30105,NA
DET,Tigers,3,4,5,41,0,1,NA,63,270,62,33,31,9,52,21,NA,3,4.38244,1.33319,7.53335,3.03586,2.48145,1.27884,0.194278,0.0782921,0.11598610132932663,NA,0.253641,0.289694,0.712331,4.45472,230.30000000000007,3.655555555555557,234,3.7142857142857144,0.24238,0.209338,2,999,6,AL,Keider Montero,672456,22630,22630,NA
LAD,Dodgers,3,1,0,46,0,5,NA,46,189,43,19,18,4,39,13,NA,1,3.53819,1.20553,7.70448,2.51212,3.06692,0.845979,0.208526,0.0679919,0.1405339613556862,NA,0.244048,0.292489,0.728055,3.57276,235.40000000000003,5.1173913043478265,234,5.086956521739131,0.242244,0.24539,0,999,22,NL,Brusdar Graterol,660813,20367,20367,-1.7139060147934964
KCR,Royals,3,4,0,60,0,12,NA,60,257,56,30,27,7,58,24,NA,2,4.12265,1.32831,8.64122,3.53917,2.44159,1.02432,0.224176,0.0918153,0.13236043602228165,NA,0.24208,0.294494,0.713382,3.95539,298.29999999999995,4.971666666666666,295,4.916666666666667,0.239292,0.147122,0,999,7,AL,Nick Mears,683232,25376,25376,NA
LAA,Angels,3,4,0,57,1,9,NA,57,243,52,29,27,8,61,22,NA,3,4.23845,1.2848,9.65834,3.41116,2.8314,1.26839,0.251549,0.0888429,0.16270656138658524,NA,0.236649,0.292657,0.710926,4.13674,276.2,4.845614035087719,269,4.719298245614035,0.238421,0.043388,0,741.78997802734375,1,AL,Jordan Romano,605447,16122,16122,NA
PIT,Pirates,3,4,0,58,1,12,NA,58,253,52,28,25,5,59,28,NA,5,3.95215,1.37517,9.1022,4.32723,2.10347,0.799,0.232205,0.110391,0.1218135878443718,NA,0.236255,0.29998,0.717101,3.97597,304.50000000000006,5.250000000000001,297,5.120689655172414,0.223781,0.24678,0,999,27,NL,Justin Lawrence,664875,17639,17639,-3.927386417442266
NYM,Mets,4,4,3,61,0,11,NA,75,320,75,37,35,10,63,22,NA,3,4.16537,1.28722,7.57758,2.63918,2.87119,1.25135,0.197302,0.0687176,0.1285839006304741,NA,0.25248,0.289235,0.722824,4.25018,332,4.426666666666667,340,4.533333333333333,0.223679,0.256614,1,999,25,NL,Tobias Myers,668964,22191,22191,-3.3147241360663147
MIA,Marlins,4,3,0,61,1,12,NA,61,258,56,29,26,7,58,24,NA,3,3.90517,1.30401,8.56167,3.51344,2.43683,0.968299,0.225167,0.0924015,0.13276532292366028,NA,0.241674,0.296172,0.719533,3.96454,307.70000000000005,5.0442622950819676,302,4.950819672131147,0.220618,0.363502,0,999,20,NL,Anthony Bender,669622,19742,19742,-1.8048846421362286
TBR,Rays,1,1,3,3,0,0,NA,17,73,16,9,8,2,17,6,NA,1,4.2177,1.27739,8.87724,3.26391,2.71982,1.21174,0.230679,0.084814,0.14586450159549713,NA,0.238136,0.286776,0.707599,4.21675,72.60000000000002,4.270588235294119,72,4.235294117647059,0.220361,0.151362,2,999,12,AL,Ty Johnson,694494,sa3023410,sa3023410,NA
NA,NA,2,2,6,6,0,0,NA,33,147,35,19,18,4,24,14,NA,2,4.90231,1.46646,6.61333,3.71221,1.78151,1.18891,0.164579,0.0923821,0.07219722121953964,NA,0.264774,0.296066,0.685413,4.83507,104.00000000000006,3.151515151515153,113,3.4242424242424243,0.219344,0.156979,3,999,-1,NA,Spencer Turnbull,605513,16207,16207,NA
STL,Cardinals,3,3,0,65,6,15,NA,65,278,61,30,27,7,59,24,NA,4,3.80302,1.2976,8.20314,3.28314,2.49856,0.964092,0.213039,0.0852645,0.127774216234684,NA,0.242565,0.29207,0.733159,4.00318,360.29999999999995,5.543076923076923,358,5.507692307692308,0.218871,0.45087699999999997,0,666.22998046875,28,NL,Matt Svanson,694335,29629,29629,-0.9567719523648388
STL,Cardinals,4,4,0,60,2,12,NA,60,261,54,29,27,7,61,28,NA,2,4.06745,1.37405,9.14612,4.25988,2.14704,1.04875,0.2338,0.108894,0.12490563094615936,NA,0.234216,0.289058,0.731257,4.12017,307.5,5.125,299,4.983333333333333,0.216892,0.199217,0,999,28,NL,Ryne Stanek,592773,15947,15947,-3.0195771596428482
NA,NA,2,2,0,34,0,0,NA,34,145,29,16,15,4,38,15,NA,2,3.86575,1.28035,10.0901,3.91297,2.57862,1.10073,0.263547,0.102205,0.16134250909090042,NA,0.224375,0.286427,0.735608,3.93903,152.00000000000003,4.470588235294119,143,4.205882352941177,0.2164,0.202148,0,999,-1,NA,Dauri Moreta,664294,21101,21101,NA
NYM,Mets,3,3,0,60,0,13,NA,60,260,58,28,26,6,54,23,NA,3,3.9097,1.35547,8.14984,3.50954,2.32219,0.828671,0.208767,0.0899006,0.118865966796875,NA,0.247893,0.301469,0.71823,3.84895,301.4,5.0233333333333325,304,5.066666666666666,0.215707,0.19886,0,999,25,NL,Luis García,472610,6984,6984,-4.172337675457508
DET,Tigers,3,3,0,55,0,9,NA,55,234,52,25,23,6,49,16,NA,5,3.75634,1.24433,7.95256,2.64239,3.00961,0.953141,0.207903,0.0690798,0.1388234943151474,NA,0.245386,0.292843,0.721937,3.87174,269,4.890909090909091,268,4.872727272727273,0.214308,0.212481,0,999,6,AL,Brant Hurter,676428,30133,30133,NA
LAD,Dodgers,3,2,0,54,0,12,NA,54,227,49,27,25,8,54,21,NA,1,4.13152,1.28438,8.95946,3.45403,2.59391,1.2542,0.236392,0.0911333,0.1452585756778717,NA,0.236743,0.285187,0.721592,4.177,263.80000000000007,4.885185185185186,256,4.7407407407407405,0.210371,0.090115,0,999,22,NL,Jack Dreyer,676263,30249,30249,-3.881193109657784
ATL,Braves,3,3,3,36,0,1,NA,51,222,50,27,25,7,50,21,NA,1,4.41258,1.38688,8.80553,3.65477,2.40933,1.1647,0.224064,0.0929984,0.13106517493724823,NA,0.249356,0.301321,0.710722,4.16054,199.30000000000007,3.907843137254903,202,3.9607843137254903,0.20985,0.224083,1,999,16,NL,Joey Wentz,666214,19962,19962,-6.165262525491749
WSN,Nationals,4,4,0,61,2,14,NA,61,264,57,30,28,7,59,26,NA,3,4.08404,1.35504,8.67023,3.78948,2.28798,1.0474,0.222419,0.097212,0.12520671635866165,NA,0.24237,0.294758,0.726045,4.15443,314.1000000000001,5.149180327868854,311,5.098360655737705,0.209126,0.311547,0,999,24,NL,PJ Poulin,676571,23394,23394,-3.3737393641598157
MIN,Twins,3,3,0,56,0,10,NA,56,243,51,27,25,6,55,25,NA,3,4.08688,1.36546,8.90021,4.03555,2.20545,1.03212,0.228311,0.103521,0.12478974461555481,NA,0.238987,0.293515,0.727978,4.13052,274.0000000000001,4.892857142857145,268,4.785714285714286,0.208784,0.128723,0,999,8,AL,Eric Orze,679358,27626,27626,NA
PHI,Phillies,4,4,0,68,2,16,NA,68,293,65,34,32,9,61,27,NA,3,4.19932,1.35241,8.09909,3.53113,2.29363,1.12636,0.209145,0.0911853,0.11795962601900101,NA,0.248503,0.294156,0.720039,4.28041,329.50000000000006,4.845588235294119,329,4.838235294117647,0.208479,0.342427,0,999,26,NL,Brad Keller,641745,15734,15734,-3.909094937854139
SEA,Mariners,4,4,6,48,0,1,NA,76,328,76,40,37,11,60,24,NA,4,4.34966,1.31578,7.15211,2.85926,2.50139,1.26779,0.184376,0.0737093,0.11066631227731705,NA,0.253413,0.285452,0.708795,4.49164,269.5,3.5460526315789473,277,3.6447368421052633,0.207522,0.0546683,2,999,11,AL,Emerson Hancock,676106,27470,27470,NA
TOR,Blue Jays,3,3,0,54,0,10,NA,54,235,46,23,21,5,58,29,NA,2,3.56544,1.38616,9.74187,4.79314,2.03246,0.793887,0.249053,0.122538,0.12651512026786804,NA,0.226429,0.294473,0.754799,3.84615,281.5,5.212962962962963,268,4.962962962962963,0.206349,0.298112,0,999,14,AL,Brendon Little,663893,21574,21574,NA
LAD,Dodgers,2,2,6,14,0,1,NA,39,173,40,23,21,6,32,16,NA,2,4.7816,1.42397,7.40508,3.69872,2.00206,1.35677,0.187116,0.0934617,0.09365461021661758,NA,0.257708,0.291568,0.70017,4.84844,124.80000000000001,3.2,131,3.358974358974359,0.205738,0.122727,2,741.260009765625,22,NL,River Ryan,689981,29514,29514,-8.706910883911846
MIA,Marlins,3,4,3,43,0,1,NA,57,248,58,30,28,8,49,20,NA,2,4.41667,1.35231,7.66842,3.13053,2.44956,1.25102,0.196915,0.0803878,0.1165267825126648,NA,0.255027,0.293614,0.712601,4.40295,208.59999999999997,3.659649122807017,217,3.807017543859649,0.204496,0.157376,1,999,20,NL,Ryan Gusto,687473,26440,26440,-6.3615115528541875
CIN,Reds,3,3,0,58,0,10,NA,58,250,54,29,27,6,55,23,NA,5,4.21336,1.32343,8.60636,3.52381,2.44234,0.99974,0.22187,0.090843,0.1310267373919487,NA,0.242879,0.296373,0.700884,4.0860900000000004,281,4.844827586206897,278,4.793103448275862,0.19511,0.190672,0,999,18,NL,Caleb Ferguson,657571,19349,19349,-4.599025142372099
ATH,Athletics,1,1,3,3,0,0,NA,16,70,16,8,8,2,14,6,NA,1,4.31219,1.32737,7.79931,3.0567,2.55155,1.22601,0.201768,0.0790765,0.12269097566604614,NA,0.252503,0.29272,0.713294,4.32252,59.20000000000001,3.7000000000000006,61,3.8125,0.194883,0.212486,1,999,10,AL,Gage Jump,695611,sa3034986,sa3034986,NA
ATH,Athletics,3,3,0,54,2,9,NA,54,234,47,27,26,6,58,28,NA,3,4.2524,1.3827,9.63929,4.58411,2.10276,1.04995,0.24689,0.117412,0.12947748601436615,NA,0.231665,0.29304,0.717849,4.2142,272.6,5.048148148148148,261,4.833333333333333,0.188996,0.106944,0,999,10,AL,Scott Barlow,605130,14993,14993,NA
DET,Tigers,3,3,0,58,0,11,NA,58,248,60,27,25,6,43,16,NA,2,3.91355,1.30511,6.61647,2.44161,2.70988,0.914201,0.171918,0.0634413,0.1084771454334259,NA,0.260802,0.298101,0.71791,3.92201,275.40000000000003,4.748275862068966,288,4.9655172413793105,0.186271,0.212459,0,999,6,AL,Brenan Hanifee,669724,22304,22304,NA
BAL,Orioles,4,4,3,57,0,7,NA,71,294,68,37,34,12,63,18,NA,2,4.36335,1.21339,8.04224,2.27355,3.5373,1.58225,0.215801,0.0610074,0.1547938585281372,NA,0.249038,0.281497,0.717841,4.48193,294.99999999999994,4.154929577464788,293,4.126760563380282,0.185605,0.0673208,1,741.80999755859375,2,AL,Tyler Wells,669330,20000,20000,NA
HOU,Astros,3,2,0,50,0,4,NA,50,208,43,21,20,6,55,18,NA,1,3.57277,1.22879,9.95032,3.31708,2.99972,1.11931,0.265411,0.0884785,0.176932230591774,NA,0.228258,0.289857,0.76276,3.73157,253.39999999999998,5.068,241,4.82,0.182572,0.214497,0,999,21,AL,Bennett Sousa,656986,21345,21345,NA
NYY,Yankees,3,2,0,53,0,10,NA,53,229,46,25,23,6,56,22,NA,5,3.92247,1.28938,9.55646,3.78873,2.52234,0.949045,0.246048,0.0975475,0.14850040525197983,NA,0.228074,0.288967,0.712592,3.9062,269.80000000000007,5.09056603773585,258,4.867924528301887,0.181214,0.105069,0,999,9,AL,Jake Bird,656234,21267,21267,NA
ARI,Diamondbacks,4,3,0,64,1,16,NA,64,271,64,29,27,7,52,20,NA,3,3.8144,1.30362,7.29297,2.75934,2.64302,0.943341,0.191395,0.0724155,0.11897995322942734,NA,0.256644,0.300437,0.733388,3.92394,325.1,5.0796875,333,5.203125,0.180784,0.633425,0,999,15,NL,Ryan Thompson,657044,16647,16647,-2.1364528650132835
HOU,Astros,2,3,5,29,0,1,NA,50,219,53,27,25,7,38,16,NA,2,4.48283,1.38174,6.87445,2.9428,2.33602,1.28372,0.175562,0.0751544,0.10040797293186188,NA,0.2654,0.297325,0.711114,4.59125,172.09999999999997,3.4419999999999993,185,3.7,0.179844,0.15462,2,999,21,AL,Jason Alexander,669920,19666,19666,NA
TBR,Rays,3,3,3,47,0,1,NA,60,258,55,31,29,9,60,24,NA,3,4.31684,1.31816,8.96461,3.65893,2.45006,1.30166,0.231588,0.0945234,0.13706467300653458,NA,0.237561,0.284418,0.717621,4.41416,233.3,3.8883333333333336,226,3.7666666666666666,0.179641,0.145771,1,999,12,AL,Yoendrys Gómez,672782,22872,22872,NA
KCR,Royals,4,4,5,53,0,4,NA,73,311,74,40,37,11,54,24,NA,2,4.56969,1.34417,6.70447,2.91883,2.29697,1.32288,0.174204,0.0758405,0.09836314618587494,NA,0.259517,0.287327,0.70138,4.59545,258.5,3.541095890410959,268,3.671232876712329,0.176812,0.136236,2,999,7,AL,Bailey Falter,663559,20070,20070,NA
LAA,Angels,2,2,3,15,0,1,NA,28,124,28,15,14,4,26,12,NA,1,4.48544,1.38939,8.3155,3.75286,2.21578,1.21369,0.211889,0.0956271,0.11626147478818893,NA,0.249496,0.295049,0.710127,4.42943,102.20000000000006,3.650000000000002,105,3.75,0.173248,0.0983902,1,999,1,AL,George Klassen,691946,sa3023440,sa3023440,NA
SFG,Giants,2,3,3,27,0,1,NA,42,183,41,22,20,5,37,16,NA,2,4.28664,1.3634,7.91517,3.48602,2.27054,1.15663,0.202061,0.0889924,0.11306885629892349,NA,0.249049,0.291135,0.717892,4.34671,166.70000000000002,3.9690476190476196,169,4.023809523809524,0.171695,0.178748,1,999,30,NL,Blade Tidwell,694918,31701,31701,-6.439182776451292
CHW,White Sox,2,2,5,19,0,1,NA,38,167,37,21,20,5,33,18,NA,2,4.74777,1.46584,7.79817,4.25892,1.83102,1.24056,0.194899,0.106443,0.0884561762213707,NA,0.253703,0.293918,0.706076,4.79362,133.5,3.513157894736842,135,3.5526315789473686,0.171008,0.152311,2,999,4,AL,Tanner McDougal,701780,sa3017471,sa3017471,NA
ATH,Athletics,2,2,3,29,0,1,NA,43,189,42,24,22,6,37,18,NA,2,4.59965,1.39631,7.68501,3.71627,2.06794,1.20066,0.195415,0.0944978,0.10091757029294968,NA,0.251977,0.29155,0.700558,4.5624,153.2,3.5627906976744184,155,3.604651162790698,0.17098,0.149209,1,999,10,AL,Mason Barnett,686930,31741,31741,NA
NA,NA,3,2,0,40,0,0,NA,40,172,38,18,17,4,36,15,NA,2,3.7925,1.33963,8.02737,3.48196,2.30541,0.964811,0.207495,0.0900032,0.1174914762377739,NA,0.246305,0.294716,0.742631,4.03615,169,4.225,169,4.225,0.169966,0.331188,0,999,-1,NA,Jalen Beeks,656222,17192,17192,NA
ARI,Diamondbacks,1,1,2,19,0,1,NA,26,111,24,12,11,3,25,9,NA,1,3.87037,1.29989,8.61971,3.24058,2.65993,1.04477,0.224576,0.0844292,0.14014661312103271,NA,0.242943,0.294753,0.73372,3.91727,117.1,4.503846153846154,115,4.423076923076923,0.16933,0.189213,1,999,15,NL,Cristian Mena,691441,27974,27974,NA
CHC,Cubs,3,2,0,60,0,13,NA,60,255,59,28,26,7,50,18,NA,3,3.90743,1.2849,7.56434,2.72583,2.77506,0.982643,0.197672,0.0712314,0.1264401227235794,NA,0.251709,0.295702,0.718237,3.92493,293.5,4.891666666666667,298,4.966666666666667,0.169121,0.253255,0,999,17,NL,Hoby Milner,571948,13346,13346,-3.2371535611505484
SFG,Giants,2,2,3,15,0,1,NA,29,124,29,15,14,4,23,10,NA,1,4.26677,1.35672,7.20192,3.07396,2.34288,1.11937,0.184828,0.0788892,0.1059388667345047,NA,0.256974,0.294391,0.714843,4.28865,107.00000000000003,3.689655172413794,110,3.793103448275862,0.168019,0.229137,1,999,30,NL,Carson Whisenhunt,687931,31676,31676,NA
PIT,Pirates,4,4,0,64,2,13,NA,64,277,59,32,30,8,60,29,NA,3,4.25672,1.37768,8.45,4.10106,2.06044,1.14814,0.216865,0.105252,0.1116134375333786,NA,0.240826,0.287625,0.726618,4.41837,307.80000000000007,4.809375000000001,302,4.71875,0.167913,0.379476,0,999,27,NL,Isaac Mattson,676755,20385,20385,-4.079289755941399
CLE,Guardians,4,3,0,54,0,10,NA,54,231,46,24,22,5,57,25,NA,3,3.65764,1.32276,9.497,4.22898,2.2457,0.872786,0.246644,0.10983,0.13681470602750778,NA,0.227599,0.291282,0.741396,3.87847,288.5,5.342592592592593,275,5.092592592592593,0.165832,0.22693,0,999,5,AL,Tim Herrin,682120,25139,25139,NA
WSN,Nationals,2,2,3,23,0,1,NA,36,158,33,19,17,4,35,17,NA,2,4.35696,1.39515,8.86677,4.24314,2.08967,1.1197,0.223065,0.106747,0.11631885170936584,NA,0.238076,0.288528,0.716129,4.3926,148.40000000000003,4.122222222222224,145,4.027777777777778,0.16432,0.213577,1,999,24,NL,Luis Perales,691384,sa3014677,sa3014677,-6.429572514160218
SDP,Padres,3,3,5,27,0,1,NA,48,202,46,26,24,9,42,13,NA,3,4.50831,1.24443,7.98274,2.47071,3.23095,1.61493,0.210049,0.0650114,0.14503715932369232,NA,0.249274,0.27986,0.712966,4.68919,164.90000000000006,3.435416666666668,163,3.3958333333333335,0.16411,0.140168,2,999,29,NL,JP Sears,676664,23429,23429,-4.3366036041435
DET,Tigers,2,2,2,27,0,1,NA,34,141,33,16,15,4,30,9,NA,2,4.05793,1.24016,7.96414,2.3427,3.39956,1.2054,0.210184,0.0618267,0.14835694059729576,NA,0.251143,0.293442,0.714064,4.03204,147.60000000000002,4.341176470588236,149,4.382352941176471,0.161949,0.159476,1,999,6,AL,Sawyer Gipson-Long,687830,26048,26048,NA
LAA,Angels,1,2,5,5,0,0,NA,26,115,26,15,14,4,23,11,NA,1,4.80482,1.44062,7.93696,3.93221,2.01845,1.37776,0.200327,0.0992482,0.10107887536287308,NA,0.255122,0.293393,0.70724,4.76538,85.6,3.292307692307692,88,3.3846153846153846,0.158399,0.12482,2,999,1,AL,Mitch Farris,815083,33628,33628,NA
MIL,Brewers,1,1,2,26,0,0,NA,27,113,25,13,12,3,25,8,NA,1,3.90996,1.23704,8.5515,2.82344,3.02875,1.12406,0.224977,0.0742806,0.15069666504859924,NA,0.239525,0.287231,0.722851,3.96424,120.9,4.477777777777778,119,4.407407407407407,0.156535,0.193707,1,999,23,NL,Coleman Crow,689441,sa3015142,sa3015142,NA
BAL,Orioles,1,1,2,19,0,1,NA,26,109,24,12,12,3,26,9,NA,1,4.05554,1.29133,8.97212,3.10154,2.89279,1.2075,0.234226,0.0809687,0.1532568857073784,NA,0.243744,0.295153,0.728718,4.0019,119.1,4.5807692307692305,117,4.5,0.151699,0.155286,1,999,2,AL,Cade Povich,700249,30055,30055,NA
CHW,White Sox,3,3,0,54,0,9,NA,54,237,52,27,25,5,50,24,NA,4,4.20269,1.39114,8.35376,3.93136,2.1249,0.900507,0.211624,0.0995921,0.11203161627054214,NA,0.246473,0.30041,0.706871,4.12187,254.90000000000003,4.720370370370371,257,4.7592592592592595,0.149899,0.0565169,0,999,4,AL,Jordan Hicks,663855,19618,19618,NA
MIN,Twins,4,4,3,53,0,4,NA,69,303,73,38,35,9,54,24,NA,2,4.53867,1.38583,6.98233,3.05507,2.28549,1.17158,0.178156,0.0779511,0.10020506381988525,NA,0.262936,0.298088,0.699499,4.4011,256.1,3.711594202898551,274,3.971014492753623,0.149105,-0.00367986,1,999,8,AL,Travis Adams,701519,30180,30180,NA
CLE,Guardians,3,3,0,61,0,14,NA,61,265,49,29,27,7,73,36,NA,3,3.93339,1.39411,10.6994,5.27324,2.029,1.07163,0.273975,0.13503,0.13894519209861755,NA,0.217889,0.286978,0.747449,4.1953,322.9000000000001,5.293442622950821,299,4.901639344262295,0.148148,0.199278,0,999,5,AL,Erik Sabrowski,681870,24978,24978,NA
ARI,Diamondbacks,3,2,0,42,7,1,NA,42,174,35,17,16,5,50,14,NA,2,3.32168,1.17198,10.7534,2.99794,3.58693,1.0082,0.287687,0.0802044,0.20748309791088104,NA,0.222956,0.295989,0.758719,3.37377,249.3,5.935714285714286,236,5.619047619047619,0.144849,0.127882,0,999,15,NL,A.J. Puk,640462,19343,19343,1.7376869144062657
SEA,Mariners,3,3,3,37,0,1,NA,51,221,51,25,23,6,42,15,NA,4,4.04863,1.29019,7.39197,2.69031,2.74762,1.06446,0.191372,0.06965,0.12172199785709381,NA,0.252817,0.292825,0.714952,4.14279,202.00000000000003,3.960784313725491,208,4.078431372549019,0.144042,0.128223,1,999,11,AL,Cooper Criswell,681867,24975,24975,NA
TOR,Blue Jays,3,3,2,50,0,4,NA,57,240,54,28,26,9,53,18,NA,2,4.12114,1.26255,8.39237,2.81315,2.98326,1.39333,0.220606,0.0739481,0.1466582641005516,NA,0.244628,0.284387,0.737029,4.3134,232.69999999999996,4.082456140350876,230,4.035087719298246,0.143812,0.137156,1,999,14,AL,Eric Lauer,641778,19316,19316,NA
CHW,White Sox,1,1,3,3,0,0,NA,16,71,16,9,8,2,13,7,NA,1,4.57961,1.43897,7.52231,4.00953,1.87611,1.14352,0.188564,0.100508,0.08805588632822037,NA,0.25394,0.293763,0.703684,4.67619,54.20000000000001,3.3875000000000006,56,3.5,0.14296,0.0913436,1,999,4,AL,Noah Schultz,702273,sa3020949,sa3020949,NA
NYM,Mets,2,2,2,32,0,1,NA,38,160,36,19,17,5,36,10,NA,2,4.06314,1.21061,8.48308,2.45632,3.45357,1.23271,0.224683,0.0650583,0.15962496399879456,NA,0.242244,0.286862,0.706643,4.00338,166.1,4.371052631578947,165,4.342105263157895,0.139387,0.0706921,1,999,25,NL,Christian Scott,681035,30107,30107,-4.023851272197682
ATL,Braves,1,1,3,3,0,0,NA,17,75,17,9,9,2,14,6,NA,1,4.49814,1.37402,7.55079,3.36391,2.24465,1.1754,0.193239,0.0860886,0.10714995115995407,NA,0.256027,0.296078,0.699362,4.45955,64.00000000000001,3.764705882352942,66,3.8823529411764706,0.139105,0.1728,1,999,16,NL,JR Ritchie,702275,sa3020395,sa3020395,NA
ARI,Diamondbacks,1,1,3,3,0,0,NA,17,73,17,9,8,2,15,6,NA,1,4.32069,1.3733,7.92342,3.40181,2.32918,1.20585,0.202215,0.0868185,0.11539698392152786,NA,0.253188,0.295303,0.721911,4.38367,66.00000000000001,3.8823529411764715,68,4,0.138682,0.17621,1,999,15,NL,Kohl Drake,684442,sa3021723,sa3021723,NA
CIN,Reds,2,4,3,33,0,1,NA,46,204,48,28,26,7,36,20,NA,2,5.08712,1.4592,6.96202,3.81248,1.82611,1.33108,0.175043,0.0958553,0.07918741554021835,NA,0.261845,0.292628,0.677961,4.90348,139.50000000000006,3.032608695652175,149,3.239130434782609,0.131237,-0.0108059,1,999,18,NL,Chase Petty,695534,30170,30170,-10.519331135497358
SFG,Giants,2,1,2,23,0,1,NA,29,125,29,14,13,3,26,9,NA,2,3.94699,1.28219,8.04179,2.66218,3.02076,0.977757,0.209183,0.0692486,0.13993480801582336,NA,0.251576,0.300735,0.715301,3.81234,125.30000000000001,4.320689655172414,129,4.448275862068965,0.130696,0.0895832,1,999,30,NL,Keaton Winn,676775,23499,23499,NA
SFG,Giants,3,2,0,53,0,5,NA,53,234,50,23,21,4,50,23,NA,3,3.63956,1.37801,8.48341,3.86902,2.19265,0.603302,0.213874,0.0975411,0.11633274704217911,NA,0.241829,0.302676,0.733169,3.58134,255.00000000000006,4.8113207547169825,255,4.811320754716981,0.129778,0.167484,0,999,30,NL,Gregory Santos,666619,21894,21894,-3.5439532249407737
LAD,Dodgers,2,2,0,44,0,1,NA,44,186,37,20,19,5,51,18,NA,2,3.80935,1.2438,10.4553,3.60496,2.90025,1.10762,0.27472800000000003,0.0947256,0.18000207096338272,NA,0.223332,0.289114,0.737833,3.77004,213.90000000000003,4.861363636363637,201,4.568181818181818,0.129497,0.0631611,0,999,22,NL,Brock Stewart,592779,16727,16727,-3.303247782576726
SFG,Giants,2,2,0,44,0,1,NA,44,184,39,17,16,3,43,14,NA,1,3.27971,1.22473,8.88757,2.94389,3.01899,0.700013,0.236467,0.0783264,0.15814045071601868,NA,0.235033,0.297709,0.74404,3.24209,232.30000000000004,5.279545454545455,226,5.136363636363637,0.127849,0.129147,0,999,30,NL,Sam Hentges,656529,18548,18548,-1.668542244154425
CLE,Guardians,1,2,3,15,0,1,NA,30,127,31,16,15,5,22,7,NA,1,4.43515,1.30437,6.61776,2.26469,2.92215,1.39718,0.171896,0.0588251,0.11307043209671974,NA,0.264099,0.289926,0.711566,4.55707,103.9,3.4633333333333334,109,3.6333333333333333,0.124655,0.186402,1,999,5,AL,Austin Peterson,804926,sa3020868,sa3020868,NA
ATH,Athletics,3,3,0,66,10,11,NA,66,286,60,33,31,8,64,31,NA,3,4.18052,1.38008,8.74853,4.17966,2.09312,1.11654,0.224548,0.107279,0.117268867790699,NA,0.239546,0.290348,0.731254,4.32304,354.0000000000001,5.363636363636365,346,5.242424242424242,0.122524,0.369558,0,999,10,AL,Hogan Harris,663687,21520,21520,NA
LAA,Angels,2,2,0,48,10,0,NA,48,204,38,21,19,4,57,21,NA,4,3.55722,1.24894,10.7383,4.02779,2.66605,0.835769,0.281112,0.10544099999999999,0.17567019164562225,NA,0.216226,0.292746,0.728534,3.57011,296.20000000000005,6.170833333333334,277,5.770833333333333,0.122173,0.0875848,0,704.3499755859375,1,AL,Ben Joyce,690829,31461,31461,NA
SFG,Giants,2,2,0,56,0,10,NA,56,241,56,26,24,6,47,20,NA,2,3.8832,1.34856,7.49024,3.17359,2.36018,0.90071,0.193129,0.0818281,0.1113005205988884,NA,0.253499,0.298975,0.726845,3.91327,263,4.696428571428571,270,4.821428571428571,0.121014,0.151626,0,999,30,NL,Matt Gage,657424,17381,17381,-5.378770662082352
TEX,Rangers,4,5,2,62,0,11,NA,69,295,71,39,36,11,57,18,NA,2,4.67919,1.29149,7.37748,2.37393,3.1077,1.45656,0.192239,0.0618588,0.13038011640310287,NA,0.259064,0.29003,0.689504,4.49066,288.70000000000005,4.184057971014494,300,4.3478260869565215,0.116154,-0.152056,1,999,13,AL,Tyler Alexander,641302,17735,17735,NA
TEX,Rangers,3,3,0,48,0,4,NA,48,207,45,23,22,6,48,20,NA,1,4.07043,1.34375,9.01405,3.72927,2.41711,1.09179,0.23238,0.0961396,0.13624054193496704,NA,0.239641,0.293272,0.732694,4.00428,213.40000000000003,4.445833333333334,211,4.395833333333333,0.114144,0.0467832,0,999,13,AL,Josh Sborz,622250,18323,18323,NA
TBR,Rays,1,2,2,20,0,1,NA,27,117,27,14,13,3,22,9,NA,1,4.14709,1.32292,7.26066,2.83052,2.56513,1.10831,0.187752,0.0731939,0.11455796658992767,NA,0.25615,0.29441,0.716389,4.20263,110.7,4.1000000000000005,114,4.222222222222222,0.114095,0.0514944,1,999,12,AL,Joe Rock,697812,30016,30016,NA
WSN,Nationals,1,2,2,19,0,1,NA,25,107,22,12,11,3,26,12,NA,1,4.07702,1.3478,9.59678,4.27625,2.24421,1.11051,0.246133,0.109675,0.13645808398723602,NA,0.229207,0.286243,0.732637,4.18143,107.89999999999999,4.316,103,4.12,0.114062,0.122174,1,999,24,NL,DJ Herz,687792,26389,26389,NA
PHI,Phillies,1,2,3,13,0,1,NA,28,119,28,16,15,5,22,9,NA,1,4.85014,1.35118,7.31851,2.92863,2.49895,1.52431,0.189012,0.0756367,0.1133757084608078,NA,0.259544,0.288382,0.694221,4.76046,90.90000000000002,3.2464285714285723,93,3.3214285714285716,0.11351,0.125433,1,999,26,NL,Alan Rangel,660604,19524,19524,NA
COL,Rockies,4,7,8,50,0,1,NA,85,386,105,55,52,13,51,28,NA,4,5.4733,1.57404,5.44057,3.02396,1.79915,1.40584,0.13288,0.073857,0.05902284383773804,NA,0.297047,0.317522,0.679747,5.10111,206.10000000000002,2.4247058823529413,266,3.1294117647058823,0.113233,0.168925,2,999,19,NL,Antonio Senzatela,622608,15488,15488,-17.64912120795297
PHI,Phillies,3,3,0,56,0,10,NA,56,239,54,28,26,8,53,19,NA,2,4.15932,1.29778,8.5371,3.01789,2.82883,1.24948,0.221805,0.0784087,0.14339616894721985,NA,0.246594,0.292522,0.723961,4.16355,258.60000000000014,4.6178571428571455,259,4.625,0.112792,0.135574,0,999,26,NL,Jonathan Bowlan,680742,24607,24607,-4.185424033417027
ARI,Diamondbacks,4,3,0,59,5,11,NA,59,253,56,28,25,6,55,22,NA,3,3.88457,1.33079,8.39764,3.40945,2.46305,0.946562,0.217428,0.0882761,0.12915223091840744,NA,0.246189,0.299372,0.727663,3.91006,321.20000000000005,5.44406779661017,321,5.440677966101695,0.111442,0.262929,0,741.78997802734375,15,NL,Drey Jameson,686753,26260,26260,-0.9099681632917087
ATH,Athletics,2,2,3,21,0,1,NA,34,151,34,19,18,4,29,16,NA,2,4.7175,1.48458,7.58291,4.34124,1.74672,1.14335,0.188366,0.10784,0.08052580058574677,NA,0.254711,0.295156,0.702192,4.71608,122.00000000000003,3.588235294117648,126,3.7058823529411766,0.111106,0.0864131,1,999,10,AL,Braden Nett,804556,sa3020336,sa3020336,NA
BOS,Red Sox,1,1,2,20,0,1,NA,27,116,27,14,13,4,24,9,NA,1,4.37965,1.33047,7.99539,2.99561,2.66904,1.23262,0.205929,0.0771546,0.128774031996727,NA,0.253642,0.295979,0.708761,4.28125,102.40000000000002,3.792592592592593,105,3.888888888888889,0.110675,0.0793833,1,999,3,AL,Tyler Uberstine,700413,sa3017643,sa3017643,NA
HOU,Astros,2,2,2,24,0,1,NA,31,130,29,16,14,5,30,10,NA,1,4.23055,1.26345,8.61724,2.90598,2.96535,1.34531,0.226732,0.0764606,0.15027180314064026,NA,0.243631,0.287285,0.718453,4.25037,123.49999999999997,3.9838709677419346,121,3.903225806451613,0.109522,0.146324,1,999,21,AL,Hayden Wesneski,669713,27581,27581,NA
SDP,Padres,3,3,0,57,0,10,NA,57,244,52,26,24,5,50,25,NA,3,3.84542,1.34337,7.9438,3.88124,2.04672,0.826935,0.206169,0.100731,0.10543738305568695,NA,0.239983,0.290222,0.723192,4.00556,281.09999999999997,4.93157894736842,276,4.842105263157895,0.109261,0.205765,0,999,29,NL,Wandy Peralta,593974,14295,14295,-3.949434999014483
COL,Rockies,3,4,0,60,3,11,NA,60,264,61,33,31,8,55,27,NA,3,4.63795,1.46741,8.30561,4.11776,2.01702,1.21214,0.209612,0.103922,0.10569018125534058,NA,0.258833,0.30772,0.711298,4.5432,266,4.433333333333334,275,4.583333333333333,0.104255,0.281557,0,712.84002685546875,19,NL,Seth Halvorsen,678020,33294,33294,-7.897846113904274
ATH,Athletics,3,3,0,58,3,10,NA,58,252,52,29,27,8,60,27,NA,3,4.19277,1.36822,9.27432,4.25911,2.17753,1.17065,0.237622,0.109125,0.12849755585193634,NA,0.235075,0.289008,0.732135,4.35328,280.6000000000001,4.83793103448276,271,4.672413793103448,0.102676,0.140511,0,999,10,AL,Elvis Alvarado,665660,21662,21662,NA
MIA,Marlins,2,2,2,28,0,1,NA,35,148,36,18,17,5,27,10,NA,1,4.33484,1.32172,6.9781,2.54665,2.74011,1.22367,0.180825,0.065992,0.11483350396156311,NA,0.261324,0.294677,0.70791,4.29044,128.9,3.682857142857143,135,3.857142857142857,0.101225,0.148373,1,999,20,NL,Adam Mazur,800049,31900,31900,NA
ATH,Athletics,3,2,0,50,0,4,NA,50,212,49,24,22,6,44,16,NA,2,4.0103,1.2916,7.901,2.87209,2.75096,1.15691,0.207223,0.0753275,0.13189569860696793,NA,0.250229,0.29304,0.727012,4.10067,218.79999999999998,4.3759999999999994,222,4.44,0.10116,0.102288,0,999,10,AL,Brady Basso,669620,25582,25582,NA
HOU,Astros,1,1,2,10,0,1,NA,17,73,16,9,8,3,17,7,NA,0,4.15375,1.30947,9.03339,3.65008,2.47484,1.343,0.236933,0.0957367,0.14119669795036316,NA,0.23747,0.284414,0.738994,4.35713,64.30000000000001,3.7823529411764714,63,3.7058823529411766,0.100291,0.0485656,1,999,21,AL,Ronel Blanco,669854,19407,19407,NA
NYM,Mets,2,1,2,26,0,1,NA,32,139,30,15,14,3,31,13,NA,2,3.96275,1.33411,8.56545,3.67937,2.32797,0.98,0.219011,0.0940781,0.12493269890546799,NA,0.239425,0.291153,0.723229,4.08995,142.9,4.465625,142,4.4375,0.100076,0.0740249,1,999,25,NL,Jonathan Pintaro,702752,33980,33980,NA
KCR,Royals,2,3,3,27,0,1,NA,40,179,41,24,22,6,32,17,NA,2,4.90828,1.43832,7.23848,3.71816,1.94679,1.30261,0.181611,0.0932874,0.08832358568906784,NA,0.259305,0.293036,0.689144,4.83297,126.6,3.165,133,3.325,0.0999051,-0.0354362,1,999,7,AL,Mason Black,696131,30171,30171,NA
NYY,Yankees,2,2,0,50,0,5,NA,50,210,45,24,22,7,51,16,NA,2,3.98927,1.21766,9.20611,2.86164,3.21708,1.28236,0.243152,0.0755816,0.16757021844387054,NA,0.234178,0.282906,0.729209,4.03631,234.89999999999998,4.6979999999999995,227,4.54,0.0995923,0.032888,0,999,9,AL,Brent Headrick,687396,27702,27702,NA
SFG,Giants,3,3,0,61,2,13,NA,61,260,55,28,26,6,56,24,NA,3,3.88929,1.3063,8.25525,3.58138,2.30505,0.899013,0.215157,0.0933415,0.12181509286165237,NA,0.238112,0.288975,0.720905,3.94405,327.6000000000001,5.37049180327869,320,5.245901639344262,0.0985819,0.302146,0,999,30,NL,José Buttó,676130,23313,23313,-2.3083845758834203
ARI,Diamondbacks,0,0,2,2,0,0,NA,9,37,9,4,4,1,7,2,NA,0,4.13769,1.275,7.55796,2.34881,3.21778,1.24351,0.197191,0.0612817,0.13590941578149796,NA,0.255996,0.2936,0.721075,4.14449,38.90000000000001,4.322222222222224,40,4.444444444444445,0.0981042,0.171629,1,999,15,NL,Mitch Bratt,683352,sa3017719,sa3017719,NA
TBR,Rays,3,3,0,55,0,10,NA,55,235,54,28,25,7,49,19,NA,2,4.16988,1.33102,8.04358,3.18602,2.52465,1.19148,0.208994,0.0827814,0.12621274590492249,NA,0.250951,0.29459,0.721977,4.218,255.49999999999997,4.645454545454545,259,4.709090909090909,0.0975323,0.0150302,0,999,12,AL,Cole Sulser,642121,15256,15256,NA
MIL,Brewers,2,3,2,42,0,1,NA,49,212,46,26,24,7,45,19,NA,3,4.42711,1.3306,8.32745,3.55629,2.34161,1.2997,0.214055,0.0914136,0.12264136224985123,NA,0.241715,0.282477,0.711476,4.51952,184.9,3.773469387755102,182,3.7142857142857144,0.0974115,0.027225,1,999,23,NL,Carlos Rodriguez,692230,30161,30161,-6.305251869735697
TEX,Rangers,1,2,2,18,0,1,NA,25,106,26,14,13,4,19,6,NA,0,4.81533,1.3035,6.88264,2.27695,3.02275,1.50071,0.179675,0.059441,0.12023419886827469,NA,0.263626,0.28944,0.679304,4.58754,92.20000000000002,3.6880000000000006,97,3.88,0.094355,0.00732499,1,999,13,AL,Austin Gomber,596295,16561,16561,NA
BAL,Orioles,0,1,2,2,0,0,NA,9,37,8,5,4,1,8,3,NA,1,4.42918,1.35628,7.98395,3.33037,2.39732,1.15583,0.204302,0.0852212,0.11908113956451416,NA,0.252567,0.296891,0.700769,4.34228,37.500000000000014,4.166666666666668,36,4,0.0941124,0.0461427,1,999,2,AL,Trey Gibson,694346,sa3023250,sa3023250,NA
CIN,Reds,2,2,0,50,0,4,NA,50,217,46,27,25,6,49,23,NA,4,4.44307,1.37096,8.80322,4.06636,2.16489,1.11728,0.225527,0.104175,0.12135231494903564,NA,0.24124,0.293597,0.696846,4.37387,209.6,4.192,205,4.1,0.0930564,0.00293135,0,999,18,NL,Sam Moll,594580,14874,14874,-7.174163394911519
TOR,Blue Jays,1,1,2,16,0,1,NA,22,96,19,11,10,3,23,11,NA,2,4.20907,1.36915,9.34565,4.41977,2.11451,1.05967,0.236663,0.111923,0.12473966926336288,NA,0.230699,0.286919,0.714392,4.33372,87.5,3.977272727272727,82,3.727272727272727,0.0924882,0.0766324,1,999,14,AL,Ricky Tiedemann,694357,sa3018096,sa3018096,NA
HOU,Astros,3,3,0,60,0,12,NA,60,254,55,30,28,9,59,22,NA,3,4.13758,1.28078,8.92325,3.28064,2.71997,1.32672,0.234445,0.0861938,0.14825108647346497,NA,0.240006,0.287015,0.733558,4.30259,281.3,4.6883333333333335,274,4.566666666666666,0.0918471,0.054956,0,999,21,AL,Enyel De Los Santos,660853,18403,18403,NA
ARI,Diamondbacks,2,2,0,44,0,4,NA,44,187,43,19,18,4,37,14,NA,2,3.60606,1.2882,7.60945,2.78764,2.72971,0.872015,0.198745,0.0728082,0.1259370595216751,NA,0.251003,0.298249,0.741414,3.77161,206.60000000000002,4.695454545454546,210,4.7727272727272725,0.0912935,0.198153,0,999,15,NL,Jonathan Loáisiga,642528,19753,19753,-4.252782916306956
NA,NA,2,2,0,37,0,0,NA,37,160,32,18,17,5,40,18,NA,2,4.14542,1.34848,9.7338,4.25798,2.28601,1.18216,0.250605,0.109625,0.14097946882247925,NA,0.230344,0.287556,0.730617,4.22586,149.10000000000002,4.0297297297297305,140,3.7837837837837838,0.0911403,0.153552,0,999,-1,NA,José Leclerc,600917,14524,14524,NA
SEA,Mariners,1,1,2,14,0,1,NA,21,89,20,10,10,3,18,7,NA,1,4.12667,1.29333,7.90754,2.90294,2.72397,1.13965,0.205123,0.0753028,0.12982013076543808,NA,0.248579,0.291079,0.713374,4.15815,82.5,3.9285714285714284,82,3.9047619047619047,0.0896908,0.104658,1,999,11,AL,Dane Dunning,641540,19409,19409,NA
CIN,Reds,3,3,3,45,0,1,NA,59,257,59,34,32,9,49,24,NA,3,4.8477,1.41777,7.60218,3.68868,2.06095,1.4147,0.192495,0.0934012,0.09909408539533615,NA,0.256324,0.290319,0.699023,4.85686,193.50000000000003,3.279661016949153,199,3.3728813559322033,0.0882957,0.058291,1,999,18,NL,Brandon Williamson,682227,25463,25463,-8.735938466868909
ATH,Athletics,2,3,5,21,0,1,NA,42,182,45,24,23,7,31,13,NA,2,4.86758,1.36484,6.63289,2.71589,2.44225,1.53608,0.170393,0.069769,0.10062430799007416,NA,0.267501,0.291022,0.697271,4.93332,128.70000000000002,3.0642857142857145,140,3.3333333333333335,0.0879368,0.121733,2,999,10,AL,Gunnar Hoglund,680684,31318,31318,NA
NA,NA,1,2,5,5,0,0,NA,24,106,26,15,14,4,15,9,NA,1,5.05727,1.44366,5.68166,3.18381,1.78455,1.30664,0.144122,0.0807614,0.06336095184087753,NA,0.273945,0.295034,0.673524,4.96508,60.80000000000004,2.533333333333335,68,2.8333333333333335,0.0840264,9.10489e-4,2,999,-1,NA,Wade Miley,489119,8779,8779,NA
HOU,Astros,2,2,2,28,0,1,NA,35,152,32,19,17,4,33,15,NA,4,4.46526,1.36347,8.52393,3.86836,2.2035,1.08515,0.215705,0.0978919,0.11781273037195206,NA,0.242145,0.291628,0.691648,4.41333,139.60000000000002,3.9885714285714293,136,3.8857142857142857,0.082965,0.0102206,1,999,21,AL,Kai-Wei Teng,678906,24282,24282,NA
TOR,Blue Jays,3,3,0,52,0,7,NA,52,223,44,24,22,6,59,24,NA,2,3.84019,1.30027,10.1807,4.08465,2.49242,1.09695,0.263364,0.105666,0.15769793093204498,NA,0.222999,0.284964,0.743777,3.95577,264.6,5.088461538461539,250,4.8076923076923075,0.0824988,0.0282866,0,999,14,AL,Braydon Fisher,680755,24609,24609,NA
COL,Rockies,1,2,3,11,0,1,NA,23,103,24,15,14,4,21,10,NA,2,5.25589,1.46562,8.30592,3.87481,2.14357,1.51416,0.207483,0.096793100000000007,0.11068980395793915,NA,0.26208,0.303264,0.683651,4.97196,68.6,2.9826086956521736,73,3.1739130434782608,0.0813845,0.055517,1,999,19,NL,McCade Brown,685326,30004,30004,NA
ARI,Diamondbacks,2,1,0,22,0,1,NA,22,94,17,9,8,2,28,12,NA,1,3.20487,1.30114,11.3375,4.80253,2.36073,0.615541,0.293765,0.12443799999999999,0.1693267524242401,NA,0.208053,0.29612,0.754817,3.3021,115.00000000000001,5.2272727272727275,105,4.7727272727272725,0.0813647,0.0641037,0,999,15,NL,Justin Martinez,679885,24453,24453,NA
ATL,Braves,2,2,0,50,0,7,NA,50,214,45,23,21,5,52,22,NA,2,3.73435,1.34,9.43902,3.99662,2.36175,0.91171,0.244795,0.10365,0.14114518463611603,NA,0.235727,0.29978900000000003,0.740643,3.80534,251.5,5.03,245,4.9,0.0807716,0.0654313,0,999,16,NL,Ian Hamilton,641656,19261,19261,-4.341652047423711
LAD,Dodgers,2,1,0,28,0,1,NA,28,114,24,12,11,3,30,9,NA,1,3.45334,1.15702,9.77346,2.79967,3.49094,1.04929,0.266106,0.0762275,0.18987812846899033,NA,0.226699,0.288392,0.743198,3.52673,141.90000000000003,5.067857142857144,135,4.821428571428571,0.0791023,0.0625162,0,999,22,NL,Evan Phillips,623465,17734,17734,NA
DET,Tigers,1,2,2,25,0,1,NA,32,137,31,17,16,4,28,12,NA,1,4.43851,1.37918,7.97623,3.53486,2.25645,1.22861,0.203508,0.0901899,0.11331862211227417,NA,0.251262,0.292759,0.711085,4.42427,128.00000000000003,4.000000000000001,129,4.03125,0.0789599,0.0267854,1,999,6,AL,Ty Madden,680744,30140,30140,NA
ATL,Braves,3,2,0,53,0,10,NA,53,226,52,26,24,7,48,17,NA,2,4.06521,1.29281,8.19294,2.86326,2.8614,1.11423,0.213949,0.0747708,0.1391783058643341,NA,0.250147,0.297271,0.718432,3.99936,249.90000000000003,4.715094339622643,253,4.773584905660377,0.0782579,0.13227,0,999,16,NL,Joel Payamps,606303,14332,14332,-4.024734278664447
ATH,Athletics,2,2,0,40,0,1,NA,40,169,34,18,17,5,43,16,NA,3,3.82433,1.26436,9.65153,3.68556,2.61874,1.013,0.253589,0.0968361,0.1567527875304222,NA,0.227555,0.288635,0.726067,3.87005,179.1,4.4775,168,4.2,0.0775541,0.0660513,0,999,10,AL,Jack Perkins,678022,31468,31468,NA
COL,Rockies,3,3,0,58,2,10,NA,58,257,58,31,29,7,53,27,NA,5,4.46485,1.46316,8.23054,4.18826,1.96515,1.03622,0.20666,0.105163,0.10149762779474258,NA,0.257355,0.309979,0.711437,4.44694,252.3,4.3500000000000005,259,4.4655172413793105,0.0756129,0.269041,0,999,19,NL,Brennan Bernardino,657514,16835,16835,-7.550676832774448
CHW,White Sox,3,3,0,52,0,6,NA,52,223,49,25,23,7,51,19,NA,2,4.0671,1.31761,8.78341,3.30362,2.65872,1.13641,0.227243,0.0854707,0.14177192747592926,NA,0.244757,0.296351,0.72973,4.05794,234.30000000000004,4.505769230769231,232,4.461538461538462,0.0755803,0.0179276,0,999,4,AL,Brandon Eisert,685126,27668,27668,NA
BAL,Orioles,2,2,2,21,0,1,NA,27,116,28,14,13,4,24,8,NA,1,4.37146,1.30532,7.92903,2.61152,3.03617,1.36837,0.205858,0.0678018,0.13805601000785828,NA,0.256261,0.294743,0.717601,4.30452,102.80000000000003,3.8074074074074082,108,4,0.0725742,0.0588707,1,999,2,AL,Brandon Young,687064,27819,27819,NA
NYM,Mets,2,2,0,48,0,5,NA,48,205,43,23,21,5,46,21,NA,2,4.00006,1.32887,8.60105,3.86551,2.22508,1.02424,0.223709,0.10054,0.12316884100437164,NA,0.236497,0.287394,0.724122,4.11046,224.90000000000003,4.685416666666668,218,4.541666666666667,0.0717655,0.0453575,0,999,25,NL,Bryan Hudson,663542,19924,19924,-4.98637524596816
CLE,Guardians,3,4,0,58,0,12,NA,58,247,53,29,27,8,57,21,NA,3,4.12732,1.28461,8.78277,3.32386,2.64234,1.17923,0.229592,0.0868896,0.14270257204771042,NA,0.239555,0.28898,0.717984,4.17558,283.00000000000006,4.879310344827587,276,4.758620689655173,0.0716548,0.0193048,0,999,5,AL,Matt Festa,670036,19330,19330,NA
STL,Cardinals,1,1,2,10,0,1,NA,16,69,15,8,7,2,14,6,NA,1,4.24219,1.35788,8.03904,3.62762,2.21606,1.16543,0.206772,0.093306,0.11346597969532013,NA,0.245868,0.288502,0.719393,4.34145,65.80000000000001,4.112500000000001,65,4.0625,0.0705104,0.0898973,1,999,28,NL,Tink Hence,693311,sa3014709,sa3014709,NA
SFG,Giants,1,1,0,28,0,1,NA,28,117,27,12,11,2,24,7,NA,1,3.42857,1.22835,7.74527,2.3423,3.3067,0.738429,0.205388,0.0621127,0.14327511563897133,NA,0.248613,0.300217,0.727221,3.36876,140.40000000000003,5.014285714285715,142,5.071428571428571,0.0694958,0.0456393,0,999,30,NL,Jason Foley,671345,19531,19531,NA
WSN,Nationals,1,2,2,23,0,1,NA,29,127,32,16,15,4,24,8,NA,1,4.60376,1.36418,7.2362,2.58116,2.80347,1.35677,0.185046,0.0660061,0.11904008686542511,NA,0.267634,0.301755,0.704846,4.44511,107.20000000000003,3.696551724137932,118,4.068965517241379,0.0681902,-0.0363187,1,999,24,NL,Trevor Williams,592866,16977,16977,NA
PHI,Phillies,1,2,3,14,0,1,NA,30,129,32,18,16,5,21,9,NA,1,4.9974,1.39449,6.25153,2.82759,2.2109,1.49385,0.159815,0.0722848,0.08752989768981934,NA,0.270784,0.292213,0.687663,4.9741,93.3,3.11,101,3.3666666666666667,0.0670954,0.0768121,1,999,26,NL,Bryse Wilson,669060,19990,19990,NA
NA,NA,2,2,0,40,0,0,NA,40,173,41,20,18,5,29,15,NA,1,4.14454,1.39105,6.63213,3.26786,2.0295,1.02753,0.170344,0.0839339,0.08641019463539124,NA,0.261472,0.29665,0.723397,4.32922,137.9,3.4475000000000002,145,3.625,0.0670747,0.105154,0,999,-1,NA,Joey Lucchesi,664192,19320,19320,NA
BAL,Orioles,3,3,0,50,0,4,NA,50,215,46,25,22,6,52,22,NA,2,4.04233,1.35232,9.35281,3.89881,2.39889,1.05431,0.241228,0.100558,0.1406695693731308,NA,0.239971,0.299941,0.723495,4.01316,224.6,4.492,220,4.4,0.0663264,-0.0111806,0,999,2,AL,Colin Selby,681882,24986,24986,NA
CLE,Guardians,2,3,2,32,0,1,NA,39,170,39,20,19,5,33,16,NA,2,4.31239,1.40817,7.54237,3.76912,2.00109,1.07856,0.191902,0.0958985,0.09600348770618439,NA,0.253659,0.295505,0.718366,4.4167,141.70000000000002,3.6333333333333337,146,3.7435897435897436,0.0657292,-0.00410643,1,999,5,AL,Pedro Avila,658648,18864,18864,NA
TBR,Rays,2,2,0,40,0,1,NA,40,167,38,18,17,5,35,10,NA,3,3.82697,1.18485,7.98347,2.17645,3.66811,1.0569,0.212431,0.0579129,0.1545180380344391,NA,0.24499,0.290216,0.709434,3.86714,170.7,4.2675,170,4.25,0.0652521,0.0499297,0,999,12,AL,Kevin Kelly,687330,25679,25679,NA
NYY,Yankees,3,3,2,54,0,7,NA,62,265,61,33,30,10,50,18,NA,5,4.40681,1.27308,7.29027,2.64053,2.76091,1.381,0.190008,0.0688208,0.12118719518184662,NA,0.25138,0.281632,0.70374,4.60749,236.19999999999996,3.809677419354838,239,3.8548387096774195,0.0649355,0.0352611,1,999,9,AL,Ryan Yarbrough,642232,16502,16502,NA
COL,Rockies,1,2,2,24,0,1,NA,30,133,34,18,17,4,22,11,NA,1,4.98598,1.47147,6.48086,3.20401,2.02273,1.27739,0.163161,0.0806637,0.08249744772911072,NA,0.277411,0.308181,0.688174,4.71722,96.4,3.2133333333333334,110,3.6666666666666665,0.0638075,0.0521791,1,999,19,NL,Gabriel Hughes,687312,sa3020661,sa3020661,NA
SDP,Padres,3,2,0,58,0,12,NA,58,250,52,28,26,7,59,24,NA,4,4.04543,1.30367,9.11874,3.68329,2.47571,1.1021,0.235481,0.0951167,0.14036419987678528,NA,0.233796,0.286976,0.723336,4.1317,289.90000000000003,4.998275862068966,281,4.844827586206897,0.0634042,0.118829,0,999,29,NL,David Morgan,688158,31616,31616,-3.540700834872575
MIL,Brewers,3,2,0,50,0,4,NA,50,214,48,24,23,7,46,18,NA,2,4.10326,1.30541,8.2061,3.1972,2.56665,1.1779,0.212962,0.0829729,0.12998946011066437,NA,0.244838,0.288673,0.73006,4.21498,207.09999999999997,4.1419999999999995,207,4.14,0.0622388,0.0831984,0,999,23,NL,Rob Zastryzny,642239,15094,15094,-4.48687837957822
LAA,Angels,2,3,0,50,0,4,NA,50,215,46,25,23,6,50,21,NA,2,4.20477,1.35464,8.99231,3.82386,2.35163,1.16714,0.231879,0.0986032,0.13327543437480927,NA,0.242144,0.295136,0.721342,4.23028,223.6,4.4719999999999995,219,4.38,0.062222,0.0321589,0,999,1,AL,Chase Silseth,681217,30074,30074,NA
MIN,Twins,2,3,2,34,0,1,NA,41,180,41,22,21,6,35,15,NA,3,4.51978,1.3561,7.68537,3.20514,2.39783,1.23033,0.195591,0.0815702,0.11402114480733871,NA,0.254547,0.293848,0.699718,4.51678,143.00000000000003,3.4878048780487814,147,3.5853658536585367,0.06047,0.0185624,1,999,8,AL,John Klein,804619,sa3020405,sa3020405,NA
BAL,Orioles,1,1,0,13,0,1,NA,13,53,9,5,5,1,18,6,NA,0,3.20795,1.15483,12.3749,4.00809,3.08747,0.917574,0.336443,0.108971,0.22747264802455902,NA,0.196475,0.284673,0.760835,3.13776,82.5,6.346153846153846,74,5.6923076923076925,0.059049,0.0395007,0,999,2,AL,Félix Bautista,642585,20666,20666,NA
LAD,Dodgers,1,1,2,14,0,1,NA,21,90,21,12,11,4,18,8,NA,1,4.95329,1.37697,7.97634,3.45534,2.30841,1.58419,0.204392,0.0885424,0.11584978550672531,NA,0.253137,0.285606,0.694937,4.89024,64.6,3.076190476190476,66,3.142857142857143,0.0587867,0.0352656,1,999,22,NL,Landon Knack,689017,27487,27487,NA
HOU,Astros,3,3,2,46,0,1,NA,53,229,50,28,26,8,49,22,NA,2,4.39942,1.35602,8.28431,3.65492,2.26662,1.32899,0.213381,0.0941408,0.11924038827419281,NA,0.245289,0.286059,0.720804,4.53716,193.80000000000007,3.656603773584907,191,3.6037735849056602,0.0579598,0.00265577,1,999,21,AL,AJ Blubaugh,805123,31764,31764,NA
NYY,Yankees,4,3,0,66,0,15,NA,66,285,71,33,30,7,38,19,NA,3,4.15257,1.37329,5.13447,2.63386,1.94941,0.88921,0.131932,0.0676778,0.06425409764051437,NA,0.270713,0.29551,0.704501,4.27559,287.70000000000005,4.359090909090909,309,4.681818181818182,0.0559211,0.0269405,0,999,9,AL,Tim Hill,657612,16814,16814,NA
TBR,Rays,0,1,2,2,0,0,NA,8,36,8,5,4,1,7,4,NA,1,4.65826,1.42926,7.77794,4.15823,1.87049,1.20489,0.195192,0.104353,0.09083851426839828,NA,0.249208,0.289046,0.702683,4.78602,25.100000000000005,3.1375000000000006,26,3.25,0.0538278,-0.0035249,1,999,12,AL,Brody Hopkins,811315,sa3023515,sa3023515,NA
MIN,Twins,2,2,0,34,0,1,NA,34,148,32,18,16,5,36,13,NA,1,4.29502,1.32733,9.53141,3.53889,2.69334,1.21188,0.24389,0.0905532,0.15333686769008636,NA,0.239096,0.29466,0.712801,4.07385,140.90000000000003,4.144117647058825,139,4.088235294117647,0.0534954,-0.03944,0,999,8,AL,Liam Hendriks,521230,3548,3548,NA
KCR,Royals,3,3,0,52,0,7,NA,52,227,44,24,23,5,56,28,NA,3,3.91944,1.39544,9.68844,4.88419,1.98363,0.7935,0.246993,0.124515,0.12247736006975174,NA,0.227269,0.295491,0.729651,3.94697,255.9,4.921153846153846,242,4.653846153846154,0.0531498,0.069025,0,999,7,AL,Alex Lange,656638,19883,19883,NA
COL,Rockies,0,1,2,2,0,0,NA,9,38,10,6,5,2,6,3,NA,0,5.28676,1.40116,6.5864,2.63702,2.49767,1.62489,0.167705,0.0671444,0.10056022554636002,NA,0.275446,0.298194,0.670636,5.04046,19.000000000000007,2.111111111111112,22,2.4444444444444446,0.0530045,0.0398535,1,999,19,NL,Sean Sullivan,807743,sa3023162,sa3023162,NA
LAA,Angels,2,3,6,6,0,0,NA,35,159,37,22,21,6,26,16,NA,2,5.34465,1.52179,6.61819,4.15948,1.59111,1.50403,0.163419,0.102708,0.06071164458990097,NA,0.266729,0.290701,0.686904,5.41827,86.99999999999999,2.4857142857142853,95,2.7142857142857144,0.0524825,6.54126e-4,2,999,1,AL,Sam Aldegheri,691951,26443,26443,NA
MIN,Twins,3,3,0,54,0,7,NA,54,238,50,27,25,6,58,28,NA,2,4.19349,1.44031,9.71163,4.63198,2.09665,1.02491,0.24459,0.116658,0.12793267518281937,NA,0.239369,0.303568,0.728279,4.09154,249.8,4.625925925925926,246,4.555555555555555,0.0523765,-0.0139118,0,999,8,AL,Andrew Chafin,605177,12988,12988,NA
CHC,Cubs,3,3,0,50,0,5,NA,50,216,42,24,22,6,56,26,NA,3,4.01507,1.34985,10.0455,4.67478,2.14887,1.02389,0.25792,0.120026,0.13789398968219757,NA,0.221082,0.283684,0.730791,4.09583,232,4.64,217,4.34,0.0504078,0.0738993,0,999,17,NL,Porter Hodge,687863,26413,26413,-3.9433033927375556
TEX,Rangers,0,1,2,2,0,0,NA,8,36,9,5,5,1,6,3,NA,0,5.05883,1.38256,6.72308,3.03485,2.21529,1.415,0.171196,0.0772791,0.09391666948795319,NA,0.263187,0.289513,0.668346,4.85973,26.500000000000007,3.312500000000001,30,3.75,0.0498714,-0.0125226,1,999,13,AL,Cal Quantrill,615698,19312,19312,NA
HOU,Astros,2,3,0,54,0,10,NA,54,236,50,28,26,8,54,24,NA,3,4.39777,1.37634,9.06875,3.99595,2.26949,1.29898,0.230888,0.101736,0.12915238738059998,NA,0.240888,0.289873,0.725968,4.47734,238.20000000000005,4.411111111111112,233,4.314814814814815,0.049634,-0.0371519,0,999,21,AL,Nate Pearson,663878,20160,20160,NA
KCR,Royals,2,2,0,40,0,1,NA,40,173,39,20,18,4,36,14,NA,2,4.12539,1.33041,8.13257,3.13765,2.59193,0.997461,0.208781,0.0805506,0.12823080271482468,NA,0.250205,0.299352,0.707351,3.98115,173.4,4.335,176,4.4,0.0496049,0.00629759,0,999,7,AL,James McArthur,663704,21527,21527,NA
SDP,Padres,2,2,3,21,0,1,NA,35,155,36,21,19,6,30,13,NA,2,4.90966,1.41911,7.67585,3.46352,2.2162,1.44976,0.193032,0.0871004,0.10593149811029434,NA,0.260201,0.294902,0.696195,4.85363,110.6,3.1599999999999997,116,3.3142857142857145,0.0487688,-0.0359553,1,999,29,NL,Walker Buehler,621111,19374,19374,NA
CHC,Cubs,3,3,2,54,0,7,NA,61,260,59,30,27,8,51,22,NA,3,4.0564,1.3331,7.50118,3.30677,2.26843,1.12439,0.194437,0.0857146,0.10872291028499603,NA,0.249225,0.288289,0.729239,4.32769,254.6000000000001,4.17377049180328,256,4.19672131147541,0.0487048,0.181072,1,999,17,NL,Javier Assad,665871,21741,21741,-4.292703851397737
MIL,Brewers,3,3,0,56,0,10,NA,56,240,51,28,26,8,57,22,NA,3,4.12618,1.30221,9.16373,3.5537,2.57865,1.24881,0.237788,0.0922143,0.1455737128853798,NA,0.236639,0.28707,0.731647,4.24532,262.4000000000001,4.685714285714288,255,4.553571428571429,0.0484297,0.0771691,0,999,23,NL,Grant Anderson,681982,20546,20546,-3.9365723466552094
CLE,Guardians,2,2,2,27,0,1,NA,33,146,32,18,16,5,30,16,NA,1,4.43516,1.43738,8.07264,4.26308,1.89362,1.25846,0.20377,0.107609,0.09616108983755112,NA,0.247507,0.288385,0.728822,4.68359,112.50000000000004,3.4090909090909105,113,3.4242424242424243,0.0477029,0.0545332,1,999,5,AL,Doug Nikhazy,680951,30142,30142,NA
SDP,Padres,0,1,2,2,0,0,NA,9,37,9,5,5,1,7,3,NA,0,4.82892,1.34363,7.10738,2.81522,2.52463,1.41927,0.182552,0.0723083,0.11024350672960281,NA,0.259984,0.289351,0.68183,4.68867,35.90000000000001,3.9888888888888903,37,4.111111111111111,0.0470991,0.0477286,1,999,29,NL,Matt Waldron,663362,25550,25550,NA
PIT,Pirates,2,3,0,52,0,7,NA,52,226,49,25,23,5,49,23,NA,3,3.91948,1.37424,8.54448,3.96455,2.15522,0.838494,0.217981,0.101141,0.11684035509824753,NA,0.242195,0.298841,0.723611,3.94762,243.9,4.690384615384615,243,4.673076923076923,0.0470362,0.0466057,0,999,27,NL,Evan Sisk,681895,24995,24995,-5.8757903855687665
TEX,Rangers,2,2,0,44,0,1,NA,44,182,41,21,19,5,38,13,NA,1,3.98643,1.23947,7.79873,2.73224,2.85433,1.08049,0.209566,0.0734204,0.13614583015441895,NA,0.246236,0.2899,0.714651,3.96506,195.50000000000003,4.443181818181819,193,4.386363636363637,0.0468411,0.00685422,0,999,13,AL,Ryan Brasier,518489,5615,5615,NA
BAL,Orioles,1,1,0,38,0,1,NA,38,160,35,19,18,6,39,14,NA,1,4.19903,1.28075,9.2093,3.21411,2.86527,1.33691,0.24338,0.0849414,0.15843894332647324,NA,0.241163,0.291593,0.727912,4.14311,153.39999999999998,4.036842105263157,149,3.9210526315789473,0.0467022,-0.0234321,0,999,2,AL,Yaramil Hiraldo,682274,25215,25215,NA
MIA,Marlins,3,3,0,47,0,1,NA,47,201,42,22,21,6,47,19,NA,2,3.96093,1.30154,9.08513,3.6536,2.48662,1.06913,0.236363,0.0950538,0.14130892604589462,NA,0.234544,0.288754,0.728335,4.01775,199.8,4.251063829787234,192,4.085106382978723,0.0461148,0.0547084,0,999,20,NL,Josh White,687985,sa3019953,sa3019953,-3.656902144415728
KCR,Royals,1,1,2,10,0,1,NA,16,73,17,9,9,2,12,7,NA,1,4.79591,1.46905,6.85615,3.93921,1.74049,1.13991,0.171377,0.0984649,0.07291215658187866,NA,0.260313,0.294352,0.693615,4.70748,53.60000000000001,3.3500000000000005,58,3.625,0.0447098,-0.0193282,1,999,7,AL,Ben Kudrna,695667,sa3018253,sa3018253,NA
CLE,Guardians,0,1,2,2,0,0,NA,9,39,9,5,4,1,7,4,NA,1,4.60278,1.45645,7.27403,3.95643,1.83853,1.22052,0.182136,0.0990658,0.08307000994682312,NA,0.258586,0.294876,0.714611,4.79716,29.900000000000013,3.3222222222222237,31,3.4444444444444446,0.0445652,0.0461956,1,999,5,AL,Ryan Webb,669067,sa3018280,sa3018280,NA
PIT,Pirates,1,1,2,10,0,1,NA,16,71,17,9,8,2,13,5,NA,1,4.58928,1.34405,7.02064,2.78195,2.52364,1.32784,0.180608,0.0715666,0.10904180258512497,NA,0.261104,0.292283,0.70161,4.55917,61.60000000000001,3.8500000000000005,66,4.125,0.0443579,0.0164153,1,999,27,NL,Thomas Harrington,802419,31989,31989,NA
COL,Rockies,3,3,0,52,0,6,NA,52,228,51,28,26,7,51,20,NA,5,4.51555,1.36938,8.86985,3.42822,2.5873,1.12691,0.224589,0.0868044,0.13778475672006607,NA,0.253151,0.308979,0.693369,4.24247,217.10000000000005,4.175000000000001,220,4.230769230769231,0.0440281,0.0451363,0,999,19,NL,Jaden Hill,677955,30250,30250,-6.03677701467016
BOS,Red Sox,3,3,0,58,0,12,NA,58,253,54,30,28,7,56,27,NA,3,4.35794,1.39825,8.74453,4.23426,2.06518,1.105,0.222965,0.107964,0.1150013729929924,NA,0.242345,0.294446,0.715947,4.37606,272.70000000000005,4.701724137931035,269,4.637931034482759,0.0436175,0.0808238,0,999,3,AL,Zack Kelly,677161,20349,20349,NA
PIT,Pirates,3,3,0,56,0,10,NA,56,246,51,28,26,6,57,24,NA,9,4.18096,1.335,9.10652,3.7786,2.41003,0.939438,0.230367,0.0955868,0.1347799375653267,NA,0.239543,0.299818,0.701766,4.18393,263.0000000000001,4.696428571428574,257,4.589285714285714,0.0428068,0.13211,0,999,27,NL,Yohan Ramírez,670990,19444,19444,-4.528590247189599
LAA,Angels,1,1,0,18,0,1,NA,18,77,18,9,8,2,17,6,NA,0,4.05379,1.30301,8.46616,2.91254,2.9068,1.13457,0.219179,0.0754022,0.14377693086862564,NA,0.247899,0.295881,0.72206,3.91585,81.80000000000003,4.544444444444446,84,4.666666666666667,0.0426919,-0.00213231,0,999,1,AL,Ryan Johnson,696270,35325,35325,NA
STL,Cardinals,0,1,2,2,0,0,NA,9,38,10,5,4,1,6,3,NA,0,4.59688,1.40026,5.95257,2.86494,2.07773,1.29302,0.151342,0.0728402,0.07850220054388046,NA,0.269762,0.292692,0.70717,4.75857,31.30000000000001,3.477777777777779,35,3.888888888888889,0.0417343,0.0538385,1,999,28,NL,Pete Hansen,677337,sa3020798,sa3020798,NA
STL,Cardinals,3,3,0,58,0,12,NA,58,249,59,29,27,7,46,18,NA,2,4.21908,1.31579,7.15331,2.73217,2.61818,1.06239,0.18529,0.0707707,0.11451937258243561,NA,0.256094,0.294169,0.701669,4.09126,269.70000000000005,4.65,279,4.810344827586207,0.0411319,0.0605019,0,999,28,NL,Gordon Graceffo,700669,29519,29519,-5.158941437586186
ARI,Diamondbacks,3,3,0,58,8,10,NA,58,245,54,32,29,9,57,20,NA,3,4.52796,1.26172,8.8696,3.04395,2.91384,1.41969,0.233712,0.0802077,0.15350469201803207,NA,0.241337,0.285373,0.688597,4.38519,303.1,5.225862068965518,298,5.137931034482759,0.0403222,-0.125937,0,597.8599853515625,15,NL,Paul Sewald,623149,13892,13892,-2.342407404902073
CHC,Cubs,1,1,0,20,0,1,NA,20,86,16,9,8,2,23,11,NA,2,3.65173,1.33397,10.3828,4.99616,2.07815,0.770737,0.267391,0.128668,0.13872334361076355,NA,0.212126,0.284996,0.734299,3.86963,92.80000000000001,4.640000000000001,85,4.25,0.0399547,0.0267005,0,999,17,NL,Luke Little,681432,28036,28036,NA
SDP,Padres,3,3,0,48,0,4,NA,48,209,44,24,22,6,44,22,NA,3,4.14676,1.37361,8.20932,4.11091,1.99696,1.03241,0.20974,0.10503,0.10470995306968689,NA,0.239896,0.286989,0.721689,4.3834,196.00000000000003,4.083333333333334,191,3.9791666666666665,0.0393272,-0.00394747,0,999,29,NL,Bradgley Rodriguez,699134,29107,29107,-5.2573130716919225
TBR,Rays,1,1,0,16,0,1,NA,16,68,15,7,7,2,15,6,NA,1,3.83037,1.27304,8.28365,3.13265,2.6443,0.867546,0.217405,0.0822167,0.1351885423064232,NA,0.242479,0.296148,0.707063,3.80435,67.80000000000001,4.237500000000001,67,4.1875,0.0392576,0.0262806,0,999,12,AL,Manuel Rodríguez,655889,20794,20794,NA
NA,NA,2,2,0,30,0,0,NA,30,131,30,16,15,3,25,11,NA,3,4.36565,1.36068,7.61827,3.29856,2.30958,0.960155,0.19416,0.0840673,0.11009258031845093,NA,0.254669,0.30078,0.686787,4.19676,115.1,3.8366666666666664,119,3.966666666666667,0.0390202,-0.0334723,0,999,-1,NA,Jorge López,605347,14527,14527,NA
ATL,Braves,3,2,0,46,0,4,NA,46,194,47,22,20,6,39,12,NA,1,4.00163,1.267,7.64738,2.26921,3.37007,1.21206,0.201205,0.0597037,0.1415017955005169,NA,0.257456,0.297612,0.729608,4.03008,199.40000000000003,4.334782608695653,207,4.5,0.0390057,0.0947003,0,999,16,NL,Dylan Dodd,689266,29928,29928,-3.6288602065361104
LAA,Angels,1,2,2,18,0,1,NA,25,109,27,14,13,3,16,9,NA,2,4.86534,1.44415,5.80265,3.22164,1.80115,1.16349,0.145942,0.0810273,0.06491459161043167,NA,0.272631,0.298096,0.678989,4.82732,80.89999999999999,3.2359999999999998,89,3.56,0.0387659,0.0289584,1,999,1,AL,Jack Kochanowicz,686799,27688,27688,NA
MIA,Marlins,3,2,0,52,0,7,NA,52,226,57,25,23,5,33,15,NA,1,3.91011,1.38583,5.76987,2.5976,2.22123,0.831528,0.147487,0.0663988,0.08108801394701004,NA,0.272015,0.304477,0.724275,3.99358,221.10000000000002,4.251923076923077,241,4.634615384615385,0.0375903,0.0406223,0,999,20,NL,John King,667463,22051,22051,-5.912227543953983
WSN,Nationals,2,2,0,52,0,7,NA,52,224,50,26,24,6,47,18,NA,4,4.1118,1.30726,8.06841,3.10526,2.5983,0.988461,0.207864,0.08,0.12786401063203812,NA,0.247597,0.295977,0.701749,4.0497,237,4.5576923076923075,238,4.576923076923077,0.0364927,0.00590807,0,999,24,NL,Richard Lovelady,663992,19337,19337,-5.3296440983514115
COL,Rockies,3,5,0,55,0,9,NA,55,243,57,31,29,7,47,21,NA,4,4.78877,1.42937,7.72949,3.45641,2.23628,1.2245,0.194313,0.0868911,0.10742151737213135,NA,0.263552,0.306006,0.694555,4.54681,227.7,4.14,239,4.345454545454546,0.0362031,0.113629,0,999,19,NL,RJ Petit,696275,sa3017848,sa3017848,-8.158873585908916
PHI,Phillies,0,1,2,2,0,0,NA,9,39,9,5,5,1,6,4,NA,1,5.0269,1.46196,6.5849,3.66572,1.79634,1.37756,0.165056,0.0918842,0.07317153364419937,NA,0.265788,0.29241,0.689197,5.05582,27.900000000000013,3.1000000000000014,29,3.2222222222222223,0.035936,0.0756626,1,999,26,NL,Jean Cabrera,691893,sa3015433,sa3015433,NA
MIN,Twins,1,1,0,28,0,1,NA,28,122,26,14,13,3,27,12,NA,1,4.27718,1.37594,8.62673,4.00987,2.15137,1.00074,0.21975,0.102144,0.11760608851909637,NA,0.239979,0.291814,0.707944,4.11827,121.70000000000005,4.346428571428573,120,4.285714285714286,0.0349058,-0.00721729,0,999,8,AL,Zak Kent,687849,25703,25703,NA
STL,Cardinals,3,3,0,44,0,1,NA,44,189,40,21,20,5,45,19,NA,1,4.00972,1.34154,9.29224,3.9531,2.35062,1.0439,0.239877,0.102048,0.13782840967178345,NA,0.235062,0.292297,0.73037,3.97479,194.10000000000002,4.411363636363637,189,4.295454545454546,0.0341598,0.0149225,0,999,28,NL,Ryan Fernandez,681676,24862,24862,-4.415055195596693
PHI,Phillies,2,1,0,31,0,1,NA,31,134,31,15,14,3,26,11,NA,1,4.04922,1.35707,7.53125,3.09119,2.43636,0.990574,0.193527,0.079433,0.11409428715705872,NA,0.25669,0.300991,0.72584,4.01795,131.89999999999998,4.2548387096774185,136,4.387096774193548,0.0340082,0.0259019,0,999,26,NL,Tim Mayza,641835,15042,15042,NA
NYM,Mets,1,1,0,27,0,1,NA,27,113,26,13,12,4,24,6,NA,1,4.11222,1.20446,8.07127,2.07604,3.88782,1.32017,0.214653,0.0552117,0.15944139286875725,NA,0.248985,0.288436,0.71443,4.04915,114.00000000000003,4.222222222222223,114,4.222222222222222,0.0335132,6.74921e-4,0,999,25,NL,Justin Hagenman,663795,21546,21546,NA
NYM,Mets,3,2,0,52,0,7,NA,52,225,47,25,24,5,49,24,NA,3,4.08261,1.36593,8.55751,4.09209,2.09123,0.942457,0.219496,0.10496,0.11453583091497421,NA,0.238521,0.291707,0.719582,4.12918,246.10000000000002,4.732692307692308,240,4.615384615384615,0.0334246,0.00196287,0,999,25,NL,Huascar Brazobán,623211,6107,6107,-5.134275517110038
MIN,Twins,3,3,0,60,1,12,NA,60,261,57,31,29,8,58,27,NA,3,4.34212,1.38895,8.70037,3.98443,2.18359,1.16636,0.22215,0.101736,0.12041383981704712,NA,0.245114,0.295447,0.721413,4.36012,276.40000000000003,4.606666666666667,275,4.583333333333333,0.0332993,-0.00185539,0,999,8,AL,Anthony Banda,607455,14706,14706,NA
CIN,Reds,0,1,2,2,0,0,NA,9,38,9,5,5,1,6,4,NA,0,5.30674,1.48646,6.77475,3.80323,1.78131,1.548,0.16986,0.0953567,0.07450342923402786,NA,0.267606,0.292343,0.687366,5.23373,30.900000000000013,3.433333333333335,32,3.5555555555555554,0.0329662,0.0886746,1,999,18,NL,Jared Lyons,805723,sa3020483,sa3020483,NA
MIA,Marlins,3,3,0,68,3,15,NA,68,293,71,35,32,8,50,22,NA,2,4.22976,1.37237,6.61079,2.97252,2.22397,1.05752,0.170183,0.0765221,0.0936608836054802,NA,0.263669,0.298231,0.713073,4.28515,323.20000000000005,4.752941176470589,339,4.985294117647059,0.0316249,0.181648,0,999,20,NL,Tyler Phillips,663969,20629,20629,-5.564529067349806
NA,NA,2,2,0,41,0,0,NA,41,178,39,21,19,5,37,19,NA,2,4.23182,1.40295,8.22534,4.17256,1.97129,1.018,0.210187,0.106624,0.10356290638446808,NA,0.244542,0.293596,0.715913,4.29866,151.50000000000003,3.695121951219513,151,3.682926829268293,0.030328,0.0514978,0,999,-1,NA,Luke Jackson,592426,11752,11752,NA
WSN,Nationals,2,3,0,48,0,4,NA,48,213,47,25,23,6,45,21,NA,3,4.36377,1.41276,8.52283,3.89217,2.18974,1.08632,0.213773,0.0976247,0.11614798754453659,NA,0.249008,0.299603,0.715518,4.28949,193.20000000000005,4.025000000000001,196,4.083333333333333,0.0302134,-0.00303313,0,999,24,NL,Gus Varland,681402,24737,24737,-7.259551309668421
KCR,Royals,2,2,0,45,0,1,NA,45,194,41,23,21,5,42,20,NA,2,4.21493,1.35797,8.34316,3.93188,2.12193,0.98921,0.215004,0.101325,0.11367928981781006,NA,0.24084,0.290999,0.707928,4.17136,186.9,4.153333333333333,182,4.044444444444444,0.0297792,-0.00799933,0,999,7,AL,Steven Cruz,674444,23165,23165,NA
DET,Tigers,1,1,0,18,0,1,NA,18,77,18,9,8,2,14,5,NA,1,3.9445,1.32502,6.85084,2.73929,2.50095,0.94913,0.177519,0.0709806,0.10653865337371826,NA,0.258952,0.297642,0.717715,4.02322,75.80000000000003,4.211111111111112,78,4.333333333333333,0.0296532,-0.00782417,0,999,6,AL,Sean Guenther,674944,20045,20045,NA
BAL,Orioles,3,3,0,45,0,1,NA,45,198,44,23,21,5,42,20,NA,2,4.26811,1.4142,8.37164,3.9731,2.10708,1.0715,0.211101,0.100187,0.11091449111700058,NA,0.248403,0.297789,0.723406,4.29353,179.1,3.98,182,4.044444444444444,0.029172,-0.0435125,0,999,2,AL,Grant Wolfram,664991,21623,21623,NA
BAL,Orioles,2,2,0,32,0,1,NA,32,137,28,16,14,4,34,14,NA,2,4.05755,1.30426,9.62953,3.8523,2.49968,1.06604,0.250034,0.100026,0.15000785887241364,NA,0.231883,0.29254,0.716243,4.03653,138.8,4.3375,132,4.125,0.0290323,-0.0197677,0,999,2,AL,Anthony Nunez,689296,sa3010171,sa3010171,NA
ATL,Braves,1,1,0,18,0,1,NA,18,76,16,9,8,2,20,7,NA,1,4.00303,1.24814,10.1827,3.26153,3.12207,1.14997,0.267337,0.0856281,0.18170882016420364,NA,0.231601,0.295475,0.725299,3.75642,87.00000000000003,4.833333333333335,84,4.666666666666667,0.0289992,0.00159466,0,999,16,NL,Joe Jiménez,641729,15761,15761,NA
NYY,Yankees,1,1,0,34,0,1,NA,34,147,33,17,15,4,28,13,NA,1,4.01748,1.34533,7.29374,3.42919,2.12695,0.929639,0.188035,0.088406,0.09962942451238632,NA,0.247766,0.289096,0.715746,4.11086,134.60000000000002,3.9588235294117653,136,4,0.0265439,-0.0243889,0,999,9,AL,Yerry De los Santos,660787,21420,21420,NA
TOR,Blue Jays,1,1,0,25,0,1,NA,25,106,23,12,11,3,24,8,NA,1,3.88099,1.24058,8.78706,2.80974,3.12735,1.15501,0.23045,0.0736885,0.15676158666610718,NA,0.239975,0.289453,0.730394,3.9547,113.3,4.532,111,4.44,0.025831,-2.48121e-4,0,999,14,AL,Chase Lee,695445,29574,29574,NA
BOS,Red Sox,3,3,0,52,0,7,NA,52,224,53,26,25,6,43,18,NA,2,4.24753,1.36019,7.47343,3.13618,2.38297,1.08495,0.192592,0.0808201,0.11177172511816025,NA,0.258113,0.300183,0.715608,4.21727,227.2,4.369230769230769,236,4.538461538461538,0.0252396,0.0144075,0,999,3,AL,Ryan Watson,670245,sa3015070,sa3015070,NA
CIN,Reds,1,2,2,28,0,1,NA,35,150,37,21,19,6,25,11,NA,2,5.01882,1.36766,6.57231,2.77891,2.36507,1.48136,0.167843,0.0709674,0.09687525779008865,NA,0.266602,0.290643,0.676986,4.95144,103.99999999999999,2.971428571428571,112,3.2,0.0250566,0.0204564,1,999,18,NL,Julian Aguiar,687924,30031,30031,NA
COL,Rockies,2,2,0,30,0,1,NA,30,132,29,16,15,4,29,13,NA,2,4.40768,1.40908,8.83516,3.86172,2.28788,1.14565,0.223042,0.0974883,0.12555360794067383,NA,0.250804,0.304705,0.71808,4.30829,114.4,3.8133333333333335,115,3.8333333333333335,0.0249777,0.0300864,0,999,19,NL,Welinton Herrera,700327,sa3016061,sa3016061,NA
MIN,Twins,2,2,0,42,0,1,NA,42,183,41,21,19,5,38,16,NA,2,4.16027,1.36264,8.19994,3.47531,2.35949,1.06479,0.208793,0.0884907,0.12030182778835297,NA,0.248671,0.296188,0.722381,4.16142,168.70000000000002,4.0166666666666675,171,4.071428571428571,0.0248705,-0.0108281,0,999,8,AL,Kendry Rojas,696070,sa3016746,sa3016746,NA
WSN,Nationals,1,1,3,3,0,0,NA,17,75,18,10,10,3,12,8,NA,1,5.20146,1.52972,6.38328,4.11288,1.55202,1.41918,0.158179,0.101918,0.05626082420349121,NA,0.268541,0.29256,0.694454,5.23421,39.10000000000001,2.3000000000000007,43,2.5294117647058822,0.0247205,0.0754826,1,999,24,NL,Riley Cornelio,683000,sa3020830,sa3020830,NA
KCR,Royals,3,3,0,59,0,11,NA,59,255,61,31,28,8,46,19,NA,2,4.30186,1.35591,7.01028,2.91434,2.40544,1.18973,0.180437,0.0750121,0.10542511940002441,NA,0.261223,0.296031,0.71641,4.39335,252.60000000000005,4.2813559322033905,264,4.47457627118644,0.0246442,0.0114517,0,999,7,AL,Daniel Lynch IV,663738,21537,21537,NA
LAD,Dodgers,3,3,0,55,0,13,NA,55,238,53,30,28,8,52,21,NA,3,4.61566,1.34468,8.53133,3.43403,2.48435,1.38964,0.21908,0.0881841,0.13089603185653687,NA,0.246975,0.289103,0.706507,4.52811,254.8,4.632727272727273,255,4.636363636363637,0.0243537,-0.0890682,0,999,22,NL,Ben Casparius,676508,30085,30085,-6.150309505917359
HOU,Astros,2,2,0,40,0,1,NA,40,169,40,20,18,6,35,11,NA,2,4.15957,1.26007,7.94072,2.43836,3.25659,1.37332,0.208239,0.063944,0.1442951261997223,NA,0.25219,0.289733,0.727492,4.2985,153.2,3.8299999999999996,157,3.925,0.024,-0.0169573,0,999,21,AL,Colton Gordon,676467,31312,31312,NA
TOR,Blue Jays,1,1,0,21,0,0,NA,21,94,20,11,10,3,21,8,NA,0,4.2,1.33333,9,3.6,2.5,1.2,0.223881,0.0895522,0.13432835787534714,NA,0.229508,0.272727,0.697674,4.06847,84.5,4.023809523809524,84,4,0.02359,-0.0253907,0,999,14,AL,Spencer Miles,693686,sa3020475,sa3020475,NA
MIL,Brewers,3,2,0,52,0,6,NA,52,225,47,25,23,6,52,23,NA,2,4.02891,1.35061,9.0019,4.04741,2.22411,1.05189,0.231191,0.103948,0.12724357098340988,NA,0.235198,0.288955,0.732554,4.14194,241.8,4.65,235,4.519230769230769,0.0233439,0.0254661,0,999,23,NL,DL Hall,669084,22207,22207,-4.138164131300967
CHC,Cubs,3,3,0,54,0,11,NA,54,229,48,27,26,8,51,21,NA,3,4.26423,1.28513,8.5407,3.52105,2.42561,1.27269,0.224245,0.0924488,0.13179638981819153,NA,0.235644,0.278385,0.715344,4.39065,250.40000000000003,4.637037037037038,240,4.444444444444445,0.0215453,0.0592564,0,999,17,NL,Jacob Webb,657097,19274,19274,-4.285286594932466
SDP,Padres,0,1,2,2,0,0,NA,9,40,10,5,5,2,6,3,NA,0,4.87048,1.41529,6.23861,2.94432,2.11886,1.541,0.158253,0.0746876,0.0835651084780693,NA,0.270829,0.29077,0.712413,5.06181,19.000000000000007,2.111111111111112,22,2.4444444444444446,0.0213764,0.0485397,1,999,29,NL,Marco Gonzales,594835,15467,15467,NA
TOR,Blue Jays,2,2,0,42,0,1,NA,42,180,37,20,18,5,44,17,NA,2,3.93183,1.29205,9.42428,3.72498,2.53002,1.15978,0.244216,0.0965273,0.1476888433098793,NA,0.22991,0.28344,0.739006,4.1206,188.10000000000002,4.4785714285714295,180,4.285714285714286,0.0206223,0.00418827,0,999,14,AL,Mason Fluharty,689254,31553,31553,NA
WSN,Nationals,2,3,0,46,0,1,NA,46,200,45,24,22,6,41,17,NA,1,4.37048,1.36615,8.11024,3.40836,2.37952,1.24542,0.20738,0.0871523,0.12022805213928223,NA,0.25084,0.293081,0.72016,4.35814,181.60000000000002,3.947826086956522,184,4,0.0197875,-0.025567200000000002,0,999,24,NL,Paxton Schultz,687606,25501,25501,-6.378358143559863
NYM,Mets,1,1,0,36,0,1,NA,36,155,31,17,16,4,38,17,NA,1,3.96132,1.34733,9.47656,4.32938,2.1889,1.07037,0.245208,0.112024,0.13318457454442978,NA,0.228893,0.286038,0.73721,4.10362,162.60000000000005,4.516666666666668,154,4.277777777777778,0.0196937,0.011152,0,999,25,NL,Dylan Ross,697811,sa3025659,sa3025659,-6.096421766746
MIN,Twins,1,1,0,14,0,1,NA,14,59,14,7,6,2,12,4,NA,0,4.0229799999999996,1.28039,7.48517,2.42916,3.08138,1.076,0.195827,0.0635519,0.13227546215057373,NA,0.256268,0.297787,0.714443,3.93787,58.6,4.185714285714286,60,4.285714285714286,0.0189572,-0.00361367,0,999,8,AL,Andrew Morris,702193,sa3020569,sa3020569,NA
ATL,Braves,1,1,0,22,0,1,NA,22,94,21,10,10,3,21,7,NA,1,3.93584,1.28779,8.70859,2.94985,2.95221,1.10228,0.226993,0.0768893,0.15010413527488708,NA,0.246362,0.29841,0.730528,3.88994,93.30000000000001,4.240909090909091,93,4.2272727272727275,0.0174752,0.032437,0,999,16,NL,José Suarez,660761,19911,19911,NA
NYM,Mets,3,3,0,46,0,1,NA,46,198,44,24,22,6,42,17,NA,3,4.28162,1.32172,8.14923,3.35288,2.43052,1.19728,0.210717,0.0866964,0.12402088940143585,NA,0.245637,0.288836,0.712359,4.35246,180.20000000000002,3.9173913043478263,180,3.9130434782608696,0.0172594,-0.0576803,0,999,25,NL,Austin Warren,681810,24937,24937,-5.061166682940165
LAA,Angels,3,4,0,52,0,6,NA,52,223,46,27,25,7,54,24,NA,2,4.36969,1.35841,9.30849,4.23543,2.19777,1.26942,0.241079,0.109693,0.13138651102781296,NA,0.234687,0.286376,0.722697,4.42189,233.10000000000005,4.482692307692309,223,4.288461538461538,0.0171533,-0.0354915,0,999,1,AL,José Fermin,820862,33908,33908,NA
TEX,Rangers,1,1,0,22,0,1,NA,22,96,18,11,10,2,27,12,NA,2,4.04709,1.3599,10.8535,4.91293,2.20918,0.994401,0.27542,0.124671,0.1507496014237404,NA,0.217223,0.289405,0.721907,4.05318,107.40000000000002,4.881818181818183,100,4.545454545454546,0.0168402,-0.0123085,0,999,13,AL,Michel Otañez,671305,22533,22533,NA
SEA,Mariners,0,1,2,2,0,0,NA,9,40,11,5,5,2,5,2,NA,0,4.98754,1.39961,4.56635,2.04936,2.22818,1.51117,0.116159,0.0521319,0.06402754783630371,NA,0.285742,0.293053,0.687532,5.10302,17.400000000000006,1.933333333333334,23,2.5555555555555554,0.0167139,0.0164444,1,999,11,AL,Casey Lawrence,596271,11121,11121,NA
ATH,Athletics,2,2,0,42,0,1,NA,42,183,38,22,20,5,41,20,NA,3,4.31096,1.38765,8.80713,4.3779,2.01172,1.0136,0.224517,0.111604,0.11291275173425674,NA,0.23676,0.290429,0.711135,4.29832,167.5,3.988095238095238,162,3.857142857142857,0.0161785,-0.0240733,0,999,10,AL,Tyler Ferguson,621053,19481,19481,NA
ATL,Braves,1,1,0,20,0,1,NA,20,88,18,9,9,2,21,9,NA,3,3.95516,1.31907,9.59597,3.92462,2.44507,0.80786500000000006,0.243336,0.0995212,0.14381522685289383,NA,0.232065,0.29945,0.709406,3.89974,86.60000000000001,4.33,84,4.2,0.015231,0.0322998,0,999,16,NL,Danny Young,664849,18439,18439,NA
MIL,Brewers,3,2,0,42,0,1,NA,42,180,36,20,19,5,44,19,NA,3,4.00674,1.31658,9.33032,4.06119,2.29744,1.02357,0.241482,0.10511,0.1363728791475296,NA,0.229556,0.286962,0.720727,4.11055,181.70000000000002,4.326190476190477,171,4.071428571428571,0.0151756,0.0264961,0,999,23,NL,Craig Yoho,684974,33248,33248,-3.939241164951161
CLE,Guardians,2,2,0,42,0,1,NA,42,182,39,20,19,5,41,18,NA,3,4.01673,1.34524,8.68749,3.80503,2.28316,0.991223,0.222215,0.097328,0.12488726526498795,NA,0.239439,0.2925,0.721169,4.11025,170.9,4.069047619047619,168,4,0.0150957,0.00470779,0,999,5,AL,Colin Holderman,670059,22361,22361,NA
LAA,Angels,2,3,0,40,0,1,NA,40,170,35,21,19,6,41,18,NA,2,4.38586,1.34066,9.17855,4.07974,2.24979,1.30771,0.239931,0.106646,0.1332852616906166,NA,0.237251,0.288174,0.716723,4.51551,157.2,3.9299999999999997,148,3.7,0.0149164,-0.0343888,0,999,1,AL,Nick Sandlin,680704,20517,20517,NA
CLE,Guardians,1,1,0,18,0,1,NA,18,78,17,9,8,2,18,8,NA,1,4.23831,1.35666,8.83989,3.92057,2.25475,1.1341,0.227353,0.100833,0.12652023881673813,NA,0.239271,0.290036,0.722066,4.22135,77.40000000000002,4.300000000000001,77,4.277777777777778,0.0148052,-0.0111536,0,999,5,AL,Carlos Hernández,672578,22713,22713,NA
CLE,Guardians,2,1,0,22,0,1,NA,22,95,20,10,10,3,24,10,NA,1,3.9853,1.33148,9.64878,3.93438,2.45243,1.09728,0.247185,0.100792,0.14639334380626678,NA,0.232939,0.291991,0.739661,4.06953,92.9,4.222727272727273,90,4.090909090909091,0.0142611,0.0175931,0,999,5,AL,Franco Aleman,680916,sa3018178,sa3018178,NA
TOR,Blue Jays,2,2,0,36,0,1,NA,36,154,32,18,16,5,36,16,NA,2,4.07979,1.3273,9.00108,4.03355,2.23155,1.15161,0.233666,0.10471,0.12895561754703522,NA,0.232896,0.283816,0.728313,4.31448,143.70000000000005,3.991666666666668,137,3.8055555555555554,0.013833,-0.0227585,0,999,14,AL,Yariel Rodríguez,684320,33838,33838,NA
LAD,Dodgers,2,2,0,40,0,1,NA,40,175,36,21,20,5,42,19,NA,3,4.41425,1.37408,9.48228,4.32577,2.19204,1.18815,0.240403,0.109671,0.13073234260082245,NA,0.232954,0.287367,0.710077,4.38614,162.9,4.0725,157,3.925,0.0131409,-0.0294037,0,999,22,NL,Edgardo Henriquez,683618,26944,26944,-6.695572786667941
DET,Tigers,1,1,0,21,0,1,NA,21,92,21,10,9,2,18,8,NA,1,3.92904,1.35839,7.57439,3.37823,2.24212,0.864966,0.193052,0.0861025,0.10694949328899384,NA,0.250976,0.297712,0.722119,4.02919,89.20000000000002,4.2476190476190485,92,4.380952380952381,0.0128704,0.00623418,0,999,6,AL,Drew Sommers,805427,32026,32026,NA
MIL,Brewers,1,1,0,10,0,1,NA,10,42,10,5,5,1,9,3,NA,0,4.07381,1.27219,7.74237,2.77953,2.78549,1.14302,0.202477,0.0726897,0.12978694587945938,NA,0.247559,0.287985,0.713193,4.13754,48.7,4.87,50,5,0.0126611,-0.00103181,0,999,23,NL,Sammy Peralta,671111,25589,25589,NA
PIT,Pirates,2,2,0,42,0,1,NA,42,184,39,21,19,5,41,20,NA,2,4.10626,1.40327,8.89053,4.3441,2.04658,0.995986,0.225505,0.110187,0.11531883478164673,NA,0.239701,0.295369,0.728103,4.21795,167.9,3.9976190476190476,165,3.9285714285714284,0.0124711,0.0132325,0,999,27,NL,Kyle Nicolas,693312,27775,27775,-6.268885319753351
WSN,Nationals,0,1,0,10,0,1,NA,10,44,8,5,4,1,11,6,NA,1,4.04111,1.41067,10.3468,5.14864,2.00962,0.801429,0.258715,0.128738,0.12997692823410034,NA,0.221917,0.295077,0.721127,3.98788,45.900000000000006,4.590000000000001,42,4.2,0.0123511,9.5184e-4,0,999,24,NL,Bryce Montes de Oca,656755,21319,21319,NA
SDP,Padres,2,2,0,52,0,7,NA,52,223,46,25,24,7,53,24,NA,1,4.10663,1.34912,9.25842,4.15234,2.22969,1.177,0.239797,0.107547,0.13224945962429047,NA,0.233332,0.286172,0.736602,4.23364,238.10000000000005,4.578846153846155,228,4.384615384615385,0.0123214,0.00367295,0,999,29,NL,Yuki Matsui,673513,33826,33826,-5.548384468743075
ARI,Diamondbacks,1,1,0,14,0,1,NA,14,61,14,7,6,2,13,6,NA,1,4.06963,1.36663,8.29196,3.60885,2.29767,1.01507,0.211469,0.0920363,0.11943283677101135,NA,0.247202,0.296937,0.725652,4.11014,51.60000000000003,3.6857142857142877,53,3.7857142857142856,0.0115653,0.00203884,0,999,15,NL,Philip Abner,691769,33821,33821,NA
ATL,Braves,2,2,0,42,0,1,NA,42,180,37,21,19,5,46,18,NA,3,4.05389,1.31078,9.76687,3.82238,2.55518,1.10697,0.252922,0.0989837,0.15393781661987305,NA,0.233256,0.294567,0.721679,4.03966,186.10000000000002,4.430952380952381,178,4.238095238095238,0.0115085,0.00375353,0,999,16,NL,Hayden Harris,802686,31913,31913,-4.773784910232303
MIN,Twins,1,1,0,24,0,1,NA,24,104,24,13,12,3,20,8,NA,1,4.4036,1.3461,7.68598,3.07229,2.50171,1.2618,0.197701,0.0790264,0.11867447942495346,NA,0.255145,0.293689,0.712428,4.39494,95.30000000000001,3.9708333333333337,98,4.083333333333333,0.0114752,-0.0368387,0,999,8,AL,Cody Laweryson,689520,26429,26429,NA
TBR,Rays,1,2,0,34,0,1,NA,34,145,34,17,16,5,30,10,NA,1,4.21979,1.30336,7.85899,2.74937,2.85847,1.2514,0.20425,0.0714544,0.1327955350279808,NA,0.253279,0.293362,0.719276,4.20263,132.70000000000002,3.9029411764705886,136,4,0.0112908,-0.00985509,0,999,12,AL,Jesse Scholtens,669947,19205,19205,NA
CHW,White Sox,1,1,0,18,0,1,NA,18,78,16,9,8,2,17,8,NA,1,4.03318,1.35168,8.74524,3.92952,2.22553,1.02146,0.223781,0.100552,0.12322928011417389,NA,0.2393,0.292679,0.730363,4.2219,78.00000000000003,4.333333333333335,75,4.166666666666667,0.0109919,-0.00463732,0,999,4,AL,Ryan Borucki,621366,16350,16350,NA
NYM,Mets,2,3,0,42,0,1,NA,42,177,39,20,19,6,39,13,NA,3,4.07741,1.25296,8.40284,2.85816,2.93995,1.2275,0.220921,0.0751444,0.14577646553516388,NA,0.24333,0.288024,0.724322,4.18712,169.6,4.038095238095238,166,3.9523809523809526,0.0107802,0.00759314,0,999,25,NL,Adbert Alzolay,640470,17859,17859,-4.3212485112638985
WSN,Nationals,3,3,0,55,0,10,NA,55,245,48,29,27,6,61,32,NA,3,4.37059,1.45566,9.94059,5.29769,1.8764,1.05492,0.248399,0.132381,0.11601831018924713,NA,0.228302,0.291076,0.719922,4.39624,265.4,4.825454545454545,254,4.618181818181818,0.0101984,-0.00349495,0,999,24,NL,Griff McGarry,676046,sa3017130,sa3017130,-6.852983241835923
ARI,Diamondbacks,1,1,0,24,0,1,NA,24,103,24,12,11,3,20,9,NA,1,4.12826,1.36388,7.52836,3.21706,2.34014,0.955966,0.194238,0.0830029,0.11123548448085785,NA,0.257211,0.303086,0.715113,4.02388,92.30000000000001,3.8458333333333337,95,3.9583333333333335,0.0101675,0.00349476,0,999,15,NL,Derek Law,571882,13133,13133,NA
ATL,Braves,0,0,0,8,0,1,NA,8,34,7,4,3,1,9,3,NA,0,3.85124,1.27677,10.0685,3.44545,2.92225,1.12612,0.261598,0.0895195,0.17207860946655273,NA,0.231348,0.293416,0.739892,3.7615,41.7,5.2125,40,5,0.00993863,7.00735e-4,0,999,16,NL,AJ Smith-Shawver,700363,29960,29960,NA
SFG,Giants,1,1,0,34,0,1,NA,34,145,33,17,15,4,29,11,NA,2,4.07146,1.29138,7.64902,2.83128,2.70161,1.08016,0.199007,0.0736623,0.12534461170434952,NA,0.249715,0.29125,0.714357,4.07263,139.60000000000002,4.105882352941177,141,4.147058823529412,0.00981455,-0.0203479,0,999,30,NL,Tristan Beck,663941,21584,21584,NA
CHC,Cubs,1,1,0,14,0,1,NA,14,60,13,7,6,2,12,5,NA,1,4.08513,1.29491,7.88746,3.06663,2.57203,1.00224,0.205256,0.0798032,0.12545283883810043,NA,0.246794,0.292793,0.704879,4.04034,55.2,3.942857142857143,54,3.857142857142857,0.00972617,-0.00326856,0,999,17,NL,Kyle Wright,657140,19665,19665,NA
MIA,Marlins,3,3,0,48,0,4,NA,48,206,44,24,23,7,48,20,NA,2,4.23163,1.33583,8.92241,3.72148,2.39754,1.26081,0.230579,0.096173,0.1344059631228447,NA,0.239947,0.288391,0.731111,4.34037,200.70000000000002,4.18125,195,4.0625,0.00954671,0.0547843,0,999,20,NL,Lake Bachar,669199,19222,19222,-4.929907154866233
PHI,Phillies,2,2,0,48,0,4,NA,48,210,45,26,24,6,46,22,NA,3,4.47298,1.38984,8.63863,4.07447,2.12019,1.1465,0.219133,0.103355,0.1157774031162262,NA,0.242783,0.292039,0.706719,4.43234,197.40000000000003,4.112500000000001,195,4.0625,0.00927883,-0.0332393,0,999,26,NL,Zach McCambley,685112,sa3014478,sa3014478,-7.414793108181286
CHC,Cubs,2,2,0,42,0,1,NA,42,183,39,22,20,6,42,17,NA,3,4.28448,1.33589,8.89861,3.68274,2.4163,1.23798,0.227178,0.0940189,0.1331591084599495,NA,0.239235,0.287244,0.717176,4.38186,163.6,3.895238095238095,160,3.8095238095238093,0.0091377,-0.0402089,0,999,17,NL,Ethan Roberts,681799,24930,24930,-5.832109217731828
KCR,Royals,1,1,0,16,0,1,NA,16,69,17,8,8,2,13,4,NA,1,4.31523,1.31675,7.23226,2.52116,2.86862,1.17312,0.187468,0.0653512,0.12211675941944122,NA,0.261463,0.299025,0.70287,4.18788,64.60000000000001,4.0375000000000005,69,4.3125,0.00892444,0.00215035,0,999,7,AL,Mitch Spence,687765,27707,27707,NA
ARI,Diamondbacks,2,2,0,56,0,10,NA,56,238,57,28,26,8,45,16,NA,2,4.1989,1.30677,7.29925,2.53787,2.87613,1.25014,0.190702,0.066305,0.12439693510532379,NA,0.260507,0.296889,0.723109,4.27592,243.8,4.353571428571429,252,4.5,0.00889628,0.109155,0,999,15,NL,Taylor Clarke,664199,17611,17611,-5.642096995602708
MIL,Brewers,1,1,0,30,0,1,NA,30,128,29,15,14,4,24,9,NA,2,4.12578,1.27614,7.34949,2.71545,2.70655,1.08606,0.192026,0.0709487,0.12107719480991364,NA,0.249945,0.288305,0.706587,4.13281,116.4,3.8800000000000003,117,3.9,0.00855041,-0.00308631,0,999,23,NL,Easton McGee,668834,22176,22176,NA
STL,Cardinals,3,3,0,38,0,1,NA,38,165,38,19,18,5,30,13,NA,2,4.16841,1.35203,7.10238,3.11574,2.27952,1.08313,0.181585,0.0796595,0.10192588716745377,NA,0.255186,0.29204,0.719647,4.33434,139.89999999999998,3.6815789473684206,144,3.789473684210526,0.0083826,-0.0141164,0,999,28,NL,Nick Raquet,675919,20333,20333,-5.431667635484841
MIL,Brewers,2,2,0,34,0,1,NA,34,147,32,17,16,4,32,14,NA,1,4.20199,1.34767,8.55946,3.78164,2.26343,1.1273,0.220589,0.0974578,0.12313074618577957,NA,0.240876,0.289179,0.719994,4.2442,142.20000000000005,4.182352941176472,141,4.147058823529412,0.00837214,-0.00349727,0,999,23,NL,Shane Drohan,675660,sa3014447,sa3014447,NA
CHW,White Sox,2,2,0,38,0,1,NA,38,163,40,20,19,5,29,11,NA,2,4.41448,1.32827,6.92184,2.58777,2.67483,1.28017,0.178808,0.0668481,0.11195946484804153,NA,0.261904,0.293396,0.708442,4.42851,138.7,3.65,148,3.8947368421052633,0.00811256,-0.0405337,0,999,4,AL,Jedixson Paez,699151,sa3016264,sa3016264,NA
NYM,Mets,1,1,0,20,0,1,NA,20,87,18,10,10,3,21,9,NA,1,4.30131,1.35528,9.37812,4.17365,2.24698,1.20206,0.239384,0.106536,0.13284803181886673,NA,0.232596,0.28523,0.716676,4.3471,80.3,4.015,77,3.85,0.00801864,-0.0112693,0,999,25,NL,Alex Carrillo,692024,26463,26463,NA
ATL,Braves,2,1,0,30,0,1,NA,30,129,29,15,14,4,28,11,NA,2,4.24671,1.32773,8.2784,3.18446,2.59963,1.19984,0.213931,0.0822929,0.13163791596889496,NA,0.250682,0.296831,0.718113,4.27241,118.4,3.9466666666666668,119,3.966666666666667,0.00642592,0.00265663,0,999,16,NL,Hunter Stratton,676702,23455,23455,NA
SFG,Giants,2,3,0,54,0,7,NA,54,236,55,28,25,6,46,19,NA,3,4.21111,1.36719,7.5885,3.18258,2.38438,1.04819,0.193116,0.080992,0.11212393641471863,NA,0.256008,0.299085,0.711738,4.18384,236.8,4.385185185185185,246,4.555555555555555,0.00579443,-0.0653259,0,999,30,NL,JT Brubaker,664141,17578,17578,-6.52190187291224
NYY,Yankees,1,1,0,12,0,1,NA,12,51,12,6,6,2,10,3,NA,0,4.20467,1.24718,7.51579,2.44085,3.07917,1.31105,0.198413,0.0644373,0.13397598266601562,NA,0.249541,0.283348,0.714,4.25193,48.000000000000014,4.000000000000001,49,4.083333333333333,0.00533033,-0.00817031,0,999,9,AL,Brendan Beck,694341,sa3020680,sa3020680,NA
CLE,Guardians,3,3,0,52,0,7,NA,52,225,49,26,25,8,52,21,NA,2,4.25668,1.34539,9.07358,3.61458,2.51027,1.34047,0.233254,0.0929196,0.1403341293334961,NA,0.242952,0.291415,0.738047,4.36789,221.99999999999997,4.269230769230768,219,4.211538461538462,0.00507636,-0.0330207,0,999,5,AL,Connor Brogdon,641401,21205,21205,NA
CHW,White Sox,1,2,0,26,0,1,NA,26,113,26,14,13,4,23,10,NA,1,4.54231,1.37091,7.9306,3.43074,2.31163,1.27608,0.202958,0.0877986,0.11515934765338898,NA,0.252307,0.292419,0.701852,4.47298,92.6,3.5615384615384613,95,3.6538461538461537,0.00471573,-0.0374906,0,999,4,AL,Tyler Gilbert,656457,17964,17964,NA
SDP,Padres,2,2,0,44,0,1,NA,44,190,39,22,21,6,43,20,NA,4,4.26316,1.33991,8.75043,4.0402,2.16584,1.1505,0.224736,0.103764,0.12097235769033432,NA,0.23488,0.283354,0.715147,4.45089,168.4,3.8272727272727276,160,3.6363636363636362,0.00467941,-0.0235261,0,999,29,NL,Ron Marinaccio,676760,23488,23488,-6.011914298110164
CHW,White Sox,2,2,0,42,0,1,NA,42,184,40,22,20,5,38,20,NA,3,4.31691,1.41559,8.09229,4.26592,1.89696,1.0668,0.205485,0.108323,0.09716206043958664,NA,0.245411,0.291955,0.718214,4.49448,156.3,3.7214285714285715,156,3.7142857142857144,0.00463875,-0.0414411,0,999,4,AL,Chris Murphy,669684,26214,26214,NA
TBR,Rays,0,1,0,8,0,1,NA,8,35,7,4,4,1,9,4,NA,0,4.21364,1.36532,9.63177,3.99467,2.41116,1.31632,0.24654,0.10225,0.14429062604904175,NA,0.239086,0.2939,0.739635,4.3563,38.7,4.8375,37,4.625,0.00454934,-0.00226824,0,999,12,AL,Cam Booser,592155,16061,16061,NA
NYY,Yankees,0,0,0,6,0,1,NA,6,26,6,3,3,1,5,2,NA,0,4.07746,1.32591,8.19573,3.5509,2.30807,1.09779,0.212579,0.0921024,0.12047626078128815,NA,0.241318,0.286319,0.721543,4.17242,24.500000000000007,4.083333333333335,25,4.166666666666667,0.00429124,-0.0040523,0,999,9,AL,Elmer Rodríguez,695684,sa3019459,sa3019459,NA
PHI,Phillies,0,1,2,2,0,0,NA,8,35,8,5,5,1,7,4,NA,1,5.27812,1.49961,7.80157,4.68937,1.66367,1.45742,0.192168,0.115508,0.07665961235761642,NA,0.251946,0.286009,0.682791,5.38706,25.100000000000005,3.1375000000000006,26,3.25,0.00420064,0.0142473,1,999,26,NL,Yoniel Curet,692414,sa3015446,sa3015446,NA
LAA,Angels,0,1,2,2,0,0,NA,9,39,10,6,5,1,5,4,NA,1,5.36064,1.56069,5.38119,3.90166,1.37921,1.36302,0.132053,0.0957456,0.03630729764699936,NA,0.27965,0.297359,0.68262,5.39956,23.30000000000001,2.5888888888888903,27,3,0.00415253,-0.0332598,1,999,1,AL,Joel Hurtado,805871,sa3019774,sa3019774,NA
SDP,Padres,2,2,0,40,0,1,NA,40,171,40,20,19,5,32,13,NA,1,4.1793,1.31825,7.16751,2.90472,2.46754,1.07474,0.186591,0.0756184,0.11097302287817001,NA,0.25432,0.292168,0.706205,4.15589,156.5,3.9125,161,4.025,0.00341959,-0.0215331,0,999,29,NL,Bryan Hoeing,663773,26304,26304,-6.212220432567578
MIL,Brewers,0,0,0,6,0,1,NA,6,25,6,3,3,1,5,2,NA,0,4.19951,1.27793,8.15689,2.90552,2.80738,1.23767,0.213649,0.0761026,0.1375463455915451,NA,0.245373,0.287012,0.713689,4.15931,24.500000000000007,4.083333333333335,25,4.166666666666667,0.0032098,-6.20567e-4,0,999,23,NL,K.C. Hunt,687268,sa3022937,sa3022937,NA
SDP,Padres,2,2,0,26,0,1,NA,26,112,24,13,12,4,27,11,NA,1,4.20128,1.32921,9.19081,3.70126,2.48315,1.26736,0.2369,0.0954028,0.141496904194355,NA,0.237186,0.286959,0.731122,4.24478,102.79999999999998,3.953846153846153,100,3.8461538461538463,0.00315523,-0.0140561,0,999,29,NL,Garrett Hawkins,678184,sa3017383,sa3017383,NA
KCR,Royals,1,2,0,22,0,1,NA,22,95,20,12,11,3,23,10,NA,1,4.44647,1.3831,9.28827,4.21805,2.20203,1.305,0.238405,0.108266,0.13013895601034164,NA,0.239817,0.291892,0.71863,4.50361,90.9,4.131818181818182,88,4,0.00297901,-0.0266521,0,999,7,AL,Héctor Neris,593576,11804,11804,NA
ATH,Athletics,0,0,0,8,0,1,NA,8,34,8,4,4,1,6,2,NA,0,4.34831,1.25958,7.2785,2.16413,3.36325,1.38287,0.1916,0.0569686,0.13463102281093597,NA,0.257909,0.289542,0.707704,4.32349,36.10000000000001,4.512500000000001,37,4.625,0.00292948,9.35899e-4,0,999,10,AL,Chen Zhong-Ao Zhuang,800018,sa3018174,sa3018174,NA
SEA,Mariners,1,1,0,24,0,1,NA,24,104,21,11,10,2,25,11,NA,2,3.88314,1.33806,9.36123,4.28239,2.18598,0.855261,0.240093,0.109833,0.1302601471543312,NA,0.228612,0.291,0.721655,3.97203,113.40000000000003,4.725000000000001,109,4.541666666666667,0.00220347,-0.0050801,0,999,11,AL,Yosver Zulueta,691172,27765,27765,NA
SDP,Padres,1,1,0,16,0,1,NA,16,69,16,8,7,2,13,5,NA,1,4.17734,1.32718,7.34925,3.01129,2.44057,1.13234,0.190462,0.0780402,0.11242197453975677,NA,0.253223,0.291115,0.715266,4.24021,64.20000000000002,4.012500000000001,66,4.125,0.00210117,-0.00874107,0,999,29,NL,Jhony Brito,666745,25386,25386,NA
PHI,Phillies,1,1,0,16,0,1,NA,16,69,15,8,8,2,15,6,NA,1,4.30853,1.34078,8.60645,3.64078,2.3639,1.116,0.220171,0.0931389,0.12703222781419754,NA,0.242438,0.292015,0.705625,4.27919,67.80000000000001,4.237500000000001,67,4.1875,0.00203989,0.00537185,0,999,26,NL,Kyle Backhus,679775,29615,29615,NA
CHW,White Sox,1,1,0,21,0,1,NA,21,90,21,11,10,3,17,6,NA,1,4.49166,1.31439,7.17411,2.66899,2.68795,1.29,0.185816,0.0691293,0.11668664216995239,NA,0.258491,0.291778,0.698216,4.46102,80.9,3.8523809523809525,83,3.9523809523809526,0.00198067,-0.021031,0,999,4,AL,Duncan Davitt,701474,sa3020394,sa3020394,NA
CIN,Reds,1,1,0,12,0,1,NA,12,54,11,7,6,1,12,7,NA,1,4.78827,1.49019,8.72234,4.93474,1.7675399999999999,1.05477,0.216739,0.122622,0.09411686658859253,NA,0.242684,0.295083,0.693302,4.49158,51.90000000000001,4.325000000000001,51,4.25,0.00186288,-0.0204226,0,999,18,NL,Josh Staumont,622251,18335,18335,NA
WSN,Nationals,2,3,0,42,0,1,NA,42,182,39,22,21,6,40,19,NA,1,4.43674,1.38555,8.56223,4.07463,2.10135,1.29327,0.219752,0.104577,0.11517537385225296,NA,0.242346,0.28653,0.724934,4.54095,159.6,3.8,156,3.7142857142857144,0.00184449,-0.0260278,0,999,24,NL,Andre Granillo,701552,29542,29542,-7.062016632117638
LAD,Dodgers,1,1,0,26,0,1,NA,26,113,25,14,13,4,25,11,NA,1,4.56293,1.36523,8.67772,3.77898,2.29631,1.21724,0.222503,0.0968959,0.12560749053955078,NA,0.244165,0.29221,0.6965,4.34989,96.19999999999999,3.6999999999999997,96,3.6923076923076925,0.00178473,-0.0301539,0,999,22,NL,Bobby Miller,676272,27483,27483,NA
COL,Rockies,1,1,0,12,0,1,NA,12,53,13,7,7,2,11,4,NA,1,4.95128,1.43034,8.57972,3.30859,2.59316,1.56395,0.216471,0.0834775,0.1329934298992157,NA,0.266356,0.31052,0.706721,4.72953,41.40000000000002,3.4500000000000015,45,3.75,0.00133851,-0.00413018,0,999,19,NL,John Brebbia,605154,12777,12777,NA
PHI,Phillies,1,1,0,24,0,1,NA,24,106,24,13,12,3,21,10,NA,1,4.59215,1.42085,8.06185,3.83797,2.10055,1.24741,0.20269,0.096493399999999993,0.10619612038135529,NA,0.252831,0.295235,0.708572,4.6043,91.30000000000001,3.804166666666667,94,3.9166666666666665,0.0012491,-0.0217315,0,999,26,NL,Lou Trivino,642152,15043,15043,NA
NYM,Mets,0,1,0,12,0,1,NA,12,52,10,6,6,2,13,6,NA,1,4.2372,1.36396,9.94089,4.56585,2.17722,1.12854,0.253381,0.116378,0.137003093957901,NA,0.225475,0.284605,0.719998,4.23593,47.20000000000002,3.933333333333335,43,3.5833333333333335,0.00120523,-0.00670941,0,999,25,NL,Ryan Lambert,822038,sa3025613,sa3025613,NA
BAL,Orioles,1,1,0,11,0,1,NA,11,48,10,6,6,2,11,5,NA,0,4.54605,1.41662,8.80826,4.26004,2.06765,1.25084,0.224286,0.108474,0.11581190675497055,NA,0.244139,0.292896,0.716197,4.48428,41.80000000000001,3.800000000000001,40,3.6363636363636362,6.79974e-4,-0.0224018,0,999,2,AL,Jose Espada,664744,21131,21131,NA
ATH,Athletics,0,0,0,10,0,1,NA,10,43,10,5,5,1,8,4,NA,1,4.2853,1.36977,6.82952,3.16778,2.15593,1.07424,0.174702,0.0810332,0.09366873651742935,NA,0.259114,0.29459,0.710433,4.41603,40.7,4.07,42,4.2,6.01615e-4,0.00120251,0,999,10,AL,Henry Baez,692013,sa3016584,sa3016584,NA
BOS,Red Sox,2,2,0,34,0,1,NA,34,149,34,17,16,4,28,14,NA,2,4.31257,1.41167,7.49684,3.66355,2.04633,1.05037,0.190045,0.0928712,0.09717416763305664,NA,0.255852,0.298271,0.720421,4.35605,126.00000000000003,3.7058823529411775,130,3.823529411764706,5.58228e-4,0.00945051,0,999,3,AL,Tyler Samaniego,701719,sa3017876,sa3017876,NA
NYM,Mets,0,0,0,8,0,1,NA,8,35,7,4,4,1,9,4,NA,1,4.11884,1.35406,9.75801,4.47042,2.18279,1.0055,0.248949,0.114051,0.13489802926778793,NA,0.226983,0.288868,0.72222,4.15325,35.7,4.4625,34,4.25,3.2877e-4,-0.00447238,0,999,25,NL,Nick Burdi,595897,16074,16074,NA
NYY,Yankees,1,1,0,16,0,1,NA,16,70,15,8,8,2,15,6,NA,1,4.4414,1.33225,8.3888,3.4689,2.41829,1.32736,0.214579,0.0887316,0.12584707140922546,NA,0.243976,0.285352,0.712072,4.57729,67.80000000000001,4.237500000000001,67,4.1875,2.93274e-4,-0.011021,0,999,9,AL,Osvaldo Bido,674370,23150,23150,NA
LAD,Dodgers,3,3,0,52,0,8,NA,52,231,46,27,26,6,55,30,NA,3,4.4334,1.46136,9.57397,5.22898,1.83094,1.02257,0.23936,0.13073,0.1086292713880539,NA,0.230867,0.290885,0.716097,4.37754,234.4,4.507692307692308,225,4.326923076923077,1.93974e-4,-0.028389,0,999,22,NL,Will Klein,694361,27787,27787,-7.267970079244314
ATL,Braves,1,1,0,10,0,1,NA,10,45,9,5,5,1,11,6,NA,1,4.11471,1.44502,10.0706,5.21469,1.9312,0.909322,0.251061,0.130003,0.1210586279630661,NA,0.228439,0.297587,0.727616,4.21375,43.300000000000004,4.33,42,4.2,1.50093e-4,8.79916e-4,0,999,16,NL,Jhancarlos Lara,702910,sa3019367,sa3019367,NA
SDP,Padres,0,0,0,0,0,0,NA,0,0,0,0,0,0,0,0,NA,0,0,0,0,0,0,0,0,0,0,NA,0,0,1,3.13514,0,NA,0,NA,0,0,NA,999,29,NL,Francis Peña,800212,sa3019374,sa3019374,NA
NA,NA,3,2,0,42,0,0,NA,42,181,36,22,20,6,46,22,NA,2,4.36657,1.37942,9.82133,4.80197,2.04527,1.28078,0.252574,0.123491,0.1290820986032486,NA,0.226582,0.281469,0.728573,4.56487,163.4,3.8904761904761904,152,3.619047619047619,-4.52004e-5,-0.0020293,0,999,-1,NA,Michael Kopech,656629,17282,17282,NA
CLE,Guardians,1,1,0,16,0,1,NA,16,69,15,8,7,2,15,6,NA,1,4.18419,1.32967,8.54117,3.36338,2.53946,1.18702,0.220071,0.0866606,0.13341087847948074,NA,0.246632,0.294821,0.729466,4.26046,67.80000000000001,4.237500000000001,67,4.1875,-6.6967e-5,-0.00997252,0,999,5,AL,Trevor Stephan,663986,19932,19932,NA
TBR,Rays,1,1,0,12,0,1,NA,12,53,10,6,6,1,13,6,NA,1,4.25164,1.38862,9.9204,4.802,2.06589,1.08182,0.250571,0.12129,0.12928153574466705,NA,0.227313,0.289413,0.722832,4.40538,59.500000000000014,4.958333333333335,56,4.666666666666667,-1.26823e-4,-0.00347392,0,999,12,AL,Evan Reifert,682126,sa3014860,sa3014860,NA
TEX,Rangers,1,1,0,10,0,1,NA,10,43,9,5,5,1,9,3,NA,1,4.37197,1.26969,8.50726,3.03839,2.79992,1.29934,0.221818,0.0792229,0.14259517937898636,NA,0.24064,0.282969,0.700551,4.28542,48.300000000000004,4.83,47,4.7,-2.36809e-4,-0.00564913,0,999,13,AL,Jose Corniell,692030,27984,27984,NA
KCR,Royals,2,2,0,42,0,1,NA,42,183,40,22,20,5,37,18,NA,3,4.26663,1.38094,7.92428,3.75437,2.11068,0.994359,0.202061,0.0957328,0.1063285693526268,NA,0.248446,0.295435,0.708501,4.24515,160.3,3.816666666666667,160,3.8095238095238093,-3.08588e-4,-0.0236808,0,999,7,AL,Luinder Avila,679883,24452,24452,NA
TOR,Blue Jays,1,1,0,20,0,1,NA,20,87,19,10,9,3,19,9,NA,1,4.19411,1.37481,8.43714,3.82869,2.20366,1.19086,0.215185,0.0976487,0.11753587424755096,NA,0.243914,0.28948,0.732431,4.37284,73.69999999999999,3.6849999999999996,73,3.65,-8.33444e-4,-0.012298,0,999,14,AL,Angel Bastardo,682785,sa3009716,sa3009716,NA
ATH,Athletics,1,1,0,13,0,1,NA,13,56,13,7,6,2,11,5,NA,1,4.44768,1.36467,7.46938,3.4312,2.1769,1.16838,0.191326,0.0878891,0.10343685746192932,NA,0.251903,0.289925,0.70038,4.46436,45.8,3.523076923076923,47,3.6153846153846154,-0.00123693,-0.0134106,0,999,10,AL,A.J. Causey,822067,sa3028661,sa3028661,NA
STL,Cardinals,1,1,0,12,0,1,NA,12,52,11,6,6,1,12,6,NA,1,4.1479,1.38769,8.83595,4.15503,2.12656,1.05979,0.224845,0.105731,0.11911334097385406,NA,0.240148,0.293219,0.726313,4.23356,54.90000000000001,4.575000000000001,54,4.5,-0.00140206,-0.00436509,0,999,28,NL,Zack Thompson,668868,25918,25918,NA
CHC,Cubs,0,1,0,10,0,1,NA,10,43,10,5,5,1,8,4,NA,1,4.43288,1.3524,7.31434,3.1839,2.29729,1.22128,0.187278,0.0815211,0.1057567447423935,NA,0.253746,0.28888200000000003,0.706767,4.4858,40.7,4.07,42,4.2,-0.00154865,-0.00231564,0,999,17,NL,Collin Snider,676092,23307,23307,NA
CLE,Guardians,1,1,0,14,0,1,NA,14,60,15,7,7,2,11,4,NA,0,4.22737,1.33825,6.96433,2.68935,2.58959,1.3051,0.180291,0.0696214,0.11066974699497223,NA,0.261698,0.29296,0.733942,4.43307,54,3.857142857142857,58,4.142857142857143,-0.00160009,-0.00862438,0,999,5,AL,Kolby Allard,663465,18694,18694,NA
BOS,Red Sox,1,1,0,12,0,1,NA,12,52,13,6,6,2,9,4,NA,0,4.43634,1.38616,6.67016,2.99536,2.22683,1.14028,0.170754,0.0766803,0.09407350420951843,NA,0.265123,0.298416,0.704339,4.40185,40.40000000000002,3.3666666666666685,44,3.6666666666666665,-0.00174662,0.00324775,0,999,3,AL,Jake Bennett,687562,sa3020737,sa3020737,NA
PHI,Phillies,0,0,0,8,0,1,NA,8,35,8,4,4,1,6,3,NA,0,4.51051,1.39295,7.30968,3.33214,2.19369,1.20971,0.186935,0.0852147,0.10172011703252792,NA,0.259817,0.297121,0.708842,4.4835,33.10000000000001,4.137500000000001,34,4.25,-0.00187079,0.00258741,0,999,26,NL,Tucker Davidson,656353,19871,19871,NA
DET,Tigers,1,1,0,13,0,1,NA,13,56,14,7,6,2,9,4,NA,0,4.42407,1.38135,6.0239,2.83031,2.12836,1.05679,0.154752,0.0727098,0.08204267919063568,NA,0.267993,0.29724,0.693979,4.35546,45.199999999999996,3.4769230769230766,49,3.769230769230769,-0.00206217,-0.020981,0,999,6,AL,Scott Effross,664123,18384,18384,NA
NYY,Yankees,1,1,0,18,0,1,NA,18,79,17,10,9,2,17,8,NA,1,4.43721,1.38919,8.41752,4.21071,1.99907,1.11943,0.213532,0.106816,0.10671640187501907,NA,0.238128,0.283673,0.702816,4.4145200000000004,75.40000000000002,4.18888888888889,75,4.166666666666667,-0.00229192,-0.0439225,0,999,9,AL,Kervin Castro,665645,21656,21656,NA
CHW,White Sox,1,1,0,15,0,1,NA,15,65,15,8,7,2,12,5,NA,0,4.4624,1.3585,7.49535,3.0661,2.44459,1.35705,0.192686,0.0788214,0.11386445164680481,NA,0.257546,0.292089,0.717463,4.54006,60.400000000000006,4.026666666666667,62,4.133333333333334,-0.00248838,-0.0194089,0,999,4,AL,David Sandlin,689818,sa3020606,sa3020606,NA
CHW,White Sox,0,0,0,8,0,1,NA,8,34,8,4,4,1,6,2,NA,0,4.51476,1.33046,7.28179,2.5686,2.83492,1.472,0.188111,0.0663547,0.1217559352517128,NA,0.263121,0.293919,0.722048,4.6312,36.10000000000001,4.512500000000001,37,4.625,-0.00332291,-0.00171914,0,999,4,AL,Austin Voth,608723,15047,15047,NA
STL,Cardinals,2,2,0,40,0,1,NA,40,177,40,21,19,4,32,18,NA,2,4.29114,1.45054,7.18377,4.07146,1.76442,0.891887,0.180405,0.102246,0.07815879583358765,NA,0.254173,0.29674,0.707767,4.31926,150.8,3.7700000000000005,156,3.9,-0.00345491,-0.0459848,0,999,28,NL,Chris Roycroft,688297,31261,31261,-7.692265183903549
MIL,Brewers,1,1,0,14,0,1,NA,14,62,13,7,7,2,13,7,NA,1,4.24521,1.41684,8.39041,4.35715,1.92567,1.03863,0.211456,0.109809,0.10164686292409897,NA,0.241402,0.290231,0.721048,4.40601,51.20000000000003,3.6571428571428592,50,3.5714285714285716,-0.00426121,-0.00144535,0,999,23,NL,Tate Kuehner,804249,sa3023099,sa3023099,NA
NYY,Yankees,0,0,0,8,0,1,NA,8,35,8,4,4,1,7,3,NA,0,4.51646,1.33024,8.11142,3.38695,2.39491,1.27314,0.208422,0.0870272,0.12139491736888885,NA,0.244845,0.284746,0.696665,4.45632,35.10000000000001,4.387500000000001,36,4.5,-0.00453334,-0.00542545,0,999,9,AL,Dom Hamel,687589,30153,30153,NA
WSN,Nationals,1,1,0,11,0,1,NA,11,48,10,6,5,1,11,5,NA,1,4.47035,1.38669,8.69754,4.06596,2.13911,1.19478,0.220615,0.103134,0.11748089641332626,NA,0.241795,0.289859,0.710861,4.46979,51.10000000000001,4.645454545454546,50,4.545454545454546,-0.0045374,-0.0142628,0,999,24,NL,Ken Waldichuk,686610,27681,27681,NA
COL,Rockies,1,1,0,14,0,1,NA,14,62,15,8,7,2,13,6,NA,0,4.7597,1.44972,8.24332,3.68634,2.23618,1.41358,0.207932,0.0929855,0.11494681239128113,NA,0.262458,0.305554,0.718875,4.67075,52.00000000000003,3.714285714285716,56,4,-0.00487112,-3.8484e-4,0,999,19,NL,Jeff Criswell,676105,27608,27608,NA
BAL,Orioles,1,1,0,15,0,1,NA,15,65,14,8,7,2,15,6,NA,1,4.44972,1.33914,8.8988,3.74948,2.37335,1.22865,0.228877,0.0964366,0.13244079798460007,NA,0.240811,0.290508,0.703466,4.3996,63.00000000000001,4.2,62,4.133333333333334,-0.00498492,-0.0248885,0,999,2,AL,Tyson Neighbors,695695,sa3025569,sa3025569,NA
SFG,Giants,1,1,0,20,0,1,NA,20,86,20,10,9,2,17,7,NA,1,3.98224,1.33873,7.54374,3.11717,2.42006,0.956737,0.193933,0.0801356,0.113797627389431,NA,0.253301,0.298012,0.720055,4.05359,85.4,4.2700000000000005,88,4.4,-0.0050115,-0.0118237,0,999,30,NL,Carson Seymour,693313,30084,30084,NA
SEA,Mariners,4,4,0,54,0,7,NA,54,232,50,26,25,7,52,21,NA,3,4.09773,1.32016,8.61447,3.53764,2.43509,1.12381,0.222511,0.091377,0.13113420456647873,NA,0.24009,0.288633,0.724734,4.16478,243.5,4.5092592592592595,239,4.425925925925926,-0.00517954,-0.0535862,0,999,11,AL,Casey Legumina,668984,25921,25921,NA
DET,Tigers,1,2,0,28,0,1,NA,28,122,27,15,13,3,24,11,NA,1,4.33342,1.38479,7.73184,3.63955,2.12439,1.09,0.197423,0.0929315,0.10449143499135971,NA,0.250801,0.293387,0.712815,4.31888,116.10000000000001,4.146428571428571,117,4.178571428571429,-0.00519676,-0.0430492,0,999,6,AL,Dylan Smith,681916,30145,30145,NA
DET,Tigers,0,0,0,6,0,1,NA,6,26,6,3,3,1,5,3,NA,0,4.51038,1.40038,8.1774,3.75805,2.17597,1.35685,0.208686,0.0959049,0.11278102546930313,NA,0.250742,0.290902,0.725087,4.58066,21.500000000000007,3.5833333333333344,22,3.6666666666666665,-0.00540965,-0.00254738,0,999,6,AL,Matt Seelinger,676910,sa3004483,sa3004483,NA
CIN,Reds,1,1,0,18,0,1,NA,18,79,17,10,9,2,16,8,NA,1,4.58335,1.43878,7.96974,4.22284,1.88729,1.1183,0.201408,0.106718,0.09469018131494522,NA,0.249979,0.294656,0.703018,4.53356,73.40000000000002,4.077777777777779,73,4.055555555555555,-0.00547815,-0.0161652,0,999,18,NL,Lyon Richardson,680689,24581,24581,NA
MIA,Marlins,1,1,0,14,0,1,NA,14,62,14,7,7,2,12,7,NA,1,4.35832,1.44755,7.67005,4.19063,1.83029,0.994653,0.192258,0.105043,0.0872153490781784,NA,0.250893,0.295295,0.713929,4.42448,46.6,3.3285714285714287,48,3.4285714285714284,-0.00563869,0.00283819,0,999,20,NL,Dax Fulton,690978,sa3014535,sa3014535,NA
HOU,Astros,1,1,0,12,0,1,NA,12,52,12,6,6,2,11,5,NA,0,4.27156,1.37307,8.0302,3.50849,2.28879,1.21815,0.205878,0.0899508,0.11592759191989899,NA,0.251222,0.29377,0.72799,4.37023,44.000000000000014,3.666666666666668,45,3.75,-0.0059292600000000004,-0.0051003,0,999,21,AL,J.P. France,641585,21212,21212,NA
WSN,Nationals,1,1,0,12,0,1,NA,12,53,12,7,6,2,10,5,NA,1,4.6128,1.39233,7.20286,3.44999,2.08779,1.21996,0.182716,0.0875163,0.09519956260919571,NA,0.256399,0.291208,0.696494,4.63128,39.000000000000014,3.2500000000000013,40,3.3333333333333335,-0.00616282,-0.0293014,0,999,24,NL,Jake Eder,671109,27590,27590,NA
DET,Tigers,2,3,0,50,0,4,NA,50,217,48,27,25,7,43,21,NA,1,4.55197,1.39173,7.80482,3.85282,2.02574,1.22869,0.200226,0.0988409,0.10138528048992157,NA,0.248526,0.287824,0.702026,4.53655,195.09999999999997,3.9019999999999992,195,3.9,-0.00629956,-0.100015,0,999,6,AL,Beau Brieske,689225,26079,26079,NA
PIT,Pirates,1,1,0,16,0,1,NA,16,69,16,9,8,2,13,5,NA,0,4.42627,1.34388,7.36903,2.85355,2.5824,1.24514,0.190839,0.0738996,0.11693909019231796,NA,0.2604,0.297535,0.705615,4.33777,67.20000000000002,4.200000000000001,69,4.3125,-0.00658815,-0.02484,0,999,27,NL,Chris Devenski,606965,12763,12763,NA
HOU,Astros,1,1,0,13,0,1,NA,13,57,12,7,7,2,12,6,NA,1,4.53572,1.38628,8.10553,4.19108,1.93399,1.18441,0.2062,0.106619,0.0995812937617302,NA,0.240769,0.282657,0.701603,4.67696,47.39999999999999,3.6461538461538456,46,3.5384615384615383,-0.00665971,-0.0209847,0,999,21,AL,Tom Cosgrove,676680,23443,23443,NA
NYM,Mets,1,1,0,14,0,1,NA,14,60,13,7,7,2,13,5,NA,1,4.3336,1.30407,8.43678,3.15986,2.66999,1.28632,0.217793,0.0815708,0.13622236251831055,NA,0.243815,0.286414,0.70904,4.30509,57.20000000000003,4.085714285714288,56,4,-0.00673376,-0.00785629,0,999,25,NL,Joey Gerber,680702,24591,24591,NA
WSN,Nationals,1,1,0,32,0,1,NA,32,142,30,17,15,3,28,17,NA,2,4.26798,1.48029,7.80503,4.76261,1.63881,0.803979,0.195545,0.119321,0.07622405886650085,NA,0.247033,0.297825,0.711511,4.31634,124.9,3.903125,124,3.875,-0.00676768,-0.0270608,0,999,24,NL,Cionel Pérez,672335,19614,19614,NA
BAL,Orioles,0,0,0,8,0,1,NA,8,36,8,4,4,1,7,4,NA,1,4.70797,1.46244,8.33106,4.28081,1.94614,1.24954,0.207099,0.106415,0.10068392753601074,NA,0.25104,0.295836,0.710624,4.70536,29.100000000000005,3.6375000000000006,30,3.75,-0.00681419,-0.00492219,0,999,2,AL,Jackson Kowar,663804,21549,21549,NA
NYM,Mets,2,2,0,34,0,1,NA,34,147,28,17,16,4,40,18,NA,2,4.15672,1.35264,10.4698,4.64834,2.25238,1.1665,0.269169,0.119504,0.14966492354869843,NA,0.223185,0.287969,0.728297,4.21968,153.60000000000002,4.51764705882353,142,4.176470588235294,-0.0068228,-0.019483,0,999,25,NL,Craig Kimbrel,518886,6655,6655,NA
WSN,Nationals,0,0,0,6,0,1,NA,6,26,6,3,3,1,4,2,NA,0,4.62205,1.36347,6.73502,2.76787,2.43329,1.31084,0.172605,0.0709349,0.10167019814252853,NA,0.265345,0.295021,0.696596,4.60014,22.500000000000007,3.7500000000000013,23,3.8333333333333335,-0.00706298,5.11108e-4,0,999,24,NL,Shinnosuke Ogasawara,829272,35324,35324,NA
CHW,White Sox,1,1,0,20,0,1,NA,20,85,21,11,10,3,14,5,NA,0,4.49601,1.30875,6.253,2.13268,2.93199,1.43985,0.163248,0.0556782,0.1075698658823967,NA,0.268046,0.290037,0.707185,4.59771,73.5,3.675,78,3.9,-0.00711096,-0.0361074,0,999,4,AL,Shane Murphy,690294,sa3020389,sa3020389,NA
DET,Tigers,0,0,0,8,0,1,NA,8,35,8,4,4,1,7,3,NA,1,4.52017,1.3677,7.52487,3.48223,2.16094,1.19307,0.190795,0.0882927,0.1025022640824318,NA,0.250472,0.287817,0.698742,4.58554,32.10000000000001,4.012500000000001,33,4.125,-0.00732188,-0.00337342,0,999,6,AL,Andrew Sears,808825,sa3023133,sa3023133,NA
MIN,Twins,2,1,0,33,0,0,NA,33,142,32,17,16,4,30,12,NA,3,4.40161,1.32576,8.13416,3.13715,2.59285,1.21229,0.209836,0.0809285,0.12890726327896118,NA,0.252412,0.297394,0.703709,4.38593,126.80000000000005,3.842424242424244,128,3.878787878787879,-0.00741673,0.0304955,0,999,8,AL,Michael Tonkin,543859,10315,10315,NA
MIN,Twins,1,1,0,16,0,1,NA,16,71,16,9,8,2,14,7,NA,1,4.50956,1.43328,7.81976,4.01475,1.94776,1.07697,0.196653,0.100964,0.09568919241428375,NA,0.2524,0.296825,0.704506,4.47408,60.20000000000001,3.7625000000000006,62,3.875,-0.0075075,-0.0347312,0,999,8,AL,Marco Raya,694397,sa3014550,sa3014550,NA
CHC,Cubs,1,1,0,28,0,1,NA,28,119,27,14,13,4,24,9,NA,1,4.23898,1.27772,7.64335,2.86415,2.66863,1.2365,0.200543,0.0751482,0.1253942996263504,NA,0.247781,0.28489,0.70643,4.31022,109.8,3.9214285714285713,110,3.9285714285714284,-0.00751948,-0.00633577,0,999,17,NL,Trent Thornton,663423,17948,17948,NA
TEX,Rangers,1,1,0,14,0,1,NA,14,62,13,8,7,2,14,8,NA,1,4.52765,1.45094,8.8029,4.87566,1.80548,1.0797,0.220151,0.121935,0.09821588546037674,NA,0.236607,0.287559,0.704296,4.53905,50.20000000000003,3.585714285714288,49,3.5,-0.0075367,-0.0390782,0,999,13,AL,Emiliano Teodo,693713,sa3015158,sa3015158,NA
ARI,Diamondbacks,1,1,0,12,0,1,NA,12,52,12,6,6,1,10,4,NA,1,4.31137,1.37713,7.37719,3.35549,2.19854,1.08606,0.188273,0.0856353,0.10263741761445999,NA,0.255228,0.295078,0.713161,4.32101,54.30000000000001,4.525000000000001,56,4.666666666666667,-0.00764361,0.00175497,0,999,15,NL,Joe Ross,605452,12972,12972,NA
DET,Tigers,0,1,0,11,0,1,NA,11,49,10,6,5,1,11,6,NA,1,4.40656,1.44356,8.69057,4.61931,1.88136,1.09542,0.218608,0.116197,0.10241103172302246,NA,0.241401,0.292286,0.718391,4.47624,48.10000000000001,4.372727272727274,47,4.2727272727272725,-0.00820712,-0.0200825,0,999,6,AL,Konnor Pilkington,663455,21453,21453,NA
STL,Cardinals,1,1,0,18,0,1,NA,18,78,18,9,8,2,15,6,NA,1,4.22136,1.3238,7.61863,3.05508,2.49375,1.1832,0.196309,0.0787204,0.1175888404250145,NA,0.251385,0.290322,0.717341,4.34057,74.80000000000003,4.155555555555557,77,4.277777777777778,-0.00877004,-0.00652396,0,999,28,NL,Brycen Mautz,802408,sa3020710,sa3020710,NA
SEA,Mariners,0,1,0,10,0,1,NA,10,43,10,5,5,1,8,4,NA,1,4.08318,1.36064,6.76996,3.16253,2.14068,0.992989,0.173349,0.0809784,0.09237072616815567,NA,0.256549,0.292675,0.718062,4.28118,40.7,4.07,42,4.2,-0.00974256,-0.0156106,0,999,11,AL,Randy Dobnak,677976,23798,23798,NA
TBR,Rays,2,3,0,52,0,7,NA,52,227,48,26,24,7,53,24,NA,2,4.21939,1.38347,9.11381,4.17155,2.18475,1.23875,0.231879,0.106135,0.12574410438537598,NA,0.237691,0.287605,0.742317,4.38924,229.90000000000003,4.421153846153847,225,4.326923076923077,-0.00974368,-0.0154955,0,999,12,AL,Hunter Bigge,685801,26259,26259,NA
COL,Rockies,0,1,0,10,0,1,NA,10,44,11,6,6,2,7,3,NA,0,5.02352,1.41448,6.55095,2.82938,2.31533,1.61919,0.166868,0.0720711,0.09479735791683197,NA,0.274199,0.296428,0.704712,5.06806,29.799999999999997,2.9799999999999995,33,3.3,-0.00986947,-0.0079496,0,999,19,NL,Valente Bellozo,678368,23899,23899,NA
BOS,Red Sox,1,1,0,26,0,1,NA,26,114,26,14,13,3,22,10,NA,2,4.55774,1.4026,7.47097,3.59188,2.07996,1.19426,0.189541,0.091127,0.09841377288103104,NA,0.256367,0.295037,0.70486,4.59571,99.9,3.8423076923076924,103,3.9615384615384617,-0.00990834,-0.0225591,0,999,3,AL,Seth Martinez,661527,21045,21045,NA
ATH,Athletics,1,1,0,22,0,1,NA,22,96,22,12,11,3,20,9,NA,1,4.60709,1.41361,8.17677,3.59028,2.27747,1.42171,0.207427,0.0910778,0.11634941399097443,NA,0.25679,0.296964,0.721287,4.65736,82.7,3.7590909090909093,85,3.8636363636363638,-0.0100119,-0.0270635,0,999,10,AL,Nick Anderson,623433,18337,18337,NA
LAD,Dodgers,1,1,0,16,0,1,NA,16,72,14,9,8,2,17,10,NA,1,4.53088,1.50746,9.76812,5.74185,1.7012100000000001,1.15333,0.242452,0.142517,0.09993492066860199,NA,0.228852,0.286692,0.728004,4.66215,62.40000000000001,3.900000000000001,59,3.6875,-0.0100561,-0.0301967,0,999,22,NL,Ronan Kopp,691947,sa3017751,sa3017751,NA
KCR,Royals,1,1,0,12,0,1,NA,12,53,11,7,6,2,12,6,NA,1,4.55628,1.43707,8.7627,4.5794,1.9135,1.14661,0.219636,0.114782,0.10485365241765976,NA,0.241017,0.291181,0.710032,4.5888,42.600000000000016,3.550000000000001,41,3.4166666666666665,-0.010098,-0.0282031,0,999,7,AL,Eric Cerantola,672021,sa3017914,sa3017914,NA
BOS,Red Sox,1,1,0,16,0,1,NA,16,70,16,9,8,2,13,6,NA,1,4.6385,1.38098,7.47109,3.23201,2.3116,1.24958,0.190503,0.0824119,0.10809114575386047,NA,0.259723,0.297767,0.691109,4.549,61.20000000000001,3.8250000000000006,63,3.9375,-0.0102296,-0.0253041,0,999,3,AL,Vinny Nittoli,657697,16754,16754,NA
PHI,Phillies,1,1,0,12,0,1,NA,12,53,12,7,6,2,11,5,NA,1,4.58625,1.41788,8.3308,4.04884,2.05758,1.17143,0.20949,0.101814,0.1076764166355133,NA,0.249079,0.296002,0.697397,4.57245,41.000000000000014,3.416666666666668,42,3.5,-0.010287,-0.0259338,0,999,26,NL,Nolan Hoffman,676510,23381,23381,NA
PIT,Pirates,2,2,2,28,0,1,NA,34,149,35,19,18,5,27,12,NA,2,4.73737,1.39205,7.0786,3.2192,2.19886,1.363,0.180762,0.0822069,0.09855498373508453,NA,0.262285,0.293748,0.701325,4.75318,115.10000000000002,3.3852941176470597,121,3.5588235294117645,-0.0106046,-0.0375578,1,999,27,NL,Mike Clevinger,605182,12808,12808,NA
COL,Rockies,2,3,0,40,0,1,NA,40,176,40,23,21,6,38,17,NA,3,4.79454,1.42806,8.46045,3.85846,2.1927,1.31958,0.214239,0.0977057,0.11653372645378113,NA,0.256756,0.303944,0.697883,4.64802,138.2,3.4549999999999996,142,3.55,-0.010637,-0.00459298,0,999,19,NL,Keegan Thompson,624522,19795,19795,-8.04990604443466
ARI,Diamondbacks,1,1,0,20,0,1,NA,20,87,20,11,10,3,17,8,NA,1,4.3958,1.37911,7.81002,3.44951,2.2641,1.16082,0.199999,0.0883352,0.11166411638259888,NA,0.254559,0.297353,0.7076,4.35706,70.1,3.505,72,3.6,-0.0107525,-0.027242100000000002,0,999,15,NL,Grant Holman,680880,30002,30002,NA
TOR,Blue Jays,1,1,0,10,0,1,NA,10,44,10,5,5,2,8,4,NA,0,4.54399,1.4,7.48116,3.55525,2.10425,1.35469,0.189906,0.0902485,0.09965726733207703,NA,0.253929,0.287121,0.719765,4.68774,31.4,3.1399999999999997,32,3.2,-0.01082,-0.00604801,0,999,14,AL,Jake Bloss,814005,33168,33168,NA
CHC,Cubs,1,1,0,22,0,1,NA,22,97,19,11,10,3,22,12,NA,1,4.1589,1.43551,9.13952,4.97533,1.83697,1.02613,0.230804,0.125644,0.10516001284122467,NA,0.232289,0.287845,0.73363,4.38594,85.5,3.8863636363636362,80,3.6363636363636362,-0.0109247,-0.00499329,0,999,17,NL,Riley Martin,702303,sa3017601,sa3017601,NA
DET,Tigers,1,1,0,10,0,1,NA,10,43,9,5,5,1,9,4,NA,0,4.5584,1.38555,8.09421,3.97938,2.03404,1.34648,0.209086,0.102793,0.10629252344369888,NA,0.245501,0.284127,0.712345,4.65722,48.300000000000004,4.83,47,4.7,-0.0109807,-0.00429615,0,999,6,AL,Colin Poche,621363,19403,19403,NA
BOS,Red Sox,0,1,0,8,0,1,NA,8,36,9,5,4,1,6,4,NA,0,4.85895,1.54145,7.08174,4.30888,1.64352,1.19475,0.175162,0.106577,0.06858481466770172,NA,0.265893,0.302216,0.705833,4.77373,27.500000000000007,3.437500000000001,31,3.875,-0.0111723,-0.0273647,0,999,3,AL,Hobie Harris,665048,18615,18615,NA
SDP,Padres,0,1,0,8,0,1,NA,8,35,7,4,4,1,8,4,NA,0,4.43292,1.44267,8.9809,4.79767,1.87193,1.23582,0.225684,0.120562,0.10512197017669678,NA,0.237252,0.286169,0.729078,4.68751,36.7,4.5875,35,4.375,-0.0112058,-0.00436796,0,999,29,NL,Daison Acosta,670897,sa944989,sa944989,NA
WSN,Nationals,3,3,0,57,1,11,NA,57,250,57,31,29,8,49,22,NA,4,4.60092,1.38594,7.67317,3.46601,2.21384,1.27367,0.194602,0.0879026,0.1066993847489357,NA,0.25517,0.29347,0.702891,4.6465,244.2,4.284210526315789,250,4.385964912280702,-0.0112488,-0.0713899,0,999,24,NL,Jackson Rutledge,671131,26215,26215,-6.887097625563329
NYY,Yankees,1,2,0,30,0,1,NA,30,131,30,16,15,4,27,11,NA,2,4.46699,1.36743,8.1371,3.32951,2.44393,1.28973,0.206696,0.0845753,0.12212110310792923,NA,0.252609,0.294413,0.711013,4.46612,113.80000000000001,3.793333333333334,117,3.9,-0.0113913,-0.0521122,0,999,9,AL,Angel Chivilli,683409,26790,26790,NA
ATL,Braves,1,1,0,14,0,1,NA,14,61,12,7,7,2,16,8,NA,0,4.39482,1.40829,10.2286,4.94701,2.06764,1.27775,0.26139,0.12642,0.13497036695480347,NA,0.227987,0.288087,0.727256,4.4533,59.800000000000026,4.271428571428573,56,4,-0.0114072,0.0012435,0,999,16,NL,James Karinchak,675916,20151,20151,NA
SDP,Padres,2,2,0,30,0,1,NA,30,129,30,15,14,4,27,10,NA,2,4.26945,1.31364,8.06406,2.96076,2.72364,1.26983,0.208345,0.076495,0.13185003399848938,NA,0.251437,0.293003,0.719245,4.3306,116.80000000000001,3.8933333333333335,120,4,-0.0115006,-0.0162869,0,999,29,NL,Kyle Hart,606996,19646,19646,NA
MIA,Marlins,1,1,0,28,0,1,NA,28,121,27,15,14,4,26,11,NA,1,4.38726,1.3588,8.35926,3.41946,2.44462,1.31988,0.214338,0.0876775,0.12666019052267075,NA,0.250257,0.293448,0.722896,4.44993,107.80000000000005,3.850000000000002,108,3.857142857142857,-0.0116432,-0.0244483,0,999,20,NL,Michael Petersen,656848,20827,20827,NA
CHW,White Sox,1,2,0,34,0,1,NA,34,151,31,18,17,5,35,19,NA,1,4.50654,1.478,9.2954,5.03191,1.84729,1.20383,0.232209,0.125703,0.10650663077831268,NA,0.238637,0.292522,0.729276,4.59988,123.50000000000003,3.6323529411764715,119,3.5,-0.0117466,-0.0392904,0,999,4,AL,Prelander Berroa,672860,22932,22932,NA
PIT,Pirates,1,1,0,12,0,1,NA,12,53,12,7,6,2,10,5,NA,1,4.53712,1.39522,7.26151,3.44299,2.10907,1.21447,0.183875,0.0871829,0.09669218957424164,NA,0.256427,0.291858,0.705335,4.59211,39.000000000000014,3.2500000000000013,40,3.3333333333333335,-0.0122416,-0.0260765,0,999,27,NL,Wilber Dotel,696062,sa3015163,sa3015163,NA
ATL,Braves,2,3,0,40,0,1,NA,40,176,35,21,19,5,43,22,NA,2,4.30349,1.43419,9.6694,5.03496,1.92045,1.0299,0.244209,0.127162,0.11704689264297485,NA,0.231244,0.293108,0.718704,4.32394,161.5,4.0375,153,3.825,-0.012377,-0.0267443,0,999,16,NL,Daysbel Hernández,678226,20271,20271,-6.711914095041358
TOR,Blue Jays,1,1,0,23,0,1,NA,23,98,22,12,11,4,20,7,NA,1,4.39287,1.27621,7.99327,2.68461,2.97744,1.40126,0.2077,0.0697578,0.13794207572937012,NA,0.248908,0.284999,0.708618,4.42458,83.8,3.643478260869565,83,3.608695652173913,-0.0124332,-0.029490100000000002,0,999,14,AL,Lazaro Estrada,681751,24914,24914,NA
TOR,Blue Jays,1,1,0,16,0,1,NA,16,70,15,8,8,2,14,7,NA,1,4.40239,1.36119,8.0737,3.6801,2.19388,1.2519,0.205469,0.0936557,0.1118137538433075,NA,0.245163,0.285517,0.715544,4.5943,62.80000000000001,3.9250000000000007,62,3.875,-0.0124451,-0.00978877,0,999,14,AL,Adam Macko,671936,sa3011555,sa3011555,NA
SFG,Giants,2,2,0,32,0,0,NA,32,140,34,16,15,4,23,12,NA,2,4.1207,1.41859,6.52431,3.23662,2.01578,0.993281,0.166015,0.0823578,0.08365747332572937,NA,0.267629,0.303887,0.731735,4.34926,103.20000000000002,3.2250000000000005,112,3.5,-0.0126353,0.0841062,0,999,30,NL,Scott Alexander,518397,10591,10591,NA
TEX,Rangers,2,2,0,34,0,1,NA,34,148,33,19,18,5,30,14,NA,2,4.71788,1.37894,7.92074,3.74427,2.11543,1.30949,0.201829,0.0954083,0.10642115026712418,NA,0.247895,0.285932,0.696877,4.69502,120.30000000000003,3.538235294117648,121,3.5588235294117645,-0.0130897,-0.0814111,0,999,13,AL,Luis Curvelo,681168,24710,24710,NA
LAA,Angels,0,0,0,8,0,1,NA,8,36,8,5,4,1,6,4,NA,0,4.91514,1.53863,6.76384,4.5216,1.49589,1.10262,0.167096,0.111703,0.05539276450872421,NA,0.263271,0.298411,0.691498,4.90973,30.100000000000005,3.7625000000000006,31,3.875,-0.0131161,-0.0313465,0,999,1,AL,Walbert Urena,700712,sa3018298,sa3018298,NA
BAL,Orioles,2,2,0,56,0,10,NA,56,243,53,29,27,8,57,25,NA,2,4.35199,1.37587,9.22354,3.94363,2.33884,1.34892,0.23629,0.101029,0.13526146858930588,NA,0.242166,0.292066,0.735043,4.42932,251.2000000000001,4.4857142857142875,249,4.446428571428571,-0.0131489,-0.0634822,0,999,2,AL,Rico Garcia,670329,20023,20023,NA
LAD,Dodgers,0,1,0,10,0,1,NA,10,44,10,6,5,1,8,4,NA,1,4.6777,1.47462,6.78174,3.83052,1.77045,1.24393,0.169445,0.0957075,0.07373789697885513,NA,0.264746,0.29662,0.716904,4.87894,40.7,4.07,42,4.2,-0.0135203,-0.0303314,0,999,22,NL,Ryder Ryan,656924,19891,19891,NA
LAA,Angels,1,2,0,34,0,1,NA,34,150,33,18,17,4,30,16,NA,2,4.46877,1.44424,8.01098,4.15239,1.92924,1.03554,0.201274,0.104328,0.09694594144821167,NA,0.252599,0.300712,0.711176,4.4449,126.60000000000004,3.723529411764707,128,3.764705882352941,-0.0135694,-0.0339407,0,999,1,AL,Tayler Saucedo,642048,17888,17888,NA
NYY,Yankees,1,1,0,26,0,1,NA,26,114,24,14,13,3,25,13,NA,1,4.39053,1.43199,8.50233,4.52651,1.87834,1.12417,0.215742,0.114858,0.10088406503200531,NA,0.242163,0.290635,0.720086,4.49685,105.1,4.042307692307692,103,3.9615384615384617,-0.0138898,-0.0502112,0,999,9,AL,Rafael Montero,606160,12760,12760,NA
MIA,Marlins,1,1,0,12,0,1,NA,12,54,11,6,6,1,11,7,NA,1,4.41131,1.50498,8.17234,4.94462,1.65278,1.03041,0.202099,0.122279,0.0798206776380539,NA,0.246343,0.294445,0.724861,4.64935,49.90000000000001,4.158333333333334,49,4.083333333333333,-0.0140004,0.00241931,0,999,20,NL,Dale Stanavich,689359,sa3019833,sa3019833,NA
CHC,Cubs,0,0,0,8,0,1,NA,8,35,8,4,4,1,7,4,NA,0,4.61958,1.46264,8.0165,4.53233,1.76874,1.16353,0.201439,0.113888,0.08755043894052505,NA,0.247203,0.290169,0.711625,4.66093,32.10000000000001,4.012500000000001,33,4.125,-0.0140359,-0.00185097,0,999,17,NL,Corbin Martin,656686,19884,19884,NA
CIN,Reds,1,1,0,14,0,1,NA,14,62,14,8,8,2,13,6,NA,1,4.92405,1.42547,8.18035,3.93542,2.07865,1.46636,0.206736,0.099457,0.10727924853563309,NA,0.252462,0.290343,0.699898,4.88229,51.60000000000003,3.6857142857142877,53,3.7857142857142856,-0.0155027,-0.0189871,0,999,18,NL,Jose Franco,683742,sa3008714,sa3008714,NA
BAL,Orioles,1,1,0,24,0,1,NA,24,105,22,13,12,3,24,12,NA,1,4.48499,1.42063,9.01234,4.40254,2.04708,1.24258,0.228232,0.111492,0.11674059927463531,NA,0.241887,0.292618,0.721811,4.53735,96.50000000000001,4.020833333333334,94,3.9166666666666665,-0.0156553,-0.0460697,0,999,2,AL,Chayce McDermott,694646,29866,29866,NA
CLE,Guardians,1,1,0,10,0,1,NA,10,44,10,5,5,1,7,4,NA,0,4.55924,1.42827,6.55086,3.41986,1.91554,1.23929,0.164979,0.0861267,0.07885205000638962,NA,0.262558,0.2912,0.714659,4.72746,41.7,4.17,43,4.3,-0.0159836,-0.00619573,0,999,5,AL,Jake Miller,681313,sa3018171,sa3018171,NA
HOU,Astros,1,1,0,18,0,1,NA,18,79,16,9,9,2,19,10,NA,1,4.32975,1.41754,9.48388,4.82546,1.96538,1.23012,0.239525,0.121872,0.11765282601118088,NA,0.231644,0.284841,0.733598,4.58795,76.00000000000003,4.222222222222224,73,4.055555555555555,-0.0160916,-0.00765048,0,999,21,AL,Miguel Ullola,699044,sa3016504,sa3016504,NA
CIN,Reds,1,1,0,16,0,1,NA,16,71,16,10,9,2,14,7,NA,1,4.96433,1.47529,7.71553,4.01062,1.92378,1.31646,0.192186,0.0999002,0.09228532016277313,NA,0.260604,0.299707,0.690781,4.85098,60.20000000000001,3.7625000000000006,62,3.875,-0.0161237,-0.0463962,0,999,18,NL,Yunior Marte,628708,14416,14416,NA
DET,Tigers,1,1,0,16,0,1,NA,16,70,15,9,8,2,16,8,NA,1,4.49593,1.41387,8.91174,4.46885,1.99419,1.27898,0.226566,0.113613,0.11295302212238312,NA,0.239587,0.287492,0.71929,4.62709,63.80000000000001,3.9875000000000007,63,3.9375,-0.0161817,-0.0377141,0,999,6,AL,Tanner Rainey,663432,17610,17610,NA
SEA,Mariners,0,0,0,8,0,1,NA,8,35,8,4,4,1,7,4,NA,1,4.50066,1.39025,7.92529,4.00977,1.9765,1.23364,0.201206,0.101799,0.09940669685602188,NA,0.244743,0.284144,0.708793,4.70541,29.100000000000005,3.6375000000000006,30,3.75,-0.0169796,-0.0125573,0,999,11,AL,Guillo Zuñiga,670871,19588,19588,NA
CIN,Reds,0,1,0,8,0,1,NA,8,36,8,5,5,1,6,4,NA,0,5.29822,1.51916,7.29546,4.32689,1.68607,1.45374,0.180855,0.107264,0.07359116524457932,NA,0.262758,0.294273,0.68398,5.20426,30.100000000000005,3.7625000000000006,31,3.875,-0.0171439,-0.0231835,0,999,18,NL,Kevin Abel,674265,sa3017879,sa3017879,NA
LAA,Angels,2,2,0,32,0,1,NA,32,142,32,17,16,4,27,15,NA,2,4.45143,1.4629,7.67373,4.19377,1.82979,1.01169,0.191963,0.104909,0.08705306053161621,NA,0.254968,0.300349,0.710037,4.48619,111.40000000000002,3.4812500000000006,115,3.59375,-0.0173403,-0.033895,0,999,1,AL,Sam Bachman,696147,29754,29754,NA
LAA,Angels,1,1,0,13,0,1,NA,13,57,12,7,7,2,14,7,NA,1,4.51533,1.44155,9.47644,4.98222,1.90205,1.25117,0.239272,0.125797,0.11347521841526031,NA,0.235703,0.290813,0.72529,4.73627,48.39999999999999,3.7230769230769223,47,3.6153846153846154,-0.017887,-0.0166348,0,999,1,AL,Angel Perdomo,622780,17759,17759,NA
PHI,Phillies,2,2,0,42,0,1,NA,42,182,42,24,22,6,34,16,NA,2,4.65345,1.38249,7.27465,3.46056,2.10216,1.34564,0.186568,0.0887507,0.09781722724437714,NA,0.255674,0.288052,0.701047,4.74948,145.8,3.4714285714285715,150,3.5714285714285716,-0.0180141,-0.0751435,0,999,26,NL,Chase Shugart,663767,21544,21544,-7.9487578327308785
SFG,Giants,0,0,0,8,0,1,NA,8,36,7,4,4,1,8,4,NA,1,4.54308,1.41417,9.18225,4.41103,2.08166,1.21303,0.228921,0.10997,0.1189502701163292,NA,0.24087,0.294364,0.706047,4.70814,33.7,4.2125,32,4,-0.0180853,-0.00490602,0,999,30,NL,Reggie Crawford,686846,sa3020457,sa3020457,NA
SEA,Mariners,1,1,0,16,0,1,NA,16,70,14,8,7,2,16,8,NA,1,4.17986,1.40906,8.97651,4.58915,1.95603,1.019,0.227609,0.116363,0.11124616116285324,NA,0.235825,0.290851,0.725754,4.31996,66.4,4.15,63,3.9375,-0.0180918,-0.0252983,0,999,11,AL,Josh Simpson,681006,25957,25957,NA
SDP,Padres,1,1,0,24,0,1,NA,24,104,23,12,11,3,22,9,NA,1,4.28943,1.34984,8.24066,3.48392,2.36534,1.27189,0.212201,0.0897127,0.12248837947845459,NA,0.24717,0.289425,0.7307,4.40067,98.90000000000002,4.1208333333333345,99,4.125,-0.0180946,-0.0129104,0,999,29,NL,Ty Adcock,686654,25651,25651,NA
CLE,Guardians,2,2,0,38,0,1,NA,38,164,32,19,17,5,43,19,NA,2,4.14468,1.34553,10.264,4.5183,2.27164,1.22606,0.264041,0.116233,0.14780712127685547,NA,0.22419,0.284529,0.732505,4.29548,163.5,4.302631578947368,152,4,-0.0181282,-0.0240552,0,999,5,AL,Andrew Walters,689958,33834,33834,NA
BAL,Orioles,0,0,0,6,0,1,NA,6,27,6,4,3,1,5,4,NA,0,4.93437,1.57092,8.2281,5.3595,1.53524,1.305,0.200945,0.130889,0.07005642354488373,NA,0.251212,0.294097,0.720317,5.19212,18.500000000000007,3.0833333333333344,19,3.1666666666666665,-0.0181514,-0.034729,0,999,2,AL,Eric Torres,701539,sa3017262,sa3017262,NA
CHC,Cubs,1,1,0,15,0,1,NA,15,66,14,8,7,2,14,7,NA,1,4.49341,1.39966,8.63631,4.36866,1.97688,1.11691,0.218139,0.110345,0.10779371112585068,NA,0.238112,0.286713,0.700437,4.50749,58.00000000000001,3.866666666666667,57,3.8,-0.0188836,-0.0188623,0,999,17,NL,Gavin Hollowell,668970,25427,25427,NA
LAA,Angels,2,3,0,60,0,12,NA,60,259,63,32,30,8,47,19,NA,2,4.50172,1.36287,6.98745,2.83042,2.4687,1.25477,0.179959,0.0728964,0.10706300288438797,NA,0.264598,0.298377,0.707867,4.451,260.8,4.346666666666667,275,4.583333333333333,-0.019009,-0.057861,0,999,1,AL,Brent Suter,608718,13942,13942,NA
SEA,Mariners,0,1,0,9,0,1,NA,9,39,9,5,4,1,6,3,NA,1,4.40213,1.35594,6.4749,3.01289,2.14907,1.14629,0.164659,0.0766187,0.08804009854793549,NA,0.258737,0.288329,0.699339,4.61938,34.90000000000001,3.877777777777779,36,4,-0.0194445,-0.030414,0,999,11,AL,Blas Castaño,680604,26117,26117,NA
NA,NA,2,2,0,36,0,0,NA,36,161,36,19,17,4,32,18,NA,2,4.34984,1.47569,8.04477,4.3826599999999996,1.83559,1.04892,0.200061,0.10899,0.09107111394405365,NA,0.251603,0.298764,0.730248,4.47722,127.60000000000005,3.544444444444446,132,3.6666666666666665,-0.0195805,-0.0178446,0,999,-1,NA,Kendall Graveman,608665,15514,15514,NA
CLE,Guardians,1,1,0,23,0,0,NA,23,101,21,12,11,4,25,12,NA,0,4.27259,1.43951,9.92343,4.68606,2.11765,1.37825,0.25,0.118056,0.1319444477558136,NA,0.237154,0.292398,0.75,4.5287,80.4,3.4956521739130437,77,3.347826086956522,-0.0198187,-0.0285132,0,999,5,AL,Daniel Espino,682982,sa3011495,sa3011495,NA
PHI,Phillies,2,2,0,38,0,1,NA,38,163,39,21,19,5,30,12,NA,1,4.53931,1.34507,7.07666,2.90006,2.44017,1.29436,0.183101,0.0750362,0.1080651730298996,NA,0.2592,0.29145,0.703062,4.47665,143.29999999999998,3.771052631578947,150,3.9473684210526314,-0.0199465,-0.0468923,0,999,26,NL,Max Lazar,676661,23426,23426,-6.904100894617404
CIN,Reds,3,4,0,56,0,7,NA,56,246,50,31,29,8,60,28,NA,4,4.62975,1.39482,9.56583,4.46678,2.14155,1.28497,0.242135,0.113065,0.12906954437494278,NA,0.234728,0.288202,0.706571,4.55049,238.0000000000001,4.250000000000002,228,4.071428571428571,-0.0201893,-0.0471482,0,999,18,NL,Connor Phillips,683175,27649,27649,-6.770369344331361
ARI,Diamondbacks,2,2,0,34,0,1,NA,34,148,34,17,16,4,30,13,NA,1,4.11818,1.36779,7.98499,3.38293,2.36038,1.11265,0.204327,0.0865656,0.11776186525821686,NA,0.252658,0.297861,0.730062,4.21659,136.00000000000003,4.000000000000001,140,4.117647058823529,-0.0207121,0.00492001,0,999,15,NL,Andrew Hoffmann,694851,29633,29633,NA
ARI,Diamondbacks,2,1,0,30,0,1,NA,30,135,29,15,14,3,27,16,NA,1,4.23825,1.51412,8.20257,4.80974,1.70541,0.926687,0.202777,0.118903,0.0838748961687088,NA,0.250118,0.302053,0.730971,4.38375,116.69999999999999,3.8899999999999997,118,3.933333333333333,-0.0217653,0.00428484,0,999,15,NL,Juan Morillo,666661,21924,21924,NA
BAL,Orioles,1,2,0,28,0,1,NA,28,122,28,15,14,4,25,11,NA,1,4.47341,1.4006,7.90968,3.47288,2.27756,1.32698,0.2012,0.0883403,0.11285970360040665,NA,0.256548,0.296102,0.726212,4.53252,103.20000000000006,3.6857142857142877,106,3.7857142857142856,-0.0220095,-0.0485729,0,999,2,AL,Cameron Foster,671382,sa3020735,sa3020735,NA
ATH,Athletics,1,2,0,30,0,1,NA,30,128,31,17,16,5,22,8,NA,2,4.85381,1.2941,6.74069,2.33283,2.88949,1.553,0.174934,0.0605414,0.1143922321498394,NA,0.261592,0.284167,0.679422,4.85629,97.9,3.2633333333333336,103,3.433333333333333,-0.022172999999999998,-0.0564337,0,999,10,AL,Joey Estes,683155,26257,26257,NA
PHI,Phillies,1,1,0,18,0,1,NA,18,78,17,10,9,3,16,8,NA,1,4.67629,1.40323,8.24762,3.96104,2.08218,1.42188,0.211137,0.101402,0.10973551869392395,NA,0.250164,0.290078,0.716433,4.82722,61.10000000000001,3.394444444444445,60,3.3333333333333335,-0.0224653,-0.0239899,0,999,26,NL,Génesis Cabrera,650893,17490,17490,NA
MIA,Marlins,1,1,0,16,0,1,NA,16,70,16,9,8,2,15,7,NA,0,4.65451,1.41502,8.56289,4.00288,2.13918,1.37633,0.217743,0.101788,0.11595477163791656,NA,0.248962,0.292652,0.7185,4.63733,65.20000000000002,4.075000000000001,67,4.1875,-0.0234348,-0.0267859,0,999,20,NL,Garrett Acton,670183,27583,27583,NA
CHC,Cubs,1,1,0,18,0,1,NA,18,79,16,10,9,3,18,9,NA,1,4.46602,1.39455,9.00725,4.34379,2.0736,1.28425,0.227955,0.109932,0.11802300065755844,NA,0.237077,0.284582,0.717178,4.62022,64.70000000000002,3.5944444444444454,61,3.388888888888889,-0.0234834,-0.0350037,0,999,17,NL,Jack Neely,680891,30106,30106,NA
BAL,Orioles,1,1,0,25,0,1,NA,25,109,27,14,13,4,21,8,NA,1,4.52102,1.38756,7.5349,2.92313,2.57768,1.35921,0.192294,0.0745996,0.1176944449543953,NA,0.265594,0.30258,0.718638,4.48106,84.60000000000001,3.3840000000000003,92,3.68,-0.0237103,-0.0622112,0,999,2,AL,Albert Suárez,544150,6175,6175,NA
SFG,Giants,1,1,0,14,0,1,NA,14,62,14,7,7,2,12,7,NA,1,4.29035,1.44941,7.77182,4.24247,1.83191,1.073,0.195591,0.106769,0.08882220089435577,NA,0.250941,0.294648,0.728212,4.51069,46.6,3.3285714285714287,48,3.4285714285714284,-0.0239572,-0.0105697,0,999,30,NL,Juan Sanchez,678738,sa3005444,sa3005444,NA
SFG,Giants,2,2,0,40,0,1,NA,40,174,42,20,18,4,29,13,NA,2,4.04434,1.38033,6.46569,2.92645,2.2094,0.90869,0.165289,0.0748116,0.09047718346118927,NA,0.265501,0.302453,0.719646,4.12723,154.60000000000002,3.8650000000000007,165,4.125,-0.0240992,-0.0257407,0,999,30,NL,Reiver Sanmartin,665665,19754,19754,-6.477413427702811
CHW,White Sox,1,1,0,13,0,1,NA,13,58,13,8,7,2,11,6,NA,1,5.16447,1.47481,7.32435,4.1763,1.75379,1.3718,0.182516,0.104069,0.07844643294811249,NA,0.257166,0.289573,0.684726,5.07429,42.8,3.292307692307692,44,3.3846153846153846,-0.0248934,-0.0493501,0,999,4,AL,Tyson Miller,668338,19976,19976,NA
WSN,Nationals,1,2,0,24,0,1,NA,24,104,23,13,12,4,24,11,NA,1,4.56412,1.38645,8.90227,4.00248,2.22419,1.4328,0.227666,0.102359,0.12530671805143356,NA,0.243664,0.288062,0.718167,4.666,84.60000000000004,3.5250000000000017,84,3.5,-0.0253139,-0.0278532,0,999,24,NL,Drew Smith,622098,17755,17755,NA
SEA,Mariners,1,1,0,18,0,1,NA,18,78,17,9,9,2,16,8,NA,1,4.30551,1.35973,8.11757,3.92189,2.06981,1.13213,0.206996,0.100007,0.10698878020048141,NA,0.240355,0.283399,0.715003,4.50601,73.40000000000002,4.077777777777779,73,4.055555555555555,-0.0257384,-0.0283928,0,999,11,AL,Domingo Gonzalez,682445,sa3007495,sa3007495,NA
SEA,Mariners,1,1,0,22,0,1,NA,22,97,21,11,10,3,20,10,NA,1,4.2238,1.42725,7.98903,4.15438,1.92304,1.09617,0.202311,0.105204,0.09710703790187836,NA,0.24826,0.292983,0.732244,4.43706,82.30000000000001,3.7409090909090916,82,3.727272727272727,-0.0262125,-0.0347969,0,999,11,AL,Alex Hoppe,695380,sa3020836,sa3020836,NA
STL,Cardinals,3,3,0,54,0,10,NA,54,235,53,27,24,6,47,21,NA,5,4.07614,1.35476,7.78214,3.44059,2.26186,1.00454,0.198687,0.0878423,0.11084488034248352,NA,0.250613,0.296431,0.719423,4.27164,244,4.518518518518518,248,4.592592592592593,-0.0262569,0.0403513,0,999,28,NL,Justin Bruihl,677865,23779,23779,-4.9872556920892235
MIA,Marlins,1,1,0,22,0,1,NA,22,98,21,12,11,3,19,10,NA,3,4.58948,1.42966,7.94411,4.21294,1.88564,1.06424,0.197496,0.104737,0.0927593931555748,NA,0.24745,0.292315,0.697726,4.65748,74.30000000000001,3.377272727272728,74,3.3636363636363638,-0.0262932,-0.0256299,0,999,20,NL,Josh Ekness,694795,sa3023204,sa3023204,NA
KCR,Royals,1,1,0,28,0,1,NA,28,120,28,15,14,4,24,10,NA,1,4.57063,1.33931,7.66042,3.21184,2.38506,1.33814,0.199,0.083436,0.11556380242109299,NA,0.252442,0.288307,0.700279,4.52197,104.2,3.7214285714285715,107,3.8214285714285716,-0.026539,-0.0258082,0,999,7,AL,Eli Morgan,669212,20203,20203,NA
TEX,Rangers,3,4,0,58,2,11,NA,58,253,49,33,31,7,57,31,NA,6,4.79265,1.38197,8.87426,4.85881,1.82643,1.1085,0.225674,0.12356,0.10211369395256042,NA,0.226214,0.275096,0.672157,4.70427,272.70000000000005,4.701724137931035,256,4.413793103448276,-0.0266319,-0.30103,0,704,13,AL,Alexis Díaz,664747,21132,21132,NA
TEX,Rangers,2,3,0,52,0,7,NA,52,228,50,29,27,6,45,24,NA,2,4.62584,1.4281,7.75813,4.21064,1.84251,1.12049,0.196406,0.106598,0.08980896323919296,NA,0.247051,0.288156,0.692769,4.53574,221,4.25,222,4.269230769230769,-0.0268739,-0.122418,0,999,13,AL,Carter Baumler,691945,sa3014480,sa3014480,NA
NYY,Yankees,1,1,0,10,0,1,NA,10,46,9,6,6,1,10,7,NA,1,4.96102,1.58156,8.81114,6.30361,1.39779,1.10891,0.213558,0.152782,0.06077580153942108,NA,0.233081,0.283,0.697784,5.19035,38.300000000000004,3.8300000000000005,37,3.7,-0.0269428,-0.0381405,0,999,9,AL,Dylan Coleman,669395,22276,22276,NA
NA,NA,2,3,0,48,0,0,NA,48,209,45,26,24,6,43,24,NA,2,4.42646,1.43011,8.04024,4.41702,1.82028,1.07701,0.205242,0.112753,0.09248939901590347,NA,0.245862,0.291952,0.711066,4.50062,172.40000000000003,3.5916666666666672,170,3.5416666666666665,-0.0273164,-0.0984591,0,999,-1,NA,Tommy Kahnle,592454,11384,11384,NA
LAA,Angels,1,1,0,22,0,1,NA,22,96,20,12,12,3,22,11,NA,1,4.73405,1.41882,8.94641,4.48965,1.99268,1.3812,0.228643,0.114742,0.11390118300914764,NA,0.240874,0.286888,0.709556,4.72699,85.9,3.9045454545454548,83,3.772727272727273,-0.0274583,-0.032932,0,999,1,AL,Kaleb Ort,672391,20061,20061,NA
ATH,Athletics,3,3,0,52,1,6,NA,52,233,47,28,26,6,51,31,NA,4,4.53114,1.50682,8.86809,5.3538,1.65641,1.07954,0.219768,0.132677,0.0870906412601471,NA,0.239126,0.292424,0.720128,4.73337,214.8,4.130769230769231,208,4,-0.028036,-0.0522516,0,999,10,AL,Eduarniel Núñez,674384,23162,23162,NA
NA,NA,1,1,0,24,0,0,NA,24,106,24,14,13,4,21,10,NA,1,4.80619,1.43443,8.04215,3.78468,2.12492,1.36734,0.20306,0.0955614,0.10749882459640503,NA,0.256629,0.296685,0.704814,4.67204,75.00000000000003,3.1250000000000013,77,3.2083333333333335,-0.0285646,-0.160597,0,999,-1,NA,Scott McGough,543518,12056,12056,NA
CIN,Reds,2,2,0,40,0,1,NA,40,176,37,22,21,6,41,22,NA,1,4.65956,1.45659,9.26534,4.89089,1.89441,1.29592,0.233486,0.12325,0.11023595184087753,NA,0.237895,0.288615,0.719599,4.66004,143,3.575,139,3.475,-0.0285883,-0.0295271,0,999,18,NL,Zach Maxwell,687209,31610,31610,-8.455285179897684
PIT,Pirates,1,1,0,14,0,1,NA,14,63,14,8,7,2,12,7,NA,1,4.70886,1.49292,7.40948,4.38206,1.69087,1.17267,0.182673,0.108035,0.0746377483010292,NA,0.255819,0.293968,0.705872,4.90529,46.6,3.3285714285714287,48,3.4285714285714284,-0.0291391,-0.0254538,0,999,27,NL,Jaden Woods,692243,sa3023064,sa3023064,NA
COL,Rockies,1,2,0,26,0,1,NA,26,116,26,16,15,4,25,12,NA,2,5.12276,1.48372,8.56071,4.27395,2.003,1.47458,0.212634,0.106158,0.1064760833978653,NA,0.257066,0.300774,0.696021,5.00953,87.6,3.369230769230769,90,3.4615384615384617,-0.0295222,-0.0311759,0,999,19,NL,Carson Palmquist,687223,31612,31612,NA
LAA,Angels,1,1,0,14,0,1,NA,14,62,14,8,8,2,11,6,NA,1,5.0187,1.47119,7.04845,4.09406,1.72163,1.36482,0.177868,0.103314,0.07455401122570038,NA,0.260404,0.291329,0.693318,5.04114,47.6,3.4,49,3.5,-0.0297304,-0.0320425,0,999,1,AL,Hunter Strickland,519326,7836,7836,NA
STL,Cardinals,1,1,0,24,0,1,NA,24,104,25,13,12,3,18,9,NA,1,4.37198,1.39102,6.607,3.21317,2.05622,1.14345,0.168776,0.0820808,0.08669568598270416,NA,0.261235,0.292852,0.711564,4.49304,85.70000000000002,3.570833333333334,91,3.7916666666666665,-0.0297436,-0.0397991,0,999,28,NL,Scott Blewett,656240,16427,16427,NA
ARI,Diamondbacks,1,1,0,23,0,1,NA,23,102,21,12,11,3,22,12,NA,1,4.304,1.45424,8.76885,4.68704,1.87087,1.06531,0.220003,0.117594,0.10240931063890457,NA,0.241562,0.294089,0.729295,4.41838,87.70000000000002,3.8130434782608704,85,3.6956521739130435,-0.0302877,-0.0117561,0,999,15,NL,Yilber Díaz,700270,29271,29271,NA
LAA,Angels,1,2,0,26,0,1,NA,26,116,27,15,14,4,20,10,NA,3,4.83571,1.43458,6.91238,3.56518,1.93886,1.27792,0.172837,0.0891436,0.08369331061840057,NA,0.26289,0.294879,0.690951,4.92577,77.99999999999999,2.9999999999999996,83,3.1923076923076925,-0.0305345,-0.0638984,0,999,1,AL,Victor Mederos,682989,31533,31533,NA
SEA,Mariners,2,2,0,28,0,1,NA,28,121,28,14,13,3,22,10,NA,1,4.25139,1.35595,7.00269,3.22483,2.17149,1.04029,0.179712,0.0827596,0.09695214778184891,NA,0.254535,0.291512,0.708197,4.31208,112.50000000000001,4.017857142857143,116,4.142857142857143,-0.0307463,-0.0441339,0,999,11,AL,Cole Wilcox,677961,27481,27481,NA
TEX,Rangers,2,2,0,32,0,1,NA,32,142,30,18,17,4,31,17,NA,1,4.74984,1.46547,8.68657,4.67799,1.8569,1.17862,0.216807,0.116757,0.10004982352256775,NA,0.242638,0.29083,0.705917,4.56987,121.60000000000002,3.8000000000000007,120,3.75,-0.0309633,-0.0801368,0,999,13,AL,Marc Church,687847,26353,26353,NA
STL,Cardinals,3,3,0,52,0,7,NA,52,224,51,26,24,7,45,19,NA,2,4.22012,1.34702,7.73097,3.36912,2.29466,1.18583,0.19974,0.0870456,0.11269407719373703,NA,0.250227,0.29033,0.723932,4.37024,221.10000000000005,4.251923076923078,224,4.3076923076923075,-0.0313064,-0.0194618,0,999,28,NL,Matt Pushard,690155,sa3019955,sa3019955,-5.08711825360466
PHI,Phillies,1,1,0,20,0,1,NA,20,88,20,11,11,3,18,9,NA,1,4.80647,1.46185,7.96443,4.1277,1.92951,1.36919,0.20012,0.103715,0.09640415757894516,NA,0.254751,0.293381,0.71087,4.79504,69.1,3.4549999999999996,71,3.55,-0.0319228,-0.0233373,0,999,26,NL,Seth Johnson,686751,26020,26020,NA
SEA,Mariners,1,1,0,25,0,1,NA,25,109,25,13,12,3,21,10,NA,1,4.38321,1.39444,7.57915,3.682,2.05843,1.1445,0.193002,0.0937619,0.09924052655696869,NA,0.2515,0.291049,0.715334,4.44053,96.1,3.844,99,3.96,-0.0330536,-0.0560032,0,999,11,AL,Ryan Loutos,702795,29521,29521,NA
SEA,Mariners,2,2,0,40,0,1,NA,40,176,36,20,19,4,38,20,NA,3,4.20096,1.40054,8.54867,4.54697,1.88008,0.964287,0.216386,0.115094,0.10129191726446152,NA,0.234273,0.285086,0.715466,4.33211,164.20000000000002,4.105,159,3.975,-0.0335617,-0.0639759,0,999,11,AL,Robinson Ortiz,673662,sa3004006,sa3004006,NA
CIN,Reds,1,1,0,24,0,1,NA,24,108,25,15,14,3,19,11,NA,2,5.1388,1.50521,7.25484,4.16373,1.74239,1.28852,0.17888,0.102664,0.07621648162603378,NA,0.262634,0.297774,0.682217,4.99404,78.70000000000002,3.2791666666666672,84,3.5,-0.0353057,-0.0696434,0,999,18,NL,Tejay Antone,622088,16233,16233,NA
MIN,Twins,1,1,0,26,0,1,NA,26,115,26,15,14,3,22,13,NA,2,4.7079,1.47798,7.52372,4.41257,1.70507,1.15856,0.188941,0.110812,0.0781293511390686,NA,0.255667,0.296348,0.703173,4.82061,90.9,3.496153846153846,94,3.6153846153846154,-0.0359611,-0.0678402,0,999,8,AL,Dan Altavilla,656186,16507,16507,NA
ATL,Braves,1,1,0,24,0,1,NA,24,107,24,13,12,3,21,12,NA,1,4.49647,1.47714,7.97576,4.41537,1.80636,1.0625,0.198466,0.10987,0.08859533071517944,NA,0.252057,0.298478,0.715911,4.55121,85.30000000000001,3.554166666666667,88,3.6666666666666665,-0.0359627,-0.0281658,0,999,16,NL,Rolddy Muñoz,691548,27407,27407,NA
PIT,Pirates,1,2,0,34,0,1,NA,34,154,32,19,18,4,32,21,NA,2,4.75017,1.54728,8.46425,5.43718,1.55674,1.0555,0.206994,0.132966,0.07402721047401428,NA,0.243937,0.294049,0.709884,4.81011,118.20000000000003,3.476470588235295,117,3.4411764705882355,-0.0365777,-0.0489575,0,999,27,NL,Cam Sanders,676742,23479,23479,NA
SDP,Padres,1,2,0,35,0,1,NA,35,153,34,20,18,5,30,15,NA,3,4.70194,1.38583,7.8072,3.82485,2.04118,1.31658,0.19827,0.0971351,0.10113489627838135,NA,0.24775,0.28436,0.701157,4.79265,119.1,3.4028571428571426,120,3.4285714285714284,-0.0373158,-0.0973799,0,999,29,NL,Alek Jacob,689690,29628,29628,NA
LAD,Dodgers,2,2,0,33,0,1,NA,33,144,29,19,17,5,35,17,NA,2,4.6611,1.39894,9.50236,4.5713800000000004,2.07866,1.38581,0.241563,0.116211,0.12535236775875092,NA,0.234171,0.284003,0.708236,4.72272,124.30000000000004,3.766666666666668,117,3.5454545454545454,-0.0379292,-0.0752959,0,999,22,NL,Paul Gervase,801434,31571,31571,NA
PIT,Pirates,2,3,0,40,0,1,NA,40,177,38,21,20,5,37,20,NA,2,4.48529,1.44751,8.38277,4.48972,1.8671,1.167,0.210957,0.112986,0.09797066450119019,NA,0.244855,0.291116,0.719168,4.58055,147.7,3.6925,147,3.675,-0.0390028,-0.0172522,0,999,27,NL,Brandan Bidois,684049,sa3015277,sa3015277,-7.8946642459217955
PIT,Pirates,1,1,0,24,0,1,NA,24,109,23,13,12,3,23,15,NA,2,4.5957,1.55573,8.56614,5.43904,1.57494,1.05061,0.209583,0.133074,0.07650892436504364,NA,0.246026,0.298251,0.722693,4.77211,79.90000000000002,3.3291666666666675,80,3.3333333333333335,-0.0390779,-0.022343,0,999,27,NL,Ryan Harbin,689877,sa3011733,sa3011733,NA
TEX,Rangers,1,1,0,18,0,1,NA,18,82,17,11,10,2,17,10,NA,2,5.07765,1.50528,8.70182,5.19229,1.67591,1.24458,0.212891,0.12703,0.08586108684539795,NA,0.240167,0.286226,0.684129,5.02762,66.40000000000002,3.68888888888889,66,3.6666666666666665,-0.039081,-0.072304,0,999,13,AL,Gavin Collyer,686560,sa3011742,sa3011742,NA
PHI,Phillies,3,3,0,52,0,7,NA,52,228,54,29,27,7,40,19,NA,3,4.65144,1.40723,6.98404,3.23558,2.15851,1.18498,0.176992,0.0819971,0.09499473124742508,NA,0.264177,0.29953,0.690534,4.55,200.30000000000004,3.851923076923078,211,4.0576923076923075,-0.0396831,-0.0716917,0,999,26,NL,Zach Pop,647315,20185,20185,-7.826600724270055
NA,NA,1,1,0,24,0,0,NA,24,106,26,12,12,3,16,8,NA,1,4.34591,1.42783,6.02635,3.07637,1.95891,1.00462,0.151905,0.0775456,0.07435962557792664,NA,0.27068,0.301579,0.714221,4.43446,78.10000000000002,3.2541666666666678,86,3.5833333333333335,-0.0397776,0.0630566,0,999,-1,NA,T.J. McFarland,519008,3237,3237,NA
CIN,Reds,2,3,0,34,0,1,NA,34,155,32,20,19,4,32,21,NA,2,4.96151,1.5637,8.4976,5.52803,1.53718,1.16634,0.2076,0.135052,0.07254792749881744,NA,0.24584,0.294033,0.696918,4.98921,118.20000000000003,3.476470588235295,117,3.4411764705882355,-0.0400849,-0.0627132,0,999,18,NL,Luis Mey,682825,25620,25620,NA
HOU,Astros,1,1,0,30,0,1,NA,30,132,30,17,15,4,25,12,NA,2,4.59847,1.3989,7.57382,3.69702,2.04862,1.2482,0.191644,0.0935478,0.09809649735689163,NA,0.253399,0.290978,0.703011,4.73001,106.80000000000001,3.5600000000000005,110,3.6666666666666665,-0.0432837,-0.074541,0,999,21,AL,Jayden Murray,681151,26482,26482,NA
CHW,White Sox,0,1,0,10,0,1,NA,10,46,9,7,6,2,10,7,NA,1,5.72139,1.58618,8.55773,5.95341,1.43745,1.45618,0.206834,0.14389,0.06294439733028412,NA,0.243255,0.283744,0.669194,5.72447,26,2.6,24,2.4,-0.0434465,-0.0634176,0,999,4,AL,Lucas Sims,608371,13470,13470,NA
MIA,Marlins,1,1,0,18,0,1,NA,18,80,20,11,10,3,12,7,NA,1,5.00398,1.4689,6.21426,3.43697,1.80806,1.35886,0.156228,0.0864064,0.0698218122124672,NA,0.271284,0.2957,0.692772,4.95517,48.30000000000001,2.683333333333334,55,3.0555555555555554,-0.0456189,-0.0561385,0,999,20,NL,Bradley Blalock,687134,26419,26419,NA
LAA,Angels,1,2,0,24,0,1,NA,24,108,22,14,13,4,24,14,NA,2,4.9079,1.50897,9.15097,5.18324,1.76549,1.36086,0.226536,0.128313,0.09822259843349457,NA,0.242827,0.292336,0.708389,5.00497,75.20000000000003,3.1333333333333346,72,3,-0.0465677,-0.0635073,0,999,1,AL,Samy Natera Jr.,696519,sa3020862,sa3020862,NA
STL,Cardinals,2,2,0,32,0,1,NA,32,141,32,17,16,4,27,14,NA,2,4.51607,1.42805,7.61709,3.95635,1.92528,1.18115,0.191942,0.0996954,0.09224635362625122,NA,0.252432,0.291755,0.710873,4.62946,114.40000000000002,3.5750000000000006,118,3.6875,-0.0478315,-0.0429027,0,999,28,NL,Austin Love,676153,sa3017609,sa3017609,NA
ARI,Diamondbacks,2,1,0,27,0,1,NA,27,120,27,15,14,3,22,12,NA,2,4.58742,1.46316,7.19811,4.01894,1.79104,1.15953,0.180339,0.100689,0.07964952290058136,NA,0.259334,0.29677,0.710676,4.75497,98.7,3.6555555555555554,102,3.7777777777777777,-0.0479973,-0.0412963,0,999,15,NL,Juan Burgos,686228,27271,27271,NA
CHC,Cubs,1,1,0,30,0,1,NA,30,131,31,16,15,4,23,11,NA,1,4.48093,1.40587,6.81925,3.43965,1.98254,1.22273,0.174129,0.0878314,0.08629763871431351,NA,0.259602,0.291115,0.710508,4.61001,106.20000000000002,3.5400000000000005,112,3.7333333333333334,-0.0484072,-0.0377862,0,999,17,NL,Ryan Rolison,669020,22200,22200,NA
WSN,Nationals,1,2,0,38,0,1,NA,38,170,37,22,20,5,35,20,NA,2,4.80406,1.49608,8.23762,4.69433,1.7548,1.28683,0.204428,0.116497,0.08793164789676666,NA,0.249366,0.291798,0.707869,4.87166,131.5,3.460526315789474,133,3.5,-0.0492282,-0.0866797,0,999,24,NL,Orlando Ribalta,687377,26247,26247,-9.841523246900861
LAA,Angels,2,2,0,28,0,1,NA,28,127,25,16,15,4,30,18,NA,2,4.66908,1.53493,9.54156,5.79154,1.6475,1.20214,0.234518,0.142348,0.09217005968093872,NA,0.233483,0.288795,0.723286,4.85937,97.00000000000006,3.464285714285716,92,3.2857142857142856,-0.0499015,-0.0638035,0,999,1,AL,Jayvien Sandridge,682144,25158,25158,NA
MIA,Marlins,1,2,0,24,0,1,NA,24,108,23,14,13,3,22,13,NA,2,4.78833,1.48765,8.36514,4.86576,1.71918,1.19293,0.207149,0.120493,0.08665649592876434,NA,0.246218,0.292528,0.698936,4.92142,83.90000000000002,3.495833333333334,84,3.5,-0.0500822,-0.0551057,0,999,20,NL,William Kempner,687531,sa3020527,sa3020527,NA
DET,Tigers,2,3,0,42,0,1,NA,42,185,40,22,21,5,38,20,NA,2,4.40432,1.44562,8.0814800000000009,4.33627,1.8637,1.15372,0.204179,0.109556,0.09462311863899231,NA,0.248488,0.292936,0.725644,4.56312,159.3,3.792857142857143,159,3.7857142857142856,-0.0507753,-0.0499035,0,999,6,AL,Bailey Horn,690544,27753,27753,NA
TBR,Rays,2,2,0,46,0,4,NA,46,197,41,26,24,8,45,20,NA,2,4.68853,1.34493,8.74552,4.00536,2.18346,1.49685,0.227032,0.103978,0.12305384129285812,NA,0.237845,0.277293,0.710538,4.84354,175.4,3.8130434782608695,166,3.608695652173913,-0.0508124,-0.138538,0,999,12,AL,Steven Wilson,621051,20353,20353,NA
SFG,Giants,3,4,0,70,1,14,NA,70,305,73,36,33,8,52,23,NA,4,4.22735,1.36097,6.73717,2.90019,2.32301,1.01819,0.17202,0.0740505,0.09796960651874542,NA,0.261618,0.297745,0.706339,4.25254,313.8,4.482857142857143,330,4.714285714285714,-0.0554906,-0.0634766,0,999,30,NL,Spencer Bivens,702352,30226,30226,-6.24989432209483
TBR,Rays,1,1,0,22,0,1,NA,22,98,20,13,12,3,20,12,NA,1,4.85102,1.48983,7.9976,5.04393,1.58559,1.2835,0.199594,0.12588,0.07371397316455841,NA,0.242848,0.281413,0.707513,5.08711,78.9,3.5863636363636364,76,3.4545454545454546,-0.0560753,-0.0674431,0,999,12,AL,Luis Guerrero,692285,31184,31184,NA
CHW,White Sox,1,2,0,24,0,1,NA,24,110,24,15,14,3,19,14,NA,2,5.25248,1.58102,7.22914,5.13868,1.40681,1.151,0.175257,0.124578,0.050679340958595276,NA,0.258393,0.296242,0.678168,5.21385,72.30000000000001,3.0125000000000006,75,3.125,-0.0565311,-0.0977469,0,999,4,AL,Alexander Alberto,693739,sa3015986,sa3015986,NA
ARI,Diamondbacks,3,3,0,52,0,7,NA,52,231,51,26,24,5,45,23,NA,5,4.16878,1.41455,7.7979,3.94537,1.97647,0.939999,0.19525699999999999,0.0987912,0.09646622836589813,NA,0.250547,0.297997,0.717004,4.38368,224.70000000000002,4.321153846153846,229,4.403846153846154,-0.0623155,0.0073943,0,999,15,NL,Brandyn Garcia,805299,33568,33568,-6.271154054673437
SEA,Mariners,3,3,0,56,0,10,NA,56,242,55,28,25,6,44,20,NA,3,4.04538,1.3449,7.07547,3.28008,2.1571,0.953952,0.182174,0.0844531,0.09772074967622757,NA,0.251604,0.291036,0.712384,4.19683,256.6,4.582142857142857,261,4.660714285714286,-0.0630781,-0.116648,0,999,11,AL,Carlos Vargas,672841,22915,22915,NA
CLE,Guardians,2,2,0,48,0,4,NA,48,209,44,25,23,7,47,21,NA,3,4.40386,1.3633,8.74082,3.92915,2.22461,1.27231,0.222866,0.100182,0.12268365174531937,NA,0.24034,0.286279,0.714525,4.53612,192.70000000000002,4.014583333333333,187,3.8958333333333335,-0.0644372,-0.0638898,0,999,5,AL,Peyton Pallette,688883,sa3020742,sa3020742,NA
BOS,Red Sox,2,2,0,42,0,1,NA,42,186,42,25,23,6,39,20,NA,2,4.95731,1.48772,8.2971,4.28689,1.93546,1.379,0.207797,0.107363,0.10043361037969589,NA,0.257767,0.301266,0.708974,4.82181,143.8,3.423809523809524,148,3.5238095238095237,-0.0647237,-0.10628,0,999,3,AL,Kyle Keller,664918,18890,18890,NA
SEA,Mariners,3,3,0,50,0,4,NA,50,219,47,26,24,6,46,22,NA,4,4.34544,1.3823,8.33608,4.02331,2.07194,1.13672,0.211386,0.102023,0.10936295241117477,NA,0.242128,0.287871,0.714444,4.48165,204,4.08,202,4.04,-0.0655682,-0.148093,0,999,11,AL,Troy Taylor,700187,31883,31883,NA
NYY,Yankees,2,3,0,42,0,1,NA,42,185,42,25,23,6,33,16,NA,3,4.86876,1.39848,7.12086,3.50966,2.02893,1.33233,0.17972,0.0885785,0.09114128351211548,NA,0.255616,0.286235,0.683555,4.84818,140.8,3.3523809523809525,145,3.4523809523809526,-0.0658387,-0.154067,0,999,9,AL,Cade Winquest,685464,sa3020805,sa3020805,NA
STL,Cardinals,2,2,0,50,0,4,NA,50,217,47,26,24,7,47,20,NA,3,4.39268,1.35126,8.43989,3.63847,2.31962,1.19962,0.216216,0.0932116,0.12300437688827515,NA,0.245059,0.291307,0.706676,4.41098,202.7,4.053999999999999,200,4,-0.0750133,-0.0425572,0,999,28,NL,George Soriano,666277,21863,21863,-6.193107667287526
HOU,Astros,2,3,0,52,0,7,NA,52,227,48,29,26,8,53,24,NA,2,4.56851,1.39487,9.13607,4.1846,2.18326,1.46062,0.232671,0.10657,0.12610038369894028,NA,0.241426,0.287032,0.724555,4.74813,217.59999999999997,4.184615384615384,212,4.076923076923077,-0.0775355,-0.114706,0,999,21,AL,Roddery Muñoz,682610,25311,25311,NA
COL,Rockies,1,3,0,34,0,1,NA,34,157,35,22,20,5,32,20,NA,3,5.3966,1.6212,8.54434,5.40202,1.58169,1.34092,0.205399,0.12986,0.07553879916667938,NA,0.258607,0.306,0.689726,5.19559,98.10000000000002,2.8852941176470597,104,3.0588235294117645,-0.0791907,-0.0692025,0,999,19,NL,Luis Peralta,678821,24203,24203,NA
ATH,Athletics,4,4,0,60,3,11,NA,60,261,58,32,29,8,52,26,NA,3,4.36784,1.40703,7.75997,3.91349,1.98288,1.18028,0.198317,0.100015,0.09830234944820404,NA,0.251431,0.292715,0.718868,4.55866,270.8,4.513333333333334,272,4.533333333333333,-0.0869861,0.00103378,0,999,10,AL,Michael Kelly,547184,12791,12791,NA
NA,NA,2,3,0,41,0,0,NA,41,178,42,23,21,7,35,14,NA,1,4.61671,1.35931,7.75603,3.06402,2.53132,1.55195,0.198824,0.0785453,0.12027834355831146,NA,0.25719,0.289148,0.719521,4.77192,133.10000000000002,3.246341463414635,139,3.3902439024390243,-0.0870119,-0.172379,0,999,-1,NA,Chad Green,643338,15552,15552,NA
LAA,Angels,4,4,0,63,1,12,NA,63,276,55,33,31,9,70,33,NA,5,4.44979,1.39475,9.95953,4.69872,2.11962,1.27505,0.252261,0.119012,0.13324874639511108,NA,0.230741,0.288504,0.723354,4.57794,291.50000000000006,4.626984126984128,277,4.396825396825397,-0.0915637,0.00567442,0,999,1,AL,Ryan Zeferjahn,666171,25420,25420,NA
ARI,Diamondbacks,3,3,0,60,3,12,NA,60,261,58,30,28,7,55,27,NA,3,4.21138,1.41,8.25068,4.01129,2.05687,1.03037,0.210728,0.102451,0.10827701538801193,NA,0.250048,0.300795,0.723186,4.2717,290.09999999999997,4.834999999999999,292,4.866666666666666,-0.107733,0.198094,0,999,15,NL,Kade Strowd,669704,26191,26191,-5.469428251691148
MIA,Marlins,3,4,0,60,0,12,NA,60,263,60,31,28,7,47,24,NA,5,4.25302,1.40152,7.00438,3.54785,1.97426,1.01753,0.177312,0.0898117,0.08750013262033463,NA,0.257571,0.29616,0.714003,4.48361,256.9,4.281666666666666,264,4.4,-0.11329,0.0727923,0,999,20,NL,Cade Gibson,806188,31815,31815,-6.5227823190333
COL,Rockies,2,3,0,50,0,4,NA,50,219,53,31,28,8,40,20,NA,2,5.12906,1.46134,7.19608,3.63056,1.98208,1.47482,0.182894,0.0922738,0.09062060713768005,NA,0.268729,0.30069,0.690092,4.97093,163.8,3.2760000000000002,176,3.52,-0.11512,-0.0692097,0,999,19,NL,Zach Agnos,688642,31552,31552,-10.458506502605927
CHW,White Sox,2,3,0,46,0,4,NA,46,208,44,27,25,7,45,27,NA,3,4.95972,1.52901,8.71624,5.2281,1.66719,1.38201,0.21455,0.128689,0.08586032688617706,NA,0.245032,0.289212,0.714071,5.12839,155.90000000000006,3.38913043478261,155,3.369565217391304,-0.17225,-0.186116,0,999,4,AL,Wikelman González,682790,26641,26641,NA
TEX,Rangers,3,4,0,63,6,11,NA,63,277,60,35,32,8,54,30,NA,3,4.63798,1.42801,7.70651,4.33131,1.77926,1.14417,0.194952,0.10957,0.08538278937339783,NA,0.245248,0.284889,0.699169,4.67084,294.80000000000007,4.6793650793650805,294,4.666666666666667,-0.251916,-0.39382,0,999,13,AL,Cole Winn,668390,22113,22113,NA
SFG,Giants,3,3,0,64,6,12,NA,64,282,65,34,31,7,50,27,NA,3,4.40596,1.43456,7.01965,3.76866,1.86264,1.02491,0.177103,0.0950817,0.0820213034749031,NA,0.258094,0.296495,0.711052,4.46002,306.5,4.7890625,317,4.953125,-0.442554,-0.200697,0,999,30,NL,Joel Peguero,666711,21951,21951,-6.222341840932998
WSN,Nationals,2,3,0,64,16,8,NA,64,286,59,38,35,9,60,35,NA,7,4.94251,1.45749,8.49534,4.88361,1.73956,1.30082,0.211435,0.121545,0.08989016711711884,NA,0.240312,0.283363,0.693428,5.09839,315.5,4.9296875,309,4.828125,-0.45301,-0.526124,0,999,24,NL,Cole Henry,669371,27570,27570,-6.366189314821247
